#VRML V2.0 utf8

Shape {
  appearance Appearance {
    material Material {
      diffuseColor 1.0000 1.0000 0.5020
      specularColor 0.8784 0.8784 0.4431
      ambientIntensity 0.2
      transparency 0.0000
      shininess 0.5
    }
  }
  geometry IndexedFaceSet {
    ccw TRUE
    solid FALSE
    coord DEF co Coordinate {
      point [
        -0.493110 0.109213 -0.064228,
        -0.482284 0.109213 -0.064228,
        -0.482284 0.116214 -0.068473,
        -0.498307 0.109213 -0.064228,
        -0.482284 0.112205 -0.127143,
        -0.503937 0.112205 -0.127143,
        -0.482284 0.118813 -0.122221,
        -0.503937 0.118813 -0.122221,
        -0.482284 0.119074 -0.121905,
        -0.503937 0.119074 -0.121905,
        -0.482284 0.124358 -0.115516,
        -0.503937 0.124359 -0.115516,
        -0.482284 0.124513 -0.115192,
        -0.503937 0.124513 -0.115192,
        -0.482284 0.128103 -0.107662,
        -0.503937 0.128103 -0.107662,
        -0.482284 0.128164 -0.107360,
        -0.503937 0.128164 -0.107360,
        -0.482284 0.129820 -0.099131,
        -0.503937 0.129820 -0.099131,
        -0.482284 0.129808 -0.098875,
        -0.503937 0.129808 -0.098875,
        -0.482284 0.129407 -0.090440,
        -0.503937 0.129407 -0.090440,
        -0.482284 0.129347 -0.090244,
        -0.503937 0.129347 -0.090244,
        -0.482284 0.126888 -0.082111,
        -0.503937 0.126888 -0.082111,
        -0.482284 0.126809 -0.081980,
        -0.503937 0.126809 -0.081980,
        -0.482284 0.122415 -0.074648,
        -0.503937 0.122415 -0.074648,
        -0.482284 0.122342 -0.074575,
        -0.503937 0.122342 -0.074575,
        -0.482284 0.116257 -0.068499,
        -0.503937 0.116257 -0.068499,
        -0.503937 0.116214 -0.068473,
        -0.503937 0.109213 -0.064228,
        -0.498307 0.532520 -0.064228,
        -0.503937 0.532520 -0.064228,
        -0.503937 0.525519 -0.068473,
        -0.493110 0.532520 -0.064228,
        -0.482284 0.532520 -0.064228,
        -0.482284 0.525519 -0.068473,
        -0.482284 0.525475 -0.068500,
        -0.503937 0.525475 -0.068500,
        -0.482284 0.519391 -0.074576,
        -0.503937 0.519391 -0.074576,
        -0.482284 0.519318 -0.074648,
        -0.503937 0.519318 -0.074648,
        -0.482284 0.514924 -0.081980,
        -0.503937 0.514924 -0.081980,
        -0.482284 0.514845 -0.082112,
        -0.503937 0.514845 -0.082112,
        -0.482284 0.512385 -0.090244,
        -0.503937 0.512385 -0.090244,
        -0.482284 0.512326 -0.090440,
        -0.503937 0.512326 -0.090440,
        -0.482284 0.511924 -0.098876,
        -0.503937 0.511924 -0.098876,
        -0.482284 0.511912 -0.099132,
        -0.503937 0.511912 -0.099132,
        -0.482284 0.513569 -0.107360,
        -0.503937 0.513569 -0.107360,
        -0.482284 0.513630 -0.107662,
        -0.503937 0.513630 -0.107662,
        -0.482284 0.517219 -0.115192,
        -0.503937 0.517219 -0.115192,
        -0.482284 0.517374 -0.115517,
        -0.503937 0.517374 -0.115517,
        -0.482284 0.522658 -0.121905,
        -0.503937 0.522658 -0.121905,
        -0.482284 0.522920 -0.122221,
        -0.503937 0.522920 -0.122221,
        -0.482284 0.529528 -0.127143,
        -0.503937 0.529528 -0.127143,
        -0.472441 0.578741 -0.019685,
        -0.472441 0.578741 -0.020250,
        -0.472441 0.586612 -0.019685,
        -0.513780 0.578741 -0.020250,
        -0.555118 0.578741 -0.019685,
        -0.533622 0.578741 -0.020250,
        -0.555118 0.578741 -0.020250,
        -0.472441 0.062992 -0.019685,
        -0.472441 0.062992 -0.020250,
        -0.513780 0.062992 -0.020250,
        -0.555118 0.062992 -0.019685,
        -0.533622 0.062992 -0.020250,
        -0.555118 0.062992 -0.020250,
        -0.472441 0.055121 -0.019685,
      ]
    }
    coordIndex [
      0, 1, 2, -1,
      0, 2, 3, -1,
      4, 5, 6, -1,
      6, 5, 7, -1,
      6, 7, 8, -1,
      8, 7, 9, -1,
      8, 9, 10, -1,
      10, 9, 11, -1,
      10, 11, 12, -1,
      12, 11, 13, -1,
      12, 13, 14, -1,
      14, 13, 15, -1,
      14, 15, 16, -1,
      16, 15, 17, -1,
      16, 17, 18, -1,
      18, 17, 19, -1,
      18, 19, 20, -1,
      20, 19, 21, -1,
      20, 21, 22, -1,
      22, 21, 23, -1,
      22, 23, 24, -1,
      24, 23, 25, -1,
      24, 25, 26, -1,
      26, 25, 27, -1,
      26, 27, 28, -1,
      28, 27, 29, -1,
      28, 29, 30, -1,
      30, 29, 31, -1,
      30, 31, 32, -1,
      32, 31, 33, -1,
      32, 33, 34, -1,
      34, 33, 35, -1,
      34, 35, 2, -1,
      2, 35, 36, -1,
      2, 36, 3, -1,
      3, 36, 37, -1,
      38, 39, 40, -1,
      38, 40, 41, -1,
      42, 41, 43, -1,
      43, 41, 40, -1,
      43, 40, 44, -1,
      44, 40, 45, -1,
      44, 45, 46, -1,
      46, 45, 47, -1,
      46, 47, 48, -1,
      48, 47, 49, -1,
      48, 49, 50, -1,
      50, 49, 51, -1,
      50, 51, 52, -1,
      52, 51, 53, -1,
      52, 53, 54, -1,
      54, 53, 55, -1,
      54, 55, 56, -1,
      56, 55, 57, -1,
      56, 57, 58, -1,
      58, 57, 59, -1,
      58, 59, 60, -1,
      60, 59, 61, -1,
      60, 61, 62, -1,
      62, 61, 63, -1,
      62, 63, 64, -1,
      64, 63, 65, -1,
      64, 65, 66, -1,
      66, 65, 67, -1,
      66, 67, 68, -1,
      68, 67, 69, -1,
      68, 69, 70, -1,
      70, 69, 71, -1,
      70, 71, 72, -1,
      72, 71, 73, -1,
      72, 73, 74, -1,
      74, 73, 75, -1,
      76, 77, 78, -1,
      77, 76, 79, -1,
      79, 76, 80, -1,
      79, 80, 81, -1,
      81, 80, 82, -1,
      83, 84, 85, -1,
      83, 85, 86, -1,
      86, 85, 87, -1,
      86, 87, 88, -1,
      84, 83, 89, -1,
    ]
  }
}

Shape {
  appearance Appearance {
    material Material {
      diffuseColor 0.2510 0.2510 0.2510
      specularColor 0.1255 0.1255 0.1255
      ambientIntensity 0.2
      transparency 0.0000
      shininess 0.5
    }
  }
  geometry IndexedFaceSet {
    ccw TRUE
    solid FALSE
    coord DEF co Coordinate {
      point [
        -0.555118 0.578741 -0.019685,
        -0.555118 0.578741 -0.020250,
        -0.640911 0.150401 -0.023351,
        -0.643364 0.150448 -0.022804,
        -0.580219 0.092255 -0.024306,
        -0.572835 0.110236 -0.055118,
        -0.602014 0.139416 -0.055118,
        -0.572965 0.109916 -0.050375,
        -0.606154 0.142354 -0.049198,
        -0.573091 0.109609 -0.049177,
        -0.608987 0.144364 -0.045148,
        -0.613236 0.145901 -0.040883,
        -0.573802 0.107890 -0.042446,
        -0.574150 0.107054 -0.040816,
        -0.607786 0.143512 -0.046865,
        -0.620253 0.147988 -0.034595,
        -0.621933 0.148286 -0.033427,
        -0.575265 0.104378 -0.035598,
        -0.576048 0.102474 -0.033390,
        -0.617812 0.147555 -0.036291,
        -0.632073 0.149723 -0.027281,
        -0.578577 0.096298 -0.027204,
        -0.577681 0.098504 -0.028786,
        -0.628476 0.149447 -0.028881,
        -0.635384 0.149977 -0.025809,
        -0.652159 0.150614 -0.020843,
        -0.583733 0.083824 -0.020860,
        -0.581692 0.088722 -0.022862,
        -0.655253 0.150673 -0.020154,
        -0.655404 0.150673 -0.020145,
        -0.585171 0.080390 -0.020413,
        -0.663386 0.150678 -0.019685,
        -0.587511 0.074804 -0.019685,
        -0.602014 0.502317 -0.055118,
        -0.572835 0.531496 -0.055118,
        -0.606168 0.499403 -0.049195,
        -0.572970 0.531815 -0.050372,
        -0.573093 0.532111 -0.049212,
        -0.573096 0.532120 -0.049178,
        -0.607579 0.498413 -0.047183,
        -0.573811 0.533841 -0.042444,
        -0.609172 0.497296 -0.044912,
        -0.613248 0.495861 -0.040885,
        -0.574139 0.534636 -0.040894,
        -0.574156 0.534677 -0.040816,
        -0.618401 0.494047 -0.035794,
        -0.575259 0.537357 -0.035600,
        -0.619994 0.493776 -0.034714,
        -0.621915 0.493450 -0.033411,
        -0.576013 0.539166 -0.033497,
        -0.576052 0.539257 -0.033391,
        -0.629188 0.492216 -0.028483,
        -0.577704 0.543218 -0.028787,
        -0.632043 0.492024 -0.027230,
        -0.578565 0.545256 -0.027318,
        -0.578630 0.545412 -0.027205,
        -0.635208 0.491812 -0.025841,
        -0.580328 0.549433 -0.024306,
        -0.640870 0.491432 -0.023357,
        -0.643366 0.491374 -0.022802,
        -0.581692 0.552745 -0.022955,
        -0.581785 0.552972 -0.022862,
        -0.652091 0.491169 -0.020862,
        -0.655309 0.491094 -0.020147,
        -0.655404 0.491093 -0.020141,
        -0.583805 0.557878 -0.020860,
        -0.585095 0.561029 -0.020451,
        -0.585217 0.561324 -0.020413,
        -0.587511 0.566929 -0.019685,
        -0.663386 0.491055 -0.019685,
        -0.555118 0.531496 -0.055117,
        -0.555118 0.531997 -0.049183,
        -0.555118 0.534506 -0.040827,
        -0.555118 0.538980 -0.033338,
        -0.555118 0.545149 -0.027169,
        -0.555118 0.552638 -0.022694,
        -0.555118 0.560994 -0.020185,
        -0.555118 0.566929 -0.019685,
        -0.555118 0.531496 -0.074803,
        -0.555118 0.532540 -0.066069,
        -0.555118 0.577366 -0.020619,
        -0.555118 0.533049 -0.061813,
        -0.555118 0.536322 -0.053034,
        -0.555118 0.537619 -0.049555,
        -0.555118 0.543190 -0.041320,
        -0.555118 0.544949 -0.038720,
        -0.555118 0.552728 -0.031644,
        -0.555118 0.554626 -0.029917,
        -0.555118 0.564356 -0.024599,
        -0.555118 0.566106 -0.023643,
      ]
    }
    coordIndex [
      2, 3, 4, -1,
      5, 6, 7, -1,
      7, 6, 8, -1,
      7, 8, 9, -1,
      10, 11, 12, -1,
      12, 11, 13, -1,
      9, 8, 12, -1,
      12, 8, 14, -1,
      12, 14, 10, -1,
      15, 16, 17, -1,
      17, 16, 18, -1,
      13, 11, 17, -1,
      17, 11, 19, -1,
      17, 19, 15, -1,
      20, 21, 22, -1,
      18, 16, 22, -1,
      22, 16, 23, -1,
      22, 23, 20, -1,
      21, 20, 4, -1,
      4, 20, 24, -1,
      4, 24, 2, -1,
      25, 26, 3, -1,
      3, 26, 27, -1,
      3, 27, 4, -1,
      25, 28, 26, -1,
      26, 28, 29, -1,
      26, 29, 30, -1,
      30, 29, 31, -1,
      30, 31, 32, -1,
      33, 34, 35, -1,
      35, 34, 36, -1,
      36, 37, 35, -1,
      35, 37, 38, -1,
      35, 38, 39, -1,
      39, 38, 40, -1,
      39, 40, 41, -1,
      41, 40, 42, -1,
      40, 43, 42, -1,
      42, 43, 44, -1,
      42, 44, 45, -1,
      45, 44, 46, -1,
      45, 46, 47, -1,
      47, 46, 48, -1,
      46, 49, 48, -1,
      48, 49, 50, -1,
      48, 50, 51, -1,
      51, 50, 52, -1,
      51, 52, 53, -1,
      52, 54, 53, -1,
      53, 54, 55, -1,
      53, 55, 56, -1,
      56, 55, 57, -1,
      56, 57, 58, -1,
      58, 57, 59, -1,
      57, 60, 59, -1,
      59, 60, 61, -1,
      59, 61, 62, -1,
      62, 61, 63, -1,
      63, 61, 64, -1,
      64, 61, 65, -1,
      64, 65, 66, -1,
      66, 67, 64, -1,
      64, 67, 68, -1,
      64, 68, 69, -1,
      34, 70, 36, -1,
      36, 70, 71, -1,
      43, 40, 72, -1,
      72, 40, 38, -1,
      72, 38, 71, -1,
      71, 38, 37, -1,
      71, 37, 36, -1,
      43, 72, 44, -1,
      44, 72, 73, -1,
      44, 73, 46, -1,
      54, 52, 74, -1,
      74, 52, 50, -1,
      74, 50, 73, -1,
      73, 50, 49, -1,
      73, 49, 46, -1,
      54, 74, 55, -1,
      55, 74, 75, -1,
      55, 75, 57, -1,
      66, 65, 76, -1,
      76, 65, 61, -1,
      76, 61, 75, -1,
      75, 61, 60, -1,
      75, 60, 57, -1,
      66, 76, 67, -1,
      67, 76, 77, -1,
      67, 77, 68, -1,
      70, 78, 79, -1,
      1, 0, 80, -1,
      80, 0, 77, -1,
      79, 81, 70, -1,
      70, 81, 82, -1,
      70, 82, 71, -1,
      71, 82, 83, -1,
      71, 83, 72, -1,
      72, 83, 84, -1,
      72, 84, 73, -1,
      73, 84, 85, -1,
      73, 85, 74, -1,
      74, 85, 86, -1,
      74, 86, 75, -1,
      75, 86, 87, -1,
      75, 87, 76, -1,
      76, 87, 88, -1,
      76, 88, 77, -1,
      77, 88, 89, -1,
      77, 89, 80, -1,
    ]
  }
}

Shape {
  appearance Appearance {
    material Material {
      diffuseColor 1.0000 1.0000 0.5020
      specularColor 0.8784 0.8784 0.4431
      ambientIntensity 0.2
      transparency 0.0000
      shininess 0.5
    }
  }
  geometry IndexedFaceSet {
    ccw TRUE
    solid FALSE
    coord DEF co Coordinate {
      point [
        -0.503937 0.532520 -0.064228,
        -0.503937 0.525519 -0.068473,
        -0.503937 0.519391 -0.074576,
        -0.503937 0.514924 -0.081980,
        -0.503937 0.512385 -0.090244,
        -0.503937 0.511924 -0.098876,
        -0.503937 0.513569 -0.107360,
        -0.503937 0.517219 -0.115192,
        -0.503937 0.522658 -0.121905,
        -0.503937 0.529528 -0.127143,
        -0.523622 0.531496 -0.076285,
        -0.523622 0.531496 -0.116628,
        -0.523622 0.529677 -0.115065,
        -0.523622 0.527075 -0.080706,
        -0.523622 0.525671 -0.110222,
        -0.523622 0.522967 -0.104549,
        -0.523622 0.521727 -0.098389,
        -0.523622 0.522025 -0.092111,
        -0.523622 0.523845 -0.086096,
        -0.520581 0.531496 -0.118525,
        -0.503937 0.522920 -0.122222,
        -0.517753 0.531496 -0.120241,
        -0.511811 0.531496 -0.123733,
        -0.523536 0.531496 -0.076231,
        -0.506916 0.532256 -0.066037,
        -0.503937 0.525475 -0.068500,
        -0.512598 0.531753 -0.069486,
        -0.516755 0.531566 -0.072031,
        -0.521254 0.531496 -0.074803,
        -0.521871 0.531496 -0.075186,
        -0.522440 0.531496 -0.075541,
        -0.503937 0.517374 -0.115517,
        -0.503937 0.513630 -0.107662,
        -0.503937 0.511912 -0.099132,
        -0.503937 0.512326 -0.090440,
        -0.503937 0.514845 -0.082111,
        -0.503937 0.519318 -0.074648,
      ]
    }
    coordIndex [
      10, 11, 12, -1,
      10, 12, 13, -1,
      13, 12, 14, -1,
      13, 14, 15, -1,
      16, 17, 15, -1,
      15, 17, 18, -1,
      15, 18, 13, -1,
      11, 19, 20, -1,
      19, 21, 20, -1,
      20, 21, 22, -1,
      20, 22, 9, -1,
      23, 10, 13, -1,
      1, 0, 24, -1,
      1, 24, 25, -1,
      24, 26, 25, -1,
      25, 26, 27, -1,
      25, 27, 28, -1,
      28, 29, 25, -1,
      25, 29, 30, -1,
      25, 30, 23, -1,
      11, 20, 12, -1,
      12, 20, 8, -1,
      12, 8, 14, -1,
      8, 31, 14, -1,
      14, 31, 7, -1,
      14, 7, 15, -1,
      7, 32, 15, -1,
      15, 32, 6, -1,
      15, 6, 16, -1,
      6, 33, 16, -1,
      16, 33, 5, -1,
      16, 5, 17, -1,
      5, 34, 17, -1,
      17, 34, 4, -1,
      17, 4, 18, -1,
      4, 35, 18, -1,
      18, 35, 3, -1,
      18, 3, 13, -1,
      13, 3, 36, -1,
      13, 36, 23, -1,
      23, 36, 2, -1,
      23, 2, 25, -1,
    ]
  }
}

Shape {
  appearance Appearance {
    material Material {
      diffuseColor 0.2510 0.2510 0.2510
      specularColor 0.1255 0.1255 0.1255
      ambientIntensity 0.2
      transparency 0.0000
      shininess 0.5
    }
  }
  geometry IndexedFaceSet {
    ccw TRUE
    solid FALSE
    coord DEF co Coordinate {
      point [
        -0.503937 0.529528 -0.127143,
        -0.511811 0.531496 -0.123733,
        -0.523622 0.531496 -0.123733,
        -0.523622 0.529528 -0.127143,
        -0.523622 0.531496 -0.128279,
      ]
    }
    coordIndex [
      1, 2, 0, -1,
      0, 2, 3, -1,
      4, 3, 2, -1,
    ]
  }
}

Shape {
  appearance Appearance {
    material Material {
      diffuseColor 1.0000 1.0000 0.5020
      specularColor 0.8784 0.8784 0.4431
      ambientIntensity 0.2
      transparency 0.0000
      shininess 0.5
    }
  }
  geometry IndexedFaceSet {
    ccw TRUE
    solid FALSE
    coord DEF co Coordinate {
      point [
        -0.482284 0.529528 -0.127143,
        -0.503937 0.529528 -0.127143,
        -0.523622 0.529528 -0.127143,
        -0.523622 0.531496 -0.128279,
        -0.472441 0.529528 -0.127143,
        -0.472441 0.531496 -0.128279,
      ]
    }
    coordIndex [
      4, 0, 5, -1,
      5, 0, 1, -1,
      5, 1, 3, -1,
      3, 1, 2, -1,
    ]
  }
}

Shape {
  appearance Appearance {
    material Material {
      diffuseColor 0.2510 0.2510 0.2510
      specularColor 0.1255 0.1255 0.1255
      ambientIntensity 0.2
      transparency 0.0000
      shininess 0.5
    }
  }
  geometry IndexedFaceSet {
    ccw TRUE
    solid FALSE
    coord DEF co Coordinate {
      point [
        -0.482284 0.529528 -0.127143,
        -0.472441 0.529528 -0.127143,
        -0.472441 0.531496 -0.128279,
        -0.472441 0.531496 -0.123733,
        -0.478347 0.531496 -0.123733,
      ]
    }
    coordIndex [
      1, 2, 3, -1,
      1, 3, 0, -1,
      0, 3, 4, -1,
    ]
  }
}

Shape {
  appearance Appearance {
    material Material {
      diffuseColor 1.0000 1.0000 0.5020
      specularColor 0.8784 0.8784 0.4431
      ambientIntensity 0.2
      transparency 0.0000
      shininess 0.5
    }
  }
  geometry IndexedFaceSet {
    ccw TRUE
    solid FALSE
    coord DEF co Coordinate {
      point [
        -0.482284 0.109213 -0.064228,
        -0.482284 0.116214 -0.068473,
        -0.482284 0.112205 -0.127143,
        -0.482284 0.118813 -0.122221,
        -0.482284 0.119074 -0.121905,
        -0.482284 0.124513 -0.115192,
        -0.482284 0.128103 -0.107662,
        -0.482284 0.128164 -0.107360,
        -0.482284 0.129820 -0.099131,
        -0.482284 0.129808 -0.098875,
        -0.482284 0.129407 -0.090440,
        -0.482284 0.129347 -0.090244,
        -0.482284 0.126888 -0.082111,
        -0.482284 0.126809 -0.081980,
        -0.482284 0.122342 -0.074575,
        -0.482284 0.116257 -0.068499,
        -0.482284 0.532520 -0.064228,
        -0.482284 0.525519 -0.068473,
        -0.482284 0.525475 -0.068500,
        -0.482284 0.519391 -0.074576,
        -0.482284 0.519318 -0.074648,
        -0.482284 0.514924 -0.081980,
        -0.482284 0.514845 -0.082112,
        -0.482284 0.512385 -0.090244,
        -0.482284 0.512326 -0.090440,
        -0.482284 0.511924 -0.098876,
        -0.482284 0.511912 -0.099132,
        -0.482284 0.513569 -0.107360,
        -0.482284 0.513630 -0.107662,
        -0.482284 0.517219 -0.115192,
        -0.482284 0.517374 -0.115517,
        -0.482284 0.522658 -0.121905,
        -0.482284 0.522920 -0.122221,
        -0.482284 0.529528 -0.127143,
        -0.478347 0.531496 -0.123733,
        -0.472441 0.531496 -0.116628,
        -0.472441 0.531496 -0.076285,
        -0.472441 0.529677 -0.115065,
        -0.472441 0.527075 -0.080706,
        -0.472441 0.522025 -0.092111,
        -0.472441 0.521727 -0.098389,
        -0.472441 0.522967 -0.104549,
        -0.472441 0.523845 -0.086096,
        -0.472441 0.525671 -0.110222,
        -0.480795 0.532215 -0.066031,
        -0.472747 0.531496 -0.075898,
        -0.473031 0.531496 -0.075543,
        -0.473625 0.531496 -0.074803,
        -0.477952 0.531753 -0.069488,
        -0.480032 0.532058 -0.066955,
        -0.472483 0.531496 -0.076232,
        -0.475354 0.531496 -0.120214,
        -0.476782 0.531496 -0.121910,
        -0.472441 0.117888 -0.086096,
        -0.472441 0.114657 -0.080706,
        -0.472441 0.112056 -0.115064,
        -0.472441 0.110236 -0.076285,
        -0.472441 0.110236 -0.116628,
        -0.472441 0.118765 -0.104549,
        -0.472441 0.120006 -0.098389,
        -0.472441 0.119707 -0.092111,
        -0.472441 0.116061 -0.110222,
        -0.478347 0.110236 -0.123733,
        -0.476782 0.110236 -0.121910,
        -0.475354 0.110236 -0.120214,
        -0.472483 0.110236 -0.076232,
        -0.480795 0.109518 -0.066030,
        -0.480032 0.109675 -0.066954,
        -0.477952 0.109980 -0.069488,
        -0.473625 0.110237 -0.074803,
        -0.473031 0.110236 -0.075542,
        -0.472747 0.110236 -0.075898,
        -0.482284 0.124359 -0.115516,
        -0.482284 0.122415 -0.074648,
      ]
    }
    coordIndex [
      35, 36, 37, -1,
      37, 36, 38, -1,
      39, 40, 41, -1,
      38, 42, 37, -1,
      37, 42, 39, -1,
      37, 39, 43, -1,
      43, 39, 41, -1,
      44, 16, 17, -1,
      18, 45, 46, -1,
      46, 47, 18, -1,
      18, 47, 48, -1,
      18, 48, 17, -1,
      17, 48, 49, -1,
      17, 49, 44, -1,
      38, 36, 50, -1,
      32, 33, 34, -1,
      35, 37, 51, -1,
      51, 37, 32, -1,
      51, 32, 52, -1,
      52, 32, 34, -1,
      45, 18, 50, -1,
      50, 18, 19, -1,
      50, 19, 38, -1,
      38, 19, 20, -1,
      38, 20, 42, -1,
      20, 21, 42, -1,
      42, 21, 22, -1,
      42, 22, 39, -1,
      22, 23, 39, -1,
      39, 23, 24, -1,
      39, 24, 40, -1,
      24, 25, 40, -1,
      40, 25, 26, -1,
      40, 26, 41, -1,
      26, 27, 41, -1,
      41, 27, 28, -1,
      41, 28, 43, -1,
      28, 29, 43, -1,
      43, 29, 30, -1,
      43, 30, 37, -1,
      37, 30, 31, -1,
      37, 31, 32, -1,
      53, 54, 55, -1,
      55, 54, 56, -1,
      55, 56, 57, -1,
      58, 59, 60, -1,
      53, 55, 60, -1,
      60, 55, 61, -1,
      60, 61, 58, -1,
      62, 2, 63, -1,
      63, 2, 3, -1,
      63, 3, 64, -1,
      64, 3, 57, -1,
      56, 54, 65, -1,
      65, 54, 14, -1,
      65, 14, 15, -1,
      0, 66, 1, -1,
      1, 66, 67, -1,
      1, 67, 15, -1,
      15, 67, 68, -1,
      15, 68, 69, -1,
      69, 70, 15, -1,
      15, 70, 71, -1,
      15, 71, 65, -1,
      57, 3, 55, -1,
      55, 3, 4, -1,
      55, 4, 61, -1,
      4, 72, 61, -1,
      61, 72, 5, -1,
      61, 5, 58, -1,
      5, 6, 58, -1,
      58, 6, 7, -1,
      58, 7, 59, -1,
      7, 8, 59, -1,
      59, 8, 9, -1,
      59, 9, 60, -1,
      9, 10, 60, -1,
      60, 10, 11, -1,
      60, 11, 53, -1,
      11, 12, 53, -1,
      53, 12, 13, -1,
      53, 13, 54, -1,
      54, 13, 73, -1,
      54, 73, 14, -1,
    ]
  }
}

Shape {
  appearance Appearance {
    material Material {
      diffuseColor 0.2510 0.2510 0.2510
      specularColor 0.1255 0.1255 0.1255
      ambientIntensity 0.2
      transparency 0.0000
      shininess 0.5
    }
  }
  geometry IndexedFaceSet {
    ccw TRUE
    solid FALSE
    coord DEF co Coordinate {
      point [
        -0.482284 0.112205 -0.127143,
        -0.478347 0.110236 -0.123733,
        -0.472441 0.112205 -0.127143,
        -0.472441 0.110236 -0.123733,
        -0.472441 0.110236 -0.128279,
      ]
    }
    coordIndex [
      2, 0, 3, -1,
      3, 0, 1, -1,
      4, 2, 3, -1,
    ]
  }
}

Shape {
  appearance Appearance {
    material Material {
      diffuseColor 1.0000 1.0000 0.5020
      specularColor 0.8784 0.8784 0.4431
      ambientIntensity 0.2
      transparency 0.0000
      shininess 0.5
    }
  }
  geometry IndexedFaceSet {
    ccw TRUE
    solid FALSE
    coord DEF co Coordinate {
      point [
        -0.482284 0.112205 -0.127143,
        -0.503937 0.112205 -0.127143,
        -0.472441 0.112205 -0.127143,
        -0.472441 0.110236 -0.128279,
        -0.523622 0.110236 -0.128279,
        -0.523622 0.112205 -0.127143,
      ]
    }
    coordIndex [
      0, 2, 3, -1,
      0, 3, 1, -1,
      1, 3, 4, -1,
      1, 4, 5, -1,
    ]
  }
}

Shape {
  appearance Appearance {
    material Material {
      diffuseColor 0.2510 0.2510 0.2510
      specularColor 0.1255 0.1255 0.1255
      ambientIntensity 0.2
      transparency 0.0000
      shininess 0.5
    }
  }
  geometry IndexedFaceSet {
    ccw TRUE
    solid FALSE
    coord DEF co Coordinate {
      point [
        -0.503937 0.112205 -0.127143,
        -0.523622 0.110236 -0.128279,
        -0.523622 0.112205 -0.127143,
        -0.523622 0.110236 -0.123733,
        -0.511811 0.110236 -0.123733,
      ]
    }
    coordIndex [
      2, 1, 3, -1,
      4, 0, 3, -1,
      3, 0, 2, -1,
    ]
  }
}

Shape {
  appearance Appearance {
    material Material {
      diffuseColor 1.0000 1.0000 0.5020
      specularColor 0.8784 0.8784 0.4431
      ambientIntensity 0.2
      transparency 0.0000
      shininess 0.5
    }
  }
  geometry IndexedFaceSet {
    ccw TRUE
    solid FALSE
    coord DEF co Coordinate {
      point [
        -0.503937 0.112205 -0.127143,
        -0.503937 0.119074 -0.121905,
        -0.503937 0.124513 -0.115192,
        -0.503937 0.128164 -0.107360,
        -0.503937 0.129808 -0.098875,
        -0.503937 0.129347 -0.090244,
        -0.503937 0.126809 -0.081980,
        -0.503937 0.122342 -0.074575,
        -0.503937 0.116214 -0.068473,
        -0.503937 0.109213 -0.064228,
        -0.511811 0.110236 -0.123733,
        -0.523622 0.110236 -0.116628,
        -0.523622 0.110236 -0.076285,
        -0.523622 0.112056 -0.115064,
        -0.523622 0.114657 -0.080706,
        -0.523622 0.119707 -0.092111,
        -0.523622 0.120006 -0.098389,
        -0.523622 0.118766 -0.104549,
        -0.523622 0.117888 -0.086096,
        -0.523622 0.116061 -0.110222,
        -0.521871 0.110236 -0.075185,
        -0.521254 0.110237 -0.074803,
        -0.503937 0.116258 -0.068499,
        -0.522440 0.110236 -0.075541,
        -0.516755 0.110167 -0.072031,
        -0.512598 0.109980 -0.069486,
        -0.506916 0.109476 -0.066036,
        -0.523536 0.110236 -0.076231,
        -0.503937 0.118813 -0.122221,
        -0.520581 0.110236 -0.118524,
        -0.517753 0.110236 -0.120241,
        -0.503937 0.122415 -0.074648,
        -0.503937 0.126888 -0.082111,
        -0.503937 0.129407 -0.090440,
        -0.503937 0.129820 -0.099131,
        -0.503937 0.128103 -0.107662,
        -0.503937 0.124359 -0.115516,
      ]
    }
    coordIndex [
      11, 12, 13, -1,
      13, 12, 14, -1,
      15, 16, 17, -1,
      14, 18, 13, -1,
      13, 18, 15, -1,
      13, 15, 19, -1,
      19, 15, 17, -1,
      20, 21, 22, -1,
      20, 22, 23, -1,
      21, 24, 22, -1,
      22, 24, 25, -1,
      22, 25, 8, -1,
      8, 25, 26, -1,
      8, 26, 9, -1,
      14, 12, 27, -1,
      28, 0, 10, -1,
      11, 13, 29, -1,
      29, 13, 28, -1,
      29, 28, 30, -1,
      30, 28, 10, -1,
      23, 22, 27, -1,
      27, 22, 7, -1,
      27, 7, 14, -1,
      14, 7, 31, -1,
      14, 31, 18, -1,
      31, 6, 18, -1,
      18, 6, 32, -1,
      18, 32, 15, -1,
      32, 5, 15, -1,
      15, 5, 33, -1,
      15, 33, 16, -1,
      33, 4, 16, -1,
      16, 4, 34, -1,
      16, 34, 17, -1,
      34, 3, 17, -1,
      17, 3, 35, -1,
      17, 35, 19, -1,
      35, 2, 19, -1,
      19, 2, 36, -1,
      19, 36, 13, -1,
      13, 36, 1, -1,
      13, 1, 28, -1,
    ]
  }
}

Shape {
  appearance Appearance {
    material Material {
      diffuseColor 0.2510 0.2510 0.2510
      specularColor 0.1255 0.1255 0.1255
      ambientIntensity 0.2
      transparency 0.0000
      shininess 0.5
    }
  }
  geometry IndexedFaceSet {
    ccw TRUE
    solid FALSE
    coord DEF co Coordinate {
      point [
        -0.493110 0.109213 -0.064228,
        -0.482284 0.109213 -0.064228,
        -0.498307 0.109213 -0.064228,
        -0.503937 0.109213 -0.064228,
        -0.498307 0.532520 -0.064228,
        -0.503937 0.532520 -0.064228,
        -0.493110 0.532520 -0.064228,
        -0.482284 0.532520 -0.064228,
        -0.472441 0.578741 -0.020250,
        -0.472441 0.586612 -0.019685,
        -0.513780 0.578741 -0.020250,
        -0.533622 0.578741 -0.020250,
        -0.555118 0.578741 -0.020250,
        -0.472441 0.062992 -0.020250,
        -0.513780 0.062992 -0.020250,
        -0.555118 0.062992 -0.019685,
        -0.533622 0.062992 -0.020250,
        -0.555118 0.062992 -0.020250,
        -0.472441 0.055121 -0.019685,
        -0.580219 0.092255 -0.024306,
        -0.572835 0.110236 -0.055118,
        -0.572965 0.109916 -0.050375,
        -0.573091 0.109609 -0.049177,
        -0.573802 0.107890 -0.042446,
        -0.575265 0.104378 -0.035598,
        -0.577681 0.098504 -0.028786,
        -0.583733 0.083824 -0.020860,
        -0.587511 0.074804 -0.019685,
        -0.555118 0.531496 -0.074803,
        -0.555118 0.532540 -0.066069,
        -0.555118 0.577366 -0.020619,
        -0.555118 0.533049 -0.061813,
        -0.555118 0.536322 -0.053034,
        -0.555118 0.537619 -0.049555,
        -0.555118 0.543190 -0.041320,
        -0.555118 0.544949 -0.038720,
        -0.555118 0.552728 -0.031644,
        -0.555118 0.554626 -0.029917,
        -0.555118 0.564356 -0.024599,
        -0.555118 0.566106 -0.023643,
        -0.506916 0.532256 -0.066037,
        -0.512598 0.531753 -0.069486,
        -0.516755 0.531566 -0.072031,
        -0.521254 0.531496 -0.074803,
        -0.480795 0.532215 -0.066031,
        -0.473625 0.531496 -0.074803,
        -0.477952 0.531753 -0.069488,
        -0.480032 0.532058 -0.066955,
        -0.480795 0.109518 -0.066030,
        -0.480032 0.109675 -0.066954,
        -0.477952 0.109980 -0.069488,
        -0.473625 0.110237 -0.074803,
        -0.521254 0.110237 -0.074803,
        -0.516755 0.110167 -0.072031,
        -0.512598 0.109980 -0.069486,
        -0.506916 0.109476 -0.066036,
        -0.555118 0.109193 -0.066069,
        -0.555118 0.110237 -0.074803,
        -0.555118 0.110236 -0.055117,
        -0.555118 0.102666 -0.033227,
        -0.555118 0.098543 -0.041320,
        -0.555118 0.107191 -0.040746,
        -0.555118 0.104114 -0.049555,
        -0.555118 0.109730 -0.049147,
        -0.555118 0.105411 -0.053033,
        -0.555118 0.108684 -0.061813,
        -0.555118 0.074804 -0.019685,
        -0.555118 0.064367 -0.020619,
        -0.555118 0.075627 -0.023642,
        -0.555118 0.080444 -0.020137,
        -0.555118 0.077377 -0.024599,
        -0.555118 0.088869 -0.022596,
        -0.555118 0.087106 -0.029917,
        -0.555118 0.096431 -0.027050,
        -0.555118 0.089005 -0.031644,
        -0.555118 0.096784 -0.038719,
        -0.585172 0.080389 -0.020413,
        -0.578577 0.096298 -0.027205,
        -0.581692 0.088721 -0.022861,
        -0.574150 0.107053 -0.040816,
        -0.576048 0.102474 -0.033391,
        -0.346457 0.055119 -0.019685,
        -0.346457 0.063948 -0.020396,
        -0.346457 0.064390 -0.020526,
        -0.346457 0.110237 -0.074803,
        -0.346457 0.109529 -0.066028,
        -0.346457 0.105692 -0.052928,
        -0.346457 0.109525 -0.065974,
        -0.346457 0.077124 -0.024268,
        -0.346457 0.077450 -0.024461,
        -0.346457 0.088934 -0.031277,
        -0.346457 0.089145 -0.031487,
        -0.346457 0.098645 -0.040988,
        -0.346457 0.098756 -0.041174,
        -0.346457 0.105654 -0.052798,
        -0.346457 0.577787 -0.020434,
        -0.346457 0.586614 -0.019685,
        -0.346457 0.577327 -0.020473,
        -0.346457 0.531496 -0.074803,
        -0.346457 0.532199 -0.066028,
        -0.346457 0.532214 -0.065976,
        -0.346457 0.536025 -0.052923,
        -0.346457 0.536094 -0.052807,
        -0.346457 0.542954 -0.041161,
        -0.346457 0.543107 -0.041007,
        -0.346457 0.552562 -0.031462,
        -0.346457 0.552817 -0.031308,
        -0.346457 0.564259 -0.024422,
        -0.346457 0.564621 -0.024313,
      ]
    }
    coordIndex [
      56, 57, 58, -1,
      59, 60, 61, -1,
      61, 60, 62, -1,
      61, 62, 63, -1,
      63, 62, 64, -1,
      63, 64, 58, -1,
      58, 64, 65, -1,
      58, 65, 56, -1,
      66, 15, 17, -1,
      17, 67, 66, -1,
      66, 67, 68, -1,
      66, 68, 69, -1,
      69, 68, 70, -1,
      69, 70, 71, -1,
      71, 70, 72, -1,
      71, 72, 73, -1,
      73, 72, 74, -1,
      73, 74, 59, -1,
      59, 74, 75, -1,
      59, 75, 60, -1,
      69, 76, 66, -1,
      66, 76, 27, -1,
      71, 73, 77, -1,
      77, 19, 71, -1,
      71, 19, 78, -1,
      71, 78, 69, -1,
      69, 78, 26, -1,
      69, 26, 76, -1,
      59, 61, 79, -1,
      79, 24, 59, -1,
      59, 24, 80, -1,
      59, 80, 73, -1,
      73, 80, 25, -1,
      73, 25, 77, -1,
      63, 58, 20, -1,
      20, 21, 63, -1,
      63, 21, 22, -1,
      63, 22, 61, -1,
      61, 22, 23, -1,
      61, 23, 79, -1,
      17, 16, 67, -1,
      67, 16, 14, -1,
      18, 81, 13, -1,
      13, 81, 82, -1,
      13, 82, 83, -1,
      52, 57, 53, -1,
      53, 57, 56, -1,
      53, 56, 54, -1,
      54, 56, 55, -1,
      1, 0, 64, -1,
      64, 0, 2, -1,
      64, 2, 3, -1,
      55, 56, 3, -1,
      3, 56, 65, -1,
      3, 65, 64, -1,
      84, 51, 85, -1,
      85, 51, 50, -1,
      86, 87, 48, -1,
      48, 87, 85, -1,
      48, 85, 49, -1,
      49, 85, 50, -1,
      14, 13, 67, -1,
      67, 13, 83, -1,
      67, 83, 68, -1,
      68, 83, 88, -1,
      68, 88, 70, -1,
      70, 88, 89, -1,
      70, 89, 72, -1,
      72, 89, 90, -1,
      72, 90, 74, -1,
      74, 90, 91, -1,
      74, 91, 75, -1,
      75, 91, 92, -1,
      75, 92, 60, -1,
      60, 92, 93, -1,
      60, 93, 62, -1,
      62, 93, 94, -1,
      62, 94, 64, -1,
      64, 94, 86, -1,
      64, 86, 1, -1,
      1, 86, 48, -1,
      41, 40, 29, -1,
      95, 96, 9, -1,
      95, 9, 97, -1,
      8, 10, 30, -1,
      30, 10, 11, -1,
      30, 11, 12, -1,
      45, 98, 46, -1,
      46, 98, 99, -1,
      46, 99, 47, -1,
      47, 99, 44, -1,
      29, 40, 31, -1,
      31, 40, 5, -1,
      31, 5, 32, -1,
      32, 5, 4, -1,
      32, 4, 6, -1,
      44, 99, 7, -1,
      7, 99, 100, -1,
      7, 100, 101, -1,
      28, 43, 29, -1,
      29, 43, 42, -1,
      29, 42, 41, -1,
      6, 7, 32, -1,
      32, 7, 101, -1,
      32, 101, 33, -1,
      33, 101, 102, -1,
      33, 102, 34, -1,
      34, 102, 103, -1,
      34, 103, 35, -1,
      35, 103, 104, -1,
      35, 104, 36, -1,
      36, 104, 105, -1,
      36, 105, 37, -1,
      37, 105, 106, -1,
      37, 106, 38, -1,
      38, 106, 107, -1,
      38, 107, 39, -1,
      39, 107, 108, -1,
      39, 108, 30, -1,
      30, 108, 97, -1,
      30, 97, 8, -1,
      8, 97, 9, -1,
    ]
  }
}

Shape {
  appearance Appearance {
    material Material {
      diffuseColor 1.0000 1.0000 0.5020
      specularColor 0.8784 0.8784 0.4431
      ambientIntensity 0.2
      transparency 0.0000
      shininess 0.5
    }
  }
  geometry IndexedFaceSet {
    ccw TRUE
    solid FALSE
    coord DEF co Coordinate {
      point [
        -0.472441 0.578741 -0.019685,
        -0.472441 0.586612 -0.019685,
        -0.555118 0.578741 -0.019685,
        -0.472441 0.062992 -0.019685,
        -0.555118 0.062992 -0.019685,
        -0.472441 0.055121 -0.019685,
        -0.663386 0.150678 -0.019685,
        -0.587511 0.074804 -0.019685,
        -0.587511 0.566929 -0.019685,
        -0.663386 0.491055 -0.019685,
        -0.555118 0.566929 -0.019685,
        -0.555118 0.074804 -0.019685,
        -0.346457 0.055119 -0.019685,
        -0.346457 0.586614 -0.019685,
        -0.346457 0.025591 -0.019685,
        -0.346457 0.616142 -0.019685,
        -0.698819 0.616142 -0.019685,
        -0.698819 0.025591 -0.019685,
        -0.662243 0.172454 -0.019694,
        -0.660780 0.174763 -0.019733,
        -0.658504 0.464845 -0.019685,
        -0.658504 0.176887 -0.019685,
        -0.660818 0.467131 -0.019685,
        -0.663386 0.474395 -0.019685,
        -0.656389 0.178109 -0.019685,
        -0.654014 0.178880 -0.019685,
        -0.656389 0.463624 -0.019685,
        -0.662287 0.469548 -0.019685,
        -0.663282 0.472847 -0.019685,
        -0.663359 0.473615 -0.019685,
        -0.651575 0.179134 -0.019685,
        -0.651575 0.320866 -0.019685,
        -0.663386 0.167341 -0.019685,
        -0.663359 0.168118 -0.019685,
        -0.663282 0.168886 -0.019685,
        -0.663080 0.170002 -0.019685,
        -0.654014 0.462853 -0.019685,
        -0.651575 0.462599 -0.019685,
        -0.295276 0.543509 -0.107023,
        -0.236220 0.543509 -0.107023,
        -0.236220 0.540856 -0.105752,
        -0.295276 0.540856 -0.105752,
        -0.236220 0.538598 -0.103864,
        -0.295276 0.538598 -0.103864,
        -0.236220 0.536877 -0.101476,
        -0.295276 0.536877 -0.101476,
        -0.236220 0.535800 -0.098738,
        -0.295276 0.535800 -0.098738,
        -0.236220 0.535433 -0.095818,
        -0.295276 0.535433 -0.095818,
        -0.236220 0.535433 -0.093249,
        -0.295276 0.535433 -0.093249,
        -0.236220 0.535682 -0.090839,
        -0.295276 0.535682 -0.090839,
        -0.236220 0.536417 -0.088530,
        -0.295276 0.536417 -0.088530,
        -0.236220 0.537608 -0.086420,
        -0.295276 0.537608 -0.086420,
        -0.157480 0.543509 -0.107023,
        -0.098425 0.543509 -0.107023,
        -0.098425 0.540856 -0.105752,
        -0.157480 0.540856 -0.105752,
        -0.098425 0.538598 -0.103864,
        -0.157480 0.538598 -0.103864,
        -0.098425 0.536877 -0.101476,
        -0.157480 0.536877 -0.101476,
        -0.098425 0.535800 -0.098738,
        -0.157480 0.535800 -0.098738,
        -0.098425 0.535433 -0.095818,
        -0.157480 0.535433 -0.095818,
        -0.098425 0.535433 -0.093249,
        -0.157480 0.535433 -0.093249,
        -0.098425 0.535682 -0.090839,
        -0.157480 0.535682 -0.090839,
        -0.098425 0.536417 -0.088530,
        -0.157480 0.536417 -0.088530,
        -0.098425 0.537608 -0.086420,
        -0.157480 0.537608 -0.086420,
        -0.019685 0.543509 -0.107023,
        0.039370 0.543509 -0.107023,
        0.039370 0.540856 -0.105752,
        -0.019685 0.540856 -0.105752,
        0.039370 0.538598 -0.103864,
        -0.019685 0.538598 -0.103864,
        0.039370 0.536877 -0.101476,
        -0.019685 0.536877 -0.101476,
        0.039370 0.535800 -0.098738,
        -0.019685 0.535800 -0.098738,
        0.039370 0.535433 -0.095818,
        -0.019685 0.535433 -0.095818,
        0.039370 0.535433 -0.093249,
        -0.019685 0.535433 -0.093249,
        0.039370 0.535682 -0.090839,
        -0.019685 0.535682 -0.090839,
        0.039370 0.536417 -0.088530,
        -0.019685 0.536417 -0.088530,
        0.039370 0.537608 -0.086420,
        -0.019685 0.537608 -0.086420,
        0.118110 0.543509 -0.107023,
        0.177165 0.543509 -0.107023,
        0.177165 0.540856 -0.105752,
        0.118110 0.540856 -0.105752,
        0.177165 0.538598 -0.103864,
        0.118110 0.538598 -0.103864,
        0.177165 0.536877 -0.101476,
        0.118110 0.536877 -0.101476,
        0.177165 0.535800 -0.098738,
        0.118110 0.535800 -0.098738,
        0.177165 0.535433 -0.095818,
        0.118110 0.535433 -0.095818,
        0.177165 0.535433 -0.093249,
        0.118110 0.535433 -0.093249,
        0.177165 0.535682 -0.090839,
        0.118110 0.535682 -0.090839,
        0.177165 0.536417 -0.088530,
        0.118110 0.536417 -0.088530,
        0.177165 0.537608 -0.086420,
        0.118110 0.537608 -0.086420,
        0.255906 0.543509 -0.107023,
        0.314961 0.543509 -0.107023,
        0.314961 0.540856 -0.105752,
        0.255906 0.540856 -0.105752,
        0.314961 0.538598 -0.103864,
        0.255906 0.538598 -0.103864,
        0.314961 0.536877 -0.101476,
        0.255906 0.536877 -0.101476,
        0.314961 0.535800 -0.098738,
        0.255906 0.535800 -0.098738,
        0.314961 0.535433 -0.095818,
        0.255906 0.535433 -0.095818,
        0.314961 0.535433 -0.093249,
        0.255906 0.535433 -0.093249,
        0.314961 0.535682 -0.090839,
        0.255906 0.535682 -0.090839,
        0.314961 0.536417 -0.088530,
        0.255906 0.536417 -0.088530,
        0.314961 0.537608 -0.086420,
        0.255906 0.537608 -0.086420,
      ]
    }
    coordIndex [
      14, 12, 5, -1,
      5, 3, 4, -1,
      2, 0, 1, -1,
      13, 15, 1, -1,
      1, 15, 16, -1,
      1, 16, 2, -1,
      14, 5, 17, -1,
      17, 5, 4, -1,
      17, 4, 11, -1,
      18, 19, 20, -1,
      20, 19, 21, -1,
      17, 20, 22, -1,
      10, 2, 8, -1,
      8, 2, 16, -1,
      8, 16, 9, -1,
      9, 16, 23, -1,
      21, 24, 20, -1,
      20, 24, 25, -1,
      20, 25, 26, -1,
      22, 27, 17, -1,
      17, 27, 28, -1,
      17, 28, 16, -1,
      16, 28, 29, -1,
      16, 29, 23, -1,
      25, 30, 31, -1,
      11, 7, 17, -1,
      17, 7, 6, -1,
      17, 6, 32, -1,
      32, 33, 17, -1,
      17, 33, 34, -1,
      17, 34, 20, -1,
      20, 34, 35, -1,
      20, 35, 18, -1,
      26, 25, 36, -1,
      36, 25, 31, -1,
      36, 31, 37, -1,
      38, 39, 40, -1,
      38, 40, 41, -1,
      41, 40, 42, -1,
      41, 42, 43, -1,
      43, 42, 44, -1,
      43, 44, 45, -1,
      45, 44, 46, -1,
      45, 46, 47, -1,
      47, 46, 48, -1,
      47, 48, 49, -1,
      48, 50, 49, -1,
      49, 50, 51, -1,
      51, 50, 52, -1,
      51, 52, 53, -1,
      53, 52, 54, -1,
      53, 54, 55, -1,
      55, 54, 56, -1,
      55, 56, 57, -1,
      58, 59, 60, -1,
      58, 60, 61, -1,
      61, 60, 62, -1,
      61, 62, 63, -1,
      63, 62, 64, -1,
      63, 64, 65, -1,
      65, 64, 66, -1,
      65, 66, 67, -1,
      67, 66, 68, -1,
      67, 68, 69, -1,
      68, 70, 69, -1,
      69, 70, 71, -1,
      71, 70, 72, -1,
      71, 72, 73, -1,
      73, 72, 74, -1,
      73, 74, 75, -1,
      75, 74, 76, -1,
      75, 76, 77, -1,
      78, 79, 80, -1,
      78, 80, 81, -1,
      81, 80, 82, -1,
      81, 82, 83, -1,
      83, 82, 84, -1,
      83, 84, 85, -1,
      85, 84, 86, -1,
      85, 86, 87, -1,
      87, 86, 88, -1,
      87, 88, 89, -1,
      88, 90, 89, -1,
      89, 90, 91, -1,
      91, 90, 92, -1,
      91, 92, 93, -1,
      93, 92, 94, -1,
      93, 94, 95, -1,
      95, 94, 96, -1,
      95, 96, 97, -1,
      98, 99, 100, -1,
      98, 100, 101, -1,
      101, 100, 102, -1,
      101, 102, 103, -1,
      103, 102, 104, -1,
      103, 104, 105, -1,
      105, 104, 106, -1,
      105, 106, 107, -1,
      107, 106, 108, -1,
      107, 108, 109, -1,
      108, 110, 109, -1,
      109, 110, 111, -1,
      111, 110, 112, -1,
      111, 112, 113, -1,
      113, 112, 114, -1,
      113, 114, 115, -1,
      115, 114, 116, -1,
      115, 116, 117, -1,
      118, 119, 120, -1,
      118, 120, 121, -1,
      121, 120, 122, -1,
      121, 122, 123, -1,
      123, 122, 124, -1,
      123, 124, 125, -1,
      125, 124, 126, -1,
      125, 126, 127, -1,
      127, 126, 128, -1,
      127, 128, 129, -1,
      128, 130, 129, -1,
      129, 130, 131, -1,
      131, 130, 132, -1,
      131, 132, 133, -1,
      133, 132, 134, -1,
      133, 134, 135, -1,
      135, 134, 136, -1,
      135, 136, 137, -1,
    ]
  }
}

Shape {
  appearance Appearance {
    material Material {
      diffuseColor 0.2510 0.2510 0.2510
      specularColor 0.1255 0.1255 0.1255
      ambientIntensity 0.2
      transparency 0.0000
      shininess 0.5
    }
  }
  geometry IndexedFaceSet {
    ccw TRUE
    solid FALSE
    coord DEF co Coordinate {
      point [
        -0.572835 0.110236 -0.055118,
        -0.602014 0.139416 -0.055118,
        -0.572835 0.110236 -0.163385,
        -0.592520 0.129922 -0.163385,
        -0.592520 0.129922 -0.090551,
        -0.593533 0.130935 -0.078610,
        -0.595550 0.132952 -0.070051,
        -0.598611 0.136012 -0.061808,
      ]
    }
    coordIndex [
      2, 3, 0, -1,
      0, 3, 4, -1,
      0, 4, 5, -1,
      5, 6, 0, -1,
      0, 6, 7, -1,
      0, 7, 1, -1,
    ]
  }
}

Shape {
  appearance Appearance {
    material Material {
      diffuseColor 1.0000 1.0000 0.5020
      specularColor 0.8784 0.8784 0.4431
      ambientIntensity 0.2
      transparency 0.0000
      shininess 0.5
    }
  }
  geometry IndexedFaceSet {
    ccw TRUE
    solid FALSE
    coord DEF co Coordinate {
      point [
        -0.658504 0.176887 -0.019685,
        -0.656389 0.178109 -0.019685,
        -0.654014 0.178880 -0.019685,
        -0.651575 0.179134 -0.019685,
        -0.651575 0.320866 -0.019685,
        -0.652104 0.179100 -0.020593,
        -0.651575 0.179134 -0.020676,
        -0.656362 0.178060 -0.020011,
        -0.655895 0.178315 -0.020082,
        -0.653995 0.178806 -0.020322,
        -0.653111 0.179033 -0.020433,
        -0.638061 0.320866 -0.021207,
        -0.638061 0.179134 -0.021207,
        -0.637558 0.320866 -0.021264,
        -0.637558 0.179134 -0.021264,
        -0.624642 0.320866 -0.025784,
        -0.624642 0.179134 -0.025784,
        -0.624244 0.320866 -0.025923,
        -0.624244 0.179134 -0.025923,
        -0.612585 0.320866 -0.033248,
        -0.612585 0.179134 -0.033248,
        -0.612300 0.320866 -0.033428,
        -0.612300 0.179134 -0.033428,
        -0.602505 0.320866 -0.043223,
        -0.602505 0.179134 -0.043223,
        -0.602326 0.320866 -0.043402,
        -0.602326 0.179134 -0.043402,
        -0.594911 0.320866 -0.055203,
        -0.594911 0.179134 -0.055203,
        -0.594821 0.320866 -0.055346,
        -0.594821 0.179134 -0.055346,
        -0.590190 0.320866 -0.068580,
        -0.590190 0.179134 -0.068580,
        -0.590162 0.320866 -0.068660,
        -0.590162 0.179134 -0.068660,
        -0.588583 0.320866 -0.082677,
        -0.588583 0.179134 -0.082677,
      ]
    }
    coordIndex [
      5, 6, 3, -1,
      0, 7, 1, -1,
      1, 7, 8, -1,
      1, 8, 2, -1,
      2, 8, 9, -1,
      2, 9, 3, -1,
      3, 9, 10, -1,
      3, 10, 5, -1,
      4, 3, 11, -1,
      11, 3, 12, -1,
      11, 12, 13, -1,
      13, 12, 14, -1,
      13, 14, 15, -1,
      15, 14, 16, -1,
      15, 16, 17, -1,
      17, 16, 18, -1,
      17, 18, 19, -1,
      19, 18, 20, -1,
      19, 20, 21, -1,
      21, 20, 22, -1,
      21, 22, 23, -1,
      23, 22, 24, -1,
      23, 24, 25, -1,
      25, 24, 26, -1,
      25, 26, 27, -1,
      27, 26, 28, -1,
      27, 28, 29, -1,
      29, 28, 30, -1,
      29, 30, 31, -1,
      31, 30, 32, -1,
      31, 32, 33, -1,
      33, 32, 34, -1,
      33, 34, 35, -1,
      35, 34, 36, -1,
    ]
  }
}

Shape {
  appearance Appearance {
    material Material {
      diffuseColor 0.2510 0.2510 0.2510
      specularColor 0.1255 0.1255 0.1255
      ambientIntensity 0.2
      transparency 0.0000
      shininess 0.5
    }
  }
  geometry IndexedFaceSet {
    ccw TRUE
    solid FALSE
    coord DEF co Coordinate {
      point [
        -0.640911 0.150401 -0.023351,
        -0.643364 0.150448 -0.022804,
        -0.602014 0.139416 -0.055118,
        -0.606154 0.142354 -0.049198,
        -0.608987 0.144364 -0.045148,
        -0.613236 0.145901 -0.040883,
        -0.607786 0.143512 -0.046865,
        -0.620253 0.147988 -0.034595,
        -0.621933 0.148286 -0.033427,
        -0.617812 0.147555 -0.036291,
        -0.632073 0.149723 -0.027281,
        -0.628476 0.149447 -0.028881,
        -0.635384 0.149977 -0.025809,
        -0.652159 0.150614 -0.020843,
        -0.655253 0.150673 -0.020154,
        -0.655404 0.150673 -0.020145,
        -0.663386 0.150678 -0.019685,
        -0.602014 0.502317 -0.055118,
        -0.606168 0.499403 -0.049195,
        -0.607579 0.498413 -0.047183,
        -0.609172 0.497296 -0.044912,
        -0.613248 0.495861 -0.040885,
        -0.618401 0.494047 -0.035794,
        -0.619994 0.493776 -0.034714,
        -0.621915 0.493450 -0.033411,
        -0.629188 0.492216 -0.028483,
        -0.632043 0.492024 -0.027230,
        -0.635208 0.491812 -0.025841,
        -0.640870 0.491432 -0.023357,
        -0.643366 0.491374 -0.022802,
        -0.652091 0.491169 -0.020862,
        -0.655309 0.491094 -0.020147,
        -0.655404 0.491093 -0.020141,
        -0.663386 0.491055 -0.019685,
        -0.662243 0.172454 -0.019694,
        -0.660780 0.174763 -0.019733,
        -0.658504 0.464845 -0.019685,
        -0.658504 0.176887 -0.019685,
        -0.660818 0.467131 -0.019685,
        -0.663386 0.474395 -0.019685,
        -0.662287 0.469548 -0.019685,
        -0.663282 0.472847 -0.019685,
        -0.663359 0.473615 -0.019685,
        -0.663386 0.167341 -0.019685,
        -0.663359 0.168118 -0.019685,
        -0.663282 0.168886 -0.019685,
        -0.663080 0.170002 -0.019685,
        -0.592520 0.129922 -0.163385,
        -0.592520 0.129922 -0.090551,
        -0.593533 0.130935 -0.078610,
        -0.595550 0.132952 -0.070051,
        -0.598611 0.136012 -0.061808,
        -0.652104 0.179100 -0.020593,
        -0.651575 0.179134 -0.020676,
        -0.656362 0.178060 -0.020011,
        -0.653995 0.178806 -0.020322,
        -0.592520 0.179134 -0.090551,
        -0.592520 0.179134 -0.163385,
        -0.655895 0.178315 -0.020082,
        -0.653111 0.179034 -0.020433,
        -0.635702 0.179134 -0.025316,
        -0.635282 0.179134 -0.025555,
        -0.593917 0.179134 -0.078655,
        -0.594449 0.179134 -0.074126,
        -0.598917 0.179134 -0.061920,
        -0.600133 0.179134 -0.058597,
        -0.607870 0.179134 -0.046907,
        -0.609261 0.179134 -0.044807,
        -0.621337 0.179134 -0.033508,
        -0.620241 0.179134 -0.034533,
        -0.653995 0.462927 -0.020322,
        -0.653111 0.462699 -0.020433,
        -0.655895 0.463417 -0.020082,
        -0.656362 0.463672 -0.020011,
        -0.635702 0.462599 -0.025316,
        -0.651575 0.462599 -0.020676,
        -0.652033 0.462628 -0.020604,
        -0.621337 0.462599 -0.033508,
        -0.620036 0.462599 -0.034725,
        -0.635130 0.462599 -0.025643,
        -0.607658 0.462599 -0.047229,
        -0.609261 0.462599 -0.044807,
        -0.600133 0.462599 -0.058597,
        -0.598748 0.462599 -0.062381,
        -0.598413 0.505918 -0.062258,
        -0.595394 0.508937 -0.070572,
        -0.594449 0.462599 -0.074127,
        -0.593435 0.510896 -0.079198,
        -0.593848 0.462599 -0.079247,
        -0.592520 0.462599 -0.090551,
        -0.592520 0.511811 -0.090551,
      ]
    }
    coordIndex [
      48, 47, 56, -1,
      56, 47, 57, -1,
      43, 16, 15, -1,
      45, 44, 54, -1,
      45, 54, 46, -1,
      37, 35, 54, -1,
      54, 35, 34, -1,
      54, 34, 46, -1,
      44, 43, 54, -1,
      54, 43, 15, -1,
      54, 15, 58, -1,
      58, 15, 14, -1,
      58, 14, 55, -1,
      55, 14, 13, -1,
      55, 13, 59, -1,
      59, 13, 52, -1,
      52, 13, 53, -1,
      53, 13, 1, -1,
      53, 1, 60, -1,
      60, 1, 0, -1,
      60, 0, 61, -1,
      48, 56, 49, -1,
      49, 56, 62, -1,
      49, 62, 50, -1,
      50, 62, 63, -1,
      50, 63, 51, -1,
      51, 63, 64, -1,
      51, 64, 2, -1,
      2, 64, 65, -1,
      2, 65, 3, -1,
      3, 65, 66, -1,
      3, 66, 6, -1,
      67, 5, 66, -1,
      66, 5, 4, -1,
      66, 4, 6, -1,
      0, 12, 61, -1,
      61, 12, 10, -1,
      61, 10, 68, -1,
      10, 11, 68, -1,
      68, 11, 8, -1,
      68, 8, 69, -1,
      69, 8, 7, -1,
      69, 7, 67, -1,
      67, 7, 9, -1,
      67, 9, 5, -1,
      70, 71, 31, -1,
      31, 71, 30, -1,
      70, 31, 72, -1,
      72, 31, 32, -1,
      72, 32, 73, -1,
      73, 32, 33, -1,
      73, 33, 39, -1,
      41, 40, 38, -1,
      39, 42, 73, -1,
      73, 42, 41, -1,
      73, 41, 36, -1,
      36, 41, 38, -1,
      74, 29, 75, -1,
      75, 29, 30, -1,
      75, 30, 76, -1,
      76, 30, 71, -1,
      77, 78, 24, -1,
      24, 25, 77, -1,
      77, 25, 26, -1,
      77, 26, 79, -1,
      79, 26, 27, -1,
      79, 27, 74, -1,
      74, 27, 28, -1,
      74, 28, 29, -1,
      19, 20, 80, -1,
      80, 20, 21, -1,
      80, 21, 81, -1,
      81, 21, 22, -1,
      81, 22, 78, -1,
      78, 22, 23, -1,
      78, 23, 24, -1,
      19, 80, 18, -1,
      18, 80, 82, -1,
      18, 82, 17, -1,
      17, 82, 83, -1,
      17, 83, 84, -1,
      84, 83, 85, -1,
      85, 83, 86, -1,
      85, 86, 87, -1,
      86, 88, 87, -1,
      87, 88, 89, -1,
      87, 89, 90, -1,
    ]
  }
}

Shape {
  appearance Appearance {
    material Material {
      diffuseColor 1.0000 1.0000 0.5020
      specularColor 0.8784 0.8784 0.4431
      ambientIntensity 0.2
      transparency 0.0000
      shininess 0.5
    }
  }
  geometry IndexedFaceSet {
    ccw TRUE
    solid FALSE
    coord DEF co Coordinate {
      point [
        -0.658504 0.464845 -0.019685,
        -0.656389 0.463624 -0.019685,
        -0.651575 0.320866 -0.019685,
        -0.654014 0.462853 -0.019685,
        -0.651575 0.462599 -0.019685,
        -0.638061 0.320866 -0.021207,
        -0.637558 0.320866 -0.021264,
        -0.624642 0.320866 -0.025784,
        -0.624244 0.320866 -0.025923,
        -0.612585 0.320866 -0.033248,
        -0.612300 0.320866 -0.033428,
        -0.602505 0.320866 -0.043223,
        -0.602326 0.320866 -0.043402,
        -0.594911 0.320866 -0.055203,
        -0.594821 0.320866 -0.055346,
        -0.590190 0.320866 -0.068580,
        -0.590162 0.320866 -0.068660,
        -0.588583 0.320866 -0.082677,
        -0.588583 0.179134 -0.082677,
        -0.653995 0.462927 -0.020322,
        -0.656362 0.463672 -0.020011,
        -0.651575 0.462599 -0.020676,
        -0.652033 0.462628 -0.020604,
        -0.588583 0.179134 -0.159448,
        -0.588583 0.320866 -0.159448,
        -0.588583 0.462599 -0.082677,
        -0.588583 0.462598 -0.159449,
        -0.590162 0.462599 -0.068660,
        -0.594821 0.462599 -0.055346,
        -0.602326 0.462599 -0.043402,
        -0.612300 0.462599 -0.033428,
        -0.624244 0.462599 -0.025923,
        -0.637558 0.462599 -0.021264,
        -0.653111 0.462699 -0.020433,
        -0.655895 0.463417 -0.020082,
      ]
    }
    coordIndex [
      18, 23, 17, -1,
      17, 23, 24, -1,
      17, 24, 25, -1,
      25, 24, 26, -1,
      25, 27, 17, -1,
      17, 27, 16, -1,
      28, 29, 12, -1,
      12, 13, 28, -1,
      28, 13, 14, -1,
      28, 14, 27, -1,
      27, 14, 15, -1,
      27, 15, 16, -1,
      30, 31, 8, -1,
      8, 9, 30, -1,
      30, 9, 10, -1,
      30, 10, 29, -1,
      29, 10, 11, -1,
      29, 11, 12, -1,
      32, 4, 2, -1,
      2, 5, 32, -1,
      32, 5, 6, -1,
      32, 6, 31, -1,
      31, 6, 7, -1,
      31, 7, 8, -1,
      0, 1, 20, -1,
      21, 22, 4, -1,
      4, 22, 33, -1,
      4, 33, 3, -1,
      3, 33, 19, -1,
      3, 19, 1, -1,
      1, 19, 34, -1,
      1, 34, 20, -1,
    ]
  }
}

Shape {
  appearance Appearance {
    material Material {
      diffuseColor 0.2510 0.2510 0.2510
      specularColor 0.1255 0.1255 0.1255
      ambientIntensity 0.2
      transparency 0.0000
      shininess 0.5
    }
  }
  geometry IndexedFaceSet {
    ccw TRUE
    solid FALSE
    coord DEF co Coordinate {
      point [
        -0.602014 0.502317 -0.055118,
        -0.572835 0.531496 -0.055118,
        -0.555118 0.531496 -0.055117,
        -0.555118 0.531496 -0.074803,
        -0.523622 0.531496 -0.076285,
        -0.523622 0.531496 -0.116628,
        -0.520581 0.531496 -0.118525,
        -0.517753 0.531496 -0.120241,
        -0.511811 0.531496 -0.123733,
        -0.523536 0.531496 -0.076231,
        -0.521254 0.531496 -0.074803,
        -0.521871 0.531496 -0.075186,
        -0.522440 0.531496 -0.075541,
        -0.523622 0.531496 -0.123733,
        -0.523622 0.531496 -0.128279,
        -0.472441 0.531496 -0.128279,
        -0.472441 0.531496 -0.123733,
        -0.478347 0.531496 -0.123733,
        -0.472441 0.531496 -0.116628,
        -0.472441 0.531496 -0.076285,
        -0.472747 0.531496 -0.075898,
        -0.473031 0.531496 -0.075543,
        -0.473625 0.531496 -0.074803,
        -0.472483 0.531496 -0.076232,
        -0.475354 0.531496 -0.120214,
        -0.476782 0.531496 -0.121910,
        -0.346457 0.531496 -0.074803,
        -0.598413 0.505918 -0.062258,
        -0.595394 0.508937 -0.070572,
        -0.593435 0.510896 -0.079198,
        -0.592520 0.462599 -0.090551,
        -0.592520 0.511811 -0.090551,
        -0.592520 0.511811 -0.163386,
        -0.592520 0.462598 -0.163386,
        -0.572835 0.531496 -0.163386,
        -0.346457 0.531496 -0.163386,
      ]
    }
    coordIndex [
      31, 30, 32, -1,
      32, 30, 33, -1,
      28, 1, 27, -1,
      27, 1, 0, -1,
      32, 34, 31, -1,
      31, 34, 1, -1,
      31, 1, 29, -1,
      29, 1, 28, -1,
      3, 2, 1, -1,
      13, 8, 7, -1,
      26, 22, 21, -1,
      18, 24, 16, -1,
      16, 24, 25, -1,
      16, 25, 17, -1,
      19, 18, 26, -1,
      26, 18, 16, -1,
      26, 16, 35, -1,
      35, 16, 15, -1,
      35, 15, 34, -1,
      34, 15, 14, -1,
      34, 14, 1, -1,
      1, 14, 13, -1,
      1, 13, 3, -1,
      7, 6, 13, -1,
      13, 6, 5, -1,
      13, 5, 3, -1,
      3, 5, 4, -1,
      3, 4, 9, -1,
      9, 12, 3, -1,
      3, 12, 11, -1,
      3, 11, 10, -1,
      21, 20, 26, -1,
      26, 20, 23, -1,
      26, 23, 19, -1,
    ]
  }
}

Shape {
  appearance Appearance {
    material Material {
      diffuseColor 1.0000 1.0000 0.5020
      specularColor 0.8784 0.8784 0.4431
      ambientIntensity 0.2
      transparency 0.0000
      shininess 0.5
    }
  }
  geometry IndexedFaceSet {
    ccw TRUE
    solid FALSE
    coord DEF co Coordinate {
      point [
        -0.236220 0.537608 -0.086420,
        -0.295276 0.537608 -0.086420,
        -0.098425 0.537608 -0.086420,
        -0.157480 0.537608 -0.086420,
        0.039370 0.537608 -0.086420,
        -0.019685 0.537608 -0.086420,
        0.177165 0.537608 -0.086420,
        0.118110 0.537608 -0.086420,
        0.314961 0.537608 -0.086420,
        0.255906 0.537608 -0.086420,
        0.314961 0.555219 -0.061572,
        0.285433 0.555219 -0.061572,
        0.255906 0.555219 -0.061572,
        0.177165 0.555219 -0.061572,
        0.147638 0.555219 -0.061572,
        0.118110 0.555219 -0.061572,
        0.039370 0.555219 -0.061572,
        0.009843 0.555219 -0.061572,
        -0.019685 0.555219 -0.061572,
        -0.295276 0.555219 -0.061572,
        -0.236220 0.555219 -0.061572,
        -0.098425 0.555219 -0.061572,
        -0.127953 0.555219 -0.061572,
        -0.157480 0.555219 -0.061572,
        -0.777559 0.155512 -0.236220,
        -0.777559 0.486220 -0.236220,
        -0.753937 0.155512 -0.236220,
        -0.753937 0.486220 -0.236220,
        -0.777559 0.486220 -0.212598,
        -0.777559 0.320866 -0.212598,
        -0.777559 0.155512 -0.212598,
        -0.773622 0.155512 -0.212598,
        -0.773622 0.320866 -0.212598,
        -0.773622 0.486220 -0.212598,
        -0.446851 -0.053150 -0.236220,
        -0.655512 -0.053150 -0.236220,
        -0.446851 -0.029528 -0.236220,
        -0.655512 -0.029528 -0.236220,
        -0.655512 -0.053150 -0.212598,
        -0.446851 -0.053150 -0.212598,
        -0.289370 -0.021654 -0.236220,
        -0.242126 -0.021654 -0.236220,
        -0.289370 -0.053150 -0.236220,
        -0.242126 -0.053150 -0.236220,
        -0.242126 -0.053150 -0.212598,
        -0.289370 -0.053150 -0.212598,
        -0.104331 -0.053150 -0.236220,
        -0.151575 -0.053150 -0.236220,
        -0.104331 -0.021654 -0.236220,
        -0.151575 -0.021654 -0.236220,
        -0.104331 -0.053150 -0.212598,
        -0.127953 -0.053150 -0.212598,
        -0.151575 -0.053150 -0.212598,
        0.033465 -0.053150 -0.236220,
        -0.013780 -0.053150 -0.236220,
        0.033465 -0.021654 -0.236220,
        -0.013780 -0.021654 -0.236220,
        0.033465 -0.053150 -0.212598,
        0.009843 -0.053150 -0.212598,
        -0.013780 -0.053150 -0.212598,
        0.171260 -0.053150 -0.236220,
        0.124016 -0.053150 -0.236220,
        0.171260 -0.021654 -0.236220,
        0.124016 -0.021654 -0.236220,
        0.171260 -0.053150 -0.212598,
        0.147638 -0.053150 -0.212598,
        0.124016 -0.053150 -0.212598,
        0.309055 -0.053150 -0.236220,
        0.261811 -0.053150 -0.236220,
        0.309055 -0.021654 -0.236220,
        0.261811 -0.021654 -0.236220,
        0.309055 -0.053150 -0.212598,
        0.285433 -0.053150 -0.212598,
        0.261811 -0.053150 -0.212598,
        0.446850 -0.053150 -0.236220,
        0.399606 -0.053150 -0.236220,
        0.446850 -0.021654 -0.236220,
        0.399606 -0.021654 -0.236220,
        0.446850 -0.053150 -0.212598,
        0.423228 -0.053150 -0.212598,
        0.399606 -0.053150 -0.212598,
        0.255906 0.106299 -0.095818,
        0.314961 0.106299 -0.095818,
        0.314961 0.105933 -0.098737,
        0.255906 0.105933 -0.098737,
        0.314961 0.104856 -0.101476,
        0.255906 0.104856 -0.101476,
        0.314961 0.103135 -0.103863,
        0.255906 0.103135 -0.103863,
        0.314961 0.100877 -0.105751,
        0.255906 0.100877 -0.105751,
        0.314961 0.098223 -0.107022,
        0.255906 0.098223 -0.107022,
        0.314961 0.106299 -0.093249,
        0.255906 0.106299 -0.093249,
        0.255906 0.104124 -0.086419,
        0.314961 0.104124 -0.086419,
        0.314961 0.105315 -0.088530,
        0.255906 0.105315 -0.088530,
        0.314961 0.106050 -0.090839,
        0.255906 0.106050 -0.090839,
        0.118110 0.106299 -0.095818,
        0.177165 0.106299 -0.095818,
        0.177165 0.105933 -0.098737,
        0.118110 0.105933 -0.098737,
        0.177165 0.104856 -0.101476,
        0.118110 0.104856 -0.101476,
        0.177165 0.103135 -0.103863,
        0.118110 0.103135 -0.103863,
        0.177165 0.100877 -0.105751,
        0.118110 0.100877 -0.105751,
        0.177165 0.098223 -0.107022,
        0.118110 0.098223 -0.107022,
        0.177165 0.106299 -0.093249,
        0.118110 0.106299 -0.093249,
        0.118110 0.104124 -0.086419,
        0.177165 0.104124 -0.086419,
        0.177165 0.105315 -0.088530,
        0.118110 0.105315 -0.088530,
        0.177165 0.106050 -0.090839,
        0.118110 0.106050 -0.090839,
        -0.019685 0.106299 -0.095818,
        0.039370 0.106299 -0.095818,
        0.039370 0.105933 -0.098737,
        -0.019685 0.105933 -0.098737,
        0.039370 0.104856 -0.101476,
        -0.019685 0.104856 -0.101476,
        0.039370 0.103135 -0.103863,
        -0.019685 0.103135 -0.103863,
        0.039370 0.100877 -0.105751,
        -0.019685 0.100877 -0.105751,
        0.039370 0.098223 -0.107022,
        -0.019685 0.098223 -0.107022,
        0.039370 0.106299 -0.093249,
        -0.019685 0.106299 -0.093249,
        -0.019685 0.104124 -0.086419,
        0.039370 0.104124 -0.086419,
        0.039370 0.105315 -0.088530,
        -0.019685 0.105315 -0.088530,
        0.039370 0.106050 -0.090839,
        -0.019685 0.106050 -0.090839,
        -0.157480 0.106299 -0.095818,
        -0.098425 0.106299 -0.095818,
        -0.098425 0.105933 -0.098737,
        -0.157480 0.105933 -0.098737,
        -0.098425 0.104856 -0.101476,
        -0.157480 0.104856 -0.101476,
        -0.098425 0.103135 -0.103863,
        -0.157480 0.103135 -0.103863,
        -0.098425 0.100877 -0.105751,
        -0.157480 0.100877 -0.105751,
        -0.098425 0.098223 -0.107022,
        -0.157480 0.098223 -0.107022,
        -0.098425 0.106299 -0.093249,
        -0.157480 0.106299 -0.093249,
        -0.157480 0.104124 -0.086419,
        -0.098425 0.104124 -0.086419,
        -0.098425 0.105315 -0.088530,
        -0.157480 0.105315 -0.088530,
        -0.098425 0.106050 -0.090839,
        -0.157480 0.106050 -0.090839,
        -0.295276 0.106299 -0.095818,
        -0.236220 0.106299 -0.095818,
        -0.236220 0.105933 -0.098737,
        -0.295276 0.105933 -0.098737,
        -0.236220 0.104856 -0.101476,
        -0.295276 0.104856 -0.101476,
        -0.236220 0.103135 -0.103863,
        -0.295276 0.103135 -0.103863,
        -0.236220 0.100877 -0.105752,
        -0.295276 0.100877 -0.105752,
        -0.236220 0.098223 -0.107022,
        -0.295276 0.098223 -0.107022,
        -0.236220 0.106299 -0.093249,
        -0.295276 0.106299 -0.093249,
        -0.295276 0.104124 -0.086420,
        -0.236220 0.104124 -0.086420,
        -0.236220 0.105315 -0.088530,
        -0.295276 0.105315 -0.088530,
        -0.236220 0.106050 -0.090839,
        -0.295276 0.106050 -0.090839,
      ]
    }
    coordIndex [
      8, 10, 9, -1,
      9, 10, 11, -1,
      9, 11, 12, -1,
      6, 13, 7, -1,
      7, 13, 14, -1,
      7, 14, 15, -1,
      4, 16, 5, -1,
      5, 16, 17, -1,
      5, 17, 18, -1,
      19, 1, 20, -1,
      20, 1, 0, -1,
      2, 21, 3, -1,
      3, 21, 22, -1,
      3, 22, 23, -1,
      24, 25, 26, -1,
      26, 25, 27, -1,
      28, 25, 29, -1,
      29, 25, 24, -1,
      29, 24, 30, -1,
      30, 31, 29, -1,
      29, 31, 32, -1,
      29, 32, 28, -1,
      28, 32, 33, -1,
      34, 35, 36, -1,
      36, 35, 37, -1,
      38, 35, 39, -1,
      39, 35, 34, -1,
      40, 41, 42, -1,
      42, 41, 43, -1,
      44, 45, 43, -1,
      43, 45, 42, -1,
      46, 47, 48, -1,
      48, 47, 49, -1,
      46, 50, 47, -1,
      47, 50, 51, -1,
      47, 51, 52, -1,
      53, 54, 55, -1,
      55, 54, 56, -1,
      53, 57, 54, -1,
      54, 57, 58, -1,
      54, 58, 59, -1,
      60, 61, 62, -1,
      62, 61, 63, -1,
      60, 64, 61, -1,
      61, 64, 65, -1,
      61, 65, 66, -1,
      67, 68, 69, -1,
      69, 68, 70, -1,
      67, 71, 68, -1,
      68, 71, 72, -1,
      68, 72, 73, -1,
      74, 75, 76, -1,
      76, 75, 77, -1,
      74, 78, 75, -1,
      75, 78, 79, -1,
      75, 79, 80, -1,
      81, 82, 83, -1,
      81, 83, 84, -1,
      84, 83, 85, -1,
      84, 85, 86, -1,
      86, 85, 87, -1,
      86, 87, 88, -1,
      88, 87, 89, -1,
      88, 89, 90, -1,
      90, 89, 91, -1,
      90, 91, 92, -1,
      82, 81, 93, -1,
      93, 81, 94, -1,
      95, 96, 97, -1,
      95, 97, 98, -1,
      98, 97, 99, -1,
      98, 99, 100, -1,
      100, 99, 93, -1,
      100, 93, 94, -1,
      101, 102, 103, -1,
      101, 103, 104, -1,
      104, 103, 105, -1,
      104, 105, 106, -1,
      106, 105, 107, -1,
      106, 107, 108, -1,
      108, 107, 109, -1,
      108, 109, 110, -1,
      110, 109, 111, -1,
      110, 111, 112, -1,
      102, 101, 113, -1,
      113, 101, 114, -1,
      115, 116, 117, -1,
      115, 117, 118, -1,
      118, 117, 119, -1,
      118, 119, 120, -1,
      120, 119, 113, -1,
      120, 113, 114, -1,
      121, 122, 123, -1,
      121, 123, 124, -1,
      124, 123, 125, -1,
      124, 125, 126, -1,
      126, 125, 127, -1,
      126, 127, 128, -1,
      128, 127, 129, -1,
      128, 129, 130, -1,
      130, 129, 131, -1,
      130, 131, 132, -1,
      122, 121, 133, -1,
      133, 121, 134, -1,
      135, 136, 137, -1,
      135, 137, 138, -1,
      138, 137, 139, -1,
      138, 139, 140, -1,
      140, 139, 133, -1,
      140, 133, 134, -1,
      141, 142, 143, -1,
      141, 143, 144, -1,
      144, 143, 145, -1,
      144, 145, 146, -1,
      146, 145, 147, -1,
      146, 147, 148, -1,
      148, 147, 149, -1,
      148, 149, 150, -1,
      150, 149, 151, -1,
      150, 151, 152, -1,
      142, 141, 153, -1,
      153, 141, 154, -1,
      155, 156, 157, -1,
      155, 157, 158, -1,
      158, 157, 159, -1,
      158, 159, 160, -1,
      160, 159, 153, -1,
      160, 153, 154, -1,
      161, 162, 163, -1,
      161, 163, 164, -1,
      164, 163, 165, -1,
      164, 165, 166, -1,
      166, 165, 167, -1,
      166, 167, 168, -1,
      168, 167, 169, -1,
      168, 169, 170, -1,
      170, 169, 171, -1,
      170, 171, 172, -1,
      162, 161, 173, -1,
      173, 161, 174, -1,
      175, 176, 177, -1,
      175, 177, 178, -1,
      178, 177, 179, -1,
      178, 179, 180, -1,
      180, 179, 173, -1,
      180, 173, 174, -1,
    ]
  }
}

Shape {
  appearance Appearance {
    material Material {
      diffuseColor 0.2510 0.2510 0.2510
      specularColor 0.1255 0.1255 0.1255
      ambientIntensity 0.2
      transparency 0.0000
      shininess 0.5
    }
  }
  geometry IndexedFaceSet {
    ccw TRUE
    solid FALSE
    coord DEF co Coordinate {
      point [
        -0.572835 0.110236 -0.055118,
        -0.472441 0.110236 -0.076285,
        -0.472441 0.110236 -0.116628,
        -0.478347 0.110236 -0.123733,
        -0.476782 0.110236 -0.121910,
        -0.475354 0.110236 -0.120214,
        -0.472483 0.110236 -0.076232,
        -0.473625 0.110237 -0.074803,
        -0.473031 0.110236 -0.075542,
        -0.472747 0.110236 -0.075898,
        -0.472441 0.110236 -0.123733,
        -0.472441 0.110236 -0.128279,
        -0.523622 0.110236 -0.128279,
        -0.523622 0.110236 -0.123733,
        -0.511811 0.110236 -0.123733,
        -0.523622 0.110236 -0.116628,
        -0.523622 0.110236 -0.076285,
        -0.521871 0.110236 -0.075185,
        -0.521254 0.110237 -0.074803,
        -0.522440 0.110236 -0.075541,
        -0.523536 0.110236 -0.076231,
        -0.520581 0.110236 -0.118524,
        -0.517753 0.110236 -0.120241,
        -0.555118 0.110237 -0.074803,
        -0.555118 0.110236 -0.055117,
        -0.346457 0.110237 -0.074803,
        -0.572835 0.110236 -0.163385,
        -0.346457 0.110236 -0.163385,
      ]
    }
    coordIndex [
      8, 7, 25, -1,
      22, 14, 13, -1,
      11, 10, 25, -1,
      0, 24, 23, -1,
      26, 0, 13, -1,
      22, 13, 21, -1,
      0, 23, 13, -1,
      13, 23, 15, -1,
      13, 15, 21, -1,
      13, 12, 26, -1,
      26, 12, 11, -1,
      26, 11, 27, -1,
      27, 11, 25, -1,
      3, 4, 10, -1,
      10, 4, 5, -1,
      10, 5, 25, -1,
      25, 5, 2, -1,
      25, 2, 1, -1,
      19, 23, 17, -1,
      17, 23, 18, -1,
      19, 20, 23, -1,
      23, 20, 16, -1,
      23, 16, 15, -1,
      1, 6, 25, -1,
      25, 6, 9, -1,
      25, 9, 8, -1,
    ]
  }
}

Shape {
  appearance Appearance {
    material Material {
      diffuseColor 1.0000 1.0000 0.5020
      specularColor 0.8784 0.8784 0.4431
      ambientIntensity 0.2
      transparency 0.0000
      shininess 0.5
    }
  }
  geometry IndexedFaceSet {
    ccw TRUE
    solid FALSE
    coord DEF co Coordinate {
      point [
        -0.346457 0.055119 -0.019685,
        -0.346457 0.025591 -0.019685,
        0.255906 0.104124 -0.086419,
        0.314961 0.104124 -0.086419,
        0.118110 0.104124 -0.086419,
        0.177165 0.104124 -0.086419,
        -0.019685 0.104124 -0.086419,
        0.039370 0.104124 -0.086419,
        -0.157480 0.104124 -0.086419,
        -0.098425 0.104124 -0.086419,
        -0.295276 0.104124 -0.086420,
        -0.236220 0.104124 -0.086420,
        -0.295276 0.086514 -0.061572,
        -0.236220 0.086514 -0.061572,
        -0.098425 0.086514 -0.061572,
        -0.127953 0.086514 -0.061572,
        -0.157480 0.086514 -0.061572,
        0.039370 0.086514 -0.061572,
        0.009843 0.086514 -0.061572,
        -0.019685 0.086514 -0.061572,
        0.177165 0.086514 -0.061572,
        0.147638 0.086514 -0.061572,
        0.118110 0.086514 -0.061572,
        0.314961 0.086514 -0.061572,
        0.285433 0.086514 -0.061572,
        0.255906 0.086514 -0.061572,
        -0.330709 0.025591 -0.035433,
        -0.330709 0.055119 -0.035433,
      ]
    }
    coordIndex [
      12, 13, 10, -1,
      10, 13, 11, -1,
      14, 9, 15, -1,
      15, 9, 8, -1,
      15, 8, 16, -1,
      17, 7, 18, -1,
      18, 7, 6, -1,
      18, 6, 19, -1,
      20, 5, 21, -1,
      21, 5, 4, -1,
      21, 4, 22, -1,
      23, 3, 24, -1,
      24, 3, 2, -1,
      24, 2, 25, -1,
      1, 26, 0, -1,
      0, 26, 27, -1,
    ]
  }
}

Shape {
  appearance Appearance {
    material Material {
      diffuseColor 0.2510 0.2510 0.2510
      specularColor 0.1255 0.1255 0.1255
      ambientIntensity 0.2
      transparency 0.0000
      shininess 0.5
    }
  }
  geometry IndexedFaceSet {
    ccw TRUE
    solid FALSE
    coord DEF co Coordinate {
      point [
        -0.346457 0.055119 -0.019685,
        -0.346457 0.063948 -0.020396,
        -0.346457 0.064390 -0.020526,
        -0.346457 0.110237 -0.074803,
        -0.346457 0.109529 -0.066028,
        -0.346457 0.105692 -0.052928,
        -0.346457 0.109525 -0.065974,
        -0.346457 0.077124 -0.024268,
        -0.346457 0.077450 -0.024461,
        -0.346457 0.088934 -0.031277,
        -0.346457 0.089145 -0.031487,
        -0.346457 0.098645 -0.040988,
        -0.346457 0.098756 -0.041174,
        -0.346457 0.105654 -0.052798,
        -0.330709 0.055119 -0.035433,
        -0.330709 0.094489 -0.074804,
        -0.330709 0.093980 -0.068496,
        -0.330709 0.091215 -0.059085,
        -0.330709 0.086209 -0.050649,
        -0.330709 0.079273 -0.043713,
        -0.330709 0.070837 -0.038707,
        -0.330709 0.061426 -0.035941,
      ]
    }
    coordIndex [
      3, 4, 15, -1,
      15, 4, 16, -1,
      4, 6, 16, -1,
      16, 6, 5, -1,
      16, 5, 17, -1,
      5, 13, 17, -1,
      17, 13, 12, -1,
      17, 12, 18, -1,
      12, 11, 18, -1,
      18, 11, 10, -1,
      18, 10, 19, -1,
      10, 9, 19, -1,
      19, 9, 8, -1,
      19, 8, 20, -1,
      0, 14, 1, -1,
      1, 14, 21, -1,
      1, 21, 2, -1,
      2, 21, 20, -1,
      2, 20, 7, -1,
      7, 20, 8, -1,
    ]
  }
}

Shape {
  appearance Appearance {
    material Material {
      diffuseColor 1.0000 1.0000 0.5020
      specularColor 0.8784 0.8784 0.4431
      ambientIntensity 0.2
      transparency 0.0000
      shininess 0.5
    }
  }
  geometry IndexedFaceSet {
    ccw TRUE
    solid FALSE
    coord DEF co Coordinate {
      point [
        -0.437632 0.269685 -0.088224,
        -0.452756 0.320866 -0.173994,
        -0.452689 0.269685 -0.173612,
        -0.452756 0.269676 -0.173994,
        -0.435102 0.269685 -0.073872,
        -0.435102 0.372048 -0.073872,
        -0.437632 0.372047 -0.088224,
        -0.452689 0.372047 -0.173612,
        -0.452756 0.372057 -0.173994,
      ]
    }
    coordIndex [
      0, 1, 2, -1,
      2, 1, 3, -1,
      4, 5, 0, -1,
      0, 5, 6, -1,
      0, 6, 1, -1,
      1, 6, 7, -1,
      1, 7, 8, -1,
    ]
  }
}

Shape {
  appearance Appearance {
    material Material {
      diffuseColor 0.2510 0.2510 0.2510
      specularColor 0.1255 0.1255 0.1255
      ambientIntensity 0.2
      transparency 0.0000
      shininess 0.5
    }
  }
  geometry IndexedFaceSet {
    ccw TRUE
    solid FALSE
    coord DEF co Coordinate {
      point [
        -0.346457 0.577787 -0.020434,
        -0.346457 0.586614 -0.019685,
        -0.346457 0.577327 -0.020473,
        -0.346457 0.531496 -0.074803,
        -0.346457 0.532199 -0.066028,
        -0.346457 0.532214 -0.065976,
        -0.346457 0.536025 -0.052923,
        -0.346457 0.536094 -0.052807,
        -0.346457 0.542954 -0.041161,
        -0.346457 0.543107 -0.041007,
        -0.346457 0.552562 -0.031462,
        -0.346457 0.552817 -0.031308,
        -0.346457 0.564259 -0.024422,
        -0.346457 0.564621 -0.024313,
        -0.330709 0.580307 -0.035941,
        -0.330709 0.586614 -0.035433,
        -0.330709 0.547244 -0.074804,
        -0.330709 0.547752 -0.068497,
        -0.330709 0.570896 -0.038707,
        -0.330709 0.562460 -0.043713,
        -0.330709 0.555524 -0.050650,
        -0.330709 0.550518 -0.059085,
      ]
    }
    coordIndex [
      14, 15, 1, -1,
      3, 16, 4, -1,
      4, 16, 17, -1,
      1, 0, 14, -1,
      14, 0, 2, -1,
      14, 2, 18, -1,
      2, 13, 18, -1,
      18, 13, 12, -1,
      18, 12, 19, -1,
      12, 11, 19, -1,
      19, 11, 10, -1,
      19, 10, 20, -1,
      10, 9, 20, -1,
      20, 9, 8, -1,
      20, 8, 21, -1,
      8, 7, 21, -1,
      21, 7, 6, -1,
      21, 6, 17, -1,
      17, 6, 5, -1,
      17, 5, 4, -1,
    ]
  }
}

Shape {
  appearance Appearance {
    material Material {
      diffuseColor 1.0000 1.0000 0.5020
      specularColor 0.8784 0.8784 0.4431
      ambientIntensity 0.2
      transparency 0.0000
      shininess 0.5
    }
  }
  geometry IndexedFaceSet {
    ccw TRUE
    solid FALSE
    coord DEF co Coordinate {
      point [
        -0.346457 0.586614 -0.019685,
        -0.346457 0.025591 -0.019685,
        -0.346457 0.616142 -0.019685,
        -0.698819 0.616142 -0.019685,
        -0.698819 0.025591 -0.019685,
        -0.655512 -0.053150 -0.212598,
        -0.446851 -0.053150 -0.212598,
        -0.242126 -0.053150 -0.212598,
        -0.289370 -0.053150 -0.212598,
        -0.104331 -0.053150 -0.212598,
        -0.127953 -0.053150 -0.212598,
        -0.151575 -0.053150 -0.212598,
        0.033465 -0.053150 -0.212598,
        0.009843 -0.053150 -0.212598,
        -0.013780 -0.053150 -0.212598,
        0.171260 -0.053150 -0.212598,
        0.147638 -0.053150 -0.212598,
        0.124016 -0.053150 -0.212598,
        0.309055 -0.053150 -0.212598,
        0.285433 -0.053150 -0.212598,
        0.261811 -0.053150 -0.212598,
        0.446850 -0.053150 -0.212598,
        0.423228 -0.053150 -0.212598,
        0.399606 -0.053150 -0.212598,
        -0.330709 0.025591 -0.035433,
        -0.330709 0.586614 -0.035433,
        -0.330709 0.616142 -0.035433,
        -0.734244 0.017002 -0.044178,
        -0.737190 0.021185 -0.051423,
        -0.737190 0.019359 -0.052823,
        -0.738189 0.025591 -0.059055,
        -0.737190 0.023310 -0.050543,
        -0.698819 -0.012622 -0.050263,
        -0.698819 -0.012438 -0.048865,
        -0.707269 -0.011552 -0.049102,
        -0.698819 -0.009586 -0.041980,
        -0.698819 -0.008505 -0.039370,
        -0.707269 -0.007710 -0.039828,
        -0.698819 -0.004831 -0.034583,
        -0.698819 -0.002248 -0.031216,
        -0.707269 -0.001599 -0.031865,
        -0.698819 0.001413 -0.028407,
        -0.698819 0.005906 -0.024959,
        -0.707269 0.006365 -0.025754,
        -0.698819 0.008858 -0.023736,
        -0.698819 0.015401 -0.021026,
        -0.707269 0.015639 -0.021912,
        -0.698819 0.017166 -0.020794,
        -0.707269 0.025591 -0.020602,
        -0.734244 0.021145 -0.042463,
        -0.729500 0.019206 -0.035224,
        -0.737190 0.025591 -0.050242,
        -0.734244 0.025591 -0.041877,
        -0.729500 0.025591 -0.034383,
        -0.723200 0.025591 -0.028142,
        -0.715662 0.016381 -0.024682,
        -0.715662 0.025591 -0.023469,
        -0.723200 0.017590 -0.029195,
        -0.715662 0.007798 -0.028237,
        -0.723200 0.010135 -0.032283,
        -0.729500 0.013256 -0.037689,
        -0.715662 0.000428 -0.033892,
        -0.723200 0.003732 -0.037196,
        -0.729500 0.008146 -0.041609,
        -0.734244 0.013444 -0.046908,
        -0.715662 -0.005227 -0.041262,
        -0.723200 -0.001180 -0.043598,
        -0.729500 0.004225 -0.046719,
        -0.734244 0.010715 -0.050466,
        -0.737190 0.017959 -0.054648,
        -0.737190 0.017079 -0.056774,
        -0.734244 0.008999 -0.054609,
        -0.729500 0.001761 -0.052669,
        -0.723200 -0.004269 -0.051054,
        -0.715662 -0.008782 -0.049844,
        -0.698819 -0.013779 -0.059055,
        -0.707269 -0.012862 -0.059055,
        -0.715662 -0.009994 -0.059055,
        -0.723200 -0.005322 -0.059055,
        -0.729500 0.000920 -0.059055,
        -0.734244 0.008413 -0.059055,
        -0.737190 0.016778 -0.059055,
        -0.346457 -0.012792 -0.050294,
        -0.346457 -0.012775 -0.050244,
        -0.346457 0.016830 -0.020672,
        -0.346457 0.008757 -0.023496,
        -0.346457 0.017144 -0.020636,
        -0.346457 0.017092 -0.020642,
        -0.346457 0.001222 -0.028162,
        -0.346457 0.008509 -0.023583,
        -0.346457 0.008658 -0.023531,
        -0.346457 -0.005078 -0.034396,
        -0.346457 0.001044 -0.028274,
        -0.346457 0.001089 -0.028246,
        -0.346457 -0.009824 -0.041883,
        -0.346457 -0.005218 -0.034552,
        -0.346457 -0.005190 -0.034508,
        -0.346457 -0.009933 -0.042122,
        -0.346457 -0.009880 -0.041973,
        -0.346457 -0.012822 -0.050556,
        -0.346457 -0.013779 -0.059055,
        -0.330709 0.020490 -0.035990,
        -0.330709 0.001969 -0.059055,
        -0.330709 0.002526 -0.053954,
        -0.330709 0.015428 -0.037731,
        -0.330709 0.010887 -0.040567,
        -0.330709 0.007102 -0.044352,
        -0.330709 0.004267 -0.048892,
        -0.346457 0.655512 -0.059055,
        -0.346457 0.654589 -0.050605,
        -0.330709 0.639764 -0.059055,
        -0.330709 0.639206 -0.053954,
        -0.346457 0.654583 -0.050553,
        -0.346457 0.651716 -0.042216,
        -0.330709 0.637466 -0.048892,
        -0.346457 0.651682 -0.042116,
        -0.346457 0.647039 -0.034683,
        -0.330709 0.634630 -0.044352,
        -0.346457 0.646956 -0.034550,
        -0.346457 0.640796 -0.028390,
        -0.330709 0.630845 -0.040567,
        -0.346457 0.640647 -0.028241,
        -0.346457 0.633304 -0.023655,
        -0.330709 0.626305 -0.037731,
        -0.346457 0.624644 -0.020614,
        -0.330709 0.621243 -0.035990,
        -0.346457 0.624943 -0.020717,
        -0.346457 0.633080 -0.023515,
        -0.698819 0.624933 -0.020842,
        -0.698819 0.655512 -0.059055,
        -0.698819 0.654403 -0.050630,
        -0.698819 0.654170 -0.048865,
        -0.698819 0.651460 -0.042322,
        -0.698819 0.650237 -0.039370,
        -0.698819 0.646790 -0.034877,
        -0.698819 0.643981 -0.031216,
        -0.698819 0.640614 -0.028633,
        -0.698819 0.635827 -0.024959,
        -0.698819 0.633217 -0.023878,
        -0.698819 0.626331 -0.021026,
        -0.707269 0.626094 -0.021913,
        -0.707269 0.635368 -0.025754,
        -0.707269 0.643332 -0.031865,
        -0.707269 0.649443 -0.039829,
        -0.707269 0.653284 -0.049103,
        -0.707269 0.654594 -0.059055,
        -0.715662 0.625352 -0.024682,
        -0.715662 0.633935 -0.028237,
        -0.723200 0.624143 -0.029196,
        -0.723200 0.631598 -0.032284,
        -0.729500 0.622527 -0.035225,
        -0.729500 0.628477 -0.037689,
        -0.734244 0.620588 -0.042463,
        -0.734244 0.624731 -0.044179,
        -0.737190 0.618422 -0.050543,
        -0.737190 0.620548 -0.051423,
        -0.738189 0.616142 -0.059055,
        -0.715662 0.641304 -0.033892,
        -0.723200 0.638000 -0.037196,
        -0.729500 0.633587 -0.041610,
        -0.734244 0.628288 -0.046909,
        -0.737190 0.622373 -0.052824,
        -0.707269 0.616142 -0.020602,
        -0.715662 0.616142 -0.023470,
        -0.723200 0.616142 -0.028143,
        -0.729500 0.616142 -0.034384,
        -0.734244 0.616142 -0.041878,
        -0.737190 0.616142 -0.050243,
        -0.715662 0.646960 -0.041262,
        -0.715662 0.650515 -0.049845,
        -0.723200 0.642913 -0.043599,
        -0.723200 0.646001 -0.051054,
        -0.729500 0.637507 -0.046719,
        -0.729500 0.639972 -0.052670,
        -0.734244 0.631018 -0.050466,
        -0.734244 0.632734 -0.054609,
        -0.737190 0.623774 -0.054649,
        -0.737190 0.624654 -0.056774,
        -0.715662 0.651727 -0.059055,
        -0.723200 0.647054 -0.059055,
        -0.729500 0.640813 -0.059055,
        -0.734244 0.633319 -0.059055,
        -0.737190 0.624954 -0.059055,
        -0.707269 0.025591 -0.020602,
        -0.707269 0.616142 -0.020603,
        -0.729500 0.025591 -0.034384,
        -0.655512 0.694882 -0.212599,
        -0.446851 0.694882 -0.212599,
        -0.655512 0.694882 -0.236221,
        -0.446851 0.694882 -0.236221,
        -0.446851 0.671260 -0.236221,
        -0.655512 0.671260 -0.236221,
        -0.242126 0.694882 -0.212598,
        -0.242126 0.694882 -0.236220,
        -0.289370 0.694882 -0.212598,
        -0.289370 0.694882 -0.236220,
        -0.289370 0.663386 -0.236220,
        -0.242126 0.663386 -0.236220,
        -0.104331 0.694882 -0.212598,
        -0.104331 0.694882 -0.236220,
        -0.127953 0.694882 -0.212598,
        -0.151575 0.694882 -0.236220,
        -0.151575 0.694882 -0.212598,
        -0.104331 0.663386 -0.236220,
        -0.151575 0.663386 -0.236220,
        0.033465 0.694882 -0.212598,
        0.033465 0.694882 -0.236220,
        0.009843 0.694882 -0.212598,
        -0.013780 0.694882 -0.236220,
        -0.013780 0.694882 -0.212598,
        0.033465 0.663386 -0.236220,
        -0.013780 0.663386 -0.236220,
        0.171260 0.694882 -0.212598,
        0.171260 0.694882 -0.236220,
        0.147638 0.694882 -0.212598,
        0.124016 0.694882 -0.236220,
        0.124016 0.694882 -0.212598,
        0.171260 0.663386 -0.236220,
        0.124016 0.663386 -0.236220,
        0.309055 0.694882 -0.212598,
        0.309055 0.694882 -0.236220,
        0.285433 0.694882 -0.212598,
        0.261811 0.694882 -0.236220,
        0.261811 0.694882 -0.212598,
        0.309055 0.663386 -0.236220,
        0.261811 0.663386 -0.236220,
        0.446850 0.694882 -0.212598,
        0.446850 0.694882 -0.236220,
        0.423228 0.694882 -0.212598,
        0.399606 0.694882 -0.236220,
        0.399606 0.694882 -0.212598,
        0.446850 0.663386 -0.236220,
        0.399606 0.663386 -0.236220,
        0.393701 0.543509 -0.107023,
        0.452756 0.543509 -0.107023,
        0.452756 0.540856 -0.105752,
        0.393701 0.540856 -0.105752,
        0.452756 0.538598 -0.103864,
        0.393701 0.538598 -0.103864,
        0.452756 0.536877 -0.101476,
        0.393701 0.536877 -0.101476,
        0.452756 0.535800 -0.098738,
        0.393701 0.535800 -0.098738,
        0.452756 0.535433 -0.095818,
        0.393701 0.535433 -0.095818,
        0.452756 0.535433 -0.093249,
        0.393701 0.535433 -0.093249,
        0.452756 0.535682 -0.090839,
        0.393701 0.535682 -0.090839,
        0.452756 0.536417 -0.088530,
        0.393701 0.536417 -0.088530,
        0.452756 0.537608 -0.086420,
        0.393701 0.537608 -0.086420,
        0.393701 0.104124 -0.086419,
        0.452756 0.104124 -0.086419,
        0.452756 0.105315 -0.088530,
        0.393701 0.105315 -0.088530,
        0.452756 0.106050 -0.090839,
        0.393701 0.106050 -0.090839,
        0.452756 0.106299 -0.093249,
        0.393701 0.106299 -0.093249,
        0.452756 0.106299 -0.095818,
        0.393701 0.106299 -0.095818,
        0.452756 0.105933 -0.098737,
        0.393701 0.105933 -0.098737,
        0.452756 0.104856 -0.101476,
        0.393701 0.104856 -0.101476,
        0.452756 0.103135 -0.103863,
        0.393701 0.103135 -0.103863,
        0.452756 0.100877 -0.105751,
        0.393701 0.100877 -0.105751,
        0.452756 0.098223 -0.107022,
        0.393701 0.098223 -0.107022,
        0.399606 -0.049213 -0.212598,
        0.423228 -0.049213 -0.212598,
        0.446850 -0.049213 -0.212598,
        0.309055 -0.049213 -0.212598,
        0.261811 -0.049213 -0.212598,
        0.285433 -0.049213 -0.212598,
        0.286146 -0.049213 -0.212598,
        0.124016 -0.049213 -0.212598,
        0.147638 -0.049213 -0.212598,
        0.171260 -0.049213 -0.212598,
        -0.013780 -0.049213 -0.212598,
        0.009843 -0.049213 -0.212598,
        0.033465 -0.049213 -0.212598,
        -0.151575 -0.049213 -0.212598,
        -0.127953 -0.049213 -0.212598,
        -0.104331 -0.049213 -0.212598,
        -0.289370 -0.049213 -0.212598,
        -0.242126 -0.049213 -0.212598,
        -0.655512 -0.049213 -0.212598,
        -0.446851 -0.049213 -0.212598,
      ]
    }
    coordIndex [
      2, 0, 26, -1,
      26, 0, 25, -1,
      27, 28, 29, -1,
      29, 28, 30, -1,
      31, 30, 28, -1,
      32, 33, 34, -1,
      35, 36, 37, -1,
      38, 39, 40, -1,
      41, 42, 43, -1,
      44, 45, 46, -1,
      47, 4, 48, -1,
      31, 28, 49, -1,
      49, 28, 27, -1,
      49, 27, 50, -1,
      51, 30, 31, -1,
      51, 31, 52, -1,
      52, 31, 49, -1,
      52, 49, 53, -1,
      53, 49, 50, -1,
      53, 50, 54, -1,
      45, 47, 46, -1,
      46, 47, 48, -1,
      46, 48, 55, -1,
      55, 48, 56, -1,
      55, 56, 57, -1,
      42, 44, 43, -1,
      43, 44, 46, -1,
      43, 46, 58, -1,
      58, 46, 55, -1,
      58, 55, 59, -1,
      59, 55, 57, -1,
      59, 57, 60, -1,
      39, 41, 40, -1,
      40, 41, 43, -1,
      40, 43, 61, -1,
      61, 43, 58, -1,
      61, 58, 62, -1,
      62, 58, 59, -1,
      62, 59, 63, -1,
      63, 59, 60, -1,
      63, 60, 64, -1,
      36, 38, 37, -1,
      37, 38, 40, -1,
      37, 40, 65, -1,
      65, 40, 61, -1,
      65, 61, 66, -1,
      66, 61, 62, -1,
      66, 62, 67, -1,
      67, 62, 63, -1,
      67, 63, 68, -1,
      68, 63, 64, -1,
      68, 64, 69, -1,
      69, 70, 68, -1,
      68, 70, 71, -1,
      68, 71, 67, -1,
      67, 71, 72, -1,
      67, 72, 66, -1,
      66, 72, 73, -1,
      66, 73, 65, -1,
      65, 73, 74, -1,
      65, 74, 37, -1,
      37, 74, 34, -1,
      37, 34, 35, -1,
      35, 34, 33, -1,
      75, 32, 76, -1,
      76, 32, 34, -1,
      76, 34, 77, -1,
      77, 34, 74, -1,
      77, 74, 78, -1,
      78, 74, 73, -1,
      78, 73, 79, -1,
      79, 73, 72, -1,
      79, 72, 80, -1,
      80, 72, 71, -1,
      80, 71, 81, -1,
      81, 71, 70, -1,
      81, 70, 30, -1,
      69, 30, 70, -1,
      56, 54, 57, -1,
      57, 54, 50, -1,
      57, 50, 60, -1,
      60, 50, 27, -1,
      60, 27, 64, -1,
      64, 27, 29, -1,
      64, 29, 69, -1,
      69, 29, 30, -1,
      82, 83, 32, -1,
      84, 47, 85, -1,
      85, 47, 45, -1,
      85, 45, 44, -1,
      1, 4, 86, -1,
      86, 4, 47, -1,
      86, 47, 87, -1,
      87, 47, 84, -1,
      41, 88, 42, -1,
      42, 88, 89, -1,
      42, 89, 44, -1,
      44, 89, 90, -1,
      44, 90, 85, -1,
      38, 91, 39, -1,
      39, 91, 92, -1,
      39, 92, 41, -1,
      41, 92, 93, -1,
      41, 93, 88, -1,
      35, 94, 36, -1,
      36, 94, 95, -1,
      36, 95, 38, -1,
      38, 95, 96, -1,
      38, 96, 91, -1,
      32, 83, 33, -1,
      33, 83, 97, -1,
      33, 97, 35, -1,
      35, 97, 98, -1,
      35, 98, 94, -1,
      82, 32, 99, -1,
      99, 32, 75, -1,
      99, 75, 100, -1,
      1, 86, 24, -1,
      24, 86, 101, -1,
      100, 102, 99, -1,
      99, 102, 103, -1,
      99, 103, 82, -1,
      85, 104, 84, -1,
      84, 104, 101, -1,
      84, 101, 87, -1,
      87, 101, 86, -1,
      88, 105, 89, -1,
      89, 105, 104, -1,
      89, 104, 90, -1,
      90, 104, 85, -1,
      91, 106, 92, -1,
      92, 106, 105, -1,
      92, 105, 93, -1,
      93, 105, 88, -1,
      91, 96, 106, -1,
      106, 96, 95, -1,
      106, 95, 107, -1,
      107, 95, 94, -1,
      94, 98, 107, -1,
      107, 98, 97, -1,
      107, 97, 103, -1,
      103, 97, 83, -1,
      103, 83, 82, -1,
      108, 109, 110, -1,
      110, 109, 111, -1,
      109, 112, 111, -1,
      111, 112, 113, -1,
      111, 113, 114, -1,
      113, 115, 114, -1,
      114, 115, 116, -1,
      114, 116, 117, -1,
      116, 118, 117, -1,
      117, 118, 119, -1,
      117, 119, 120, -1,
      119, 121, 120, -1,
      120, 121, 122, -1,
      120, 122, 123, -1,
      2, 26, 124, -1,
      124, 26, 125, -1,
      124, 125, 126, -1,
      126, 125, 123, -1,
      126, 123, 127, -1,
      127, 123, 122, -1,
      128, 3, 2, -1,
      108, 129, 109, -1,
      109, 129, 130, -1,
      109, 130, 112, -1,
      112, 130, 131, -1,
      112, 131, 113, -1,
      113, 131, 132, -1,
      113, 132, 115, -1,
      115, 132, 133, -1,
      115, 133, 116, -1,
      116, 133, 134, -1,
      116, 134, 118, -1,
      118, 134, 135, -1,
      118, 135, 119, -1,
      119, 135, 136, -1,
      119, 136, 121, -1,
      121, 136, 137, -1,
      121, 137, 122, -1,
      122, 137, 138, -1,
      122, 138, 127, -1,
      127, 138, 139, -1,
      127, 139, 126, -1,
      126, 139, 128, -1,
      126, 128, 124, -1,
      124, 128, 2, -1,
      128, 139, 140, -1,
      138, 137, 141, -1,
      136, 135, 142, -1,
      134, 133, 143, -1,
      132, 131, 144, -1,
      130, 129, 145, -1,
      139, 138, 140, -1,
      140, 138, 141, -1,
      140, 141, 146, -1,
      146, 141, 147, -1,
      146, 147, 148, -1,
      148, 147, 149, -1,
      148, 149, 150, -1,
      150, 149, 151, -1,
      150, 151, 152, -1,
      152, 151, 153, -1,
      152, 153, 154, -1,
      154, 153, 155, -1,
      154, 155, 156, -1,
      137, 136, 141, -1,
      141, 136, 142, -1,
      141, 142, 147, -1,
      147, 142, 157, -1,
      147, 157, 149, -1,
      149, 157, 158, -1,
      149, 158, 151, -1,
      151, 158, 159, -1,
      151, 159, 153, -1,
      153, 159, 160, -1,
      153, 160, 155, -1,
      155, 160, 161, -1,
      155, 161, 156, -1,
      3, 128, 162, -1,
      162, 128, 140, -1,
      162, 140, 163, -1,
      163, 140, 146, -1,
      163, 146, 164, -1,
      164, 146, 148, -1,
      164, 148, 165, -1,
      165, 148, 150, -1,
      165, 150, 166, -1,
      166, 150, 152, -1,
      166, 152, 167, -1,
      167, 152, 154, -1,
      167, 154, 156, -1,
      133, 132, 143, -1,
      143, 132, 144, -1,
      143, 144, 168, -1,
      168, 144, 169, -1,
      168, 169, 170, -1,
      170, 169, 171, -1,
      170, 171, 172, -1,
      172, 171, 173, -1,
      172, 173, 174, -1,
      174, 173, 175, -1,
      174, 175, 176, -1,
      176, 175, 177, -1,
      176, 177, 156, -1,
      131, 130, 144, -1,
      144, 130, 145, -1,
      144, 145, 169, -1,
      169, 145, 178, -1,
      169, 178, 171, -1,
      171, 178, 179, -1,
      171, 179, 173, -1,
      173, 179, 180, -1,
      173, 180, 175, -1,
      175, 180, 181, -1,
      175, 181, 177, -1,
      177, 181, 182, -1,
      177, 182, 156, -1,
      135, 134, 142, -1,
      142, 134, 143, -1,
      142, 143, 157, -1,
      157, 143, 168, -1,
      157, 168, 158, -1,
      158, 168, 170, -1,
      158, 170, 159, -1,
      159, 170, 172, -1,
      159, 172, 160, -1,
      160, 172, 174, -1,
      160, 174, 161, -1,
      161, 174, 176, -1,
      161, 176, 156, -1,
      183, 4, 3, -1,
      3, 184, 183, -1,
      183, 184, 163, -1,
      183, 163, 56, -1,
      56, 163, 164, -1,
      56, 164, 54, -1,
      54, 164, 165, -1,
      54, 165, 185, -1,
      185, 165, 166, -1,
      185, 166, 52, -1,
      52, 166, 167, -1,
      52, 167, 51, -1,
      51, 167, 156, -1,
      51, 156, 30, -1,
      186, 187, 188, -1,
      188, 187, 189, -1,
      189, 190, 188, -1,
      188, 190, 191, -1,
      192, 193, 194, -1,
      194, 193, 195, -1,
      196, 195, 197, -1,
      197, 195, 193, -1,
      198, 199, 200, -1,
      200, 199, 201, -1,
      200, 201, 202, -1,
      199, 203, 201, -1,
      201, 203, 204, -1,
      205, 206, 207, -1,
      207, 206, 208, -1,
      207, 208, 209, -1,
      206, 210, 208, -1,
      208, 210, 211, -1,
      212, 213, 214, -1,
      214, 213, 215, -1,
      214, 215, 216, -1,
      213, 217, 215, -1,
      215, 217, 218, -1,
      219, 220, 221, -1,
      221, 220, 222, -1,
      221, 222, 223, -1,
      220, 224, 222, -1,
      222, 224, 225, -1,
      226, 227, 228, -1,
      228, 227, 229, -1,
      228, 229, 230, -1,
      227, 231, 229, -1,
      229, 231, 232, -1,
      233, 234, 235, -1,
      233, 235, 236, -1,
      236, 235, 237, -1,
      236, 237, 238, -1,
      238, 237, 239, -1,
      238, 239, 240, -1,
      240, 239, 241, -1,
      240, 241, 242, -1,
      242, 241, 243, -1,
      242, 243, 244, -1,
      243, 245, 244, -1,
      244, 245, 246, -1,
      246, 245, 247, -1,
      246, 247, 248, -1,
      248, 247, 249, -1,
      248, 249, 250, -1,
      250, 249, 251, -1,
      250, 251, 252, -1,
      253, 254, 255, -1,
      253, 255, 256, -1,
      256, 255, 257, -1,
      256, 257, 258, -1,
      258, 257, 259, -1,
      258, 259, 260, -1,
      261, 262, 259, -1,
      259, 262, 260, -1,
      262, 261, 263, -1,
      262, 263, 264, -1,
      264, 263, 265, -1,
      264, 265, 266, -1,
      266, 265, 267, -1,
      266, 267, 268, -1,
      268, 267, 269, -1,
      268, 269, 270, -1,
      270, 269, 271, -1,
      270, 271, 272, -1,
      273, 23, 274, -1,
      274, 23, 22, -1,
      274, 22, 275, -1,
      275, 22, 21, -1,
      19, 18, 276, -1,
      277, 20, 278, -1,
      278, 20, 19, -1,
      278, 19, 279, -1,
      279, 19, 276, -1,
      280, 17, 281, -1,
      281, 17, 16, -1,
      281, 16, 282, -1,
      282, 16, 15, -1,
      283, 14, 284, -1,
      284, 14, 13, -1,
      284, 13, 285, -1,
      285, 13, 12, -1,
      286, 11, 287, -1,
      287, 11, 10, -1,
      287, 10, 288, -1,
      288, 10, 9, -1,
      8, 7, 289, -1,
      289, 7, 290, -1,
      5, 6, 291, -1,
      291, 6, 292, -1,
    ]
  }
}

Shape {
  appearance Appearance {
    material Material {
      diffuseColor 0.2510 0.2510 0.2510
      specularColor 0.1255 0.1255 0.1255
      ambientIntensity 0.2
      transparency 0.0000
      shininess 0.5
    }
  }
  geometry IndexedFaceSet {
    ccw TRUE
    solid FALSE
    coord DEF co Coordinate {
      point [
        -0.346457 0.531496 -0.074803,
        -0.346457 0.531496 -0.163386,
        -0.330709 0.547244 -0.074804,
        -0.346787 0.531166 -0.167323,
        -0.330708 0.547244 -0.167323,
        -0.330709 0.547244 -0.086614,
      ]
    }
    coordIndex [
      1, 3, 4, -1,
      1, 4, 0, -1,
      0, 4, 5, -1,
      0, 5, 2, -1,
    ]
  }
}

Shape {
  appearance Appearance {
    material Material {
      diffuseColor 1.0000 1.0000 0.5020
      specularColor 0.8784 0.8784 0.4431
      ambientIntensity 0.2
      transparency 0.0000
      shininess 0.5
    }
  }
  geometry IndexedFaceSet {
    ccw TRUE
    solid FALSE
    coord DEF co Coordinate {
      point [
        -0.295276 0.543509 -0.107023,
        -0.236220 0.543509 -0.107023,
        -0.236220 0.540856 -0.105752,
        -0.295276 0.540856 -0.105752,
        -0.236220 0.538598 -0.103864,
        -0.295276 0.538598 -0.103864,
        -0.236220 0.536877 -0.101476,
        -0.295276 0.536877 -0.101476,
        -0.236220 0.535800 -0.098738,
        -0.295276 0.535800 -0.098738,
        -0.236220 0.535433 -0.095818,
        -0.295276 0.535433 -0.095818,
        -0.236220 0.535433 -0.093249,
        -0.295276 0.535433 -0.093249,
        -0.236220 0.535682 -0.090839,
        -0.295276 0.535682 -0.090839,
        -0.236220 0.536417 -0.088530,
        -0.295276 0.536417 -0.088530,
        -0.236220 0.537608 -0.086420,
        -0.295276 0.537608 -0.086420,
        -0.157480 0.543509 -0.107023,
        -0.098425 0.543509 -0.107023,
        -0.098425 0.540856 -0.105752,
        -0.157480 0.540856 -0.105752,
        -0.098425 0.538598 -0.103864,
        -0.157480 0.538598 -0.103864,
        -0.098425 0.536877 -0.101476,
        -0.157480 0.536877 -0.101476,
        -0.098425 0.535800 -0.098738,
        -0.157480 0.535800 -0.098738,
        -0.098425 0.535433 -0.095818,
        -0.157480 0.535433 -0.095818,
        -0.098425 0.535433 -0.093249,
        -0.157480 0.535433 -0.093249,
        -0.098425 0.535682 -0.090839,
        -0.157480 0.535682 -0.090839,
        -0.098425 0.536417 -0.088530,
        -0.157480 0.536417 -0.088530,
        -0.098425 0.537608 -0.086420,
        -0.157480 0.537608 -0.086420,
        -0.019685 0.543509 -0.107023,
        0.039370 0.543509 -0.107023,
        0.039370 0.540856 -0.105752,
        -0.019685 0.540856 -0.105752,
        0.039370 0.538598 -0.103864,
        -0.019685 0.538598 -0.103864,
        0.039370 0.536877 -0.101476,
        -0.019685 0.536877 -0.101476,
        0.039370 0.535800 -0.098738,
        -0.019685 0.535800 -0.098738,
        0.039370 0.535433 -0.095818,
        -0.019685 0.535433 -0.095818,
        0.039370 0.535433 -0.093249,
        -0.019685 0.535433 -0.093249,
        0.039370 0.535682 -0.090839,
        -0.019685 0.535682 -0.090839,
        0.039370 0.536417 -0.088530,
        -0.019685 0.536417 -0.088530,
        0.039370 0.537608 -0.086420,
        -0.019685 0.537608 -0.086420,
        0.118110 0.543509 -0.107023,
        0.177165 0.543509 -0.107023,
        0.177165 0.540856 -0.105752,
        0.118110 0.540856 -0.105752,
        0.177165 0.538598 -0.103864,
        0.118110 0.538598 -0.103864,
        0.177165 0.536877 -0.101476,
        0.118110 0.536877 -0.101476,
        0.177165 0.535800 -0.098738,
        0.118110 0.535800 -0.098738,
        0.177165 0.535433 -0.095818,
        0.118110 0.535433 -0.095818,
        0.177165 0.535433 -0.093249,
        0.118110 0.535433 -0.093249,
        0.177165 0.535682 -0.090839,
        0.118110 0.535682 -0.090839,
        0.177165 0.536417 -0.088530,
        0.118110 0.536417 -0.088530,
        0.177165 0.537608 -0.086420,
        0.118110 0.537608 -0.086420,
        0.255906 0.543509 -0.107023,
        0.314961 0.543509 -0.107023,
        0.314961 0.540856 -0.105752,
        0.255906 0.540856 -0.105752,
        0.314961 0.538598 -0.103864,
        0.255906 0.538598 -0.103864,
        0.314961 0.536877 -0.101476,
        0.255906 0.536877 -0.101476,
        0.314961 0.535800 -0.098738,
        0.255906 0.535800 -0.098738,
        0.314961 0.535433 -0.095818,
        0.255906 0.535433 -0.095818,
        0.314961 0.535433 -0.093249,
        0.255906 0.535433 -0.093249,
        0.314961 0.535682 -0.090839,
        0.255906 0.535682 -0.090839,
        0.314961 0.536417 -0.088530,
        0.255906 0.536417 -0.088530,
        0.314961 0.537608 -0.086420,
        0.255906 0.537608 -0.086420,
        0.314961 0.555219 -0.061572,
        0.255906 0.555219 -0.061572,
        0.177165 0.555219 -0.061572,
        0.118110 0.555219 -0.061572,
        0.039370 0.555219 -0.061572,
        -0.019685 0.555219 -0.061572,
        -0.295276 0.555219 -0.061572,
        -0.236220 0.555219 -0.061572,
        -0.098425 0.555219 -0.061572,
        -0.157480 0.555219 -0.061572,
        0.393701 0.543509 -0.107023,
        0.452756 0.543509 -0.107023,
        0.393701 0.540856 -0.105752,
        0.393701 0.538598 -0.103864,
        0.393701 0.536877 -0.101476,
        0.393701 0.535800 -0.098738,
        0.393701 0.535433 -0.095818,
        0.393701 0.535433 -0.093249,
        0.393701 0.535682 -0.090839,
        0.393701 0.536417 -0.088530,
        0.393701 0.537608 -0.086420,
        -0.295276 0.551533 -0.067824,
        -0.295276 0.547244 -0.086614,
        -0.295276 0.548330 -0.076978,
        -0.295276 0.547244 -0.108268,
        -0.236220 0.547244 -0.108268,
        -0.236220 0.551533 -0.067824,
        -0.236220 0.548330 -0.076978,
        -0.236220 0.547244 -0.086614,
        -0.157480 0.551533 -0.067824,
        -0.157480 0.548330 -0.076978,
        -0.157480 0.547244 -0.086614,
        -0.157480 0.547244 -0.108268,
        -0.098425 0.547244 -0.108268,
        -0.127953 0.547244 -0.108268,
        -0.098425 0.547244 -0.086614,
        -0.098425 0.551584 -0.067719,
        -0.098425 0.548343 -0.076920,
        -0.019685 0.551407 -0.068087,
        -0.019685 0.548254 -0.077319,
        -0.019685 0.547244 -0.086614,
        -0.019685 0.547244 -0.108268,
        0.039370 0.547244 -0.108268,
        0.009843 0.547244 -0.108268,
        0.039370 0.547244 -0.086614,
        0.039370 0.551584 -0.067719,
        0.039370 0.548343 -0.076920,
        0.118110 0.551407 -0.068087,
        0.118110 0.548254 -0.077319,
        0.118110 0.547244 -0.086614,
        0.118110 0.547244 -0.108268,
        0.177165 0.547244 -0.108268,
        0.147638 0.547244 -0.108268,
        0.177165 0.547244 -0.086614,
        0.177165 0.551533 -0.067824,
        0.177165 0.548330 -0.076978,
        0.255906 0.551407 -0.068087,
        0.255906 0.548254 -0.077319,
        0.255906 0.547244 -0.086614,
        0.255906 0.547244 -0.108268,
        0.314961 0.547244 -0.108268,
        0.285433 0.547244 -0.108268,
        0.314961 0.547244 -0.086614,
        0.314961 0.551584 -0.067719,
        0.314961 0.548343 -0.076920,
        0.393701 0.555219 -0.061572,
        0.393701 0.551407 -0.068087,
        0.393701 0.548254 -0.077319,
        0.393701 0.547244 -0.086614,
        0.393701 0.547244 -0.108268,
        0.452756 0.547244 -0.108268,
        0.423228 0.547244 -0.108268,
      ]
    }
    coordIndex [
      19, 106, 121, -1,
      11, 13, 122, -1,
      122, 13, 15, -1,
      121, 123, 19, -1,
      19, 123, 122, -1,
      19, 122, 17, -1,
      17, 122, 15, -1,
      124, 0, 122, -1,
      122, 0, 3, -1,
      122, 3, 5, -1,
      5, 7, 122, -1,
      122, 7, 9, -1,
      122, 9, 11, -1,
      125, 1, 124, -1,
      124, 1, 0, -1,
      107, 18, 126, -1,
      126, 18, 127, -1,
      14, 12, 128, -1,
      128, 12, 10, -1,
      127, 18, 128, -1,
      128, 18, 16, -1,
      128, 16, 14, -1,
      4, 2, 128, -1,
      128, 2, 1, -1,
      128, 1, 125, -1,
      10, 8, 128, -1,
      128, 8, 6, -1,
      128, 6, 4, -1,
      109, 129, 39, -1,
      39, 129, 130, -1,
      39, 130, 131, -1,
      131, 132, 20, -1,
      33, 35, 131, -1,
      131, 35, 37, -1,
      131, 37, 39, -1,
      20, 23, 131, -1,
      131, 23, 25, -1,
      131, 25, 27, -1,
      27, 29, 131, -1,
      131, 29, 31, -1,
      131, 31, 33, -1,
      133, 21, 134, -1,
      134, 21, 20, -1,
      134, 20, 132, -1,
      21, 133, 135, -1,
      108, 38, 136, -1,
      136, 38, 137, -1,
      21, 135, 22, -1,
      137, 38, 135, -1,
      135, 38, 36, -1,
      135, 36, 34, -1,
      34, 32, 135, -1,
      135, 32, 30, -1,
      135, 30, 28, -1,
      28, 26, 135, -1,
      135, 26, 24, -1,
      135, 24, 22, -1,
      105, 138, 59, -1,
      59, 138, 139, -1,
      59, 139, 140, -1,
      140, 141, 40, -1,
      53, 55, 140, -1,
      140, 55, 57, -1,
      140, 57, 59, -1,
      40, 43, 140, -1,
      140, 43, 45, -1,
      140, 45, 47, -1,
      47, 49, 140, -1,
      140, 49, 51, -1,
      140, 51, 53, -1,
      142, 41, 143, -1,
      143, 41, 40, -1,
      143, 40, 141, -1,
      41, 142, 144, -1,
      104, 58, 145, -1,
      145, 58, 146, -1,
      41, 144, 42, -1,
      146, 58, 144, -1,
      144, 58, 56, -1,
      144, 56, 54, -1,
      54, 52, 144, -1,
      144, 52, 50, -1,
      144, 50, 48, -1,
      48, 46, 144, -1,
      144, 46, 44, -1,
      144, 44, 42, -1,
      103, 147, 79, -1,
      79, 147, 148, -1,
      79, 148, 149, -1,
      149, 150, 60, -1,
      73, 75, 149, -1,
      149, 75, 77, -1,
      149, 77, 79, -1,
      60, 63, 149, -1,
      149, 63, 65, -1,
      149, 65, 67, -1,
      67, 69, 149, -1,
      149, 69, 71, -1,
      149, 71, 73, -1,
      151, 61, 152, -1,
      152, 61, 60, -1,
      152, 60, 150, -1,
      61, 151, 153, -1,
      102, 78, 154, -1,
      154, 78, 155, -1,
      61, 153, 62, -1,
      155, 78, 153, -1,
      153, 78, 76, -1,
      153, 76, 74, -1,
      74, 72, 153, -1,
      153, 72, 70, -1,
      153, 70, 68, -1,
      68, 66, 153, -1,
      153, 66, 64, -1,
      153, 64, 62, -1,
      101, 156, 99, -1,
      99, 156, 157, -1,
      99, 157, 158, -1,
      158, 159, 80, -1,
      93, 95, 158, -1,
      158, 95, 97, -1,
      158, 97, 99, -1,
      80, 83, 158, -1,
      158, 83, 85, -1,
      158, 85, 87, -1,
      87, 89, 158, -1,
      158, 89, 91, -1,
      158, 91, 93, -1,
      160, 81, 161, -1,
      161, 81, 80, -1,
      161, 80, 159, -1,
      81, 160, 162, -1,
      100, 98, 163, -1,
      163, 98, 164, -1,
      81, 162, 82, -1,
      164, 98, 162, -1,
      162, 98, 96, -1,
      162, 96, 94, -1,
      94, 92, 162, -1,
      162, 92, 90, -1,
      162, 90, 88, -1,
      88, 86, 162, -1,
      162, 86, 84, -1,
      162, 84, 82, -1,
      165, 166, 120, -1,
      120, 166, 167, -1,
      120, 167, 168, -1,
      168, 169, 110, -1,
      117, 118, 168, -1,
      168, 118, 119, -1,
      168, 119, 120, -1,
      110, 112, 168, -1,
      168, 112, 113, -1,
      168, 113, 114, -1,
      114, 115, 168, -1,
      168, 115, 116, -1,
      168, 116, 117, -1,
      170, 111, 171, -1,
      171, 111, 110, -1,
      171, 110, 169, -1,
    ]
  }
}

Shape {
  appearance Appearance {
    material Material {
      diffuseColor 0.2510 0.2510 0.2510
      specularColor 0.1255 0.1255 0.1255
      ambientIntensity 0.2
      transparency 0.0000
      shininess 0.5
    }
  }
  geometry IndexedFaceSet {
    ccw TRUE
    solid FALSE
    coord DEF co Coordinate {
      point [
        -0.572835 0.110236 -0.163385,
        -0.592520 0.129922 -0.163385,
        -0.592520 0.179134 -0.163385,
        -0.346457 0.110236 -0.163385,
        -0.344122 0.127334 -0.186089,
        -0.344001 0.127752 -0.186155,
        -0.565582 0.127744 -0.186203,
        -0.565235 0.128584 -0.186313,
        -0.343619 0.129080 -0.186365,
        -0.563050 0.133858 -0.187007,
        -0.342476 0.133048 -0.186994,
        -0.342240 0.133858 -0.187007,
        -0.346700 0.117207 -0.180044,
        -0.346618 0.117678 -0.180596,
        -0.567943 0.122047 -0.183843,
        -0.345968 0.120376 -0.182590,
        -0.345563 0.122056 -0.183832,
        -0.567293 0.123614 -0.184492,
        -0.345540 0.122150 -0.183902,
        -0.344889 0.124530 -0.184906,
        -0.347210 0.114305 -0.176639,
        -0.569969 0.117155 -0.180089,
        -0.347225 0.113876 -0.175831,
        -0.570733 0.115311 -0.178014,
        -0.347237 0.113509 -0.175139,
        -0.569132 0.119175 -0.181639,
        -0.346778 0.116767 -0.179527,
        -0.572463 0.111133 -0.169468,
        -0.347293 0.111923 -0.172152,
        -0.571894 0.112507 -0.173491,
        -0.571475 0.113519 -0.175124,
        -0.346787 0.110567 -0.167322,
        -0.572607 0.110787 -0.168456,
        -0.347011 0.111168 -0.169464,
        -0.347246 0.111796 -0.171696,
        -0.591969 0.130150 -0.168456,
        -0.590249 0.130862 -0.173491,
        -0.587445 0.132024 -0.178014,
        -0.583700 0.133575 -0.181794,
        -0.579204 0.135437 -0.184641,
        -0.574185 0.137516 -0.186408,
        -0.568898 0.139706 -0.187007,
        -0.568898 0.179134 -0.187007,
        -0.574172 0.179134 -0.186313,
        -0.575011 0.179134 -0.186203,
        -0.579143 0.179134 -0.184492,
        -0.580709 0.179134 -0.183843,
        -0.583581 0.179134 -0.181639,
        -0.585601 0.179134 -0.180089,
        -0.587287 0.179134 -0.177892,
        -0.589355 0.179134 -0.175196,
        -0.591854 0.179134 -0.168441,
        -0.591715 0.179134 -0.169499,
        -0.590089 0.179134 -0.173425,
      ]
    }
    coordIndex [
      4, 5, 6, -1,
      6, 5, 7, -1,
      7, 5, 8, -1,
      7, 8, 9, -1,
      9, 8, 10, -1,
      9, 10, 11, -1,
      12, 13, 14, -1,
      13, 15, 14, -1,
      14, 15, 16, -1,
      14, 16, 17, -1,
      17, 16, 18, -1,
      17, 18, 6, -1,
      6, 18, 19, -1,
      6, 19, 4, -1,
      20, 21, 22, -1,
      22, 21, 23, -1,
      22, 23, 24, -1,
      14, 25, 12, -1,
      12, 25, 21, -1,
      12, 21, 26, -1,
      26, 21, 20, -1,
      27, 28, 29, -1,
      29, 28, 24, -1,
      29, 24, 30, -1,
      30, 24, 23, -1,
      0, 3, 31, -1,
      0, 31, 32, -1,
      32, 31, 33, -1,
      32, 33, 27, -1,
      27, 33, 34, -1,
      27, 34, 28, -1,
      35, 1, 0, -1,
      0, 32, 35, -1,
      35, 32, 27, -1,
      35, 27, 36, -1,
      27, 29, 36, -1,
      36, 29, 30, -1,
      36, 30, 37, -1,
      30, 23, 37, -1,
      37, 23, 21, -1,
      37, 21, 38, -1,
      21, 25, 38, -1,
      38, 25, 14, -1,
      38, 14, 39, -1,
      14, 17, 39, -1,
      39, 17, 6, -1,
      39, 6, 40, -1,
      6, 7, 40, -1,
      40, 7, 9, -1,
      40, 9, 41, -1,
      41, 42, 43, -1,
      41, 43, 40, -1,
      40, 43, 44, -1,
      40, 44, 39, -1,
      44, 45, 39, -1,
      39, 45, 46, -1,
      39, 46, 38, -1,
      46, 47, 38, -1,
      38, 47, 48, -1,
      38, 48, 37, -1,
      48, 49, 37, -1,
      37, 49, 50, -1,
      37, 50, 36, -1,
      2, 1, 51, -1,
      51, 1, 35, -1,
      51, 35, 52, -1,
      52, 35, 36, -1,
      52, 36, 53, -1,
      53, 36, 50, -1,
    ]
  }
}

Shape {
  appearance Appearance {
    material Material {
      diffuseColor 1.0000 1.0000 0.5020
      specularColor 0.8784 0.8784 0.4431
      ambientIntensity 0.2
      transparency 0.0000
      shininess 0.5
    }
  }
  geometry IndexedFaceSet {
    ccw TRUE
    solid FALSE
    coord DEF co Coordinate {
      point [
        -0.651575 0.179134 -0.019685,
        -0.651575 0.462599 -0.019685,
        -0.651575 0.179134 -0.020676,
        -0.638061 0.179134 -0.021207,
        -0.637558 0.179134 -0.021264,
        -0.624642 0.179134 -0.025784,
        -0.624244 0.179134 -0.025923,
        -0.612585 0.179134 -0.033248,
        -0.612300 0.179134 -0.033428,
        -0.602505 0.179134 -0.043223,
        -0.602326 0.179134 -0.043402,
        -0.594911 0.179134 -0.055203,
        -0.594821 0.179134 -0.055346,
        -0.590190 0.179134 -0.068580,
        -0.590162 0.179134 -0.068660,
        -0.588583 0.179134 -0.082677,
        -0.592520 0.179134 -0.090551,
        -0.592520 0.179134 -0.163385,
        -0.635702 0.179134 -0.025316,
        -0.635282 0.179134 -0.025555,
        -0.593917 0.179134 -0.078655,
        -0.594449 0.179134 -0.074126,
        -0.598917 0.179134 -0.061920,
        -0.600133 0.179134 -0.058597,
        -0.607870 0.179134 -0.046907,
        -0.609261 0.179134 -0.044807,
        -0.621337 0.179134 -0.033508,
        -0.620241 0.179134 -0.034533,
        -0.635702 0.462599 -0.025316,
        -0.651575 0.462599 -0.020676,
        -0.621337 0.462599 -0.033508,
        -0.620036 0.462599 -0.034725,
        -0.635130 0.462599 -0.025643,
        -0.607658 0.462599 -0.047229,
        -0.609261 0.462599 -0.044807,
        -0.600133 0.462599 -0.058597,
        -0.598748 0.462599 -0.062381,
        -0.594449 0.462599 -0.074127,
        -0.593848 0.462599 -0.079247,
        -0.592520 0.462599 -0.090551,
        -0.588583 0.179134 -0.159448,
        -0.588583 0.320866 -0.159448,
        -0.588583 0.462599 -0.082677,
        -0.588583 0.462598 -0.159449,
        -0.590162 0.462599 -0.068660,
        -0.594821 0.462599 -0.055346,
        -0.602326 0.462599 -0.043402,
        -0.612300 0.462599 -0.033428,
        -0.624244 0.462599 -0.025923,
        -0.637558 0.462599 -0.021264,
        -0.592520 0.462598 -0.163386,
        -0.568898 0.179134 -0.187007,
        -0.574172 0.179134 -0.186313,
        -0.575011 0.179134 -0.186203,
        -0.579143 0.179134 -0.184492,
        -0.580709 0.179134 -0.183843,
        -0.583581 0.179134 -0.181639,
        -0.585601 0.179134 -0.180089,
        -0.587287 0.179134 -0.177892,
        -0.589355 0.179134 -0.175196,
        -0.591854 0.179134 -0.168441,
        -0.591715 0.179134 -0.169499,
        -0.590089 0.179134 -0.173425,
        -0.561024 0.179134 -0.187007,
        -0.567156 0.179134 -0.186317,
        -0.567191 0.179134 -0.186304,
        -0.572981 0.179134 -0.184278,
        -0.573044 0.179134 -0.184239,
        -0.578206 0.179134 -0.180995,
        -0.582570 0.179134 -0.176631,
        -0.578285 0.179134 -0.180917,
        -0.587917 0.179134 -0.165361,
        -0.587892 0.179134 -0.165581,
        -0.585915 0.179134 -0.171232,
        -0.585854 0.179134 -0.171406,
        -0.582649 0.179134 -0.176506,
        -0.561024 0.320866 -0.187007,
        -0.567156 0.320866 -0.186317,
        -0.567191 0.320866 -0.186304,
        -0.572981 0.320866 -0.184278,
        -0.573044 0.320866 -0.184239,
        -0.578206 0.320866 -0.180995,
        -0.578285 0.320866 -0.180917,
        -0.582570 0.320866 -0.176631,
        -0.582649 0.320866 -0.176506,
        -0.585854 0.320866 -0.171406,
        -0.585915 0.320866 -0.171232,
        -0.587892 0.320866 -0.165581,
        -0.587917 0.320866 -0.165361,
        -0.561024 0.462598 -0.187008,
        -0.567156 0.462598 -0.186317,
        -0.572981 0.462598 -0.184278,
        -0.578206 0.462598 -0.180995,
        -0.582570 0.462598 -0.176631,
        -0.585854 0.462598 -0.171406,
        -0.587892 0.462598 -0.165581,
        -0.568898 0.462598 -0.187008,
        -0.591715 0.462598 -0.169500,
        -0.591830 0.462598 -0.168629,
        -0.585601 0.462598 -0.180089,
        -0.583505 0.462598 -0.181697,
        -0.580709 0.462598 -0.183843,
        -0.587209 0.462598 -0.177993,
        -0.589355 0.462598 -0.175197,
        -0.590028 0.462598 -0.173572,
        -0.574141 0.462598 -0.186317,
        -0.575011 0.462598 -0.186203,
        -0.579084 0.462598 -0.184516,
      ]
    }
    coordIndex [
      63, 64, 51, -1,
      51, 64, 65, -1,
      51, 65, 52, -1,
      27, 25, 9, -1,
      9, 25, 24, -1,
      9, 24, 10, -1,
      10, 24, 23, -1,
      15, 14, 21, -1,
      21, 14, 13, -1,
      21, 13, 22, -1,
      22, 13, 12, -1,
      22, 12, 23, -1,
      23, 12, 11, -1,
      23, 11, 10, -1,
      26, 5, 19, -1,
      19, 5, 4, -1,
      19, 4, 18, -1,
      18, 4, 3, -1,
      18, 3, 2, -1,
      2, 3, 0, -1,
      9, 8, 27, -1,
      27, 8, 7, -1,
      27, 7, 26, -1,
      26, 7, 6, -1,
      26, 6, 5, -1,
      65, 66, 52, -1,
      52, 66, 67, -1,
      52, 67, 53, -1,
      53, 67, 68, -1,
      69, 56, 70, -1,
      70, 56, 55, -1,
      70, 55, 68, -1,
      68, 55, 54, -1,
      68, 54, 53, -1,
      21, 20, 15, -1,
      15, 20, 16, -1,
      15, 16, 40, -1,
      40, 16, 17, -1,
      40, 17, 71, -1,
      71, 17, 60, -1,
      71, 60, 72, -1,
      72, 60, 61, -1,
      72, 61, 73, -1,
      73, 61, 62, -1,
      73, 62, 74, -1,
      74, 62, 59, -1,
      74, 59, 75, -1,
      75, 59, 58, -1,
      75, 58, 69, -1,
      69, 58, 57, -1,
      69, 57, 56, -1,
      63, 76, 64, -1,
      64, 76, 77, -1,
      64, 77, 65, -1,
      65, 77, 78, -1,
      65, 78, 66, -1,
      66, 78, 79, -1,
      66, 79, 67, -1,
      67, 79, 80, -1,
      67, 80, 68, -1,
      68, 80, 81, -1,
      68, 81, 70, -1,
      70, 81, 82, -1,
      70, 82, 69, -1,
      69, 82, 83, -1,
      69, 83, 75, -1,
      75, 83, 84, -1,
      75, 84, 74, -1,
      74, 84, 85, -1,
      74, 85, 73, -1,
      73, 85, 86, -1,
      73, 86, 72, -1,
      72, 86, 87, -1,
      72, 87, 71, -1,
      71, 87, 88, -1,
      71, 88, 40, -1,
      40, 88, 41, -1,
      76, 89, 77, -1,
      77, 89, 90, -1,
      91, 92, 81, -1,
      81, 80, 91, -1,
      91, 80, 79, -1,
      91, 79, 90, -1,
      90, 79, 78, -1,
      90, 78, 77, -1,
      93, 94, 85, -1,
      85, 84, 93, -1,
      93, 84, 83, -1,
      93, 83, 92, -1,
      92, 83, 82, -1,
      92, 82, 81, -1,
      95, 43, 41, -1,
      41, 88, 95, -1,
      95, 88, 87, -1,
      95, 87, 94, -1,
      94, 87, 86, -1,
      94, 86, 85, -1,
      90, 89, 96, -1,
      29, 1, 28, -1,
      28, 1, 49, -1,
      28, 49, 32, -1,
      90, 96, 91, -1,
      36, 45, 37, -1,
      37, 45, 44, -1,
      37, 44, 38, -1,
      38, 44, 42, -1,
      94, 97, 95, -1,
      95, 97, 98, -1,
      95, 98, 43, -1,
      43, 98, 50, -1,
      43, 50, 42, -1,
      42, 50, 39, -1,
      42, 39, 38, -1,
      36, 35, 45, -1,
      45, 35, 33, -1,
      45, 33, 46, -1,
      46, 33, 34, -1,
      46, 34, 47, -1,
      47, 34, 31, -1,
      47, 31, 30, -1,
      99, 93, 100, -1,
      100, 93, 92, -1,
      100, 92, 101, -1,
      32, 49, 30, -1,
      30, 49, 48, -1,
      30, 48, 47, -1,
      99, 102, 93, -1,
      93, 102, 103, -1,
      93, 103, 94, -1,
      94, 103, 104, -1,
      94, 104, 97, -1,
      96, 105, 91, -1,
      91, 105, 106, -1,
      91, 106, 92, -1,
      92, 106, 107, -1,
      92, 107, 101, -1,
    ]
  }
}

Shape {
  appearance Appearance {
    material Material {
      diffuseColor 0.2510 0.2510 0.2510
      specularColor 0.1255 0.1255 0.1255
      ambientIntensity 0.2
      transparency 0.0000
      shininess 0.5
    }
  }
  geometry IndexedFaceSet {
    ccw TRUE
    solid FALSE
    coord DEF co Coordinate {
      point [
        -0.592520 0.511811 -0.163386,
        -0.592520 0.462598 -0.163386,
        -0.572835 0.531496 -0.163386,
        -0.346457 0.531496 -0.163386,
        -0.346787 0.531166 -0.167323,
        -0.568898 0.462598 -0.187008,
        -0.591715 0.462598 -0.169500,
        -0.591830 0.462598 -0.168629,
        -0.585601 0.462598 -0.180089,
        -0.583505 0.462598 -0.181697,
        -0.580709 0.462598 -0.183843,
        -0.587209 0.462598 -0.177993,
        -0.589355 0.462598 -0.175197,
        -0.590028 0.462598 -0.173572,
        -0.574141 0.462598 -0.186317,
        -0.575011 0.462598 -0.186203,
        -0.579084 0.462598 -0.184516,
        -0.591928 0.511566 -0.168642,
        -0.590180 0.510842 -0.173635,
        -0.587366 0.509676 -0.178114,
        -0.583626 0.508127 -0.181854,
        -0.579147 0.506272 -0.184669,
        -0.574154 0.504204 -0.186415,
        -0.568898 0.502026 -0.187008,
        -0.572589 0.530904 -0.168642,
        -0.572469 0.530613 -0.169472,
        -0.571866 0.529157 -0.173635,
        -0.571478 0.528220 -0.175126,
        -0.570700 0.526343 -0.178114,
        -0.569969 0.524577 -0.180089,
        -0.569101 0.522481 -0.181697,
        -0.567943 0.519685 -0.183843,
        -0.567269 0.518060 -0.184516,
        -0.565582 0.513988 -0.186203,
        -0.565222 0.513117 -0.186317,
        -0.563050 0.507874 -0.187008,
        -0.342240 0.507874 -0.187008,
        -0.342476 0.508685 -0.186994,
        -0.343619 0.512652 -0.186365,
        -0.344001 0.513980 -0.186155,
        -0.344122 0.514398 -0.186089,
        -0.344889 0.517202 -0.184906,
        -0.345540 0.519582 -0.183902,
        -0.345563 0.519677 -0.183832,
        -0.345968 0.521357 -0.182590,
        -0.346618 0.524055 -0.180596,
        -0.346700 0.524525 -0.180044,
        -0.346778 0.524965 -0.179528,
        -0.347210 0.527428 -0.176639,
        -0.347225 0.527856 -0.175832,
        -0.347237 0.528224 -0.175139,
        -0.347293 0.529809 -0.172153,
        -0.347246 0.529937 -0.171696,
        -0.347011 0.530565 -0.169464,
      ]
    }
    coordIndex [
      0, 1, 7, -1,
      0, 7, 17, -1,
      17, 7, 6, -1,
      17, 6, 18, -1,
      6, 13, 18, -1,
      18, 13, 12, -1,
      18, 12, 19, -1,
      12, 11, 19, -1,
      19, 11, 8, -1,
      19, 8, 20, -1,
      8, 9, 20, -1,
      20, 9, 10, -1,
      20, 10, 21, -1,
      10, 16, 21, -1,
      21, 16, 15, -1,
      21, 15, 22, -1,
      15, 14, 22, -1,
      22, 14, 5, -1,
      22, 5, 23, -1,
      0, 17, 2, -1,
      2, 17, 24, -1,
      24, 17, 25, -1,
      25, 17, 18, -1,
      25, 18, 26, -1,
      26, 18, 27, -1,
      27, 18, 19, -1,
      27, 19, 28, -1,
      28, 19, 29, -1,
      29, 19, 20, -1,
      29, 20, 30, -1,
      30, 20, 31, -1,
      31, 20, 21, -1,
      31, 21, 32, -1,
      32, 21, 33, -1,
      33, 21, 22, -1,
      33, 22, 34, -1,
      34, 22, 23, -1,
      34, 23, 35, -1,
      35, 36, 34, -1,
      34, 36, 37, -1,
      34, 37, 33, -1,
      37, 38, 33, -1,
      33, 38, 39, -1,
      33, 39, 40, -1,
      40, 41, 33, -1,
      33, 41, 42, -1,
      33, 42, 32, -1,
      32, 42, 43, -1,
      32, 43, 31, -1,
      43, 44, 31, -1,
      31, 44, 45, -1,
      31, 45, 30, -1,
      30, 45, 46, -1,
      30, 46, 29, -1,
      46, 47, 29, -1,
      29, 47, 48, -1,
      29, 48, 28, -1,
      28, 48, 49, -1,
      28, 49, 27, -1,
      27, 49, 50, -1,
      27, 50, 26, -1,
      26, 50, 51, -1,
      26, 51, 25, -1,
      51, 52, 25, -1,
      25, 52, 53, -1,
      25, 53, 24, -1,
      24, 53, 4, -1,
      24, 4, 2, -1,
      2, 4, 3, -1,
    ]
  }
}

Shape {
  appearance Appearance {
    material Material {
      diffuseColor 1.0000 1.0000 0.5020
      specularColor 0.8784 0.8784 0.4431
      ambientIntensity 0.2
      transparency 0.0000
      shininess 0.5
    }
  }
  geometry IndexedFaceSet {
    ccw TRUE
    solid FALSE
    coord DEF co Coordinate {
      point [
        -0.452756 0.320866 -0.173994,
        -0.452756 0.269676 -0.173994,
        -0.452756 0.372057 -0.173994,
        -0.457994 0.373511 -0.183198,
        -0.458100 0.373540 -0.183269,
        -0.458097 0.372048 -0.183275,
        -0.468265 0.376363 -0.187007,
        -0.468265 0.372047 -0.187007,
        -0.464658 0.375361 -0.186583,
        -0.464807 0.372048 -0.186623,
        -0.464611 0.375348 -0.186578,
        -0.464619 0.372048 -0.186556,
        -0.461158 0.372047 -0.185310,
        -0.458142 0.372048 -0.183323,
        -0.461140 0.372047 -0.185304,
        -0.461122 0.374380 -0.185294,
        -0.461159 0.374390 -0.185308,
        -0.455598 0.372846 -0.180576,
        -0.455593 0.372047 -0.180580,
        -0.455454 0.372806 -0.180419,
        -0.455491 0.372047 -0.180471,
        -0.453790 0.372344 -0.177380,
        -0.453798 0.372048 -0.177376,
        -0.453646 0.372304 -0.177117,
        -0.453619 0.372048 -0.177049,
        -0.461140 0.372047 -0.185304,
        -0.461158 0.372047 -0.185311,
        -0.461157 0.320866 -0.185313,
        -0.464611 0.320866 -0.186578,
        -0.468265 0.320866 -0.187007,
        -0.458091 0.320866 -0.183281,
        -0.455580 0.320866 -0.180593,
        -0.455593 0.372047 -0.180581,
        -0.453761 0.320866 -0.177396,
        -0.455594 0.269685 -0.180581,
        -0.458092 0.320866 -0.183281,
        -0.453619 0.269684 -0.177049,
        -0.453761 0.320866 -0.177396,
        -0.453798 0.269684 -0.177376,
        -0.455491 0.269685 -0.180471,
        -0.461159 0.269685 -0.185311,
        -0.461140 0.269685 -0.185304,
        -0.458142 0.269685 -0.183323,
        -0.458097 0.269685 -0.183275,
        -0.464620 0.269685 -0.186556,
        -0.464807 0.269685 -0.186623,
        -0.468265 0.269685 -0.187007,
        -0.468265 0.265370 -0.187007,
        -0.464680 0.266365 -0.186586,
        -0.464619 0.269685 -0.186556,
        -0.464611 0.266384 -0.186578,
        -0.461162 0.267342 -0.185314,
        -0.461159 0.269685 -0.185310,
        -0.461157 0.267343 -0.185313,
        -0.461140 0.269685 -0.185304,
        -0.458096 0.268193 -0.183275,
        -0.458045 0.268207 -0.183242,
        -0.455591 0.268889 -0.180583,
        -0.455507 0.268912 -0.180492,
        -0.453780 0.269391 -0.177385,
        -0.453688 0.269417 -0.177220,
      ]
    }
    coordIndex [
      3, 4, 5, -1,
      6, 7, 8, -1,
      8, 7, 9, -1,
      8, 9, 10, -1,
      10, 9, 11, -1,
      10, 11, 12, -1,
      5, 4, 13, -1,
      13, 4, 14, -1,
      14, 4, 15, -1,
      14, 15, 12, -1,
      12, 15, 16, -1,
      12, 16, 10, -1,
      3, 5, 17, -1,
      17, 5, 18, -1,
      17, 18, 19, -1,
      19, 18, 20, -1,
      19, 20, 21, -1,
      21, 20, 22, -1,
      21, 22, 23, -1,
      23, 22, 24, -1,
      23, 24, 2, -1,
      25, 26, 27, -1,
      27, 26, 11, -1,
      27, 11, 28, -1,
      28, 11, 9, -1,
      28, 9, 29, -1,
      29, 9, 7, -1,
      25, 27, 13, -1,
      13, 27, 30, -1,
      13, 30, 5, -1,
      5, 30, 31, -1,
      5, 31, 32, -1,
      33, 0, 2, -1,
      2, 24, 33, -1,
      33, 24, 22, -1,
      33, 22, 31, -1,
      31, 22, 20, -1,
      31, 20, 32, -1,
      34, 31, 35, -1,
      1, 0, 36, -1,
      36, 0, 37, -1,
      36, 37, 38, -1,
      31, 34, 37, -1,
      37, 34, 39, -1,
      37, 39, 38, -1,
      40, 41, 35, -1,
      41, 42, 35, -1,
      35, 42, 43, -1,
      35, 43, 34, -1,
      35, 27, 40, -1,
      40, 27, 28, -1,
      40, 28, 44, -1,
      44, 28, 45, -1,
      45, 28, 29, -1,
      45, 29, 46, -1,
      46, 47, 45, -1,
      45, 47, 48, -1,
      45, 48, 49, -1,
      48, 50, 49, -1,
      49, 50, 51, -1,
      49, 51, 52, -1,
      52, 51, 53, -1,
      52, 53, 54, -1,
      54, 53, 55, -1,
      54, 55, 42, -1,
      42, 55, 43, -1,
      43, 55, 56, -1,
      43, 56, 34, -1,
      56, 57, 34, -1,
      34, 57, 58, -1,
      34, 58, 39, -1,
      39, 58, 59, -1,
      39, 59, 38, -1,
      38, 59, 60, -1,
      38, 60, 36, -1,
      36, 60, 1, -1,
    ]
  }
}

Shape {
  appearance Appearance {
    material Material {
      diffuseColor 0.2510 0.2510 0.2510
      specularColor 0.1255 0.1255 0.1255
      ambientIntensity 0.2
      transparency 0.0000
      shininess 0.5
    }
  }
  geometry IndexedFaceSet {
    ccw TRUE
    solid FALSE
    coord DEF co Coordinate {
      point [
        0.314961 0.555219 -0.061572,
        0.285433 0.555219 -0.061572,
        0.255906 0.555219 -0.061572,
        0.177165 0.555219 -0.061572,
        0.147638 0.555219 -0.061572,
        0.118110 0.555219 -0.061572,
        0.039370 0.555219 -0.061572,
        0.009843 0.555219 -0.061572,
        -0.019685 0.555219 -0.061572,
        -0.295276 0.555219 -0.061572,
        -0.236220 0.555219 -0.061572,
        -0.098425 0.555219 -0.061572,
        -0.127953 0.555219 -0.061572,
        -0.157480 0.555219 -0.061572,
        -0.346787 0.531166 -0.167323,
        -0.330708 0.547244 -0.167323,
        -0.330709 0.547244 -0.086614,
        -0.295276 0.551533 -0.067824,
        -0.295276 0.547244 -0.086614,
        -0.295276 0.548330 -0.076978,
        -0.236220 0.551533 -0.067824,
        -0.236220 0.548330 -0.076978,
        -0.236220 0.547244 -0.086614,
        -0.157480 0.551533 -0.067824,
        -0.157480 0.548330 -0.076978,
        -0.157480 0.547244 -0.086614,
        -0.098425 0.547244 -0.086614,
        -0.098425 0.551584 -0.067719,
        -0.098425 0.548343 -0.076920,
        -0.019685 0.551407 -0.068087,
        -0.019685 0.548254 -0.077319,
        -0.019685 0.547244 -0.086614,
        0.039370 0.547244 -0.086614,
        0.039370 0.551584 -0.067719,
        0.039370 0.548343 -0.076920,
        0.118110 0.551407 -0.068087,
        0.118110 0.548254 -0.077319,
        0.118110 0.547244 -0.086614,
        0.177165 0.547244 -0.086614,
        0.177165 0.551533 -0.067824,
        0.177165 0.548330 -0.076978,
        0.255906 0.551407 -0.068087,
        0.255906 0.548254 -0.077319,
        0.255906 0.547244 -0.086614,
        0.314961 0.547244 -0.086614,
        0.314961 0.551584 -0.067719,
        0.314961 0.548343 -0.076920,
        -0.342240 0.507874 -0.187008,
        -0.342476 0.508685 -0.186994,
        -0.343619 0.512652 -0.186365,
        -0.344001 0.513980 -0.186155,
        -0.344889 0.517202 -0.184906,
        -0.345563 0.519677 -0.183832,
        -0.345968 0.521357 -0.182590,
        -0.346700 0.524525 -0.180044,
        -0.346778 0.524965 -0.179528,
        -0.347225 0.527856 -0.175832,
        -0.347237 0.528224 -0.175139,
        -0.347246 0.529937 -0.171696,
        -0.347011 0.530565 -0.169464,
        -0.330519 0.546786 -0.171548,
        -0.330497 0.546735 -0.171698,
        -0.329924 0.545352 -0.175744,
        -0.347294 0.529808 -0.172152,
        -0.329896 0.545283 -0.175856,
        -0.328957 0.543016 -0.179513,
        -0.347210 0.527428 -0.176639,
        -0.328926 0.542941 -0.179588,
        -0.327664 0.539895 -0.182663,
        -0.327636 0.539828 -0.182706,
        -0.346618 0.524055 -0.180596,
        -0.326112 0.536148 -0.185035,
        -0.326092 0.536098 -0.185053,
        -0.345541 0.519582 -0.183902,
        -0.324380 0.531966 -0.186508,
        -0.344122 0.514398 -0.186089,
        -0.324369 0.531939 -0.186511,
        -0.322555 0.527559 -0.187008,
        0.363478 0.547244 -0.086614,
        0.363478 0.548465 -0.077346,
        0.363478 0.548518 -0.076943,
        0.363478 0.548720 -0.075406,
        0.363478 0.551701 -0.068209,
        0.363478 0.551857 -0.067832,
        0.363478 0.557087 -0.059695,
        0.363478 0.556839 -0.060019,
        0.363478 0.553046 -0.064961,
        0.363478 0.590552 -0.043307,
        0.285433 0.590552 -0.043307,
        0.363478 0.581284 -0.044527,
        0.285433 0.581261 -0.044360,
        0.363478 0.580881 -0.044580,
        0.285433 0.580858 -0.044406,
        0.363478 0.579343 -0.044783,
        0.285433 0.572039 -0.047512,
        0.285433 0.563756 -0.052648,
        0.363478 0.568898 -0.049109,
        0.285433 0.571656 -0.047646,
        0.363478 0.571769 -0.047920,
        0.363478 0.572146 -0.047764,
        0.285433 0.556548 -0.059795,
        0.285433 0.556833 -0.059507,
        0.363478 0.559929 -0.055991,
        0.285433 0.563413 -0.052865,
        0.363478 0.563632 -0.053150,
        0.363478 0.563956 -0.052901,
        0.225682 0.556839 -0.060019,
        0.225682 0.553046 -0.064961,
        0.225682 0.551813 -0.067939,
        0.225682 0.551701 -0.068209,
        0.225682 0.548720 -0.075406,
        0.225682 0.548510 -0.077001,
        0.225682 0.548465 -0.077346,
        0.225682 0.547244 -0.086614,
        0.225682 0.559929 -0.055991,
        0.225682 0.556981 -0.059833,
        0.225682 0.568898 -0.049109,
        0.225682 0.563771 -0.053043,
        0.225682 0.563632 -0.053150,
        0.225682 0.579343 -0.044783,
        0.225682 0.571877 -0.047875,
        0.225682 0.571769 -0.047920,
        0.225682 0.590552 -0.043307,
        0.225682 0.580939 -0.044572,
        0.225682 0.580881 -0.044580,
        0.147638 0.590552 -0.043307,
        0.147638 0.580915 -0.044399,
        0.147638 0.556548 -0.059795,
        0.147638 0.556711 -0.059631,
        0.147638 0.571766 -0.047608,
        0.147638 0.580858 -0.044406,
        0.147638 0.563560 -0.052772,
        0.147638 0.571656 -0.047646,
        0.147638 0.563413 -0.052865,
        0.087887 0.556839 -0.060019,
        0.087887 0.553046 -0.064961,
        0.087887 0.551857 -0.067832,
        0.087887 0.551701 -0.068209,
        0.087887 0.548720 -0.075406,
        0.087887 0.548518 -0.076943,
        0.087887 0.548465 -0.077346,
        0.087887 0.547244 -0.086614,
        0.087887 0.559929 -0.055991,
        0.087887 0.557087 -0.059695,
        0.087887 0.568898 -0.049109,
        0.087887 0.563956 -0.052901,
        0.087887 0.563632 -0.053150,
        0.087887 0.579343 -0.044783,
        0.087887 0.572146 -0.047764,
        0.087887 0.571769 -0.047920,
        0.087887 0.590552 -0.043307,
        0.087887 0.581284 -0.044527,
        0.087887 0.580881 -0.044580,
        0.009843 0.590552 -0.043307,
        0.009843 0.581261 -0.044360,
        0.009843 0.580858 -0.044406,
        0.009843 0.572039 -0.047512,
        0.009843 0.563756 -0.052648,
        0.009843 0.571656 -0.047646,
        0.009843 0.556548 -0.059795,
        0.009843 0.556833 -0.059507,
        0.009843 0.563413 -0.052865,
        -0.049908 0.556839 -0.060019,
        -0.049908 0.553046 -0.064961,
        -0.049908 0.551857 -0.067832,
        -0.049908 0.551701 -0.068209,
        -0.049908 0.548720 -0.075406,
        -0.049908 0.548518 -0.076943,
        -0.049908 0.548465 -0.077346,
        -0.049908 0.547244 -0.086614,
        -0.049908 0.559929 -0.055991,
        -0.049908 0.557087 -0.059695,
        -0.049908 0.568898 -0.049109,
        -0.049908 0.563956 -0.052901,
        -0.049908 0.563632 -0.053150,
        -0.049908 0.579343 -0.044783,
        -0.049908 0.572146 -0.047764,
        -0.049908 0.571769 -0.047920,
        -0.049908 0.590552 -0.043307,
        -0.049908 0.581284 -0.044527,
        -0.049908 0.580881 -0.044580,
        -0.127953 0.556693 -0.059613,
        -0.127953 0.556816 -0.059490,
        -0.127953 0.590552 -0.043307,
        -0.127953 0.581260 -0.044354,
        -0.127953 0.580915 -0.044393,
        -0.127953 0.572035 -0.047500,
        -0.127953 0.563746 -0.052632,
        -0.127953 0.571761 -0.047596,
        -0.127953 0.563550 -0.052755,
        -0.330709 0.556693 -0.059613,
        -0.330709 0.551533 -0.067824,
        -0.330709 0.548330 -0.076978,
        -0.330709 0.563550 -0.052755,
        -0.330709 0.571761 -0.047596,
        -0.330709 0.580915 -0.044393,
        -0.330709 0.590552 -0.043307,
      ]
    }
    coordIndex [
      15, 14, 60, -1,
      60, 14, 59, -1,
      60, 59, 61, -1,
      61, 59, 58, -1,
      61, 58, 62, -1,
      62, 58, 63, -1,
      62, 63, 64, -1,
      63, 57, 64, -1,
      64, 57, 56, -1,
      64, 56, 65, -1,
      65, 56, 66, -1,
      65, 66, 67, -1,
      67, 66, 55, -1,
      67, 55, 68, -1,
      68, 55, 54, -1,
      68, 54, 69, -1,
      54, 70, 69, -1,
      69, 70, 53, -1,
      69, 53, 71, -1,
      71, 53, 52, -1,
      71, 52, 72, -1,
      52, 73, 72, -1,
      72, 73, 51, -1,
      72, 51, 74, -1,
      74, 51, 75, -1,
      74, 75, 76, -1,
      75, 50, 76, -1,
      76, 50, 49, -1,
      76, 49, 77, -1,
      77, 49, 48, -1,
      77, 48, 47, -1,
      78, 79, 44, -1,
      44, 79, 46, -1,
      79, 80, 46, -1,
      46, 80, 81, -1,
      46, 81, 45, -1,
      45, 81, 82, -1,
      45, 82, 83, -1,
      84, 0, 85, -1,
      85, 0, 45, -1,
      85, 45, 86, -1,
      86, 45, 83, -1,
      87, 88, 89, -1,
      89, 88, 90, -1,
      89, 90, 91, -1,
      91, 90, 92, -1,
      91, 92, 93, -1,
      93, 92, 94, -1,
      95, 96, 97, -1,
      97, 96, 98, -1,
      97, 98, 94, -1,
      94, 98, 99, -1,
      94, 99, 93, -1,
      1, 0, 100, -1,
      100, 0, 84, -1,
      100, 84, 101, -1,
      101, 84, 102, -1,
      101, 102, 103, -1,
      103, 102, 104, -1,
      103, 104, 95, -1,
      95, 104, 105, -1,
      95, 105, 96, -1,
      2, 1, 100, -1,
      106, 107, 41, -1,
      107, 108, 41, -1,
      41, 108, 109, -1,
      41, 109, 42, -1,
      42, 109, 110, -1,
      42, 110, 111, -1,
      111, 112, 42, -1,
      42, 112, 113, -1,
      42, 113, 43, -1,
      103, 114, 101, -1,
      101, 114, 115, -1,
      101, 115, 100, -1,
      100, 115, 106, -1,
      100, 106, 2, -1,
      2, 106, 41, -1,
      97, 116, 95, -1,
      95, 116, 117, -1,
      95, 117, 103, -1,
      103, 117, 118, -1,
      103, 118, 114, -1,
      92, 119, 94, -1,
      94, 119, 120, -1,
      94, 120, 97, -1,
      97, 120, 121, -1,
      97, 121, 116, -1,
      88, 122, 90, -1,
      90, 122, 123, -1,
      90, 123, 92, -1,
      92, 123, 124, -1,
      92, 124, 119, -1,
      122, 125, 126, -1,
      111, 40, 112, -1,
      112, 40, 38, -1,
      112, 38, 113, -1,
      108, 39, 109, -1,
      109, 39, 40, -1,
      109, 40, 110, -1,
      110, 40, 111, -1,
      127, 4, 3, -1,
      127, 3, 128, -1,
      129, 119, 130, -1,
      130, 119, 124, -1,
      130, 124, 126, -1,
      126, 124, 123, -1,
      126, 123, 122, -1,
      131, 116, 132, -1,
      132, 116, 121, -1,
      132, 121, 129, -1,
      129, 121, 120, -1,
      129, 120, 119, -1,
      108, 107, 39, -1,
      39, 107, 106, -1,
      39, 106, 3, -1,
      3, 106, 115, -1,
      3, 115, 128, -1,
      128, 115, 133, -1,
      115, 114, 133, -1,
      133, 114, 118, -1,
      133, 118, 131, -1,
      131, 118, 117, -1,
      131, 117, 116, -1,
      5, 4, 127, -1,
      134, 135, 35, -1,
      135, 136, 35, -1,
      35, 136, 137, -1,
      35, 137, 36, -1,
      36, 137, 138, -1,
      36, 138, 139, -1,
      139, 140, 36, -1,
      36, 140, 141, -1,
      36, 141, 37, -1,
      133, 142, 128, -1,
      128, 142, 143, -1,
      128, 143, 127, -1,
      127, 143, 134, -1,
      127, 134, 5, -1,
      5, 134, 35, -1,
      132, 144, 131, -1,
      131, 144, 145, -1,
      131, 145, 133, -1,
      133, 145, 146, -1,
      133, 146, 142, -1,
      130, 147, 129, -1,
      129, 147, 148, -1,
      129, 148, 132, -1,
      132, 148, 149, -1,
      132, 149, 144, -1,
      125, 150, 126, -1,
      126, 150, 151, -1,
      126, 151, 130, -1,
      130, 151, 152, -1,
      130, 152, 147, -1,
      141, 140, 32, -1,
      32, 140, 34, -1,
      140, 139, 34, -1,
      34, 139, 138, -1,
      34, 138, 33, -1,
      33, 138, 137, -1,
      33, 137, 136, -1,
      143, 6, 134, -1,
      134, 6, 33, -1,
      134, 33, 135, -1,
      135, 33, 136, -1,
      150, 153, 151, -1,
      151, 153, 154, -1,
      151, 154, 152, -1,
      152, 154, 155, -1,
      152, 155, 147, -1,
      147, 155, 156, -1,
      157, 144, 158, -1,
      158, 144, 149, -1,
      158, 149, 156, -1,
      156, 149, 148, -1,
      156, 148, 147, -1,
      7, 6, 159, -1,
      159, 6, 143, -1,
      159, 143, 160, -1,
      160, 143, 142, -1,
      160, 142, 161, -1,
      161, 142, 146, -1,
      161, 146, 157, -1,
      157, 146, 145, -1,
      157, 145, 144, -1,
      8, 7, 159, -1,
      162, 163, 29, -1,
      163, 164, 29, -1,
      29, 164, 165, -1,
      29, 165, 30, -1,
      30, 165, 166, -1,
      30, 166, 167, -1,
      167, 168, 30, -1,
      30, 168, 169, -1,
      30, 169, 31, -1,
      161, 170, 160, -1,
      160, 170, 171, -1,
      160, 171, 159, -1,
      159, 171, 162, -1,
      159, 162, 8, -1,
      8, 162, 29, -1,
      158, 172, 157, -1,
      157, 172, 173, -1,
      157, 173, 161, -1,
      161, 173, 174, -1,
      161, 174, 170, -1,
      155, 175, 156, -1,
      156, 175, 176, -1,
      156, 176, 158, -1,
      158, 176, 177, -1,
      158, 177, 172, -1,
      153, 178, 154, -1,
      154, 178, 179, -1,
      154, 179, 155, -1,
      155, 179, 180, -1,
      155, 180, 175, -1,
      169, 168, 26, -1,
      26, 168, 28, -1,
      168, 167, 28, -1,
      28, 167, 166, -1,
      28, 166, 27, -1,
      27, 166, 165, -1,
      27, 165, 164, -1,
      181, 12, 11, -1,
      181, 11, 182, -1,
      178, 183, 179, -1,
      179, 183, 184, -1,
      179, 184, 180, -1,
      180, 184, 185, -1,
      180, 185, 175, -1,
      175, 185, 186, -1,
      187, 172, 188, -1,
      188, 172, 177, -1,
      188, 177, 186, -1,
      186, 177, 176, -1,
      186, 176, 175, -1,
      164, 163, 27, -1,
      27, 163, 162, -1,
      27, 162, 11, -1,
      11, 162, 171, -1,
      11, 171, 182, -1,
      182, 171, 170, -1,
      182, 170, 189, -1,
      189, 170, 174, -1,
      189, 174, 187, -1,
      187, 174, 173, -1,
      187, 173, 172, -1,
      13, 12, 181, -1,
      22, 25, 24, -1,
      22, 24, 21, -1,
      21, 24, 23, -1,
      21, 23, 20, -1,
      17, 9, 190, -1,
      190, 9, 10, -1,
      190, 191, 17, -1,
      17, 191, 192, -1,
      17, 192, 19, -1,
      19, 192, 16, -1,
      19, 16, 18, -1,
      20, 23, 10, -1,
      10, 23, 13, -1,
      10, 13, 190, -1,
      190, 13, 181, -1,
      190, 181, 193, -1,
      181, 182, 193, -1,
      193, 182, 189, -1,
      193, 189, 194, -1,
      189, 187, 194, -1,
      194, 187, 188, -1,
      194, 188, 195, -1,
      188, 186, 195, -1,
      195, 186, 185, -1,
      195, 185, 196, -1,
      196, 185, 184, -1,
      196, 184, 183, -1,
    ]
  }
}

Shape {
  appearance Appearance {
    material Material {
      diffuseColor 1.0000 1.0000 0.5020
      specularColor 0.8784 0.8784 0.4431
      ambientIntensity 0.2
      transparency 0.0000
      shininess 0.5
    }
  }
  geometry IndexedFaceSet {
    ccw TRUE
    solid FALSE
    coord DEF co Coordinate {
      point [
        -0.777559 0.155512 -0.236220,
        -0.777559 0.486220 -0.236220,
        -0.753937 0.155512 -0.236220,
        -0.753937 0.486220 -0.236220,
        -0.777559 0.486220 -0.212598,
        -0.777559 0.155512 -0.212598,
        -0.773622 0.155512 -0.212598,
        -0.773622 0.486220 -0.212598,
        -0.446851 0.671260 -0.236221,
        -0.655512 0.671260 -0.236221,
        -0.289370 0.663386 -0.236220,
        -0.242126 0.663386 -0.236220,
        -0.104331 0.663386 -0.236220,
        -0.151575 0.663386 -0.236220,
        0.033465 0.663386 -0.236220,
        -0.013780 0.663386 -0.236220,
        0.171260 0.663386 -0.236220,
        0.124016 0.663386 -0.236220,
        0.309055 0.663386 -0.236220,
        0.261811 0.663386 -0.236220,
        0.446850 0.663386 -0.236220,
        0.399606 0.663386 -0.236220,
        0.446850 0.642647 -0.230315,
        0.399606 0.642647 -0.230315,
        0.399606 0.649154 -0.233558,
        0.446850 0.649154 -0.233558,
        0.399606 0.656147 -0.235549,
        0.446850 0.656147 -0.235549,
        0.309055 0.642647 -0.230315,
        0.261811 0.642647 -0.230315,
        0.261811 0.649154 -0.233558,
        0.309055 0.649154 -0.233558,
        0.261811 0.656147 -0.235549,
        0.309055 0.656147 -0.235549,
        0.171260 0.642647 -0.230315,
        0.124016 0.642647 -0.230315,
        0.124016 0.649154 -0.233558,
        0.171260 0.649154 -0.233558,
        0.124016 0.656147 -0.235549,
        0.171260 0.656147 -0.235549,
        0.033465 0.642647 -0.230315,
        -0.013780 0.642647 -0.230315,
        -0.013780 0.649154 -0.233558,
        0.033465 0.649154 -0.233558,
        -0.013780 0.656147 -0.235549,
        0.033465 0.656147 -0.235549,
        -0.104331 0.642647 -0.230315,
        -0.151575 0.642647 -0.230315,
        -0.151575 0.649154 -0.233558,
        -0.104331 0.649154 -0.233558,
        -0.151575 0.656147 -0.235549,
        -0.104331 0.656147 -0.235549,
        -0.242126 0.656147 -0.235549,
        -0.289370 0.656147 -0.235549,
        -0.242126 0.649154 -0.233558,
        -0.289370 0.649154 -0.233558,
        -0.242126 0.642647 -0.230315,
        -0.289370 0.642647 -0.230315,
        -0.446851 0.656946 -0.233526,
        -0.446851 0.650520 -0.230315,
        -0.655512 0.650520 -0.230315,
        -0.655512 0.656946 -0.233526,
        -0.655512 0.663977 -0.235541,
        -0.446851 0.663978 -0.235541,
        -0.773622 0.486220 -0.230315,
        -0.733198 0.486220 -0.230315,
        -0.739705 0.486220 -0.233558,
        -0.746698 0.486220 -0.235549,
        -0.746698 0.155512 -0.235549,
        -0.739706 0.155512 -0.233558,
        -0.733198 0.155512 -0.230315,
        -0.773622 0.155512 -0.230315,
      ]
    }
    coordIndex [
      22, 23, 24, -1,
      22, 24, 25, -1,
      25, 24, 26, -1,
      25, 26, 27, -1,
      27, 26, 21, -1,
      27, 21, 20, -1,
      28, 29, 30, -1,
      28, 30, 31, -1,
      31, 30, 32, -1,
      31, 32, 33, -1,
      33, 32, 19, -1,
      33, 19, 18, -1,
      34, 35, 36, -1,
      34, 36, 37, -1,
      37, 36, 38, -1,
      37, 38, 39, -1,
      39, 38, 17, -1,
      39, 17, 16, -1,
      40, 41, 42, -1,
      40, 42, 43, -1,
      43, 42, 44, -1,
      43, 44, 45, -1,
      45, 44, 15, -1,
      45, 15, 14, -1,
      46, 47, 48, -1,
      46, 48, 49, -1,
      49, 48, 50, -1,
      49, 50, 51, -1,
      51, 50, 13, -1,
      51, 13, 12, -1,
      10, 11, 52, -1,
      10, 52, 53, -1,
      53, 52, 54, -1,
      53, 54, 55, -1,
      55, 54, 56, -1,
      55, 56, 57, -1,
      58, 59, 60, -1,
      60, 61, 58, -1,
      58, 61, 62, -1,
      58, 62, 63, -1,
      63, 62, 9, -1,
      63, 9, 8, -1,
      4, 7, 1, -1,
      1, 7, 64, -1,
      1, 64, 3, -1,
      65, 66, 64, -1,
      64, 66, 67, -1,
      64, 67, 3, -1,
      2, 3, 67, -1,
      2, 67, 68, -1,
      68, 67, 66, -1,
      68, 66, 69, -1,
      69, 66, 65, -1,
      69, 65, 70, -1,
      6, 5, 71, -1,
      71, 5, 0, -1,
      71, 0, 2, -1,
      2, 68, 71, -1,
      71, 68, 69, -1,
      71, 69, 70, -1,
    ]
  }
}

Shape {
  appearance Appearance {
    material Material {
      diffuseColor 0.2510 0.2510 0.2510
      specularColor 0.1255 0.1255 0.1255
      ambientIntensity 0.2
      transparency 0.0000
      shininess 0.5
    }
  }
  geometry IndexedFaceSet {
    ccw TRUE
    solid FALSE
    coord DEF co Coordinate {
      point [
        -0.773622 0.155512 -0.212598,
        -0.773622 0.320866 -0.212598,
        -0.773622 0.486220 -0.212598,
        -0.773622 0.486220 -0.230315,
        -0.773622 0.155512 -0.230315,
        -0.773622 0.651575 -0.059055,
        -0.773622 0.651575 -0.230315,
        -0.773622 -0.009843 -0.230315,
        -0.773622 -0.009842 -0.059055,
        -0.734252 -0.049212 -0.078211,
        -0.734252 -0.049212 -0.059055,
        -0.742991 -0.048062 -0.059055,
        -0.762091 -0.037681 -0.059055,
        -0.764771 -0.034188 -0.059055,
        -0.765033 -0.034389 -0.230315,
        -0.772635 -0.018603 -0.230315,
        -0.772472 -0.018581 -0.059055,
        -0.769723 -0.026924 -0.230315,
        -0.768348 -0.029527 -0.059055,
        -0.769469 -0.026819 -0.059055,
        -0.772281 -0.020032 -0.059055,
        -0.758598 -0.040361 -0.059055,
        -0.758799 -0.040623 -0.230315,
        -0.753937 -0.043938 -0.059055,
        -0.751334 -0.045314 -0.230315,
        -0.751229 -0.045059 -0.059055,
        -0.734252 -0.049213 -0.115906,
        -0.734252 -0.049213 -0.230315,
        -0.734252 -0.049213 -0.189396,
        -0.743013 -0.048226 -0.230315,
        -0.734252 -0.049213 -0.174712,
        -0.734252 -0.049213 -0.126774,
        -0.744442 -0.047871 -0.059055,
      ]
    }
    coordIndex [
      5, 6, 3, -1,
      4, 7, 0, -1,
      0, 7, 8, -1,
      0, 8, 1, -1,
      1, 8, 5, -1,
      1, 5, 2, -1,
      2, 5, 3, -1,
      9, 10, 11, -1,
      12, 13, 14, -1,
      7, 15, 8, -1,
      8, 15, 16, -1,
      14, 13, 17, -1,
      13, 18, 17, -1,
      17, 18, 19, -1,
      17, 19, 15, -1,
      15, 19, 20, -1,
      15, 20, 16, -1,
      12, 14, 21, -1,
      21, 14, 22, -1,
      21, 22, 23, -1,
      23, 22, 24, -1,
      23, 24, 25, -1,
      9, 11, 26, -1,
      27, 28, 29, -1,
      29, 28, 30, -1,
      29, 30, 31, -1,
      25, 24, 32, -1,
      32, 24, 29, -1,
      32, 29, 11, -1,
      11, 29, 31, -1,
      11, 31, 26, -1,
    ]
  }
}

Shape {
  appearance Appearance {
    material Material {
      diffuseColor 1.0000 1.0000 0.5020
      specularColor 0.8784 0.8784 0.4431
      ambientIntensity 0.2
      transparency 0.0000
      shininess 0.5
    }
  }
  geometry IndexedFaceSet {
    ccw TRUE
    solid FALSE
    coord DEF co Coordinate {
      point [
        -0.446851 -0.053150 -0.236220,
        -0.655512 -0.053150 -0.236220,
        -0.446851 -0.029528 -0.236220,
        -0.655512 -0.029528 -0.236220,
        -0.655512 -0.053150 -0.212598,
        -0.446851 -0.053150 -0.212598,
        -0.289370 -0.021654 -0.236220,
        -0.242126 -0.021654 -0.236220,
        -0.289370 -0.053150 -0.236220,
        -0.242126 -0.053150 -0.236220,
        -0.242126 -0.053150 -0.212598,
        -0.289370 -0.053150 -0.212598,
        -0.104331 -0.053150 -0.236220,
        -0.151575 -0.053150 -0.236220,
        -0.104331 -0.021654 -0.236220,
        -0.151575 -0.021654 -0.236220,
        -0.104331 -0.053150 -0.212598,
        -0.151575 -0.053150 -0.212598,
        0.033465 -0.053150 -0.236220,
        -0.013780 -0.053150 -0.236220,
        0.033465 -0.021654 -0.236220,
        -0.013780 -0.021654 -0.236220,
        0.033465 -0.053150 -0.212598,
        -0.013780 -0.053150 -0.212598,
        0.171260 -0.053150 -0.236220,
        0.124016 -0.053150 -0.236220,
        0.171260 -0.021654 -0.236220,
        0.124016 -0.021654 -0.236220,
        0.171260 -0.053150 -0.212598,
        0.124016 -0.053150 -0.212598,
        0.309055 -0.053150 -0.236220,
        0.261811 -0.053150 -0.236220,
        0.309055 -0.021654 -0.236220,
        0.261811 -0.021654 -0.236220,
        0.309055 -0.053150 -0.212598,
        0.261811 -0.053150 -0.212598,
        0.446850 -0.053150 -0.236220,
        0.399606 -0.053150 -0.236220,
        0.446850 -0.021654 -0.236220,
        0.399606 -0.021654 -0.236220,
        0.446850 -0.053150 -0.212598,
        0.399606 -0.053150 -0.212598,
        0.399606 -0.049213 -0.212598,
        0.446850 -0.049213 -0.212598,
        0.309055 -0.049213 -0.212598,
        0.261811 -0.049213 -0.212598,
        0.124016 -0.049213 -0.212598,
        0.171260 -0.049213 -0.212598,
        -0.013780 -0.049213 -0.212598,
        0.033465 -0.049213 -0.212598,
        -0.151575 -0.049213 -0.212598,
        -0.104331 -0.049213 -0.212598,
        -0.289370 -0.049213 -0.212598,
        -0.242126 -0.049213 -0.212598,
        -0.655512 -0.049213 -0.212598,
        -0.446851 -0.049213 -0.212598,
        -0.655512 -0.049213 -0.230315,
        -0.655512 -0.008788 -0.230315,
        -0.655512 -0.015295 -0.233558,
        -0.655512 -0.022288 -0.235549,
        -0.446851 -0.022288 -0.235549,
        -0.446851 -0.015295 -0.233558,
        -0.446851 -0.008789 -0.230315,
        -0.446851 -0.049213 -0.230315,
        -0.289370 -0.049213 -0.230315,
        -0.289370 -0.000914 -0.230315,
        -0.289370 -0.007340 -0.233526,
        -0.289370 -0.014371 -0.235541,
        -0.242126 -0.000914 -0.230315,
        -0.242126 -0.007340 -0.233526,
        -0.242126 -0.014371 -0.235541,
        -0.242126 -0.049213 -0.230315,
        -0.151575 -0.049213 -0.230315,
        -0.151575 -0.000914 -0.230315,
        -0.151575 -0.007422 -0.233558,
        -0.151575 -0.014414 -0.235549,
        -0.104331 -0.014414 -0.235549,
        -0.104331 -0.007422 -0.233558,
        -0.104331 -0.000914 -0.230315,
        -0.104331 -0.049213 -0.230315,
        -0.013780 -0.049213 -0.230315,
        -0.013780 -0.000914 -0.230315,
        -0.013780 -0.007422 -0.233558,
        -0.013780 -0.014414 -0.235549,
        0.033465 -0.014414 -0.235549,
        0.033465 -0.007422 -0.233558,
        0.033465 -0.000914 -0.230315,
        0.033465 -0.049213 -0.230315,
        0.124016 -0.049213 -0.230315,
        0.124016 -0.000914 -0.230315,
        0.124016 -0.007422 -0.233558,
        0.124016 -0.014414 -0.235549,
        0.171260 -0.014414 -0.235549,
        0.171260 -0.007422 -0.233558,
        0.171260 -0.000914 -0.230315,
        0.171260 -0.049213 -0.230315,
        0.261811 -0.049213 -0.230315,
        0.261811 -0.000914 -0.230315,
        0.261811 -0.007422 -0.233558,
        0.261811 -0.014414 -0.235549,
        0.309055 -0.014414 -0.235549,
        0.309055 -0.007422 -0.233558,
        0.309055 -0.000914 -0.230315,
        0.309055 -0.049213 -0.230315,
        0.399606 -0.049213 -0.230315,
        0.399606 -0.000914 -0.230315,
        0.399606 -0.007422 -0.233558,
        0.399606 -0.014414 -0.235549,
        0.446850 -0.014414 -0.235549,
        0.446850 -0.007422 -0.233558,
        0.446850 -0.000914 -0.230315,
        0.446850 -0.049213 -0.230315,
      ]
    }
    coordIndex [
      4, 54, 1, -1,
      1, 54, 56, -1,
      56, 57, 58, -1,
      58, 59, 56, -1,
      56, 59, 3, -1,
      56, 3, 1, -1,
      2, 3, 59, -1,
      2, 59, 60, -1,
      60, 59, 58, -1,
      60, 58, 61, -1,
      61, 58, 57, -1,
      61, 57, 62, -1,
      55, 5, 63, -1,
      63, 5, 0, -1,
      63, 0, 2, -1,
      2, 60, 63, -1,
      63, 60, 61, -1,
      63, 61, 62, -1,
      11, 52, 8, -1,
      8, 52, 64, -1,
      64, 65, 66, -1,
      66, 67, 64, -1,
      64, 67, 6, -1,
      64, 6, 8, -1,
      66, 65, 68, -1,
      68, 69, 66, -1,
      66, 69, 70, -1,
      66, 70, 67, -1,
      67, 70, 7, -1,
      67, 7, 6, -1,
      53, 10, 71, -1,
      71, 10, 9, -1,
      71, 9, 7, -1,
      7, 70, 71, -1,
      71, 70, 69, -1,
      71, 69, 68, -1,
      17, 50, 13, -1,
      13, 50, 72, -1,
      72, 73, 74, -1,
      74, 75, 72, -1,
      72, 75, 15, -1,
      72, 15, 13, -1,
      14, 15, 75, -1,
      14, 75, 76, -1,
      76, 75, 74, -1,
      76, 74, 77, -1,
      77, 74, 73, -1,
      77, 73, 78, -1,
      51, 16, 79, -1,
      79, 16, 12, -1,
      79, 12, 14, -1,
      14, 76, 79, -1,
      79, 76, 77, -1,
      79, 77, 78, -1,
      23, 48, 19, -1,
      19, 48, 80, -1,
      80, 81, 82, -1,
      82, 83, 80, -1,
      80, 83, 21, -1,
      80, 21, 19, -1,
      20, 21, 83, -1,
      20, 83, 84, -1,
      84, 83, 82, -1,
      84, 82, 85, -1,
      85, 82, 81, -1,
      85, 81, 86, -1,
      49, 22, 87, -1,
      87, 22, 18, -1,
      87, 18, 20, -1,
      20, 84, 87, -1,
      87, 84, 85, -1,
      87, 85, 86, -1,
      29, 46, 25, -1,
      25, 46, 88, -1,
      88, 89, 90, -1,
      90, 91, 88, -1,
      88, 91, 27, -1,
      88, 27, 25, -1,
      26, 27, 91, -1,
      26, 91, 92, -1,
      92, 91, 90, -1,
      92, 90, 93, -1,
      93, 90, 89, -1,
      93, 89, 94, -1,
      47, 28, 95, -1,
      95, 28, 24, -1,
      95, 24, 26, -1,
      26, 92, 95, -1,
      95, 92, 93, -1,
      95, 93, 94, -1,
      35, 45, 31, -1,
      31, 45, 96, -1,
      96, 97, 98, -1,
      98, 99, 96, -1,
      96, 99, 33, -1,
      96, 33, 31, -1,
      32, 33, 99, -1,
      32, 99, 100, -1,
      100, 99, 98, -1,
      100, 98, 101, -1,
      101, 98, 97, -1,
      101, 97, 102, -1,
      44, 34, 103, -1,
      103, 34, 30, -1,
      103, 30, 32, -1,
      32, 100, 103, -1,
      103, 100, 101, -1,
      103, 101, 102, -1,
      41, 42, 37, -1,
      37, 42, 104, -1,
      104, 105, 106, -1,
      106, 107, 104, -1,
      104, 107, 39, -1,
      104, 39, 37, -1,
      38, 39, 107, -1,
      38, 107, 108, -1,
      108, 107, 106, -1,
      108, 106, 109, -1,
      109, 106, 105, -1,
      109, 105, 110, -1,
      43, 40, 111, -1,
      111, 40, 36, -1,
      111, 36, 38, -1,
      38, 108, 111, -1,
      111, 108, 109, -1,
      111, 109, 110, -1,
    ]
  }
}

Shape {
  appearance Appearance {
    material Material {
      diffuseColor 0.2510 0.2510 0.2510
      specularColor 0.1255 0.1255 0.1255
      ambientIntensity 0.2
      transparency 0.0000
      shininess 0.5
    }
  }
  geometry IndexedFaceSet {
    ccw TRUE
    solid FALSE
    coord DEF co Coordinate {
      point [
        -0.344001 0.127752 -0.186155,
        -0.343619 0.129080 -0.186365,
        -0.342476 0.133048 -0.186994,
        -0.342240 0.133858 -0.187007,
        -0.346700 0.117207 -0.180044,
        -0.345968 0.120376 -0.182590,
        -0.345563 0.122056 -0.183832,
        -0.344889 0.124530 -0.184906,
        -0.347225 0.113876 -0.175831,
        -0.347237 0.113509 -0.175139,
        -0.346778 0.116767 -0.179527,
        -0.346787 0.110567 -0.167322,
        -0.347011 0.111168 -0.169464,
        -0.347246 0.111796 -0.171696,
        -0.329901 0.096437 -0.175863,
        -0.347294 0.111924 -0.172152,
        -0.330404 0.095224 -0.172394,
        -0.330504 0.094981 -0.171703,
        -0.330708 0.094488 -0.167322,
        -0.327597 0.102000 -0.182582,
        -0.346618 0.117678 -0.180595,
        -0.328320 0.100254 -0.181242,
        -0.328930 0.098783 -0.179596,
        -0.347210 0.114305 -0.176639,
        -0.329577 0.097219 -0.177106,
        -0.324365 0.109804 -0.186432,
        -0.344122 0.127334 -0.186089,
        -0.324665 0.109078 -0.186337,
        -0.326070 0.105685 -0.184931,
        -0.345541 0.122150 -0.183902,
        -0.326631 0.104331 -0.184370,
        -0.322555 0.114173 -0.187007,
      ]
    }
    coordIndex [
      14, 15, 16, -1,
      16, 15, 13, -1,
      16, 13, 17, -1,
      17, 13, 12, -1,
      17, 12, 18, -1,
      18, 12, 11, -1,
      19, 20, 4, -1,
      19, 4, 21, -1,
      21, 4, 10, -1,
      21, 10, 22, -1,
      22, 10, 23, -1,
      22, 23, 24, -1,
      24, 23, 8, -1,
      24, 8, 14, -1,
      14, 8, 9, -1,
      14, 9, 15, -1,
      1, 0, 25, -1,
      25, 0, 26, -1,
      25, 26, 27, -1,
      27, 26, 7, -1,
      27, 7, 28, -1,
      28, 7, 29, -1,
      28, 29, 30, -1,
      30, 29, 6, -1,
      30, 6, 19, -1,
      19, 6, 5, -1,
      19, 5, 20, -1,
      1, 25, 2, -1,
      2, 25, 31, -1,
      2, 31, 3, -1,
    ]
  }
}

Shape {
  appearance Appearance {
    material Material {
      diffuseColor 1.0000 1.0000 0.5020
      specularColor 0.8784 0.8784 0.4431
      ambientIntensity 0.2
      transparency 0.0000
      shininess 0.5
    }
  }
  geometry IndexedFaceSet {
    ccw TRUE
    solid FALSE
    coord DEF co Coordinate {
      point [
        0.255906 0.106299 -0.095818,
        0.314961 0.106299 -0.095818,
        0.314961 0.105933 -0.098737,
        0.255906 0.105933 -0.098737,
        0.314961 0.104856 -0.101476,
        0.255906 0.104856 -0.101476,
        0.314961 0.103135 -0.103863,
        0.255906 0.103135 -0.103863,
        0.314961 0.100877 -0.105751,
        0.255906 0.100877 -0.105751,
        0.314961 0.098223 -0.107022,
        0.255906 0.098223 -0.107022,
        0.314961 0.106299 -0.093249,
        0.255906 0.106299 -0.093249,
        0.255906 0.104124 -0.086419,
        0.314961 0.104124 -0.086419,
        0.314961 0.105315 -0.088530,
        0.255906 0.105315 -0.088530,
        0.314961 0.106050 -0.090839,
        0.255906 0.106050 -0.090839,
        0.118110 0.106299 -0.095818,
        0.177165 0.106299 -0.095818,
        0.177165 0.105933 -0.098737,
        0.118110 0.105933 -0.098737,
        0.177165 0.104856 -0.101476,
        0.118110 0.104856 -0.101476,
        0.177165 0.103135 -0.103863,
        0.118110 0.103135 -0.103863,
        0.177165 0.100877 -0.105751,
        0.118110 0.100877 -0.105751,
        0.177165 0.098223 -0.107022,
        0.118110 0.098223 -0.107022,
        0.177165 0.106299 -0.093249,
        0.118110 0.106299 -0.093249,
        0.118110 0.104124 -0.086419,
        0.177165 0.104124 -0.086419,
        0.177165 0.105315 -0.088530,
        0.118110 0.105315 -0.088530,
        0.177165 0.106050 -0.090839,
        0.118110 0.106050 -0.090839,
        -0.019685 0.106299 -0.095818,
        0.039370 0.106299 -0.095818,
        0.039370 0.105933 -0.098737,
        -0.019685 0.105933 -0.098737,
        0.039370 0.104856 -0.101476,
        -0.019685 0.104856 -0.101476,
        0.039370 0.103135 -0.103863,
        -0.019685 0.103135 -0.103863,
        0.039370 0.100877 -0.105751,
        -0.019685 0.100877 -0.105751,
        0.039370 0.098223 -0.107022,
        -0.019685 0.098223 -0.107022,
        0.039370 0.106299 -0.093249,
        -0.019685 0.106299 -0.093249,
        -0.019685 0.104124 -0.086419,
        0.039370 0.104124 -0.086419,
        0.039370 0.105315 -0.088530,
        -0.019685 0.105315 -0.088530,
        0.039370 0.106050 -0.090839,
        -0.019685 0.106050 -0.090839,
        -0.157480 0.106299 -0.095818,
        -0.098425 0.106299 -0.095818,
        -0.098425 0.105933 -0.098737,
        -0.157480 0.105933 -0.098737,
        -0.098425 0.104856 -0.101476,
        -0.157480 0.104856 -0.101476,
        -0.098425 0.103135 -0.103863,
        -0.157480 0.103135 -0.103863,
        -0.098425 0.100877 -0.105751,
        -0.157480 0.100877 -0.105751,
        -0.098425 0.098223 -0.107022,
        -0.157480 0.098223 -0.107022,
        -0.098425 0.106299 -0.093249,
        -0.157480 0.106299 -0.093249,
        -0.157480 0.104124 -0.086419,
        -0.098425 0.104124 -0.086419,
        -0.098425 0.105315 -0.088530,
        -0.157480 0.105315 -0.088530,
        -0.098425 0.106050 -0.090839,
        -0.157480 0.106050 -0.090839,
        -0.295276 0.106299 -0.095818,
        -0.236220 0.106299 -0.095818,
        -0.236220 0.105933 -0.098737,
        -0.295276 0.105933 -0.098737,
        -0.236220 0.104856 -0.101476,
        -0.295276 0.104856 -0.101476,
        -0.236220 0.103135 -0.103863,
        -0.295276 0.103135 -0.103863,
        -0.236220 0.100877 -0.105752,
        -0.295276 0.100877 -0.105752,
        -0.236220 0.098223 -0.107022,
        -0.295276 0.098223 -0.107022,
        -0.236220 0.106299 -0.093249,
        -0.295276 0.106299 -0.093249,
        -0.295276 0.104124 -0.086420,
        -0.236220 0.104124 -0.086420,
        -0.236220 0.105315 -0.088530,
        -0.295276 0.105315 -0.088530,
        -0.236220 0.106050 -0.090839,
        -0.295276 0.106050 -0.090839,
        -0.295276 0.086514 -0.061572,
        -0.236220 0.086514 -0.061572,
        -0.098425 0.086514 -0.061572,
        -0.157480 0.086514 -0.061572,
        0.039370 0.086514 -0.061572,
        -0.019685 0.086514 -0.061572,
        0.177165 0.086514 -0.061572,
        0.118110 0.086514 -0.061572,
        0.314961 0.086514 -0.061572,
        0.255906 0.086514 -0.061572,
        0.393701 0.104124 -0.086419,
        0.393701 0.105315 -0.088530,
        0.393701 0.106050 -0.090839,
        0.393701 0.106299 -0.093249,
        0.393701 0.106299 -0.095818,
        0.393701 0.105933 -0.098737,
        0.393701 0.104856 -0.101476,
        0.393701 0.103135 -0.103863,
        0.393701 0.100877 -0.105751,
        0.452756 0.098223 -0.107022,
        0.393701 0.098223 -0.107022,
        0.393701 0.094488 -0.108267,
        0.423228 0.094488 -0.108267,
        0.452756 0.094488 -0.108267,
        0.393701 0.086514 -0.061572,
        0.393701 0.090200 -0.067824,
        0.393701 0.093402 -0.076977,
        0.393701 0.094488 -0.086614,
        0.314961 0.090325 -0.068087,
        0.314961 0.093479 -0.077319,
        0.314961 0.094488 -0.086614,
        0.314961 0.094488 -0.108267,
        0.255906 0.094488 -0.108267,
        0.285433 0.094488 -0.108267,
        0.255906 0.090149 -0.067719,
        0.255906 0.093389 -0.076920,
        0.255906 0.094488 -0.086614,
        0.177165 0.090325 -0.068087,
        0.177165 0.093479 -0.077319,
        0.177165 0.094488 -0.086614,
        0.177165 0.094488 -0.108267,
        0.118110 0.094488 -0.108267,
        0.147638 0.094488 -0.108267,
        0.118110 0.090200 -0.067824,
        0.118110 0.093402 -0.076977,
        0.118110 0.094488 -0.086614,
        0.039370 0.090325 -0.068087,
        0.039370 0.093479 -0.077319,
        0.039370 0.094488 -0.086614,
        0.039370 0.094488 -0.108267,
        -0.019685 0.094488 -0.108267,
        0.009843 0.094488 -0.108267,
        -0.019685 0.090200 -0.067824,
        -0.019685 0.093402 -0.076977,
        -0.019685 0.094488 -0.086614,
        -0.098425 0.090325 -0.068087,
        -0.098425 0.093479 -0.077319,
        -0.098425 0.094488 -0.086614,
        -0.098425 0.094488 -0.108267,
        -0.157480 0.094488 -0.108267,
        -0.127953 0.094488 -0.108267,
        -0.157480 0.090200 -0.067824,
        -0.157480 0.093402 -0.076977,
        -0.157480 0.094488 -0.086614,
        -0.236220 0.090200 -0.067824,
        -0.236220 0.094488 -0.086614,
        -0.236220 0.093402 -0.076977,
        -0.236220 0.094488 -0.108268,
        -0.295276 0.094488 -0.108268,
        -0.295276 0.090200 -0.067824,
        -0.295276 0.094488 -0.086614,
        -0.295276 0.093402 -0.076977,
      ]
    }
    coordIndex [
      121, 120, 122, -1,
      122, 120, 119, -1,
      122, 119, 123, -1,
      124, 110, 125, -1,
      125, 110, 126, -1,
      112, 113, 127, -1,
      127, 113, 114, -1,
      126, 110, 127, -1,
      127, 110, 111, -1,
      127, 111, 112, -1,
      114, 115, 127, -1,
      127, 115, 116, -1,
      127, 116, 117, -1,
      117, 118, 127, -1,
      127, 118, 120, -1,
      127, 120, 121, -1,
      108, 128, 15, -1,
      15, 128, 129, -1,
      15, 129, 130, -1,
      1, 12, 130, -1,
      1, 130, 2, -1,
      12, 18, 130, -1,
      130, 18, 16, -1,
      130, 16, 15, -1,
      131, 10, 130, -1,
      130, 10, 8, -1,
      8, 6, 130, -1,
      130, 6, 4, -1,
      130, 4, 2, -1,
      132, 11, 133, -1,
      133, 11, 10, -1,
      133, 10, 131, -1,
      109, 14, 134, -1,
      134, 14, 135, -1,
      19, 13, 136, -1,
      136, 13, 0, -1,
      135, 14, 136, -1,
      136, 14, 17, -1,
      136, 17, 19, -1,
      7, 9, 136, -1,
      136, 9, 11, -1,
      136, 11, 132, -1,
      0, 3, 136, -1,
      136, 3, 5, -1,
      136, 5, 7, -1,
      106, 137, 35, -1,
      35, 137, 138, -1,
      35, 138, 139, -1,
      21, 32, 139, -1,
      32, 38, 139, -1,
      139, 38, 36, -1,
      139, 36, 35, -1,
      140, 30, 139, -1,
      139, 30, 28, -1,
      139, 28, 26, -1,
      26, 24, 139, -1,
      139, 24, 22, -1,
      139, 22, 21, -1,
      141, 31, 142, -1,
      142, 31, 30, -1,
      142, 30, 140, -1,
      107, 34, 143, -1,
      143, 34, 144, -1,
      39, 33, 145, -1,
      145, 33, 20, -1,
      144, 34, 145, -1,
      145, 34, 37, -1,
      145, 37, 39, -1,
      20, 23, 145, -1,
      145, 23, 25, -1,
      145, 25, 27, -1,
      27, 29, 145, -1,
      145, 29, 31, -1,
      145, 31, 141, -1,
      104, 146, 55, -1,
      55, 146, 147, -1,
      55, 147, 148, -1,
      41, 52, 148, -1,
      41, 148, 42, -1,
      52, 58, 148, -1,
      148, 58, 56, -1,
      148, 56, 55, -1,
      149, 50, 148, -1,
      148, 50, 48, -1,
      48, 46, 148, -1,
      148, 46, 44, -1,
      148, 44, 42, -1,
      150, 51, 151, -1,
      151, 51, 50, -1,
      151, 50, 149, -1,
      105, 54, 152, -1,
      152, 54, 153, -1,
      59, 53, 154, -1,
      154, 53, 40, -1,
      153, 54, 154, -1,
      154, 54, 57, -1,
      154, 57, 59, -1,
      47, 49, 154, -1,
      154, 49, 51, -1,
      154, 51, 150, -1,
      40, 43, 154, -1,
      154, 43, 45, -1,
      154, 45, 47, -1,
      102, 155, 75, -1,
      75, 155, 156, -1,
      75, 156, 157, -1,
      61, 72, 157, -1,
      72, 78, 157, -1,
      157, 78, 76, -1,
      157, 76, 75, -1,
      158, 70, 157, -1,
      157, 70, 68, -1,
      157, 68, 66, -1,
      66, 64, 157, -1,
      157, 64, 62, -1,
      157, 62, 61, -1,
      159, 71, 160, -1,
      160, 71, 70, -1,
      160, 70, 158, -1,
      103, 74, 161, -1,
      161, 74, 162, -1,
      79, 73, 163, -1,
      163, 73, 60, -1,
      162, 74, 163, -1,
      163, 74, 77, -1,
      163, 77, 79, -1,
      60, 63, 163, -1,
      163, 63, 65, -1,
      163, 65, 67, -1,
      67, 69, 163, -1,
      163, 69, 71, -1,
      163, 71, 159, -1,
      95, 101, 164, -1,
      82, 81, 165, -1,
      165, 81, 92, -1,
      165, 92, 98, -1,
      164, 166, 95, -1,
      95, 166, 165, -1,
      95, 165, 96, -1,
      96, 165, 98, -1,
      167, 90, 165, -1,
      165, 90, 88, -1,
      88, 86, 165, -1,
      165, 86, 84, -1,
      165, 84, 82, -1,
      167, 168, 90, -1,
      90, 168, 91, -1,
      169, 100, 94, -1,
      97, 170, 94, -1,
      94, 170, 171, -1,
      94, 171, 169, -1,
      97, 99, 170, -1,
      170, 99, 93, -1,
      170, 93, 80, -1,
      80, 83, 170, -1,
      170, 83, 85, -1,
      170, 85, 87, -1,
      87, 89, 170, -1,
      170, 89, 91, -1,
      170, 91, 168, -1,
    ]
  }
}

Shape {
  appearance Appearance {
    material Material {
      diffuseColor 0.2510 0.2510 0.2510
      specularColor 0.1255 0.1255 0.1255
      ambientIntensity 0.2
      transparency 0.0000
      shininess 0.5
    }
  }
  geometry IndexedFaceSet {
    ccw TRUE
    solid FALSE
    coord DEF co Coordinate {
      point [
        -0.346457 0.110237 -0.074803,
        -0.346457 0.110236 -0.163385,
        -0.295276 0.086514 -0.061572,
        -0.236220 0.086514 -0.061572,
        -0.098425 0.086514 -0.061572,
        -0.127953 0.086514 -0.061572,
        -0.157480 0.086514 -0.061572,
        0.039370 0.086514 -0.061572,
        0.009843 0.086514 -0.061572,
        -0.019685 0.086514 -0.061572,
        0.177165 0.086514 -0.061572,
        0.147638 0.086514 -0.061572,
        0.118110 0.086514 -0.061572,
        0.314961 0.086514 -0.061572,
        0.285433 0.086514 -0.061572,
        0.255906 0.086514 -0.061572,
        -0.330709 0.025591 -0.035433,
        -0.330709 0.055119 -0.035433,
        -0.330709 0.094489 -0.074804,
        -0.330709 0.093980 -0.068496,
        -0.330709 0.091215 -0.059085,
        -0.330709 0.086209 -0.050649,
        -0.330709 0.079273 -0.043713,
        -0.330709 0.070837 -0.038707,
        -0.330709 0.061426 -0.035941,
        -0.330709 0.020490 -0.035990,
        -0.330709 0.001969 -0.059055,
        -0.330709 0.002526 -0.053954,
        -0.330709 0.015428 -0.037731,
        -0.330709 0.010887 -0.040567,
        -0.330709 0.007102 -0.044352,
        -0.330709 0.004267 -0.048892,
        -0.346787 0.110567 -0.167322,
        -0.330708 0.094488 -0.167322,
        0.314961 0.090325 -0.068087,
        0.314961 0.093479 -0.077319,
        0.314961 0.094488 -0.086614,
        0.255906 0.090149 -0.067719,
        0.255906 0.093389 -0.076920,
        0.255906 0.094488 -0.086614,
        0.177165 0.090325 -0.068087,
        0.177165 0.093479 -0.077319,
        0.177165 0.094488 -0.086614,
        0.118110 0.090200 -0.067824,
        0.118110 0.093402 -0.076977,
        0.118110 0.094488 -0.086614,
        0.039370 0.090325 -0.068087,
        0.039370 0.093479 -0.077319,
        0.039370 0.094488 -0.086614,
        -0.019685 0.090200 -0.067824,
        -0.019685 0.093402 -0.076977,
        -0.019685 0.094488 -0.086614,
        -0.098425 0.090325 -0.068087,
        -0.098425 0.093479 -0.077319,
        -0.098425 0.094488 -0.086614,
        -0.157480 0.090200 -0.067824,
        -0.157480 0.093402 -0.076977,
        -0.157480 0.094488 -0.086614,
        -0.236220 0.090200 -0.067824,
        -0.236220 0.094488 -0.086614,
        -0.236220 0.093402 -0.076977,
        -0.295276 0.090200 -0.067824,
        -0.295276 0.094488 -0.086614,
        -0.295276 0.093402 -0.076977,
        -0.330709 0.094489 -0.086614,
        -0.330709 0.093402 -0.076977,
        -0.330709 0.090200 -0.067824,
        -0.330709 0.085040 -0.059612,
        -0.127953 0.085040 -0.059612,
        -0.127953 0.085180 -0.059798,
        -0.330709 0.069971 -0.047596,
        -0.330709 0.060818 -0.044393,
        -0.127953 0.060818 -0.044393,
        -0.330709 0.051181 -0.043307,
        -0.127953 0.051181 -0.043307,
        -0.127953 0.060872 -0.044412,
        -0.127953 0.069971 -0.047596,
        -0.330709 0.078183 -0.052755,
        -0.127953 0.070069 -0.047657,
        -0.127953 0.078183 -0.052755,
        -0.127953 0.078306 -0.052878,
        -0.049908 0.093222 -0.077001,
        -0.049908 0.093013 -0.075405,
        -0.049908 0.090031 -0.068208,
        -0.049908 0.093268 -0.077346,
        -0.049908 0.094488 -0.086614,
        -0.049908 0.081804 -0.055991,
        -0.127953 0.085040 -0.059612,
        -0.049908 0.084752 -0.059833,
        -0.049908 0.084894 -0.060018,
        -0.049908 0.088686 -0.064960,
        -0.049908 0.089920 -0.067939,
        -0.049908 0.072835 -0.049109,
        -0.049908 0.077962 -0.053043,
        -0.049908 0.078100 -0.053149,
        -0.049908 0.062390 -0.044782,
        -0.049908 0.069856 -0.047875,
        -0.049908 0.069963 -0.047919,
        -0.049908 0.051181 -0.043307,
        -0.049908 0.060794 -0.044572,
        -0.049908 0.060852 -0.044580,
        0.009843 0.051181 -0.043307,
        0.009843 0.060818 -0.044393,
        0.009843 0.085180 -0.059799,
        0.009843 0.085040 -0.059612,
        0.009843 0.060872 -0.044412,
        0.009843 0.070069 -0.047657,
        0.009843 0.069971 -0.047595,
        0.009843 0.078306 -0.052878,
        0.009843 0.078183 -0.052755,
        0.087887 0.093222 -0.077001,
        0.087887 0.093013 -0.075405,
        0.087887 0.090031 -0.068208,
        0.087887 0.093268 -0.077346,
        0.087887 0.094488 -0.086614,
        0.087887 0.081804 -0.055991,
        0.087887 0.084752 -0.059833,
        0.087887 0.084894 -0.060018,
        0.087887 0.088686 -0.064960,
        0.087887 0.089920 -0.067939,
        0.087887 0.072835 -0.049109,
        0.087887 0.077962 -0.053043,
        0.087887 0.078100 -0.053149,
        0.087887 0.062390 -0.044782,
        0.087887 0.069856 -0.047875,
        0.087887 0.069963 -0.047919,
        0.087887 0.051181 -0.043307,
        0.087887 0.060794 -0.044572,
        0.087887 0.060852 -0.044580,
        0.147638 0.051181 -0.043307,
        0.147638 0.060818 -0.044393,
        0.147638 0.085180 -0.059799,
        0.147638 0.085040 -0.059612,
        0.147638 0.060872 -0.044412,
        0.147638 0.070069 -0.047657,
        0.147638 0.069971 -0.047595,
        0.147638 0.078306 -0.052878,
        0.147638 0.078183 -0.052755,
        0.225682 0.093215 -0.076943,
        0.225682 0.093013 -0.075405,
        0.225682 0.090031 -0.068208,
        0.225682 0.093268 -0.077346,
        0.225682 0.094488 -0.086614,
        0.225682 0.084646 -0.059694,
        0.225682 0.084894 -0.060018,
        0.225682 0.088686 -0.064960,
        0.225682 0.089876 -0.067832,
        0.225682 0.072835 -0.049109,
        0.225682 0.077777 -0.052901,
        0.225682 0.078100 -0.053149,
        0.225682 0.081804 -0.055991,
        0.225682 0.062390 -0.044782,
        0.225682 0.069587 -0.047763,
        0.225682 0.069963 -0.047919,
        0.225682 0.051181 -0.043307,
        0.225682 0.060449 -0.044527,
        0.225682 0.060852 -0.044580,
        0.285433 0.051181 -0.043307,
        0.285433 0.060476 -0.044316,
        0.285433 0.060860 -0.044447,
        0.285433 0.070053 -0.047684,
        0.285433 0.069708 -0.047470,
        0.285433 0.085176 -0.059801,
        0.285433 0.084931 -0.059476,
        0.285433 0.078288 -0.052896,
        0.285433 0.078000 -0.052610,
        0.363478 0.093222 -0.077001,
        0.363478 0.093013 -0.075405,
        0.363478 0.090031 -0.068208,
        0.363478 0.093268 -0.077346,
        0.363478 0.094488 -0.086614,
        0.363478 0.081804 -0.055991,
        0.363478 0.084752 -0.059833,
        0.363478 0.084894 -0.060018,
        0.363478 0.088686 -0.064960,
        0.363478 0.089920 -0.067939,
        0.363478 0.072835 -0.049109,
        0.363478 0.077962 -0.053043,
        0.363478 0.078100 -0.053149,
        0.363478 0.062390 -0.044782,
        0.363478 0.069856 -0.047875,
        0.363478 0.069963 -0.047919,
        0.363478 0.051181 -0.043307,
        0.363478 0.060794 -0.044572,
        0.363478 0.060852 -0.044580,
        -0.330709 0.010446 -0.052719,
        -0.330709 0.018769 -0.047520,
        -0.330709 -0.049212 -0.086614,
        -0.330709 -0.005906 -0.086614,
        -0.330709 -0.049212 -0.078211,
        -0.330709 -0.004884 -0.077261,
        -0.330709 -0.049212 -0.059055,
        -0.330709 -0.001693 -0.067981,
        -0.330709 0.003506 -0.059658,
        -0.330709 0.037402 -0.043307,
        -0.330709 0.028049 -0.044328,
        -0.395669 0.269685 -0.041338,
        -0.395669 0.269685 -0.044552,
        -0.393135 0.269400 -0.041338,
        -0.393139 0.269371 -0.043884,
        -0.392783 0.269327 -0.043790,
        -0.383858 0.257874 -0.043284,
        -0.383858 0.257874 -0.041338,
        -0.383992 0.259645 -0.043071,
        -0.384154 0.260502 -0.041338,
        -0.384230 0.260498 -0.043013,
        -0.384160 0.260517 -0.041338,
        -0.384759 0.262396 -0.042883,
        -0.385028 0.262998 -0.041338,
        -0.385096 0.262996 -0.042878,
        -0.385045 0.263025 -0.041338,
        -0.386140 0.264852 -0.042863,
        -0.386435 0.265238 -0.041338,
        -0.386497 0.265246 -0.042888,
        -0.386469 0.265272 -0.041338,
        -0.387774 0.266658 -0.042977,
        -0.388306 0.267108 -0.041338,
        -0.388394 0.267091 -0.043058,
        -0.388359 0.267142 -0.041338,
        -0.390143 0.268312 -0.043285,
        -0.390545 0.268515 -0.041338,
        -0.390635 0.268502 -0.043380,
        -0.390619 0.268541 -0.041338,
        -0.393041 0.269389 -0.041338,
      ]
    }
    coordIndex [
      33, 32, 1, -1,
      33, 1, 64, -1,
      64, 1, 0, -1,
      64, 0, 18, -1,
      62, 64, 65, -1,
      62, 65, 63, -1,
      63, 65, 66, -1,
      63, 66, 61, -1,
      67, 68, 6, -1,
      6, 68, 69, -1,
      6, 69, 5, -1,
      61, 66, 2, -1,
      2, 66, 67, -1,
      2, 67, 3, -1,
      3, 67, 6, -1,
      3, 6, 58, -1,
      6, 55, 58, -1,
      58, 55, 56, -1,
      58, 56, 60, -1,
      60, 56, 57, -1,
      60, 57, 59, -1,
      70, 71, 72, -1,
      72, 71, 73, -1,
      72, 73, 74, -1,
      72, 75, 70, -1,
      70, 75, 76, -1,
      70, 76, 77, -1,
      76, 78, 77, -1,
      77, 78, 79, -1,
      77, 79, 67, -1,
      67, 79, 80, -1,
      67, 80, 68, -1,
      4, 5, 69, -1,
      81, 53, 82, -1,
      82, 53, 52, -1,
      82, 52, 83, -1,
      81, 84, 53, -1,
      53, 84, 85, -1,
      53, 85, 54, -1,
      80, 86, 87, -1,
      87, 86, 88, -1,
      87, 88, 69, -1,
      69, 88, 89, -1,
      69, 89, 4, -1,
      4, 89, 90, -1,
      4, 90, 52, -1,
      52, 90, 91, -1,
      52, 91, 83, -1,
      78, 92, 79, -1,
      79, 92, 93, -1,
      79, 93, 80, -1,
      80, 93, 94, -1,
      80, 94, 86, -1,
      75, 95, 76, -1,
      76, 95, 96, -1,
      76, 96, 78, -1,
      78, 96, 97, -1,
      78, 97, 92, -1,
      74, 98, 72, -1,
      72, 98, 99, -1,
      72, 99, 75, -1,
      75, 99, 100, -1,
      75, 100, 95, -1,
      98, 101, 102, -1,
      81, 50, 84, -1,
      84, 50, 51, -1,
      84, 51, 85, -1,
      91, 49, 83, -1,
      83, 49, 50, -1,
      83, 50, 82, -1,
      82, 50, 81, -1,
      103, 8, 9, -1,
      103, 9, 104, -1,
      105, 100, 102, -1,
      102, 100, 99, -1,
      102, 99, 98, -1,
      106, 97, 107, -1,
      107, 97, 96, -1,
      107, 96, 105, -1,
      105, 96, 95, -1,
      105, 95, 100, -1,
      91, 90, 49, -1,
      49, 90, 89, -1,
      49, 89, 9, -1,
      9, 89, 88, -1,
      9, 88, 104, -1,
      104, 88, 108, -1,
      88, 86, 108, -1,
      108, 86, 94, -1,
      108, 94, 109, -1,
      109, 94, 93, -1,
      109, 93, 106, -1,
      106, 93, 92, -1,
      106, 92, 97, -1,
      7, 8, 103, -1,
      110, 47, 111, -1,
      111, 47, 46, -1,
      111, 46, 112, -1,
      110, 113, 47, -1,
      47, 113, 114, -1,
      47, 114, 48, -1,
      108, 115, 104, -1,
      104, 115, 116, -1,
      104, 116, 103, -1,
      103, 116, 117, -1,
      103, 117, 7, -1,
      7, 117, 118, -1,
      7, 118, 46, -1,
      46, 118, 119, -1,
      46, 119, 112, -1,
      106, 120, 109, -1,
      109, 120, 121, -1,
      109, 121, 108, -1,
      108, 121, 122, -1,
      108, 122, 115, -1,
      105, 123, 107, -1,
      107, 123, 124, -1,
      107, 124, 106, -1,
      106, 124, 125, -1,
      106, 125, 120, -1,
      101, 126, 102, -1,
      102, 126, 127, -1,
      102, 127, 105, -1,
      105, 127, 128, -1,
      105, 128, 123, -1,
      126, 129, 130, -1,
      110, 44, 113, -1,
      113, 44, 45, -1,
      113, 45, 114, -1,
      119, 43, 112, -1,
      112, 43, 44, -1,
      112, 44, 111, -1,
      111, 44, 110, -1,
      131, 11, 12, -1,
      131, 12, 132, -1,
      133, 128, 130, -1,
      130, 128, 127, -1,
      130, 127, 126, -1,
      134, 125, 135, -1,
      135, 125, 124, -1,
      135, 124, 133, -1,
      133, 124, 123, -1,
      133, 123, 128, -1,
      119, 118, 43, -1,
      43, 118, 117, -1,
      43, 117, 12, -1,
      12, 117, 116, -1,
      12, 116, 132, -1,
      132, 116, 136, -1,
      116, 115, 136, -1,
      136, 115, 122, -1,
      136, 122, 137, -1,
      137, 122, 121, -1,
      137, 121, 134, -1,
      134, 121, 120, -1,
      134, 120, 125, -1,
      10, 11, 131, -1,
      138, 41, 139, -1,
      139, 41, 40, -1,
      139, 40, 140, -1,
      138, 141, 41, -1,
      41, 141, 142, -1,
      41, 142, 42, -1,
      132, 143, 131, -1,
      131, 143, 144, -1,
      131, 144, 10, -1,
      10, 144, 145, -1,
      10, 145, 40, -1,
      40, 145, 146, -1,
      40, 146, 140, -1,
      134, 147, 137, -1,
      137, 147, 148, -1,
      137, 148, 136, -1,
      136, 148, 149, -1,
      136, 149, 132, -1,
      132, 149, 150, -1,
      132, 150, 143, -1,
      133, 151, 135, -1,
      135, 151, 152, -1,
      135, 152, 134, -1,
      134, 152, 153, -1,
      134, 153, 147, -1,
      129, 154, 130, -1,
      130, 154, 155, -1,
      130, 155, 133, -1,
      133, 155, 156, -1,
      133, 156, 151, -1,
      138, 38, 141, -1,
      141, 38, 39, -1,
      141, 39, 142, -1,
      146, 37, 140, -1,
      140, 37, 38, -1,
      140, 38, 139, -1,
      139, 38, 138, -1,
      143, 15, 144, -1,
      144, 15, 37, -1,
      144, 37, 145, -1,
      145, 37, 146, -1,
      154, 157, 155, -1,
      155, 157, 158, -1,
      155, 158, 156, -1,
      156, 158, 159, -1,
      160, 153, 161, -1,
      161, 153, 152, -1,
      161, 152, 159, -1,
      159, 152, 151, -1,
      159, 151, 156, -1,
      14, 15, 162, -1,
      162, 15, 143, -1,
      162, 143, 163, -1,
      163, 143, 150, -1,
      163, 150, 164, -1,
      164, 150, 149, -1,
      164, 149, 165, -1,
      165, 149, 148, -1,
      165, 148, 160, -1,
      160, 148, 147, -1,
      160, 147, 153, -1,
      13, 14, 162, -1,
      166, 35, 167, -1,
      167, 35, 34, -1,
      167, 34, 168, -1,
      166, 169, 35, -1,
      35, 169, 170, -1,
      35, 170, 36, -1,
      164, 171, 163, -1,
      163, 171, 172, -1,
      163, 172, 162, -1,
      162, 172, 173, -1,
      162, 173, 13, -1,
      13, 173, 174, -1,
      13, 174, 34, -1,
      34, 174, 175, -1,
      34, 175, 168, -1,
      160, 176, 165, -1,
      165, 176, 177, -1,
      165, 177, 164, -1,
      164, 177, 178, -1,
      164, 178, 171, -1,
      159, 179, 161, -1,
      161, 179, 180, -1,
      161, 180, 160, -1,
      160, 180, 181, -1,
      160, 181, 176, -1,
      157, 182, 158, -1,
      158, 182, 183, -1,
      158, 183, 159, -1,
      159, 183, 184, -1,
      159, 184, 179, -1,
      65, 64, 18, -1,
      30, 185, 29, -1,
      29, 185, 186, -1,
      187, 188, 189, -1,
      189, 188, 190, -1,
      189, 190, 191, -1,
      191, 190, 192, -1,
      191, 192, 26, -1,
      26, 192, 193, -1,
      26, 193, 27, -1,
      27, 193, 185, -1,
      27, 185, 31, -1,
      31, 185, 30, -1,
      65, 18, 66, -1,
      66, 18, 19, -1,
      66, 19, 67, -1,
      67, 19, 20, -1,
      67, 20, 77, -1,
      20, 21, 77, -1,
      77, 21, 22, -1,
      77, 22, 70, -1,
      70, 22, 23, -1,
      70, 23, 71, -1,
      71, 23, 24, -1,
      71, 24, 73, -1,
      73, 24, 17, -1,
      73, 17, 194, -1,
      194, 17, 16, -1,
      194, 16, 195, -1,
      195, 16, 25, -1,
      195, 25, 186, -1,
      186, 25, 28, -1,
      186, 28, 29, -1,
      196, 197, 198, -1,
      198, 197, 199, -1,
      198, 199, 200, -1,
      201, 202, 203, -1,
      203, 202, 204, -1,
      203, 204, 205, -1,
      205, 204, 206, -1,
      205, 206, 207, -1,
      207, 206, 208, -1,
      207, 208, 209, -1,
      209, 208, 210, -1,
      209, 210, 211, -1,
      211, 210, 212, -1,
      211, 212, 213, -1,
      213, 212, 214, -1,
      213, 214, 215, -1,
      215, 214, 216, -1,
      215, 216, 217, -1,
      217, 216, 218, -1,
      217, 218, 219, -1,
      219, 218, 220, -1,
      219, 220, 221, -1,
      221, 220, 222, -1,
      221, 222, 200, -1,
      200, 222, 223, -1,
      200, 223, 198, -1,
    ]
  }
}

Shape {
  appearance Appearance {
    material Material {
      diffuseColor 1.0000 1.0000 0.5020
      specularColor 0.8784 0.8784 0.4431
      ambientIntensity 0.2
      transparency 0.0000
      shininess 0.5
    }
  }
  geometry IndexedFaceSet {
    ccw TRUE
    solid FALSE
    coord DEF co Coordinate {
      point [
        -0.437632 0.269685 -0.088224,
        -0.435102 0.269685 -0.073872,
        -0.435102 0.372048 -0.073872,
        -0.437632 0.372047 -0.088224,
        -0.395669 0.269685 -0.041338,
        -0.395669 0.269685 -0.044552,
        -0.426248 0.269685 -0.064272,
        -0.415804 0.269685 -0.054545,
        -0.421636 0.269685 -0.050549,
        -0.413999 0.269685 -0.045526,
        -0.436082 0.269685 -0.081938,
        -0.433689 0.269685 -0.075850,
        -0.432480 0.269685 -0.065115,
        -0.427909 0.269685 -0.057198,
        -0.405409 0.269685 -0.042400,
        -0.402958 0.269685 -0.047228,
        -0.396330 0.269685 -0.041338,
        -0.432480 0.372048 -0.065115,
        -0.427909 0.372048 -0.057198,
        -0.421636 0.372048 -0.050549,
        -0.413999 0.372048 -0.045526,
        -0.405409 0.372048 -0.042400,
        -0.396330 0.372048 -0.041339,
        -0.435293 0.372048 -0.080032,
        -0.398154 0.372048 -0.045597,
        -0.429633 0.372048 -0.068946,
        -0.434749 0.372048 -0.078128,
        -0.395669 0.372048 -0.044552,
        -0.395669 0.372048 -0.041339,
        -0.408943 0.372048 -0.050137,
        -0.410582 0.372048 -0.051291,
        -0.420089 0.372048 -0.057982,
        -0.421233 0.372048 -0.059228,
        -0.428829 0.372048 -0.067503,
      ]
    }
    coordIndex [
      6, 7, 8, -1,
      8, 7, 9, -1,
      0, 10, 1, -1,
      1, 10, 11, -1,
      1, 11, 12, -1,
      12, 11, 6, -1,
      12, 6, 13, -1,
      13, 6, 8, -1,
      9, 7, 14, -1,
      14, 7, 15, -1,
      14, 15, 16, -1,
      16, 15, 5, -1,
      16, 5, 4, -1,
      2, 1, 12, -1,
      2, 12, 17, -1,
      17, 12, 13, -1,
      17, 13, 18, -1,
      18, 13, 8, -1,
      18, 8, 19, -1,
      19, 8, 9, -1,
      19, 9, 20, -1,
      20, 9, 14, -1,
      20, 14, 21, -1,
      21, 14, 16, -1,
      21, 16, 22, -1,
      23, 3, 2, -1,
      20, 21, 24, -1,
      17, 25, 2, -1,
      2, 25, 26, -1,
      2, 26, 23, -1,
      24, 21, 27, -1,
      27, 21, 22, -1,
      27, 22, 28, -1,
      24, 29, 20, -1,
      20, 29, 30, -1,
      20, 30, 19, -1,
      19, 30, 31, -1,
      19, 31, 18, -1,
      18, 31, 32, -1,
      18, 32, 17, -1,
      17, 32, 33, -1,
      17, 33, 25, -1,
    ]
  }
}

Shape {
  appearance Appearance {
    material Material {
      diffuseColor 0.2510 0.2510 0.2510
      specularColor 0.1255 0.1255 0.1255
      ambientIntensity 0.2
      transparency 0.0000
      shininess 0.5
    }
  }
  geometry IndexedFaceSet {
    ccw TRUE
    solid FALSE
    coord DEF co Coordinate {
      point [
        -0.395669 0.372048 -0.044552,
        -0.395669 0.372048 -0.041339,
        -0.393135 0.372333 -0.041339,
        -0.383858 0.383859 -0.041339,
        -0.383858 0.383859 -0.043284,
        -0.384154 0.381230 -0.041339,
        -0.383992 0.382088 -0.043072,
        -0.384160 0.381216 -0.041339,
        -0.384230 0.381235 -0.043013,
        -0.385028 0.378734 -0.041339,
        -0.384759 0.379336 -0.042883,
        -0.385045 0.378707 -0.041339,
        -0.385096 0.378736 -0.042878,
        -0.386435 0.376494 -0.041339,
        -0.386140 0.376881 -0.042863,
        -0.386469 0.376461 -0.041339,
        -0.386497 0.376486 -0.042888,
        -0.388306 0.374624 -0.041339,
        -0.387774 0.375075 -0.042977,
        -0.388359 0.374591 -0.041339,
        -0.388394 0.374641 -0.043058,
        -0.390545 0.373217 -0.041339,
        -0.390143 0.373420 -0.043286,
        -0.390619 0.373191 -0.041339,
        -0.390635 0.373231 -0.043380,
        -0.393041 0.372344 -0.041339,
        -0.392783 0.372406 -0.043790,
        -0.393139 0.372361 -0.043884,
      ]
    }
    coordIndex [
      0, 1, 2, -1,
      3, 4, 5, -1,
      5, 4, 6, -1,
      5, 6, 7, -1,
      7, 6, 8, -1,
      7, 8, 9, -1,
      9, 8, 10, -1,
      9, 10, 11, -1,
      11, 10, 12, -1,
      11, 12, 13, -1,
      13, 12, 14, -1,
      13, 14, 15, -1,
      15, 14, 16, -1,
      15, 16, 17, -1,
      17, 16, 18, -1,
      17, 18, 19, -1,
      19, 18, 20, -1,
      19, 20, 21, -1,
      21, 20, 22, -1,
      21, 22, 23, -1,
      23, 22, 24, -1,
      23, 24, 25, -1,
      25, 24, 26, -1,
      25, 26, 2, -1,
      2, 26, 27, -1,
      2, 27, 0, -1,
    ]
  }
}

Shape {
  appearance Appearance {
    material Material {
      diffuseColor 1.0000 1.0000 0.5020
      specularColor 0.8784 0.8784 0.4431
      ambientIntensity 0.2
      transparency 0.0000
      shininess 0.5
    }
  }
  geometry IndexedFaceSet {
    ccw TRUE
    solid FALSE
    coord DEF co Coordinate {
      point [
        0.416614 0.220769 -0.062946,
        0.409449 0.220769 -0.062946,
        0.409449 0.213100 -0.066727,
        0.437008 0.213080 -0.066686,
        0.437008 0.220769 -0.062946,
        0.423228 0.220769 -0.062946,
        0.437008 0.206099 -0.072585,
        0.409449 0.205918 -0.072785,
        0.437008 0.200981 -0.079898,
        0.409449 0.200996 -0.079908,
        0.437008 0.200889 -0.080030,
        0.409449 0.213052 -0.066751,
        0.437008 0.213031 -0.066710,
        0.409449 0.212715 -0.066917,
        0.437008 0.206181 -0.072515,
        0.409449 0.206202 -0.072540,
        0.409449 0.206120 -0.072610,
        0.437008 0.196895 -0.097333,
        0.437008 0.197743 -0.088555,
        0.409449 0.197731 -0.088607,
        0.409449 0.200905 -0.080041,
        0.409449 0.200814 -0.080173,
        0.437008 0.197817 -0.088354,
        0.409449 0.197823 -0.088356,
        0.409449 0.197749 -0.088557,
        0.409449 0.196888 -0.097332,
        0.409449 0.196867 -0.097546,
        0.437008 0.196869 -0.097600,
        0.409449 0.196876 -0.097598,
        0.437008 0.198273 -0.106252,
        0.409449 0.198253 -0.106255,
        0.409449 0.198278 -0.106414,
        0.437008 0.198324 -0.106569,
        0.409449 0.198343 -0.106561,
        0.437008 0.201861 -0.114531,
        0.409449 0.201831 -0.114544,
        0.409449 0.201874 -0.114643,
        0.437008 0.202013 -0.114874,
        0.409449 0.202039 -0.114853,
        0.437008 0.207425 -0.121632,
        0.409449 0.207389 -0.121661,
        0.437008 0.207693 -0.121967,
        0.409449 0.207422 -0.121703,
        0.437008 0.214567 -0.127143,
        0.409449 0.207720 -0.121931,
        0.409449 0.214567 -0.127143,
        0.278819 0.220769 -0.062946,
        0.271654 0.220769 -0.062946,
        0.271654 0.213100 -0.066727,
        0.299213 0.213080 -0.066686,
        0.299213 0.220769 -0.062946,
        0.285433 0.220769 -0.062946,
        0.299213 0.206099 -0.072585,
        0.271654 0.205918 -0.072785,
        0.299213 0.200981 -0.079898,
        0.271654 0.200996 -0.079908,
        0.299213 0.200889 -0.080030,
        0.271654 0.213052 -0.066751,
        0.299213 0.213031 -0.066710,
        0.271654 0.212715 -0.066917,
        0.299213 0.206181 -0.072515,
        0.271654 0.206202 -0.072540,
        0.271654 0.206120 -0.072610,
        0.299213 0.196895 -0.097333,
        0.299213 0.197743 -0.088555,
        0.271654 0.197731 -0.088607,
        0.271654 0.200905 -0.080041,
        0.271654 0.200814 -0.080173,
        0.299213 0.197817 -0.088354,
        0.271654 0.197823 -0.088356,
        0.271654 0.197749 -0.088557,
        0.271654 0.196888 -0.097332,
        0.271654 0.196867 -0.097546,
        0.299213 0.196869 -0.097600,
        0.271654 0.196876 -0.097598,
        0.299213 0.198273 -0.106252,
        0.271654 0.198253 -0.106255,
        0.271654 0.198278 -0.106414,
        0.299213 0.198324 -0.106569,
        0.271654 0.198343 -0.106561,
        0.299213 0.201861 -0.114531,
        0.271654 0.201831 -0.114544,
        0.271654 0.201874 -0.114643,
        0.299213 0.202013 -0.114874,
        0.271654 0.202039 -0.114853,
        0.299213 0.207425 -0.121632,
        0.271654 0.207389 -0.121661,
        0.299213 0.207693 -0.121967,
        0.271654 0.207422 -0.121703,
        0.299213 0.214567 -0.127143,
        0.271654 0.207720 -0.121931,
        0.271654 0.214567 -0.127143,
        0.141024 0.220769 -0.062946,
        0.133858 0.220769 -0.062946,
        0.133858 0.213100 -0.066727,
        0.161417 0.213080 -0.066686,
        0.161417 0.220769 -0.062946,
        0.147638 0.220769 -0.062946,
        0.161417 0.206099 -0.072585,
        0.133858 0.205918 -0.072785,
        0.161417 0.200981 -0.079898,
        0.133858 0.200996 -0.079908,
        0.161417 0.200889 -0.080030,
        0.133858 0.213052 -0.066751,
        0.161417 0.213031 -0.066710,
        0.133858 0.212715 -0.066917,
        0.161417 0.206181 -0.072515,
        0.133858 0.206202 -0.072540,
        0.133858 0.206120 -0.072610,
        0.161417 0.196895 -0.097333,
        0.161417 0.197743 -0.088555,
        0.133858 0.197731 -0.088607,
        0.133858 0.200905 -0.080041,
        0.133858 0.200814 -0.080173,
        0.161417 0.197817 -0.088354,
        0.133858 0.197823 -0.088356,
        0.133858 0.197749 -0.088557,
        0.133858 0.196888 -0.097332,
        0.133858 0.196867 -0.097545,
        0.161417 0.196869 -0.097600,
        0.133858 0.196876 -0.097598,
        0.161417 0.198273 -0.106252,
        0.133858 0.198253 -0.106255,
        0.133858 0.198278 -0.106414,
        0.161417 0.198324 -0.106569,
        0.133858 0.198343 -0.106561,
        0.161417 0.201861 -0.114531,
        0.133858 0.201831 -0.114544,
        0.133858 0.201874 -0.114643,
        0.161417 0.202013 -0.114874,
        0.133858 0.202039 -0.114853,
        0.161417 0.207425 -0.121632,
        0.133858 0.207389 -0.121661,
        0.161417 0.207693 -0.121967,
        0.133858 0.207422 -0.121703,
        0.161417 0.214567 -0.127143,
        0.133858 0.207720 -0.121931,
        0.133858 0.214567 -0.127143,
        0.003228 0.220769 -0.062946,
        -0.003937 0.220769 -0.062946,
        -0.003937 0.213100 -0.066727,
        0.023622 0.213080 -0.066686,
        0.023622 0.220769 -0.062946,
        0.009843 0.220769 -0.062946,
        0.023622 0.206099 -0.072585,
        -0.003937 0.205918 -0.072785,
        0.023622 0.200981 -0.079898,
        -0.003937 0.200996 -0.079908,
        0.023622 0.200889 -0.080030,
        -0.003937 0.213052 -0.066751,
        0.023622 0.213031 -0.066710,
        -0.003937 0.212715 -0.066917,
        0.023622 0.206181 -0.072515,
        -0.003937 0.206202 -0.072540,
        -0.003937 0.206120 -0.072610,
        0.023622 0.196895 -0.097333,
        0.023622 0.197743 -0.088555,
        -0.003937 0.197731 -0.088607,
        -0.003937 0.200905 -0.080041,
        -0.003937 0.200814 -0.080173,
        0.023622 0.197817 -0.088354,
        -0.003937 0.197823 -0.088356,
        -0.003937 0.197749 -0.088557,
        -0.003937 0.196888 -0.097332,
        -0.003937 0.196867 -0.097545,
        0.023622 0.196869 -0.097600,
        -0.003937 0.196876 -0.097598,
        0.023622 0.198273 -0.106252,
        -0.003937 0.198253 -0.106255,
        -0.003937 0.198278 -0.106414,
        0.023622 0.198324 -0.106569,
        -0.003937 0.198343 -0.106561,
        0.023622 0.201861 -0.114531,
        -0.003937 0.201831 -0.114544,
        -0.003937 0.201874 -0.114643,
        0.023622 0.202013 -0.114874,
        -0.003937 0.202039 -0.114853,
        0.023622 0.207425 -0.121632,
        -0.003937 0.207389 -0.121661,
        0.023622 0.207693 -0.121967,
        -0.003937 0.207422 -0.121703,
        0.023622 0.214567 -0.127143,
        -0.003937 0.207720 -0.121931,
        -0.003937 0.214567 -0.127143,
        -0.134567 0.220769 -0.062946,
        -0.141732 0.220769 -0.062946,
        -0.141732 0.213100 -0.066727,
        -0.114173 0.213080 -0.066686,
        -0.114173 0.220769 -0.062946,
        -0.127953 0.220769 -0.062946,
        -0.114173 0.206099 -0.072585,
        -0.141732 0.205918 -0.072785,
        -0.114173 0.200981 -0.079898,
        -0.141732 0.200996 -0.079908,
        -0.114173 0.200889 -0.080030,
        -0.141732 0.213052 -0.066751,
        -0.114173 0.213031 -0.066710,
        -0.141732 0.212715 -0.066917,
        -0.114173 0.206181 -0.072515,
        -0.141732 0.206202 -0.072540,
        -0.141732 0.206120 -0.072610,
        -0.114173 0.196895 -0.097333,
        -0.114173 0.197743 -0.088555,
        -0.141732 0.197731 -0.088607,
        -0.141732 0.200905 -0.080041,
        -0.141732 0.200814 -0.080173,
        -0.114173 0.197817 -0.088354,
        -0.141732 0.197823 -0.088356,
        -0.141732 0.197749 -0.088557,
        -0.141732 0.196888 -0.097332,
        -0.141732 0.196867 -0.097545,
        -0.114173 0.196869 -0.097600,
        -0.141732 0.196876 -0.097598,
        -0.114173 0.198273 -0.106252,
        -0.141732 0.198253 -0.106255,
        -0.141732 0.198278 -0.106414,
        -0.114173 0.198324 -0.106569,
        -0.141732 0.198343 -0.106561,
        -0.114173 0.201861 -0.114531,
        -0.141732 0.201831 -0.114544,
        -0.141732 0.201874 -0.114643,
        -0.114173 0.202013 -0.114874,
        -0.141732 0.202039 -0.114853,
        -0.114173 0.207425 -0.121632,
        -0.141732 0.207389 -0.121661,
        -0.114173 0.207693 -0.121967,
        -0.141732 0.207422 -0.121703,
        -0.114173 0.214567 -0.127143,
        -0.141732 0.207720 -0.121931,
        -0.141732 0.214567 -0.127143,
        -0.272362 0.220769 -0.062946,
        -0.279528 0.220769 -0.062946,
        -0.279528 0.213080 -0.066687,
        -0.265748 0.220769 -0.062946,
        -0.251969 0.220769 -0.062946,
        -0.251969 0.213080 -0.066687,
        -0.251969 0.213031 -0.066710,
        -0.279528 0.213031 -0.066710,
        -0.251969 0.206181 -0.072515,
        -0.279528 0.206181 -0.072515,
        -0.251969 0.206099 -0.072585,
        -0.279528 0.206099 -0.072585,
        -0.251969 0.200981 -0.079898,
        -0.279528 0.200981 -0.079898,
        -0.251969 0.200889 -0.080030,
        -0.279528 0.200889 -0.080030,
        -0.251969 0.197817 -0.088354,
        -0.279528 0.197817 -0.088354,
        -0.251969 0.197743 -0.088555,
        -0.279528 0.197743 -0.088555,
        -0.251969 0.196895 -0.097333,
        -0.279528 0.196895 -0.097333,
        -0.251969 0.196869 -0.097600,
        -0.279528 0.196869 -0.097600,
        -0.251969 0.198273 -0.106252,
        -0.279528 0.198273 -0.106252,
        -0.251969 0.198324 -0.106569,
        -0.279528 0.198324 -0.106569,
        -0.251969 0.201861 -0.114531,
        -0.279528 0.201861 -0.114531,
        -0.251969 0.202013 -0.114874,
        -0.279528 0.202013 -0.114874,
        -0.251969 0.207425 -0.121632,
        -0.279528 0.207425 -0.121632,
        -0.251969 0.207693 -0.121967,
        -0.279528 0.207693 -0.121967,
        -0.251969 0.214567 -0.127143,
        -0.279528 0.214567 -0.127143,
      ]
    }
    coordIndex [
      0, 1, 2, -1,
      3, 4, 5, -1,
      0, 2, 5, -1,
      6, 7, 8, -1,
      8, 7, 9, -1,
      8, 9, 10, -1,
      5, 2, 3, -1,
      3, 2, 11, -1,
      3, 11, 12, -1,
      12, 11, 13, -1,
      12, 13, 14, -1,
      14, 13, 15, -1,
      14, 15, 6, -1,
      6, 15, 16, -1,
      6, 16, 7, -1,
      17, 18, 19, -1,
      9, 20, 10, -1,
      10, 20, 21, -1,
      10, 21, 22, -1,
      22, 21, 23, -1,
      22, 23, 18, -1,
      18, 23, 24, -1,
      18, 24, 19, -1,
      19, 25, 17, -1,
      17, 25, 26, -1,
      17, 26, 27, -1,
      27, 26, 28, -1,
      27, 28, 29, -1,
      28, 30, 29, -1,
      29, 30, 31, -1,
      29, 31, 32, -1,
      32, 31, 33, -1,
      32, 33, 34, -1,
      33, 35, 34, -1,
      34, 35, 36, -1,
      34, 36, 37, -1,
      37, 36, 38, -1,
      37, 38, 39, -1,
      39, 38, 40, -1,
      39, 40, 41, -1,
      41, 40, 42, -1,
      41, 42, 43, -1,
      43, 42, 44, -1,
      43, 44, 45, -1,
      46, 47, 48, -1,
      49, 50, 51, -1,
      46, 48, 51, -1,
      52, 53, 54, -1,
      54, 53, 55, -1,
      54, 55, 56, -1,
      51, 48, 49, -1,
      49, 48, 57, -1,
      49, 57, 58, -1,
      58, 57, 59, -1,
      58, 59, 60, -1,
      60, 59, 61, -1,
      60, 61, 52, -1,
      52, 61, 62, -1,
      52, 62, 53, -1,
      63, 64, 65, -1,
      55, 66, 56, -1,
      56, 66, 67, -1,
      56, 67, 68, -1,
      68, 67, 69, -1,
      68, 69, 64, -1,
      64, 69, 70, -1,
      64, 70, 65, -1,
      65, 71, 63, -1,
      63, 71, 72, -1,
      63, 72, 73, -1,
      73, 72, 74, -1,
      73, 74, 75, -1,
      74, 76, 75, -1,
      75, 76, 77, -1,
      75, 77, 78, -1,
      78, 77, 79, -1,
      78, 79, 80, -1,
      79, 81, 80, -1,
      80, 81, 82, -1,
      80, 82, 83, -1,
      83, 82, 84, -1,
      83, 84, 85, -1,
      85, 84, 86, -1,
      85, 86, 87, -1,
      87, 86, 88, -1,
      87, 88, 89, -1,
      89, 88, 90, -1,
      89, 90, 91, -1,
      92, 93, 94, -1,
      95, 96, 97, -1,
      92, 94, 97, -1,
      98, 99, 100, -1,
      100, 99, 101, -1,
      100, 101, 102, -1,
      97, 94, 95, -1,
      95, 94, 103, -1,
      95, 103, 104, -1,
      104, 103, 105, -1,
      104, 105, 106, -1,
      106, 105, 107, -1,
      106, 107, 98, -1,
      98, 107, 108, -1,
      98, 108, 99, -1,
      109, 110, 111, -1,
      101, 112, 102, -1,
      102, 112, 113, -1,
      102, 113, 114, -1,
      114, 113, 115, -1,
      114, 115, 110, -1,
      110, 115, 116, -1,
      110, 116, 111, -1,
      111, 117, 109, -1,
      109, 117, 118, -1,
      109, 118, 119, -1,
      119, 118, 120, -1,
      119, 120, 121, -1,
      120, 122, 121, -1,
      121, 122, 123, -1,
      121, 123, 124, -1,
      124, 123, 125, -1,
      124, 125, 126, -1,
      125, 127, 126, -1,
      126, 127, 128, -1,
      126, 128, 129, -1,
      129, 128, 130, -1,
      129, 130, 131, -1,
      131, 130, 132, -1,
      131, 132, 133, -1,
      133, 132, 134, -1,
      133, 134, 135, -1,
      135, 134, 136, -1,
      135, 136, 137, -1,
      138, 139, 140, -1,
      141, 142, 143, -1,
      138, 140, 143, -1,
      144, 145, 146, -1,
      146, 145, 147, -1,
      146, 147, 148, -1,
      143, 140, 141, -1,
      141, 140, 149, -1,
      141, 149, 150, -1,
      150, 149, 151, -1,
      150, 151, 152, -1,
      152, 151, 153, -1,
      152, 153, 144, -1,
      144, 153, 154, -1,
      144, 154, 145, -1,
      155, 156, 157, -1,
      147, 158, 148, -1,
      148, 158, 159, -1,
      148, 159, 160, -1,
      160, 159, 161, -1,
      160, 161, 156, -1,
      156, 161, 162, -1,
      156, 162, 157, -1,
      157, 163, 155, -1,
      155, 163, 164, -1,
      155, 164, 165, -1,
      165, 164, 166, -1,
      165, 166, 167, -1,
      166, 168, 167, -1,
      167, 168, 169, -1,
      167, 169, 170, -1,
      170, 169, 171, -1,
      170, 171, 172, -1,
      171, 173, 172, -1,
      172, 173, 174, -1,
      172, 174, 175, -1,
      175, 174, 176, -1,
      175, 176, 177, -1,
      177, 176, 178, -1,
      177, 178, 179, -1,
      179, 178, 180, -1,
      179, 180, 181, -1,
      181, 180, 182, -1,
      181, 182, 183, -1,
      184, 185, 186, -1,
      187, 188, 189, -1,
      184, 186, 189, -1,
      190, 191, 192, -1,
      192, 191, 193, -1,
      192, 193, 194, -1,
      189, 186, 187, -1,
      187, 186, 195, -1,
      187, 195, 196, -1,
      196, 195, 197, -1,
      196, 197, 198, -1,
      198, 197, 199, -1,
      198, 199, 190, -1,
      190, 199, 200, -1,
      190, 200, 191, -1,
      201, 202, 203, -1,
      193, 204, 194, -1,
      194, 204, 205, -1,
      194, 205, 206, -1,
      206, 205, 207, -1,
      206, 207, 202, -1,
      202, 207, 208, -1,
      202, 208, 203, -1,
      203, 209, 201, -1,
      201, 209, 210, -1,
      201, 210, 211, -1,
      211, 210, 212, -1,
      211, 212, 213, -1,
      212, 214, 213, -1,
      213, 214, 215, -1,
      213, 215, 216, -1,
      216, 215, 217, -1,
      216, 217, 218, -1,
      217, 219, 218, -1,
      218, 219, 220, -1,
      218, 220, 221, -1,
      221, 220, 222, -1,
      221, 222, 223, -1,
      223, 222, 224, -1,
      223, 224, 225, -1,
      225, 224, 226, -1,
      225, 226, 227, -1,
      227, 226, 228, -1,
      227, 228, 229, -1,
      230, 231, 232, -1,
      230, 232, 233, -1,
      234, 233, 235, -1,
      235, 233, 232, -1,
      235, 232, 236, -1,
      236, 232, 237, -1,
      236, 237, 238, -1,
      238, 237, 239, -1,
      238, 239, 240, -1,
      240, 239, 241, -1,
      240, 241, 242, -1,
      242, 241, 243, -1,
      242, 243, 244, -1,
      244, 243, 245, -1,
      244, 245, 246, -1,
      246, 245, 247, -1,
      246, 247, 248, -1,
      248, 247, 249, -1,
      248, 249, 250, -1,
      250, 249, 251, -1,
      250, 251, 252, -1,
      252, 251, 253, -1,
      252, 253, 254, -1,
      254, 253, 255, -1,
      254, 255, 256, -1,
      256, 255, 257, -1,
      256, 257, 258, -1,
      258, 257, 259, -1,
      258, 259, 260, -1,
      260, 259, 261, -1,
      260, 261, 262, -1,
      262, 261, 263, -1,
      262, 263, 264, -1,
      264, 263, 265, -1,
      264, 265, 266, -1,
      266, 265, 267, -1,
    ]
  }
}

Shape {
  appearance Appearance {
    material Material {
      diffuseColor 0.2510 0.2510 0.2510
      specularColor 0.1255 0.1255 0.1255
      ambientIntensity 0.2
      transparency 0.0000
      shininess 0.5
    }
  }
  geometry IndexedFaceSet {
    ccw TRUE
    solid FALSE
    coord DEF co Coordinate {
      point [
        -0.437632 0.269685 -0.088224,
        -0.452689 0.269685 -0.173612,
        -0.452756 0.269676 -0.173994,
        -0.468265 0.265370 -0.187007,
        -0.464680 0.266365 -0.186586,
        -0.464611 0.266384 -0.186578,
        -0.461162 0.267342 -0.185314,
        -0.461157 0.267343 -0.185313,
        -0.458096 0.268193 -0.183275,
        -0.458045 0.268207 -0.183242,
        -0.455591 0.268889 -0.180583,
        -0.455507 0.268912 -0.180492,
        -0.453780 0.269391 -0.177385,
        -0.453688 0.269417 -0.177220,
        -0.395669 0.269685 -0.044552,
        -0.393139 0.269371 -0.043884,
        -0.383858 0.257874 -0.043284,
        -0.383858 0.257874 -0.041338,
        -0.384230 0.260498 -0.043013,
        -0.385096 0.262996 -0.042878,
        -0.386497 0.265246 -0.042888,
        -0.388394 0.267091 -0.043058,
        -0.390635 0.268502 -0.043380,
        -0.426248 0.269685 -0.064272,
        -0.415804 0.269685 -0.054545,
        -0.436082 0.269685 -0.081938,
        -0.433689 0.269685 -0.075850,
        -0.402958 0.269685 -0.047228,
        -0.383858 0.255905 -0.041338,
        -0.383858 0.247902 -0.042161,
        -0.383858 0.233217 -0.048533,
        -0.383858 0.238885 -0.045349,
        -0.383858 0.238157 -0.047481,
        -0.383858 0.240232 -0.044593,
        -0.383858 0.247166 -0.042394,
        -0.415189 0.177165 -0.187007,
        -0.414468 0.182806 -0.186303,
        -0.414105 0.185650 -0.185948,
        -0.413952 0.186844 -0.185799,
        -0.413806 0.188539 -0.185220,
        -0.413430 0.192872 -0.183739,
        -0.413447 0.198741 -0.180370,
        -0.413433 0.194040 -0.183068,
        -0.413432 0.193889 -0.183155,
        -0.413452 0.200408 -0.179414,
        -0.413642 0.201622 -0.178395,
        -0.414080 0.204421 -0.176046,
        -0.414819 0.206750 -0.173612,
        -0.413869 0.203069 -0.177180,
        -0.415298 0.207978 -0.172143,
        -0.416808 0.212704 -0.164576,
        -0.417096 0.214395 -0.160441,
        -0.405650 0.216535 -0.088222,
        -0.416126 0.216535 -0.147637,
        -0.417066 0.215606 -0.156140,
        -0.388691 0.264931 -0.043423,
        -0.383990 0.259645 -0.043072,
        -0.387774 0.266658 -0.042977,
        -0.390144 0.268309 -0.043285,
        -0.384761 0.262396 -0.042883,
        -0.386141 0.264852 -0.042863,
        -0.392783 0.269328 -0.043790,
        -0.385393 0.231476 -0.050056,
        -0.384273 0.232729 -0.048883,
        -0.399847 0.217741 -0.071036,
        -0.396340 0.220364 -0.064401,
        -0.395974 0.220637 -0.063708,
        -0.394900 0.221440 -0.061678,
        -0.391076 0.225185 -0.056204,
        -0.390572 0.225678 -0.055483,
        -0.389774 0.226571 -0.054646,
        -0.403690 0.216535 -0.080708,
        -0.401796 0.217130 -0.075942,
        -0.400215 0.217626 -0.071961,
      ]
    }
    coordIndex [
      28, 17, 16, -1,
      28, 16, 29, -1,
      30, 31, 32, -1,
      32, 31, 33, -1,
      32, 33, 16, -1,
      16, 33, 34, -1,
      16, 34, 29, -1,
      3, 35, 4, -1,
      4, 35, 36, -1,
      4, 36, 5, -1,
      36, 37, 5, -1,
      5, 37, 38, -1,
      5, 38, 6, -1,
      6, 38, 39, -1,
      6, 39, 7, -1,
      7, 39, 40, -1,
      41, 11, 42, -1,
      42, 11, 10, -1,
      42, 10, 43, -1,
      43, 10, 9, -1,
      43, 9, 40, -1,
      40, 9, 8, -1,
      40, 8, 7, -1,
      41, 44, 11, -1,
      11, 44, 45, -1,
      11, 45, 12, -1,
      12, 45, 13, -1,
      46, 47, 1, -1,
      45, 48, 13, -1,
      13, 48, 46, -1,
      13, 46, 2, -1,
      2, 46, 1, -1,
      47, 49, 1, -1,
      1, 49, 50, -1,
      1, 50, 51, -1,
      52, 0, 53, -1,
      53, 0, 1, -1,
      53, 1, 54, -1,
      54, 1, 51, -1,
      32, 16, 55, -1,
      55, 16, 56, -1,
      57, 21, 55, -1,
      55, 21, 58, -1,
      55, 58, 22, -1,
      56, 18, 55, -1,
      55, 18, 59, -1,
      55, 59, 19, -1,
      19, 60, 55, -1,
      55, 60, 20, -1,
      55, 20, 57, -1,
      22, 61, 55, -1,
      55, 61, 15, -1,
      55, 15, 32, -1,
      32, 15, 14, -1,
      24, 62, 63, -1,
      63, 30, 24, -1,
      24, 30, 32, -1,
      24, 32, 27, -1,
      27, 32, 14, -1,
      64, 65, 23, -1,
      23, 65, 66, -1,
      23, 66, 67, -1,
      67, 68, 23, -1,
      23, 68, 69, -1,
      23, 69, 24, -1,
      24, 69, 70, -1,
      24, 70, 62, -1,
      0, 52, 25, -1,
      25, 52, 71, -1,
      25, 71, 26, -1,
      26, 71, 72, -1,
      26, 72, 23, -1,
      23, 72, 73, -1,
      23, 73, 64, -1,
    ]
  }
}

Shape {
  appearance Appearance {
    material Material {
      diffuseColor 1.0000 1.0000 0.5020
      specularColor 0.8784 0.8784 0.4431
      ambientIntensity 0.2
      transparency 0.0000
      shininess 0.5
    }
  }
  geometry IndexedFaceSet {
    ccw TRUE
    solid FALSE
    coord DEF co Coordinate {
      point [
        0.409449 0.220769 -0.062946,
        0.409449 0.213100 -0.066727,
        0.437008 0.213080 -0.066686,
        0.437008 0.220769 -0.062946,
        0.437008 0.206099 -0.072585,
        0.409449 0.205918 -0.072785,
        0.437008 0.200981 -0.079898,
        0.409449 0.200996 -0.079908,
        0.437008 0.200889 -0.080030,
        0.409449 0.213052 -0.066751,
        0.437008 0.213031 -0.066710,
        0.409449 0.212715 -0.066917,
        0.437008 0.206181 -0.072515,
        0.409449 0.206202 -0.072540,
        0.409449 0.206120 -0.072610,
        0.437008 0.196895 -0.097333,
        0.437008 0.197743 -0.088555,
        0.409449 0.197731 -0.088607,
        0.409449 0.200905 -0.080041,
        0.409449 0.200814 -0.080173,
        0.437008 0.197817 -0.088354,
        0.409449 0.197823 -0.088356,
        0.409449 0.197749 -0.088557,
        0.409449 0.196888 -0.097332,
        0.409449 0.196867 -0.097546,
        0.437008 0.196869 -0.097600,
        0.409449 0.196876 -0.097598,
        0.437008 0.198273 -0.106252,
        0.409449 0.198253 -0.106255,
        0.409449 0.198278 -0.106414,
        0.437008 0.198324 -0.106569,
        0.409449 0.198343 -0.106561,
        0.437008 0.201861 -0.114531,
        0.409449 0.201831 -0.114544,
        0.409449 0.201874 -0.114643,
        0.437008 0.202013 -0.114874,
        0.409449 0.202039 -0.114853,
        0.437008 0.207425 -0.121632,
        0.409449 0.207389 -0.121661,
        0.437008 0.207693 -0.121967,
        0.409449 0.207422 -0.121703,
        0.437008 0.214567 -0.127143,
        0.409449 0.207720 -0.121931,
        0.409449 0.214567 -0.127143,
        0.271654 0.220769 -0.062946,
        0.271654 0.213100 -0.066727,
        0.299213 0.213080 -0.066686,
        0.299213 0.220769 -0.062946,
        0.299213 0.206099 -0.072585,
        0.271654 0.205918 -0.072785,
        0.299213 0.200981 -0.079898,
        0.271654 0.200996 -0.079908,
        0.299213 0.200889 -0.080030,
        0.271654 0.213052 -0.066751,
        0.299213 0.213031 -0.066710,
        0.271654 0.212715 -0.066917,
        0.299213 0.206181 -0.072515,
        0.271654 0.206202 -0.072540,
        0.271654 0.206120 -0.072610,
        0.299213 0.196895 -0.097333,
        0.299213 0.197743 -0.088555,
        0.271654 0.197731 -0.088607,
        0.271654 0.200905 -0.080041,
        0.271654 0.200814 -0.080173,
        0.299213 0.197817 -0.088354,
        0.271654 0.197823 -0.088356,
        0.271654 0.197749 -0.088557,
        0.271654 0.196888 -0.097332,
        0.271654 0.196867 -0.097546,
        0.299213 0.196869 -0.097600,
        0.271654 0.196876 -0.097598,
        0.299213 0.198273 -0.106252,
        0.271654 0.198253 -0.106255,
        0.271654 0.198278 -0.106414,
        0.299213 0.198324 -0.106569,
        0.271654 0.198343 -0.106561,
        0.299213 0.201861 -0.114531,
        0.271654 0.201831 -0.114544,
        0.271654 0.201874 -0.114643,
        0.299213 0.202013 -0.114874,
        0.271654 0.202039 -0.114853,
        0.299213 0.207425 -0.121632,
        0.271654 0.207389 -0.121661,
        0.299213 0.207693 -0.121967,
        0.271654 0.207422 -0.121703,
        0.299213 0.214567 -0.127143,
        0.271654 0.207720 -0.121931,
        0.271654 0.214567 -0.127143,
        0.133858 0.220769 -0.062946,
        0.133858 0.213100 -0.066727,
        0.161417 0.213080 -0.066686,
        0.161417 0.220769 -0.062946,
        0.161417 0.206099 -0.072585,
        0.133858 0.205918 -0.072785,
        0.161417 0.200981 -0.079898,
        0.133858 0.200996 -0.079908,
        0.161417 0.200889 -0.080030,
        0.133858 0.213052 -0.066751,
        0.161417 0.213031 -0.066710,
        0.133858 0.212715 -0.066917,
        0.161417 0.206181 -0.072515,
        0.133858 0.206202 -0.072540,
        0.133858 0.206120 -0.072610,
        0.161417 0.196895 -0.097333,
        0.161417 0.197743 -0.088555,
        0.133858 0.197731 -0.088607,
        0.133858 0.200905 -0.080041,
        0.133858 0.200814 -0.080173,
        0.161417 0.197817 -0.088354,
        0.133858 0.197823 -0.088356,
        0.133858 0.197749 -0.088557,
        0.133858 0.196888 -0.097332,
        0.133858 0.196867 -0.097545,
        0.161417 0.196869 -0.097600,
        0.133858 0.196876 -0.097598,
        0.161417 0.198273 -0.106252,
        0.133858 0.198253 -0.106255,
        0.133858 0.198278 -0.106414,
        0.161417 0.198324 -0.106569,
        0.133858 0.198343 -0.106561,
        0.161417 0.201861 -0.114531,
        0.133858 0.201831 -0.114544,
        0.133858 0.201874 -0.114643,
        0.161417 0.202013 -0.114874,
        0.133858 0.202039 -0.114853,
        0.161417 0.207425 -0.121632,
        0.133858 0.207389 -0.121661,
        0.161417 0.207693 -0.121967,
        0.133858 0.207422 -0.121703,
        0.161417 0.214567 -0.127143,
        0.133858 0.207720 -0.121931,
        0.133858 0.214567 -0.127143,
        -0.003937 0.220769 -0.062946,
        -0.003937 0.213100 -0.066727,
        0.023622 0.213080 -0.066686,
        0.023622 0.220769 -0.062946,
        0.023622 0.206099 -0.072585,
        -0.003937 0.205918 -0.072785,
        0.023622 0.200981 -0.079898,
        -0.003937 0.200996 -0.079908,
        0.023622 0.200889 -0.080030,
        -0.003937 0.213052 -0.066751,
        0.023622 0.213031 -0.066710,
        -0.003937 0.212715 -0.066917,
        0.023622 0.206181 -0.072515,
        -0.003937 0.206202 -0.072540,
        -0.003937 0.206120 -0.072610,
        0.023622 0.196895 -0.097333,
        0.023622 0.197743 -0.088555,
        -0.003937 0.197731 -0.088607,
        -0.003937 0.200905 -0.080041,
        -0.003937 0.200814 -0.080173,
        0.023622 0.197817 -0.088354,
        -0.003937 0.197823 -0.088356,
        -0.003937 0.197749 -0.088557,
        -0.003937 0.196888 -0.097332,
        -0.003937 0.196867 -0.097545,
        0.023622 0.196869 -0.097600,
        -0.003937 0.196876 -0.097598,
        0.023622 0.198273 -0.106252,
        -0.003937 0.198253 -0.106255,
        -0.003937 0.198278 -0.106414,
        0.023622 0.198324 -0.106569,
        -0.003937 0.198343 -0.106561,
        0.023622 0.201861 -0.114531,
        -0.003937 0.201831 -0.114544,
        -0.003937 0.201874 -0.114643,
        0.023622 0.202013 -0.114874,
        -0.003937 0.202039 -0.114853,
        0.023622 0.207425 -0.121632,
        -0.003937 0.207389 -0.121661,
        0.023622 0.207693 -0.121967,
        -0.003937 0.207422 -0.121703,
        0.023622 0.214567 -0.127143,
        -0.003937 0.207720 -0.121931,
        -0.003937 0.214567 -0.127143,
        -0.141732 0.220769 -0.062946,
        -0.141732 0.213100 -0.066727,
        -0.114173 0.213080 -0.066686,
        -0.114173 0.220769 -0.062946,
        -0.114173 0.206099 -0.072585,
        -0.141732 0.205918 -0.072785,
        -0.114173 0.200981 -0.079898,
        -0.141732 0.200996 -0.079908,
        -0.114173 0.200889 -0.080030,
        -0.141732 0.213052 -0.066751,
        -0.114173 0.213031 -0.066710,
        -0.141732 0.212715 -0.066917,
        -0.114173 0.206181 -0.072515,
        -0.141732 0.206202 -0.072540,
        -0.141732 0.206120 -0.072610,
        -0.114173 0.196895 -0.097333,
        -0.114173 0.197743 -0.088555,
        -0.141732 0.197731 -0.088607,
        -0.141732 0.200905 -0.080041,
        -0.141732 0.200814 -0.080173,
        -0.114173 0.197817 -0.088354,
        -0.141732 0.197823 -0.088356,
        -0.141732 0.197749 -0.088557,
        -0.141732 0.196888 -0.097332,
        -0.141732 0.196867 -0.097545,
        -0.114173 0.196869 -0.097600,
        -0.141732 0.196876 -0.097598,
        -0.114173 0.198273 -0.106252,
        -0.141732 0.198253 -0.106255,
        -0.141732 0.198278 -0.106414,
        -0.114173 0.198324 -0.106569,
        -0.141732 0.198343 -0.106561,
        -0.114173 0.201861 -0.114531,
        -0.141732 0.201831 -0.114544,
        -0.141732 0.201874 -0.114643,
        -0.114173 0.202013 -0.114874,
        -0.141732 0.202039 -0.114853,
        -0.114173 0.207425 -0.121632,
        -0.141732 0.207389 -0.121661,
        -0.114173 0.207693 -0.121967,
        -0.141732 0.207422 -0.121703,
        -0.114173 0.214567 -0.127143,
        -0.141732 0.207720 -0.121931,
        -0.141732 0.214567 -0.127143,
        -0.279528 0.220769 -0.062946,
        -0.279528 0.213080 -0.066687,
        -0.251969 0.220769 -0.062946,
        -0.251969 0.213080 -0.066687,
        -0.251969 0.213031 -0.066710,
        -0.279528 0.213031 -0.066710,
        -0.251969 0.206181 -0.072515,
        -0.279528 0.206181 -0.072515,
        -0.251969 0.206099 -0.072585,
        -0.279528 0.206099 -0.072585,
        -0.251969 0.200981 -0.079898,
        -0.279528 0.200981 -0.079898,
        -0.251969 0.200889 -0.080030,
        -0.279528 0.200889 -0.080030,
        -0.251969 0.197817 -0.088354,
        -0.279528 0.197817 -0.088354,
        -0.251969 0.197743 -0.088555,
        -0.279528 0.197743 -0.088555,
        -0.251969 0.196895 -0.097333,
        -0.279528 0.196895 -0.097333,
        -0.251969 0.196869 -0.097600,
        -0.279528 0.196869 -0.097600,
        -0.251969 0.198273 -0.106252,
        -0.279528 0.198273 -0.106252,
        -0.251969 0.198324 -0.106569,
        -0.279528 0.198324 -0.106569,
        -0.251969 0.201861 -0.114531,
        -0.279528 0.201861 -0.114531,
        -0.251969 0.202013 -0.114874,
        -0.279528 0.202013 -0.114874,
        -0.251969 0.207425 -0.121632,
        -0.279528 0.207425 -0.121632,
        -0.251969 0.207693 -0.121967,
        -0.279528 0.207693 -0.121967,
        -0.251969 0.214567 -0.127143,
        -0.279528 0.214567 -0.127143,
        -0.291339 0.209773 -0.084688,
        -0.291339 0.212068 -0.080765,
        -0.291339 0.216535 -0.080708,
        -0.291339 0.213502 -0.079347,
        -0.291339 0.216809 -0.076075,
        -0.291339 0.216535 -0.116627,
        -0.291339 0.214672 -0.114734,
        -0.291339 0.208700 -0.086521,
        -0.291339 0.207954 -0.103709,
        -0.291339 0.211858 -0.111874,
        -0.291339 0.210601 -0.109656,
        -0.291339 0.208569 -0.106073,
        -0.291339 0.206889 -0.099620,
        -0.291339 0.206905 -0.097283,
        -0.291339 0.207525 -0.090801,
        -0.291339 0.206934 -0.092951,
        -0.288761 0.217416 -0.073158,
        -0.285405 0.218206 -0.069360,
        -0.282572 0.219292 -0.066235,
        -0.280168 0.220459 -0.063638,
        -0.284251 0.216535 -0.123733,
        -0.287836 0.216535 -0.120221,
        -0.289530 0.216535 -0.118508,
        -0.287717 0.217661 -0.071977,
        -0.291339 0.214567 -0.127143,
        -0.291339 0.216535 -0.123734,
        -0.291339 0.216535 -0.128279,
        -0.240157 0.214567 -0.127143,
        -0.240157 0.216535 -0.128279,
        -0.240157 0.216535 -0.123733,
        -0.247244 0.216535 -0.123733,
        -0.243660 0.216535 -0.120221,
        -0.240157 0.216535 -0.116627,
        -0.240157 0.214524 -0.114881,
        -0.243781 0.217542 -0.071953,
        -0.246091 0.218206 -0.069360,
        -0.251325 0.220489 -0.063649,
        -0.240157 0.213372 -0.079216,
        -0.240157 0.216809 -0.076075,
        -0.242665 0.217280 -0.073216,
        -0.243245 0.217389 -0.072554,
        -0.245372 0.216535 -0.121915,
        -0.240157 0.209609 -0.084593,
        -0.240157 0.207337 -0.090750,
        -0.240157 0.206706 -0.097282,
        -0.240157 0.207757 -0.103760,
        -0.240157 0.210422 -0.109758,
        -0.240157 0.216535 -0.080708,
        -0.153543 0.216809 -0.076075,
        -0.153543 0.216535 -0.080708,
        -0.153543 0.213502 -0.079346,
        -0.153543 0.212068 -0.080765,
        -0.153543 0.208569 -0.106073,
        -0.153543 0.207954 -0.103709,
        -0.153543 0.206889 -0.099619,
        -0.153543 0.206905 -0.097283,
        -0.153543 0.206934 -0.092951,
        -0.153543 0.207525 -0.090801,
        -0.153543 0.216535 -0.116627,
        -0.153543 0.214672 -0.114734,
        -0.153543 0.208700 -0.086521,
        -0.153543 0.209773 -0.084688,
        -0.153543 0.211858 -0.111874,
        -0.153543 0.210601 -0.109656,
        -0.149922 0.217661 -0.071977,
        -0.150966 0.217416 -0.073158,
        -0.142372 0.220459 -0.063638,
        -0.144777 0.219292 -0.066235,
        -0.147610 0.218206 -0.069360,
        -0.146456 0.216535 -0.123733,
        -0.148328 0.216535 -0.121915,
        -0.150041 0.216535 -0.120221,
        -0.153543 0.214567 -0.127143,
        -0.153543 0.216535 -0.123734,
        -0.153543 0.216535 -0.128279,
        -0.102362 0.214567 -0.127143,
        -0.102362 0.216535 -0.128279,
        -0.102362 0.216535 -0.123733,
        -0.109450 0.216535 -0.123733,
        -0.102362 0.211858 -0.111874,
        -0.102362 0.210601 -0.109656,
        -0.102362 0.208569 -0.106073,
        -0.102362 0.207954 -0.103709,
        -0.102362 0.206889 -0.099619,
        -0.102362 0.206905 -0.097283,
        -0.102362 0.206934 -0.092951,
        -0.102362 0.207525 -0.090801,
        -0.102362 0.208700 -0.086521,
        -0.102362 0.209773 -0.084688,
        -0.102362 0.212068 -0.080765,
        -0.102362 0.213502 -0.079346,
        -0.108296 0.218206 -0.069360,
        -0.111129 0.219292 -0.066235,
        -0.113533 0.220459 -0.063638,
        -0.102362 0.216809 -0.076075,
        -0.104940 0.217416 -0.073158,
        -0.105983 0.217661 -0.071977,
        -0.102362 0.216535 -0.116627,
        -0.102362 0.214672 -0.114734,
        -0.104171 0.216535 -0.118508,
        -0.105865 0.216535 -0.120221,
        -0.102362 0.216535 -0.080708,
        -0.015748 0.216809 -0.076075,
        -0.015748 0.216535 -0.080708,
        -0.015748 0.213502 -0.079346,
        -0.015748 0.212068 -0.080765,
        -0.015748 0.208569 -0.106073,
        -0.015748 0.207954 -0.103709,
        -0.015748 0.206889 -0.099620,
        -0.015748 0.206905 -0.097283,
        -0.015748 0.206934 -0.092951,
        -0.015748 0.207525 -0.090801,
        -0.015748 0.216535 -0.116627,
        -0.015748 0.214672 -0.114734,
        -0.015748 0.208700 -0.086521,
        -0.015748 0.209773 -0.084688,
        -0.015748 0.211858 -0.111874,
        -0.015748 0.210601 -0.109656,
        -0.012127 0.217661 -0.071977,
        -0.013170 0.217416 -0.073158,
        -0.004577 0.220459 -0.063638,
        -0.006981 0.219292 -0.066235,
        -0.009815 0.218206 -0.069360,
        -0.008661 0.216535 -0.123733,
        -0.010533 0.216535 -0.121915,
        -0.012246 0.216535 -0.120221,
        -0.015748 0.214567 -0.127143,
        -0.015748 0.216535 -0.123734,
        -0.015748 0.216535 -0.128279,
        0.035433 0.214567 -0.127143,
        0.035433 0.216535 -0.128279,
        0.035433 0.216535 -0.123733,
        0.028346 0.216535 -0.123733,
        0.035433 0.211858 -0.111874,
        0.035433 0.210601 -0.109656,
        0.035433 0.208569 -0.106073,
        0.035433 0.207954 -0.103709,
        0.035433 0.206889 -0.099620,
        0.035433 0.206905 -0.097283,
        0.035433 0.206934 -0.092951,
        0.035433 0.207525 -0.090801,
        0.035433 0.208700 -0.086521,
        0.035433 0.209773 -0.084688,
        0.035433 0.212068 -0.080765,
        0.035433 0.213502 -0.079346,
        0.029499 0.218206 -0.069360,
        0.026667 0.219292 -0.066235,
        0.024262 0.220459 -0.063638,
        0.035433 0.216809 -0.076075,
        0.032856 0.217416 -0.073158,
        0.031812 0.217661 -0.071977,
        0.035433 0.216535 -0.116627,
        0.035433 0.214672 -0.114734,
        0.033624 0.216535 -0.118508,
        0.031930 0.216535 -0.120221,
        0.035433 0.216535 -0.080708,
        0.122047 0.216809 -0.076075,
        0.122047 0.216535 -0.080708,
        0.122047 0.213502 -0.079346,
        0.122047 0.212068 -0.080765,
        0.122047 0.208569 -0.106073,
        0.122047 0.207954 -0.103709,
        0.122047 0.206889 -0.099620,
        0.122047 0.206905 -0.097283,
        0.122047 0.206934 -0.092951,
        0.122047 0.207525 -0.090801,
        0.122047 0.216535 -0.116627,
        0.122047 0.214672 -0.114734,
        0.122047 0.208700 -0.086521,
        0.122047 0.209773 -0.084688,
        0.122047 0.211858 -0.111874,
        0.122047 0.210601 -0.109656,
        0.125668 0.217661 -0.071977,
        0.124625 0.217416 -0.073158,
        0.133218 0.220459 -0.063638,
        0.130814 0.219292 -0.066235,
        0.127981 0.218206 -0.069360,
        0.129134 0.216535 -0.123733,
        0.127262 0.216535 -0.121915,
        0.125550 0.216535 -0.120221,
        0.122047 0.214567 -0.127143,
        0.122047 0.216535 -0.123734,
        0.122047 0.216535 -0.128279,
        0.173228 0.214567 -0.127143,
        0.173228 0.216535 -0.128279,
        0.173228 0.216535 -0.123733,
        0.166141 0.216535 -0.123733,
        0.173228 0.211858 -0.111874,
        0.173228 0.210601 -0.109656,
        0.173228 0.208569 -0.106073,
        0.173228 0.207954 -0.103709,
        0.173228 0.206889 -0.099620,
        0.173228 0.206905 -0.097283,
        0.173228 0.206934 -0.092951,
        0.173228 0.207525 -0.090801,
        0.173228 0.208700 -0.086521,
        0.173228 0.209773 -0.084688,
        0.173228 0.212068 -0.080765,
        0.173228 0.213502 -0.079346,
        0.167294 0.218206 -0.069360,
        0.164462 0.219292 -0.066235,
        0.162057 0.220459 -0.063638,
        0.173228 0.216809 -0.076075,
        0.170651 0.217416 -0.073158,
        0.169607 0.217661 -0.071977,
        0.173228 0.216535 -0.116627,
        0.173228 0.214672 -0.114734,
        0.171419 0.216535 -0.118508,
        0.169726 0.216535 -0.120221,
        0.173228 0.216535 -0.080708,
        0.259843 0.216809 -0.076075,
        0.259843 0.216535 -0.080708,
        0.259843 0.213502 -0.079346,
        0.259843 0.212068 -0.080765,
        0.259843 0.208569 -0.106073,
        0.259843 0.207954 -0.103709,
        0.259843 0.206889 -0.099620,
        0.259843 0.206905 -0.097283,
        0.259843 0.206934 -0.092951,
        0.259843 0.207525 -0.090801,
        0.259843 0.216535 -0.116627,
        0.259843 0.214672 -0.114734,
        0.259843 0.208700 -0.086521,
        0.259843 0.209773 -0.084688,
        0.259843 0.211858 -0.111874,
        0.259843 0.210601 -0.109656,
        0.263463 0.217661 -0.071977,
        0.262420 0.217416 -0.073158,
        0.271013 0.220459 -0.063638,
        0.268609 0.219292 -0.066235,
        0.265776 0.218206 -0.069360,
        0.266930 0.216535 -0.123733,
        0.265057 0.216535 -0.121915,
        0.263345 0.216535 -0.120221,
        0.259843 0.214567 -0.127143,
        0.259843 0.216535 -0.123734,
        0.259843 0.216535 -0.128279,
        0.311024 0.214567 -0.127143,
        0.311024 0.216535 -0.128279,
        0.311024 0.216535 -0.123733,
        0.303936 0.216535 -0.123733,
        0.311024 0.211858 -0.111874,
        0.311024 0.210601 -0.109656,
        0.311024 0.208569 -0.106073,
        0.311024 0.207954 -0.103709,
        0.311024 0.206889 -0.099620,
        0.311024 0.206905 -0.097283,
        0.311024 0.206934 -0.092951,
        0.311024 0.207525 -0.090801,
        0.311024 0.208700 -0.086521,
        0.311024 0.209773 -0.084688,
        0.311024 0.212068 -0.080765,
        0.311024 0.213502 -0.079346,
        0.305090 0.218206 -0.069360,
        0.302257 0.219292 -0.066235,
        0.299852 0.220459 -0.063638,
        0.311024 0.216809 -0.076075,
        0.308446 0.217416 -0.073158,
        0.307402 0.217661 -0.071977,
        0.311024 0.216535 -0.116627,
        0.311024 0.214672 -0.114734,
        0.309215 0.216535 -0.118508,
        0.307521 0.216535 -0.120221,
        0.311024 0.216535 -0.080708,
        0.397638 0.216809 -0.076075,
        0.397638 0.216535 -0.080708,
        0.397638 0.213502 -0.079346,
        0.397638 0.212068 -0.080765,
        0.397638 0.208569 -0.106073,
        0.397638 0.207954 -0.103709,
        0.397638 0.206889 -0.099620,
        0.397638 0.206905 -0.097283,
        0.397638 0.206934 -0.092951,
        0.397638 0.207525 -0.090801,
        0.397638 0.216535 -0.116627,
        0.397638 0.214672 -0.114734,
        0.397638 0.208700 -0.086521,
        0.397638 0.209773 -0.084688,
        0.397638 0.211858 -0.111874,
        0.397638 0.210601 -0.109656,
        0.401259 0.217661 -0.071977,
        0.400215 0.217416 -0.073158,
        0.408809 0.220459 -0.063637,
        0.406404 0.219292 -0.066235,
        0.403571 0.218206 -0.069360,
        0.404725 0.216535 -0.123733,
        0.402853 0.216535 -0.121915,
        0.401140 0.216535 -0.120221,
        0.397638 0.214567 -0.127143,
        0.397638 0.216535 -0.123734,
        0.397638 0.216535 -0.128279,
        0.448819 0.214567 -0.127143,
        0.448819 0.216535 -0.128279,
        0.448819 0.216535 -0.123733,
        0.441731 0.216535 -0.123733,
        0.448819 0.211858 -0.111874,
        0.448819 0.210601 -0.109656,
        0.448819 0.208569 -0.106073,
        0.448819 0.207954 -0.103709,
        0.448819 0.206889 -0.099620,
        0.448819 0.206905 -0.097283,
        0.448819 0.206934 -0.092951,
        0.448819 0.207525 -0.090801,
        0.448819 0.208700 -0.086521,
        0.448819 0.209773 -0.084688,
        0.448819 0.212068 -0.080765,
        0.448819 0.213502 -0.079346,
        0.442885 0.218206 -0.069360,
        0.440052 0.219292 -0.066235,
        0.437648 0.220459 -0.063637,
        0.448819 0.216809 -0.076075,
        0.446241 0.217416 -0.073158,
        0.445198 0.217661 -0.071977,
        0.448819 0.216535 -0.116627,
        0.448819 0.214672 -0.114734,
        0.447010 0.216535 -0.118508,
        0.445316 0.216535 -0.120221,
        0.448819 0.216535 -0.080708,
        0.448819 0.427166 -0.127143,
        0.437008 0.427166 -0.127143,
        0.448819 0.425198 -0.123733,
        0.441731 0.425198 -0.123733,
        0.448819 0.425198 -0.128279,
        0.409449 0.427166 -0.127143,
        0.397638 0.425198 -0.128279,
        0.397638 0.427166 -0.127143,
        0.397638 0.425198 -0.123734,
        0.404725 0.425198 -0.123733,
        0.311024 0.427166 -0.127143,
        0.299213 0.427166 -0.127143,
        0.311024 0.425198 -0.123733,
        0.303936 0.425198 -0.123733,
        0.311024 0.425198 -0.128279,
        0.271654 0.427166 -0.127143,
        0.259843 0.425198 -0.128279,
        0.259843 0.427166 -0.127143,
        0.259843 0.425198 -0.123734,
        0.266930 0.425198 -0.123733,
        0.173228 0.427166 -0.127143,
        0.161417 0.427166 -0.127143,
        0.173228 0.425198 -0.123733,
        0.166141 0.425198 -0.123733,
        0.173228 0.425198 -0.128279,
        0.133858 0.427166 -0.127143,
        0.122047 0.425198 -0.128279,
        0.122047 0.427166 -0.127143,
        0.122047 0.425198 -0.123734,
        0.129134 0.425198 -0.123733,
        0.035433 0.427166 -0.127143,
        0.023622 0.427166 -0.127143,
        0.035433 0.425198 -0.123733,
        0.028346 0.425198 -0.123733,
        0.035433 0.425198 -0.128279,
        -0.003937 0.427166 -0.127143,
        -0.015748 0.425198 -0.128279,
        -0.015748 0.427166 -0.127143,
        -0.015748 0.425198 -0.123734,
        -0.008661 0.425198 -0.123733,
        -0.102362 0.427166 -0.127143,
        -0.114173 0.427166 -0.127143,
        -0.102362 0.425198 -0.123733,
        -0.109450 0.425198 -0.123733,
        -0.102362 0.425198 -0.128279,
        -0.141732 0.427166 -0.127143,
        -0.153543 0.425198 -0.128279,
        -0.153543 0.427166 -0.127143,
        -0.153543 0.425198 -0.123734,
        -0.146456 0.425198 -0.123733,
        -0.240157 0.425198 -0.123733,
        -0.240157 0.427166 -0.127143,
        -0.247244 0.425198 -0.123733,
        -0.251969 0.427166 -0.127143,
        -0.240157 0.425198 -0.128279,
        -0.279528 0.427166 -0.127143,
        -0.291339 0.425198 -0.128279,
        -0.291339 0.427166 -0.127143,
        -0.291339 0.425198 -0.123734,
        -0.284251 0.425198 -0.123733,
      ]
    }
    coordIndex [
      256, 257, 258, -1,
      258, 257, 259, -1,
      258, 259, 260, -1,
      258, 261, 262, -1,
      263, 256, 264, -1,
      262, 265, 258, -1,
      258, 265, 266, -1,
      258, 266, 256, -1,
      256, 266, 267, -1,
      256, 267, 264, -1,
      264, 268, 269, -1,
      263, 264, 270, -1,
      270, 264, 269, -1,
      270, 269, 271, -1,
      272, 260, 259, -1,
      273, 225, 274, -1,
      274, 225, 221, -1,
      274, 221, 275, -1,
      275, 221, 220, -1,
      276, 255, 277, -1,
      277, 255, 253, -1,
      277, 253, 278, -1,
      273, 279, 225, -1,
      225, 279, 272, -1,
      225, 272, 227, -1,
      227, 272, 259, -1,
      227, 259, 229, -1,
      229, 259, 257, -1,
      229, 257, 231, -1,
      231, 257, 256, -1,
      231, 256, 233, -1,
      233, 256, 263, -1,
      233, 263, 235, -1,
      235, 263, 270, -1,
      235, 270, 237, -1,
      237, 270, 271, -1,
      237, 271, 239, -1,
      239, 271, 269, -1,
      239, 269, 241, -1,
      241, 269, 268, -1,
      241, 268, 243, -1,
      243, 268, 264, -1,
      243, 264, 245, -1,
      245, 264, 267, -1,
      245, 267, 247, -1,
      247, 267, 266, -1,
      247, 266, 249, -1,
      249, 266, 265, -1,
      249, 265, 251, -1,
      251, 265, 262, -1,
      251, 262, 253, -1,
      253, 262, 261, -1,
      253, 261, 278, -1,
      280, 255, 281, -1,
      281, 255, 276, -1,
      282, 280, 281, -1,
      283, 254, 284, -1,
      284, 254, 255, -1,
      284, 255, 282, -1,
      282, 255, 280, -1,
      285, 283, 284, -1,
      285, 286, 283, -1,
      283, 286, 254, -1,
      287, 288, 289, -1,
      290, 291, 224, -1,
      224, 291, 223, -1,
      223, 291, 292, -1,
      223, 292, 222, -1,
      293, 294, 226, -1,
      226, 294, 295, -1,
      226, 295, 224, -1,
      224, 295, 296, -1,
      224, 296, 290, -1,
      254, 286, 252, -1,
      252, 286, 297, -1,
      226, 228, 293, -1,
      293, 228, 230, -1,
      293, 230, 298, -1,
      230, 232, 298, -1,
      298, 232, 234, -1,
      298, 234, 299, -1,
      234, 236, 299, -1,
      299, 236, 238, -1,
      299, 238, 300, -1,
      238, 240, 300, -1,
      300, 240, 242, -1,
      300, 242, 301, -1,
      242, 244, 301, -1,
      301, 244, 246, -1,
      301, 246, 302, -1,
      297, 287, 252, -1,
      252, 287, 289, -1,
      252, 289, 250, -1,
      250, 289, 302, -1,
      250, 302, 248, -1,
      248, 302, 246, -1,
      289, 288, 303, -1,
      289, 303, 302, -1,
      294, 293, 303, -1,
      303, 293, 298, -1,
      303, 298, 299, -1,
      299, 300, 303, -1,
      303, 300, 301, -1,
      303, 301, 302, -1,
      304, 305, 306, -1,
      306, 305, 307, -1,
      308, 309, 305, -1,
      305, 309, 310, -1,
      310, 311, 305, -1,
      305, 311, 312, -1,
      305, 312, 313, -1,
      305, 314, 315, -1,
      313, 316, 305, -1,
      305, 316, 317, -1,
      305, 317, 307, -1,
      315, 318, 305, -1,
      305, 318, 319, -1,
      305, 319, 308, -1,
      320, 321, 185, -1,
      185, 321, 187, -1,
      304, 306, 321, -1,
      321, 306, 189, -1,
      321, 189, 187, -1,
      176, 322, 177, -1,
      177, 322, 323, -1,
      177, 323, 185, -1,
      185, 323, 324, -1,
      185, 324, 320, -1,
      218, 315, 314, -1,
      325, 219, 326, -1,
      326, 219, 218, -1,
      326, 218, 327, -1,
      327, 218, 314, -1,
      218, 216, 315, -1,
      315, 216, 214, -1,
      315, 214, 318, -1,
      318, 214, 212, -1,
      318, 212, 319, -1,
      212, 210, 319, -1,
      319, 210, 209, -1,
      319, 209, 308, -1,
      308, 209, 207, -1,
      308, 207, 309, -1,
      207, 205, 309, -1,
      309, 205, 204, -1,
      309, 204, 310, -1,
      310, 204, 202, -1,
      310, 202, 311, -1,
      202, 200, 311, -1,
      311, 200, 199, -1,
      311, 199, 312, -1,
      312, 199, 193, -1,
      312, 193, 313, -1,
      193, 198, 313, -1,
      313, 198, 197, -1,
      313, 197, 316, -1,
      316, 197, 195, -1,
      316, 195, 317, -1,
      195, 194, 317, -1,
      317, 194, 183, -1,
      317, 183, 307, -1,
      307, 183, 181, -1,
      307, 181, 306, -1,
      306, 181, 190, -1,
      306, 190, 189, -1,
      328, 219, 329, -1,
      329, 219, 325, -1,
      330, 328, 329, -1,
      331, 217, 332, -1,
      332, 217, 219, -1,
      332, 219, 330, -1,
      330, 219, 328, -1,
      331, 332, 333, -1,
      331, 333, 217, -1,
      217, 333, 334, -1,
      335, 336, 211, -1,
      337, 338, 206, -1,
      339, 340, 201, -1,
      341, 342, 192, -1,
      343, 344, 184, -1,
      345, 346, 180, -1,
      180, 346, 188, -1,
      178, 186, 347, -1,
      347, 348, 178, -1,
      178, 348, 349, -1,
      178, 349, 179, -1,
      346, 350, 188, -1,
      188, 350, 351, -1,
      188, 351, 186, -1,
      186, 351, 352, -1,
      186, 352, 347, -1,
      215, 217, 334, -1,
      353, 354, 355, -1,
      355, 354, 215, -1,
      355, 215, 356, -1,
      356, 215, 334, -1,
      345, 180, 344, -1,
      344, 180, 182, -1,
      344, 182, 184, -1,
      343, 184, 342, -1,
      342, 184, 196, -1,
      342, 196, 192, -1,
      341, 192, 340, -1,
      340, 192, 191, -1,
      340, 191, 201, -1,
      339, 201, 338, -1,
      338, 201, 203, -1,
      338, 203, 206, -1,
      337, 206, 336, -1,
      336, 206, 208, -1,
      336, 208, 211, -1,
      335, 211, 354, -1,
      354, 211, 213, -1,
      354, 213, 215, -1,
      350, 346, 357, -1,
      357, 346, 345, -1,
      357, 345, 344, -1,
      341, 340, 357, -1,
      357, 340, 339, -1,
      344, 343, 357, -1,
      357, 343, 342, -1,
      357, 342, 341, -1,
      339, 338, 357, -1,
      357, 338, 337, -1,
      357, 337, 336, -1,
      336, 335, 357, -1,
      357, 335, 354, -1,
      357, 354, 353, -1,
      358, 359, 360, -1,
      360, 359, 361, -1,
      362, 363, 359, -1,
      359, 363, 364, -1,
      364, 365, 359, -1,
      359, 365, 366, -1,
      359, 366, 367, -1,
      359, 368, 369, -1,
      367, 370, 359, -1,
      359, 370, 371, -1,
      359, 371, 361, -1,
      369, 372, 359, -1,
      359, 372, 373, -1,
      359, 373, 362, -1,
      374, 375, 141, -1,
      141, 375, 143, -1,
      358, 360, 375, -1,
      375, 360, 145, -1,
      375, 145, 143, -1,
      132, 376, 133, -1,
      133, 376, 377, -1,
      133, 377, 141, -1,
      141, 377, 378, -1,
      141, 378, 374, -1,
      174, 369, 368, -1,
      379, 175, 380, -1,
      380, 175, 174, -1,
      380, 174, 381, -1,
      381, 174, 368, -1,
      174, 172, 369, -1,
      369, 172, 170, -1,
      369, 170, 372, -1,
      372, 170, 168, -1,
      372, 168, 373, -1,
      168, 166, 373, -1,
      373, 166, 165, -1,
      373, 165, 362, -1,
      362, 165, 163, -1,
      362, 163, 363, -1,
      163, 161, 363, -1,
      363, 161, 160, -1,
      363, 160, 364, -1,
      364, 160, 158, -1,
      364, 158, 365, -1,
      158, 156, 365, -1,
      365, 156, 155, -1,
      365, 155, 366, -1,
      366, 155, 149, -1,
      366, 149, 367, -1,
      149, 154, 367, -1,
      367, 154, 153, -1,
      367, 153, 370, -1,
      370, 153, 151, -1,
      370, 151, 371, -1,
      151, 150, 371, -1,
      371, 150, 139, -1,
      371, 139, 361, -1,
      361, 139, 137, -1,
      361, 137, 360, -1,
      360, 137, 146, -1,
      360, 146, 145, -1,
      382, 175, 383, -1,
      383, 175, 379, -1,
      384, 382, 383, -1,
      385, 173, 386, -1,
      386, 173, 175, -1,
      386, 175, 384, -1,
      384, 175, 382, -1,
      385, 386, 387, -1,
      385, 387, 173, -1,
      173, 387, 388, -1,
      389, 390, 167, -1,
      391, 392, 162, -1,
      393, 394, 157, -1,
      395, 396, 148, -1,
      397, 398, 140, -1,
      399, 400, 136, -1,
      136, 400, 144, -1,
      134, 142, 401, -1,
      401, 402, 134, -1,
      134, 402, 403, -1,
      134, 403, 135, -1,
      400, 404, 144, -1,
      144, 404, 405, -1,
      144, 405, 142, -1,
      142, 405, 406, -1,
      142, 406, 401, -1,
      171, 173, 388, -1,
      407, 408, 409, -1,
      409, 408, 171, -1,
      409, 171, 410, -1,
      410, 171, 388, -1,
      399, 136, 398, -1,
      398, 136, 138, -1,
      398, 138, 140, -1,
      397, 140, 396, -1,
      396, 140, 152, -1,
      396, 152, 148, -1,
      395, 148, 394, -1,
      394, 148, 147, -1,
      394, 147, 157, -1,
      393, 157, 392, -1,
      392, 157, 159, -1,
      392, 159, 162, -1,
      391, 162, 390, -1,
      390, 162, 164, -1,
      390, 164, 167, -1,
      389, 167, 408, -1,
      408, 167, 169, -1,
      408, 169, 171, -1,
      404, 400, 411, -1,
      411, 400, 399, -1,
      411, 399, 398, -1,
      395, 394, 411, -1,
      411, 394, 393, -1,
      398, 397, 411, -1,
      411, 397, 396, -1,
      411, 396, 395, -1,
      393, 392, 411, -1,
      411, 392, 391, -1,
      411, 391, 390, -1,
      390, 389, 411, -1,
      411, 389, 408, -1,
      411, 408, 407, -1,
      412, 413, 414, -1,
      414, 413, 415, -1,
      416, 417, 413, -1,
      413, 417, 418, -1,
      418, 419, 413, -1,
      413, 419, 420, -1,
      413, 420, 421, -1,
      413, 422, 423, -1,
      421, 424, 413, -1,
      413, 424, 425, -1,
      413, 425, 415, -1,
      423, 426, 413, -1,
      413, 426, 427, -1,
      413, 427, 416, -1,
      428, 429, 97, -1,
      97, 429, 99, -1,
      412, 414, 429, -1,
      429, 414, 101, -1,
      429, 101, 99, -1,
      88, 430, 89, -1,
      89, 430, 431, -1,
      89, 431, 97, -1,
      97, 431, 432, -1,
      97, 432, 428, -1,
      130, 423, 422, -1,
      433, 131, 434, -1,
      434, 131, 130, -1,
      434, 130, 435, -1,
      435, 130, 422, -1,
      130, 128, 423, -1,
      423, 128, 126, -1,
      423, 126, 426, -1,
      426, 126, 124, -1,
      426, 124, 427, -1,
      124, 122, 427, -1,
      427, 122, 121, -1,
      427, 121, 416, -1,
      416, 121, 119, -1,
      416, 119, 417, -1,
      119, 117, 417, -1,
      417, 117, 116, -1,
      417, 116, 418, -1,
      418, 116, 114, -1,
      418, 114, 419, -1,
      114, 112, 419, -1,
      419, 112, 111, -1,
      419, 111, 420, -1,
      420, 111, 105, -1,
      420, 105, 421, -1,
      105, 110, 421, -1,
      421, 110, 109, -1,
      421, 109, 424, -1,
      424, 109, 107, -1,
      424, 107, 425, -1,
      107, 106, 425, -1,
      425, 106, 95, -1,
      425, 95, 415, -1,
      415, 95, 93, -1,
      415, 93, 414, -1,
      414, 93, 102, -1,
      414, 102, 101, -1,
      436, 131, 437, -1,
      437, 131, 433, -1,
      438, 436, 437, -1,
      439, 129, 440, -1,
      440, 129, 131, -1,
      440, 131, 438, -1,
      438, 131, 436, -1,
      439, 440, 441, -1,
      439, 441, 129, -1,
      129, 441, 442, -1,
      443, 444, 123, -1,
      445, 446, 118, -1,
      447, 448, 113, -1,
      449, 450, 104, -1,
      451, 452, 96, -1,
      453, 454, 92, -1,
      92, 454, 100, -1,
      90, 98, 455, -1,
      455, 456, 90, -1,
      90, 456, 457, -1,
      90, 457, 91, -1,
      454, 458, 100, -1,
      100, 458, 459, -1,
      100, 459, 98, -1,
      98, 459, 460, -1,
      98, 460, 455, -1,
      127, 129, 442, -1,
      461, 462, 463, -1,
      463, 462, 127, -1,
      463, 127, 464, -1,
      464, 127, 442, -1,
      453, 92, 452, -1,
      452, 92, 94, -1,
      452, 94, 96, -1,
      451, 96, 450, -1,
      450, 96, 108, -1,
      450, 108, 104, -1,
      449, 104, 448, -1,
      448, 104, 103, -1,
      448, 103, 113, -1,
      447, 113, 446, -1,
      446, 113, 115, -1,
      446, 115, 118, -1,
      445, 118, 444, -1,
      444, 118, 120, -1,
      444, 120, 123, -1,
      443, 123, 462, -1,
      462, 123, 125, -1,
      462, 125, 127, -1,
      458, 454, 465, -1,
      465, 454, 453, -1,
      465, 453, 452, -1,
      449, 448, 465, -1,
      465, 448, 447, -1,
      452, 451, 465, -1,
      465, 451, 450, -1,
      465, 450, 449, -1,
      447, 446, 465, -1,
      465, 446, 445, -1,
      465, 445, 444, -1,
      444, 443, 465, -1,
      465, 443, 462, -1,
      465, 462, 461, -1,
      466, 467, 468, -1,
      468, 467, 469, -1,
      470, 471, 467, -1,
      467, 471, 472, -1,
      472, 473, 467, -1,
      467, 473, 474, -1,
      467, 474, 475, -1,
      467, 476, 477, -1,
      475, 478, 467, -1,
      467, 478, 479, -1,
      467, 479, 469, -1,
      477, 480, 467, -1,
      467, 480, 481, -1,
      467, 481, 470, -1,
      482, 483, 53, -1,
      53, 483, 55, -1,
      466, 468, 483, -1,
      483, 468, 57, -1,
      483, 57, 55, -1,
      44, 484, 45, -1,
      45, 484, 485, -1,
      45, 485, 53, -1,
      53, 485, 486, -1,
      53, 486, 482, -1,
      86, 477, 476, -1,
      487, 87, 488, -1,
      488, 87, 86, -1,
      488, 86, 489, -1,
      489, 86, 476, -1,
      86, 84, 477, -1,
      477, 84, 82, -1,
      477, 82, 480, -1,
      480, 82, 80, -1,
      480, 80, 481, -1,
      80, 78, 481, -1,
      481, 78, 77, -1,
      481, 77, 470, -1,
      470, 77, 75, -1,
      470, 75, 471, -1,
      75, 73, 471, -1,
      471, 73, 72, -1,
      471, 72, 472, -1,
      472, 72, 70, -1,
      472, 70, 473, -1,
      70, 68, 473, -1,
      473, 68, 67, -1,
      473, 67, 474, -1,
      474, 67, 61, -1,
      474, 61, 475, -1,
      61, 66, 475, -1,
      475, 66, 65, -1,
      475, 65, 478, -1,
      478, 65, 63, -1,
      478, 63, 479, -1,
      63, 62, 479, -1,
      479, 62, 51, -1,
      479, 51, 469, -1,
      469, 51, 49, -1,
      469, 49, 468, -1,
      468, 49, 58, -1,
      468, 58, 57, -1,
      490, 87, 491, -1,
      491, 87, 487, -1,
      492, 490, 491, -1,
      493, 85, 494, -1,
      494, 85, 87, -1,
      494, 87, 492, -1,
      492, 87, 490, -1,
      493, 494, 495, -1,
      493, 495, 85, -1,
      85, 495, 496, -1,
      497, 498, 79, -1,
      499, 500, 74, -1,
      501, 502, 69, -1,
      503, 504, 60, -1,
      505, 506, 52, -1,
      507, 508, 48, -1,
      48, 508, 56, -1,
      46, 54, 509, -1,
      509, 510, 46, -1,
      46, 510, 511, -1,
      46, 511, 47, -1,
      508, 512, 56, -1,
      56, 512, 513, -1,
      56, 513, 54, -1,
      54, 513, 514, -1,
      54, 514, 509, -1,
      83, 85, 496, -1,
      515, 516, 517, -1,
      517, 516, 83, -1,
      517, 83, 518, -1,
      518, 83, 496, -1,
      507, 48, 506, -1,
      506, 48, 50, -1,
      506, 50, 52, -1,
      505, 52, 504, -1,
      504, 52, 64, -1,
      504, 64, 60, -1,
      503, 60, 502, -1,
      502, 60, 59, -1,
      502, 59, 69, -1,
      501, 69, 500, -1,
      500, 69, 71, -1,
      500, 71, 74, -1,
      499, 74, 498, -1,
      498, 74, 76, -1,
      498, 76, 79, -1,
      497, 79, 516, -1,
      516, 79, 81, -1,
      516, 81, 83, -1,
      512, 508, 519, -1,
      519, 508, 507, -1,
      519, 507, 506, -1,
      503, 502, 519, -1,
      519, 502, 501, -1,
      506, 505, 519, -1,
      519, 505, 504, -1,
      519, 504, 503, -1,
      501, 500, 519, -1,
      519, 500, 499, -1,
      519, 499, 498, -1,
      498, 497, 519, -1,
      519, 497, 516, -1,
      519, 516, 515, -1,
      520, 521, 522, -1,
      522, 521, 523, -1,
      524, 525, 521, -1,
      521, 525, 526, -1,
      526, 527, 521, -1,
      521, 527, 528, -1,
      521, 528, 529, -1,
      521, 530, 531, -1,
      529, 532, 521, -1,
      521, 532, 533, -1,
      521, 533, 523, -1,
      531, 534, 521, -1,
      521, 534, 535, -1,
      521, 535, 524, -1,
      536, 537, 9, -1,
      9, 537, 11, -1,
      520, 522, 537, -1,
      537, 522, 13, -1,
      537, 13, 11, -1,
      0, 538, 1, -1,
      1, 538, 539, -1,
      1, 539, 9, -1,
      9, 539, 540, -1,
      9, 540, 536, -1,
      42, 531, 530, -1,
      541, 43, 542, -1,
      542, 43, 42, -1,
      542, 42, 543, -1,
      543, 42, 530, -1,
      42, 40, 531, -1,
      531, 40, 38, -1,
      531, 38, 534, -1,
      534, 38, 36, -1,
      534, 36, 535, -1,
      36, 34, 535, -1,
      535, 34, 33, -1,
      535, 33, 524, -1,
      524, 33, 31, -1,
      524, 31, 525, -1,
      31, 29, 525, -1,
      525, 29, 28, -1,
      525, 28, 526, -1,
      526, 28, 26, -1,
      526, 26, 527, -1,
      26, 24, 527, -1,
      527, 24, 23, -1,
      527, 23, 528, -1,
      528, 23, 17, -1,
      528, 17, 529, -1,
      17, 22, 529, -1,
      529, 22, 21, -1,
      529, 21, 532, -1,
      532, 21, 19, -1,
      532, 19, 533, -1,
      19, 18, 533, -1,
      533, 18, 7, -1,
      533, 7, 523, -1,
      523, 7, 5, -1,
      523, 5, 522, -1,
      522, 5, 14, -1,
      522, 14, 13, -1,
      544, 43, 545, -1,
      545, 43, 541, -1,
      546, 544, 545, -1,
      547, 41, 548, -1,
      548, 41, 43, -1,
      548, 43, 546, -1,
      546, 43, 544, -1,
      547, 548, 549, -1,
      547, 549, 41, -1,
      41, 549, 550, -1,
      551, 552, 35, -1,
      553, 554, 30, -1,
      555, 556, 25, -1,
      557, 558, 16, -1,
      559, 560, 8, -1,
      561, 562, 4, -1,
      4, 562, 12, -1,
      2, 10, 563, -1,
      563, 564, 2, -1,
      2, 564, 565, -1,
      2, 565, 3, -1,
      562, 566, 12, -1,
      12, 566, 567, -1,
      12, 567, 10, -1,
      10, 567, 568, -1,
      10, 568, 563, -1,
      39, 41, 550, -1,
      569, 570, 571, -1,
      571, 570, 39, -1,
      571, 39, 572, -1,
      572, 39, 550, -1,
      561, 4, 560, -1,
      560, 4, 6, -1,
      560, 6, 8, -1,
      559, 8, 558, -1,
      558, 8, 20, -1,
      558, 20, 16, -1,
      557, 16, 556, -1,
      556, 16, 15, -1,
      556, 15, 25, -1,
      555, 25, 554, -1,
      554, 25, 27, -1,
      554, 27, 30, -1,
      553, 30, 552, -1,
      552, 30, 32, -1,
      552, 32, 35, -1,
      551, 35, 570, -1,
      570, 35, 37, -1,
      570, 37, 39, -1,
      566, 562, 573, -1,
      573, 562, 561, -1,
      573, 561, 560, -1,
      557, 556, 573, -1,
      573, 556, 555, -1,
      560, 559, 573, -1,
      573, 559, 558, -1,
      573, 558, 557, -1,
      555, 554, 573, -1,
      573, 554, 553, -1,
      573, 553, 552, -1,
      552, 551, 573, -1,
      573, 551, 570, -1,
      573, 570, 569, -1,
      574, 575, 576, -1,
      576, 575, 577, -1,
      578, 574, 576, -1,
      575, 574, 578, -1,
      575, 578, 579, -1,
      579, 578, 580, -1,
      579, 580, 581, -1,
      581, 580, 582, -1,
      581, 582, 579, -1,
      579, 582, 583, -1,
      584, 585, 586, -1,
      586, 585, 587, -1,
      588, 584, 586, -1,
      585, 584, 588, -1,
      585, 588, 589, -1,
      589, 588, 590, -1,
      589, 590, 591, -1,
      591, 590, 592, -1,
      591, 592, 589, -1,
      589, 592, 593, -1,
      594, 595, 596, -1,
      596, 595, 597, -1,
      598, 594, 596, -1,
      595, 594, 598, -1,
      595, 598, 599, -1,
      599, 598, 600, -1,
      599, 600, 601, -1,
      601, 600, 602, -1,
      601, 602, 599, -1,
      599, 602, 603, -1,
      604, 605, 606, -1,
      606, 605, 607, -1,
      608, 604, 606, -1,
      605, 604, 608, -1,
      605, 608, 609, -1,
      609, 608, 610, -1,
      609, 610, 611, -1,
      611, 610, 612, -1,
      611, 612, 609, -1,
      609, 612, 613, -1,
      614, 615, 616, -1,
      616, 615, 617, -1,
      618, 614, 616, -1,
      615, 614, 618, -1,
      615, 618, 619, -1,
      619, 618, 620, -1,
      619, 620, 621, -1,
      621, 620, 622, -1,
      621, 622, 619, -1,
      619, 622, 623, -1,
      624, 625, 626, -1,
      626, 625, 627, -1,
      625, 624, 628, -1,
      627, 625, 628, -1,
      627, 628, 629, -1,
      629, 628, 630, -1,
      629, 630, 631, -1,
      631, 630, 632, -1,
      631, 632, 629, -1,
      629, 632, 633, -1,
    ]
  }
}

Shape {
  appearance Appearance {
    material Material {
      diffuseColor 0.2510 0.2510 0.2510
      specularColor 0.1255 0.1255 0.1255
      ambientIntensity 0.2
      transparency 0.0000
      shininess 0.5
    }
  }
  geometry IndexedFaceSet {
    ccw TRUE
    solid FALSE
    coord DEF co Coordinate {
      point [
        -0.437632 0.372047 -0.088224,
        -0.435293 0.372048 -0.080032,
        -0.398154 0.372048 -0.045597,
        -0.429633 0.372048 -0.068946,
        -0.434749 0.372048 -0.078128,
        -0.395669 0.372048 -0.044552,
        -0.408943 0.372048 -0.050137,
        -0.410582 0.372048 -0.051291,
        -0.420089 0.372048 -0.057982,
        -0.421233 0.372048 -0.059228,
        -0.428829 0.372048 -0.067503,
        -0.383858 0.383859 -0.041339,
        -0.383858 0.383859 -0.043284,
        -0.384230 0.381235 -0.043013,
        -0.385096 0.378736 -0.042878,
        -0.386497 0.376486 -0.042888,
        -0.388394 0.374641 -0.043058,
        -0.390635 0.373231 -0.043380,
        -0.393139 0.372361 -0.043884,
        -0.383858 0.385828 -0.041339,
        -0.383858 0.394265 -0.042298,
        -0.383858 0.401500 -0.044593,
        -0.383858 0.395676 -0.045800,
        -0.383858 0.402617 -0.045219,
        -0.383858 0.408515 -0.048533,
        -0.383858 0.393831 -0.042161,
        -0.387774 0.375075 -0.042977,
        -0.388691 0.376802 -0.043424,
        -0.386141 0.376881 -0.042863,
        -0.384761 0.379337 -0.042883,
        -0.392783 0.372405 -0.043790,
        -0.390144 0.373423 -0.043285,
        -0.383990 0.382087 -0.043072,
        -0.384273 0.409004 -0.048883,
        -0.385255 0.410102 -0.049911,
        -0.386669 0.411685 -0.051393,
        -0.390572 0.416055 -0.055483,
        -0.390984 0.416458 -0.056073,
        -0.398778 0.423192 -0.069014,
        -0.395922 0.421057 -0.063610,
        -0.394900 0.420293 -0.061678,
        -0.393203 0.418631 -0.059249,
        -0.405650 0.425198 -0.088223,
        -0.403690 0.425198 -0.080709,
        -0.403421 0.425113 -0.080032,
        -0.400194 0.424100 -0.071909,
        -0.399847 0.423991 -0.071036,
      ]
    }
    coordIndex [
      12, 11, 19, -1,
      20, 21, 22, -1,
      22, 21, 23, -1,
      22, 23, 24, -1,
      12, 19, 22, -1,
      22, 19, 25, -1,
      22, 25, 20, -1,
      26, 15, 27, -1,
      27, 15, 28, -1,
      28, 14, 27, -1,
      27, 14, 29, -1,
      27, 29, 13, -1,
      30, 17, 27, -1,
      17, 31, 27, -1,
      27, 31, 16, -1,
      27, 16, 26, -1,
      30, 27, 18, -1,
      18, 27, 22, -1,
      18, 22, 5, -1,
      13, 32, 27, -1,
      27, 32, 12, -1,
      27, 12, 22, -1,
      22, 24, 33, -1,
      34, 7, 33, -1,
      33, 7, 6, -1,
      33, 6, 22, -1,
      22, 6, 2, -1,
      22, 2, 5, -1,
      34, 35, 7, -1,
      7, 35, 36, -1,
      7, 36, 8, -1,
      8, 36, 37, -1,
      8, 37, 9, -1,
      38, 3, 39, -1,
      39, 3, 10, -1,
      39, 10, 40, -1,
      40, 10, 9, -1,
      40, 9, 41, -1,
      41, 9, 37, -1,
      42, 0, 43, -1,
      43, 0, 1, -1,
      43, 1, 44, -1,
      44, 1, 4, -1,
      44, 4, 45, -1,
      45, 4, 3, -1,
      45, 3, 46, -1,
      46, 3, 38, -1,
    ]
  }
}

Shape {
  appearance Appearance {
    material Material {
      diffuseColor 1.0000 1.0000 0.5020
      specularColor 0.8784 0.8784 0.4431
      ambientIntensity 0.2
      transparency 0.0000
      shininess 0.5
    }
  }
  geometry IndexedFaceSet {
    ccw TRUE
    solid FALSE
    coord DEF co Coordinate {
      point [
        0.437008 0.427166 -0.127143,
        0.441731 0.425198 -0.123733,
        0.409449 0.427166 -0.127143,
        0.404725 0.425198 -0.123733,
        0.299213 0.427166 -0.127143,
        0.303936 0.425198 -0.123733,
        0.271654 0.427166 -0.127143,
        0.266930 0.425198 -0.123733,
        0.161417 0.427166 -0.127143,
        0.166141 0.425198 -0.123733,
        0.133858 0.427166 -0.127143,
        0.129134 0.425198 -0.123733,
        0.023622 0.427166 -0.127143,
        0.028346 0.425198 -0.123733,
        -0.003937 0.427166 -0.127143,
        -0.008661 0.425198 -0.123733,
        -0.114173 0.427166 -0.127143,
        -0.109450 0.425198 -0.123733,
        -0.141732 0.427166 -0.127143,
        -0.146456 0.425198 -0.123733,
        -0.247244 0.425198 -0.123733,
        -0.251969 0.427166 -0.127143,
        -0.279528 0.427166 -0.127143,
        -0.284251 0.425198 -0.123733,
        -0.291339 0.431132 -0.109656,
        -0.291339 0.429874 -0.111874,
        -0.291339 0.425198 -0.080709,
        -0.291339 0.427060 -0.114734,
        -0.291339 0.425198 -0.116628,
        -0.291339 0.434828 -0.097283,
        -0.291339 0.434843 -0.099620,
        -0.291339 0.433779 -0.103709,
        -0.291339 0.424924 -0.076075,
        -0.291339 0.428231 -0.079347,
        -0.291339 0.429665 -0.080765,
        -0.291339 0.431960 -0.084688,
        -0.291339 0.433164 -0.106073,
        -0.291339 0.433032 -0.086521,
        -0.291339 0.434208 -0.090801,
        -0.291339 0.434798 -0.092952,
        -0.289530 0.425198 -0.118509,
        -0.279528 0.434040 -0.121967,
        -0.287836 0.425198 -0.120222,
        -0.279528 0.428653 -0.066687,
        -0.279528 0.428701 -0.066710,
        -0.285405 0.423527 -0.069360,
        -0.282572 0.422441 -0.066235,
        -0.280078 0.421231 -0.063541,
        -0.279528 0.420963 -0.062946,
        -0.279528 0.435552 -0.072515,
        -0.288761 0.424317 -0.073158,
        -0.287672 0.424061 -0.071925,
        -0.279528 0.434308 -0.121632,
        -0.279528 0.439720 -0.114874,
        -0.279528 0.439872 -0.114531,
        -0.279528 0.443408 -0.106569,
        -0.279528 0.443460 -0.106252,
        -0.279528 0.444864 -0.097600,
        -0.279528 0.444838 -0.097333,
        -0.279528 0.443990 -0.088555,
        -0.279528 0.443915 -0.088354,
        -0.279528 0.440844 -0.080030,
        -0.279528 0.440752 -0.079898,
        -0.279528 0.435634 -0.072585,
        -0.265748 0.420963 -0.062946,
        -0.251969 0.420963 -0.062946,
        -0.251969 0.428653 -0.066687,
        -0.272362 0.420963 -0.062946,
        -0.251969 0.428701 -0.066710,
        -0.251969 0.435552 -0.072515,
        -0.251969 0.435634 -0.072585,
        -0.251969 0.440752 -0.079898,
        -0.251969 0.440844 -0.080030,
        -0.251969 0.443915 -0.088354,
        -0.251969 0.443990 -0.088555,
        -0.251969 0.444838 -0.097333,
        -0.251969 0.444864 -0.097600,
        -0.251969 0.443460 -0.106252,
        -0.251969 0.443408 -0.106569,
        -0.251969 0.439872 -0.114531,
        -0.251969 0.439720 -0.114874,
        -0.251969 0.434308 -0.121632,
        -0.251969 0.434040 -0.121967,
        -0.243245 0.424344 -0.072555,
        -0.242665 0.424453 -0.073216,
        -0.245372 0.425198 -0.121915,
        -0.243660 0.425198 -0.120221,
        -0.240157 0.425198 -0.116628,
        -0.240157 0.424924 -0.076075,
        -0.240157 0.428360 -0.079216,
        -0.251415 0.421205 -0.063551,
        -0.246091 0.423527 -0.069360,
        -0.243826 0.424177 -0.071902,
        -0.240157 0.427209 -0.114881,
        -0.240157 0.431311 -0.109758,
        -0.240157 0.433975 -0.103760,
        -0.240157 0.435026 -0.097282,
        -0.240157 0.434395 -0.090750,
        -0.240157 0.432123 -0.084593,
        -0.240157 0.425198 -0.080709,
        -0.153543 0.431132 -0.109656,
        -0.153543 0.429874 -0.111874,
        -0.153543 0.425198 -0.080709,
        -0.153543 0.427060 -0.114734,
        -0.153543 0.425198 -0.116628,
        -0.153543 0.434828 -0.097283,
        -0.153543 0.434843 -0.099620,
        -0.153543 0.433779 -0.103709,
        -0.153543 0.424924 -0.076075,
        -0.153543 0.428231 -0.079347,
        -0.153543 0.429665 -0.080765,
        -0.153543 0.431960 -0.084688,
        -0.153543 0.433164 -0.106073,
        -0.153543 0.433032 -0.086521,
        -0.153543 0.434208 -0.090801,
        -0.153543 0.434798 -0.092951,
        -0.141732 0.443390 -0.106561,
        -0.141732 0.444857 -0.097598,
        -0.142283 0.421230 -0.063541,
        -0.141732 0.420963 -0.062946,
        -0.141732 0.428633 -0.066728,
        -0.150041 0.425198 -0.120221,
        -0.141732 0.434012 -0.121931,
        -0.148328 0.425198 -0.121916,
        -0.150966 0.424317 -0.073158,
        -0.149876 0.424061 -0.071925,
        -0.141732 0.428681 -0.066751,
        -0.147610 0.423526 -0.069360,
        -0.144777 0.422441 -0.066235,
        -0.141732 0.429017 -0.066917,
        -0.141732 0.435531 -0.072540,
        -0.141732 0.435612 -0.072610,
        -0.141732 0.435815 -0.072785,
        -0.141732 0.440736 -0.079909,
        -0.141732 0.440828 -0.080041,
        -0.141732 0.440919 -0.080173,
        -0.141732 0.444865 -0.097546,
        -0.141732 0.443910 -0.088356,
        -0.141732 0.443983 -0.088557,
        -0.141732 0.444002 -0.088607,
        -0.141732 0.444845 -0.097332,
        -0.141732 0.443454 -0.106414,
        -0.141732 0.443480 -0.106255,
        -0.141732 0.439859 -0.114643,
        -0.141732 0.439693 -0.114854,
        -0.141732 0.439902 -0.114544,
        -0.141732 0.434344 -0.121661,
        -0.141732 0.434311 -0.121703,
        -0.127953 0.420963 -0.062946,
        -0.114173 0.420963 -0.062946,
        -0.114173 0.428653 -0.066687,
        -0.134567 0.420963 -0.062946,
        -0.114173 0.434040 -0.121967,
        -0.114173 0.434308 -0.121632,
        -0.114173 0.439720 -0.114874,
        -0.114173 0.439872 -0.114531,
        -0.114173 0.443408 -0.106569,
        -0.114173 0.444838 -0.097333,
        -0.114173 0.444864 -0.097600,
        -0.114173 0.443460 -0.106252,
        -0.114173 0.443990 -0.088555,
        -0.114173 0.443915 -0.088354,
        -0.114173 0.440844 -0.080030,
        -0.114173 0.440752 -0.079898,
        -0.114173 0.435634 -0.072585,
        -0.114173 0.435552 -0.072515,
        -0.114173 0.428701 -0.066710,
        -0.104940 0.424317 -0.073158,
        -0.102362 0.424924 -0.076075,
        -0.102362 0.428231 -0.079347,
        -0.105865 0.425198 -0.120221,
        -0.104171 0.425198 -0.118508,
        -0.108296 0.423526 -0.069360,
        -0.111129 0.422441 -0.066235,
        -0.113623 0.421230 -0.063541,
        -0.106029 0.424061 -0.071925,
        -0.102362 0.429665 -0.080765,
        -0.102362 0.431960 -0.084688,
        -0.102362 0.433032 -0.086521,
        -0.102362 0.434208 -0.090801,
        -0.102362 0.434798 -0.092951,
        -0.102362 0.434828 -0.097283,
        -0.102362 0.434843 -0.099620,
        -0.102362 0.433779 -0.103709,
        -0.102362 0.433164 -0.106073,
        -0.102362 0.431132 -0.109656,
        -0.102362 0.429874 -0.111874,
        -0.102362 0.427060 -0.114734,
        -0.102362 0.425198 -0.116628,
        -0.102362 0.425198 -0.080709,
        -0.015748 0.431132 -0.109656,
        -0.015748 0.429874 -0.111874,
        -0.015748 0.425198 -0.080709,
        -0.015748 0.427060 -0.114734,
        -0.015748 0.425198 -0.116628,
        -0.015748 0.434828 -0.097283,
        -0.015748 0.434843 -0.099620,
        -0.015748 0.433779 -0.103709,
        -0.015748 0.424924 -0.076075,
        -0.015748 0.428231 -0.079347,
        -0.015748 0.429665 -0.080765,
        -0.015748 0.431960 -0.084688,
        -0.015748 0.433164 -0.106073,
        -0.015748 0.433032 -0.086521,
        -0.015748 0.434208 -0.090801,
        -0.015748 0.434798 -0.092951,
        -0.003937 0.443390 -0.106561,
        -0.003937 0.444857 -0.097598,
        -0.004488 0.421230 -0.063541,
        -0.003937 0.420963 -0.062946,
        -0.003937 0.428633 -0.066728,
        -0.012246 0.425198 -0.120221,
        -0.003937 0.434012 -0.121931,
        -0.010533 0.425198 -0.121916,
        -0.013170 0.424317 -0.073158,
        -0.012081 0.424061 -0.071925,
        -0.003937 0.428681 -0.066751,
        -0.009815 0.423526 -0.069360,
        -0.006981 0.422441 -0.066235,
        -0.003937 0.429017 -0.066917,
        -0.003937 0.435531 -0.072540,
        -0.003937 0.435612 -0.072610,
        -0.003937 0.435815 -0.072785,
        -0.003937 0.440736 -0.079909,
        -0.003937 0.440828 -0.080041,
        -0.003937 0.440919 -0.080173,
        -0.003937 0.444865 -0.097546,
        -0.003937 0.443910 -0.088356,
        -0.003937 0.443983 -0.088557,
        -0.003937 0.444002 -0.088607,
        -0.003937 0.444845 -0.097332,
        -0.003937 0.443454 -0.106414,
        -0.003937 0.443480 -0.106255,
        -0.003937 0.439859 -0.114643,
        -0.003937 0.439693 -0.114854,
        -0.003937 0.439902 -0.114544,
        -0.003937 0.434344 -0.121661,
        -0.003937 0.434311 -0.121703,
        0.009843 0.420963 -0.062946,
        0.023622 0.420963 -0.062946,
        0.023622 0.428653 -0.066687,
        0.003228 0.420963 -0.062946,
        0.023622 0.434040 -0.121967,
        0.023622 0.434308 -0.121632,
        0.023622 0.439720 -0.114874,
        0.023622 0.439872 -0.114531,
        0.023622 0.443408 -0.106569,
        0.023622 0.444838 -0.097333,
        0.023622 0.444864 -0.097600,
        0.023622 0.443460 -0.106252,
        0.023622 0.443990 -0.088555,
        0.023622 0.443915 -0.088354,
        0.023622 0.440844 -0.080030,
        0.023622 0.440752 -0.079898,
        0.023622 0.435634 -0.072585,
        0.023622 0.435552 -0.072515,
        0.023622 0.428701 -0.066710,
        0.032856 0.424317 -0.073158,
        0.035433 0.424924 -0.076075,
        0.035433 0.428231 -0.079347,
        0.031930 0.425198 -0.120221,
        0.033624 0.425198 -0.118508,
        0.029499 0.423526 -0.069360,
        0.026667 0.422441 -0.066235,
        0.024172 0.421230 -0.063541,
        0.031766 0.424061 -0.071925,
        0.035433 0.429665 -0.080765,
        0.035433 0.431960 -0.084688,
        0.035433 0.433032 -0.086521,
        0.035433 0.434208 -0.090801,
        0.035433 0.434798 -0.092951,
        0.035433 0.434828 -0.097283,
        0.035433 0.434843 -0.099620,
        0.035433 0.433779 -0.103709,
        0.035433 0.433164 -0.106073,
        0.035433 0.431132 -0.109656,
        0.035433 0.429874 -0.111874,
        0.035433 0.427060 -0.114734,
        0.035433 0.425198 -0.116628,
        0.035433 0.425198 -0.080709,
        0.122047 0.431132 -0.109656,
        0.122047 0.429874 -0.111874,
        0.122047 0.425198 -0.080709,
        0.122047 0.427060 -0.114734,
        0.122047 0.425198 -0.116628,
        0.122047 0.434828 -0.097283,
        0.122047 0.434843 -0.099620,
        0.122047 0.433779 -0.103709,
        0.122047 0.424924 -0.076075,
        0.122047 0.428231 -0.079347,
        0.122047 0.429665 -0.080765,
        0.122047 0.431960 -0.084688,
        0.122047 0.433164 -0.106073,
        0.122047 0.433032 -0.086521,
        0.122047 0.434208 -0.090801,
        0.122047 0.434798 -0.092951,
        0.133858 0.443390 -0.106561,
        0.133858 0.444857 -0.097598,
        0.133307 0.421230 -0.063541,
        0.133858 0.420963 -0.062946,
        0.133858 0.428633 -0.066728,
        0.125550 0.425198 -0.120221,
        0.133858 0.434012 -0.121931,
        0.127262 0.425198 -0.121916,
        0.124625 0.424317 -0.073158,
        0.125714 0.424060 -0.071925,
        0.133858 0.428681 -0.066751,
        0.127981 0.423526 -0.069360,
        0.130814 0.422441 -0.066235,
        0.133858 0.429017 -0.066917,
        0.133858 0.435531 -0.072540,
        0.133858 0.435612 -0.072610,
        0.133858 0.435815 -0.072785,
        0.133858 0.440736 -0.079909,
        0.133858 0.440828 -0.080041,
        0.133858 0.440919 -0.080173,
        0.133858 0.444865 -0.097546,
        0.133858 0.443910 -0.088356,
        0.133858 0.443983 -0.088557,
        0.133858 0.444002 -0.088607,
        0.133858 0.444845 -0.097332,
        0.133858 0.443454 -0.106414,
        0.133858 0.443480 -0.106255,
        0.133858 0.439859 -0.114643,
        0.133858 0.439693 -0.114854,
        0.133858 0.439902 -0.114544,
        0.133858 0.434344 -0.121661,
        0.133858 0.434311 -0.121703,
        0.147638 0.420963 -0.062946,
        0.161417 0.420963 -0.062946,
        0.161417 0.428653 -0.066687,
        0.141024 0.420963 -0.062946,
        0.161417 0.434040 -0.121967,
        0.161417 0.434308 -0.121632,
        0.161417 0.439720 -0.114874,
        0.161417 0.439872 -0.114531,
        0.161417 0.443408 -0.106569,
        0.161417 0.444838 -0.097333,
        0.161417 0.444864 -0.097600,
        0.161417 0.443460 -0.106252,
        0.161417 0.443990 -0.088555,
        0.161417 0.443915 -0.088354,
        0.161417 0.440844 -0.080030,
        0.161417 0.440752 -0.079898,
        0.161417 0.435634 -0.072585,
        0.161417 0.435552 -0.072515,
        0.161417 0.428701 -0.066710,
        0.170651 0.424317 -0.073158,
        0.173228 0.424924 -0.076075,
        0.173228 0.428231 -0.079347,
        0.169726 0.425198 -0.120221,
        0.171419 0.425198 -0.118508,
        0.167294 0.423526 -0.069360,
        0.164462 0.422441 -0.066235,
        0.161968 0.421230 -0.063541,
        0.169561 0.424060 -0.071925,
        0.173228 0.429665 -0.080765,
        0.173228 0.431960 -0.084688,
        0.173228 0.433032 -0.086521,
        0.173228 0.434208 -0.090801,
        0.173228 0.434798 -0.092951,
        0.173228 0.434828 -0.097283,
        0.173228 0.434843 -0.099620,
        0.173228 0.433779 -0.103709,
        0.173228 0.433164 -0.106073,
        0.173228 0.431132 -0.109656,
        0.173228 0.429874 -0.111874,
        0.173228 0.427060 -0.114734,
        0.173228 0.425198 -0.116628,
        0.173228 0.425198 -0.080709,
        0.259843 0.431132 -0.109656,
        0.259843 0.429874 -0.111874,
        0.259843 0.425198 -0.080709,
        0.259843 0.427060 -0.114734,
        0.259843 0.425198 -0.116628,
        0.259843 0.434828 -0.097283,
        0.259843 0.434843 -0.099620,
        0.259843 0.433779 -0.103709,
        0.259843 0.424924 -0.076075,
        0.259843 0.428231 -0.079347,
        0.259843 0.429665 -0.080765,
        0.259843 0.431960 -0.084688,
        0.259843 0.433164 -0.106073,
        0.259843 0.433032 -0.086521,
        0.259843 0.434208 -0.090801,
        0.259843 0.434798 -0.092951,
        0.271654 0.443390 -0.106561,
        0.271654 0.444857 -0.097598,
        0.271103 0.421230 -0.063541,
        0.271654 0.420963 -0.062946,
        0.271654 0.428633 -0.066728,
        0.263345 0.425198 -0.120221,
        0.271654 0.434012 -0.121931,
        0.265057 0.425198 -0.121916,
        0.262420 0.424317 -0.073158,
        0.263509 0.424060 -0.071925,
        0.271654 0.428681 -0.066751,
        0.265776 0.423526 -0.069360,
        0.268609 0.422441 -0.066235,
        0.271654 0.429017 -0.066917,
        0.271654 0.435531 -0.072540,
        0.271654 0.435612 -0.072610,
        0.271654 0.435815 -0.072785,
        0.271654 0.440736 -0.079909,
        0.271654 0.440828 -0.080041,
        0.271654 0.440919 -0.080173,
        0.271654 0.444865 -0.097546,
        0.271654 0.443910 -0.088356,
        0.271654 0.443983 -0.088557,
        0.271654 0.444002 -0.088607,
        0.271654 0.444845 -0.097332,
        0.271654 0.443454 -0.106414,
        0.271654 0.443480 -0.106255,
        0.271654 0.439859 -0.114643,
        0.271654 0.439693 -0.114854,
        0.271654 0.439902 -0.114544,
        0.271654 0.434344 -0.121661,
        0.271654 0.434311 -0.121703,
        0.285433 0.420963 -0.062946,
        0.299213 0.420963 -0.062946,
        0.299213 0.428653 -0.066687,
        0.278819 0.420963 -0.062946,
        0.299213 0.434040 -0.121967,
        0.299213 0.434308 -0.121632,
        0.299213 0.439720 -0.114874,
        0.299213 0.439872 -0.114531,
        0.299213 0.443408 -0.106569,
        0.299213 0.444838 -0.097333,
        0.299213 0.444864 -0.097600,
        0.299213 0.443460 -0.106252,
        0.299213 0.443990 -0.088555,
        0.299213 0.443915 -0.088354,
        0.299213 0.440844 -0.080030,
        0.299213 0.440752 -0.079898,
        0.299213 0.435634 -0.072585,
        0.299213 0.435552 -0.072515,
        0.299213 0.428701 -0.066710,
        0.308446 0.424317 -0.073158,
        0.311024 0.424924 -0.076075,
        0.311024 0.428231 -0.079347,
        0.307521 0.425198 -0.120221,
        0.309215 0.425198 -0.118508,
        0.305090 0.423526 -0.069360,
        0.302257 0.422441 -0.066235,
        0.299763 0.421230 -0.063541,
        0.307357 0.424060 -0.071925,
        0.311024 0.429665 -0.080765,
        0.311024 0.431960 -0.084688,
        0.311024 0.433032 -0.086521,
        0.311024 0.434208 -0.090801,
        0.311024 0.434798 -0.092951,
        0.311024 0.434828 -0.097283,
        0.311024 0.434843 -0.099620,
        0.311024 0.433779 -0.103709,
        0.311024 0.433164 -0.106073,
        0.311024 0.431132 -0.109656,
        0.311024 0.429874 -0.111874,
        0.311024 0.427060 -0.114734,
        0.311024 0.425198 -0.116628,
        0.311024 0.425198 -0.080709,
        0.397638 0.431132 -0.109656,
        0.397638 0.429874 -0.111874,
        0.397638 0.425198 -0.080709,
        0.397638 0.427060 -0.114734,
        0.397638 0.425198 -0.116628,
        0.397638 0.434828 -0.097283,
        0.397638 0.434843 -0.099620,
        0.397638 0.433779 -0.103709,
        0.397638 0.424924 -0.076075,
        0.397638 0.428231 -0.079347,
        0.397638 0.429665 -0.080765,
        0.397638 0.431960 -0.084688,
        0.397638 0.433164 -0.106073,
        0.397638 0.433032 -0.086521,
        0.397638 0.434208 -0.090801,
        0.397638 0.434798 -0.092951,
        0.409449 0.443390 -0.106561,
        0.409449 0.444857 -0.097598,
        0.408898 0.421230 -0.063541,
        0.409449 0.420963 -0.062946,
        0.409449 0.428633 -0.066728,
        0.401140 0.425198 -0.120221,
        0.409449 0.434012 -0.121931,
        0.402853 0.425198 -0.121916,
        0.400215 0.424317 -0.073158,
        0.401305 0.424060 -0.071925,
        0.409449 0.428681 -0.066751,
        0.403571 0.423526 -0.069360,
        0.406404 0.422441 -0.066235,
        0.409449 0.429017 -0.066917,
        0.409449 0.435531 -0.072540,
        0.409449 0.435612 -0.072610,
        0.409449 0.435815 -0.072785,
        0.409449 0.440736 -0.079909,
        0.409449 0.440828 -0.080041,
        0.409449 0.440919 -0.080173,
        0.409449 0.444865 -0.097546,
        0.409449 0.443910 -0.088356,
        0.409449 0.443983 -0.088557,
        0.409449 0.444002 -0.088607,
        0.409449 0.444845 -0.097332,
        0.409449 0.443454 -0.106414,
        0.409449 0.443480 -0.106255,
        0.409449 0.439859 -0.114643,
        0.409449 0.439693 -0.114854,
        0.409449 0.439902 -0.114544,
        0.409449 0.434344 -0.121661,
        0.409449 0.434311 -0.121703,
        0.423228 0.420963 -0.062946,
        0.437008 0.420963 -0.062946,
        0.437008 0.428653 -0.066687,
        0.416614 0.420963 -0.062946,
        0.437008 0.434040 -0.121967,
        0.437008 0.434308 -0.121632,
        0.437008 0.439720 -0.114874,
        0.437008 0.439872 -0.114531,
        0.437008 0.443408 -0.106569,
        0.437008 0.444838 -0.097333,
        0.437008 0.444864 -0.097600,
        0.437008 0.443460 -0.106252,
        0.437008 0.443990 -0.088555,
        0.437008 0.443915 -0.088354,
        0.437008 0.440844 -0.080030,
        0.437008 0.440752 -0.079898,
        0.437008 0.435634 -0.072585,
        0.437008 0.435552 -0.072515,
        0.437008 0.428701 -0.066710,
        0.446241 0.424317 -0.073158,
        0.448819 0.424924 -0.076075,
        0.448819 0.428231 -0.079347,
        0.445316 0.425198 -0.120221,
        0.447010 0.425198 -0.118508,
        0.442885 0.423526 -0.069360,
        0.440052 0.422441 -0.066235,
        0.437558 0.421230 -0.063541,
        0.445152 0.424060 -0.071925,
        0.448819 0.429665 -0.080765,
        0.448819 0.431960 -0.084688,
        0.448819 0.433032 -0.086521,
        0.448819 0.434208 -0.090801,
        0.448819 0.434798 -0.092951,
        0.448819 0.434828 -0.097283,
        0.448819 0.434843 -0.099620,
        0.448819 0.433779 -0.103709,
        0.448819 0.433164 -0.106073,
        0.448819 0.431132 -0.109656,
        0.448819 0.429874 -0.111874,
        0.448819 0.427060 -0.114734,
        0.448819 0.425198 -0.116628,
        0.448819 0.425198 -0.080709,
      ]
    }
    coordIndex [
      24, 25, 26, -1,
      26, 25, 27, -1,
      26, 27, 28, -1,
      29, 30, 31, -1,
      32, 33, 26, -1,
      26, 33, 34, -1,
      26, 34, 24, -1,
      24, 34, 35, -1,
      24, 35, 36, -1,
      36, 35, 31, -1,
      35, 37, 31, -1,
      31, 37, 38, -1,
      31, 38, 29, -1,
      29, 38, 39, -1,
      40, 28, 27, -1,
      22, 23, 41, -1,
      41, 23, 42, -1,
      43, 44, 45, -1,
      45, 46, 43, -1,
      43, 46, 47, -1,
      43, 47, 48, -1,
      49, 50, 44, -1,
      44, 50, 51, -1,
      44, 51, 45, -1,
      42, 40, 41, -1,
      41, 40, 27, -1,
      41, 27, 52, -1,
      52, 27, 25, -1,
      52, 25, 53, -1,
      53, 25, 24, -1,
      53, 24, 54, -1,
      54, 24, 36, -1,
      54, 36, 55, -1,
      55, 36, 31, -1,
      55, 31, 56, -1,
      56, 31, 30, -1,
      56, 30, 57, -1,
      57, 30, 29, -1,
      57, 29, 58, -1,
      58, 29, 39, -1,
      58, 39, 59, -1,
      59, 39, 38, -1,
      59, 38, 60, -1,
      60, 38, 37, -1,
      60, 37, 61, -1,
      61, 37, 35, -1,
      61, 35, 62, -1,
      62, 35, 34, -1,
      62, 34, 63, -1,
      63, 34, 33, -1,
      63, 33, 49, -1,
      49, 33, 32, -1,
      49, 32, 50, -1,
      64, 65, 66, -1,
      64, 66, 67, -1,
      48, 67, 43, -1,
      43, 67, 66, -1,
      43, 66, 44, -1,
      44, 66, 68, -1,
      44, 68, 49, -1,
      49, 68, 69, -1,
      49, 69, 63, -1,
      63, 69, 70, -1,
      63, 70, 62, -1,
      62, 70, 71, -1,
      62, 71, 61, -1,
      61, 71, 72, -1,
      61, 72, 60, -1,
      60, 72, 73, -1,
      60, 73, 59, -1,
      59, 73, 74, -1,
      59, 74, 58, -1,
      58, 74, 75, -1,
      58, 75, 57, -1,
      57, 75, 76, -1,
      57, 76, 56, -1,
      56, 76, 77, -1,
      56, 77, 55, -1,
      55, 77, 78, -1,
      55, 78, 54, -1,
      54, 78, 79, -1,
      54, 79, 53, -1,
      53, 79, 80, -1,
      53, 80, 52, -1,
      52, 80, 81, -1,
      52, 81, 41, -1,
      41, 81, 82, -1,
      41, 82, 22, -1,
      22, 82, 21, -1,
      83, 84, 68, -1,
      20, 21, 85, -1,
      85, 21, 82, -1,
      85, 82, 86, -1,
      86, 82, 87, -1,
      88, 89, 84, -1,
      84, 89, 69, -1,
      84, 69, 68, -1,
      65, 90, 66, -1,
      66, 90, 91, -1,
      66, 91, 68, -1,
      68, 91, 92, -1,
      68, 92, 83, -1,
      87, 82, 93, -1,
      93, 82, 81, -1,
      93, 81, 94, -1,
      81, 80, 94, -1,
      94, 80, 79, -1,
      94, 79, 95, -1,
      79, 78, 95, -1,
      95, 78, 77, -1,
      95, 77, 96, -1,
      77, 76, 96, -1,
      96, 76, 75, -1,
      96, 75, 97, -1,
      75, 74, 97, -1,
      97, 74, 73, -1,
      97, 73, 98, -1,
      73, 72, 98, -1,
      98, 72, 71, -1,
      98, 71, 89, -1,
      89, 71, 70, -1,
      89, 70, 69, -1,
      87, 93, 99, -1,
      99, 93, 94, -1,
      94, 95, 99, -1,
      99, 95, 96, -1,
      99, 96, 97, -1,
      97, 98, 99, -1,
      99, 98, 89, -1,
      99, 89, 88, -1,
      100, 101, 102, -1,
      102, 101, 103, -1,
      102, 103, 104, -1,
      105, 106, 107, -1,
      108, 109, 102, -1,
      102, 109, 110, -1,
      102, 110, 100, -1,
      100, 110, 111, -1,
      100, 111, 112, -1,
      112, 111, 107, -1,
      111, 113, 107, -1,
      107, 113, 114, -1,
      107, 114, 105, -1,
      105, 114, 115, -1,
      112, 107, 116, -1,
      106, 105, 117, -1,
      118, 119, 120, -1,
      121, 104, 103, -1,
      18, 19, 122, -1,
      122, 19, 123, -1,
      124, 125, 126, -1,
      126, 125, 127, -1,
      126, 127, 120, -1,
      120, 127, 128, -1,
      120, 128, 118, -1,
      126, 129, 124, -1,
      124, 129, 130, -1,
      124, 130, 108, -1,
      108, 130, 109, -1,
      109, 130, 131, -1,
      109, 131, 110, -1,
      110, 131, 132, -1,
      110, 132, 111, -1,
      132, 133, 111, -1,
      111, 133, 134, -1,
      111, 134, 113, -1,
      113, 134, 135, -1,
      113, 135, 114, -1,
      117, 105, 136, -1,
      135, 137, 114, -1,
      114, 137, 138, -1,
      114, 138, 115, -1,
      115, 138, 139, -1,
      115, 139, 105, -1,
      105, 139, 140, -1,
      105, 140, 136, -1,
      116, 107, 141, -1,
      106, 117, 107, -1,
      107, 117, 142, -1,
      107, 142, 141, -1,
      143, 144, 100, -1,
      112, 116, 100, -1,
      100, 116, 145, -1,
      100, 145, 143, -1,
      146, 103, 144, -1,
      144, 103, 101, -1,
      144, 101, 100, -1,
      123, 121, 122, -1,
      122, 121, 103, -1,
      122, 103, 147, -1,
      147, 103, 146, -1,
      148, 149, 150, -1,
      148, 150, 151, -1,
      16, 18, 152, -1,
      152, 18, 122, -1,
      152, 122, 153, -1,
      154, 143, 155, -1,
      155, 143, 145, -1,
      155, 145, 156, -1,
      122, 147, 153, -1,
      153, 147, 146, -1,
      153, 146, 154, -1,
      154, 146, 144, -1,
      154, 144, 143, -1,
      157, 158, 136, -1,
      145, 116, 156, -1,
      156, 116, 141, -1,
      156, 141, 159, -1,
      159, 141, 142, -1,
      159, 142, 158, -1,
      158, 142, 117, -1,
      158, 117, 136, -1,
      136, 140, 157, -1,
      157, 140, 139, -1,
      157, 139, 160, -1,
      160, 139, 138, -1,
      160, 138, 161, -1,
      138, 137, 161, -1,
      161, 137, 135, -1,
      161, 135, 162, -1,
      162, 135, 134, -1,
      162, 134, 163, -1,
      134, 133, 163, -1,
      163, 133, 132, -1,
      163, 132, 164, -1,
      164, 132, 131, -1,
      164, 131, 165, -1,
      165, 131, 130, -1,
      165, 130, 166, -1,
      119, 151, 120, -1,
      120, 151, 150, -1,
      120, 150, 126, -1,
      126, 150, 166, -1,
      126, 166, 129, -1,
      129, 166, 130, -1,
      167, 168, 169, -1,
      17, 16, 170, -1,
      170, 16, 152, -1,
      170, 152, 171, -1,
      172, 166, 173, -1,
      173, 166, 150, -1,
      173, 150, 174, -1,
      174, 150, 149, -1,
      172, 175, 166, -1,
      166, 175, 167, -1,
      166, 167, 165, -1,
      165, 167, 169, -1,
      165, 169, 164, -1,
      164, 169, 176, -1,
      164, 176, 163, -1,
      163, 176, 177, -1,
      163, 177, 162, -1,
      162, 177, 178, -1,
      162, 178, 161, -1,
      161, 178, 179, -1,
      161, 179, 160, -1,
      160, 179, 180, -1,
      160, 180, 157, -1,
      157, 180, 181, -1,
      157, 181, 158, -1,
      158, 181, 182, -1,
      158, 182, 159, -1,
      159, 182, 183, -1,
      159, 183, 156, -1,
      156, 183, 184, -1,
      156, 184, 155, -1,
      155, 184, 185, -1,
      155, 185, 154, -1,
      154, 185, 186, -1,
      154, 186, 153, -1,
      153, 186, 187, -1,
      153, 187, 152, -1,
      152, 187, 188, -1,
      152, 188, 171, -1,
      177, 176, 189, -1,
      189, 176, 169, -1,
      189, 169, 168, -1,
      189, 188, 187, -1,
      178, 177, 183, -1,
      187, 186, 189, -1,
      189, 186, 185, -1,
      189, 185, 177, -1,
      177, 185, 184, -1,
      177, 184, 183, -1,
      183, 182, 181, -1,
      178, 183, 179, -1,
      179, 183, 181, -1,
      179, 181, 180, -1,
      190, 191, 192, -1,
      192, 191, 193, -1,
      192, 193, 194, -1,
      195, 196, 197, -1,
      198, 199, 192, -1,
      192, 199, 200, -1,
      192, 200, 190, -1,
      190, 200, 201, -1,
      190, 201, 202, -1,
      202, 201, 197, -1,
      201, 203, 197, -1,
      197, 203, 204, -1,
      197, 204, 195, -1,
      195, 204, 205, -1,
      202, 197, 206, -1,
      196, 195, 207, -1,
      208, 209, 210, -1,
      211, 194, 193, -1,
      14, 15, 212, -1,
      212, 15, 213, -1,
      214, 215, 216, -1,
      216, 215, 217, -1,
      216, 217, 210, -1,
      210, 217, 218, -1,
      210, 218, 208, -1,
      216, 219, 214, -1,
      214, 219, 220, -1,
      214, 220, 198, -1,
      198, 220, 199, -1,
      199, 220, 221, -1,
      199, 221, 200, -1,
      200, 221, 222, -1,
      200, 222, 201, -1,
      222, 223, 201, -1,
      201, 223, 224, -1,
      201, 224, 203, -1,
      203, 224, 225, -1,
      203, 225, 204, -1,
      207, 195, 226, -1,
      225, 227, 204, -1,
      204, 227, 228, -1,
      204, 228, 205, -1,
      205, 228, 229, -1,
      205, 229, 195, -1,
      195, 229, 230, -1,
      195, 230, 226, -1,
      206, 197, 231, -1,
      196, 207, 197, -1,
      197, 207, 232, -1,
      197, 232, 231, -1,
      233, 234, 190, -1,
      202, 206, 190, -1,
      190, 206, 235, -1,
      190, 235, 233, -1,
      236, 193, 234, -1,
      234, 193, 191, -1,
      234, 191, 190, -1,
      213, 211, 212, -1,
      212, 211, 193, -1,
      212, 193, 237, -1,
      237, 193, 236, -1,
      238, 239, 240, -1,
      238, 240, 241, -1,
      12, 14, 242, -1,
      242, 14, 212, -1,
      242, 212, 243, -1,
      244, 233, 245, -1,
      245, 233, 235, -1,
      245, 235, 246, -1,
      212, 237, 243, -1,
      243, 237, 236, -1,
      243, 236, 244, -1,
      244, 236, 234, -1,
      244, 234, 233, -1,
      247, 248, 226, -1,
      235, 206, 246, -1,
      246, 206, 231, -1,
      246, 231, 249, -1,
      249, 231, 232, -1,
      249, 232, 248, -1,
      248, 232, 207, -1,
      248, 207, 226, -1,
      226, 230, 247, -1,
      247, 230, 229, -1,
      247, 229, 250, -1,
      250, 229, 228, -1,
      250, 228, 251, -1,
      228, 227, 251, -1,
      251, 227, 225, -1,
      251, 225, 252, -1,
      252, 225, 224, -1,
      252, 224, 253, -1,
      224, 223, 253, -1,
      253, 223, 222, -1,
      253, 222, 254, -1,
      254, 222, 221, -1,
      254, 221, 255, -1,
      255, 221, 220, -1,
      255, 220, 256, -1,
      209, 241, 210, -1,
      210, 241, 240, -1,
      210, 240, 216, -1,
      216, 240, 256, -1,
      216, 256, 219, -1,
      219, 256, 220, -1,
      257, 258, 259, -1,
      13, 12, 260, -1,
      260, 12, 242, -1,
      260, 242, 261, -1,
      262, 256, 263, -1,
      263, 256, 240, -1,
      263, 240, 264, -1,
      264, 240, 239, -1,
      262, 265, 256, -1,
      256, 265, 257, -1,
      256, 257, 255, -1,
      255, 257, 259, -1,
      255, 259, 254, -1,
      254, 259, 266, -1,
      254, 266, 253, -1,
      253, 266, 267, -1,
      253, 267, 252, -1,
      252, 267, 268, -1,
      252, 268, 251, -1,
      251, 268, 269, -1,
      251, 269, 250, -1,
      250, 269, 270, -1,
      250, 270, 247, -1,
      247, 270, 271, -1,
      247, 271, 248, -1,
      248, 271, 272, -1,
      248, 272, 249, -1,
      249, 272, 273, -1,
      249, 273, 246, -1,
      246, 273, 274, -1,
      246, 274, 245, -1,
      245, 274, 275, -1,
      245, 275, 244, -1,
      244, 275, 276, -1,
      244, 276, 243, -1,
      243, 276, 277, -1,
      243, 277, 242, -1,
      242, 277, 278, -1,
      242, 278, 261, -1,
      267, 266, 279, -1,
      279, 266, 259, -1,
      279, 259, 258, -1,
      279, 278, 277, -1,
      268, 267, 273, -1,
      277, 276, 279, -1,
      279, 276, 275, -1,
      279, 275, 267, -1,
      267, 275, 274, -1,
      267, 274, 273, -1,
      273, 272, 271, -1,
      268, 273, 269, -1,
      269, 273, 271, -1,
      269, 271, 270, -1,
      280, 281, 282, -1,
      282, 281, 283, -1,
      282, 283, 284, -1,
      285, 286, 287, -1,
      288, 289, 282, -1,
      282, 289, 290, -1,
      282, 290, 280, -1,
      280, 290, 291, -1,
      280, 291, 292, -1,
      292, 291, 287, -1,
      291, 293, 287, -1,
      287, 293, 294, -1,
      287, 294, 285, -1,
      285, 294, 295, -1,
      292, 287, 296, -1,
      286, 285, 297, -1,
      298, 299, 300, -1,
      301, 284, 283, -1,
      10, 11, 302, -1,
      302, 11, 303, -1,
      304, 305, 306, -1,
      306, 305, 307, -1,
      306, 307, 300, -1,
      300, 307, 308, -1,
      300, 308, 298, -1,
      306, 309, 304, -1,
      304, 309, 310, -1,
      304, 310, 288, -1,
      288, 310, 289, -1,
      289, 310, 311, -1,
      289, 311, 290, -1,
      290, 311, 312, -1,
      290, 312, 291, -1,
      312, 313, 291, -1,
      291, 313, 314, -1,
      291, 314, 293, -1,
      293, 314, 315, -1,
      293, 315, 294, -1,
      297, 285, 316, -1,
      315, 317, 294, -1,
      294, 317, 318, -1,
      294, 318, 295, -1,
      295, 318, 319, -1,
      295, 319, 285, -1,
      285, 319, 320, -1,
      285, 320, 316, -1,
      296, 287, 321, -1,
      286, 297, 287, -1,
      287, 297, 322, -1,
      287, 322, 321, -1,
      323, 324, 280, -1,
      292, 296, 280, -1,
      280, 296, 325, -1,
      280, 325, 323, -1,
      326, 283, 324, -1,
      324, 283, 281, -1,
      324, 281, 280, -1,
      303, 301, 302, -1,
      302, 301, 283, -1,
      302, 283, 327, -1,
      327, 283, 326, -1,
      328, 329, 330, -1,
      328, 330, 331, -1,
      8, 10, 332, -1,
      332, 10, 302, -1,
      332, 302, 333, -1,
      334, 323, 335, -1,
      335, 323, 325, -1,
      335, 325, 336, -1,
      302, 327, 333, -1,
      333, 327, 326, -1,
      333, 326, 334, -1,
      334, 326, 324, -1,
      334, 324, 323, -1,
      337, 338, 316, -1,
      325, 296, 336, -1,
      336, 296, 321, -1,
      336, 321, 339, -1,
      339, 321, 322, -1,
      339, 322, 338, -1,
      338, 322, 297, -1,
      338, 297, 316, -1,
      316, 320, 337, -1,
      337, 320, 319, -1,
      337, 319, 340, -1,
      340, 319, 318, -1,
      340, 318, 341, -1,
      318, 317, 341, -1,
      341, 317, 315, -1,
      341, 315, 342, -1,
      342, 315, 314, -1,
      342, 314, 343, -1,
      314, 313, 343, -1,
      343, 313, 312, -1,
      343, 312, 344, -1,
      344, 312, 311, -1,
      344, 311, 345, -1,
      345, 311, 310, -1,
      345, 310, 346, -1,
      299, 331, 300, -1,
      300, 331, 330, -1,
      300, 330, 306, -1,
      306, 330, 346, -1,
      306, 346, 309, -1,
      309, 346, 310, -1,
      347, 348, 349, -1,
      9, 8, 350, -1,
      350, 8, 332, -1,
      350, 332, 351, -1,
      352, 346, 353, -1,
      353, 346, 330, -1,
      353, 330, 354, -1,
      354, 330, 329, -1,
      352, 355, 346, -1,
      346, 355, 347, -1,
      346, 347, 345, -1,
      345, 347, 349, -1,
      345, 349, 344, -1,
      344, 349, 356, -1,
      344, 356, 343, -1,
      343, 356, 357, -1,
      343, 357, 342, -1,
      342, 357, 358, -1,
      342, 358, 341, -1,
      341, 358, 359, -1,
      341, 359, 340, -1,
      340, 359, 360, -1,
      340, 360, 337, -1,
      337, 360, 361, -1,
      337, 361, 338, -1,
      338, 361, 362, -1,
      338, 362, 339, -1,
      339, 362, 363, -1,
      339, 363, 336, -1,
      336, 363, 364, -1,
      336, 364, 335, -1,
      335, 364, 365, -1,
      335, 365, 334, -1,
      334, 365, 366, -1,
      334, 366, 333, -1,
      333, 366, 367, -1,
      333, 367, 332, -1,
      332, 367, 368, -1,
      332, 368, 351, -1,
      357, 356, 369, -1,
      369, 356, 349, -1,
      369, 349, 348, -1,
      369, 368, 367, -1,
      358, 357, 363, -1,
      367, 366, 369, -1,
      369, 366, 365, -1,
      369, 365, 357, -1,
      357, 365, 364, -1,
      357, 364, 363, -1,
      363, 362, 361, -1,
      358, 363, 359, -1,
      359, 363, 361, -1,
      359, 361, 360, -1,
      370, 371, 372, -1,
      372, 371, 373, -1,
      372, 373, 374, -1,
      375, 376, 377, -1,
      378, 379, 372, -1,
      372, 379, 380, -1,
      372, 380, 370, -1,
      370, 380, 381, -1,
      370, 381, 382, -1,
      382, 381, 377, -1,
      381, 383, 377, -1,
      377, 383, 384, -1,
      377, 384, 375, -1,
      375, 384, 385, -1,
      382, 377, 386, -1,
      376, 375, 387, -1,
      388, 389, 390, -1,
      391, 374, 373, -1,
      6, 7, 392, -1,
      392, 7, 393, -1,
      394, 395, 396, -1,
      396, 395, 397, -1,
      396, 397, 390, -1,
      390, 397, 398, -1,
      390, 398, 388, -1,
      396, 399, 394, -1,
      394, 399, 400, -1,
      394, 400, 378, -1,
      378, 400, 379, -1,
      379, 400, 401, -1,
      379, 401, 380, -1,
      380, 401, 402, -1,
      380, 402, 381, -1,
      402, 403, 381, -1,
      381, 403, 404, -1,
      381, 404, 383, -1,
      383, 404, 405, -1,
      383, 405, 384, -1,
      387, 375, 406, -1,
      405, 407, 384, -1,
      384, 407, 408, -1,
      384, 408, 385, -1,
      385, 408, 409, -1,
      385, 409, 375, -1,
      375, 409, 410, -1,
      375, 410, 406, -1,
      386, 377, 411, -1,
      376, 387, 377, -1,
      377, 387, 412, -1,
      377, 412, 411, -1,
      413, 414, 370, -1,
      382, 386, 370, -1,
      370, 386, 415, -1,
      370, 415, 413, -1,
      416, 373, 414, -1,
      414, 373, 371, -1,
      414, 371, 370, -1,
      393, 391, 392, -1,
      392, 391, 373, -1,
      392, 373, 417, -1,
      417, 373, 416, -1,
      418, 419, 420, -1,
      418, 420, 421, -1,
      4, 6, 422, -1,
      422, 6, 392, -1,
      422, 392, 423, -1,
      424, 413, 425, -1,
      425, 413, 415, -1,
      425, 415, 426, -1,
      392, 417, 423, -1,
      423, 417, 416, -1,
      423, 416, 424, -1,
      424, 416, 414, -1,
      424, 414, 413, -1,
      427, 428, 406, -1,
      415, 386, 426, -1,
      426, 386, 411, -1,
      426, 411, 429, -1,
      429, 411, 412, -1,
      429, 412, 428, -1,
      428, 412, 387, -1,
      428, 387, 406, -1,
      406, 410, 427, -1,
      427, 410, 409, -1,
      427, 409, 430, -1,
      430, 409, 408, -1,
      430, 408, 431, -1,
      408, 407, 431, -1,
      431, 407, 405, -1,
      431, 405, 432, -1,
      432, 405, 404, -1,
      432, 404, 433, -1,
      404, 403, 433, -1,
      433, 403, 402, -1,
      433, 402, 434, -1,
      434, 402, 401, -1,
      434, 401, 435, -1,
      435, 401, 400, -1,
      435, 400, 436, -1,
      389, 421, 390, -1,
      390, 421, 420, -1,
      390, 420, 396, -1,
      396, 420, 436, -1,
      396, 436, 399, -1,
      399, 436, 400, -1,
      437, 438, 439, -1,
      5, 4, 440, -1,
      440, 4, 422, -1,
      440, 422, 441, -1,
      442, 436, 443, -1,
      443, 436, 420, -1,
      443, 420, 444, -1,
      444, 420, 419, -1,
      442, 445, 436, -1,
      436, 445, 437, -1,
      436, 437, 435, -1,
      435, 437, 439, -1,
      435, 439, 434, -1,
      434, 439, 446, -1,
      434, 446, 433, -1,
      433, 446, 447, -1,
      433, 447, 432, -1,
      432, 447, 448, -1,
      432, 448, 431, -1,
      431, 448, 449, -1,
      431, 449, 430, -1,
      430, 449, 450, -1,
      430, 450, 427, -1,
      427, 450, 451, -1,
      427, 451, 428, -1,
      428, 451, 452, -1,
      428, 452, 429, -1,
      429, 452, 453, -1,
      429, 453, 426, -1,
      426, 453, 454, -1,
      426, 454, 425, -1,
      425, 454, 455, -1,
      425, 455, 424, -1,
      424, 455, 456, -1,
      424, 456, 423, -1,
      423, 456, 457, -1,
      423, 457, 422, -1,
      422, 457, 458, -1,
      422, 458, 441, -1,
      447, 446, 459, -1,
      459, 446, 439, -1,
      459, 439, 438, -1,
      459, 458, 457, -1,
      448, 447, 453, -1,
      457, 456, 459, -1,
      459, 456, 455, -1,
      459, 455, 447, -1,
      447, 455, 454, -1,
      447, 454, 453, -1,
      453, 452, 451, -1,
      448, 453, 449, -1,
      449, 453, 451, -1,
      449, 451, 450, -1,
      460, 461, 462, -1,
      462, 461, 463, -1,
      462, 463, 464, -1,
      465, 466, 467, -1,
      468, 469, 462, -1,
      462, 469, 470, -1,
      462, 470, 460, -1,
      460, 470, 471, -1,
      460, 471, 472, -1,
      472, 471, 467, -1,
      471, 473, 467, -1,
      467, 473, 474, -1,
      467, 474, 465, -1,
      465, 474, 475, -1,
      472, 467, 476, -1,
      466, 465, 477, -1,
      478, 479, 480, -1,
      481, 464, 463, -1,
      2, 3, 482, -1,
      482, 3, 483, -1,
      484, 485, 486, -1,
      486, 485, 487, -1,
      486, 487, 480, -1,
      480, 487, 488, -1,
      480, 488, 478, -1,
      486, 489, 484, -1,
      484, 489, 490, -1,
      484, 490, 468, -1,
      468, 490, 469, -1,
      469, 490, 491, -1,
      469, 491, 470, -1,
      470, 491, 492, -1,
      470, 492, 471, -1,
      492, 493, 471, -1,
      471, 493, 494, -1,
      471, 494, 473, -1,
      473, 494, 495, -1,
      473, 495, 474, -1,
      477, 465, 496, -1,
      495, 497, 474, -1,
      474, 497, 498, -1,
      474, 498, 475, -1,
      475, 498, 499, -1,
      475, 499, 465, -1,
      465, 499, 500, -1,
      465, 500, 496, -1,
      476, 467, 501, -1,
      466, 477, 467, -1,
      467, 477, 502, -1,
      467, 502, 501, -1,
      503, 504, 460, -1,
      472, 476, 460, -1,
      460, 476, 505, -1,
      460, 505, 503, -1,
      506, 463, 504, -1,
      504, 463, 461, -1,
      504, 461, 460, -1,
      483, 481, 482, -1,
      482, 481, 463, -1,
      482, 463, 507, -1,
      507, 463, 506, -1,
      508, 509, 510, -1,
      508, 510, 511, -1,
      0, 2, 512, -1,
      512, 2, 482, -1,
      512, 482, 513, -1,
      514, 503, 515, -1,
      515, 503, 505, -1,
      515, 505, 516, -1,
      482, 507, 513, -1,
      513, 507, 506, -1,
      513, 506, 514, -1,
      514, 506, 504, -1,
      514, 504, 503, -1,
      517, 518, 496, -1,
      505, 476, 516, -1,
      516, 476, 501, -1,
      516, 501, 519, -1,
      519, 501, 502, -1,
      519, 502, 518, -1,
      518, 502, 477, -1,
      518, 477, 496, -1,
      496, 500, 517, -1,
      517, 500, 499, -1,
      517, 499, 520, -1,
      520, 499, 498, -1,
      520, 498, 521, -1,
      498, 497, 521, -1,
      521, 497, 495, -1,
      521, 495, 522, -1,
      522, 495, 494, -1,
      522, 494, 523, -1,
      494, 493, 523, -1,
      523, 493, 492, -1,
      523, 492, 524, -1,
      524, 492, 491, -1,
      524, 491, 525, -1,
      525, 491, 490, -1,
      525, 490, 526, -1,
      479, 511, 480, -1,
      480, 511, 510, -1,
      480, 510, 486, -1,
      486, 510, 526, -1,
      486, 526, 489, -1,
      489, 526, 490, -1,
      527, 528, 529, -1,
      1, 0, 530, -1,
      530, 0, 512, -1,
      530, 512, 531, -1,
      532, 526, 533, -1,
      533, 526, 510, -1,
      533, 510, 534, -1,
      534, 510, 509, -1,
      532, 535, 526, -1,
      526, 535, 527, -1,
      526, 527, 525, -1,
      525, 527, 529, -1,
      525, 529, 524, -1,
      524, 529, 536, -1,
      524, 536, 523, -1,
      523, 536, 537, -1,
      523, 537, 522, -1,
      522, 537, 538, -1,
      522, 538, 521, -1,
      521, 538, 539, -1,
      521, 539, 520, -1,
      520, 539, 540, -1,
      520, 540, 517, -1,
      517, 540, 541, -1,
      517, 541, 518, -1,
      518, 541, 542, -1,
      518, 542, 519, -1,
      519, 542, 543, -1,
      519, 543, 516, -1,
      516, 543, 544, -1,
      516, 544, 515, -1,
      515, 544, 545, -1,
      515, 545, 514, -1,
      514, 545, 546, -1,
      514, 546, 513, -1,
      513, 546, 547, -1,
      513, 547, 512, -1,
      512, 547, 548, -1,
      512, 548, 531, -1,
      537, 536, 549, -1,
      549, 536, 529, -1,
      549, 529, 528, -1,
      549, 548, 547, -1,
      538, 537, 543, -1,
      547, 546, 549, -1,
      549, 546, 545, -1,
      549, 545, 537, -1,
      537, 545, 544, -1,
      537, 544, 543, -1,
      543, 542, 541, -1,
      538, 543, 539, -1,
      539, 543, 541, -1,
      539, 541, 540, -1,
    ]
  }
}

Shape {
  appearance Appearance {
    material Material {
      diffuseColor 0.2510 0.2510 0.2510
      specularColor 0.1255 0.1255 0.1255
      ambientIntensity 0.2
      transparency 0.0000
      shininess 0.5
    }
  }
  geometry IndexedFaceSet {
    ccw TRUE
    solid FALSE
    coord DEF co Coordinate {
      point [
        -0.437632 0.372047 -0.088224,
        -0.452689 0.372047 -0.173612,
        -0.452756 0.372057 -0.173994,
        -0.330709 0.580307 -0.035941,
        -0.330709 0.586614 -0.035433,
        -0.330709 0.547244 -0.074804,
        -0.330709 0.547752 -0.068497,
        -0.330709 0.570896 -0.038707,
        -0.330709 0.562460 -0.043713,
        -0.330709 0.555524 -0.050650,
        -0.330709 0.550518 -0.059085,
        -0.330709 0.616142 -0.035433,
        -0.738189 0.025591 -0.059055,
        -0.698819 -0.013779 -0.059055,
        -0.346457 -0.013779 -0.059055,
        -0.330709 0.001969 -0.059055,
        -0.346457 0.655512 -0.059055,
        -0.330709 0.639764 -0.059055,
        -0.330709 0.639206 -0.053954,
        -0.330709 0.637466 -0.048892,
        -0.330709 0.634630 -0.044352,
        -0.330709 0.630845 -0.040567,
        -0.330709 0.626305 -0.037731,
        -0.330709 0.621243 -0.035990,
        -0.698819 0.655512 -0.059055,
        -0.707269 0.654594 -0.059055,
        -0.738189 0.616142 -0.059055,
        -0.715662 0.651727 -0.059055,
        -0.723200 0.647054 -0.059055,
        -0.729500 0.640813 -0.059055,
        -0.734244 0.633319 -0.059055,
        -0.737190 0.624954 -0.059055,
        -0.330709 0.547244 -0.086614,
        -0.457994 0.373511 -0.183198,
        -0.458100 0.373540 -0.183269,
        -0.468265 0.376363 -0.187007,
        -0.464658 0.375361 -0.186583,
        -0.464611 0.375348 -0.186578,
        -0.461122 0.374380 -0.185294,
        -0.461159 0.374390 -0.185308,
        -0.455598 0.372846 -0.180576,
        -0.455454 0.372806 -0.180419,
        -0.453790 0.372344 -0.177380,
        -0.453646 0.372304 -0.177117,
        -0.330709 0.556693 -0.059613,
        -0.330709 0.551533 -0.067824,
        -0.330709 0.548330 -0.076978,
        -0.330709 0.563550 -0.052755,
        -0.330709 0.571761 -0.047596,
        -0.330709 0.580915 -0.044393,
        -0.330709 0.590552 -0.043307,
        -0.773622 0.651575 -0.059055,
        -0.773622 0.651575 -0.230315,
        -0.773622 -0.009842 -0.059055,
        -0.734252 -0.049212 -0.059055,
        -0.742991 -0.048062 -0.059055,
        -0.762091 -0.037681 -0.059055,
        -0.764771 -0.034188 -0.059055,
        -0.772472 -0.018581 -0.059055,
        -0.768348 -0.029527 -0.059055,
        -0.769469 -0.026819 -0.059055,
        -0.772281 -0.020032 -0.059055,
        -0.758598 -0.040361 -0.059055,
        -0.753937 -0.043938 -0.059055,
        -0.751229 -0.045059 -0.059055,
        -0.744442 -0.047871 -0.059055,
        -0.330709 -0.049212 -0.059055,
        -0.405650 0.425198 -0.088223,
        -0.414819 0.434982 -0.173612,
        -0.415248 0.433887 -0.172309,
        -0.416781 0.429143 -0.164815,
        -0.416757 0.425448 -0.152072,
        -0.417079 0.426196 -0.156450,
        -0.417087 0.427433 -0.160716,
        -0.416126 0.425198 -0.147637,
        -0.415189 0.464568 -0.187007,
        -0.413800 0.453128 -0.185198,
        -0.413952 0.454888 -0.185799,
        -0.414112 0.456135 -0.185955,
        -0.414464 0.458892 -0.186299,
        -0.413430 0.448861 -0.183739,
        -0.413433 0.447784 -0.183121,
        -0.413433 0.447757 -0.183106,
        -0.413447 0.442876 -0.180304,
        -0.414080 0.437311 -0.176046,
        -0.413887 0.438542 -0.177079,
        -0.413623 0.440232 -0.178497,
        -0.413452 0.441324 -0.179414,
        -0.330709 0.647638 -0.086614,
        -0.330709 0.690945 -0.086614,
        -0.330709 0.646552 -0.076978,
        -0.330709 0.690945 -0.059055,
        -0.330709 0.643350 -0.067824,
        -0.330709 0.613968 -0.044393,
        -0.330709 0.623121 -0.047596,
        -0.330709 0.631333 -0.052755,
        -0.330709 0.638190 -0.059613,
        -0.330709 0.604331 -0.043307,
        -0.734244 0.008413 -0.059055,
        -0.729500 0.000920 -0.059055,
        -0.765165 0.675956 -0.059055,
        -0.769837 0.668418 -0.059055,
        -0.772705 0.660025 -0.059055,
        -0.734252 0.690945 -0.059055,
        -0.743065 0.689946 -0.059055,
        -0.737190 0.016778 -0.059055,
        -0.751430 0.687000 -0.059055,
        -0.758923 0.682256 -0.059055,
        -0.723200 -0.005322 -0.059055,
        -0.707269 -0.012862 -0.059055,
        -0.715662 -0.009994 -0.059055,
        -0.772705 0.660025 -0.230315,
        -0.769837 0.668418 -0.230315,
        -0.765165 0.675956 -0.230315,
        -0.758923 0.682256 -0.230315,
        -0.751430 0.687000 -0.230315,
        -0.743065 0.689946 -0.230315,
        -0.734252 0.690945 -0.230315,
      ]
    }
    coordIndex [
      68, 1, 69, -1,
      69, 1, 70, -1,
      71, 72, 1, -1,
      1, 72, 73, -1,
      1, 73, 70, -1,
      0, 67, 1, -1,
      1, 67, 74, -1,
      1, 74, 71, -1,
      75, 35, 36, -1,
      37, 76, 36, -1,
      36, 76, 77, -1,
      77, 78, 36, -1,
      36, 78, 79, -1,
      36, 79, 75, -1,
      37, 39, 76, -1,
      76, 39, 38, -1,
      76, 38, 80, -1,
      80, 38, 34, -1,
      80, 34, 81, -1,
      81, 34, 82, -1,
      41, 83, 40, -1,
      40, 83, 82, -1,
      40, 82, 33, -1,
      33, 82, 34, -1,
      1, 68, 2, -1,
      2, 68, 84, -1,
      2, 84, 43, -1,
      43, 84, 85, -1,
      43, 85, 42, -1,
      42, 85, 86, -1,
      42, 86, 41, -1,
      41, 86, 87, -1,
      41, 87, 83, -1,
      88, 89, 90, -1,
      90, 89, 91, -1,
      90, 91, 92, -1,
      5, 32, 46, -1,
      11, 93, 23, -1,
      23, 93, 94, -1,
      19, 20, 95, -1,
      95, 20, 21, -1,
      95, 21, 94, -1,
      94, 21, 22, -1,
      94, 22, 23, -1,
      92, 91, 96, -1,
      96, 91, 17, -1,
      96, 17, 95, -1,
      95, 17, 18, -1,
      95, 18, 19, -1,
      5, 46, 6, -1,
      6, 46, 45, -1,
      6, 45, 10, -1,
      10, 45, 44, -1,
      10, 44, 9, -1,
      9, 44, 47, -1,
      9, 47, 8, -1,
      8, 47, 7, -1,
      7, 47, 48, -1,
      7, 48, 3, -1,
      3, 48, 49, -1,
      3, 49, 4, -1,
      4, 49, 50, -1,
      4, 50, 11, -1,
      11, 50, 97, -1,
      11, 97, 93, -1,
      98, 53, 99, -1,
      99, 53, 58, -1,
      100, 101, 29, -1,
      29, 101, 102, -1,
      29, 102, 30, -1,
      30, 102, 51, -1,
      30, 51, 31, -1,
      27, 103, 104, -1,
      99, 59, 57, -1,
      58, 61, 99, -1,
      99, 61, 60, -1,
      99, 60, 59, -1,
      98, 105, 53, -1,
      53, 105, 12, -1,
      53, 12, 51, -1,
      51, 12, 26, -1,
      51, 26, 31, -1,
      27, 104, 28, -1,
      28, 104, 106, -1,
      28, 106, 29, -1,
      29, 106, 107, -1,
      29, 107, 100, -1,
      27, 25, 103, -1,
      103, 25, 24, -1,
      103, 24, 91, -1,
      91, 24, 16, -1,
      91, 16, 17, -1,
      57, 56, 99, -1,
      99, 56, 62, -1,
      99, 62, 108, -1,
      108, 62, 63, -1,
      108, 63, 64, -1,
      13, 54, 14, -1,
      14, 54, 66, -1,
      14, 66, 15, -1,
      13, 109, 54, -1,
      54, 109, 110, -1,
      54, 110, 55, -1,
      55, 110, 108, -1,
      55, 108, 65, -1,
      65, 108, 64, -1,
      111, 52, 51, -1,
      51, 102, 111, -1,
      111, 102, 101, -1,
      111, 101, 112, -1,
      112, 101, 100, -1,
      112, 100, 113, -1,
      113, 100, 107, -1,
      113, 107, 114, -1,
      114, 107, 106, -1,
      114, 106, 115, -1,
      115, 106, 104, -1,
      115, 104, 116, -1,
      116, 104, 103, -1,
      116, 103, 117, -1,
    ]
  }
}

Shape {
  appearance Appearance {
    material Material {
      diffuseColor 1.0000 1.0000 0.5020
      specularColor 0.8784 0.8784 0.4431
      ambientIntensity 0.2
      transparency 0.0000
      shininess 0.5
    }
  }
  geometry IndexedFaceSet {
    ccw TRUE
    solid FALSE
    coord DEF co Coordinate {
      point [
        -0.655512 0.694882 -0.212599,
        -0.446851 0.694882 -0.212599,
        -0.655512 0.694882 -0.236221,
        -0.446851 0.694882 -0.236221,
        -0.446851 0.671260 -0.236221,
        -0.655512 0.671260 -0.236221,
        -0.242126 0.694882 -0.212598,
        -0.242126 0.694882 -0.236220,
        -0.289370 0.694882 -0.212598,
        -0.289370 0.694882 -0.236220,
        -0.289370 0.663386 -0.236220,
        -0.242126 0.663386 -0.236220,
        -0.104331 0.694882 -0.212598,
        -0.104331 0.694882 -0.236220,
        -0.127953 0.694882 -0.212598,
        -0.151575 0.694882 -0.236220,
        -0.151575 0.694882 -0.212598,
        -0.104331 0.663386 -0.236220,
        -0.151575 0.663386 -0.236220,
        0.033465 0.694882 -0.212598,
        0.033465 0.694882 -0.236220,
        0.009843 0.694882 -0.212598,
        -0.013780 0.694882 -0.236220,
        -0.013780 0.694882 -0.212598,
        0.033465 0.663386 -0.236220,
        -0.013780 0.663386 -0.236220,
        0.171260 0.694882 -0.212598,
        0.171260 0.694882 -0.236220,
        0.147638 0.694882 -0.212598,
        0.124016 0.694882 -0.236220,
        0.124016 0.694882 -0.212598,
        0.171260 0.663386 -0.236220,
        0.124016 0.663386 -0.236220,
        0.309055 0.694882 -0.212598,
        0.309055 0.694882 -0.236220,
        0.285433 0.694882 -0.212598,
        0.261811 0.694882 -0.236220,
        0.261811 0.694882 -0.212598,
        0.309055 0.663386 -0.236220,
        0.261811 0.663386 -0.236220,
        0.446850 0.694882 -0.212598,
        0.446850 0.694882 -0.236220,
        0.423228 0.694882 -0.212598,
        0.399606 0.694882 -0.236220,
        0.399606 0.694882 -0.212598,
        0.446850 0.663386 -0.236220,
        0.399606 0.663386 -0.236220,
        0.452756 0.543509 -0.107023,
        0.452756 0.540856 -0.105752,
        0.452756 0.538598 -0.103864,
        0.452756 0.536877 -0.101476,
        0.452756 0.535800 -0.098738,
        0.452756 0.535433 -0.095818,
        0.452756 0.535433 -0.093249,
        0.452756 0.535682 -0.090839,
        0.452756 0.536417 -0.088530,
        0.452756 0.537608 -0.086420,
        0.393701 0.537608 -0.086420,
        0.393701 0.555219 -0.061572,
        0.452756 0.547244 -0.108268,
        0.446850 0.642647 -0.230315,
        0.399606 0.642647 -0.230315,
        0.399606 0.649154 -0.233558,
        0.446850 0.649154 -0.233558,
        0.399606 0.656147 -0.235549,
        0.446850 0.656147 -0.235549,
        0.309055 0.642647 -0.230315,
        0.261811 0.642647 -0.230315,
        0.261811 0.649154 -0.233558,
        0.309055 0.649154 -0.233558,
        0.261811 0.656147 -0.235549,
        0.309055 0.656147 -0.235549,
        0.171260 0.642647 -0.230315,
        0.124016 0.642647 -0.230315,
        0.124016 0.649154 -0.233558,
        0.171260 0.649154 -0.233558,
        0.124016 0.656147 -0.235549,
        0.171260 0.656147 -0.235549,
        0.033465 0.642647 -0.230315,
        -0.013780 0.642647 -0.230315,
        -0.013780 0.649154 -0.233558,
        0.033465 0.649154 -0.233558,
        -0.013780 0.656147 -0.235549,
        0.033465 0.656147 -0.235549,
        -0.104331 0.642647 -0.230315,
        -0.151575 0.642647 -0.230315,
        -0.151575 0.649154 -0.233558,
        -0.104331 0.649154 -0.233558,
        -0.151575 0.656147 -0.235549,
        -0.104331 0.656147 -0.235549,
        -0.242126 0.656147 -0.235549,
        -0.289370 0.656147 -0.235549,
        -0.242126 0.649154 -0.233558,
        -0.289370 0.649154 -0.233558,
        -0.242126 0.642647 -0.230315,
        -0.289370 0.642647 -0.230315,
        -0.446851 0.656946 -0.233526,
        -0.446851 0.650520 -0.230315,
        -0.655512 0.650520 -0.230315,
        -0.655512 0.656946 -0.233526,
        -0.655512 0.663977 -0.235541,
        -0.446851 0.663978 -0.235541,
        -0.655512 0.690945 -0.212599,
        -0.655512 0.690945 -0.230315,
        -0.446851 0.690945 -0.212599,
        -0.446851 0.690945 -0.230315,
        -0.289370 0.690945 -0.212598,
        -0.289370 0.690945 -0.230315,
        -0.242126 0.690945 -0.212598,
        -0.242126 0.690945 -0.230315,
        -0.151575 0.690945 -0.212598,
        -0.151575 0.690945 -0.230315,
        -0.104331 0.690945 -0.212598,
        -0.127953 0.690945 -0.212598,
        -0.104331 0.690945 -0.230315,
        -0.013780 0.690945 -0.212598,
        -0.013780 0.690945 -0.230315,
        0.033465 0.690945 -0.212598,
        0.009843 0.690945 -0.212598,
        0.033465 0.690945 -0.230315,
        0.124016 0.690945 -0.212598,
        0.124016 0.690945 -0.230315,
        0.171260 0.690945 -0.212598,
        0.147638 0.690945 -0.212598,
        0.171260 0.690945 -0.230315,
        0.261811 0.690945 -0.212598,
        0.261811 0.690945 -0.230315,
        0.309055 0.690945 -0.212598,
        0.285433 0.690945 -0.212598,
        0.309055 0.690945 -0.230315,
        0.399606 0.690945 -0.212598,
        0.399606 0.690945 -0.230315,
        0.446850 0.690945 -0.212598,
        0.423228 0.690945 -0.212598,
        0.446850 0.690945 -0.230315,
        0.452756 0.547244 -0.086614,
        0.452756 0.555219 -0.061572,
        0.452756 0.551533 -0.067824,
        0.452756 0.548330 -0.076978,
        0.423228 0.555219 -0.061572,
      ]
    }
    coordIndex [
      102, 0, 103, -1,
      103, 0, 2, -1,
      103, 2, 5, -1,
      5, 100, 103, -1,
      103, 100, 99, -1,
      103, 99, 98, -1,
      0, 102, 1, -1,
      1, 102, 104, -1,
      1, 104, 3, -1,
      3, 104, 105, -1,
      105, 97, 96, -1,
      96, 101, 105, -1,
      105, 101, 4, -1,
      105, 4, 3, -1,
      106, 8, 107, -1,
      107, 8, 9, -1,
      107, 9, 10, -1,
      10, 91, 107, -1,
      107, 91, 93, -1,
      107, 93, 95, -1,
      8, 106, 6, -1,
      6, 106, 108, -1,
      6, 108, 7, -1,
      7, 108, 109, -1,
      109, 94, 92, -1,
      92, 90, 109, -1,
      109, 90, 11, -1,
      109, 11, 7, -1,
      110, 16, 111, -1,
      111, 16, 15, -1,
      111, 15, 18, -1,
      18, 88, 111, -1,
      111, 88, 86, -1,
      111, 86, 85, -1,
      112, 12, 113, -1,
      113, 12, 14, -1,
      113, 14, 110, -1,
      110, 14, 16, -1,
      12, 112, 13, -1,
      13, 112, 114, -1,
      13, 114, 17, -1,
      84, 87, 114, -1,
      114, 87, 89, -1,
      114, 89, 17, -1,
      115, 23, 116, -1,
      116, 23, 22, -1,
      116, 22, 25, -1,
      25, 82, 116, -1,
      116, 82, 80, -1,
      116, 80, 79, -1,
      117, 19, 118, -1,
      118, 19, 21, -1,
      118, 21, 115, -1,
      115, 21, 23, -1,
      19, 117, 20, -1,
      20, 117, 119, -1,
      20, 119, 24, -1,
      78, 81, 119, -1,
      119, 81, 83, -1,
      119, 83, 24, -1,
      120, 30, 121, -1,
      121, 30, 29, -1,
      121, 29, 32, -1,
      32, 76, 121, -1,
      121, 76, 74, -1,
      121, 74, 73, -1,
      122, 26, 123, -1,
      123, 26, 28, -1,
      123, 28, 120, -1,
      120, 28, 30, -1,
      26, 122, 27, -1,
      27, 122, 124, -1,
      27, 124, 31, -1,
      72, 75, 124, -1,
      124, 75, 77, -1,
      124, 77, 31, -1,
      125, 37, 126, -1,
      126, 37, 36, -1,
      126, 36, 39, -1,
      39, 70, 126, -1,
      126, 70, 68, -1,
      126, 68, 67, -1,
      127, 33, 128, -1,
      128, 33, 35, -1,
      128, 35, 125, -1,
      125, 35, 37, -1,
      33, 127, 34, -1,
      34, 127, 129, -1,
      34, 129, 38, -1,
      66, 69, 129, -1,
      129, 69, 71, -1,
      129, 71, 38, -1,
      130, 44, 131, -1,
      131, 44, 43, -1,
      131, 43, 46, -1,
      46, 64, 131, -1,
      131, 64, 62, -1,
      131, 62, 61, -1,
      132, 40, 133, -1,
      133, 40, 42, -1,
      133, 42, 130, -1,
      130, 42, 44, -1,
      40, 132, 41, -1,
      41, 132, 134, -1,
      41, 134, 45, -1,
      60, 63, 134, -1,
      134, 63, 65, -1,
      134, 65, 45, -1,
      47, 59, 135, -1,
      136, 56, 137, -1,
      137, 56, 138, -1,
      47, 135, 48, -1,
      138, 56, 135, -1,
      135, 56, 55, -1,
      135, 55, 54, -1,
      54, 53, 135, -1,
      135, 53, 52, -1,
      135, 52, 51, -1,
      51, 50, 135, -1,
      135, 50, 49, -1,
      135, 49, 48, -1,
      56, 136, 57, -1,
      57, 136, 139, -1,
      57, 139, 58, -1,
    ]
  }
}

Shape {
  appearance Appearance {
    material Material {
      diffuseColor 0.2510 0.2510 0.2510
      specularColor 0.1255 0.1255 0.1255
      ambientIntensity 0.2
      transparency 0.0000
      shininess 0.5
    }
  }
  geometry IndexedFaceSet {
    ccw TRUE
    solid FALSE
    coord DEF co Coordinate {
      point [
        0.393701 0.555219 -0.061572,
        0.393701 0.551407 -0.068087,
        0.393701 0.548254 -0.077319,
        0.393701 0.547244 -0.086614,
        0.363478 0.547244 -0.086614,
        0.363478 0.548465 -0.077346,
        0.363478 0.548518 -0.076943,
        0.363478 0.548720 -0.075406,
        0.363478 0.551701 -0.068209,
        0.363478 0.551857 -0.067832,
        0.363478 0.557087 -0.059695,
        0.363478 0.556839 -0.060019,
        0.363478 0.553046 -0.064961,
        0.363478 0.590552 -0.043307,
        0.363478 0.581284 -0.044527,
        0.363478 0.580881 -0.044580,
        0.363478 0.579343 -0.044783,
        0.363478 0.568898 -0.049109,
        0.363478 0.571769 -0.047920,
        0.363478 0.572146 -0.047764,
        0.363478 0.559929 -0.055991,
        0.363478 0.563632 -0.053150,
        0.363478 0.563956 -0.052901,
        0.393701 0.086514 -0.061572,
        0.393701 0.090200 -0.067824,
        0.393701 0.093402 -0.076977,
        0.393701 0.094488 -0.086614,
        0.363478 0.093222 -0.077001,
        0.363478 0.093013 -0.075405,
        0.363478 0.090031 -0.068208,
        0.363478 0.093268 -0.077346,
        0.363478 0.094488 -0.086614,
        0.363478 0.081804 -0.055991,
        0.363478 0.084752 -0.059833,
        0.363478 0.084894 -0.060018,
        0.363478 0.088686 -0.064960,
        0.363478 0.089920 -0.067939,
        0.363478 0.072835 -0.049109,
        0.363478 0.077962 -0.053043,
        0.363478 0.078100 -0.053149,
        0.363478 0.062390 -0.044782,
        0.363478 0.069856 -0.047875,
        0.363478 0.069963 -0.047919,
        0.363478 0.051181 -0.043307,
        0.363478 0.060794 -0.044572,
        0.363478 0.060852 -0.044580,
        0.423228 0.555219 -0.061572,
        0.423228 0.556548 -0.059795,
        0.423228 0.563413 -0.052865,
        0.423228 0.556711 -0.059631,
        0.423228 0.571656 -0.047646,
        0.423228 0.563560 -0.052772,
        0.423228 0.580858 -0.044406,
        0.423228 0.571766 -0.047608,
        0.423228 0.590552 -0.043307,
        0.423228 0.580915 -0.044399,
        0.423228 0.051181 -0.043307,
        0.423228 0.060818 -0.044393,
        0.423228 0.085180 -0.059799,
        0.423228 0.086514 -0.061572,
        0.423228 0.085040 -0.059612,
        0.423228 0.060872 -0.044412,
        0.423228 0.070069 -0.047657,
        0.423228 0.069971 -0.047596,
        0.423228 0.078306 -0.052878,
        0.423228 0.078183 -0.052755,
      ]
    }
    coordIndex [
      0, 46, 47, -1,
      11, 12, 1, -1,
      12, 9, 1, -1,
      1, 9, 8, -1,
      1, 8, 2, -1,
      2, 8, 7, -1,
      2, 7, 6, -1,
      6, 5, 2, -1,
      2, 5, 4, -1,
      2, 4, 3, -1,
      48, 20, 49, -1,
      49, 20, 10, -1,
      49, 10, 47, -1,
      47, 10, 11, -1,
      47, 11, 0, -1,
      0, 11, 1, -1,
      50, 17, 51, -1,
      51, 17, 22, -1,
      51, 22, 48, -1,
      48, 22, 21, -1,
      48, 21, 20, -1,
      52, 16, 53, -1,
      53, 16, 19, -1,
      53, 19, 50, -1,
      50, 19, 18, -1,
      50, 18, 17, -1,
      54, 13, 55, -1,
      55, 13, 14, -1,
      55, 14, 52, -1,
      52, 14, 15, -1,
      52, 15, 16, -1,
      43, 56, 57, -1,
      27, 25, 30, -1,
      30, 25, 26, -1,
      30, 26, 31, -1,
      36, 24, 29, -1,
      29, 24, 25, -1,
      29, 25, 28, -1,
      28, 25, 27, -1,
      58, 59, 23, -1,
      58, 23, 60, -1,
      61, 45, 57, -1,
      57, 45, 44, -1,
      57, 44, 43, -1,
      62, 42, 63, -1,
      63, 42, 41, -1,
      63, 41, 61, -1,
      61, 41, 40, -1,
      61, 40, 45, -1,
      36, 35, 24, -1,
      24, 35, 34, -1,
      24, 34, 23, -1,
      23, 34, 33, -1,
      23, 33, 60, -1,
      60, 33, 64, -1,
      33, 32, 64, -1,
      64, 32, 39, -1,
      64, 39, 65, -1,
      65, 39, 38, -1,
      65, 38, 62, -1,
      62, 38, 37, -1,
      62, 37, 42, -1,
    ]
  }
}

Shape {
  appearance Appearance {
    material Material {
      diffuseColor 1.0000 1.0000 0.5020
      specularColor 0.8784 0.8784 0.4431
      ambientIntensity 0.2
      transparency 0.0000
      shininess 0.5
    }
  }
  geometry IndexedFaceSet {
    ccw TRUE
    solid FALSE
    coord DEF co Coordinate {
      point [
        0.393701 0.104124 -0.086419,
        0.452756 0.104124 -0.086419,
        0.452756 0.105315 -0.088530,
        0.452756 0.106050 -0.090839,
        0.452756 0.106299 -0.093249,
        0.452756 0.106299 -0.095818,
        0.452756 0.105933 -0.098737,
        0.452756 0.104856 -0.101476,
        0.452756 0.103135 -0.103863,
        0.452756 0.100877 -0.105751,
        0.452756 0.098223 -0.107022,
        0.452756 0.094488 -0.108267,
        0.393701 0.086514 -0.061572,
        0.423228 0.086514 -0.061572,
        0.452756 0.086514 -0.061572,
        0.452756 0.090325 -0.068087,
        0.452756 0.093479 -0.077319,
        0.452756 0.094488 -0.086614,
      ]
    }
    coordIndex [
      14, 1, 13, -1,
      13, 1, 0, -1,
      13, 0, 12, -1,
      14, 15, 1, -1,
      1, 15, 16, -1,
      1, 16, 17, -1,
      5, 4, 17, -1,
      4, 3, 17, -1,
      17, 3, 2, -1,
      17, 2, 1, -1,
      11, 10, 17, -1,
      17, 10, 9, -1,
      17, 9, 8, -1,
      8, 7, 17, -1,
      17, 7, 6, -1,
      17, 6, 5, -1,
    ]
  }
}

Shape {
  appearance Appearance {
    material Material {
      diffuseColor 0.2510 0.2510 0.2510
      specularColor 0.1255 0.1255 0.1255
      ambientIntensity 0.2
      transparency 0.0000
      shininess 0.5
    }
  }
  geometry IndexedFaceSet {
    ccw TRUE
    solid FALSE
    coord DEF co Coordinate {
      point [
        0.399606 -0.049213 -0.212598,
        0.423228 -0.049213 -0.212598,
        0.446850 -0.049213 -0.212598,
        0.309055 -0.049213 -0.212598,
        0.261811 -0.049213 -0.212598,
        0.285433 -0.049213 -0.212598,
        0.286146 -0.049213 -0.212598,
        0.124016 -0.049213 -0.212598,
        0.147638 -0.049213 -0.212598,
        0.171260 -0.049213 -0.212598,
        -0.013780 -0.049213 -0.212598,
        0.009843 -0.049213 -0.212598,
        0.033465 -0.049213 -0.212598,
        -0.151575 -0.049213 -0.212598,
        -0.127953 -0.049213 -0.212598,
        -0.104331 -0.049213 -0.212598,
        -0.289370 -0.049213 -0.212598,
        -0.242126 -0.049213 -0.212598,
        -0.655512 -0.049213 -0.212598,
        -0.446851 -0.049213 -0.212598,
        -0.330708 0.547244 -0.167323,
        -0.330709 0.547244 -0.086614,
        -0.295276 0.547244 -0.086614,
        -0.295276 0.547244 -0.108268,
        -0.236220 0.547244 -0.108268,
        -0.236220 0.547244 -0.086614,
        -0.157480 0.547244 -0.086614,
        -0.157480 0.547244 -0.108268,
        -0.098425 0.547244 -0.108268,
        -0.127953 0.547244 -0.108268,
        -0.098425 0.547244 -0.086614,
        -0.019685 0.547244 -0.086614,
        -0.019685 0.547244 -0.108268,
        0.039370 0.547244 -0.108268,
        0.009843 0.547244 -0.108268,
        0.039370 0.547244 -0.086614,
        0.118110 0.547244 -0.086614,
        0.118110 0.547244 -0.108268,
        0.177165 0.547244 -0.108268,
        0.147638 0.547244 -0.108268,
        0.177165 0.547244 -0.086614,
        0.255906 0.547244 -0.086614,
        0.255906 0.547244 -0.108268,
        0.314961 0.547244 -0.108268,
        0.285433 0.547244 -0.108268,
        0.314961 0.547244 -0.086614,
        0.393701 0.547244 -0.086614,
        0.393701 0.547244 -0.108268,
        0.452756 0.547244 -0.108268,
        0.423228 0.547244 -0.108268,
        -0.563050 0.133858 -0.187007,
        -0.342240 0.133858 -0.187007,
        -0.568898 0.139706 -0.187007,
        -0.568898 0.179134 -0.187007,
        -0.561024 0.179134 -0.187007,
        -0.561024 0.320866 -0.187007,
        -0.561024 0.462598 -0.187008,
        -0.568898 0.462598 -0.187008,
        -0.568898 0.502026 -0.187008,
        -0.563050 0.507874 -0.187008,
        -0.342240 0.507874 -0.187008,
        -0.468265 0.376363 -0.187007,
        -0.468265 0.372047 -0.187007,
        -0.468265 0.320866 -0.187007,
        -0.468265 0.269685 -0.187007,
        -0.468265 0.265370 -0.187007,
        -0.330497 0.546735 -0.171698,
        -0.329924 0.545352 -0.175744,
        -0.329896 0.545283 -0.175856,
        -0.328957 0.543016 -0.179513,
        -0.328926 0.542941 -0.179588,
        -0.327664 0.539895 -0.182663,
        -0.327636 0.539828 -0.182706,
        -0.326112 0.536148 -0.185035,
        -0.326092 0.536098 -0.185053,
        -0.324369 0.531939 -0.186511,
        -0.322555 0.527559 -0.187008,
        0.363478 0.547244 -0.086614,
        0.363478 0.590552 -0.043307,
        0.285433 0.590552 -0.043307,
        0.225682 0.547244 -0.086614,
        0.225682 0.590552 -0.043307,
        0.147638 0.590552 -0.043307,
        0.087887 0.547244 -0.086614,
        0.087887 0.590552 -0.043307,
        0.009843 0.590552 -0.043307,
        -0.049908 0.547244 -0.086614,
        -0.049908 0.590552 -0.043307,
        -0.127953 0.590552 -0.043307,
        -0.330709 0.590552 -0.043307,
        0.446850 0.642647 -0.230315,
        0.399606 0.642647 -0.230315,
        0.309055 0.642647 -0.230315,
        0.261811 0.642647 -0.230315,
        0.171260 0.642647 -0.230315,
        0.124016 0.642647 -0.230315,
        0.033465 0.642647 -0.230315,
        -0.013780 0.642647 -0.230315,
        -0.104331 0.642647 -0.230315,
        -0.151575 0.642647 -0.230315,
        -0.242126 0.642647 -0.230315,
        -0.289370 0.642647 -0.230315,
        -0.446851 0.650520 -0.230315,
        -0.655512 0.650520 -0.230315,
        -0.773622 0.486220 -0.230315,
        -0.733198 0.486220 -0.230315,
        -0.733198 0.155512 -0.230315,
        -0.773622 0.155512 -0.230315,
        -0.773622 0.651575 -0.230315,
        -0.773622 -0.009843 -0.230315,
        -0.734252 -0.049212 -0.078211,
        -0.734252 -0.049212 -0.059055,
        -0.765033 -0.034389 -0.230315,
        -0.772635 -0.018603 -0.230315,
        -0.769723 -0.026924 -0.230315,
        -0.758799 -0.040623 -0.230315,
        -0.751334 -0.045314 -0.230315,
        -0.734252 -0.049213 -0.115906,
        -0.734252 -0.049213 -0.230315,
        -0.734252 -0.049213 -0.189396,
        -0.743013 -0.048226 -0.230315,
        -0.734252 -0.049213 -0.174712,
        -0.734252 -0.049213 -0.126774,
        -0.655512 -0.049213 -0.230315,
        -0.655512 -0.008788 -0.230315,
        -0.446851 -0.008789 -0.230315,
        -0.446851 -0.049213 -0.230315,
        -0.289370 -0.049213 -0.230315,
        -0.289370 -0.000914 -0.230315,
        -0.242126 -0.000914 -0.230315,
        -0.242126 -0.049213 -0.230315,
        -0.151575 -0.049213 -0.230315,
        -0.151575 -0.000914 -0.230315,
        -0.104331 -0.000914 -0.230315,
        -0.104331 -0.049213 -0.230315,
        -0.013780 -0.049213 -0.230315,
        -0.013780 -0.000914 -0.230315,
        0.033465 -0.000914 -0.230315,
        0.033465 -0.049213 -0.230315,
        0.124016 -0.049213 -0.230315,
        0.124016 -0.000914 -0.230315,
        0.171260 -0.000914 -0.230315,
        0.171260 -0.049213 -0.230315,
        0.261811 -0.049213 -0.230315,
        0.261811 -0.000914 -0.230315,
        0.309055 -0.000914 -0.230315,
        0.309055 -0.049213 -0.230315,
        0.399606 -0.049213 -0.230315,
        0.399606 -0.000914 -0.230315,
        0.446850 -0.000914 -0.230315,
        0.446850 -0.049213 -0.230315,
        -0.329901 0.096437 -0.175863,
        -0.330404 0.095224 -0.172394,
        -0.330504 0.094981 -0.171703,
        -0.330708 0.094488 -0.167322,
        -0.327597 0.102000 -0.182582,
        -0.328320 0.100254 -0.181242,
        -0.329577 0.097219 -0.177106,
        -0.324365 0.109804 -0.186432,
        -0.324665 0.109078 -0.186337,
        -0.326070 0.105685 -0.184931,
        -0.326631 0.104331 -0.184370,
        -0.322555 0.114173 -0.187007,
        0.393701 0.094488 -0.108267,
        0.423228 0.094488 -0.108267,
        0.452756 0.094488 -0.108267,
        0.393701 0.094488 -0.086614,
        0.314961 0.094488 -0.086614,
        0.314961 0.094488 -0.108267,
        0.255906 0.094488 -0.108267,
        0.285433 0.094488 -0.108267,
        0.255906 0.094488 -0.086614,
        0.177165 0.094488 -0.086614,
        0.177165 0.094488 -0.108267,
        0.118110 0.094488 -0.108267,
        0.147638 0.094488 -0.108267,
        0.118110 0.094488 -0.086614,
        0.039370 0.094488 -0.086614,
        0.039370 0.094488 -0.108267,
        -0.019685 0.094488 -0.108267,
        0.009843 0.094488 -0.108267,
        -0.019685 0.094488 -0.086614,
        -0.098425 0.094488 -0.086614,
        -0.098425 0.094488 -0.108267,
        -0.157480 0.094488 -0.108267,
        -0.127953 0.094488 -0.108267,
        -0.157480 0.094488 -0.086614,
        -0.236220 0.094488 -0.086614,
        -0.236220 0.094488 -0.108268,
        -0.295276 0.094488 -0.108268,
        -0.295276 0.094488 -0.086614,
        -0.330709 0.094489 -0.086614,
        -0.330709 0.051181 -0.043307,
        -0.127953 0.051181 -0.043307,
        -0.049908 0.094488 -0.086614,
        -0.049908 0.051181 -0.043307,
        0.009843 0.051181 -0.043307,
        0.087887 0.094488 -0.086614,
        0.087887 0.051181 -0.043307,
        0.147638 0.051181 -0.043307,
        0.225682 0.094488 -0.086614,
        0.225682 0.051181 -0.043307,
        0.285433 0.051181 -0.043307,
        0.363478 0.094488 -0.086614,
        0.363478 0.051181 -0.043307,
        -0.330709 0.010446 -0.052719,
        -0.330709 0.018769 -0.047520,
        -0.330709 -0.049212 -0.086614,
        -0.330709 -0.005906 -0.086614,
        -0.330709 -0.049212 -0.078211,
        -0.330709 -0.004884 -0.077261,
        -0.330709 -0.049212 -0.059055,
        -0.330709 -0.001693 -0.067981,
        -0.330709 0.003506 -0.059658,
        -0.330709 0.037402 -0.043307,
        -0.330709 0.028049 -0.044328,
        -0.395669 0.269685 -0.041338,
        -0.393135 0.269400 -0.041338,
        -0.383858 0.257874 -0.041338,
        -0.384154 0.260502 -0.041338,
        -0.384160 0.260517 -0.041338,
        -0.385028 0.262998 -0.041338,
        -0.385045 0.263025 -0.041338,
        -0.386435 0.265238 -0.041338,
        -0.386469 0.265272 -0.041338,
        -0.388306 0.267108 -0.041338,
        -0.388359 0.267142 -0.041338,
        -0.390545 0.268515 -0.041338,
        -0.390619 0.268541 -0.041338,
        -0.393041 0.269389 -0.041338,
        -0.396330 0.269685 -0.041338,
        -0.396330 0.372048 -0.041339,
        -0.395669 0.372048 -0.041339,
        -0.393135 0.372333 -0.041339,
        -0.383858 0.383859 -0.041339,
        -0.384160 0.381216 -0.041339,
        -0.385045 0.378707 -0.041339,
        -0.386469 0.376461 -0.041339,
        -0.388359 0.374591 -0.041339,
        -0.390619 0.373191 -0.041339,
        0.409449 0.220769 -0.062946,
        0.437008 0.220769 -0.062946,
        0.271654 0.220769 -0.062946,
        0.299213 0.220769 -0.062946,
        0.141024 0.220769 -0.062946,
        0.133858 0.220769 -0.062946,
        0.161417 0.220769 -0.062946,
        0.147638 0.220769 -0.062946,
        0.003228 0.220769 -0.062946,
        -0.003937 0.220769 -0.062946,
        0.023622 0.220769 -0.062946,
        0.009843 0.220769 -0.062946,
        -0.141732 0.220769 -0.062946,
        -0.114173 0.220769 -0.062946,
        -0.272362 0.220769 -0.062946,
        -0.279528 0.220769 -0.062946,
        -0.265748 0.220769 -0.062946,
        -0.251969 0.220769 -0.062946,
        -0.383858 0.255905 -0.041338,
        -0.383858 0.233217 -0.048533,
        -0.383858 0.238885 -0.045349,
        -0.383858 0.247166 -0.042394,
        -0.415189 0.177165 -0.187007,
        -0.414468 0.182806 -0.186303,
        -0.414105 0.185650 -0.185948,
        -0.413952 0.186844 -0.185799,
        -0.413806 0.188539 -0.185220,
        -0.413447 0.198741 -0.180370,
        -0.413433 0.194040 -0.183068,
        -0.413432 0.193889 -0.183155,
        -0.413642 0.201622 -0.178395,
        -0.414819 0.206750 -0.173612,
        -0.413869 0.203069 -0.177180,
        -0.416808 0.212704 -0.164576,
        -0.417096 0.214395 -0.160441,
        -0.405650 0.216535 -0.088222,
        -0.416126 0.216535 -0.147637,
        -0.385393 0.231476 -0.050056,
        -0.399847 0.217741 -0.071036,
        -0.396340 0.220364 -0.064401,
        -0.395974 0.220637 -0.063708,
        -0.391076 0.225185 -0.056204,
        -0.389774 0.226571 -0.054646,
        -0.403690 0.216535 -0.080708,
        -0.401796 0.217130 -0.075942,
        -0.400215 0.217626 -0.071961,
        -0.291339 0.216535 -0.080708,
        -0.291339 0.216809 -0.076075,
        -0.291339 0.216535 -0.116627,
        -0.288761 0.217416 -0.073158,
        -0.280168 0.220459 -0.063638,
        -0.284251 0.216535 -0.123733,
        -0.287717 0.217661 -0.071977,
        -0.291339 0.216535 -0.123734,
        -0.291339 0.216535 -0.128279,
        -0.240157 0.216535 -0.128279,
        -0.240157 0.216535 -0.123733,
        -0.247244 0.216535 -0.123733,
        -0.240157 0.216535 -0.116627,
        -0.243781 0.217542 -0.071953,
        -0.246091 0.218206 -0.069360,
        -0.251325 0.220489 -0.063649,
        -0.240157 0.216809 -0.076075,
        -0.242665 0.217280 -0.073216,
        -0.240157 0.216535 -0.080708,
        -0.153543 0.216809 -0.076075,
        -0.153543 0.216535 -0.080708,
        -0.153543 0.216535 -0.116627,
        -0.149922 0.217661 -0.071977,
        -0.150966 0.217416 -0.073158,
        -0.142372 0.220459 -0.063638,
        -0.147610 0.218206 -0.069360,
        -0.146456 0.216535 -0.123733,
        -0.153543 0.216535 -0.123734,
        -0.153543 0.216535 -0.128279,
        -0.102362 0.216535 -0.128279,
        -0.102362 0.216535 -0.123733,
        -0.109450 0.216535 -0.123733,
        -0.113533 0.220459 -0.063638,
        -0.102362 0.216809 -0.076075,
        -0.104940 0.217416 -0.073158,
        -0.105983 0.217661 -0.071977,
        -0.102362 0.216535 -0.116627,
        -0.102362 0.216535 -0.080708,
        -0.015748 0.216809 -0.076075,
        -0.015748 0.216535 -0.080708,
        -0.015748 0.216535 -0.116627,
        -0.012127 0.217661 -0.071977,
        -0.013170 0.217416 -0.073158,
        -0.004577 0.220459 -0.063638,
        -0.006981 0.219292 -0.066235,
        -0.009815 0.218206 -0.069360,
        -0.008661 0.216535 -0.123733,
        -0.010533 0.216535 -0.121915,
        -0.012246 0.216535 -0.120221,
        -0.015748 0.216535 -0.123734,
        -0.015748 0.216535 -0.128279,
        0.035433 0.216535 -0.128279,
        0.035433 0.216535 -0.123733,
        0.028346 0.216535 -0.123733,
        0.024262 0.220459 -0.063638,
        0.035433 0.216809 -0.076075,
        0.032856 0.217416 -0.073158,
        0.031812 0.217661 -0.071977,
        0.035433 0.216535 -0.116627,
        0.033624 0.216535 -0.118508,
        0.031930 0.216535 -0.120221,
        0.035433 0.216535 -0.080708,
        0.122047 0.216809 -0.076075,
        0.122047 0.216535 -0.080708,
        0.122047 0.216535 -0.116627,
        0.125668 0.217661 -0.071977,
        0.124625 0.217416 -0.073158,
        0.133218 0.220459 -0.063638,
        0.130814 0.219292 -0.066235,
        0.127981 0.218206 -0.069360,
        0.129134 0.216535 -0.123733,
        0.127262 0.216535 -0.121915,
        0.125550 0.216535 -0.120221,
        0.122047 0.216535 -0.123734,
        0.122047 0.216535 -0.128279,
        0.173228 0.216535 -0.128279,
        0.173228 0.216535 -0.123733,
        0.166141 0.216535 -0.123733,
        0.167294 0.218206 -0.069360,
        0.164462 0.219292 -0.066235,
        0.162057 0.220459 -0.063638,
        0.173228 0.216809 -0.076075,
        0.170651 0.217416 -0.073158,
        0.169607 0.217661 -0.071977,
        0.173228 0.216535 -0.116627,
        0.171419 0.216535 -0.118508,
        0.169726 0.216535 -0.120221,
        0.173228 0.216535 -0.080708,
        0.259843 0.216809 -0.076075,
        0.259843 0.216535 -0.080708,
        0.259843 0.216535 -0.116627,
        0.263463 0.217661 -0.071977,
        0.262420 0.217416 -0.073158,
        0.271013 0.220459 -0.063638,
        0.268609 0.219292 -0.066235,
        0.266930 0.216535 -0.123733,
        0.265057 0.216535 -0.121915,
        0.263345 0.216535 -0.120221,
        0.259843 0.216535 -0.123734,
        0.259843 0.216535 -0.128279,
        0.311024 0.216535 -0.128279,
        0.311024 0.216535 -0.123733,
        0.303936 0.216535 -0.123733,
        0.305090 0.218206 -0.069360,
        0.302257 0.219292 -0.066235,
        0.299852 0.220459 -0.063638,
        0.311024 0.216809 -0.076075,
        0.308446 0.217416 -0.073158,
        0.307402 0.217661 -0.071977,
        0.311024 0.216535 -0.116627,
        0.309215 0.216535 -0.118508,
        0.307521 0.216535 -0.120221,
        0.311024 0.216535 -0.080708,
        0.397638 0.216809 -0.076075,
        0.397638 0.216535 -0.080708,
        0.397638 0.216535 -0.116627,
        0.401259 0.217661 -0.071977,
        0.400215 0.217416 -0.073158,
        0.408809 0.220459 -0.063637,
        0.406404 0.219292 -0.066235,
        0.404725 0.216535 -0.123733,
        0.397638 0.216535 -0.123734,
        0.397638 0.216535 -0.128279,
        0.448819 0.216535 -0.128279,
        0.448819 0.216535 -0.123733,
        0.441731 0.216535 -0.123733,
        0.442885 0.218206 -0.069360,
        0.437648 0.220459 -0.063637,
        0.448819 0.216809 -0.076075,
        0.446241 0.217416 -0.073158,
        0.445198 0.217661 -0.071977,
        0.448819 0.216535 -0.116627,
        0.448819 0.216535 -0.080708,
        0.448819 0.425198 -0.123733,
        0.441731 0.425198 -0.123733,
        0.448819 0.425198 -0.128279,
        0.397638 0.425198 -0.128279,
        0.397638 0.425198 -0.123734,
        0.404725 0.425198 -0.123733,
        0.311024 0.425198 -0.123733,
        0.303936 0.425198 -0.123733,
        0.311024 0.425198 -0.128279,
        0.259843 0.425198 -0.128279,
        0.259843 0.425198 -0.123734,
        0.266930 0.425198 -0.123733,
        0.173228 0.425198 -0.123733,
        0.166141 0.425198 -0.123733,
        0.173228 0.425198 -0.128279,
        0.122047 0.425198 -0.128279,
        0.122047 0.425198 -0.123734,
        0.129134 0.425198 -0.123733,
        0.035433 0.425198 -0.123733,
        0.028346 0.425198 -0.123733,
        0.035433 0.425198 -0.128279,
        -0.015748 0.425198 -0.128279,
        -0.015748 0.425198 -0.123734,
        -0.008661 0.425198 -0.123733,
        -0.102362 0.425198 -0.123733,
        -0.109450 0.425198 -0.123733,
        -0.102362 0.425198 -0.128279,
        -0.153543 0.425198 -0.128279,
        -0.153543 0.425198 -0.123734,
        -0.146456 0.425198 -0.123733,
        -0.240157 0.425198 -0.123733,
        -0.247244 0.425198 -0.123733,
        -0.240157 0.425198 -0.128279,
        -0.291339 0.425198 -0.128279,
        -0.291339 0.425198 -0.123734,
        -0.284251 0.425198 -0.123733,
        -0.383858 0.385828 -0.041339,
        -0.383858 0.394265 -0.042298,
        -0.383858 0.401500 -0.044593,
        -0.383858 0.402617 -0.045219,
        -0.383858 0.408515 -0.048533,
        -0.385255 0.410102 -0.049911,
        -0.386669 0.411685 -0.051393,
        -0.390984 0.416458 -0.056073,
        -0.398778 0.423192 -0.069014,
        -0.395922 0.421057 -0.063610,
        -0.394900 0.420293 -0.061678,
        -0.393203 0.418631 -0.059249,
        -0.405650 0.425198 -0.088223,
        -0.403690 0.425198 -0.080709,
        -0.403421 0.425113 -0.080032,
        -0.400194 0.424100 -0.071909,
        -0.291339 0.425198 -0.080709,
        -0.291339 0.425198 -0.116628,
        -0.291339 0.424924 -0.076075,
        -0.285405 0.423527 -0.069360,
        -0.280078 0.421231 -0.063541,
        -0.279528 0.420963 -0.062946,
        -0.288761 0.424317 -0.073158,
        -0.287672 0.424061 -0.071925,
        -0.265748 0.420963 -0.062946,
        -0.251969 0.420963 -0.062946,
        -0.272362 0.420963 -0.062946,
        -0.242665 0.424453 -0.073216,
        -0.240157 0.425198 -0.116628,
        -0.240157 0.424924 -0.076075,
        -0.251415 0.421205 -0.063551,
        -0.246091 0.423527 -0.069360,
        -0.243826 0.424177 -0.071902,
        -0.240157 0.425198 -0.080709,
        -0.153543 0.425198 -0.080709,
        -0.153543 0.425198 -0.116628,
        -0.153543 0.424924 -0.076075,
        -0.142283 0.421230 -0.063541,
        -0.141732 0.420963 -0.062946,
        -0.150041 0.425198 -0.120221,
        -0.148328 0.425198 -0.121916,
        -0.150966 0.424317 -0.073158,
        -0.149876 0.424061 -0.071925,
        -0.144777 0.422441 -0.066235,
        -0.114173 0.420963 -0.062946,
        -0.104940 0.424317 -0.073158,
        -0.102362 0.424924 -0.076075,
        -0.105865 0.425198 -0.120221,
        -0.104171 0.425198 -0.118508,
        -0.111129 0.422441 -0.066235,
        -0.113623 0.421230 -0.063541,
        -0.106029 0.424061 -0.071925,
        -0.102362 0.425198 -0.116628,
        -0.102362 0.425198 -0.080709,
        -0.015748 0.425198 -0.080709,
        -0.015748 0.425198 -0.116628,
        -0.015748 0.424924 -0.076075,
        -0.004488 0.421230 -0.063541,
        -0.003937 0.420963 -0.062946,
        -0.012246 0.425198 -0.120221,
        -0.010533 0.425198 -0.121916,
        -0.013170 0.424317 -0.073158,
        -0.012081 0.424061 -0.071925,
        -0.006981 0.422441 -0.066235,
        0.023622 0.420963 -0.062946,
        0.032856 0.424317 -0.073158,
        0.035433 0.424924 -0.076075,
        0.031930 0.425198 -0.120221,
        0.033624 0.425198 -0.118508,
        0.026667 0.422441 -0.066235,
        0.024172 0.421230 -0.063541,
        0.031766 0.424061 -0.071925,
        0.035433 0.425198 -0.116628,
        0.035433 0.425198 -0.080709,
        0.122047 0.425198 -0.080709,
        0.122047 0.425198 -0.116628,
        0.122047 0.424924 -0.076075,
        0.133307 0.421230 -0.063541,
        0.133858 0.420963 -0.062946,
        0.125550 0.425198 -0.120221,
        0.127262 0.425198 -0.121916,
        0.124625 0.424317 -0.073158,
        0.125714 0.424060 -0.071925,
        0.127981 0.423526 -0.069360,
        0.130814 0.422441 -0.066235,
        0.147638 0.420963 -0.062946,
        0.161417 0.420963 -0.062946,
        0.141024 0.420963 -0.062946,
        0.170651 0.424317 -0.073158,
        0.173228 0.424924 -0.076075,
        0.169726 0.425198 -0.120221,
        0.171419 0.425198 -0.118508,
        0.167294 0.423526 -0.069360,
        0.164462 0.422441 -0.066235,
        0.161968 0.421230 -0.063541,
        0.169561 0.424060 -0.071925,
        0.173228 0.425198 -0.116628,
        0.173228 0.425198 -0.080709,
        0.259843 0.425198 -0.080709,
        0.259843 0.425198 -0.116628,
        0.259843 0.424924 -0.076075,
        0.271103 0.421230 -0.063541,
        0.271654 0.420963 -0.062946,
        0.262420 0.424317 -0.073158,
        0.263509 0.424060 -0.071925,
        0.265776 0.423526 -0.069360,
        0.268609 0.422441 -0.066235,
        0.285433 0.420963 -0.062946,
        0.299213 0.420963 -0.062946,
        0.278819 0.420963 -0.062946,
        0.308446 0.424317 -0.073158,
        0.311024 0.424924 -0.076075,
        0.302257 0.422441 -0.066235,
        0.299763 0.421230 -0.063541,
        0.307357 0.424060 -0.071925,
        0.311024 0.425198 -0.116628,
        0.311024 0.425198 -0.080709,
        0.397638 0.425198 -0.080709,
        0.397638 0.425198 -0.116628,
        0.397638 0.424924 -0.076075,
        0.408898 0.421230 -0.063541,
        0.409449 0.420963 -0.062946,
        0.400215 0.424317 -0.073158,
        0.401305 0.424060 -0.071925,
        0.403571 0.423526 -0.069360,
        0.423228 0.420963 -0.062946,
        0.437008 0.420963 -0.062946,
        0.416614 0.420963 -0.062946,
        0.446241 0.424317 -0.073158,
        0.448819 0.424924 -0.076075,
        0.437558 0.421230 -0.063541,
        0.445152 0.424060 -0.071925,
        0.448819 0.425198 -0.116628,
        0.448819 0.425198 -0.080709,
        -0.414819 0.434982 -0.173612,
        -0.416781 0.429143 -0.164815,
        -0.416757 0.425448 -0.152072,
        -0.417087 0.427433 -0.160716,
        -0.416126 0.425198 -0.147637,
        -0.415189 0.464568 -0.187007,
        -0.413800 0.453128 -0.185198,
        -0.413952 0.454888 -0.185799,
        -0.414112 0.456135 -0.185955,
        -0.414464 0.458892 -0.186299,
        -0.413430 0.448861 -0.183739,
        -0.413433 0.447784 -0.183121,
        -0.413433 0.447757 -0.183106,
        -0.413447 0.442876 -0.180304,
        -0.413887 0.438542 -0.177079,
        -0.413623 0.440232 -0.178497,
        -0.330709 0.647638 -0.086614,
        -0.330709 0.690945 -0.086614,
        -0.330709 0.646552 -0.076978,
        -0.330709 0.690945 -0.059055,
        -0.330709 0.643350 -0.067824,
        -0.330709 0.613968 -0.044393,
        -0.330709 0.623121 -0.047596,
        -0.330709 0.631333 -0.052755,
        -0.330709 0.638190 -0.059613,
        -0.330709 0.604331 -0.043307,
        -0.734252 0.690945 -0.059055,
        -0.772705 0.660025 -0.230315,
        -0.769837 0.668418 -0.230315,
        -0.765165 0.675956 -0.230315,
        -0.758923 0.682256 -0.230315,
        -0.751430 0.687000 -0.230315,
        -0.743065 0.689946 -0.230315,
        -0.734252 0.690945 -0.230315,
        -0.655512 0.690945 -0.212599,
        -0.655512 0.690945 -0.230315,
        -0.446851 0.690945 -0.212599,
        -0.446851 0.690945 -0.230315,
        -0.289370 0.690945 -0.212598,
        -0.289370 0.690945 -0.230315,
        -0.242126 0.690945 -0.212598,
        -0.242126 0.690945 -0.230315,
        -0.151575 0.690945 -0.212598,
        -0.151575 0.690945 -0.230315,
        -0.104331 0.690945 -0.212598,
        -0.127953 0.690945 -0.212598,
        -0.104331 0.690945 -0.230315,
        -0.013780 0.690945 -0.212598,
        -0.013780 0.690945 -0.230315,
        0.033465 0.690945 -0.212598,
        0.009843 0.690945 -0.212598,
        0.033465 0.690945 -0.230315,
        0.124016 0.690945 -0.212598,
        0.124016 0.690945 -0.230315,
        0.171260 0.690945 -0.212598,
        0.147638 0.690945 -0.212598,
        0.171260 0.690945 -0.230315,
        0.261811 0.690945 -0.212598,
        0.261811 0.690945 -0.230315,
        0.309055 0.690945 -0.212598,
        0.285433 0.690945 -0.212598,
        0.309055 0.690945 -0.230315,
        0.399606 0.690945 -0.212598,
        0.399606 0.690945 -0.230315,
        0.446850 0.690945 -0.212598,
        0.423228 0.690945 -0.212598,
        0.446850 0.690945 -0.230315,
        0.452756 0.547244 -0.086614,
        0.452756 0.555219 -0.061572,
        0.452756 0.551533 -0.067824,
        0.452756 0.548330 -0.076978,
        0.423228 0.555219 -0.061572,
        0.423228 0.556548 -0.059795,
        0.423228 0.563413 -0.052865,
        0.423228 0.556711 -0.059631,
        0.423228 0.571656 -0.047646,
        0.423228 0.563560 -0.052772,
        0.423228 0.580858 -0.044406,
        0.423228 0.571766 -0.047608,
        0.423228 0.590552 -0.043307,
        0.423228 0.580915 -0.044399,
        0.423228 0.051181 -0.043307,
        0.423228 0.060818 -0.044393,
        0.423228 0.085180 -0.059799,
        0.423228 0.086514 -0.061572,
        0.423228 0.085040 -0.059612,
        0.423228 0.060872 -0.044412,
        0.423228 0.070069 -0.047657,
        0.423228 0.069971 -0.047596,
        0.423228 0.078306 -0.052878,
        0.423228 0.078183 -0.052755,
        0.452756 0.086514 -0.061572,
        0.452756 0.090325 -0.068087,
        0.452756 0.093479 -0.077319,
        0.452756 0.094488 -0.086614,
        1.306806 0.527559 -0.187008,
        1.308621 0.531940 -0.186514,
        -0.324380 0.531965 -0.186508,
        1.308631 0.531965 -0.186506,
        1.310344 0.536100 -0.185058,
        1.310363 0.536145 -0.185030,
        1.311890 0.539833 -0.182713,
        1.311913 0.539889 -0.182657,
        1.313181 0.542950 -0.179596,
        1.313205 0.543006 -0.179507,
        1.314153 0.545295 -0.175864,
        1.314171 0.545339 -0.175739,
        1.314756 0.546751 -0.171703,
        -0.330519 0.546786 -0.171548,
        1.314763 0.546769 -0.171546,
        1.314960 0.547244 -0.167323,
        1.384100 0.423990 -0.071036,
        1.384446 0.424099 -0.071909,
        1.271924 0.424060 -0.071925,
        1.368110 0.385827 -0.041339,
        -0.383858 0.393831 -0.042160,
        1.368110 0.394277 -0.042256,
        1.368110 0.402669 -0.045123,
        -0.384273 0.409004 -0.048883,
        1.368110 0.408515 -0.048533,
        -0.390572 0.416055 -0.055483,
        1.375236 0.416457 -0.056073,
        1.374824 0.416054 -0.055483,
        1.368526 0.409004 -0.048884,
        1.369506 0.410101 -0.049911,
        1.370920 0.411685 -0.051393,
        1.263780 0.420963 -0.062946,
        1.264330 0.421230 -0.063541,
        1.377455 0.418630 -0.059249,
        1.250000 0.420963 -0.062947,
        1.243386 0.420963 -0.062947,
        1.236220 0.420963 -0.062946,
        1.105591 0.420963 -0.062947,
        1.098425 0.420963 -0.062946,
        0.974409 0.420963 -0.062947,
        0.967795 0.420963 -0.062947,
        0.960630 0.420963 -0.062946,
        0.836614 0.420963 -0.062947,
        0.830000 0.420963 -0.062947,
        0.822835 0.420963 -0.062946,
        0.698819 0.420963 -0.062947,
        0.692205 0.420963 -0.062947,
        0.685039 0.420963 -0.062946,
        0.561024 0.420963 -0.062946,
        0.554409 0.420963 -0.062946,
        0.547244 0.420963 -0.062946,
        0.003228 0.420963 -0.062946,
        0.009843 0.420963 -0.062946,
        -0.127953 0.420963 -0.062946,
        -0.134567 0.420963 -0.062946,
        -0.399847 0.423991 -0.071036,
        -0.282572 0.422441 -0.066235,
        -0.147610 0.423527 -0.069360,
        -0.243245 0.424344 -0.072554,
        -0.009815 0.423527 -0.069360,
        -0.108296 0.423527 -0.069360,
        0.029499 0.423527 -0.069360,
        0.406404 0.422440 -0.066235,
        0.305090 0.423526 -0.069360,
        0.546694 0.421230 -0.063541,
        0.440052 0.422440 -0.066235,
        0.544200 0.422440 -0.066235,
        0.541367 0.423526 -0.069360,
        0.535433 0.425198 -0.080709,
        0.535433 0.424924 -0.076075,
        0.538011 0.424317 -0.073158,
        0.539100 0.424060 -0.071925,
        0.442885 0.423526 -0.069360,
        0.574803 0.420963 -0.062946,
        0.575354 0.421230 -0.063541,
        0.684489 0.421230 -0.063541,
        0.577848 0.422440 -0.066235,
        0.681995 0.422440 -0.066235,
        0.679162 0.423526 -0.069360,
        0.673228 0.425198 -0.080709,
        0.586614 0.425198 -0.080709,
        0.673228 0.424924 -0.076075,
        0.586614 0.424924 -0.076075,
        0.675806 0.424317 -0.073158,
        0.676895 0.424060 -0.071925,
        0.584037 0.424317 -0.073158,
        0.582947 0.424060 -0.071925,
        0.580680 0.423526 -0.069360,
        0.712598 0.420963 -0.062946,
        0.713149 0.421230 -0.063541,
        0.822284 0.421230 -0.063541,
        0.715643 0.422440 -0.066235,
        0.819790 0.422440 -0.066235,
        0.816957 0.423526 -0.069360,
        0.811024 0.425198 -0.080709,
        0.724409 0.425198 -0.080709,
        0.811024 0.424924 -0.076075,
        0.724409 0.424924 -0.076075,
        0.813601 0.424317 -0.073158,
        0.814691 0.424060 -0.071925,
        0.721831 0.424317 -0.073158,
        0.720743 0.424060 -0.071925,
        0.718476 0.423526 -0.069360,
        0.850394 0.420963 -0.062946,
        0.850944 0.421230 -0.063541,
        0.960080 0.421230 -0.063541,
        0.853438 0.422440 -0.066235,
        0.957585 0.422440 -0.066235,
        0.954752 0.423526 -0.069360,
        0.948819 0.425198 -0.080709,
        0.862205 0.425198 -0.080709,
        0.948819 0.424924 -0.076075,
        0.862205 0.424924 -0.076075,
        0.951396 0.424317 -0.073158,
        0.952486 0.424060 -0.071925,
        0.859627 0.424317 -0.073158,
        0.858538 0.424060 -0.071925,
        0.856271 0.423526 -0.069360,
        0.988189 0.420963 -0.062946,
        0.988739 0.421230 -0.063541,
        1.097875 0.421230 -0.063541,
        0.991233 0.422440 -0.066235,
        1.095381 0.422440 -0.066235,
        1.092548 0.423526 -0.069360,
        1.086614 0.425198 -0.080709,
        1.000000 0.425198 -0.080709,
        1.086614 0.424924 -0.076075,
        1.000000 0.424924 -0.076075,
        1.089192 0.424317 -0.073158,
        1.090281 0.424060 -0.071925,
        0.997422 0.424317 -0.073158,
        0.996333 0.424060 -0.071925,
        0.994066 0.423526 -0.069360,
        1.230343 0.423526 -0.069360,
        1.129029 0.422440 -0.066235,
        1.235667 0.421204 -0.063550,
        1.126534 0.421230 -0.063541,
        1.125984 0.420963 -0.062946,
        1.112205 0.420963 -0.062947,
        1.137795 0.424924 -0.076075,
        1.228078 0.424176 -0.071902,
        1.227496 0.424343 -0.072555,
        1.224409 0.425198 -0.080709,
        1.137795 0.425198 -0.080709,
        1.224409 0.424924 -0.076075,
        1.226917 0.424453 -0.073216,
        1.135217 0.424317 -0.073158,
        1.134128 0.424060 -0.071925,
        1.131861 0.423526 -0.069360,
        1.379152 0.420292 -0.061678,
        1.380174 0.421055 -0.063610,
        1.266824 0.422440 -0.066235,
        1.269657 0.423526 -0.069360,
        1.383030 0.423192 -0.069014,
        1.387942 0.425197 -0.080709,
        1.275591 0.425197 -0.080709,
        1.387673 0.425113 -0.080032,
        1.275591 0.424924 -0.076075,
        1.273013 0.424317 -0.073158,
        1.398720 0.458927 -0.186304,
        1.399441 0.464567 -0.187008,
        1.399500 0.433885 -0.172309,
        1.401033 0.429142 -0.164815,
        1.401339 0.427432 -0.160716,
        -0.417079 0.426197 -0.156450,
        1.401331 0.426195 -0.156450,
        1.401009 0.425447 -0.152072,
        1.400378 0.425197 -0.147637,
        1.399070 0.434981 -0.173612,
        1.398333 0.437310 -0.176047,
        -0.414081 0.437311 -0.176046,
        -0.415248 0.433887 -0.172309,
        1.398120 0.438663 -0.177181,
        1.397875 0.440231 -0.178497,
        -0.413452 0.441324 -0.179414,
        1.397704 0.441324 -0.179415,
        1.397699 0.442991 -0.180370,
        1.397685 0.447783 -0.183121,
        1.398205 0.454887 -0.185799,
        1.398364 0.456134 -0.185955,
        1.398057 0.453194 -0.185220,
        1.397684 0.447844 -0.183156,
        1.397681 0.448860 -0.183739,
        -0.287836 0.425198 -0.120222,
        1.224409 0.425197 -0.116628,
        1.227912 0.425196 -0.120221,
        1.224409 0.425197 -0.123734,
        1.229624 0.425196 -0.121916,
        1.231496 0.425197 -0.123733,
        -0.289530 0.425198 -0.118509,
        1.130708 0.425198 -0.123733,
        1.134293 0.425197 -0.120221,
        1.137795 0.425198 -0.123733,
        1.135986 0.425197 -0.118509,
        1.137795 0.425198 -0.116628,
        0.724409 0.425198 -0.116628,
        1.275591 0.425197 -0.116628,
        0.447010 0.425197 -0.118508,
        0.445316 0.425197 -0.120221,
        -0.245372 0.425198 -0.121915,
        -0.243660 0.425198 -0.120221,
        0.265057 0.425197 -0.121916,
        0.586614 0.425198 -0.116628,
        0.722600 0.425197 -0.118508,
        0.862205 0.425198 -0.116628,
        0.724409 0.425198 -0.123733,
        0.717322 0.425198 -0.123733,
        0.720907 0.425197 -0.120221,
        0.263345 0.425197 -0.120221,
        0.307521 0.425197 -0.120221,
        0.309215 0.425197 -0.118508,
        0.542520 0.425198 -0.123733,
        0.535433 0.425198 -0.123734,
        0.540648 0.425197 -0.121916,
        0.538935 0.425197 -0.120221,
        0.535433 0.425198 -0.116628,
        0.816239 0.425197 -0.121916,
        0.818111 0.425198 -0.123733,
        0.811024 0.425198 -0.123734,
        0.811024 0.425198 -0.128279,
        0.862205 0.425198 -0.128279,
        1.000000 0.425198 -0.116628,
        0.402853 0.425197 -0.121916,
        0.401140 0.425197 -0.120221,
        0.586614 0.425198 -0.128279,
        0.586614 0.425198 -0.123733,
        0.673228 0.425198 -0.123734,
        0.724409 0.425198 -0.128279,
        0.673228 0.425198 -0.128279,
        0.579527 0.425198 -0.123733,
        0.583111 0.425197 -0.120221,
        0.584805 0.425197 -0.118508,
        0.811024 0.425198 -0.116628,
        0.814526 0.425197 -0.120221,
        0.535433 0.425198 -0.128279,
        1.000000 0.425198 -0.128279,
        0.948819 0.425198 -0.128279,
        0.948819 0.425198 -0.123734,
        0.862205 0.425198 -0.123733,
        1.224409 0.425197 -0.128279,
        1.137795 0.425198 -0.128279,
        0.680315 0.425198 -0.123733,
        0.678443 0.425197 -0.121916,
        0.676731 0.425197 -0.120221,
        0.673228 0.425198 -0.116628,
        0.855117 0.425198 -0.123733,
        0.858702 0.425197 -0.120221,
        0.860396 0.425197 -0.118508,
        1.086614 0.425198 -0.128279,
        1.086614 0.425198 -0.123734,
        1.000000 0.425198 -0.123733,
        0.955906 0.425198 -0.123733,
        0.954033 0.425197 -0.121916,
        0.952321 0.425197 -0.120221,
        0.948819 0.425198 -0.116628,
        0.992913 0.425198 -0.123733,
        0.996497 0.425197 -0.120221,
        0.998191 0.425197 -0.118509,
        1.268503 0.425197 -0.123733,
        1.272088 0.425196 -0.120222,
        1.275591 0.425197 -0.123733,
        1.273781 0.425196 -0.118509,
        1.093702 0.425198 -0.123733,
        1.091829 0.425197 -0.121916,
        1.090117 0.425197 -0.120221,
        1.086614 0.425198 -0.116628,
        1.275591 0.425197 -0.128279,
        1.389902 0.425197 -0.088223,
        1.224409 0.216535 -0.116628,
        1.224409 0.216535 -0.080708,
        1.137795 0.216535 -0.123733,
        1.086614 0.216535 -0.116627,
        1.086614 0.216535 -0.080708,
        1.000000 0.216535 -0.123733,
        1.134293 0.216536 -0.120221,
        1.130708 0.216535 -0.123733,
        0.948819 0.216535 -0.116627,
        0.948819 0.216535 -0.080708,
        0.862205 0.216535 -0.123733,
        1.137795 0.216535 -0.080708,
        1.137795 0.216535 -0.116627,
        0.996497 0.216536 -0.120221,
        0.992913 0.216535 -0.123733,
        0.811024 0.216535 -0.116627,
        0.811024 0.216535 -0.080708,
        0.724409 0.216535 -0.123733,
        1.227912 0.216536 -0.120221,
        1.272088 0.216536 -0.120221,
        1.268503 0.216535 -0.123733,
        1.275591 0.216535 -0.123733,
        1.000000 0.216535 -0.080708,
        1.000000 0.216535 -0.116627,
        0.858702 0.216535 -0.120221,
        0.855117 0.216535 -0.123733,
        -0.287836 0.216535 -0.120221,
        -0.289530 0.216535 -0.118508,
        1.387942 0.216535 -0.080708,
        1.275591 0.216535 -0.080708,
        1.275591 0.216535 -0.116628,
        1.389902 0.216535 -0.088222,
        1.275591 0.216535 -0.128279,
        1.400378 0.216535 -0.147637,
        1.224409 0.216535 -0.128279,
        1.090117 0.216536 -0.120221,
        0.862205 0.216535 -0.080708,
        0.862205 0.216535 -0.116627,
        0.720907 0.216535 -0.120221,
        0.717322 0.216535 -0.123733,
        0.583111 0.216535 -0.120221,
        0.579527 0.216535 -0.123733,
        0.586614 0.216535 -0.123733,
        1.135986 0.216536 -0.118508,
        1.224409 0.216535 -0.123733,
        1.231496 0.216535 -0.123733,
        1.229624 0.216536 -0.121915,
        1.086614 0.216535 -0.128279,
        1.137795 0.216535 -0.128279,
        0.952321 0.216536 -0.120221,
        0.724409 0.216535 -0.080708,
        0.724409 0.216535 -0.116627,
        0.673228 0.216535 -0.080708,
        0.586614 0.216535 -0.080708,
        0.586614 0.216535 -0.116627,
        0.535433 0.216535 -0.116627,
        0.535433 0.216535 -0.080708,
        0.998191 0.216536 -0.118508,
        1.086614 0.216535 -0.123734,
        1.093702 0.216535 -0.123733,
        1.091829 0.216536 -0.121915,
        1.000000 0.216535 -0.128279,
        0.948819 0.216535 -0.128279,
        0.814526 0.216535 -0.120221,
        0.673228 0.216535 -0.116627,
        0.586614 0.216535 -0.128279,
        1.273781 0.216536 -0.118508,
        0.860396 0.216535 -0.118508,
        0.948819 0.216535 -0.123734,
        0.955906 0.216535 -0.123733,
        0.954034 0.216536 -0.121915,
        0.862205 0.216535 -0.128279,
        0.811024 0.216535 -0.128279,
        0.445316 0.216535 -0.120221,
        0.722600 0.216535 -0.118508,
        0.811024 0.216535 -0.123734,
        0.818111 0.216535 -0.123733,
        0.816239 0.216535 -0.121915,
        0.584805 0.216535 -0.118508,
        0.676731 0.216535 -0.120221,
        0.673228 0.216535 -0.123734,
        0.678443 0.216535 -0.121915,
        0.680315 0.216535 -0.123733,
        0.535433 0.216535 -0.128279,
        0.724409 0.216535 -0.128279,
        0.673228 0.216535 -0.128279,
        0.538935 0.216535 -0.120221,
        -0.105865 0.216535 -0.120221,
        0.402853 0.216535 -0.121915,
        0.401140 0.216535 -0.120221,
        -0.245372 0.216535 -0.121915,
        0.447010 0.216535 -0.118508,
        0.535433 0.216535 -0.123734,
        0.542520 0.216535 -0.123733,
        0.540648 0.216535 -0.121915,
        -0.150041 0.216535 -0.120221,
        -0.104171 0.216535 -0.118508,
        -0.243660 0.216535 -0.120221,
        -0.148328 0.216535 -0.121915,
        1.399441 0.177165 -0.187007,
        1.398052 0.188604 -0.185198,
        1.397681 0.192872 -0.183739,
        1.398716 0.182841 -0.186299,
        1.398357 0.185651 -0.185948,
        1.398205 0.186845 -0.185799,
        -0.413430 0.192872 -0.183738,
        1.397685 0.194041 -0.183068,
        1.397699 0.198857 -0.180304,
        -0.413452 0.200408 -0.179414,
        1.397685 0.193976 -0.183106,
        -0.414081 0.204421 -0.176046,
        1.397894 0.201624 -0.178395,
        -0.415298 0.207978 -0.172143,
        1.398139 0.203191 -0.177079,
        1.398333 0.204422 -0.176047,
        1.399070 0.206751 -0.173612,
        1.397704 0.200409 -0.179414,
        1.399550 0.207980 -0.172143,
        1.401060 0.212706 -0.164576,
        1.401348 0.214396 -0.160441,
        -0.417066 0.215606 -0.156140,
        1.401318 0.215607 -0.156140,
        -0.390572 0.225678 -0.055483,
        1.373938 0.226670 -0.054554,
        0.535433 0.216809 -0.076075,
        0.539054 0.217661 -0.071977,
        0.538011 0.217416 -0.073158,
        0.546604 0.220459 -0.063637,
        0.440052 0.219293 -0.066235,
        0.541367 0.218206 -0.069360,
        0.544200 0.219293 -0.066235,
        -0.127953 0.220769 -0.062946,
        1.375328 0.225186 -0.056204,
        0.285433 0.220770 -0.062946,
        0.278819 0.220770 -0.062946,
        0.423228 0.220770 -0.062946,
        0.416614 0.220770 -0.062946,
        0.547244 0.220769 -0.062946,
        0.554409 0.220770 -0.062946,
        0.561024 0.220770 -0.062946,
        0.574803 0.220769 -0.062946,
        0.712598 0.220769 -0.062946,
        0.698819 0.220770 -0.062946,
        0.692205 0.220770 -0.062946,
        0.830000 0.220770 -0.062946,
        0.836614 0.220770 -0.062946,
        0.850394 0.220769 -0.062946,
        0.988189 0.220769 -0.062946,
        0.974409 0.220770 -0.062947,
        0.967795 0.220770 -0.062947,
        1.236220 0.220770 -0.062946,
        1.243386 0.220770 -0.062947,
        1.235577 0.220489 -0.063648,
        1.125984 0.220769 -0.062946,
        1.112205 0.220770 -0.062947,
        1.105591 0.220770 -0.062947,
        1.250000 0.220770 -0.062947,
        1.263780 0.220770 -0.062946,
        1.379152 0.221441 -0.061678,
        1.264419 0.220459 -0.063637,
        1.380226 0.220639 -0.063708,
        0.403571 0.218206 -0.069360,
        0.265776 0.218206 -0.069360,
        0.026667 0.219292 -0.066234,
        0.029499 0.218206 -0.069360,
        -0.111129 0.219292 -0.066234,
        -0.108296 0.218206 -0.069360,
        -0.144777 0.219292 -0.066234,
        -0.134567 0.220769 -0.062946,
        -0.243245 0.217388 -0.072554,
        -0.394900 0.221439 -0.061678,
        -0.282572 0.219292 -0.066235,
        -0.285405 0.218206 -0.069360,
        1.374824 0.225679 -0.055483,
        1.369644 0.231477 -0.050056,
        1.368526 0.232729 -0.048883,
        -0.384273 0.232729 -0.048883,
        1.368110 0.233218 -0.048532,
        1.368110 0.238824 -0.045237,
        -0.383858 0.240232 -0.044592,
        1.368110 0.247146 -0.042325,
        -0.383858 0.247902 -0.042160,
        1.368110 0.255906 -0.041338,
        1.384467 0.217627 -0.071961,
        1.384100 0.217743 -0.071036,
        1.271969 0.217662 -0.071977,
        1.380488 0.220442 -0.064204,
        1.269657 0.218207 -0.069360,
        1.266824 0.219293 -0.066235,
        1.273013 0.217416 -0.073158,
        1.275591 0.216809 -0.076075,
        1.385933 0.217166 -0.075650,
        1.135217 0.217416 -0.073158,
        1.137795 0.216809 -0.076075,
        1.228033 0.217543 -0.071953,
        1.126624 0.220459 -0.063637,
        1.129029 0.219293 -0.066235,
        1.230343 0.218207 -0.069360,
        1.131861 0.218207 -0.069360,
        1.134174 0.217662 -0.071977,
        1.224409 0.216809 -0.076075,
        1.226917 0.217280 -0.073216,
        1.227496 0.217389 -0.072554,
        1.098425 0.220769 -0.062946,
        1.097785 0.220459 -0.063637,
        0.988829 0.220459 -0.063637,
        0.991233 0.219293 -0.066235,
        0.996379 0.217662 -0.071977,
        1.090235 0.217662 -0.071977,
        0.994066 0.218207 -0.069360,
        1.092548 0.218207 -0.069360,
        1.095381 0.219293 -0.066235,
        1.000000 0.216809 -0.076075,
        1.086614 0.216809 -0.076075,
        0.997422 0.217416 -0.073158,
        1.089192 0.217416 -0.073158,
        0.960630 0.220769 -0.062946,
        0.959990 0.220459 -0.063637,
        0.851033 0.220459 -0.063637,
        0.853438 0.219293 -0.066235,
        0.858583 0.217662 -0.071977,
        0.952440 0.217662 -0.071977,
        0.856271 0.218207 -0.069360,
        0.954752 0.218207 -0.069360,
        0.957585 0.219293 -0.066235,
        0.862205 0.216809 -0.076075,
        0.948819 0.216809 -0.076075,
        0.859627 0.217416 -0.073158,
        0.951396 0.217416 -0.073158,
        0.822835 0.220769 -0.062946,
        0.822195 0.220459 -0.063637,
        0.713238 0.220459 -0.063637,
        0.715643 0.219293 -0.066235,
        0.720788 0.217662 -0.071977,
        0.814645 0.217662 -0.071977,
        0.718476 0.218207 -0.069360,
        0.816957 0.218207 -0.069360,
        0.819790 0.219293 -0.066235,
        0.724409 0.216809 -0.076075,
        0.811024 0.216809 -0.076075,
        0.721831 0.217416 -0.073158,
        0.813601 0.217416 -0.073158,
        0.685039 0.220769 -0.062946,
        0.684400 0.220459 -0.063637,
        0.575443 0.220459 -0.063637,
        0.577848 0.219293 -0.066235,
        0.582993 0.217662 -0.071977,
        0.676850 0.217662 -0.071977,
        0.580680 0.218206 -0.069360,
        0.679162 0.218206 -0.069360,
        0.681995 0.219293 -0.066235,
        0.586614 0.216809 -0.076075,
        0.673228 0.216809 -0.076075,
        0.584037 0.217416 -0.073158,
        0.675806 0.217416 -0.073158,
        -0.384154 0.381230 -0.041338,
        1.368406 0.381231 -0.041339,
        1.369280 0.378734 -0.041338,
        1.369297 0.378707 -0.041339,
        1.370687 0.376494 -0.041338,
        1.374871 0.373191 -0.041339,
        1.374796 0.373217 -0.041338,
        1.368110 0.257874 -0.041338,
        1.368110 0.383859 -0.041339,
        1.368411 0.381216 -0.041339,
        -0.386435 0.376494 -0.041338,
        -0.385028 0.378734 -0.041338,
        1.372611 0.374591 -0.041339,
        1.372557 0.374624 -0.041338,
        1.370720 0.376461 -0.041339,
        -0.388306 0.374624 -0.041338,
        -0.390545 0.373217 -0.041338,
        -0.393041 0.372344 -0.041338,
        1.369280 0.262998 -0.041338,
        1.370687 0.265238 -0.041338,
        1.377293 0.372344 -0.041338,
        1.368406 0.260502 -0.041338,
        1.372557 0.267108 -0.041338,
        1.374796 0.268515 -0.041338,
        1.377293 0.269389 -0.041338,
        1.380581 0.269685 -0.041338,
        1.380581 0.372048 -0.041339,
        1.379921 0.269685 -0.041338,
        1.379921 0.372048 -0.041339,
        1.377387 0.372333 -0.041339,
        1.314961 0.028049 -0.044329,
        1.314961 0.037402 -0.043307,
        1.314961 -0.005906 -0.086614,
        1.314961 0.018769 -0.047520,
        1.314961 0.010446 -0.052719,
        1.314961 0.003506 -0.059658,
        1.314961 -0.001693 -0.067981,
        1.314961 -0.004884 -0.077261,
        0.501273 0.093215 -0.076943,
        0.501273 0.093013 -0.075405,
        0.501273 0.090031 -0.068208,
        0.501273 0.093268 -0.077346,
        0.501273 0.094488 -0.086614,
        0.501273 0.084646 -0.059694,
        0.501273 0.084894 -0.060018,
        0.501273 0.088686 -0.064960,
        0.501273 0.089876 -0.067832,
        0.501273 0.072835 -0.049109,
        0.501273 0.077777 -0.052901,
        0.501273 0.078100 -0.053149,
        0.501273 0.081804 -0.055991,
        0.501273 0.062390 -0.044782,
        0.501273 0.069587 -0.047763,
        0.501273 0.069963 -0.047919,
        0.501273 0.051181 -0.043307,
        0.501273 0.060449 -0.044527,
        0.501273 0.060852 -0.044580,
        1.314961 0.051181 -0.043307,
        1.112205 0.051181 -0.043307,
        1.052454 0.051181 -0.043307,
        0.974409 0.051181 -0.043307,
        0.914659 0.051181 -0.043307,
        0.836614 0.051181 -0.043307,
        0.776863 0.051181 -0.043307,
        0.698819 0.051181 -0.043307,
        0.639068 0.051181 -0.043307,
        0.561024 0.051181 -0.043307,
        0.639068 0.094488 -0.086614,
        0.669291 0.094488 -0.086614,
        0.669291 0.094488 -0.108268,
        0.728346 0.094488 -0.108268,
        1.314960 0.094488 -0.167322,
        0.698819 0.094488 -0.108268,
        0.728346 0.094488 -0.086614,
        0.807087 0.094488 -0.108268,
        0.776863 0.094488 -0.086614,
        0.807087 0.094488 -0.086614,
        0.836614 0.094488 -0.108268,
        0.866142 0.094488 -0.108268,
        0.531496 0.094488 -0.086614,
        0.531496 0.094488 -0.108268,
        0.866142 0.094488 -0.086614,
        0.944882 0.094488 -0.108268,
        0.914659 0.094488 -0.086614,
        0.944882 0.094488 -0.086614,
        0.974409 0.094488 -0.108268,
        1.003937 0.094488 -0.108268,
        1.003937 0.094488 -0.086614,
        1.082677 0.094488 -0.108268,
        1.052454 0.094488 -0.086614,
        1.082677 0.094488 -0.086614,
        1.112205 0.094488 -0.108268,
        1.141732 0.094488 -0.108268,
        1.279528 0.094488 -0.086614,
        1.314960 0.094488 -0.086614,
        1.279528 0.094488 -0.108268,
        1.220472 0.094488 -0.108268,
        1.220472 0.094488 -0.086614,
        1.141732 0.094488 -0.086614,
        0.561024 0.094488 -0.108268,
        0.590551 0.094488 -0.108268,
        0.590551 0.094488 -0.086614,
        1.313829 0.097219 -0.177106,
        1.314153 0.096437 -0.175863,
        1.314656 0.095224 -0.172394,
        1.314756 0.094981 -0.171703,
        1.306806 0.114173 -0.187007,
        1.308621 0.109793 -0.186514,
        1.308907 0.109101 -0.186272,
        1.310344 0.105632 -0.185058,
        1.310859 0.104389 -0.184277,
        1.311890 0.101900 -0.182713,
        1.312536 0.100341 -0.181154,
        1.313181 0.098783 -0.179596,
        -0.328930 0.098783 -0.179596,
        1.314961 -0.049212 -0.086614,
        0.286146 -0.049212 -0.086614,
        1.545275 0.462598 -0.187008,
        1.553149 0.462598 -0.187008,
        1.553149 0.502026 -0.187008,
        1.553149 0.139706 -0.187007,
        1.553149 0.179134 -0.187007,
        1.547302 0.133858 -0.187007,
        1.545275 0.179134 -0.187007,
        1.326492 0.507874 -0.187008,
        1.547302 0.507874 -0.187008,
        1.452517 0.376363 -0.187007,
        1.452517 0.372047 -0.187008,
        1.452517 0.320866 -0.187007,
        1.452517 0.269685 -0.187007,
        1.452517 0.265370 -0.187007,
        1.326492 0.133858 -0.187007,
        1.545276 0.320866 -0.187007,
        1.314961 0.690945 -0.086614,
        1.314961 0.690945 -0.059055,
        1.718504 0.690945 -0.059055,
        1.718504 0.690945 -0.230315,
        1.639764 0.690945 -0.230315,
        1.639764 0.690945 -0.212599,
        1.112205 0.690945 -0.212598,
        1.088583 0.690945 -0.212598,
        1.431103 0.690945 -0.230315,
        1.273622 0.690945 -0.230315,
        1.431103 0.690945 -0.212599,
        1.273622 0.690945 -0.212598,
        1.226378 0.690945 -0.230315,
        1.135827 0.690945 -0.230315,
        1.226378 0.690945 -0.212598,
        1.135827 0.690945 -0.212598,
        1.088583 0.690945 -0.230315,
        0.998031 0.690945 -0.230315,
        0.998031 0.690945 -0.212598,
        0.974409 0.690945 -0.212598,
        0.950787 0.690945 -0.212598,
        0.950787 0.690945 -0.230315,
        0.860236 0.690945 -0.230315,
        0.860236 0.690945 -0.212598,
        0.836614 0.690945 -0.212598,
        0.812992 0.690945 -0.212598,
        0.812992 0.690945 -0.230315,
        0.722441 0.690945 -0.230315,
        0.722441 0.690945 -0.212598,
        0.698819 0.690945 -0.212598,
        0.675197 0.690945 -0.212598,
        0.675197 0.690945 -0.230315,
        0.584646 0.690945 -0.230315,
        0.584646 0.690945 -0.212598,
        0.561024 0.690945 -0.212598,
        0.537402 0.690945 -0.212598,
        0.537402 0.690945 -0.230315,
        1.717450 0.155512 -0.230315,
        1.757874 0.155512 -0.230315,
        1.757874 -0.009843 -0.230315,
        1.757874 0.651575 -0.230315,
        1.727265 0.689958 -0.230315,
        1.756887 0.660335 -0.230315,
        1.226378 -0.000915 -0.230315,
        1.226378 -0.049213 -0.230315,
        1.135827 -0.049213 -0.230315,
        0.950787 -0.000914 -0.230315,
        0.950787 -0.049213 -0.230315,
        0.860236 -0.049213 -0.230315,
        1.273622 0.642647 -0.230315,
        1.431103 0.650520 -0.230315,
        1.639764 0.650520 -0.230315,
        1.757874 0.486220 -0.230315,
        1.717450 0.486220 -0.230315,
        1.135827 -0.000914 -0.230315,
        1.088583 -0.000914 -0.230315,
        1.088583 -0.049213 -0.230315,
        0.998031 -0.049213 -0.230315,
        0.998031 -0.000914 -0.230315,
        0.860236 -0.000914 -0.230315,
        0.675197 -0.000914 -0.230315,
        0.675197 -0.049213 -0.230315,
        0.584646 -0.049213 -0.230315,
        1.735586 0.687046 -0.230315,
        1.743051 0.682356 -0.230315,
        1.735586 -0.045314 -0.230315,
        1.727314 -0.048208 -0.230315,
        1.639764 -0.008788 -0.230315,
        1.431103 -0.008789 -0.230315,
        0.812992 -0.049213 -0.230315,
        0.722441 -0.049213 -0.230315,
        0.812992 -0.000914 -0.230315,
        0.722441 -0.000914 -0.230315,
        1.135827 0.642647 -0.230315,
        1.749285 0.676122 -0.230315,
        1.753975 0.668657 -0.230315,
        0.537402 -0.000914 -0.230315,
        0.537402 -0.049213 -0.230315,
        0.998031 0.642647 -0.230315,
        1.749285 -0.034389 -0.230315,
        1.743163 -0.040511 -0.230315,
        1.727265 -0.048226 -0.230315,
        1.718504 -0.049213 -0.230315,
        1.639764 -0.049213 -0.230315,
        1.226378 0.642647 -0.230315,
        0.584646 -0.000914 -0.230315,
        0.860236 0.642647 -0.230315,
        1.743051 -0.040623 -0.230315,
        1.735675 -0.045257 -0.230315,
        1.431103 -0.049213 -0.230315,
        1.273622 -0.049213 -0.230315,
        1.273622 -0.000915 -0.230315,
        0.722441 0.642647 -0.230315,
        1.756887 -0.018603 -0.230315,
        1.754062 -0.026676 -0.230315,
        0.584646 0.642647 -0.230315,
        1.753975 -0.026924 -0.230315,
        1.749397 -0.034211 -0.230315,
        1.088583 0.642647 -0.230315,
        1.756922 -0.018289 -0.230315,
        0.950787 0.642647 -0.230315,
        0.812992 0.642647 -0.230315,
        0.675197 0.642647 -0.230315,
        0.537402 0.642647 -0.230315,
        1.314961 0.604331 -0.043307,
        1.314961 0.613968 -0.044393,
        1.314961 0.623121 -0.047596,
        1.314961 0.631333 -0.052755,
        1.314961 0.638190 -0.059613,
        1.314961 0.643350 -0.067824,
        1.314961 0.646552 -0.076978,
        1.314961 0.647638 -0.086614,
        0.501273 0.590552 -0.043307,
        0.501273 0.548510 -0.077001,
        0.501273 0.548465 -0.077346,
        0.501273 0.547244 -0.086614,
        0.501273 0.551813 -0.067940,
        0.501273 0.551701 -0.068209,
        0.501273 0.548720 -0.075406,
        0.501273 0.579343 -0.044783,
        0.501273 0.580881 -0.044580,
        0.501273 0.580939 -0.044572,
        0.501273 0.568898 -0.049109,
        0.501273 0.571769 -0.047920,
        0.501273 0.571877 -0.047875,
        0.501273 0.553046 -0.064961,
        0.501273 0.556839 -0.060019,
        0.501273 0.556981 -0.059833,
        0.501273 0.559929 -0.055991,
        0.501273 0.563632 -0.053150,
        0.501273 0.563771 -0.053043,
        1.314961 0.590552 -0.043307,
        1.112205 0.590552 -0.043307,
        1.052454 0.590552 -0.043307,
        0.639068 0.590552 -0.043307,
        0.698819 0.590552 -0.043307,
        0.776863 0.590552 -0.043307,
        0.836614 0.590552 -0.043307,
        0.914659 0.590552 -0.043307,
        0.974409 0.590552 -0.043307,
        0.561024 0.590552 -0.043307,
        1.052454 0.547244 -0.086614,
        1.003937 0.547244 -0.086614,
        1.003937 0.547244 -0.108268,
        0.914659 0.547244 -0.086614,
        0.866142 0.547244 -0.086614,
        0.866142 0.547244 -0.108268,
        1.314960 0.547244 -0.086614,
        1.279528 0.547244 -0.086614,
        1.279528 0.547244 -0.108268,
        1.220472 0.547244 -0.108268,
        0.776863 0.547244 -0.086614,
        0.728346 0.547244 -0.086614,
        0.728346 0.547244 -0.108268,
        1.220472 0.547244 -0.086614,
        1.141732 0.547244 -0.086614,
        1.141732 0.547244 -0.108268,
        1.112205 0.547244 -0.108268,
        1.082677 0.547244 -0.108268,
        0.639068 0.547244 -0.086614,
        0.590551 0.547244 -0.086614,
        0.590551 0.547244 -0.108268,
        1.082677 0.547244 -0.086614,
        0.974409 0.547244 -0.108268,
        0.944882 0.547244 -0.108268,
        0.944882 0.547244 -0.086614,
        0.836614 0.547244 -0.108268,
        0.807087 0.547244 -0.108268,
        0.807087 0.547244 -0.086614,
        0.698819 0.547244 -0.108268,
        0.669291 0.547244 -0.108268,
        0.669291 0.547244 -0.086614,
        0.561024 0.547244 -0.108268,
        0.531496 0.547244 -0.108268,
        0.531496 0.547244 -0.086614,
        1.489872 -0.049212 -0.115906,
        1.489872 -0.049212 -0.126774,
        1.525552 -0.049212 -0.126774,
        1.489872 -0.049213 -0.189396,
        1.489872 -0.049213 -0.212598,
        1.525552 -0.049213 -0.212598,
        1.320709 -0.049212 -0.100894,
        1.329092 -0.049212 -0.095000,
        1.612497 -0.049213 -0.141594,
        1.612497 -0.049213 -0.153458,
        1.619437 -0.049213 -0.153458,
        1.612497 -0.049213 -0.157703,
        1.612497 -0.049213 -0.170173,
        1.619437 -0.049213 -0.170173,
        1.627648 -0.049213 -0.174399,
        1.619437 -0.049213 -0.174399,
        1.619437 -0.049213 -0.174712,
        1.567951 -0.049213 -0.174631,
        1.567172 -0.049213 -0.174712,
        1.576086 -0.049213 -0.174712,
        1.566075 -0.049212 -0.082788,
        1.566075 -0.049212 -0.094652,
        1.576086 -0.049212 -0.094652,
        1.539759 -0.049212 -0.078542,
        1.542496 -0.049212 -0.078211,
        1.527774 -0.049212 -0.078211,
        1.549258 -0.049212 -0.115678,
        1.546880 -0.049212 -0.115906,
        1.559144 -0.049212 -0.115906,
        1.602708 -0.049213 -0.147924,
        1.592146 -0.049213 -0.174712,
        1.605210 -0.049213 -0.174712,
        1.589404 -0.049213 -0.167823,
        1.589973 -0.049213 -0.170002,
        1.590096 -0.049213 -0.170002,
        1.605210 -0.049212 -0.126774,
        1.584728 -0.049212 -0.126774,
        1.597894 -0.049213 -0.147924,
        1.584728 -0.049213 -0.154371,
        1.590665 -0.049213 -0.167861,
        1.590309 -0.049213 -0.169095,
        1.577294 -0.049213 -0.147924,
        1.576086 -0.049212 -0.126774,
        1.584728 -0.049213 -0.166834,
        1.582487 -0.049213 -0.147924,
        1.584728 -0.049213 -0.174712,
        1.587524 -0.049213 -0.174712,
        1.587680 -0.049213 -0.174343,
        1.584728 -0.049213 -0.180830,
        1.584734 -0.049213 -0.180822,
        1.585643 -0.049213 -0.179156,
        1.576086 -0.049213 -0.189396,
        1.578252 -0.049213 -0.186490,
        1.578252 -0.049213 -0.182359,
        1.584728 -0.049213 -0.189396,
        1.583122 -0.049213 -0.186654,
        1.581246 -0.049213 -0.186869,
        1.580886 -0.049213 -0.182889,
        1.582000 -0.049213 -0.182765,
        1.580221 -0.049213 -0.186833,
        1.583017 -0.049213 -0.182383,
        1.583870 -0.049213 -0.181792,
        1.586576 -0.049213 -0.184822,
        1.584954 -0.049213 -0.185956,
        1.584728 -0.049213 -0.186042,
        1.605210 -0.049213 -0.189396,
        1.588591 -0.049213 -0.182492,
        1.586892 -0.049213 -0.184532,
        1.590693 -0.049213 -0.178398,
        1.542109 -0.049213 -0.174077,
        1.540356 -0.049213 -0.174712,
        1.546063 -0.049213 -0.174399,
        1.531267 -0.049213 -0.161825,
        1.532020 -0.049213 -0.154292,
        1.530350 -0.049213 -0.163163,
        1.529726 -0.049213 -0.164809,
        1.543739 -0.049213 -0.172995,
        1.527774 -0.049212 -0.126774,
        1.532020 -0.049213 -0.149781,
        1.533004 -0.049213 -0.149212,
        1.545798 -0.049213 -0.148126,
        1.557762 -0.049213 -0.151914,
        1.558625 -0.049213 -0.150659,
        1.532672 -0.049213 -0.160586,
        1.534619 -0.049213 -0.159568,
        1.534985 -0.049213 -0.152390,
        1.538217 -0.049213 -0.158670,
        1.542272 -0.049213 -0.151254,
        1.540700 -0.049213 -0.151089,
        1.537886 -0.049213 -0.151387,
        1.533270 -0.049213 -0.174031,
        1.531707 -0.049213 -0.172940,
        1.527774 -0.049213 -0.174712,
        1.531188 -0.049213 -0.172414,
        1.530223 -0.049213 -0.170987,
        1.547357 -0.049213 -0.148991,
        1.548609 -0.049213 -0.150156,
        1.557209 -0.049213 -0.153409,
        1.549570 -0.049213 -0.151631,
        1.550312 -0.049213 -0.153696,
        1.546063 -0.049213 -0.170306,
        1.545939 -0.049213 -0.170306,
        1.545206 -0.049213 -0.171420,
        1.529661 -0.049213 -0.169416,
        1.529433 -0.049213 -0.167311,
        1.536462 -0.049213 -0.147880,
        1.541135 -0.049213 -0.147318,
        1.543811 -0.049213 -0.147547,
        1.558343 -0.049213 -0.159257,
        1.557738 -0.049213 -0.158289,
        1.550706 -0.049213 -0.157362,
        1.557226 -0.049213 -0.156872,
        1.557026 -0.049213 -0.155069,
        1.546063 -0.049213 -0.157570,
        1.545901 -0.049213 -0.155517,
        1.545421 -0.049213 -0.153864,
        1.544876 -0.049213 -0.152908,
        1.559103 -0.049213 -0.160052,
        1.556998 -0.049213 -0.168676,
        1.559144 -0.049213 -0.160079,
        1.558644 -0.049213 -0.169709,
        1.559144 -0.049213 -0.169906,
        1.544174 -0.049213 -0.152161,
        1.543349 -0.049213 -0.151630,
        1.540227 -0.049213 -0.174759,
        1.559144 -0.049213 -0.189396,
        1.527774 -0.049213 -0.189396,
        1.537828 -0.049213 -0.175025,
        1.535135 -0.049213 -0.174712,
        1.535051 -0.049213 -0.174702,
        1.559144 -0.049212 -0.078211,
        1.548776 -0.049212 -0.078211,
        1.550554 -0.049212 -0.078395,
        1.553870 -0.049212 -0.079415,
        1.553870 -0.049212 -0.084418,
        1.553238 -0.049212 -0.114373,
        1.534777 -0.049212 -0.108050,
        1.535663 -0.049212 -0.108911,
        1.544300 -0.049212 -0.111954,
        1.546556 -0.049212 -0.111843,
        1.532967 -0.049212 -0.105535,
        1.550666 -0.049212 -0.110966,
        1.553870 -0.049212 -0.109472,
        1.553870 -0.049212 -0.114058,
        1.538126 -0.049212 -0.110587,
        1.540809 -0.049212 -0.111564,
        1.545134 -0.049212 -0.082220,
        1.543645 -0.049212 -0.082281,
        1.535033 -0.049212 -0.086332,
        1.540427 -0.049212 -0.082913,
        1.537517 -0.049212 -0.084273,
        1.534758 -0.049212 -0.086634,
        1.532972 -0.049212 -0.089216,
        1.553458 -0.049212 -0.084195,
        1.531737 -0.049212 -0.092428,
        1.531138 -0.049212 -0.097476,
        1.531178 -0.049212 -0.098833,
        1.531770 -0.049212 -0.102545,
        1.549698 -0.049212 -0.082765,
        1.545087 -0.049212 -0.077899,
        1.527774 -0.049212 -0.059055,
        1.559144 -0.049212 -0.059055,
        1.545830 -0.049212 -0.077906,
        1.535880 -0.049212 -0.080039,
        1.529125 -0.049212 -0.086305,
        1.531470 -0.049212 -0.083357,
        1.532294 -0.049212 -0.082565,
        1.527774 -0.049212 -0.106173,
        1.526835 -0.049212 -0.103747,
        1.525552 -0.049212 -0.115906,
        1.526116 -0.049212 -0.097760,
        1.526250 -0.049212 -0.095018,
        1.525552 -0.049212 -0.078211,
        1.527228 -0.049212 -0.090328,
        1.527774 -0.049212 -0.089168,
        1.537007 -0.049212 -0.115167,
        1.533556 -0.049212 -0.113441,
        1.527774 -0.049212 -0.115906,
        1.530873 -0.049212 -0.111158,
        1.530542 -0.049212 -0.110796,
        1.528337 -0.049212 -0.107625,
        1.540243 -0.049212 -0.115906,
        1.540954 -0.049212 -0.116068,
        1.543608 -0.049212 -0.116219,
        1.559144 -0.049212 -0.126774,
        1.576086 -0.049212 -0.111367,
        1.581227 -0.049212 -0.111367,
        1.579331 -0.049212 -0.098897,
        1.576086 -0.049212 -0.078211,
        1.576086 -0.049212 -0.078524,
        1.580383 -0.049212 -0.078524,
        1.584728 -0.049212 -0.078211,
        1.580383 -0.049212 -0.082788,
        1.579331 -0.049212 -0.094652,
        1.576086 -0.049212 -0.098897,
        1.566075 -0.049212 -0.098897,
        1.566075 -0.049212 -0.111367,
        1.576086 -0.049212 -0.082788,
        1.584728 -0.049212 -0.115906,
        1.581227 -0.049212 -0.115593,
        1.576086 -0.049212 -0.115906,
        1.576086 -0.049212 -0.115593,
        1.561290 -0.049212 -0.115593,
        1.561290 -0.049212 -0.078524,
        1.605210 -0.049212 -0.078211,
        1.598804 -0.049212 -0.078524,
        1.588230 -0.049212 -0.078524,
        1.588230 -0.049212 -0.115593,
        1.598425 -0.049212 -0.115593,
        1.605210 -0.049212 -0.115906,
        1.604675 -0.049212 -0.114839,
        1.614147 -0.049212 -0.084734,
        1.616436 -0.049212 -0.087972,
        1.619437 -0.049212 -0.078211,
        1.612819 -0.049212 -0.083433,
        1.619437 -0.049212 -0.115906,
        1.617211 -0.049212 -0.103828,
        1.615259 -0.049212 -0.107592,
        1.604464 -0.049212 -0.079149,
        1.605210 -0.049212 -0.079422,
        1.608938 -0.049212 -0.080783,
        1.612819 -0.049212 -0.110400,
        1.608910 -0.049212 -0.113196,
        1.605210 -0.049212 -0.114631,
        1.617801 -0.049212 -0.091514,
        1.618409 -0.049212 -0.096585,
        1.618227 -0.049212 -0.099587,
        1.644752 -0.049212 -0.105454,
        1.631150 -0.049212 -0.105454,
        1.648533 -0.049212 -0.115593,
        1.631150 -0.049212 -0.115906,
        1.653820 -0.049212 -0.115593,
        1.718504 -0.049212 -0.115906,
        1.639702 -0.049212 -0.078524,
        1.718504 -0.049212 -0.078211,
        1.631150 -0.049212 -0.078211,
        1.629316 -0.049212 -0.105454,
        1.625753 -0.049212 -0.115593,
        1.620466 -0.049212 -0.115593,
        1.631150 -0.049212 -0.087543,
        1.634585 -0.049212 -0.078524,
        1.556998 -0.049213 -0.173471,
        1.550706 -0.049213 -0.174399,
        1.559144 -0.049213 -0.174241,
        1.559144 -0.049213 -0.174712,
        1.560075 -0.049213 -0.174574,
        1.561328 -0.049213 -0.174712,
        1.564180 -0.049213 -0.175025,
        1.579201 -0.049213 -0.182670,
        1.573324 -0.049213 -0.162820,
        1.574191 -0.049213 -0.164099,
        1.573608 -0.049213 -0.153003,
        1.560001 -0.049213 -0.149421,
        1.561309 -0.049213 -0.148634,
        1.574087 -0.049213 -0.170535,
        1.573222 -0.049213 -0.171759,
        1.559144 -0.049213 -0.150192,
        1.574686 -0.049213 -0.165468,
        1.574878 -0.049213 -0.167198,
        1.574657 -0.049213 -0.169063,
        1.563838 -0.049213 -0.147709,
        1.567335 -0.049213 -0.147318,
        1.573608 -0.049213 -0.148493,
        1.570344 -0.049213 -0.147563,
        1.571893 -0.049213 -0.172921,
        1.570496 -0.049213 -0.173747,
        1.566881 -0.049213 -0.151089,
        1.565506 -0.049213 -0.151192,
        1.561811 -0.049213 -0.154652,
        1.564264 -0.049213 -0.151521,
        1.563223 -0.049213 -0.152074,
        1.561854 -0.049213 -0.155270,
        1.562038 -0.049213 -0.155991,
        1.562372 -0.049213 -0.156617,
        1.562825 -0.049213 -0.157116,
        1.564462 -0.049213 -0.158139,
        1.570088 -0.049213 -0.151474,
        1.567335 -0.049213 -0.159390,
        1.572719 -0.049213 -0.152484,
        1.569133 -0.049213 -0.160117,
        1.572217 -0.049213 -0.161832,
        1.562522 -0.049213 -0.152694,
        1.562124 -0.049213 -0.153285,
        1.561895 -0.049213 -0.153911,
        1.561546 -0.049213 -0.170850,
        1.564057 -0.049213 -0.162763,
        1.561289 -0.049213 -0.161494,
        1.564635 -0.049213 -0.171234,
        1.564840 -0.049213 -0.171233,
        1.567106 -0.049213 -0.164040,
        1.567220 -0.049213 -0.170967,
        1.570112 -0.049213 -0.167653,
        1.570067 -0.049213 -0.167075,
        1.568419 -0.049213 -0.170528,
        1.568842 -0.049213 -0.170271,
        1.569374 -0.049213 -0.169798,
        1.569780 -0.049213 -0.169199,
        1.570016 -0.049213 -0.168538,
        1.569856 -0.049213 -0.166350,
        1.569496 -0.049213 -0.165735,
        1.568918 -0.049213 -0.165132,
        1.625753 -0.049213 -0.157703,
        1.631150 -0.049212 -0.126774,
        1.625753 -0.049213 -0.153458,
        1.626805 -0.049213 -0.141594,
        1.619437 -0.049213 -0.141594,
        1.607711 -0.049213 -0.137330,
        1.619437 -0.049212 -0.126774,
        1.619437 -0.049213 -0.137330,
        1.626805 -0.049213 -0.137330,
        1.607711 -0.049213 -0.174399,
        1.457731 -0.049212 -0.107427,
        1.464881 -0.049212 -0.113472,
        1.489872 -0.049212 -0.078211,
        1.428379 -0.049212 -0.078211,
        1.434369 -0.049212 -0.082283,
        1.443128 -0.049212 -0.092429,
        1.448601 -0.049212 -0.103104,
        1.449888 -0.049212 -0.103537,
        1.373465 -0.049212 -0.074801,
        1.385627 -0.049212 -0.070149,
        1.314961 -0.049212 -0.059055,
        1.398525 -0.049212 -0.068578,
        1.489872 -0.049212 -0.059055,
        1.409956 -0.049212 -0.069843,
        1.423131 -0.049212 -0.074644,
        1.314961 -0.049212 -0.078211,
        1.338855 -0.049212 -0.091209,
        1.349240 -0.049212 -0.089926,
        1.367943 -0.049212 -0.078211,
        1.366898 -0.049212 -0.078857,
        1.360705 -0.049212 -0.084161,
        1.352271 -0.049212 -0.090091,
        1.355302 -0.049212 -0.090454,
        0.286146 -0.049212 -0.115906,
        0.286146 -0.049213 -0.126774,
        1.307212 -0.049212 -0.126774,
        1.308387 -0.049212 -0.120192,
        1.310287 -0.049212 -0.115906,
        1.312593 -0.049212 -0.110703,
        1.318931 -0.049212 -0.102577,
        1.325837 -0.049213 -0.168363,
        1.317613 -0.049213 -0.161350,
        0.286146 -0.049213 -0.174712,
        1.311598 -0.049213 -0.152762,
        1.335363 -0.049213 -0.173003,
        1.339030 -0.049213 -0.174712,
        1.338698 -0.049213 -0.174001,
        1.307820 -0.049213 -0.142950,
        1.306544 -0.049213 -0.132622,
        1.306618 -0.049213 -0.130098,
        0.286146 -0.049213 -0.189396,
        1.352837 -0.049213 -0.189396,
        1.350425 -0.049213 -0.188383,
        1.345268 -0.049213 -0.184500,
        1.341346 -0.049213 -0.179664,
        1.431103 -0.049213 -0.212598,
        1.374646 -0.049213 -0.189396,
        0.537402 -0.049213 -0.212598,
        0.561024 -0.049213 -0.212598,
        0.584646 -0.049213 -0.212598,
        1.370123 -0.049213 -0.191135,
        1.363736 -0.049213 -0.191922,
        0.675197 -0.049213 -0.212598,
        0.698819 -0.049213 -0.212598,
        0.722441 -0.049213 -0.212598,
        0.812992 -0.049213 -0.212598,
        0.836614 -0.049213 -0.212598,
        0.860236 -0.049213 -0.212598,
        0.998031 -0.049213 -0.212598,
        1.088583 -0.049213 -0.212598,
        1.112205 -0.049213 -0.212598,
        1.135827 -0.049213 -0.212598,
        1.226378 -0.049213 -0.212598,
        0.950787 -0.049213 -0.212598,
        0.974409 -0.049213 -0.212598,
        1.362730 -0.049213 -0.191904,
        1.356507 -0.049213 -0.190936,
        1.273622 -0.049213 -0.212598,
        1.388428 -0.049213 -0.174712,
        1.388399 -0.049213 -0.174837,
        1.385276 -0.049213 -0.180708,
        1.381249 -0.049213 -0.185220,
        1.376000 -0.049213 -0.188876,
        1.473485 -0.049212 -0.129018,
        1.474693 -0.049213 -0.137630,
        1.422084 -0.049213 -0.159164,
        1.423893 -0.049213 -0.158450,
        1.426989 -0.049213 -0.143428,
        1.383502 -0.049213 -0.147909,
        1.418819 -0.049212 -0.129460,
        1.378891 -0.049213 -0.143711,
        1.373297 -0.049213 -0.140715,
        1.420463 -0.049213 -0.160313,
        1.470176 -0.049213 -0.155375,
        1.464941 -0.049213 -0.162668,
        1.489872 -0.049213 -0.174712,
        1.458221 -0.049213 -0.135562,
        1.456978 -0.049213 -0.130501,
        1.454964 -0.049212 -0.126774,
        1.323804 -0.049212 -0.126774,
        1.473485 -0.049213 -0.147031,
        1.425935 -0.049213 -0.158187,
        1.426192 -0.049213 -0.158206,
        1.426982 -0.049213 -0.158381,
        1.325362 -0.049213 -0.142627,
        1.328489 -0.049213 -0.147944,
        1.341870 -0.049213 -0.150683,
        1.333213 -0.049213 -0.152800,
        1.338961 -0.049213 -0.156343,
        1.351613 -0.049213 -0.141954,
        1.346226 -0.049213 -0.145700,
        1.323148 -0.049213 -0.132095,
        1.323467 -0.049213 -0.136180,
        1.357435 -0.049213 -0.139725,
        1.363736 -0.049213 -0.138948,
        1.366935 -0.049213 -0.139137,
        1.457773 -0.049213 -0.168737,
        1.449732 -0.049213 -0.172672,
        1.440958 -0.049213 -0.174528,
        1.417765 -0.049213 -0.166357,
        1.417832 -0.049213 -0.165317,
        1.390091 -0.049213 -0.162931,
        1.418361 -0.049213 -0.163311,
        1.419374 -0.049213 -0.161513,
        1.452999 -0.049213 -0.151838,
        1.455900 -0.049213 -0.147728,
        1.457718 -0.049213 -0.143031,
        1.458352 -0.049213 -0.137894,
        1.425408 -0.049213 -0.174528,
        1.423923 -0.049213 -0.174289,
        1.422180 -0.049213 -0.173602,
        1.420470 -0.049213 -0.172387,
        1.419858 -0.049213 -0.171763,
        1.418709 -0.049213 -0.170108,
        1.418015 -0.049213 -0.168321,
        1.389946 -0.049213 -0.168332,
        1.390091 -0.049213 -0.165567,
        1.427517 -0.049213 -0.158451,
        1.439376 -0.049213 -0.158451,
        1.444123 -0.049213 -0.157539,
        1.448772 -0.049213 -0.155381,
        1.452666 -0.049213 -0.152196,
        1.435687 -0.049212 -0.117336,
        1.326195 -0.049212 -0.119831,
        1.323936 -0.049212 -0.125708,
        1.437795 -0.049212 -0.117336,
        1.454522 -0.049212 -0.125957,
        1.451500 -0.049212 -0.122586,
        1.447414 -0.049212 -0.119730,
        1.442815 -0.049212 -0.117956,
        1.429993 -0.049212 -0.101483,
        1.424043 -0.049212 -0.094385,
        1.363472 -0.049212 -0.109693,
        1.423401 -0.049212 -0.093801,
        1.415997 -0.049212 -0.088660,
        1.367501 -0.049212 -0.101352,
        1.328928 -0.049212 -0.115906,
        1.361619 -0.049212 -0.108678,
        1.435372 -0.049212 -0.115906,
        1.434065 -0.049212 -0.109972,
        1.355711 -0.049212 -0.106512,
        1.349504 -0.049212 -0.105740,
        1.346738 -0.049212 -0.105885,
        1.373413 -0.049212 -0.094291,
        1.407733 -0.049212 -0.085492,
        1.380472 -0.049212 -0.089133,
        1.398789 -0.049212 -0.084392,
        1.389081 -0.049212 -0.085643,
        1.340233 -0.049212 -0.107432,
        1.334363 -0.049212 -0.110555,
        1.329850 -0.049212 -0.114582,
        1.466628 -0.049212 -0.115906,
        1.470262 -0.049212 -0.120969,
        1.472587 -0.049212 -0.126774,
        1.639764 -0.049213 -0.212598,
        1.718504 -0.049213 -0.189396,
        1.605210 -0.049213 -0.212598,
        1.584728 -0.049213 -0.212598,
        1.576086 -0.049213 -0.212598,
        1.559144 -0.049213 -0.212598,
        1.527774 -0.049213 -0.212598,
        1.525552 -0.049213 -0.189396,
        1.524600 -0.049212 -0.111367,
        1.524600 -0.049212 -0.115593,
        1.505052 -0.049212 -0.115593,
        1.509837 -0.049212 -0.078524,
        1.509837 -0.049212 -0.111367,
        1.505052 -0.049212 -0.078524,
        1.509837 -0.049213 -0.157703,
        1.509837 -0.049213 -0.170173,
        1.523093 -0.049213 -0.157703,
        1.524989 -0.049213 -0.170173,
        1.523093 -0.049213 -0.153458,
        1.509837 -0.049213 -0.141594,
        1.509837 -0.049213 -0.153458,
        1.524145 -0.049213 -0.141594,
        1.525552 -0.049213 -0.174712,
        1.524989 -0.049213 -0.174399,
        1.505052 -0.049213 -0.174399,
        1.505052 -0.049213 -0.137330,
        1.524145 -0.049213 -0.137330,
        1.525552 -0.049212 -0.059055,
        1.619437 -0.049213 -0.212598,
        1.619437 -0.049213 -0.189396,
        1.631150 -0.049213 -0.212598,
        1.631150 -0.049213 -0.189396,
        1.631150 -0.049213 -0.174712,
        1.627648 -0.049213 -0.170173,
        1.576086 -0.049212 -0.059055,
        1.584728 -0.049212 -0.059055,
        1.605210 -0.049212 -0.059055,
        1.619437 -0.049212 -0.059055,
        1.631150 -0.049212 -0.059055,
        1.718504 -0.049212 -0.059055,
        1.718504 -0.049213 -0.126774,
        1.634651 -0.049213 -0.174399,
        1.634651 -0.049213 -0.137330,
        1.666887 -0.049213 -0.174399,
        1.664648 -0.049213 -0.158393,
        1.663632 -0.049213 -0.162634,
        1.644847 -0.049213 -0.174399,
        1.619437 -0.049213 -0.157703,
        1.691173 -0.049213 -0.164260,
        1.675737 -0.049213 -0.164260,
        1.694954 -0.049213 -0.174399,
        1.672175 -0.049213 -0.174399,
        1.718504 -0.049213 -0.174712,
        1.681006 -0.049213 -0.137330,
        1.686123 -0.049213 -0.137330,
        1.700242 -0.049213 -0.174399,
        1.664831 -0.049213 -0.155391,
        1.664223 -0.049213 -0.150320,
        1.661681 -0.049213 -0.166398,
        1.659240 -0.049213 -0.169207,
        1.655331 -0.049213 -0.172003,
        1.659240 -0.049213 -0.142239,
        1.660569 -0.049213 -0.143540,
        1.662858 -0.049213 -0.146778,
        1.645226 -0.049213 -0.137330,
        1.650886 -0.049213 -0.137956,
        1.655360 -0.049213 -0.139590,
        1.651097 -0.049213 -0.173645,
      ]
    }
    coordIndex [
      76, 684, 75, -1,
      75, 684, 685, -1,
      75, 685, 686, -1,
      686, 685, 687, -1,
      686, 687, 74, -1,
      74, 687, 688, -1,
      74, 688, 73, -1,
      73, 688, 689, -1,
      73, 689, 72, -1,
      72, 689, 690, -1,
      72, 690, 71, -1,
      71, 690, 691, -1,
      71, 691, 70, -1,
      70, 691, 692, -1,
      70, 692, 69, -1,
      69, 692, 693, -1,
      69, 693, 68, -1,
      68, 693, 694, -1,
      68, 694, 67, -1,
      67, 694, 695, -1,
      67, 695, 66, -1,
      66, 695, 696, -1,
      66, 696, 697, -1,
      696, 698, 697, -1,
      697, 698, 699, -1,
      697, 699, 20, -1,
      700, 701, 702, -1,
      455, 703, 704, -1,
      704, 703, 705, -1,
      459, 458, 706, -1,
      706, 458, 457, -1,
      706, 457, 705, -1,
      705, 457, 456, -1,
      705, 456, 704, -1,
      459, 706, 707, -1,
      707, 706, 708, -1,
      707, 708, 460, -1,
      462, 709, 710, -1,
      710, 709, 461, -1,
      710, 461, 711, -1,
      708, 712, 460, -1,
      460, 712, 713, -1,
      460, 713, 461, -1,
      461, 713, 714, -1,
      461, 714, 711, -1,
      715, 710, 716, -1,
      716, 710, 717, -1,
      715, 718, 710, -1,
      710, 718, 719, -1,
      710, 719, 720, -1,
      710, 721, 722, -1,
      723, 724, 710, -1,
      710, 724, 725, -1,
      726, 727, 710, -1,
      710, 727, 728, -1,
      729, 730, 710, -1,
      710, 730, 731, -1,
      732, 733, 710, -1,
      710, 733, 734, -1,
      580, 582, 710, -1,
      710, 582, 576, -1,
      562, 564, 710, -1,
      710, 564, 557, -1,
      540, 542, 710, -1,
      710, 542, 533, -1,
      513, 710, 735, -1,
      735, 710, 736, -1,
      499, 737, 462, -1,
      480, 479, 462, -1,
      485, 480, 493, -1,
      493, 480, 462, -1,
      493, 462, 738, -1,
      738, 462, 737, -1,
      479, 481, 462, -1,
      462, 481, 476, -1,
      462, 476, 466, -1,
      466, 476, 475, -1,
      466, 475, 465, -1,
      465, 475, 464, -1,
      470, 739, 478, -1,
      478, 739, 463, -1,
      478, 463, 474, -1,
      474, 463, 464, -1,
      474, 464, 740, -1,
      740, 464, 475, -1,
      478, 477, 470, -1,
      470, 477, 473, -1,
      470, 473, 469, -1,
      469, 473, 471, -1,
      469, 471, 468, -1,
      496, 491, 487, -1,
      493, 492, 485, -1,
      485, 492, 498, -1,
      485, 498, 486, -1,
      486, 498, 741, -1,
      486, 741, 487, -1,
      487, 741, 497, -1,
      487, 497, 496, -1,
      489, 488, 491, -1,
      491, 488, 484, -1,
      484, 482, 491, -1,
      491, 482, 742, -1,
      491, 742, 487, -1,
      462, 710, 499, -1,
      499, 710, 513, -1,
      499, 513, 505, -1,
      505, 513, 512, -1,
      505, 512, 504, -1,
      504, 512, 518, -1,
      504, 518, 743, -1,
      509, 508, 511, -1,
      511, 508, 501, -1,
      511, 501, 516, -1,
      516, 501, 517, -1,
      501, 500, 517, -1,
      517, 500, 506, -1,
      517, 506, 743, -1,
      743, 506, 744, -1,
      743, 744, 504, -1,
      736, 710, 519, -1,
      519, 710, 533, -1,
      519, 533, 525, -1,
      525, 533, 532, -1,
      525, 532, 524, -1,
      524, 532, 539, -1,
      524, 539, 538, -1,
      529, 528, 531, -1,
      531, 528, 521, -1,
      531, 521, 536, -1,
      536, 521, 537, -1,
      521, 520, 537, -1,
      537, 520, 526, -1,
      537, 526, 538, -1,
      538, 526, 745, -1,
      538, 745, 524, -1,
      540, 710, 541, -1,
      541, 710, 557, -1,
      541, 557, 549, -1,
      549, 557, 556, -1,
      549, 556, 548, -1,
      548, 556, 561, -1,
      548, 561, 560, -1,
      553, 552, 555, -1,
      555, 552, 544, -1,
      555, 544, 558, -1,
      558, 544, 559, -1,
      544, 543, 559, -1,
      559, 543, 550, -1,
      559, 550, 560, -1,
      560, 550, 547, -1,
      560, 547, 548, -1,
      562, 710, 563, -1,
      563, 710, 576, -1,
      563, 576, 568, -1,
      568, 576, 575, -1,
      568, 575, 567, -1,
      567, 575, 746, -1,
      567, 746, 579, -1,
      572, 571, 574, -1,
      574, 571, 566, -1,
      574, 566, 577, -1,
      577, 566, 578, -1,
      566, 565, 578, -1,
      578, 565, 569, -1,
      578, 569, 579, -1,
      579, 569, 747, -1,
      579, 747, 567, -1,
      580, 710, 581, -1,
      581, 710, 734, -1,
      581, 734, 585, -1,
      585, 734, 748, -1,
      585, 748, 749, -1,
      749, 748, 750, -1,
      749, 750, 751, -1,
      752, 588, 753, -1,
      753, 588, 584, -1,
      753, 584, 754, -1,
      754, 584, 755, -1,
      584, 583, 755, -1,
      755, 583, 586, -1,
      755, 586, 751, -1,
      751, 586, 756, -1,
      751, 756, 749, -1,
      732, 710, 757, -1,
      757, 710, 731, -1,
      757, 731, 758, -1,
      758, 731, 759, -1,
      758, 759, 760, -1,
      760, 759, 761, -1,
      760, 761, 762, -1,
      763, 764, 765, -1,
      765, 764, 766, -1,
      765, 766, 767, -1,
      767, 766, 768, -1,
      766, 769, 768, -1,
      768, 769, 770, -1,
      768, 770, 762, -1,
      762, 770, 771, -1,
      762, 771, 760, -1,
      729, 710, 772, -1,
      772, 710, 728, -1,
      772, 728, 773, -1,
      773, 728, 774, -1,
      773, 774, 775, -1,
      775, 774, 776, -1,
      775, 776, 777, -1,
      778, 779, 780, -1,
      780, 779, 781, -1,
      780, 781, 782, -1,
      782, 781, 783, -1,
      781, 784, 783, -1,
      783, 784, 785, -1,
      783, 785, 777, -1,
      777, 785, 786, -1,
      777, 786, 775, -1,
      726, 710, 787, -1,
      787, 710, 725, -1,
      787, 725, 788, -1,
      788, 725, 789, -1,
      788, 789, 790, -1,
      790, 789, 791, -1,
      790, 791, 792, -1,
      793, 794, 795, -1,
      795, 794, 796, -1,
      795, 796, 797, -1,
      797, 796, 798, -1,
      796, 799, 798, -1,
      798, 799, 800, -1,
      798, 800, 792, -1,
      792, 800, 801, -1,
      792, 801, 790, -1,
      723, 710, 802, -1,
      802, 710, 722, -1,
      802, 722, 803, -1,
      803, 722, 804, -1,
      803, 804, 805, -1,
      805, 804, 806, -1,
      805, 806, 807, -1,
      808, 809, 810, -1,
      810, 809, 811, -1,
      810, 811, 812, -1,
      812, 811, 813, -1,
      811, 814, 813, -1,
      813, 814, 815, -1,
      813, 815, 807, -1,
      807, 815, 816, -1,
      807, 816, 805, -1,
      817, 818, 819, -1,
      819, 818, 820, -1,
      819, 820, 720, -1,
      720, 820, 821, -1,
      720, 821, 710, -1,
      710, 821, 822, -1,
      710, 822, 721, -1,
      823, 824, 825, -1,
      826, 827, 828, -1,
      828, 827, 823, -1,
      828, 823, 829, -1,
      829, 823, 825, -1,
      823, 830, 824, -1,
      824, 830, 831, -1,
      824, 831, 817, -1,
      817, 831, 832, -1,
      817, 832, 818, -1,
      717, 833, 716, -1,
      716, 833, 834, -1,
      716, 834, 835, -1,
      835, 834, 836, -1,
      836, 834, 702, -1,
      702, 834, 837, -1,
      702, 837, 700, -1,
      838, 839, 840, -1,
      840, 839, 841, -1,
      840, 841, 701, -1,
      701, 841, 842, -1,
      701, 842, 702, -1,
      843, 844, 594, -1,
      845, 590, 846, -1,
      846, 590, 592, -1,
      846, 592, 847, -1,
      847, 592, 848, -1,
      847, 848, 849, -1,
      849, 848, 591, -1,
      849, 591, 850, -1,
      850, 591, 593, -1,
      850, 593, 851, -1,
      852, 853, 604, -1,
      852, 604, 845, -1,
      845, 604, 603, -1,
      845, 603, 854, -1,
      854, 589, 845, -1,
      845, 589, 855, -1,
      845, 855, 590, -1,
      853, 856, 604, -1,
      604, 856, 857, -1,
      604, 857, 858, -1,
      858, 857, 602, -1,
      602, 857, 601, -1,
      601, 857, 859, -1,
      601, 859, 600, -1,
      859, 860, 600, -1,
      600, 860, 861, -1,
      600, 861, 599, -1,
      599, 861, 595, -1,
      862, 863, 597, -1,
      862, 597, 864, -1,
      595, 861, 596, -1,
      596, 861, 865, -1,
      596, 865, 597, -1,
      597, 865, 866, -1,
      597, 866, 864, -1,
      843, 594, 863, -1,
      863, 594, 598, -1,
      863, 598, 597, -1,
      867, 454, 453, -1,
      507, 508, 509, -1,
      468, 471, 472, -1,
      468, 453, 467, -1,
      467, 453, 452, -1,
      467, 452, 593, -1,
      593, 452, 451, -1,
      593, 451, 851, -1,
      527, 528, 529, -1,
      551, 552, 553, -1,
      507, 509, 503, -1,
      868, 869, 870, -1,
      870, 869, 871, -1,
      870, 871, 872, -1,
      527, 529, 523, -1,
      443, 444, 502, -1,
      468, 472, 453, -1,
      453, 472, 873, -1,
      453, 873, 867, -1,
      874, 875, 876, -1,
      876, 875, 877, -1,
      876, 877, 878, -1,
      587, 588, 752, -1,
      551, 553, 546, -1,
      437, 438, 522, -1,
      431, 432, 545, -1,
      515, 442, 441, -1,
      570, 571, 572, -1,
      879, 779, 778, -1,
      880, 839, 838, -1,
      587, 752, 881, -1,
      419, 420, 882, -1,
      450, 883, 449, -1,
      449, 883, 884, -1,
      449, 884, 489, -1,
      489, 884, 483, -1,
      489, 483, 488, -1,
      502, 503, 443, -1,
      443, 503, 509, -1,
      443, 509, 445, -1,
      445, 509, 510, -1,
      445, 510, 441, -1,
      441, 510, 514, -1,
      441, 514, 515, -1,
      885, 430, 429, -1,
      428, 427, 851, -1,
      886, 764, 763, -1,
      879, 778, 887, -1,
      490, 494, 447, -1,
      447, 494, 495, -1,
      447, 495, 448, -1,
      436, 435, 535, -1,
      535, 435, 534, -1,
      522, 523, 437, -1,
      437, 523, 529, -1,
      437, 529, 439, -1,
      439, 529, 530, -1,
      421, 851, 422, -1,
      422, 851, 427, -1,
      422, 427, 423, -1,
      423, 427, 425, -1,
      888, 794, 793, -1,
      889, 890, 891, -1,
      545, 546, 431, -1,
      431, 546, 553, -1,
      431, 553, 433, -1,
      433, 553, 554, -1,
      433, 554, 429, -1,
      429, 554, 892, -1,
      429, 892, 885, -1,
      440, 439, 851, -1,
      426, 893, 425, -1,
      425, 893, 894, -1,
      895, 896, 897, -1,
      897, 896, 898, -1,
      882, 881, 419, -1,
      419, 881, 752, -1,
      419, 752, 421, -1,
      421, 752, 899, -1,
      900, 901, 902, -1,
      903, 904, 851, -1,
      905, 809, 808, -1,
      441, 440, 445, -1,
      445, 440, 851, -1,
      445, 851, 446, -1,
      446, 851, 451, -1,
      446, 451, 447, -1,
      447, 451, 449, -1,
      447, 449, 490, -1,
      490, 449, 489, -1,
      424, 423, 906, -1,
      906, 423, 907, -1,
      907, 423, 573, -1,
      573, 423, 425, -1,
      573, 425, 572, -1,
      572, 425, 894, -1,
      572, 894, 570, -1,
      908, 909, 910, -1,
      902, 903, 911, -1,
      911, 903, 851, -1,
      911, 851, 912, -1,
      429, 428, 433, -1,
      433, 428, 851, -1,
      433, 851, 434, -1,
      434, 851, 439, -1,
      434, 439, 435, -1,
      435, 439, 530, -1,
      435, 530, 534, -1,
      913, 914, 909, -1,
      909, 914, 915, -1,
      891, 887, 889, -1,
      889, 887, 778, -1,
      889, 778, 911, -1,
      911, 778, 916, -1,
      911, 916, 902, -1,
      902, 916, 917, -1,
      902, 917, 900, -1,
      910, 912, 908, -1,
      908, 912, 851, -1,
      908, 851, 918, -1,
      918, 851, 421, -1,
      918, 421, 896, -1,
      896, 421, 899, -1,
      896, 899, 898, -1,
      919, 851, 920, -1,
      920, 851, 904, -1,
      920, 904, 921, -1,
      921, 904, 922, -1,
      826, 868, 827, -1,
      827, 868, 870, -1,
      827, 870, 878, -1,
      878, 870, 923, -1,
      878, 923, 876, -1,
      876, 923, 924, -1,
      925, 910, 926, -1,
      926, 910, 927, -1,
      927, 910, 928, -1,
      928, 910, 909, -1,
      928, 909, 763, -1,
      763, 909, 915, -1,
      763, 915, 886, -1,
      929, 930, 922, -1,
      922, 930, 931, -1,
      924, 851, 932, -1,
      932, 851, 919, -1,
      932, 919, 933, -1,
      933, 919, 934, -1,
      935, 921, 936, -1,
      936, 921, 937, -1,
      937, 921, 938, -1,
      938, 921, 922, -1,
      938, 922, 793, -1,
      793, 922, 931, -1,
      793, 931, 888, -1,
      939, 940, 934, -1,
      934, 940, 941, -1,
      942, 943, 944, -1,
      944, 943, 945, -1,
      946, 933, 947, -1,
      947, 933, 948, -1,
      948, 933, 949, -1,
      949, 933, 934, -1,
      949, 934, 808, -1,
      808, 934, 941, -1,
      808, 941, 905, -1,
      924, 923, 851, -1,
      851, 923, 950, -1,
      851, 950, 951, -1,
      951, 950, 944, -1,
      951, 944, 838, -1,
      838, 944, 945, -1,
      838, 945, 880, -1,
      288, 286, 283, -1,
      952, 953, 954, -1,
      295, 294, 276, -1,
      955, 956, 957, -1,
      958, 959, 954, -1,
      960, 961, 962, -1,
      953, 963, 964, -1,
      965, 966, 957, -1,
      967, 968, 969, -1,
      952, 954, 970, -1,
      971, 972, 973, -1,
      956, 974, 975, -1,
      976, 977, 962, -1,
      291, 978, 293, -1,
      293, 978, 979, -1,
      980, 981, 982, -1,
      980, 973, 983, -1,
      983, 973, 984, -1,
      983, 984, 985, -1,
      985, 984, 986, -1,
      955, 957, 987, -1,
      961, 988, 989, -1,
      990, 991, 969, -1,
      992, 993, 994, -1,
      953, 964, 954, -1,
      954, 964, 995, -1,
      954, 995, 958, -1,
      996, 997, 998, -1,
      276, 294, 275, -1,
      275, 294, 293, -1,
      275, 293, 283, -1,
      283, 293, 979, -1,
      283, 979, 288, -1,
      999, 985, 1000, -1,
      1000, 985, 986, -1,
      1000, 986, 954, -1,
      954, 986, 996, -1,
      954, 996, 970, -1,
      970, 996, 998, -1,
      960, 962, 1001, -1,
      968, 1002, 1003, -1,
      1004, 1005, 1006, -1,
      1007, 1008, 410, -1,
      956, 975, 957, -1,
      957, 975, 1009, -1,
      957, 1009, 965, -1,
      1010, 1011, 1012, -1,
      1012, 987, 1010, -1,
      1010, 987, 957, -1,
      1010, 957, 999, -1,
      999, 957, 1013, -1,
      999, 1013, 985, -1,
      985, 1013, 1014, -1,
      967, 969, 1015, -1,
      1004, 994, 1016, -1,
      1016, 994, 1017, -1,
      397, 388, 387, -1,
      980, 982, 973, -1,
      973, 982, 1018, -1,
      973, 1018, 971, -1,
      961, 989, 962, -1,
      962, 989, 1019, -1,
      962, 1019, 976, -1,
      1020, 1021, 1022, -1,
      1022, 1001, 1020, -1,
      1020, 1001, 962, -1,
      1020, 962, 1014, -1,
      1014, 962, 1023, -1,
      1014, 1023, 985, -1,
      985, 1023, 1024, -1,
      1025, 411, 410, -1,
      400, 398, 395, -1,
      372, 363, 362, -1,
      968, 1003, 969, -1,
      969, 1003, 1026, -1,
      969, 1026, 990, -1,
      1027, 1028, 1029, -1,
      1004, 1006, 994, -1,
      994, 1006, 1030, -1,
      994, 1030, 992, -1,
      1031, 1032, 1033, -1,
      1033, 1032, 1034, -1,
      1017, 1035, 985, -1,
      1008, 418, 417, -1,
      400, 387, 401, -1,
      401, 387, 386, -1,
      401, 386, 407, -1,
      375, 373, 370, -1,
      307, 306, 296, -1,
      1029, 1015, 1027, -1,
      1027, 1015, 969, -1,
      1027, 969, 1024, -1,
      1024, 969, 1036, -1,
      1024, 1036, 985, -1,
      985, 1036, 1037, -1,
      985, 1037, 1017, -1,
      1017, 1037, 1032, -1,
      1017, 1032, 1016, -1,
      1016, 1032, 1031, -1,
      1007, 410, 1038, -1,
      375, 362, 376, -1,
      376, 362, 361, -1,
      350, 349, 338, -1,
      1039, 317, 316, -1,
      400, 395, 387, -1,
      387, 395, 396, -1,
      387, 396, 397, -1,
      406, 1040, 407, -1,
      407, 1040, 1041, -1,
      407, 1041, 401, -1,
      325, 323, 322, -1,
      1042, 297, 296, -1,
      1008, 417, 410, -1,
      410, 417, 1043, -1,
      410, 1043, 1025, -1,
      1044, 1045, 1046, -1,
      375, 370, 362, -1,
      362, 370, 371, -1,
      362, 371, 372, -1,
      383, 384, 382, -1,
      382, 384, 381, -1,
      346, 339, 338, -1,
      325, 316, 326, -1,
      326, 316, 315, -1,
      306, 304, 298, -1,
      349, 347, 344, -1,
      985, 315, 314, -1,
      307, 296, 1047, -1,
      1046, 1038, 1044, -1,
      1044, 1038, 410, -1,
      1044, 410, 1035, -1,
      1035, 410, 409, -1,
      1035, 409, 985, -1,
      985, 409, 408, -1,
      361, 360, 985, -1,
      350, 338, 358, -1,
      325, 322, 316, -1,
      316, 322, 1048, -1,
      316, 1048, 1039, -1,
      334, 335, 333, -1,
      333, 335, 332, -1,
      306, 298, 296, -1,
      296, 298, 1049, -1,
      296, 1049, 1042, -1,
      383, 376, 384, -1,
      384, 376, 361, -1,
      384, 361, 385, -1,
      385, 361, 985, -1,
      385, 985, 386, -1,
      386, 985, 408, -1,
      386, 408, 407, -1,
      313, 312, 1050, -1,
      1050, 1047, 313, -1,
      313, 1047, 296, -1,
      313, 296, 314, -1,
      314, 296, 295, -1,
      314, 295, 985, -1,
      985, 295, 276, -1,
      349, 344, 338, -1,
      338, 344, 345, -1,
      338, 345, 346, -1,
      359, 356, 357, -1,
      357, 358, 359, -1,
      359, 358, 338, -1,
      359, 338, 360, -1,
      360, 338, 337, -1,
      360, 337, 985, -1,
      985, 337, 336, -1,
      985, 336, 315, -1,
      315, 336, 335, -1,
      315, 335, 326, -1,
      326, 335, 334, -1,
      263, 262, 1051, -1,
      263, 1051, 264, -1,
      1052, 1053, 268, -1,
      1051, 1054, 264, -1,
      264, 1054, 1055, -1,
      264, 1055, 265, -1,
      265, 1055, 266, -1,
      1052, 268, 1056, -1,
      1056, 268, 269, -1,
      1056, 269, 1055, -1,
      1055, 269, 1057, -1,
      1055, 1057, 266, -1,
      1058, 1059, 1060, -1,
      1060, 1059, 270, -1,
      1053, 1061, 268, -1,
      268, 1061, 1058, -1,
      268, 1058, 267, -1,
      267, 1058, 1060, -1,
      271, 1062, 1063, -1,
      271, 1063, 1064, -1,
      1063, 1065, 1064, -1,
      1064, 1065, 1066, -1,
      1064, 1066, 1067, -1,
      1059, 1068, 270, -1,
      270, 1068, 1063, -1,
      270, 1063, 272, -1,
      272, 1063, 1062, -1,
      1067, 1069, 1064, -1,
      1064, 1069, 1070, -1,
      1064, 1070, 273, -1,
      273, 1070, 274, -1,
      274, 1070, 1071, -1,
      274, 1071, 1072, -1,
      1071, 1073, 1072, -1,
      1072, 1073, 985, -1,
      1072, 985, 276, -1,
      1074, 281, 1075, -1,
      418, 1008, 414, -1,
      414, 1008, 1076, -1,
      416, 415, 1077, -1,
      1077, 415, 414, -1,
      1077, 414, 1078, -1,
      1078, 414, 1076, -1,
      1079, 413, 1080, -1,
      416, 1077, 412, -1,
      412, 1077, 1081, -1,
      412, 1081, 1080, -1,
      1080, 1081, 1082, -1,
      1080, 1082, 1079, -1,
      290, 255, 281, -1,
      255, 254, 281, -1,
      281, 254, 256, -1,
      281, 256, 257, -1,
      281, 1083, 253, -1,
      249, 248, 1084, -1,
      1084, 248, 251, -1,
      1084, 251, 250, -1,
      246, 1084, 247, -1,
      247, 1084, 244, -1,
      243, 1084, 1085, -1,
      1085, 1084, 1086, -1,
      241, 1084, 1087, -1,
      1087, 1084, 1088, -1,
      413, 1079, 241, -1,
      241, 1079, 1089, -1,
      241, 1089, 1084, -1,
      1089, 1090, 1084, -1,
      1084, 1090, 1091, -1,
      1084, 1091, 1092, -1,
      1093, 1084, 1094, -1,
      1094, 1084, 1095, -1,
      1096, 1097, 1084, -1,
      1084, 1097, 1098, -1,
      1099, 1084, 1100, -1,
      1100, 1084, 1101, -1,
      1102, 1103, 1084, -1,
      1104, 1102, 1105, -1,
      1105, 1102, 1084, -1,
      1105, 1084, 1106, -1,
      1106, 1084, 1107, -1,
      1103, 1108, 1084, -1,
      1084, 1108, 1109, -1,
      1084, 1109, 1110, -1,
      1110, 1109, 1111, -1,
      1110, 1111, 1112, -1,
      1088, 1084, 240, -1,
      240, 1084, 243, -1,
      240, 243, 404, -1,
      404, 243, 391, -1,
      404, 391, 390, -1,
      394, 402, 389, -1,
      389, 402, 1113, -1,
      389, 1113, 390, -1,
      390, 1113, 405, -1,
      390, 405, 404, -1,
      398, 400, 392, -1,
      392, 400, 399, -1,
      394, 393, 402, -1,
      402, 393, 392, -1,
      402, 392, 403, -1,
      403, 392, 399, -1,
      1086, 1084, 242, -1,
      242, 1084, 246, -1,
      242, 246, 379, -1,
      379, 246, 366, -1,
      379, 366, 365, -1,
      369, 377, 364, -1,
      364, 377, 1114, -1,
      364, 1114, 365, -1,
      365, 1114, 380, -1,
      365, 380, 379, -1,
      373, 375, 367, -1,
      367, 375, 374, -1,
      369, 368, 377, -1,
      377, 368, 367, -1,
      377, 367, 378, -1,
      378, 367, 374, -1,
      244, 1084, 245, -1,
      245, 1084, 250, -1,
      245, 250, 353, -1,
      353, 250, 340, -1,
      353, 340, 1115, -1,
      343, 351, 1116, -1,
      1116, 351, 355, -1,
      1116, 355, 1115, -1,
      1115, 355, 354, -1,
      1115, 354, 353, -1,
      347, 349, 341, -1,
      341, 349, 348, -1,
      343, 342, 351, -1,
      351, 342, 341, -1,
      351, 341, 352, -1,
      352, 341, 348, -1,
      253, 318, 329, -1,
      329, 318, 1117, -1,
      321, 327, 1118, -1,
      1118, 327, 331, -1,
      1118, 331, 1117, -1,
      1117, 331, 330, -1,
      1117, 330, 329, -1,
      323, 325, 319, -1,
      319, 325, 324, -1,
      321, 320, 327, -1,
      327, 320, 319, -1,
      327, 319, 328, -1,
      328, 319, 324, -1,
      300, 1119, 301, -1,
      301, 1119, 310, -1,
      301, 310, 257, -1,
      257, 310, 252, -1,
      257, 252, 281, -1,
      281, 252, 1120, -1,
      281, 1120, 1083, -1,
      305, 299, 1121, -1,
      304, 306, 302, -1,
      302, 306, 305, -1,
      302, 305, 303, -1,
      303, 305, 1121, -1,
      305, 309, 299, -1,
      299, 309, 308, -1,
      299, 308, 300, -1,
      300, 308, 311, -1,
      300, 311, 1119, -1,
      281, 1122, 290, -1,
      290, 1122, 280, -1,
      290, 280, 1123, -1,
      279, 292, 280, -1,
      280, 292, 1124, -1,
      280, 1124, 1123, -1,
      287, 285, 286, -1,
      286, 285, 284, -1,
      286, 284, 283, -1,
      279, 278, 292, -1,
      292, 278, 285, -1,
      292, 285, 289, -1,
      289, 285, 287, -1,
      329, 249, 253, -1,
      253, 249, 1084, -1,
      253, 1084, 281, -1,
      281, 1084, 1125, -1,
      281, 1125, 1075, -1,
      259, 1126, 1127, -1,
      259, 1127, 260, -1,
      259, 1128, 1126, -1,
      1126, 1128, 277, -1,
      1126, 277, 1075, -1,
      1075, 277, 282, -1,
      1075, 282, 1074, -1,
      1127, 1129, 260, -1,
      260, 1129, 1130, -1,
      260, 1130, 1131, -1,
      1131, 1130, 1132, -1,
      1131, 1132, 261, -1,
      261, 1132, 1133, -1,
      1133, 1132, 1134, -1,
      1133, 1134, 258, -1,
      1135, 1136, 1137, -1,
      1137, 1136, 1138, -1,
      1137, 1138, 1139, -1,
      1139, 1138, 1112, -1,
      1139, 1112, 1140, -1,
      1140, 1112, 1111, -1,
      1137, 1141, 1135, -1,
      1135, 1141, 1142, -1,
      1135, 1142, 1143, -1,
      1143, 1142, 981, -1,
      1143, 981, 980, -1,
      1144, 1145, 1146, -1,
      1105, 1147, 1104, -1,
      1104, 1147, 1148, -1,
      1104, 1148, 1149, -1,
      1149, 1148, 1150, -1,
      1149, 1150, 1146, -1,
      1146, 1150, 1151, -1,
      1146, 1151, 1144, -1,
      963, 953, 1145, -1,
      1145, 953, 1152, -1,
      1152, 1153, 1145, -1,
      1145, 1153, 1154, -1,
      1145, 1154, 1146, -1,
      1107, 1084, 1155, -1,
      1155, 1084, 1099, -1,
      1155, 1099, 1156, -1,
      1156, 1099, 1157, -1,
      1156, 1157, 1158, -1,
      1159, 1160, 1161, -1,
      1161, 1160, 1162, -1,
      1161, 1162, 1158, -1,
      1158, 1162, 1163, -1,
      1158, 1163, 1156, -1,
      974, 956, 1164, -1,
      1164, 956, 1165, -1,
      1159, 1166, 1160, -1,
      1160, 1166, 1164, -1,
      1160, 1164, 1167, -1,
      1167, 1164, 1165, -1,
      1101, 1084, 1168, -1,
      1168, 1084, 1098, -1,
      1168, 1098, 1169, -1,
      1169, 1098, 1170, -1,
      1169, 1170, 1171, -1,
      1172, 1173, 1174, -1,
      1174, 1173, 1175, -1,
      1174, 1175, 1171, -1,
      1171, 1175, 1176, -1,
      1171, 1176, 1169, -1,
      988, 961, 1177, -1,
      1177, 961, 1178, -1,
      1172, 1179, 1173, -1,
      1173, 1179, 1177, -1,
      1173, 1177, 1180, -1,
      1180, 1177, 1178, -1,
      1096, 1084, 1181, -1,
      1181, 1084, 1093, -1,
      1181, 1093, 1182, -1,
      1182, 1093, 1183, -1,
      1182, 1183, 1184, -1,
      1185, 1186, 1187, -1,
      1187, 1186, 1188, -1,
      1187, 1188, 1184, -1,
      1184, 1188, 1189, -1,
      1184, 1189, 1182, -1,
      1002, 968, 1190, -1,
      1190, 968, 1191, -1,
      1185, 1192, 1186, -1,
      1186, 1192, 1190, -1,
      1186, 1190, 1193, -1,
      1193, 1190, 1191, -1,
      1095, 1084, 1194, -1,
      1194, 1084, 1092, -1,
      1194, 1092, 1195, -1,
      1195, 1092, 1196, -1,
      1195, 1196, 1197, -1,
      1198, 1199, 1200, -1,
      1200, 1199, 1201, -1,
      1200, 1201, 1197, -1,
      1197, 1201, 1202, -1,
      1197, 1202, 1195, -1,
      1005, 1004, 1203, -1,
      1203, 1004, 1204, -1,
      1198, 1205, 1199, -1,
      1199, 1205, 1203, -1,
      1199, 1203, 1206, -1,
      1206, 1203, 1204, -1,
      234, 1207, 1208, -1,
      1209, 258, 1210, -1,
      1210, 258, 1211, -1,
      220, 219, 1208, -1,
      1212, 1213, 1214, -1,
      234, 1208, 455, -1,
      455, 1208, 1215, -1,
      455, 1215, 703, -1,
      1209, 1216, 258, -1,
      258, 1216, 1208, -1,
      258, 1208, 218, -1,
      218, 1208, 219, -1,
      1217, 230, 236, -1,
      236, 230, 1218, -1,
      1213, 1219, 1214, -1,
      1214, 1219, 1220, -1,
      1214, 1220, 1221, -1,
      1134, 1214, 258, -1,
      258, 1214, 1221, -1,
      258, 1221, 1211, -1,
      226, 225, 1207, -1,
      223, 222, 1208, -1,
      1208, 222, 221, -1,
      1208, 221, 220, -1,
      1217, 237, 230, -1,
      230, 237, 1222, -1,
      230, 1222, 238, -1,
      238, 1223, 230, -1,
      230, 1223, 239, -1,
      230, 239, 1224, -1,
      1225, 1226, 1227, -1,
      217, 229, 1207, -1,
      1207, 225, 1208, -1,
      1208, 225, 224, -1,
      1208, 224, 223, -1,
      1224, 233, 230, -1,
      230, 233, 232, -1,
      230, 232, 231, -1,
      1212, 1214, 1227, -1,
      1227, 1214, 1228, -1,
      1227, 1228, 1225, -1,
      1226, 1229, 1227, -1,
      1227, 1229, 1230, -1,
      1227, 1230, 1231, -1,
      1232, 1233, 1234, -1,
      1234, 1233, 1235, -1,
      1234, 1235, 1231, -1,
      1231, 1235, 1236, -1,
      1231, 1236, 1227, -1,
      229, 228, 1207, -1,
      1207, 228, 227, -1,
      1207, 227, 226, -1,
      1207, 235, 217, -1,
      217, 235, 1218, -1,
      217, 1218, 216, -1,
      216, 1218, 230, -1,
      1237, 1238, 214, -1,
      210, 208, 1239, -1,
      214, 215, 1237, -1,
      1237, 215, 206, -1,
      1237, 206, 1240, -1,
      1240, 206, 205, -1,
      1240, 205, 1241, -1,
      1241, 205, 213, -1,
      1241, 213, 1242, -1,
      1242, 213, 212, -1,
      1242, 212, 1243, -1,
      1243, 212, 210, -1,
      1243, 210, 1244, -1,
      1244, 210, 1239, -1,
      680, 673, 672, -1,
      1245, 682, 1246, -1,
      1246, 682, 681, -1,
      1246, 681, 1247, -1,
      1245, 1248, 682, -1,
      682, 1248, 1249, -1,
      682, 1249, 683, -1,
      674, 1250, 672, -1,
      672, 1250, 1251, -1,
      672, 1251, 680, -1,
      680, 1251, 1252, -1,
      680, 1252, 681, -1,
      681, 1252, 1253, -1,
      681, 1253, 1247, -1,
      676, 1254, 679, -1,
      679, 1254, 1255, -1,
      679, 1255, 678, -1,
      678, 1255, 1256, -1,
      678, 1256, 674, -1,
      674, 1256, 1257, -1,
      674, 1257, 1250, -1,
      675, 1258, 677, -1,
      677, 1258, 1259, -1,
      677, 1259, 676, -1,
      676, 1259, 1260, -1,
      676, 1260, 1254, -1,
      670, 1261, 671, -1,
      671, 1261, 1262, -1,
      671, 1262, 675, -1,
      675, 1262, 1263, -1,
      675, 1263, 1258, -1,
      1238, 1264, 1265, -1,
      1265, 1266, 1238, -1,
      1238, 1266, 1267, -1,
      1238, 1267, 1268, -1,
      1268, 1269, 1238, -1,
      1238, 1269, 1270, -1,
      1238, 1270, 1271, -1,
      1271, 1272, 1238, -1,
      1238, 1272, 1273, -1,
      1238, 1273, 214, -1,
      214, 1273, 1261, -1,
      1261, 670, 214, -1,
      214, 670, 204, -1,
      214, 204, 202, -1,
      214, 198, 196, -1,
      196, 195, 214, -1,
      214, 195, 193, -1,
      214, 193, 192, -1,
      202, 201, 214, -1,
      214, 201, 199, -1,
      214, 199, 198, -1,
      154, 191, 190, -1,
      1274, 1275, 1276, -1,
      188, 187, 186, -1,
      1277, 1278, 1279, -1,
      1279, 1278, 1276, -1,
      190, 189, 154, -1,
      154, 189, 188, -1,
      154, 188, 184, -1,
      184, 188, 186, -1,
      177, 197, 178, -1,
      178, 197, 176, -1,
      200, 171, 169, -1,
      1277, 1280, 1281, -1,
      1281, 1280, 1282, -1,
      1281, 1282, 1283, -1,
      1277, 1281, 1278, -1,
      1278, 1281, 1284, -1,
      1278, 1284, 1285, -1,
      183, 182, 179, -1,
      179, 182, 194, -1,
      179, 194, 181, -1,
      203, 166, 163, -1,
      1249, 1286, 1287, -1,
      1285, 1288, 1289, -1,
      1289, 1288, 1290, -1,
      1289, 1290, 1291, -1,
      1285, 1289, 1278, -1,
      1278, 1289, 1292, -1,
      1278, 1292, 1293, -1,
      174, 175, 1278, -1,
      1278, 175, 173, -1,
      1278, 173, 169, -1,
      169, 173, 172, -1,
      169, 172, 200, -1,
      1293, 1294, 1295, -1,
      1295, 1294, 1296, -1,
      1295, 1296, 1297, -1,
      1293, 1295, 1278, -1,
      1278, 1295, 1298, -1,
      1278, 1298, 1299, -1,
      1300, 1301, 1302, -1,
      1302, 1301, 1278, -1,
      1302, 1278, 1303, -1,
      1303, 1278, 1299, -1,
      1303, 1299, 1304, -1,
      1304, 1299, 1305, -1,
      176, 174, 178, -1,
      178, 174, 1278, -1,
      178, 1278, 180, -1,
      169, 170, 1278, -1,
      1278, 170, 168, -1,
      1278, 168, 163, -1,
      163, 168, 167, -1,
      163, 167, 203, -1,
      163, 164, 1278, -1,
      1278, 164, 165, -1,
      1278, 165, 1287, -1,
      1287, 165, 683, -1,
      1287, 683, 1249, -1,
      1287, 1306, 1278, -1,
      1278, 1306, 1307, -1,
      1278, 1307, 1276, -1,
      1276, 1307, 1308, -1,
      1276, 1308, 1274, -1,
      184, 185, 154, -1,
      154, 185, 183, -1,
      154, 183, 1278, -1,
      1278, 183, 179, -1,
      1278, 179, 180, -1,
      1309, 151, 1310, -1,
      1310, 151, 152, -1,
      1310, 152, 1311, -1,
      1311, 152, 153, -1,
      1311, 153, 1312, -1,
      1312, 153, 154, -1,
      1312, 154, 1278, -1,
      1313, 162, 1314, -1,
      1314, 162, 158, -1,
      1314, 158, 1315, -1,
      1315, 158, 159, -1,
      1315, 159, 1316, -1,
      1316, 159, 160, -1,
      1316, 160, 1317, -1,
      1317, 160, 161, -1,
      1317, 161, 1318, -1,
      1318, 161, 155, -1,
      1318, 155, 1319, -1,
      1319, 155, 156, -1,
      1319, 156, 1320, -1,
      1320, 156, 1321, -1,
      1320, 1321, 1309, -1,
      1309, 1321, 157, -1,
      1309, 157, 151, -1,
      1322, 1239, 1323, -1,
      1323, 1239, 208, -1,
      1323, 208, 207, -1,
      1324, 1325, 1326, -1,
      1327, 1328, 1329, -1,
      1329, 1328, 1330, -1,
      54, 53, 52, -1,
      684, 76, 1331, -1,
      1331, 76, 1324, -1,
      1331, 1324, 1332, -1,
      1332, 1324, 1326, -1,
      1333, 1334, 1330, -1,
      1330, 1334, 1335, -1,
      162, 1313, 51, -1,
      51, 1313, 54, -1,
      51, 54, 50, -1,
      50, 54, 52, -1,
      1335, 1336, 1330, -1,
      1330, 1336, 1337, -1,
      1330, 1337, 1329, -1,
      1329, 1337, 1051, -1,
      1329, 1051, 1338, -1,
      1338, 1051, 262, -1,
      58, 57, 59, -1,
      59, 57, 56, -1,
      59, 56, 60, -1,
      60, 56, 594, -1,
      60, 594, 844, -1,
      1330, 1339, 1333, -1,
      1333, 1339, 1324, -1,
      1333, 1324, 844, -1,
      844, 1324, 76, -1,
      844, 76, 60, -1,
      64, 55, 65, -1,
      65, 55, 54, -1,
      65, 54, 262, -1,
      262, 54, 1313, -1,
      262, 1313, 1338, -1,
      64, 63, 55, -1,
      55, 63, 62, -1,
      55, 62, 56, -1,
      56, 62, 61, -1,
      56, 61, 594, -1,
      1340, 1341, 1342, -1,
      1343, 1344, 1342, -1,
      1342, 1344, 1345, -1,
      632, 630, 631, -1,
      631, 630, 629, -1,
      1346, 1347, 606, -1,
      624, 622, 623, -1,
      623, 622, 615, -1,
      623, 615, 625, -1,
      1348, 1349, 1350, -1,
      1350, 1349, 1351, -1,
      1352, 1353, 1354, -1,
      1354, 1353, 1355, -1,
      1345, 1350, 1342, -1,
      1342, 1350, 1351, -1,
      1342, 1351, 1340, -1,
      1340, 1351, 1354, -1,
      1340, 1354, 606, -1,
      606, 1354, 1355, -1,
      606, 1355, 1346, -1,
      1356, 1357, 1347, -1,
      1347, 1357, 1358, -1,
      1347, 1358, 606, -1,
      606, 1358, 1359, -1,
      606, 1359, 1360, -1,
      1361, 1362, 1360, -1,
      1360, 1362, 1363, -1,
      1360, 1363, 606, -1,
      606, 1363, 1364, -1,
      606, 1364, 1365, -1,
      1366, 1367, 1365, -1,
      1365, 1367, 1368, -1,
      1365, 1368, 606, -1,
      606, 1368, 1369, -1,
      606, 1369, 1370, -1,
      1371, 1372, 1370, -1,
      1370, 1372, 1373, -1,
      1370, 1373, 606, -1,
      606, 1373, 1374, -1,
      606, 1374, 1375, -1,
      1376, 655, 1375, -1,
      1375, 655, 653, -1,
      1375, 653, 606, -1,
      606, 653, 654, -1,
      606, 654, 651, -1,
      652, 650, 651, -1,
      651, 650, 648, -1,
      651, 648, 606, -1,
      606, 648, 649, -1,
      606, 649, 646, -1,
      647, 645, 646, -1,
      646, 645, 643, -1,
      646, 643, 606, -1,
      606, 643, 644, -1,
      606, 644, 641, -1,
      627, 628, 626, -1,
      642, 640, 641, -1,
      641, 640, 638, -1,
      641, 638, 606, -1,
      606, 638, 639, -1,
      606, 639, 636, -1,
      615, 608, 606, -1,
      634, 606, 633, -1,
      633, 606, 636, -1,
      633, 636, 635, -1,
      635, 636, 637, -1,
      626, 625, 627, -1,
      627, 625, 615, -1,
      627, 615, 629, -1,
      629, 615, 606, -1,
      629, 606, 631, -1,
      631, 606, 634, -1,
      1377, 1378, 1379, -1,
      622, 624, 103, -1,
      1344, 1343, 1380, -1,
      1380, 1343, 1381, -1,
      1380, 1381, 1382, -1,
      1383, 1384, 1385, -1,
      1386, 1387, 1388, -1,
      620, 621, 622, -1,
      1349, 1348, 1389, -1,
      1389, 1348, 1390, -1,
      1344, 1380, 1391, -1,
      1391, 1380, 1392, -1,
      1391, 1392, 1390, -1,
      1390, 1392, 1393, -1,
      1390, 1393, 1389, -1,
      103, 102, 105, -1,
      1389, 1394, 1395, -1,
      1396, 1397, 1395, -1,
      1395, 1397, 1398, -1,
      1395, 1398, 1389, -1,
      1389, 1398, 1386, -1,
      1389, 1386, 1399, -1,
      1399, 1386, 1388, -1,
      1400, 1401, 1402, -1,
      1381, 1403, 1404, -1,
      1405, 1406, 1407, -1,
      1407, 1408, 1389, -1,
      1409, 1410, 1411, -1,
      1411, 1410, 1412, -1,
      1413, 1353, 1352, -1,
      105, 104, 103, -1,
      103, 104, 108, -1,
      103, 108, 622, -1,
      622, 108, 616, -1,
      622, 616, 617, -1,
      1404, 1414, 1381, -1,
      1381, 1414, 1415, -1,
      1381, 1415, 1382, -1,
      1416, 1417, 150, -1,
      1418, 1357, 1356, -1,
      617, 618, 622, -1,
      622, 618, 619, -1,
      622, 619, 620, -1,
      1419, 1420, 1407, -1,
      1406, 1421, 1407, -1,
      1407, 1421, 1422, -1,
      1407, 1422, 1423, -1,
      1399, 1411, 1389, -1,
      1389, 1411, 1412, -1,
      1389, 1412, 1424, -1,
      1424, 1412, 1400, -1,
      1424, 1400, 1425, -1,
      1425, 1400, 1402, -1,
      148, 147, 146, -1,
      1426, 1362, 1361, -1,
      1420, 1427, 1407, -1,
      1407, 1427, 1428, -1,
      1407, 1428, 1405, -1,
      1429, 1430, 1408, -1,
      1408, 1430, 1431, -1,
      1408, 1431, 1389, -1,
      1389, 1431, 1383, -1,
      1389, 1383, 1394, -1,
      1394, 1383, 1385, -1,
      144, 143, 142, -1,
      1432, 1367, 1366, -1,
      1433, 1434, 1407, -1,
      140, 139, 138, -1,
      1435, 1372, 1371, -1,
      1434, 1436, 1407, -1,
      1407, 1436, 1437, -1,
      1407, 1437, 1419, -1,
      1352, 1424, 1413, -1,
      1413, 1424, 1425, -1,
      1413, 1425, 1438, -1,
      1438, 1425, 1416, -1,
      1438, 1416, 149, -1,
      149, 1416, 150, -1,
      136, 135, 134, -1,
      1393, 1377, 1389, -1,
      1389, 1377, 1379, -1,
      1389, 1379, 1407, -1,
      1407, 1379, 1439, -1,
      1407, 1439, 1433, -1,
      1356, 1438, 1418, -1,
      1418, 1438, 149, -1,
      1418, 149, 1440, -1,
      1440, 149, 148, -1,
      1440, 148, 145, -1,
      145, 148, 146, -1,
      107, 106, 125, -1,
      90, 655, 1376, -1,
      1361, 1440, 1426, -1,
      1426, 1440, 145, -1,
      1426, 145, 1441, -1,
      1441, 145, 144, -1,
      1441, 144, 141, -1,
      141, 144, 142, -1,
      101, 105, 628, -1,
      628, 105, 102, -1,
      628, 102, 626, -1,
      1366, 1441, 1432, -1,
      1432, 1441, 141, -1,
      1432, 141, 1442, -1,
      1442, 141, 140, -1,
      1442, 140, 137, -1,
      137, 140, 138, -1,
      125, 124, 107, -1,
      107, 124, 123, -1,
      107, 123, 118, -1,
      106, 105, 125, -1,
      125, 105, 128, -1,
      125, 128, 126, -1,
      126, 128, 127, -1,
      1371, 1442, 1435, -1,
      1435, 1442, 137, -1,
      1435, 137, 1443, -1,
      1443, 137, 136, -1,
      1443, 136, 133, -1,
      133, 136, 134, -1,
      630, 632, 100, -1,
      100, 632, 99, -1,
      98, 635, 637, -1,
      92, 650, 652, -1,
      115, 112, 116, -1,
      116, 112, 120, -1,
      112, 114, 120, -1,
      120, 114, 113, -1,
      120, 113, 118, -1,
      118, 113, 109, -1,
      118, 109, 107, -1,
      128, 97, 96, -1,
      640, 642, 96, -1,
      96, 642, 95, -1,
      96, 95, 128, -1,
      645, 647, 94, -1,
      94, 647, 93, -1,
      132, 131, 130, -1,
      637, 97, 98, -1,
      98, 97, 128, -1,
      98, 128, 99, -1,
      99, 128, 105, -1,
      99, 105, 100, -1,
      100, 105, 101, -1,
      95, 94, 128, -1,
      128, 94, 93, -1,
      128, 93, 129, -1,
      129, 93, 92, -1,
      129, 92, 91, -1,
      91, 92, 652, -1,
      130, 129, 132, -1,
      132, 129, 91, -1,
      132, 91, 133, -1,
      133, 91, 90, -1,
      133, 90, 1443, -1,
      1443, 90, 1376, -1,
      614, 1444, 1445, -1,
      614, 1445, 610, -1,
      610, 1445, 1446, -1,
      610, 1446, 611, -1,
      611, 1446, 1447, -1,
      611, 1447, 612, -1,
      612, 1447, 1448, -1,
      612, 1448, 613, -1,
      613, 1448, 1449, -1,
      613, 1449, 609, -1,
      609, 1449, 1450, -1,
      609, 1450, 607, -1,
      607, 1450, 1451, -1,
      607, 1451, 605, -1,
      1340, 606, 1451, -1,
      1451, 606, 605, -1,
      1452, 668, 669, -1,
      1453, 659, 1454, -1,
      1454, 659, 656, -1,
      1454, 656, 1455, -1,
      1456, 658, 1457, -1,
      1457, 658, 659, -1,
      1457, 659, 1458, -1,
      1458, 659, 1453, -1,
      661, 660, 657, -1,
      661, 657, 663, -1,
      667, 1459, 666, -1,
      666, 1459, 1460, -1,
      666, 1460, 669, -1,
      669, 1460, 1461, -1,
      669, 1461, 1452, -1,
      665, 1462, 664, -1,
      664, 1462, 1463, -1,
      664, 1463, 667, -1,
      667, 1463, 1464, -1,
      667, 1464, 1459, -1,
      1456, 1465, 658, -1,
      658, 1465, 1466, -1,
      658, 1466, 657, -1,
      657, 1466, 1467, -1,
      657, 1467, 663, -1,
      663, 1467, 662, -1,
      1467, 1468, 662, -1,
      662, 1468, 1469, -1,
      662, 1469, 665, -1,
      665, 1469, 1470, -1,
      665, 1470, 1462, -1,
      1471, 1444, 1472, -1,
      1472, 1444, 1473, -1,
      89, 88, 614, -1,
      614, 88, 87, -1,
      87, 85, 614, -1,
      614, 85, 84, -1,
      614, 84, 82, -1,
      82, 81, 614, -1,
      614, 81, 79, -1,
      614, 79, 78, -1,
      1474, 1475, 1444, -1,
      1444, 1475, 1476, -1,
      1444, 1476, 1477, -1,
      1477, 1478, 1444, -1,
      1444, 1478, 1479, -1,
      1444, 1479, 1473, -1,
      78, 668, 614, -1,
      614, 668, 1452, -1,
      614, 1452, 1444, -1,
      1444, 1452, 1480, -1,
      1444, 1480, 1474, -1,
      1481, 1482, 1483, -1,
      1484, 1485, 1486, -1,
      1487, 1488, 699, -1,
      699, 1488, 1489, -1,
      699, 1489, 1490, -1,
      1491, 1492, 1493, -1,
      1494, 1495, 1490, -1,
      1490, 1495, 1496, -1,
      1490, 1496, 699, -1,
      699, 1496, 1497, -1,
      699, 1497, 1498, -1,
      1499, 1500, 1501, -1,
      1502, 1481, 1498, -1,
      1498, 1481, 1483, -1,
      1498, 1483, 699, -1,
      699, 1483, 1503, -1,
      699, 1503, 1504, -1,
      1455, 656, 48, -1,
      1505, 1484, 1504, -1,
      1504, 1484, 1486, -1,
      1504, 1486, 699, -1,
      699, 1486, 1506, -1,
      699, 1506, 1507, -1,
      77, 45, 43, -1,
      1508, 1491, 1507, -1,
      1507, 1491, 1493, -1,
      1507, 1493, 699, -1,
      699, 1493, 1509, -1,
      699, 1509, 1510, -1,
      80, 40, 38, -1,
      1511, 1499, 1510, -1,
      1510, 1499, 1501, -1,
      1510, 1501, 699, -1,
      699, 1501, 1512, -1,
      699, 1512, 1513, -1,
      1514, 1455, 1513, -1,
      1513, 1455, 48, -1,
      1513, 48, 699, -1,
      699, 48, 49, -1,
      699, 49, 47, -1,
      86, 30, 28, -1,
      46, 77, 47, -1,
      47, 77, 43, -1,
      47, 43, 699, -1,
      699, 43, 44, -1,
      699, 44, 42, -1,
      41, 80, 42, -1,
      42, 80, 38, -1,
      42, 38, 699, -1,
      699, 38, 39, -1,
      35, 33, 83, -1,
      83, 33, 37, -1,
      83, 37, 36, -1,
      22, 21, 23, -1,
      23, 21, 20, -1,
      23, 20, 24, -1,
      24, 20, 27, -1,
      24, 27, 25, -1,
      25, 27, 26, -1,
      39, 37, 699, -1,
      699, 37, 33, -1,
      699, 33, 20, -1,
      20, 33, 34, -1,
      20, 34, 32, -1,
      31, 86, 32, -1,
      32, 86, 28, -1,
      32, 28, 20, -1,
      20, 28, 29, -1,
      20, 29, 27, -1,
      1515, 1516, 1517, -1,
      1518, 1519, 1520, -1,
      211, 111, 110, -1,
      1521, 1522, 1322, -1,
      1523, 1524, 1525, -1,
      1526, 1527, 1528, -1,
      1529, 1530, 1531, -1,
      1532, 1533, 1534, -1,
      1535, 1536, 1537, -1,
      1538, 1539, 1540, -1,
      1541, 1542, 1543, -1,
      1544, 1545, 1546, -1,
      1547, 1548, 1549, -1,
      1550, 1551, 1552, -1,
      1552, 1551, 1553, -1,
      1552, 1553, 1554, -1,
      1554, 1553, 1547, -1,
      1554, 1547, 1555, -1,
      1555, 1547, 1549, -1,
      1556, 1557, 1534, -1,
      1556, 1534, 1558, -1,
      1557, 1556, 1551, -1,
      1551, 1556, 1559, -1,
      1551, 1559, 1553, -1,
      1534, 1560, 1558, -1,
      1558, 1560, 1561, -1,
      1558, 1561, 1562, -1,
      1563, 1564, 1560, -1,
      1560, 1564, 1565, -1,
      1560, 1565, 1561, -1,
      1566, 1567, 1568, -1,
      1569, 1570, 1571, -1,
      1560, 1572, 1573, -1,
      1569, 1571, 1566, -1,
      1566, 1571, 1574, -1,
      1566, 1574, 1567, -1,
      1573, 1575, 1560, -1,
      1560, 1575, 1576, -1,
      1560, 1576, 1563, -1,
      1577, 1578, 1569, -1,
      1569, 1578, 1579, -1,
      1569, 1579, 1570, -1,
      1580, 1581, 1582, -1,
      1546, 1545, 1580, -1,
      1580, 1545, 1583, -1,
      1580, 1583, 1581, -1,
      1584, 1585, 1586, -1,
      1587, 1588, 1589, -1,
      1589, 1588, 1590, -1,
      1584, 1586, 1591, -1,
      1592, 1593, 1594, -1,
      1595, 1596, 1597, -1,
      1587, 1598, 1588, -1,
      1588, 1598, 1599, -1,
      1588, 1599, 1600, -1,
      1600, 1599, 1601, -1,
      1602, 1603, 1601, -1,
      1601, 1603, 1604, -1,
      1601, 1604, 1600, -1,
      1605, 1606, 1607, -1,
      1607, 1606, 1608, -1,
      1607, 1608, 1609, -1,
      1595, 1610, 1596, -1,
      1596, 1610, 1611, -1,
      1596, 1611, 1612, -1,
      1612, 1611, 1613, -1,
      1612, 1613, 1614, -1,
      1615, 1616, 1586, -1,
      1586, 1616, 1617, -1,
      1586, 1617, 1591, -1,
      1609, 1618, 1607, -1,
      1607, 1618, 1619, -1,
      1607, 1619, 1592, -1,
      1592, 1619, 1590, -1,
      1592, 1590, 1593, -1,
      1593, 1590, 1588, -1,
      1594, 1620, 1592, -1,
      1592, 1620, 1621, -1,
      1592, 1621, 1622, -1,
      1623, 1624, 1625, -1,
      1625, 1624, 1626, -1,
      1625, 1626, 1614, -1,
      1614, 1626, 1627, -1,
      1614, 1627, 1612, -1,
      1628, 1629, 1601, -1,
      1601, 1629, 1630, -1,
      1601, 1630, 1631, -1,
      1632, 1633, 1634, -1,
      1634, 1633, 1635, -1,
      1634, 1635, 1636, -1,
      1631, 1637, 1601, -1,
      1601, 1637, 1638, -1,
      1601, 1638, 1602, -1,
      1585, 1639, 1640, -1,
      1640, 1639, 1641, -1,
      1639, 1642, 1641, -1,
      1641, 1642, 1643, -1,
      1641, 1643, 1607, -1,
      1607, 1643, 1644, -1,
      1607, 1644, 1605, -1,
      1645, 1646, 1647, -1,
      1647, 1648, 1645, -1,
      1645, 1648, 1649, -1,
      1645, 1649, 1543, -1,
      1541, 1543, 1650, -1,
      1651, 1652, 1649, -1,
      1649, 1653, 1654, -1,
      1651, 1649, 1655, -1,
      1654, 1656, 1649, -1,
      1649, 1656, 1657, -1,
      1649, 1657, 1543, -1,
      1543, 1657, 1658, -1,
      1543, 1658, 1650, -1,
      1652, 1659, 1649, -1,
      1649, 1659, 1660, -1,
      1649, 1660, 1653, -1,
      1661, 1662, 1663, -1,
      1663, 1662, 1664, -1,
      1663, 1664, 1665, -1,
      1666, 1667, 1668, -1,
      1668, 1667, 1669, -1,
      1669, 1670, 1668, -1,
      1668, 1670, 1671, -1,
      1668, 1671, 1649, -1,
      1649, 1671, 1672, -1,
      1649, 1672, 1655, -1,
      1666, 1668, 1663, -1,
      1663, 1668, 1673, -1,
      1663, 1673, 1661, -1,
      1539, 1674, 1675, -1,
      1675, 1674, 1676, -1,
      1676, 1674, 1677, -1,
      1676, 1677, 1646, -1,
      1538, 1540, 1678, -1,
      1679, 1680, 1540, -1,
      1540, 1680, 1681, -1,
      1540, 1681, 1678, -1,
      1682, 1683, 1684, -1,
      1685, 1686, 1687, -1,
      1687, 1686, 1688, -1,
      1687, 1688, 1540, -1,
      1540, 1688, 1689, -1,
      1540, 1689, 1679, -1,
      1690, 1691, 1692, -1,
      1691, 1693, 1692, -1,
      1692, 1693, 1694, -1,
      1692, 1694, 1695, -1,
      1690, 1692, 1696, -1,
      1696, 1692, 1592, -1,
      1696, 1592, 1697, -1,
      1697, 1592, 1698, -1,
      1698, 1592, 1699, -1,
      1698, 1699, 1542, -1,
      1700, 1701, 1702, -1,
      1703, 1704, 1705, -1,
      1703, 1705, 1706, -1,
      1706, 1705, 1707, -1,
      1706, 1707, 1708, -1,
      1702, 1709, 1700, -1,
      1700, 1709, 1710, -1,
      1700, 1710, 1711, -1,
      1708, 1707, 1537, -1,
      1537, 1707, 1712, -1,
      1537, 1712, 1535, -1,
      1708, 1702, 1706, -1,
      1706, 1702, 1701, -1,
      1706, 1701, 1713, -1,
      1713, 1701, 1714, -1,
      1713, 1714, 1715, -1,
      1715, 1714, 1716, -1,
      1715, 1716, 1717, -1,
      1704, 1703, 1718, -1,
      1718, 1703, 1645, -1,
      1718, 1645, 1717, -1,
      1717, 1645, 1543, -1,
      1717, 1543, 1715, -1,
      1719, 1706, 1720, -1,
      1720, 1706, 1721, -1,
      1721, 1706, 1722, -1,
      1722, 1706, 1713, -1,
      1722, 1713, 1723, -1,
      1723, 1713, 1724, -1,
      1723, 1724, 1725, -1,
      1726, 1727, 1728, -1,
      1726, 1728, 1729, -1,
      1730, 1731, 1732, -1,
      1720, 1733, 1719, -1,
      1719, 1733, 1734, -1,
      1719, 1734, 1728, -1,
      1728, 1734, 1735, -1,
      1728, 1735, 1729, -1,
      1732, 1736, 1730, -1,
      1730, 1736, 1737, -1,
      1730, 1737, 1724, -1,
      1724, 1737, 1738, -1,
      1724, 1738, 1725, -1,
      1727, 1739, 1728, -1,
      1728, 1739, 1740, -1,
      1728, 1740, 1730, -1,
      1730, 1740, 1741, -1,
      1730, 1741, 1731, -1,
      1742, 1743, 1744, -1,
      1744, 1743, 1745, -1,
      1744, 1745, 1746, -1,
      1746, 1745, 1747, -1,
      1746, 1747, 1748, -1,
      1748, 1747, 1749, -1,
      1748, 1749, 1750, -1,
      1743, 1751, 1745, -1,
      1745, 1751, 1752, -1,
      1745, 1752, 1730, -1,
      1730, 1752, 1753, -1,
      1730, 1753, 1728, -1,
      1728, 1753, 1754, -1,
      1728, 1754, 1750, -1,
      1750, 1754, 1755, -1,
      1750, 1755, 1748, -1,
      1632, 1623, 1633, -1,
      1633, 1623, 1625, -1,
      1633, 1625, 1756, -1,
      1756, 1625, 1757, -1,
      1756, 1757, 1758, -1,
      1758, 1757, 1759, -1,
      1758, 1759, 1760, -1,
      1760, 1759, 1761, -1,
      1762, 1761, 1640, -1,
      1640, 1761, 1759, -1,
      1640, 1759, 1585, -1,
      1585, 1759, 1757, -1,
      1585, 1757, 1586, -1,
      1762, 1640, 1533, -1,
      1533, 1640, 1566, -1,
      1533, 1566, 1534, -1,
      1534, 1566, 1568, -1,
      1534, 1568, 1560, -1,
      1560, 1568, 1763, -1,
      1560, 1763, 1572, -1,
      1764, 1765, 1766, -1,
      1767, 1768, 1699, -1,
      1534, 1769, 1770, -1,
      1622, 1595, 1592, -1,
      1592, 1595, 1597, -1,
      1592, 1597, 1699, -1,
      1699, 1597, 1771, -1,
      1699, 1771, 1767, -1,
      1772, 1773, 1534, -1,
      1534, 1773, 1774, -1,
      1534, 1774, 1769, -1,
      1768, 1775, 1699, -1,
      1699, 1775, 1776, -1,
      1699, 1776, 1557, -1,
      1765, 1772, 1766, -1,
      1766, 1772, 1534, -1,
      1766, 1534, 1777, -1,
      1777, 1534, 1557, -1,
      1777, 1557, 1778, -1,
      1778, 1557, 1776, -1,
      1770, 1779, 1534, -1,
      1534, 1779, 1780, -1,
      1534, 1780, 1532, -1,
      1781, 1782, 1783, -1,
      1783, 1782, 1784, -1,
      1783, 1784, 1785, -1,
      1783, 1786, 1781, -1,
      1781, 1786, 1787, -1,
      1781, 1787, 1788, -1,
      1788, 1789, 1781, -1,
      1781, 1789, 1790, -1,
      1781, 1790, 1791, -1,
      1791, 1790, 1792, -1,
      1791, 1792, 1793, -1,
      1793, 1792, 1794, -1,
      1793, 1794, 1766, -1,
      1766, 1794, 1795, -1,
      1766, 1795, 1764, -1,
      1796, 1797, 1785, -1,
      1785, 1797, 1798, -1,
      1785, 1798, 1783, -1,
      1799, 1800, 1636, -1,
      1636, 1800, 1801, -1,
      1636, 1801, 1634, -1,
      1799, 1802, 1800, -1,
      1800, 1802, 1803, -1,
      1800, 1803, 1804, -1,
      1804, 1803, 1805, -1,
      1804, 1806, 1807, -1,
      1805, 1808, 1804, -1,
      1804, 1808, 1809, -1,
      1804, 1809, 1810, -1,
      1810, 1811, 1804, -1,
      1804, 1811, 1812, -1,
      1804, 1812, 1806, -1,
      1807, 1813, 1804, -1,
      1804, 1813, 1814, -1,
      1804, 1814, 1815, -1,
      1816, 1817, 1818, -1,
      1818, 1817, 1819, -1,
      1818, 1819, 1525, -1,
      1525, 1819, 1820, -1,
      1525, 1820, 1523, -1,
      1550, 1821, 1822, -1,
      1822, 1821, 1823, -1,
      1822, 1823, 1817, -1,
      1817, 1823, 1824, -1,
      1817, 1824, 1819, -1,
      1552, 1544, 1550, -1,
      1550, 1544, 1546, -1,
      1550, 1546, 1821, -1,
      1821, 1546, 1825, -1,
      1826, 1827, 1828, -1,
      1828, 1827, 1515, -1,
      1829, 1830, 1828, -1,
      1828, 1830, 1831, -1,
      1831, 1832, 1828, -1,
      1828, 1832, 1833, -1,
      1828, 1833, 1826, -1,
      1834, 1835, 1836, -1,
      1836, 1835, 1837, -1,
      1836, 1837, 1838, -1,
      1838, 1837, 1839, -1,
      1838, 1839, 1840, -1,
      1322, 1522, 1841, -1,
      1841, 1522, 1842, -1,
      1841, 1842, 1843, -1,
      1834, 1836, 1844, -1,
      1844, 1836, 1841, -1,
      1844, 1841, 1845, -1,
      1845, 1841, 1843, -1,
      1845, 1843, 1846, -1,
      1846, 1843, 1847, -1,
      1846, 1847, 1848, -1,
      1849, 1850, 1851, -1,
      1851, 1852, 1849, -1,
      1849, 1852, 1853, -1,
      1849, 1853, 1323, -1,
      1323, 1853, 1854, -1,
      1323, 1854, 1322, -1,
      1322, 1854, 1855, -1,
      1322, 1855, 1521, -1,
      1856, 1857, 1858, -1,
      1858, 1857, 1859, -1,
      1856, 1858, 1860, -1,
      1860, 1858, 1861, -1,
      1860, 1861, 1862, -1,
      1859, 1863, 1858, -1,
      1858, 1863, 1864, -1,
      1858, 1864, 1850, -1,
      1850, 1864, 1865, -1,
      1850, 1865, 1851, -1,
      1866, 1867, 1858, -1,
      1858, 1867, 1868, -1,
      1868, 1869, 1858, -1,
      1858, 1869, 1870, -1,
      1858, 1870, 1861, -1,
      1866, 6, 3, -1,
      1519, 1518, 1871, -1,
      1871, 1518, 1872, -1,
      1871, 1872, 1429, -1,
      146, 147, 3, -1,
      3, 147, 0, -1,
      3, 0, 1866, -1,
      1866, 0, 1, -1,
      1866, 1, 2, -1,
      150, 1417, 2, -1,
      2, 1417, 1873, -1,
      2, 1873, 1866, -1,
      1866, 1873, 1874, -1,
      1866, 1874, 1875, -1,
      1872, 1876, 1429, -1,
      1429, 1876, 1877, -1,
      1429, 1877, 1430, -1,
      1402, 1401, 1875, -1,
      1875, 1401, 1878, -1,
      1875, 1878, 1866, -1,
      1866, 1878, 1879, -1,
      1866, 1879, 1880, -1,
      1410, 1409, 1880, -1,
      1880, 1409, 1881, -1,
      1880, 1881, 1866, -1,
      1866, 1881, 1882, -1,
      1866, 1882, 1883, -1,
      1397, 1396, 1884, -1,
      1884, 1396, 1885, -1,
      1884, 1885, 1866, -1,
      1866, 1885, 1886, -1,
      1385, 1384, 1887, -1,
      1887, 1384, 1888, -1,
      1388, 1387, 1883, -1,
      1883, 1387, 1889, -1,
      1883, 1889, 1866, -1,
      1866, 1889, 1890, -1,
      1866, 1890, 1884, -1,
      1877, 1891, 1430, -1,
      1430, 1891, 1892, -1,
      1430, 1892, 1893, -1,
      1893, 1892, 1867, -1,
      1893, 1867, 1888, -1,
      1888, 1867, 1866, -1,
      1888, 1866, 1887, -1,
      1887, 1866, 1886, -1,
      1894, 1895, 1518, -1,
      1518, 1895, 1896, -1,
      1896, 1897, 1518, -1,
      1518, 1897, 1898, -1,
      1518, 1898, 1872, -1,
      1899, 1900, 1516, -1,
      1901, 1902, 1903, -1,
      1904, 1905, 1906, -1,
      1906, 1905, 1907, -1,
      1901, 1903, 1908, -1,
      1909, 1910, 1911, -1,
      1912, 1913, 1905, -1,
      1905, 1913, 1914, -1,
      1905, 1914, 1915, -1,
      1516, 1900, 1911, -1,
      1911, 1900, 1916, -1,
      1911, 1916, 1909, -1,
      1902, 1917, 1903, -1,
      1903, 1917, 1918, -1,
      1903, 1918, 1919, -1,
      1920, 1921, 1922, -1,
      1922, 1921, 1923, -1,
      1922, 1923, 1924, -1,
      1925, 1915, 1926, -1,
      1926, 1915, 1927, -1,
      1926, 1927, 1922, -1,
      1922, 1927, 1928, -1,
      1922, 1928, 1920, -1,
      1925, 1929, 1915, -1,
      1915, 1929, 1930, -1,
      1915, 1930, 1905, -1,
      1905, 1930, 1931, -1,
      1905, 1931, 1907, -1,
      1910, 1932, 1911, -1,
      1911, 1932, 1933, -1,
      1911, 1933, 1934, -1,
      1935, 1936, 1937, -1,
      1937, 1936, 1938, -1,
      1937, 1938, 1903, -1,
      1903, 1938, 1939, -1,
      1903, 1939, 1908, -1,
      1940, 1941, 1903, -1,
      1903, 1941, 1942, -1,
      1903, 1942, 1905, -1,
      1905, 1942, 1943, -1,
      1905, 1943, 1912, -1,
      1944, 1945, 1894, -1,
      1945, 1946, 1894, -1,
      1894, 1946, 1947, -1,
      1894, 1947, 1948, -1,
      1948, 1949, 1894, -1,
      1894, 1949, 1950, -1,
      1894, 1950, 1951, -1,
      1951, 1950, 1935, -1,
      1951, 1935, 1952, -1,
      1952, 1935, 1937, -1,
      1919, 1953, 1903, -1,
      1903, 1953, 1954, -1,
      1903, 1954, 1955, -1,
      1955, 1956, 1903, -1,
      1903, 1956, 1957, -1,
      1903, 1957, 1940, -1,
      1958, 1959, 1960, -1,
      1960, 1915, 1958, -1,
      1958, 1915, 1914, -1,
      1958, 1914, 1961, -1,
      1961, 1914, 1962, -1,
      1962, 1963, 1961, -1,
      1961, 1963, 1964, -1,
      1961, 1964, 1965, -1,
      1966, 1967, 1968, -1,
      1967, 1969, 1968, -1,
      1968, 1969, 1970, -1,
      1968, 1970, 1971, -1,
      1972, 1968, 1973, -1,
      1959, 1958, 1972, -1,
      1972, 1958, 1974, -1,
      1972, 1974, 1968, -1,
      1968, 1974, 1975, -1,
      1968, 1975, 1966, -1,
      1973, 1976, 1972, -1,
      1972, 1976, 1977, -1,
      1972, 1977, 1978, -1,
      1971, 1970, 1979, -1,
      1979, 1970, 1980, -1,
      1979, 1980, 1981, -1,
      1981, 1980, 1982, -1,
      1981, 1982, 1983, -1,
      1984, 1985, 1978, -1,
      1978, 1985, 1986, -1,
      1978, 1986, 1972, -1,
      1827, 1987, 1515, -1,
      1515, 1987, 1988, -1,
      1515, 1988, 1516, -1,
      1516, 1988, 1989, -1,
      1516, 1989, 1899, -1,
      119, 118, 123, -1,
      19, 126, 127, -1,
      123, 18, 119, -1,
      119, 18, 19, -1,
      119, 19, 16, -1,
      16, 19, 127, -1,
      130, 131, 17, -1,
      17, 131, 13, -1,
      17, 13, 1866, -1,
      1866, 13, 14, -1,
      1866, 14, 15, -1,
      134, 135, 15, -1,
      15, 135, 10, -1,
      15, 10, 1866, -1,
      1866, 10, 11, -1,
      1866, 11, 12, -1,
      138, 139, 12, -1,
      12, 139, 7, -1,
      12, 7, 1866, -1,
      1866, 7, 8, -1,
      1866, 8, 9, -1,
      142, 143, 9, -1,
      9, 143, 4, -1,
      9, 4, 1866, -1,
      1866, 4, 5, -1,
      1866, 5, 6, -1,
      117, 207, 110, -1,
      110, 207, 209, -1,
      110, 209, 211, -1,
      1423, 1422, 1990, -1,
      1990, 1422, 1991, -1,
      1582, 1577, 1580, -1,
      1580, 1577, 1569, -1,
      1580, 1569, 1992, -1,
      1992, 1569, 1993, -1,
      1993, 1569, 1566, -1,
      1993, 1566, 1994, -1,
      1994, 1566, 1640, -1,
      1994, 1640, 1995, -1,
      1995, 1640, 1641, -1,
      1995, 1641, 1996, -1,
      1520, 1997, 1518, -1,
      1518, 1997, 1911, -1,
      1518, 1911, 1894, -1,
      1894, 1911, 1934, -1,
      1894, 1934, 1944, -1,
      16, 17, 119, -1,
      119, 17, 1866, -1,
      119, 1866, 121, -1,
      121, 1866, 1858, -1,
      121, 1858, 122, -1,
      122, 1858, 1850, -1,
      122, 1850, 117, -1,
      117, 1850, 1849, -1,
      117, 1849, 207, -1,
      207, 1849, 1323, -1,
      1998, 1999, 1684, -1,
      1684, 1999, 2000, -1,
      2001, 1687, 1828, -1,
      1683, 1685, 1684, -1,
      1684, 1685, 1687, -1,
      1684, 1687, 1998, -1,
      1998, 1687, 2001, -1,
      1998, 2001, 2002, -1,
      1517, 1684, 1515, -1,
      1515, 1684, 2000, -1,
      1515, 2000, 1828, -1,
      1828, 2000, 2003, -1,
      1828, 2003, 2001, -1,
      2004, 2005, 2006, -1,
      2006, 2005, 2007, -1,
      2006, 2007, 2008, -1,
      2009, 2010, 2011, -1,
      2011, 2010, 2008, -1,
      2011, 2008, 1517, -1,
      1517, 2008, 2007, -1,
      1517, 2007, 2012, -1,
      2012, 2007, 2013, -1,
      2012, 2013, 2014, -1,
      1997, 2012, 1911, -1,
      1911, 2012, 2014, -1,
      1911, 2014, 1516, -1,
      1516, 2014, 2015, -1,
      1516, 2015, 1517, -1,
      1517, 2015, 2016, -1,
      1517, 2016, 2011, -1,
      1539, 1675, 1540, -1,
      1540, 1675, 2017, -1,
      1540, 2017, 1687, -1,
      1687, 2017, 1838, -1,
      1687, 1838, 1828, -1,
      1828, 1838, 1840, -1,
      1828, 1840, 1829, -1,
      1520, 1996, 1997, -1,
      1997, 1996, 1641, -1,
      1997, 1641, 2012, -1,
      2012, 1641, 1607, -1,
      2012, 1607, 1517, -1,
      1517, 1607, 1592, -1,
      1517, 1592, 1684, -1,
      1684, 1592, 1692, -1,
      1684, 1692, 1682, -1,
      1682, 1692, 1695, -1,
      1992, 2018, 1580, -1,
      1580, 2018, 2019, -1,
      1580, 2019, 1546, -1,
      1546, 2019, 1531, -1,
      1546, 1531, 1825, -1,
      1825, 1531, 1530, -1,
      2018, 2020, 2019, -1,
      2019, 2020, 2021, -1,
      2019, 2021, 1531, -1,
      1531, 2021, 2022, -1,
      1531, 2022, 1529, -1,
      1529, 2022, 2023, -1,
      1646, 1645, 1676, -1,
      1676, 1645, 1703, -1,
      1676, 1703, 2024, -1,
      2024, 1703, 1706, -1,
      2024, 1706, 2025, -1,
      2025, 1706, 1719, -1,
      2025, 1719, 2026, -1,
      2026, 1719, 1728, -1,
      2026, 1728, 2027, -1,
      2027, 1728, 1750, -1,
      2027, 1750, 2028, -1,
      2028, 1750, 1749, -1,
      2028, 1749, 2029, -1,
      1542, 1699, 1543, -1,
      1543, 1699, 1557, -1,
      1543, 1557, 1715, -1,
      1715, 1557, 1551, -1,
      1715, 1551, 1713, -1,
      1713, 1551, 1550, -1,
      1713, 1550, 1724, -1,
      1724, 1550, 1822, -1,
      1724, 1822, 1730, -1,
      1730, 1822, 1817, -1,
      1730, 1817, 1745, -1,
      1745, 1817, 2030, -1,
      1745, 2030, 1747, -1,
      2031, 2032, 1817, -1,
      2033, 2034, 2035, -1,
      2036, 2031, 2022, -1,
      2022, 2031, 1817, -1,
      2022, 1817, 2023, -1,
      2023, 1817, 1816, -1,
      2023, 1816, 1528, -1,
      1528, 1816, 2037, -1,
      1528, 2037, 1526, -1,
      2038, 2039, 2040, -1,
      2040, 2039, 2041, -1,
      2040, 2041, 2042, -1,
      2042, 2041, 2033, -1,
      1817, 2043, 2030, -1,
      2030, 2043, 2044, -1,
      2030, 2044, 2042, -1,
      2042, 2044, 2045, -1,
      2042, 2045, 2040, -1,
      2034, 2033, 2046, -1,
      2046, 2033, 2043, -1,
      2046, 2043, 2047, -1,
      2035, 2048, 2033, -1,
      2033, 2048, 2049, -1,
      2033, 2049, 2050, -1,
      2051, 2052, 2043, -1,
      2043, 2052, 2053, -1,
      2043, 2053, 2047, -1,
      2032, 2054, 1817, -1,
      1817, 2054, 2055, -1,
      1817, 2055, 2043, -1,
      2043, 2055, 2056, -1,
      2043, 2056, 2051, -1,
      2020, 1990, 2021, -1,
      2021, 1990, 1991, -1,
      2021, 1991, 2022, -1,
      2022, 1991, 2042, -1,
      2022, 2042, 2036, -1,
      2036, 2042, 2033, -1,
      2036, 2033, 2057, -1,
      2057, 2033, 2050, -1,
    ]
  }
}

Shape {
  appearance Appearance {
    material Material {
      diffuseColor 1.0000 1.0000 0.5020
      specularColor 0.8784 0.8784 0.4431
      ambientIntensity 0.2
      transparency 0.0000
      shininess 0.5
    }
  }
  geometry IndexedFaceSet {
    ccw TRUE
    solid FALSE
    coord DEF co Coordinate {
      point [
        1.000000 0.425198 -0.128279,
        0.948819 0.425198 -0.128279,
        0.948819 0.425198 -0.123734,
        1.000000 0.425198 -0.123733,
        0.955906 0.425198 -0.123733,
        0.992913 0.425198 -0.123733,
        0.998031 0.690945 -0.230315,
        0.998031 0.690945 -0.212598,
        0.974409 0.690945 -0.212598,
        0.950787 0.690945 -0.212598,
        0.950787 0.690945 -0.230315,
        0.950787 -0.000914 -0.230315,
        0.998031 -0.000914 -0.230315,
        0.998031 0.642647 -0.230315,
        0.950787 0.642647 -0.230315,
        1.003937 0.547244 -0.086614,
        1.003937 0.547244 -0.108268,
        0.974409 0.547244 -0.108268,
        0.944882 0.547244 -0.108268,
        0.944882 0.547244 -0.086614,
        0.998031 0.694882 -0.212598,
        0.998031 0.694882 -0.236220,
        0.974409 0.694882 -0.212598,
        0.950787 0.694882 -0.236220,
        0.950787 0.694882 -0.212598,
        0.998031 0.663386 -0.236220,
        0.950787 0.663386 -0.236220,
        0.944882 0.543509 -0.107023,
        1.003937 0.543509 -0.107023,
        1.003937 0.540856 -0.105752,
        0.944882 0.540856 -0.105752,
        1.003937 0.538598 -0.103864,
        0.944882 0.538598 -0.103864,
        1.003937 0.536877 -0.101476,
        0.944882 0.536877 -0.101476,
        1.003937 0.535800 -0.098738,
        0.944882 0.535800 -0.098738,
        1.003937 0.535433 -0.095818,
        0.944882 0.535433 -0.095818,
        1.003937 0.535433 -0.093249,
        0.944882 0.535433 -0.093249,
        1.003937 0.535682 -0.090839,
        0.944882 0.535682 -0.090839,
        1.003937 0.536417 -0.088530,
        0.944882 0.536417 -0.088530,
        1.003937 0.537608 -0.086420,
        0.944882 0.537608 -0.086420,
        0.998031 -0.053150 -0.236220,
        0.998031 -0.053150 -0.212598,
        0.950787 -0.053150 -0.236220,
        0.974409 -0.053150 -0.212598,
        0.950787 -0.053150 -0.212598,
        0.998031 -0.021654 -0.236220,
        0.950787 -0.021654 -0.236220,
        0.944882 0.106299 -0.095818,
        1.003937 0.106299 -0.095818,
        1.003937 0.105933 -0.098737,
        0.944882 0.105933 -0.098737,
        1.003937 0.104856 -0.101476,
        0.944882 0.104856 -0.101476,
        1.003937 0.103135 -0.103863,
        0.944882 0.103135 -0.103863,
        1.003937 0.100877 -0.105752,
        0.944882 0.100877 -0.105752,
        1.003937 0.098223 -0.107022,
        0.944882 0.098223 -0.107022,
        1.003937 0.106299 -0.093249,
        0.944882 0.106299 -0.093249,
        0.944882 0.104124 -0.086420,
        1.003937 0.104124 -0.086420,
        1.003937 0.105315 -0.088530,
        0.944882 0.105315 -0.088530,
        1.003937 0.106050 -0.090839,
        0.944882 0.106050 -0.090839,
        1.000000 0.427166 -0.127143,
        0.988189 0.427166 -0.127143,
        0.960630 0.427166 -0.127143,
        0.948819 0.427166 -0.127143,
        0.950787 0.649154 -0.233558,
        0.998031 0.649154 -0.233558,
        0.950787 0.656147 -0.235549,
        0.998031 0.656147 -0.235549,
        0.950787 -0.014414 -0.235549,
        0.998031 -0.014414 -0.235549,
        0.950787 -0.007422 -0.233558,
        0.998031 -0.007422 -0.233558,
        0.944882 0.555219 -0.061572,
        0.944882 0.551407 -0.068087,
        0.944882 0.548254 -0.077319,
        1.003937 0.555219 -0.061572,
        1.003937 0.551533 -0.067824,
        1.003937 0.548330 -0.076978,
        0.974409 0.555219 -0.061572,
      ]
    }
    coordIndex [
      20, 21, 22, -1,
      22, 21, 23, -1,
      22, 23, 24, -1,
      21, 25, 23, -1,
      23, 25, 26, -1,
      27, 28, 29, -1,
      27, 29, 30, -1,
      30, 29, 31, -1,
      30, 31, 32, -1,
      32, 31, 33, -1,
      32, 33, 34, -1,
      34, 33, 35, -1,
      34, 35, 36, -1,
      36, 35, 37, -1,
      36, 37, 38, -1,
      37, 39, 38, -1,
      38, 39, 40, -1,
      40, 39, 41, -1,
      40, 41, 42, -1,
      42, 41, 43, -1,
      42, 43, 44, -1,
      44, 43, 45, -1,
      44, 45, 46, -1,
      47, 48, 49, -1,
      49, 48, 50, -1,
      49, 50, 51, -1,
      47, 49, 52, -1,
      52, 49, 53, -1,
      54, 55, 56, -1,
      54, 56, 57, -1,
      57, 56, 58, -1,
      57, 58, 59, -1,
      59, 58, 60, -1,
      59, 60, 61, -1,
      61, 60, 62, -1,
      61, 62, 63, -1,
      63, 62, 64, -1,
      63, 64, 65, -1,
      55, 54, 66, -1,
      66, 54, 67, -1,
      68, 69, 70, -1,
      68, 70, 71, -1,
      71, 70, 72, -1,
      71, 72, 73, -1,
      73, 72, 66, -1,
      73, 66, 67, -1,
      74, 75, 3, -1,
      3, 75, 5, -1,
      0, 74, 3, -1,
      75, 74, 0, -1,
      75, 0, 76, -1,
      76, 0, 1, -1,
      76, 1, 77, -1,
      77, 1, 2, -1,
      77, 2, 76, -1,
      76, 2, 4, -1,
      13, 14, 78, -1,
      13, 78, 79, -1,
      79, 78, 80, -1,
      79, 80, 81, -1,
      81, 80, 26, -1,
      81, 26, 25, -1,
      52, 53, 82, -1,
      52, 82, 83, -1,
      83, 82, 84, -1,
      83, 84, 85, -1,
      85, 84, 11, -1,
      85, 11, 12, -1,
      86, 87, 46, -1,
      46, 87, 88, -1,
      46, 88, 19, -1,
      19, 18, 27, -1,
      40, 42, 19, -1,
      19, 42, 44, -1,
      19, 44, 46, -1,
      27, 30, 19, -1,
      19, 30, 32, -1,
      19, 32, 34, -1,
      34, 36, 19, -1,
      19, 36, 38, -1,
      19, 38, 40, -1,
      16, 28, 17, -1,
      17, 28, 27, -1,
      17, 27, 18, -1,
      9, 24, 10, -1,
      10, 24, 23, -1,
      10, 23, 26, -1,
      26, 80, 10, -1,
      10, 80, 78, -1,
      10, 78, 14, -1,
      7, 20, 8, -1,
      8, 20, 22, -1,
      8, 22, 9, -1,
      9, 22, 24, -1,
      20, 7, 21, -1,
      21, 7, 6, -1,
      21, 6, 25, -1,
      13, 79, 6, -1,
      6, 79, 81, -1,
      6, 81, 25, -1,
      28, 16, 15, -1,
      89, 45, 90, -1,
      90, 45, 91, -1,
      28, 15, 29, -1,
      91, 45, 15, -1,
      15, 45, 43, -1,
      15, 43, 41, -1,
      41, 39, 15, -1,
      15, 39, 37, -1,
      15, 37, 35, -1,
      35, 33, 15, -1,
      15, 33, 31, -1,
      15, 31, 29, -1,
      45, 89, 46, -1,
      46, 89, 92, -1,
      46, 92, 86, -1,
    ]
  }
}

Shape {
  appearance Appearance {
    material Material {
      diffuseColor 0.2510 0.2510 0.2510
      specularColor 0.1255 0.1255 0.1255
      ambientIntensity 0.2
      transparency 0.0000
      shininess 0.5
    }
  }
  geometry IndexedFaceSet {
    ccw TRUE
    solid FALSE
    coord DEF co Coordinate {
      point [
        1.052454 0.590552 -0.043307,
        0.914659 0.590552 -0.043307,
        0.974409 0.590552 -0.043307,
        1.052454 0.547244 -0.086614,
        1.003937 0.547244 -0.086614,
        0.914659 0.547244 -0.086614,
        0.944882 0.547244 -0.086614,
        0.944882 0.555219 -0.061572,
        0.944882 0.551407 -0.068087,
        0.944882 0.548254 -0.077319,
        1.003937 0.555219 -0.061572,
        1.003937 0.551533 -0.067824,
        1.003937 0.548330 -0.076978,
        0.974409 0.555219 -0.061572,
        0.974409 0.556548 -0.059795,
        0.914659 0.556839 -0.060019,
        0.914659 0.553046 -0.064961,
        0.914659 0.551857 -0.067832,
        0.914659 0.551701 -0.068209,
        0.914659 0.548720 -0.075406,
        0.914659 0.548518 -0.076944,
        0.914659 0.548465 -0.077346,
        0.974409 0.563413 -0.052865,
        0.914659 0.559929 -0.055991,
        0.974409 0.556711 -0.059631,
        0.914659 0.557087 -0.059695,
        0.974409 0.571656 -0.047646,
        0.914659 0.568898 -0.049109,
        0.974409 0.563560 -0.052772,
        0.914659 0.563956 -0.052901,
        0.914659 0.563632 -0.053150,
        0.974409 0.580858 -0.044406,
        0.914659 0.579343 -0.044783,
        0.974409 0.571766 -0.047608,
        0.914659 0.572146 -0.047764,
        0.914659 0.571769 -0.047920,
        0.974409 0.580915 -0.044399,
        0.914659 0.581284 -0.044527,
        0.914659 0.580881 -0.044580,
        1.052454 0.548510 -0.077001,
        1.052454 0.548465 -0.077346,
        1.052454 0.551813 -0.067940,
        1.052454 0.551701 -0.068209,
        1.052454 0.548720 -0.075406,
        1.052454 0.579343 -0.044783,
        1.052454 0.580881 -0.044580,
        1.052454 0.580939 -0.044573,
        1.052454 0.568898 -0.049109,
        1.052454 0.571769 -0.047920,
        1.052454 0.571877 -0.047875,
        1.052454 0.553046 -0.064961,
        1.052454 0.556839 -0.060019,
        1.052454 0.556981 -0.059833,
        1.052454 0.559929 -0.055991,
        1.052454 0.563632 -0.053150,
        1.052454 0.563771 -0.053043,
      ]
    }
    coordIndex [
      7, 13, 14, -1,
      15, 16, 8, -1,
      16, 17, 8, -1,
      8, 17, 18, -1,
      8, 18, 9, -1,
      9, 18, 19, -1,
      9, 19, 20, -1,
      20, 21, 9, -1,
      9, 21, 5, -1,
      9, 5, 6, -1,
      22, 23, 24, -1,
      24, 23, 25, -1,
      24, 25, 14, -1,
      14, 25, 15, -1,
      14, 15, 7, -1,
      7, 15, 8, -1,
      26, 27, 28, -1,
      28, 27, 29, -1,
      28, 29, 22, -1,
      22, 29, 30, -1,
      22, 30, 23, -1,
      31, 32, 33, -1,
      33, 32, 34, -1,
      33, 34, 26, -1,
      26, 34, 35, -1,
      26, 35, 27, -1,
      2, 1, 36, -1,
      36, 1, 37, -1,
      36, 37, 31, -1,
      31, 37, 38, -1,
      31, 38, 32, -1,
      0, 2, 36, -1,
      39, 12, 40, -1,
      40, 12, 4, -1,
      40, 4, 3, -1,
      41, 11, 42, -1,
      42, 11, 12, -1,
      42, 12, 43, -1,
      43, 12, 39, -1,
      14, 13, 10, -1,
      14, 10, 24, -1,
      33, 44, 31, -1,
      31, 44, 45, -1,
      31, 45, 36, -1,
      36, 45, 46, -1,
      36, 46, 0, -1,
      28, 47, 26, -1,
      26, 47, 48, -1,
      26, 48, 33, -1,
      33, 48, 49, -1,
      33, 49, 44, -1,
      41, 50, 11, -1,
      11, 50, 51, -1,
      11, 51, 10, -1,
      10, 51, 52, -1,
      10, 52, 24, -1,
      24, 52, 22, -1,
      52, 53, 22, -1,
      22, 53, 54, -1,
      22, 54, 28, -1,
      28, 54, 55, -1,
      28, 55, 47, -1,
    ]
  }
}

Shape {
  appearance Appearance {
    material Material {
      diffuseColor 1.0000 1.0000 0.5020
      specularColor 0.8784 0.8784 0.4431
      ambientIntensity 0.2
      transparency 0.0000
      shininess 0.5
    }
  }
  geometry IndexedFaceSet {
    ccw TRUE
    solid FALSE
    coord DEF co Coordinate {
      point [
        0.944882 0.094488 -0.108268,
        0.944882 0.094488 -0.086614,
        0.974409 0.094488 -0.108268,
        1.003937 0.094488 -0.108268,
        1.003937 0.094488 -0.086614,
        0.950787 -0.000914 -0.230315,
        0.950787 -0.049213 -0.230315,
        0.998031 -0.049213 -0.230315,
        0.998031 -0.000914 -0.230315,
        0.998031 -0.049213 -0.212598,
        0.950787 -0.049213 -0.212598,
        0.974409 -0.049213 -0.212598,
        0.998031 -0.053150 -0.236220,
        0.998031 -0.053150 -0.212598,
        0.950787 -0.053150 -0.236220,
        0.974409 -0.053150 -0.212598,
        0.950787 -0.053150 -0.212598,
        0.998031 -0.021654 -0.236220,
        0.950787 -0.021654 -0.236220,
        0.944882 0.106299 -0.095818,
        1.003937 0.106299 -0.095818,
        1.003937 0.105933 -0.098737,
        0.944882 0.105933 -0.098737,
        1.003937 0.104856 -0.101476,
        0.944882 0.104856 -0.101476,
        1.003937 0.103135 -0.103863,
        0.944882 0.103135 -0.103863,
        1.003937 0.100877 -0.105752,
        0.944882 0.100877 -0.105752,
        1.003937 0.098223 -0.107022,
        0.944882 0.098223 -0.107022,
        1.003937 0.106299 -0.093249,
        0.944882 0.106299 -0.093249,
        0.944882 0.104124 -0.086420,
        1.003937 0.104124 -0.086420,
        1.003937 0.105315 -0.088530,
        0.944882 0.105315 -0.088530,
        1.003937 0.106050 -0.090839,
        0.944882 0.106050 -0.090839,
        0.950787 -0.014414 -0.235549,
        0.998031 -0.014414 -0.235549,
        0.950787 -0.007422 -0.233558,
        0.998031 -0.007422 -0.233558,
        1.003937 0.086514 -0.061572,
        1.003937 0.090325 -0.068087,
        1.003937 0.093479 -0.077319,
        0.944882 0.086514 -0.061572,
        0.944882 0.090200 -0.067824,
        0.944882 0.093402 -0.076977,
        0.974409 0.086514 -0.061572,
      ]
    }
    coordIndex [
      9, 13, 7, -1,
      7, 13, 12, -1,
      7, 12, 17, -1,
      17, 40, 7, -1,
      7, 40, 42, -1,
      7, 42, 8, -1,
      10, 16, 11, -1,
      11, 16, 15, -1,
      11, 15, 9, -1,
      9, 15, 13, -1,
      16, 10, 14, -1,
      14, 10, 6, -1,
      6, 5, 41, -1,
      41, 39, 6, -1,
      6, 39, 18, -1,
      6, 18, 14, -1,
      0, 30, 2, -1,
      2, 30, 29, -1,
      2, 29, 3, -1,
      43, 44, 34, -1,
      34, 44, 45, -1,
      34, 45, 4, -1,
      20, 31, 4, -1,
      31, 37, 4, -1,
      4, 37, 35, -1,
      4, 35, 34, -1,
      3, 29, 4, -1,
      4, 29, 27, -1,
      4, 27, 25, -1,
      25, 23, 4, -1,
      4, 23, 21, -1,
      4, 21, 20, -1,
      46, 33, 47, -1,
      47, 33, 48, -1,
      38, 32, 1, -1,
      1, 32, 19, -1,
      48, 33, 1, -1,
      1, 33, 36, -1,
      1, 36, 38, -1,
      19, 22, 1, -1,
      1, 22, 24, -1,
      1, 24, 26, -1,
      26, 28, 1, -1,
      1, 28, 30, -1,
      1, 30, 0, -1,
      43, 34, 49, -1,
      49, 34, 33, -1,
      49, 33, 46, -1,
    ]
  }
}

Shape {
  appearance Appearance {
    material Material {
      diffuseColor 0.2510 0.2510 0.2510
      specularColor 0.1255 0.1255 0.1255
      ambientIntensity 0.2
      transparency 0.0000
      shininess 0.5
    }
  }
  geometry IndexedFaceSet {
    ccw TRUE
    solid FALSE
    coord DEF co Coordinate {
      point [
        1.052454 0.051181 -0.043307,
        0.974409 0.051181 -0.043307,
        0.914659 0.051181 -0.043307,
        0.914659 0.094488 -0.086614,
        0.944882 0.094488 -0.086614,
        1.003937 0.094488 -0.086614,
        1.052454 0.094488 -0.086614,
        1.003937 0.086514 -0.061572,
        1.003937 0.090325 -0.068087,
        1.003937 0.093479 -0.077319,
        0.944882 0.086514 -0.061572,
        0.944882 0.090200 -0.067824,
        0.944882 0.093402 -0.076977,
        0.974409 0.086514 -0.061572,
        0.974409 0.085180 -0.059799,
        1.052454 0.093215 -0.076943,
        1.052454 0.093013 -0.075405,
        1.052454 0.090031 -0.068208,
        1.052454 0.093268 -0.077346,
        0.974409 0.085040 -0.059612,
        1.052454 0.084646 -0.059694,
        1.052454 0.084894 -0.060018,
        1.052454 0.088686 -0.064960,
        1.052454 0.089876 -0.067832,
        0.974409 0.070069 -0.047657,
        1.052454 0.072835 -0.049109,
        0.974409 0.078183 -0.052755,
        1.052454 0.077777 -0.052901,
        0.974409 0.078306 -0.052878,
        1.052454 0.078100 -0.053150,
        1.052454 0.081804 -0.055991,
        0.974409 0.060872 -0.044412,
        1.052454 0.062390 -0.044782,
        0.974409 0.069971 -0.047596,
        1.052454 0.069587 -0.047763,
        1.052454 0.069963 -0.047919,
        0.974409 0.060818 -0.044393,
        1.052454 0.060449 -0.044527,
        1.052454 0.060852 -0.044580,
        0.914659 0.093222 -0.077001,
        0.914659 0.093268 -0.077346,
        0.914659 0.089920 -0.067939,
        0.914659 0.090031 -0.068208,
        0.914659 0.093013 -0.075405,
        0.914659 0.060852 -0.044580,
        0.914659 0.060794 -0.044572,
        0.914659 0.069963 -0.047919,
        0.914659 0.069856 -0.047875,
        0.914659 0.062390 -0.044782,
        0.914659 0.088686 -0.064960,
        0.914659 0.084894 -0.060018,
        0.914659 0.084752 -0.059833,
        0.914659 0.081804 -0.055991,
        0.914659 0.078100 -0.053150,
        0.914659 0.077962 -0.053043,
        0.914659 0.072835 -0.049109,
      ]
    }
    coordIndex [
      7, 13, 14, -1,
      15, 9, 16, -1,
      16, 9, 8, -1,
      16, 8, 17, -1,
      15, 18, 9, -1,
      9, 18, 6, -1,
      9, 6, 5, -1,
      19, 20, 14, -1,
      14, 20, 21, -1,
      14, 21, 7, -1,
      7, 21, 22, -1,
      7, 22, 8, -1,
      8, 22, 23, -1,
      8, 23, 17, -1,
      24, 25, 26, -1,
      26, 25, 27, -1,
      26, 27, 28, -1,
      28, 27, 29, -1,
      28, 29, 19, -1,
      19, 29, 30, -1,
      19, 30, 20, -1,
      31, 32, 33, -1,
      33, 32, 34, -1,
      33, 34, 24, -1,
      24, 34, 35, -1,
      24, 35, 25, -1,
      1, 0, 36, -1,
      36, 0, 37, -1,
      36, 37, 31, -1,
      31, 37, 38, -1,
      31, 38, 32, -1,
      2, 1, 36, -1,
      39, 12, 40, -1,
      40, 12, 4, -1,
      40, 4, 3, -1,
      41, 11, 42, -1,
      42, 11, 12, -1,
      42, 12, 43, -1,
      43, 12, 39, -1,
      14, 13, 10, -1,
      14, 10, 19, -1,
      31, 44, 36, -1,
      36, 44, 45, -1,
      36, 45, 2, -1,
      24, 46, 33, -1,
      33, 46, 47, -1,
      33, 47, 31, -1,
      31, 47, 48, -1,
      31, 48, 44, -1,
      41, 49, 11, -1,
      11, 49, 50, -1,
      11, 50, 10, -1,
      10, 50, 51, -1,
      10, 51, 19, -1,
      19, 51, 28, -1,
      51, 52, 28, -1,
      28, 52, 53, -1,
      28, 53, 26, -1,
      26, 53, 54, -1,
      26, 54, 24, -1,
      24, 54, 55, -1,
      24, 55, 46, -1,
    ]
  }
}

Shape {
  appearance Appearance {
    material Material {
      diffuseColor 1.0000 1.0000 0.5020
      specularColor 0.8784 0.8784 0.4431
      ambientIntensity 0.2
      transparency 0.0000
      shininess 0.5
    }
  }
  geometry IndexedFaceSet {
    ccw TRUE
    solid FALSE
    coord DEF co Coordinate {
      point [
        0.960630 0.420963 -0.062946,
        0.960080 0.421230 -0.063541,
        0.948819 0.425198 -0.080709,
        0.948819 0.424924 -0.076075,
        0.951396 0.424317 -0.073158,
        0.952486 0.424060 -0.071925,
        0.988189 0.420963 -0.062946,
        0.988739 0.421230 -0.063541,
        1.000000 0.425198 -0.080709,
        1.000000 0.424924 -0.076075,
        0.997422 0.424317 -0.073158,
        0.996333 0.424060 -0.071925,
        0.818111 0.425198 -0.123733,
        0.811024 0.425198 -0.123734,
        0.811024 0.425198 -0.128279,
        0.862205 0.425198 -0.128279,
        1.000000 0.425198 -0.116628,
        0.862205 0.425198 -0.123733,
        0.855117 0.425198 -0.123733,
        0.955906 0.425198 -0.123733,
        0.948819 0.425198 -0.116628,
        0.992913 0.425198 -0.123733,
        1.000000 0.216535 -0.123733,
        0.948819 0.216535 -0.116627,
        0.948819 0.216535 -0.080708,
        0.992913 0.216535 -0.123733,
        1.000000 0.216535 -0.080708,
        1.000000 0.216535 -0.116627,
        1.000000 0.216535 -0.128279,
        0.948819 0.216535 -0.128279,
        0.948819 0.216535 -0.123734,
        0.955906 0.216535 -0.123733,
        0.988189 0.220769 -0.062946,
        0.988829 0.220459 -0.063637,
        0.996379 0.217662 -0.071977,
        1.000000 0.216809 -0.076075,
        0.997422 0.217416 -0.073158,
        0.960630 0.220769 -0.062946,
        0.959990 0.220459 -0.063637,
        0.952440 0.217662 -0.071977,
        0.948819 0.216809 -0.076075,
        0.951396 0.217416 -0.073158,
        0.860236 0.690945 -0.230315,
        0.860236 0.690945 -0.212598,
        0.836614 0.690945 -0.212598,
        0.812992 0.690945 -0.212598,
        0.812992 0.690945 -0.230315,
        0.860236 -0.000914 -0.230315,
        0.812992 -0.000914 -0.230315,
        0.860236 0.642647 -0.230315,
        0.812992 0.642647 -0.230315,
        0.866142 0.547244 -0.086614,
        0.866142 0.547244 -0.108268,
        0.836614 0.547244 -0.108268,
        0.807087 0.547244 -0.108268,
        0.807087 0.547244 -0.086614,
        0.988189 0.427166 -0.127143,
        0.960630 0.427166 -0.127143,
        0.967795 0.220769 -0.062946,
        0.960630 0.213100 -0.066727,
        0.988189 0.213080 -0.066687,
        0.974409 0.220769 -0.062946,
        0.988189 0.206099 -0.072585,
        0.960630 0.205918 -0.072785,
        0.988189 0.200981 -0.079898,
        0.960630 0.200996 -0.079909,
        0.988189 0.200889 -0.080030,
        0.960630 0.213052 -0.066751,
        0.988189 0.213031 -0.066710,
        0.960630 0.212715 -0.066917,
        0.988189 0.206181 -0.072515,
        0.960630 0.206202 -0.072540,
        0.960630 0.206120 -0.072610,
        0.988189 0.196895 -0.097333,
        0.988189 0.197743 -0.088555,
        0.960630 0.197731 -0.088607,
        0.960630 0.200905 -0.080041,
        0.960630 0.200814 -0.080173,
        0.988189 0.197817 -0.088354,
        0.960630 0.197823 -0.088356,
        0.960630 0.197749 -0.088557,
        0.960630 0.196888 -0.097332,
        0.960630 0.196867 -0.097546,
        0.988189 0.196869 -0.097600,
        0.960630 0.196876 -0.097598,
        0.988189 0.198273 -0.106252,
        0.960630 0.198253 -0.106255,
        0.960630 0.198278 -0.106414,
        0.988189 0.198324 -0.106569,
        0.960630 0.198343 -0.106561,
        0.988189 0.201861 -0.114531,
        0.960630 0.201831 -0.114544,
        0.960630 0.201874 -0.114643,
        0.988189 0.202013 -0.114874,
        0.960630 0.202039 -0.114853,
        0.988189 0.207425 -0.121632,
        0.960630 0.207389 -0.121661,
        0.988189 0.207693 -0.121967,
        0.960630 0.207422 -0.121703,
        0.988189 0.214567 -0.127143,
        0.960630 0.207720 -0.121931,
        0.960630 0.214567 -0.127143,
        0.948819 0.213502 -0.079347,
        0.948819 0.212068 -0.080765,
        0.948819 0.208569 -0.106073,
        0.948819 0.207954 -0.103709,
        0.948819 0.206889 -0.099620,
        0.948819 0.206905 -0.097283,
        0.948819 0.206934 -0.092951,
        0.948819 0.207525 -0.090801,
        0.948819 0.214672 -0.114734,
        0.948819 0.208700 -0.086521,
        0.948819 0.209773 -0.084688,
        0.948819 0.211858 -0.111874,
        0.948819 0.210601 -0.109656,
        0.957585 0.219292 -0.066235,
        0.954752 0.218206 -0.069360,
        0.954034 0.216535 -0.121915,
        0.952321 0.216535 -0.120221,
        0.948819 0.214567 -0.127143,
        1.000000 0.214567 -0.127143,
        1.000000 0.211858 -0.111874,
        1.000000 0.210601 -0.109656,
        1.000000 0.208569 -0.106073,
        1.000000 0.207954 -0.103709,
        1.000000 0.206889 -0.099620,
        1.000000 0.206905 -0.097283,
        1.000000 0.206934 -0.092951,
        1.000000 0.207525 -0.090801,
        1.000000 0.208700 -0.086521,
        1.000000 0.209773 -0.084688,
        1.000000 0.212068 -0.080765,
        1.000000 0.213502 -0.079347,
        0.994066 0.218206 -0.069360,
        0.991233 0.219292 -0.066235,
        1.000000 0.214672 -0.114734,
        0.998191 0.216535 -0.118508,
        0.996497 0.216535 -0.120221,
        0.948819 0.431132 -0.109656,
        0.948819 0.429874 -0.111874,
        0.948819 0.427060 -0.114734,
        0.948819 0.434828 -0.097283,
        0.948819 0.434843 -0.099620,
        0.948819 0.433779 -0.103709,
        0.948819 0.428231 -0.079347,
        0.948819 0.429665 -0.080765,
        0.948819 0.431960 -0.084688,
        0.948819 0.433164 -0.106073,
        0.948819 0.433032 -0.086521,
        0.948819 0.434208 -0.090801,
        0.948819 0.434798 -0.092951,
        0.960630 0.443390 -0.106561,
        0.960630 0.444857 -0.097598,
        0.960630 0.428633 -0.066728,
        0.952321 0.425198 -0.120221,
        0.960630 0.434012 -0.121931,
        0.954033 0.425198 -0.121916,
        0.960630 0.428681 -0.066751,
        0.954752 0.423526 -0.069360,
        0.957585 0.422441 -0.066235,
        0.960630 0.429017 -0.066917,
        0.960630 0.435531 -0.072540,
        0.960630 0.435612 -0.072610,
        0.960630 0.435815 -0.072785,
        0.960630 0.440736 -0.079909,
        0.960630 0.440828 -0.080041,
        0.960630 0.440919 -0.080173,
        0.960630 0.444865 -0.097546,
        0.960630 0.443910 -0.088356,
        0.960630 0.443983 -0.088557,
        0.960630 0.444002 -0.088607,
        0.960630 0.444845 -0.097332,
        0.960630 0.443454 -0.106414,
        0.960630 0.443480 -0.106255,
        0.960630 0.439859 -0.114643,
        0.960630 0.439693 -0.114854,
        0.960630 0.439902 -0.114544,
        0.960630 0.434344 -0.121661,
        0.960630 0.434311 -0.121704,
        0.974409 0.420963 -0.062946,
        0.988189 0.428653 -0.066687,
        0.967795 0.420963 -0.062946,
        0.988189 0.434040 -0.121967,
        0.988189 0.434308 -0.121632,
        0.988189 0.439720 -0.114874,
        0.988189 0.439872 -0.114531,
        0.988189 0.443408 -0.106569,
        0.988189 0.444838 -0.097333,
        0.988189 0.444864 -0.097600,
        0.988189 0.443460 -0.106252,
        0.988189 0.443990 -0.088555,
        0.988189 0.443915 -0.088354,
        0.988189 0.440844 -0.080030,
        0.988189 0.440752 -0.079898,
        0.988189 0.435634 -0.072585,
        0.988189 0.435552 -0.072515,
        0.988189 0.428701 -0.066710,
        1.000000 0.428231 -0.079347,
        0.996497 0.425198 -0.120221,
        0.998191 0.425198 -0.118509,
        0.994066 0.423526 -0.069360,
        0.991233 0.422441 -0.066235,
        1.000000 0.429665 -0.080765,
        1.000000 0.431960 -0.084688,
        1.000000 0.433032 -0.086521,
        1.000000 0.434208 -0.090801,
        1.000000 0.434798 -0.092951,
        1.000000 0.434828 -0.097283,
        1.000000 0.434843 -0.099620,
        1.000000 0.433779 -0.103709,
        1.000000 0.433164 -0.106073,
        1.000000 0.431132 -0.109656,
        1.000000 0.429874 -0.111874,
        1.000000 0.427060 -0.114734,
        0.860236 0.694882 -0.212598,
        0.860236 0.694882 -0.236220,
        0.836614 0.694882 -0.212598,
        0.812992 0.694882 -0.236220,
        0.812992 0.694882 -0.212598,
        0.860236 0.663386 -0.236220,
        0.812992 0.663386 -0.236220,
        0.807087 0.543509 -0.107023,
        0.866142 0.543509 -0.107023,
        0.866142 0.540856 -0.105752,
        0.807087 0.540856 -0.105752,
        0.866142 0.538598 -0.103864,
        0.807087 0.538598 -0.103864,
        0.866142 0.536877 -0.101476,
        0.807087 0.536877 -0.101476,
        0.866142 0.535800 -0.098738,
        0.807087 0.535800 -0.098738,
        0.866142 0.535433 -0.095818,
        0.807087 0.535433 -0.095818,
        0.866142 0.535433 -0.093249,
        0.807087 0.535433 -0.093249,
        0.866142 0.535682 -0.090839,
        0.807087 0.535682 -0.090839,
        0.866142 0.536417 -0.088530,
        0.807087 0.536417 -0.088530,
        0.866142 0.537608 -0.086420,
        0.807087 0.537608 -0.086420,
        0.860236 -0.053150 -0.236220,
        0.860236 -0.053150 -0.212598,
        0.812992 -0.053150 -0.236220,
        0.836614 -0.053150 -0.212598,
        0.812992 -0.053150 -0.212598,
        0.860236 -0.021654 -0.236220,
        0.812992 -0.021654 -0.236220,
        0.807087 0.106299 -0.095818,
        0.866142 0.106299 -0.095818,
        0.866142 0.105933 -0.098737,
        0.807087 0.105933 -0.098737,
        0.866142 0.104856 -0.101476,
        0.807087 0.104856 -0.101476,
        0.866142 0.103135 -0.103863,
        0.807087 0.103135 -0.103863,
        0.866142 0.100877 -0.105752,
        0.807087 0.100877 -0.105752,
        0.866142 0.098223 -0.107022,
        0.807087 0.098223 -0.107022,
        0.866142 0.106299 -0.093249,
        0.807087 0.106299 -0.093249,
        0.807087 0.104124 -0.086420,
        0.866142 0.104124 -0.086420,
        0.866142 0.105315 -0.088530,
        0.807087 0.105315 -0.088530,
        0.866142 0.106050 -0.090839,
        0.807087 0.106050 -0.090839,
        0.862205 0.427166 -0.127143,
        0.850394 0.427166 -0.127143,
        0.822835 0.427166 -0.127143,
        0.811024 0.427166 -0.127143,
        0.812992 0.649154 -0.233558,
        0.860236 0.649154 -0.233558,
        0.812992 0.656147 -0.235549,
        0.860236 0.656147 -0.235549,
        0.812992 -0.014414 -0.235549,
        0.860236 -0.014414 -0.235549,
        0.812992 -0.007422 -0.233558,
        0.860236 -0.007422 -0.233558,
        0.807087 0.555219 -0.061572,
        0.807087 0.551407 -0.068087,
        0.807087 0.548254 -0.077319,
        0.866142 0.555219 -0.061572,
        0.866142 0.551584 -0.067719,
        0.866142 0.548343 -0.076920,
        0.836614 0.555219 -0.061572,
      ]
    }
    coordIndex [
      58, 37, 59, -1,
      60, 32, 61, -1,
      58, 59, 61, -1,
      62, 63, 64, -1,
      64, 63, 65, -1,
      64, 65, 66, -1,
      61, 59, 60, -1,
      60, 59, 67, -1,
      60, 67, 68, -1,
      68, 67, 69, -1,
      68, 69, 70, -1,
      70, 69, 71, -1,
      70, 71, 62, -1,
      62, 71, 72, -1,
      62, 72, 63, -1,
      73, 74, 75, -1,
      65, 76, 66, -1,
      66, 76, 77, -1,
      66, 77, 78, -1,
      78, 77, 79, -1,
      78, 79, 74, -1,
      74, 79, 80, -1,
      74, 80, 75, -1,
      75, 81, 73, -1,
      73, 81, 82, -1,
      73, 82, 83, -1,
      83, 82, 84, -1,
      83, 84, 85, -1,
      84, 86, 85, -1,
      85, 86, 87, -1,
      85, 87, 88, -1,
      88, 87, 89, -1,
      88, 89, 90, -1,
      89, 91, 90, -1,
      90, 91, 92, -1,
      90, 92, 93, -1,
      93, 92, 94, -1,
      93, 94, 95, -1,
      95, 94, 96, -1,
      95, 96, 97, -1,
      97, 96, 98, -1,
      97, 98, 99, -1,
      99, 98, 100, -1,
      99, 100, 101, -1,
      40, 24, 102, -1,
      102, 24, 103, -1,
      104, 105, 24, -1,
      24, 105, 106, -1,
      106, 107, 24, -1,
      24, 107, 108, -1,
      24, 108, 109, -1,
      24, 23, 110, -1,
      109, 111, 24, -1,
      24, 111, 112, -1,
      24, 112, 103, -1,
      110, 113, 24, -1,
      24, 113, 114, -1,
      24, 114, 104, -1,
      39, 41, 67, -1,
      67, 41, 69, -1,
      40, 102, 41, -1,
      41, 102, 71, -1,
      41, 71, 69, -1,
      37, 38, 59, -1,
      59, 38, 115, -1,
      59, 115, 67, -1,
      67, 115, 116, -1,
      67, 116, 39, -1,
      100, 110, 23, -1,
      31, 101, 117, -1,
      117, 101, 100, -1,
      117, 100, 118, -1,
      118, 100, 23, -1,
      100, 98, 110, -1,
      110, 98, 96, -1,
      110, 96, 113, -1,
      113, 96, 94, -1,
      113, 94, 114, -1,
      94, 92, 114, -1,
      114, 92, 91, -1,
      114, 91, 104, -1,
      104, 91, 89, -1,
      104, 89, 105, -1,
      89, 87, 105, -1,
      105, 87, 86, -1,
      105, 86, 106, -1,
      106, 86, 84, -1,
      106, 84, 107, -1,
      84, 82, 107, -1,
      107, 82, 81, -1,
      107, 81, 108, -1,
      108, 81, 75, -1,
      108, 75, 109, -1,
      75, 80, 109, -1,
      109, 80, 79, -1,
      109, 79, 111, -1,
      111, 79, 77, -1,
      111, 77, 112, -1,
      77, 76, 112, -1,
      112, 76, 65, -1,
      112, 65, 103, -1,
      103, 65, 63, -1,
      103, 63, 102, -1,
      102, 63, 72, -1,
      102, 72, 71, -1,
      119, 101, 30, -1,
      30, 101, 31, -1,
      29, 119, 30, -1,
      120, 99, 28, -1,
      28, 99, 101, -1,
      28, 101, 29, -1,
      29, 101, 119, -1,
      120, 28, 22, -1,
      120, 22, 99, -1,
      99, 22, 25, -1,
      121, 122, 93, -1,
      123, 124, 88, -1,
      125, 126, 83, -1,
      127, 128, 74, -1,
      129, 130, 66, -1,
      131, 132, 62, -1,
      62, 132, 70, -1,
      60, 68, 133, -1,
      133, 134, 60, -1,
      60, 134, 33, -1,
      60, 33, 32, -1,
      132, 35, 70, -1,
      70, 35, 36, -1,
      70, 36, 68, -1,
      68, 36, 34, -1,
      68, 34, 133, -1,
      97, 99, 25, -1,
      27, 135, 136, -1,
      136, 135, 97, -1,
      136, 97, 137, -1,
      137, 97, 25, -1,
      131, 62, 130, -1,
      130, 62, 64, -1,
      130, 64, 66, -1,
      129, 66, 128, -1,
      128, 66, 78, -1,
      128, 78, 74, -1,
      127, 74, 126, -1,
      126, 74, 73, -1,
      126, 73, 83, -1,
      125, 83, 124, -1,
      124, 83, 85, -1,
      124, 85, 88, -1,
      123, 88, 122, -1,
      122, 88, 90, -1,
      122, 90, 93, -1,
      121, 93, 135, -1,
      135, 93, 95, -1,
      135, 95, 97, -1,
      35, 132, 26, -1,
      26, 132, 131, -1,
      26, 131, 130, -1,
      127, 126, 26, -1,
      26, 126, 125, -1,
      130, 129, 26, -1,
      26, 129, 128, -1,
      26, 128, 127, -1,
      125, 124, 26, -1,
      26, 124, 123, -1,
      26, 123, 122, -1,
      122, 121, 26, -1,
      26, 121, 135, -1,
      26, 135, 27, -1,
      138, 139, 2, -1,
      2, 139, 140, -1,
      2, 140, 20, -1,
      141, 142, 143, -1,
      3, 144, 2, -1,
      2, 144, 145, -1,
      2, 145, 138, -1,
      138, 145, 146, -1,
      138, 146, 147, -1,
      147, 146, 143, -1,
      146, 148, 143, -1,
      143, 148, 149, -1,
      143, 149, 141, -1,
      141, 149, 150, -1,
      147, 143, 151, -1,
      142, 141, 152, -1,
      1, 0, 153, -1,
      154, 20, 140, -1,
      57, 19, 155, -1,
      155, 19, 156, -1,
      4, 5, 157, -1,
      157, 5, 158, -1,
      157, 158, 153, -1,
      153, 158, 159, -1,
      153, 159, 1, -1,
      157, 160, 4, -1,
      4, 160, 161, -1,
      4, 161, 3, -1,
      3, 161, 144, -1,
      144, 161, 162, -1,
      144, 162, 145, -1,
      145, 162, 163, -1,
      145, 163, 146, -1,
      163, 164, 146, -1,
      146, 164, 165, -1,
      146, 165, 148, -1,
      148, 165, 166, -1,
      148, 166, 149, -1,
      152, 141, 167, -1,
      166, 168, 149, -1,
      149, 168, 169, -1,
      149, 169, 150, -1,
      150, 169, 170, -1,
      150, 170, 141, -1,
      141, 170, 171, -1,
      141, 171, 167, -1,
      151, 143, 172, -1,
      142, 152, 143, -1,
      143, 152, 173, -1,
      143, 173, 172, -1,
      174, 175, 138, -1,
      147, 151, 138, -1,
      138, 151, 176, -1,
      138, 176, 174, -1,
      177, 140, 175, -1,
      175, 140, 139, -1,
      175, 139, 138, -1,
      156, 154, 155, -1,
      155, 154, 140, -1,
      155, 140, 178, -1,
      178, 140, 177, -1,
      179, 6, 180, -1,
      179, 180, 181, -1,
      56, 57, 182, -1,
      182, 57, 155, -1,
      182, 155, 183, -1,
      184, 174, 185, -1,
      185, 174, 176, -1,
      185, 176, 186, -1,
      155, 178, 183, -1,
      183, 178, 177, -1,
      183, 177, 184, -1,
      184, 177, 175, -1,
      184, 175, 174, -1,
      187, 188, 167, -1,
      176, 151, 186, -1,
      186, 151, 172, -1,
      186, 172, 189, -1,
      189, 172, 173, -1,
      189, 173, 188, -1,
      188, 173, 152, -1,
      188, 152, 167, -1,
      167, 171, 187, -1,
      187, 171, 170, -1,
      187, 170, 190, -1,
      190, 170, 169, -1,
      190, 169, 191, -1,
      169, 168, 191, -1,
      191, 168, 166, -1,
      191, 166, 192, -1,
      192, 166, 165, -1,
      192, 165, 193, -1,
      165, 164, 193, -1,
      193, 164, 163, -1,
      193, 163, 194, -1,
      194, 163, 162, -1,
      194, 162, 195, -1,
      195, 162, 161, -1,
      195, 161, 196, -1,
      0, 181, 153, -1,
      153, 181, 180, -1,
      153, 180, 157, -1,
      157, 180, 196, -1,
      157, 196, 160, -1,
      160, 196, 161, -1,
      10, 9, 197, -1,
      21, 56, 198, -1,
      198, 56, 182, -1,
      198, 182, 199, -1,
      200, 196, 201, -1,
      201, 196, 180, -1,
      201, 180, 7, -1,
      7, 180, 6, -1,
      200, 11, 196, -1,
      196, 11, 10, -1,
      196, 10, 195, -1,
      195, 10, 197, -1,
      195, 197, 194, -1,
      194, 197, 202, -1,
      194, 202, 193, -1,
      193, 202, 203, -1,
      193, 203, 192, -1,
      192, 203, 204, -1,
      192, 204, 191, -1,
      191, 204, 205, -1,
      191, 205, 190, -1,
      190, 205, 206, -1,
      190, 206, 187, -1,
      187, 206, 207, -1,
      187, 207, 188, -1,
      188, 207, 208, -1,
      188, 208, 189, -1,
      189, 208, 209, -1,
      189, 209, 186, -1,
      186, 209, 210, -1,
      186, 210, 185, -1,
      185, 210, 211, -1,
      185, 211, 184, -1,
      184, 211, 212, -1,
      184, 212, 183, -1,
      183, 212, 213, -1,
      183, 213, 182, -1,
      182, 213, 16, -1,
      182, 16, 199, -1,
      203, 202, 8, -1,
      8, 202, 197, -1,
      8, 197, 9, -1,
      8, 16, 213, -1,
      204, 203, 209, -1,
      213, 212, 8, -1,
      8, 212, 211, -1,
      8, 211, 203, -1,
      203, 211, 210, -1,
      203, 210, 209, -1,
      209, 208, 207, -1,
      204, 209, 205, -1,
      205, 209, 207, -1,
      205, 207, 206, -1,
      214, 215, 216, -1,
      216, 215, 217, -1,
      216, 217, 218, -1,
      215, 219, 217, -1,
      217, 219, 220, -1,
      221, 222, 223, -1,
      221, 223, 224, -1,
      224, 223, 225, -1,
      224, 225, 226, -1,
      226, 225, 227, -1,
      226, 227, 228, -1,
      228, 227, 229, -1,
      228, 229, 230, -1,
      230, 229, 231, -1,
      230, 231, 232, -1,
      231, 233, 232, -1,
      232, 233, 234, -1,
      234, 233, 235, -1,
      234, 235, 236, -1,
      236, 235, 237, -1,
      236, 237, 238, -1,
      238, 237, 239, -1,
      238, 239, 240, -1,
      241, 242, 243, -1,
      243, 242, 244, -1,
      243, 244, 245, -1,
      241, 243, 246, -1,
      246, 243, 247, -1,
      248, 249, 250, -1,
      248, 250, 251, -1,
      251, 250, 252, -1,
      251, 252, 253, -1,
      253, 252, 254, -1,
      253, 254, 255, -1,
      255, 254, 256, -1,
      255, 256, 257, -1,
      257, 256, 258, -1,
      257, 258, 259, -1,
      249, 248, 260, -1,
      260, 248, 261, -1,
      262, 263, 264, -1,
      262, 264, 265, -1,
      265, 264, 266, -1,
      265, 266, 267, -1,
      267, 266, 260, -1,
      267, 260, 261, -1,
      268, 269, 17, -1,
      17, 269, 18, -1,
      15, 268, 17, -1,
      269, 268, 15, -1,
      269, 15, 270, -1,
      270, 15, 14, -1,
      270, 14, 271, -1,
      271, 14, 13, -1,
      271, 13, 270, -1,
      270, 13, 12, -1,
      49, 50, 272, -1,
      49, 272, 273, -1,
      273, 272, 274, -1,
      273, 274, 275, -1,
      275, 274, 220, -1,
      275, 220, 219, -1,
      246, 247, 276, -1,
      246, 276, 277, -1,
      277, 276, 278, -1,
      277, 278, 279, -1,
      279, 278, 48, -1,
      279, 48, 47, -1,
      280, 281, 240, -1,
      240, 281, 282, -1,
      240, 282, 55, -1,
      55, 54, 221, -1,
      234, 236, 55, -1,
      55, 236, 238, -1,
      55, 238, 240, -1,
      221, 224, 55, -1,
      55, 224, 226, -1,
      55, 226, 228, -1,
      228, 230, 55, -1,
      55, 230, 232, -1,
      55, 232, 234, -1,
      52, 222, 53, -1,
      53, 222, 221, -1,
      53, 221, 54, -1,
      45, 218, 46, -1,
      46, 218, 217, -1,
      46, 217, 220, -1,
      220, 274, 46, -1,
      46, 274, 272, -1,
      46, 272, 50, -1,
      43, 214, 44, -1,
      44, 214, 216, -1,
      44, 216, 45, -1,
      45, 216, 218, -1,
      214, 43, 215, -1,
      215, 43, 42, -1,
      215, 42, 219, -1,
      49, 273, 42, -1,
      42, 273, 275, -1,
      42, 275, 219, -1,
      222, 52, 51, -1,
      283, 239, 284, -1,
      284, 239, 285, -1,
      222, 51, 223, -1,
      285, 239, 51, -1,
      51, 239, 237, -1,
      51, 237, 235, -1,
      235, 233, 51, -1,
      51, 233, 231, -1,
      51, 231, 229, -1,
      229, 227, 51, -1,
      51, 227, 225, -1,
      51, 225, 223, -1,
      239, 283, 240, -1,
      240, 283, 286, -1,
      240, 286, 280, -1,
    ]
  }
}

Shape {
  appearance Appearance {
    material Material {
      diffuseColor 0.2510 0.2510 0.2510
      specularColor 0.1255 0.1255 0.1255
      ambientIntensity 0.2
      transparency 0.0000
      shininess 0.5
    }
  }
  geometry IndexedFaceSet {
    ccw TRUE
    solid FALSE
    coord DEF co Coordinate {
      point [
        0.776863 0.590552 -0.043307,
        0.836614 0.590552 -0.043307,
        0.914659 0.590552 -0.043307,
        0.914659 0.547244 -0.086614,
        0.866142 0.547244 -0.086614,
        0.776863 0.547244 -0.086614,
        0.807087 0.547244 -0.086614,
        0.914659 0.556839 -0.060019,
        0.914659 0.553046 -0.064961,
        0.914659 0.551857 -0.067832,
        0.914659 0.551701 -0.068209,
        0.914659 0.548720 -0.075406,
        0.914659 0.548518 -0.076944,
        0.914659 0.548465 -0.077346,
        0.914659 0.559929 -0.055991,
        0.914659 0.557087 -0.059695,
        0.914659 0.568898 -0.049109,
        0.914659 0.563956 -0.052901,
        0.914659 0.563632 -0.053150,
        0.914659 0.579343 -0.044783,
        0.914659 0.572146 -0.047764,
        0.914659 0.571769 -0.047920,
        0.914659 0.581284 -0.044527,
        0.914659 0.580881 -0.044580,
        0.807087 0.555219 -0.061572,
        0.807087 0.551407 -0.068087,
        0.807087 0.548254 -0.077319,
        0.866142 0.555219 -0.061572,
        0.866142 0.551584 -0.067719,
        0.866142 0.548343 -0.076920,
        0.836614 0.555219 -0.061572,
        0.836614 0.556548 -0.059795,
        0.776863 0.556839 -0.060019,
        0.776863 0.553046 -0.064961,
        0.776863 0.551857 -0.067832,
        0.776863 0.551701 -0.068209,
        0.776863 0.548720 -0.075406,
        0.776863 0.548518 -0.076944,
        0.776863 0.548465 -0.077346,
        0.836614 0.563413 -0.052865,
        0.776863 0.559929 -0.055991,
        0.836614 0.556833 -0.059507,
        0.776863 0.557087 -0.059695,
        0.836614 0.571656 -0.047646,
        0.776863 0.568898 -0.049109,
        0.836614 0.563756 -0.052648,
        0.776863 0.563956 -0.052901,
        0.776863 0.563632 -0.053150,
        0.836614 0.580858 -0.044406,
        0.776863 0.579343 -0.044783,
        0.836614 0.572039 -0.047512,
        0.776863 0.572146 -0.047764,
        0.776863 0.571769 -0.047920,
        0.836614 0.581261 -0.044360,
        0.776863 0.581284 -0.044527,
        0.776863 0.580881 -0.044580,
      ]
    }
    coordIndex [
      24, 30, 31, -1,
      32, 33, 25, -1,
      33, 34, 25, -1,
      25, 34, 35, -1,
      25, 35, 26, -1,
      26, 35, 36, -1,
      26, 36, 37, -1,
      37, 38, 26, -1,
      26, 38, 5, -1,
      26, 5, 6, -1,
      39, 40, 41, -1,
      41, 40, 42, -1,
      41, 42, 31, -1,
      31, 42, 32, -1,
      31, 32, 24, -1,
      24, 32, 25, -1,
      43, 44, 45, -1,
      45, 44, 46, -1,
      45, 46, 39, -1,
      39, 46, 47, -1,
      39, 47, 40, -1,
      48, 49, 50, -1,
      50, 49, 51, -1,
      50, 51, 43, -1,
      43, 51, 52, -1,
      43, 52, 44, -1,
      1, 0, 53, -1,
      53, 0, 54, -1,
      53, 54, 48, -1,
      48, 54, 55, -1,
      48, 55, 49, -1,
      3, 13, 4, -1,
      4, 13, 29, -1,
      13, 12, 29, -1,
      29, 12, 11, -1,
      29, 11, 28, -1,
      28, 11, 10, -1,
      28, 10, 9, -1,
      15, 27, 7, -1,
      7, 27, 28, -1,
      7, 28, 8, -1,
      8, 28, 9, -1,
      2, 1, 22, -1,
      22, 1, 53, -1,
      22, 53, 23, -1,
      23, 53, 48, -1,
      23, 48, 19, -1,
      19, 48, 50, -1,
      45, 16, 43, -1,
      43, 16, 21, -1,
      43, 21, 50, -1,
      50, 21, 20, -1,
      50, 20, 19, -1,
      30, 27, 31, -1,
      31, 27, 15, -1,
      31, 15, 41, -1,
      41, 15, 14, -1,
      41, 14, 39, -1,
      39, 14, 18, -1,
      39, 18, 45, -1,
      45, 18, 17, -1,
      45, 17, 16, -1,
    ]
  }
}

Shape {
  appearance Appearance {
    material Material {
      diffuseColor 1.0000 1.0000 0.5020
      specularColor 0.8784 0.8784 0.4431
      ambientIntensity 0.2
      transparency 0.0000
      shininess 0.5
    }
  }
  geometry IndexedFaceSet {
    ccw TRUE
    solid FALSE
    coord DEF co Coordinate {
      point [
        0.807087 0.094488 -0.108268,
        0.807087 0.094488 -0.086614,
        0.836614 0.094488 -0.108268,
        0.866142 0.094488 -0.108268,
        0.866142 0.094488 -0.086614,
        0.860236 -0.049213 -0.230315,
        0.860236 -0.000914 -0.230315,
        0.812992 -0.049213 -0.230315,
        0.812992 -0.000914 -0.230315,
        0.812992 -0.049213 -0.212598,
        0.836614 -0.049213 -0.212598,
        0.860236 -0.049213 -0.212598,
        0.860236 -0.053150 -0.236220,
        0.860236 -0.053150 -0.212598,
        0.812992 -0.053150 -0.236220,
        0.836614 -0.053150 -0.212598,
        0.812992 -0.053150 -0.212598,
        0.860236 -0.021654 -0.236220,
        0.812992 -0.021654 -0.236220,
        0.807087 0.106299 -0.095818,
        0.866142 0.106299 -0.095818,
        0.866142 0.105933 -0.098737,
        0.807087 0.105933 -0.098737,
        0.866142 0.104856 -0.101476,
        0.807087 0.104856 -0.101476,
        0.866142 0.103135 -0.103863,
        0.807087 0.103135 -0.103863,
        0.866142 0.100877 -0.105752,
        0.807087 0.100877 -0.105752,
        0.866142 0.098223 -0.107022,
        0.807087 0.098223 -0.107022,
        0.866142 0.106299 -0.093249,
        0.807087 0.106299 -0.093249,
        0.807087 0.104124 -0.086420,
        0.866142 0.104124 -0.086420,
        0.866142 0.105315 -0.088530,
        0.807087 0.105315 -0.088530,
        0.866142 0.106050 -0.090839,
        0.807087 0.106050 -0.090839,
        0.812992 -0.014414 -0.235549,
        0.860236 -0.014414 -0.235549,
        0.812992 -0.007422 -0.233558,
        0.860236 -0.007422 -0.233558,
        0.866142 0.086514 -0.061572,
        0.866142 0.090325 -0.068087,
        0.866142 0.093479 -0.077319,
        0.807087 0.086514 -0.061572,
        0.807087 0.090200 -0.067824,
        0.807087 0.093402 -0.076977,
        0.836614 0.086514 -0.061572,
      ]
    }
    coordIndex [
      11, 13, 5, -1,
      5, 13, 12, -1,
      5, 12, 17, -1,
      17, 40, 5, -1,
      5, 40, 42, -1,
      5, 42, 6, -1,
      9, 16, 10, -1,
      10, 16, 15, -1,
      10, 15, 11, -1,
      11, 15, 13, -1,
      16, 9, 14, -1,
      14, 9, 7, -1,
      7, 8, 41, -1,
      41, 39, 7, -1,
      7, 39, 18, -1,
      7, 18, 14, -1,
      0, 30, 2, -1,
      2, 30, 29, -1,
      2, 29, 3, -1,
      43, 44, 34, -1,
      34, 44, 45, -1,
      34, 45, 4, -1,
      20, 31, 4, -1,
      20, 4, 21, -1,
      31, 37, 4, -1,
      4, 37, 35, -1,
      4, 35, 34, -1,
      3, 29, 4, -1,
      4, 29, 27, -1,
      27, 25, 4, -1,
      4, 25, 23, -1,
      4, 23, 21, -1,
      46, 33, 47, -1,
      47, 33, 48, -1,
      38, 32, 1, -1,
      1, 32, 19, -1,
      48, 33, 1, -1,
      1, 33, 36, -1,
      1, 36, 38, -1,
      19, 22, 1, -1,
      1, 22, 24, -1,
      1, 24, 26, -1,
      26, 28, 1, -1,
      1, 28, 30, -1,
      1, 30, 0, -1,
      43, 34, 49, -1,
      49, 34, 33, -1,
      49, 33, 46, -1,
    ]
  }
}

Shape {
  appearance Appearance {
    material Material {
      diffuseColor 0.2510 0.2510 0.2510
      specularColor 0.1255 0.1255 0.1255
      ambientIntensity 0.2
      transparency 0.0000
      shininess 0.5
    }
  }
  geometry IndexedFaceSet {
    ccw TRUE
    solid FALSE
    coord DEF co Coordinate {
      point [
        0.914659 0.051181 -0.043307,
        0.836614 0.051181 -0.043307,
        0.776863 0.051181 -0.043307,
        0.776863 0.094488 -0.086614,
        0.807087 0.094488 -0.086614,
        0.866142 0.094488 -0.086614,
        0.914659 0.094488 -0.086614,
        0.914659 0.093222 -0.077001,
        0.914659 0.093268 -0.077346,
        0.914659 0.089920 -0.067939,
        0.914659 0.090031 -0.068208,
        0.914659 0.093013 -0.075405,
        0.914659 0.060852 -0.044580,
        0.914659 0.060794 -0.044572,
        0.914659 0.069963 -0.047919,
        0.914659 0.069856 -0.047875,
        0.914659 0.062390 -0.044782,
        0.914659 0.088686 -0.064960,
        0.914659 0.084894 -0.060018,
        0.914659 0.084752 -0.059833,
        0.914659 0.081804 -0.055991,
        0.914659 0.078100 -0.053150,
        0.914659 0.077962 -0.053043,
        0.914659 0.072835 -0.049109,
        0.866142 0.086514 -0.061572,
        0.866142 0.090325 -0.068087,
        0.866142 0.093479 -0.077319,
        0.807087 0.086514 -0.061572,
        0.807087 0.090200 -0.067824,
        0.807087 0.093402 -0.076977,
        0.836614 0.086514 -0.061572,
        0.836614 0.085180 -0.059799,
        0.836614 0.078306 -0.052878,
        0.836614 0.085040 -0.059612,
        0.836614 0.070069 -0.047657,
        0.836614 0.078183 -0.052755,
        0.836614 0.060872 -0.044412,
        0.836614 0.069971 -0.047596,
        0.836614 0.060818 -0.044393,
        0.776863 0.093222 -0.077001,
        0.776863 0.093268 -0.077346,
        0.776863 0.089920 -0.067939,
        0.776863 0.090031 -0.068208,
        0.776863 0.093013 -0.075405,
        0.776863 0.060852 -0.044580,
        0.776863 0.060794 -0.044572,
        0.776863 0.069963 -0.047919,
        0.776863 0.069856 -0.047875,
        0.776863 0.062390 -0.044782,
        0.776863 0.088686 -0.064960,
        0.776863 0.084894 -0.060018,
        0.776863 0.084752 -0.059833,
        0.776863 0.081804 -0.055991,
        0.776863 0.078100 -0.053149,
        0.776863 0.077962 -0.053043,
        0.776863 0.072835 -0.049109,
      ]
    }
    coordIndex [
      24, 30, 31, -1,
      7, 26, 11, -1,
      11, 26, 25, -1,
      11, 25, 10, -1,
      7, 8, 26, -1,
      26, 8, 6, -1,
      26, 6, 5, -1,
      32, 20, 33, -1,
      33, 20, 19, -1,
      33, 19, 31, -1,
      31, 19, 18, -1,
      31, 18, 24, -1,
      24, 18, 17, -1,
      24, 17, 25, -1,
      25, 17, 9, -1,
      25, 9, 10, -1,
      34, 23, 35, -1,
      35, 23, 22, -1,
      35, 22, 32, -1,
      32, 22, 21, -1,
      32, 21, 20, -1,
      36, 16, 37, -1,
      37, 16, 15, -1,
      37, 15, 34, -1,
      34, 15, 14, -1,
      34, 14, 23, -1,
      1, 0, 38, -1,
      38, 0, 13, -1,
      38, 13, 36, -1,
      36, 13, 12, -1,
      36, 12, 16, -1,
      2, 1, 38, -1,
      39, 29, 40, -1,
      40, 29, 4, -1,
      40, 4, 3, -1,
      41, 28, 42, -1,
      42, 28, 29, -1,
      42, 29, 43, -1,
      43, 29, 39, -1,
      31, 30, 27, -1,
      31, 27, 33, -1,
      36, 44, 38, -1,
      38, 44, 45, -1,
      38, 45, 2, -1,
      34, 46, 37, -1,
      37, 46, 47, -1,
      37, 47, 36, -1,
      36, 47, 48, -1,
      36, 48, 44, -1,
      41, 49, 28, -1,
      28, 49, 50, -1,
      28, 50, 27, -1,
      27, 50, 51, -1,
      27, 51, 33, -1,
      33, 51, 32, -1,
      51, 52, 32, -1,
      32, 52, 53, -1,
      32, 53, 35, -1,
      35, 53, 54, -1,
      35, 54, 34, -1,
      34, 54, 55, -1,
      34, 55, 46, -1,
    ]
  }
}

Shape {
  appearance Appearance {
    material Material {
      diffuseColor 1.0000 1.0000 0.5020
      specularColor 0.8784 0.8784 0.4431
      ambientIntensity 0.2
      transparency 0.0000
      shininess 0.5
    }
  }
  geometry IndexedFaceSet {
    ccw TRUE
    solid FALSE
    coord DEF co Coordinate {
      point [
        0.822835 0.420963 -0.062946,
        0.822284 0.421230 -0.063541,
        0.811024 0.425198 -0.080709,
        0.811024 0.424924 -0.076075,
        0.813601 0.424317 -0.073158,
        0.814691 0.424060 -0.071925,
        0.850394 0.420963 -0.062946,
        0.850944 0.421230 -0.063541,
        0.862205 0.425198 -0.080709,
        0.862205 0.424924 -0.076075,
        0.859627 0.424317 -0.073158,
        0.858538 0.424060 -0.071925,
        0.862205 0.425198 -0.116628,
        0.724409 0.425198 -0.123733,
        0.717322 0.425198 -0.123733,
        0.818111 0.425198 -0.123733,
        0.673228 0.425198 -0.123734,
        0.724409 0.425198 -0.128279,
        0.673228 0.425198 -0.128279,
        0.811024 0.425198 -0.116628,
        0.680315 0.425198 -0.123733,
        0.855117 0.425198 -0.123733,
        0.862205 0.216535 -0.123733,
        0.811024 0.216535 -0.116627,
        0.811024 0.216535 -0.080708,
        0.855117 0.216535 -0.123733,
        0.862205 0.216535 -0.080708,
        0.862205 0.216535 -0.116627,
        0.862205 0.216535 -0.128279,
        0.811024 0.216535 -0.128279,
        0.811024 0.216535 -0.123734,
        0.818111 0.216535 -0.123733,
        0.850394 0.220769 -0.062946,
        0.851033 0.220459 -0.063637,
        0.858583 0.217662 -0.071977,
        0.862205 0.216809 -0.076075,
        0.859627 0.217416 -0.073158,
        0.822835 0.220769 -0.062946,
        0.822195 0.220459 -0.063637,
        0.814645 0.217662 -0.071977,
        0.811024 0.216809 -0.076075,
        0.813601 0.217416 -0.073158,
        0.722441 0.690945 -0.230315,
        0.722441 0.690945 -0.212598,
        0.698819 0.690945 -0.212598,
        0.675197 0.690945 -0.212598,
        0.675197 0.690945 -0.230315,
        0.675197 -0.000914 -0.230315,
        0.722441 -0.000914 -0.230315,
        0.722441 0.642647 -0.230315,
        0.675197 0.642647 -0.230315,
        0.728346 0.547244 -0.086614,
        0.728346 0.547244 -0.108268,
        0.698819 0.547244 -0.108268,
        0.669291 0.547244 -0.108268,
        0.669291 0.547244 -0.086614,
        0.850394 0.427166 -0.127143,
        0.822835 0.427166 -0.127143,
        0.830000 0.220769 -0.062946,
        0.822835 0.213100 -0.066727,
        0.850394 0.213080 -0.066687,
        0.836614 0.220769 -0.062946,
        0.850394 0.206099 -0.072585,
        0.822835 0.205918 -0.072785,
        0.850394 0.200981 -0.079898,
        0.822835 0.200996 -0.079909,
        0.850394 0.200889 -0.080030,
        0.822835 0.213052 -0.066751,
        0.850394 0.213031 -0.066710,
        0.822835 0.212715 -0.066917,
        0.850394 0.206181 -0.072515,
        0.822835 0.206202 -0.072540,
        0.822835 0.206120 -0.072610,
        0.850394 0.196895 -0.097333,
        0.850394 0.197743 -0.088555,
        0.822835 0.197731 -0.088607,
        0.822835 0.200905 -0.080041,
        0.822835 0.200814 -0.080173,
        0.850394 0.197817 -0.088354,
        0.822835 0.197823 -0.088356,
        0.822835 0.197749 -0.088557,
        0.822835 0.196888 -0.097332,
        0.822835 0.196867 -0.097546,
        0.850394 0.196869 -0.097600,
        0.822835 0.196876 -0.097598,
        0.850394 0.198273 -0.106252,
        0.822835 0.198253 -0.106255,
        0.822835 0.198278 -0.106414,
        0.850394 0.198324 -0.106569,
        0.822835 0.198343 -0.106561,
        0.850394 0.201861 -0.114531,
        0.822835 0.201831 -0.114544,
        0.822835 0.201874 -0.114643,
        0.850394 0.202013 -0.114874,
        0.822835 0.202039 -0.114853,
        0.850394 0.207425 -0.121632,
        0.822835 0.207389 -0.121661,
        0.850394 0.207693 -0.121967,
        0.822835 0.207422 -0.121703,
        0.850394 0.214567 -0.127143,
        0.822835 0.207720 -0.121931,
        0.822835 0.214567 -0.127143,
        0.811024 0.213502 -0.079347,
        0.811024 0.212068 -0.080765,
        0.811024 0.208569 -0.106073,
        0.811024 0.207954 -0.103709,
        0.811024 0.206889 -0.099620,
        0.811024 0.206905 -0.097283,
        0.811024 0.206934 -0.092951,
        0.811024 0.207525 -0.090801,
        0.811024 0.214672 -0.114734,
        0.811024 0.208700 -0.086521,
        0.811024 0.209773 -0.084688,
        0.811024 0.211858 -0.111874,
        0.811024 0.210601 -0.109656,
        0.819790 0.219292 -0.066235,
        0.816957 0.218206 -0.069360,
        0.816239 0.216535 -0.121915,
        0.814526 0.216535 -0.120221,
        0.811024 0.214567 -0.127143,
        0.862205 0.214567 -0.127143,
        0.862205 0.211858 -0.111874,
        0.862205 0.210601 -0.109656,
        0.862205 0.208569 -0.106073,
        0.862205 0.207954 -0.103709,
        0.862205 0.206889 -0.099620,
        0.862205 0.206905 -0.097283,
        0.862205 0.206934 -0.092951,
        0.862205 0.207525 -0.090801,
        0.862205 0.208700 -0.086521,
        0.862205 0.209773 -0.084688,
        0.862205 0.212068 -0.080765,
        0.862205 0.213502 -0.079346,
        0.856271 0.218206 -0.069360,
        0.853438 0.219292 -0.066235,
        0.862205 0.214672 -0.114734,
        0.860396 0.216535 -0.118508,
        0.858702 0.216535 -0.120221,
        0.811024 0.431132 -0.109656,
        0.811024 0.429874 -0.111874,
        0.811024 0.427060 -0.114734,
        0.811024 0.434828 -0.097283,
        0.811024 0.434843 -0.099620,
        0.811024 0.433779 -0.103709,
        0.811024 0.428231 -0.079347,
        0.811024 0.429665 -0.080765,
        0.811024 0.431960 -0.084688,
        0.811024 0.433164 -0.106073,
        0.811024 0.433032 -0.086521,
        0.811024 0.434208 -0.090801,
        0.811024 0.434798 -0.092951,
        0.822835 0.443390 -0.106561,
        0.822835 0.444857 -0.097598,
        0.822835 0.428633 -0.066728,
        0.814526 0.425198 -0.120221,
        0.822835 0.434012 -0.121931,
        0.816239 0.425198 -0.121916,
        0.822835 0.428681 -0.066751,
        0.816957 0.423526 -0.069360,
        0.819790 0.422441 -0.066235,
        0.822835 0.429017 -0.066917,
        0.822835 0.435531 -0.072540,
        0.822835 0.435612 -0.072610,
        0.822835 0.435815 -0.072785,
        0.822835 0.440736 -0.079909,
        0.822835 0.440828 -0.080041,
        0.822835 0.440919 -0.080173,
        0.822835 0.444865 -0.097546,
        0.822835 0.443910 -0.088356,
        0.822835 0.443983 -0.088557,
        0.822835 0.444002 -0.088607,
        0.822835 0.444845 -0.097332,
        0.822835 0.443454 -0.106414,
        0.822835 0.443480 -0.106255,
        0.822835 0.439859 -0.114643,
        0.822835 0.439693 -0.114854,
        0.822835 0.439902 -0.114544,
        0.822835 0.434344 -0.121661,
        0.822835 0.434311 -0.121704,
        0.836614 0.420963 -0.062946,
        0.850394 0.428653 -0.066687,
        0.830000 0.420963 -0.062946,
        0.850394 0.434040 -0.121967,
        0.850394 0.434308 -0.121632,
        0.850394 0.439720 -0.114874,
        0.850394 0.439872 -0.114531,
        0.850394 0.443408 -0.106569,
        0.850394 0.444838 -0.097333,
        0.850394 0.444864 -0.097600,
        0.850394 0.443460 -0.106252,
        0.850394 0.443990 -0.088555,
        0.850394 0.443915 -0.088354,
        0.850394 0.440844 -0.080030,
        0.850394 0.440752 -0.079898,
        0.850394 0.435634 -0.072585,
        0.850394 0.435552 -0.072515,
        0.850394 0.428701 -0.066710,
        0.862205 0.428231 -0.079347,
        0.858702 0.425198 -0.120221,
        0.860396 0.425198 -0.118508,
        0.856271 0.423526 -0.069360,
        0.853438 0.422441 -0.066235,
        0.862205 0.429665 -0.080765,
        0.862205 0.431960 -0.084688,
        0.862205 0.433032 -0.086521,
        0.862205 0.434208 -0.090801,
        0.862205 0.434798 -0.092951,
        0.862205 0.434828 -0.097283,
        0.862205 0.434843 -0.099620,
        0.862205 0.433779 -0.103709,
        0.862205 0.433164 -0.106073,
        0.862205 0.431132 -0.109656,
        0.862205 0.429874 -0.111874,
        0.862205 0.427060 -0.114734,
        0.722441 0.694882 -0.212598,
        0.722441 0.694882 -0.236220,
        0.698819 0.694882 -0.212598,
        0.675197 0.694882 -0.236220,
        0.675197 0.694882 -0.212598,
        0.722441 0.663386 -0.236220,
        0.675197 0.663386 -0.236220,
        0.669291 0.543509 -0.107023,
        0.728346 0.543509 -0.107023,
        0.728346 0.540856 -0.105752,
        0.669291 0.540856 -0.105752,
        0.728346 0.538598 -0.103864,
        0.669291 0.538598 -0.103864,
        0.728346 0.536877 -0.101476,
        0.669291 0.536877 -0.101476,
        0.728346 0.535800 -0.098738,
        0.669291 0.535800 -0.098738,
        0.728346 0.535433 -0.095818,
        0.669291 0.535433 -0.095818,
        0.728346 0.535433 -0.093249,
        0.669291 0.535433 -0.093249,
        0.728346 0.535682 -0.090839,
        0.669291 0.535682 -0.090839,
        0.728346 0.536417 -0.088530,
        0.669291 0.536417 -0.088530,
        0.728346 0.537608 -0.086420,
        0.669291 0.537608 -0.086420,
        0.722441 -0.053150 -0.236220,
        0.722441 -0.053150 -0.212598,
        0.675197 -0.053150 -0.236220,
        0.698819 -0.053150 -0.212598,
        0.675197 -0.053150 -0.212598,
        0.722441 -0.021654 -0.236220,
        0.675197 -0.021654 -0.236220,
        0.669291 0.106299 -0.095818,
        0.728346 0.106299 -0.095818,
        0.728346 0.105933 -0.098737,
        0.669291 0.105933 -0.098737,
        0.728346 0.104856 -0.101476,
        0.669291 0.104856 -0.101476,
        0.728346 0.103135 -0.103863,
        0.669291 0.103135 -0.103863,
        0.728346 0.100877 -0.105752,
        0.669291 0.100877 -0.105752,
        0.728346 0.098223 -0.107022,
        0.669291 0.098223 -0.107022,
        0.728346 0.106299 -0.093249,
        0.669291 0.106299 -0.093249,
        0.669291 0.104124 -0.086420,
        0.728346 0.104124 -0.086420,
        0.728346 0.105315 -0.088530,
        0.669291 0.105315 -0.088530,
        0.728346 0.106050 -0.090839,
        0.669291 0.106050 -0.090839,
        0.724409 0.427166 -0.127143,
        0.712598 0.427166 -0.127143,
        0.685039 0.427166 -0.127143,
        0.673228 0.427166 -0.127143,
        0.675197 0.649154 -0.233558,
        0.722441 0.649154 -0.233558,
        0.675197 0.656147 -0.235549,
        0.722441 0.656147 -0.235549,
        0.675197 -0.014414 -0.235549,
        0.722441 -0.014414 -0.235549,
        0.675197 -0.007422 -0.233558,
        0.722441 -0.007422 -0.233558,
        0.669291 0.555219 -0.061572,
        0.669291 0.551407 -0.068087,
        0.669291 0.548254 -0.077319,
        0.728346 0.555219 -0.061572,
        0.728346 0.551584 -0.067719,
        0.728346 0.548343 -0.076920,
        0.698819 0.555219 -0.061572,
      ]
    }
    coordIndex [
      58, 37, 59, -1,
      60, 32, 61, -1,
      58, 59, 61, -1,
      62, 63, 64, -1,
      64, 63, 65, -1,
      64, 65, 66, -1,
      61, 59, 60, -1,
      60, 59, 67, -1,
      60, 67, 68, -1,
      68, 67, 69, -1,
      68, 69, 70, -1,
      70, 69, 71, -1,
      70, 71, 62, -1,
      62, 71, 72, -1,
      62, 72, 63, -1,
      73, 74, 75, -1,
      65, 76, 66, -1,
      66, 76, 77, -1,
      66, 77, 78, -1,
      78, 77, 79, -1,
      78, 79, 74, -1,
      74, 79, 80, -1,
      74, 80, 75, -1,
      75, 81, 73, -1,
      73, 81, 82, -1,
      73, 82, 83, -1,
      83, 82, 84, -1,
      83, 84, 85, -1,
      84, 86, 85, -1,
      85, 86, 87, -1,
      85, 87, 88, -1,
      88, 87, 89, -1,
      88, 89, 90, -1,
      89, 91, 90, -1,
      90, 91, 92, -1,
      90, 92, 93, -1,
      93, 92, 94, -1,
      93, 94, 95, -1,
      95, 94, 96, -1,
      95, 96, 97, -1,
      97, 96, 98, -1,
      97, 98, 99, -1,
      99, 98, 100, -1,
      99, 100, 101, -1,
      40, 24, 102, -1,
      102, 24, 103, -1,
      104, 105, 24, -1,
      24, 105, 106, -1,
      106, 107, 24, -1,
      24, 107, 108, -1,
      24, 108, 109, -1,
      24, 23, 110, -1,
      109, 111, 24, -1,
      24, 111, 112, -1,
      24, 112, 103, -1,
      110, 113, 24, -1,
      24, 113, 114, -1,
      24, 114, 104, -1,
      39, 41, 67, -1,
      67, 41, 69, -1,
      40, 102, 41, -1,
      41, 102, 71, -1,
      41, 71, 69, -1,
      37, 38, 59, -1,
      59, 38, 115, -1,
      59, 115, 67, -1,
      67, 115, 116, -1,
      67, 116, 39, -1,
      100, 110, 23, -1,
      31, 101, 117, -1,
      117, 101, 100, -1,
      117, 100, 118, -1,
      118, 100, 23, -1,
      100, 98, 110, -1,
      110, 98, 96, -1,
      110, 96, 113, -1,
      113, 96, 94, -1,
      113, 94, 114, -1,
      94, 92, 114, -1,
      114, 92, 91, -1,
      114, 91, 104, -1,
      104, 91, 89, -1,
      104, 89, 105, -1,
      89, 87, 105, -1,
      105, 87, 86, -1,
      105, 86, 106, -1,
      106, 86, 84, -1,
      106, 84, 107, -1,
      84, 82, 107, -1,
      107, 82, 81, -1,
      107, 81, 108, -1,
      108, 81, 75, -1,
      108, 75, 109, -1,
      75, 80, 109, -1,
      109, 80, 79, -1,
      109, 79, 111, -1,
      111, 79, 77, -1,
      111, 77, 112, -1,
      77, 76, 112, -1,
      112, 76, 65, -1,
      112, 65, 103, -1,
      103, 65, 63, -1,
      103, 63, 102, -1,
      102, 63, 72, -1,
      102, 72, 71, -1,
      119, 101, 30, -1,
      30, 101, 31, -1,
      29, 119, 30, -1,
      120, 99, 28, -1,
      28, 99, 101, -1,
      28, 101, 29, -1,
      29, 101, 119, -1,
      120, 28, 22, -1,
      120, 22, 99, -1,
      99, 22, 25, -1,
      121, 122, 93, -1,
      123, 124, 88, -1,
      125, 126, 83, -1,
      127, 128, 74, -1,
      129, 130, 66, -1,
      131, 132, 62, -1,
      62, 132, 70, -1,
      60, 68, 133, -1,
      133, 134, 60, -1,
      60, 134, 33, -1,
      60, 33, 32, -1,
      132, 35, 70, -1,
      70, 35, 36, -1,
      70, 36, 68, -1,
      68, 36, 34, -1,
      68, 34, 133, -1,
      97, 99, 25, -1,
      27, 135, 136, -1,
      136, 135, 97, -1,
      136, 97, 137, -1,
      137, 97, 25, -1,
      131, 62, 130, -1,
      130, 62, 64, -1,
      130, 64, 66, -1,
      129, 66, 128, -1,
      128, 66, 78, -1,
      128, 78, 74, -1,
      127, 74, 126, -1,
      126, 74, 73, -1,
      126, 73, 83, -1,
      125, 83, 124, -1,
      124, 83, 85, -1,
      124, 85, 88, -1,
      123, 88, 122, -1,
      122, 88, 90, -1,
      122, 90, 93, -1,
      121, 93, 135, -1,
      135, 93, 95, -1,
      135, 95, 97, -1,
      35, 132, 26, -1,
      26, 132, 131, -1,
      26, 131, 130, -1,
      127, 126, 26, -1,
      26, 126, 125, -1,
      130, 129, 26, -1,
      26, 129, 128, -1,
      26, 128, 127, -1,
      125, 124, 26, -1,
      26, 124, 123, -1,
      26, 123, 122, -1,
      122, 121, 26, -1,
      26, 121, 135, -1,
      26, 135, 27, -1,
      138, 139, 2, -1,
      2, 139, 140, -1,
      2, 140, 19, -1,
      141, 142, 143, -1,
      3, 144, 2, -1,
      2, 144, 145, -1,
      2, 145, 138, -1,
      138, 145, 146, -1,
      138, 146, 147, -1,
      147, 146, 143, -1,
      146, 148, 143, -1,
      143, 148, 149, -1,
      143, 149, 141, -1,
      141, 149, 150, -1,
      147, 143, 151, -1,
      142, 141, 152, -1,
      1, 0, 153, -1,
      154, 19, 140, -1,
      57, 15, 155, -1,
      155, 15, 156, -1,
      4, 5, 157, -1,
      157, 5, 158, -1,
      157, 158, 153, -1,
      153, 158, 159, -1,
      153, 159, 1, -1,
      157, 160, 4, -1,
      4, 160, 161, -1,
      4, 161, 3, -1,
      3, 161, 144, -1,
      144, 161, 162, -1,
      144, 162, 145, -1,
      145, 162, 163, -1,
      145, 163, 146, -1,
      163, 164, 146, -1,
      146, 164, 165, -1,
      146, 165, 148, -1,
      148, 165, 166, -1,
      148, 166, 149, -1,
      152, 141, 167, -1,
      166, 168, 149, -1,
      149, 168, 169, -1,
      149, 169, 150, -1,
      150, 169, 170, -1,
      150, 170, 141, -1,
      141, 170, 171, -1,
      141, 171, 167, -1,
      151, 143, 172, -1,
      142, 152, 143, -1,
      143, 152, 173, -1,
      143, 173, 172, -1,
      174, 175, 138, -1,
      147, 151, 138, -1,
      138, 151, 176, -1,
      138, 176, 174, -1,
      177, 140, 175, -1,
      175, 140, 139, -1,
      175, 139, 138, -1,
      156, 154, 155, -1,
      155, 154, 140, -1,
      155, 140, 178, -1,
      178, 140, 177, -1,
      179, 6, 180, -1,
      179, 180, 181, -1,
      56, 57, 182, -1,
      182, 57, 155, -1,
      182, 155, 183, -1,
      184, 174, 185, -1,
      185, 174, 176, -1,
      185, 176, 186, -1,
      155, 178, 183, -1,
      183, 178, 177, -1,
      183, 177, 184, -1,
      184, 177, 175, -1,
      184, 175, 174, -1,
      187, 188, 167, -1,
      176, 151, 186, -1,
      186, 151, 172, -1,
      186, 172, 189, -1,
      189, 172, 173, -1,
      189, 173, 188, -1,
      188, 173, 152, -1,
      188, 152, 167, -1,
      167, 171, 187, -1,
      187, 171, 170, -1,
      187, 170, 190, -1,
      190, 170, 169, -1,
      190, 169, 191, -1,
      169, 168, 191, -1,
      191, 168, 166, -1,
      191, 166, 192, -1,
      192, 166, 165, -1,
      192, 165, 193, -1,
      165, 164, 193, -1,
      193, 164, 163, -1,
      193, 163, 194, -1,
      194, 163, 162, -1,
      194, 162, 195, -1,
      195, 162, 161, -1,
      195, 161, 196, -1,
      0, 181, 153, -1,
      153, 181, 180, -1,
      153, 180, 157, -1,
      157, 180, 196, -1,
      157, 196, 160, -1,
      160, 196, 161, -1,
      10, 9, 197, -1,
      21, 56, 198, -1,
      198, 56, 182, -1,
      198, 182, 199, -1,
      200, 196, 201, -1,
      201, 196, 180, -1,
      201, 180, 7, -1,
      7, 180, 6, -1,
      200, 11, 196, -1,
      196, 11, 10, -1,
      196, 10, 195, -1,
      195, 10, 197, -1,
      195, 197, 194, -1,
      194, 197, 202, -1,
      194, 202, 193, -1,
      193, 202, 203, -1,
      193, 203, 192, -1,
      192, 203, 204, -1,
      192, 204, 191, -1,
      191, 204, 205, -1,
      191, 205, 190, -1,
      190, 205, 206, -1,
      190, 206, 187, -1,
      187, 206, 207, -1,
      187, 207, 188, -1,
      188, 207, 208, -1,
      188, 208, 189, -1,
      189, 208, 209, -1,
      189, 209, 186, -1,
      186, 209, 210, -1,
      186, 210, 185, -1,
      185, 210, 211, -1,
      185, 211, 184, -1,
      184, 211, 212, -1,
      184, 212, 183, -1,
      183, 212, 213, -1,
      183, 213, 182, -1,
      182, 213, 12, -1,
      182, 12, 199, -1,
      203, 202, 8, -1,
      8, 202, 197, -1,
      8, 197, 9, -1,
      8, 12, 213, -1,
      204, 203, 209, -1,
      213, 212, 8, -1,
      8, 212, 211, -1,
      8, 211, 203, -1,
      203, 211, 210, -1,
      203, 210, 209, -1,
      209, 208, 207, -1,
      204, 209, 205, -1,
      205, 209, 207, -1,
      205, 207, 206, -1,
      214, 215, 216, -1,
      216, 215, 217, -1,
      216, 217, 218, -1,
      215, 219, 217, -1,
      217, 219, 220, -1,
      221, 222, 223, -1,
      221, 223, 224, -1,
      224, 223, 225, -1,
      224, 225, 226, -1,
      226, 225, 227, -1,
      226, 227, 228, -1,
      228, 227, 229, -1,
      228, 229, 230, -1,
      230, 229, 231, -1,
      230, 231, 232, -1,
      231, 233, 232, -1,
      232, 233, 234, -1,
      234, 233, 235, -1,
      234, 235, 236, -1,
      236, 235, 237, -1,
      236, 237, 238, -1,
      238, 237, 239, -1,
      238, 239, 240, -1,
      241, 242, 243, -1,
      243, 242, 244, -1,
      243, 244, 245, -1,
      241, 243, 246, -1,
      246, 243, 247, -1,
      248, 249, 250, -1,
      248, 250, 251, -1,
      251, 250, 252, -1,
      251, 252, 253, -1,
      253, 252, 254, -1,
      253, 254, 255, -1,
      255, 254, 256, -1,
      255, 256, 257, -1,
      257, 256, 258, -1,
      257, 258, 259, -1,
      249, 248, 260, -1,
      260, 248, 261, -1,
      262, 263, 264, -1,
      262, 264, 265, -1,
      265, 264, 266, -1,
      265, 266, 267, -1,
      267, 266, 260, -1,
      267, 260, 261, -1,
      268, 269, 13, -1,
      13, 269, 14, -1,
      17, 268, 13, -1,
      269, 268, 17, -1,
      269, 17, 270, -1,
      270, 17, 18, -1,
      270, 18, 271, -1,
      271, 18, 16, -1,
      271, 16, 270, -1,
      270, 16, 20, -1,
      49, 50, 272, -1,
      49, 272, 273, -1,
      273, 272, 274, -1,
      273, 274, 275, -1,
      275, 274, 220, -1,
      275, 220, 219, -1,
      246, 247, 276, -1,
      246, 276, 277, -1,
      277, 276, 278, -1,
      277, 278, 279, -1,
      279, 278, 47, -1,
      279, 47, 48, -1,
      280, 281, 240, -1,
      240, 281, 282, -1,
      240, 282, 55, -1,
      55, 54, 221, -1,
      234, 236, 55, -1,
      55, 236, 238, -1,
      55, 238, 240, -1,
      221, 224, 55, -1,
      55, 224, 226, -1,
      55, 226, 228, -1,
      228, 230, 55, -1,
      55, 230, 232, -1,
      55, 232, 234, -1,
      52, 222, 53, -1,
      53, 222, 221, -1,
      53, 221, 54, -1,
      45, 218, 46, -1,
      46, 218, 217, -1,
      46, 217, 220, -1,
      220, 274, 46, -1,
      46, 274, 272, -1,
      46, 272, 50, -1,
      43, 214, 44, -1,
      44, 214, 216, -1,
      44, 216, 45, -1,
      45, 216, 218, -1,
      214, 43, 215, -1,
      215, 43, 42, -1,
      215, 42, 219, -1,
      49, 273, 42, -1,
      42, 273, 275, -1,
      42, 275, 219, -1,
      222, 52, 51, -1,
      283, 239, 284, -1,
      284, 239, 285, -1,
      222, 51, 223, -1,
      285, 239, 51, -1,
      51, 239, 237, -1,
      51, 237, 235, -1,
      235, 233, 51, -1,
      51, 233, 231, -1,
      51, 231, 229, -1,
      229, 227, 51, -1,
      51, 227, 225, -1,
      51, 225, 223, -1,
      239, 283, 240, -1,
      240, 283, 286, -1,
      240, 286, 280, -1,
    ]
  }
}

Shape {
  appearance Appearance {
    material Material {
      diffuseColor 0.2510 0.2510 0.2510
      specularColor 0.1255 0.1255 0.1255
      ambientIntensity 0.2
      transparency 0.0000
      shininess 0.5
    }
  }
  geometry IndexedFaceSet {
    ccw TRUE
    solid FALSE
    coord DEF co Coordinate {
      point [
        0.639068 0.590552 -0.043307,
        0.698819 0.590552 -0.043307,
        0.776863 0.590552 -0.043307,
        0.776863 0.547244 -0.086614,
        0.728346 0.547244 -0.086614,
        0.639068 0.547244 -0.086614,
        0.669291 0.547244 -0.086614,
        0.776863 0.556839 -0.060019,
        0.776863 0.553046 -0.064961,
        0.776863 0.551857 -0.067832,
        0.776863 0.551701 -0.068209,
        0.776863 0.548720 -0.075406,
        0.776863 0.548518 -0.076944,
        0.776863 0.548465 -0.077346,
        0.776863 0.559929 -0.055991,
        0.776863 0.557087 -0.059695,
        0.776863 0.568898 -0.049109,
        0.776863 0.563956 -0.052901,
        0.776863 0.563632 -0.053150,
        0.776863 0.579343 -0.044783,
        0.776863 0.572146 -0.047764,
        0.776863 0.571769 -0.047920,
        0.776863 0.581284 -0.044527,
        0.776863 0.580881 -0.044580,
        0.669291 0.555219 -0.061572,
        0.669291 0.551407 -0.068087,
        0.669291 0.548254 -0.077319,
        0.728346 0.555219 -0.061572,
        0.728346 0.551584 -0.067719,
        0.728346 0.548343 -0.076920,
        0.698819 0.555219 -0.061572,
        0.698819 0.556548 -0.059795,
        0.639068 0.556839 -0.060019,
        0.639068 0.553046 -0.064961,
        0.639068 0.551857 -0.067832,
        0.639068 0.551701 -0.068209,
        0.639068 0.548720 -0.075406,
        0.639068 0.548518 -0.076944,
        0.639068 0.548465 -0.077346,
        0.698819 0.563413 -0.052865,
        0.639068 0.559929 -0.055991,
        0.698819 0.556833 -0.059507,
        0.639068 0.557087 -0.059695,
        0.698819 0.571656 -0.047646,
        0.639068 0.568898 -0.049109,
        0.698819 0.563756 -0.052648,
        0.639068 0.563956 -0.052901,
        0.639068 0.563632 -0.053150,
        0.698819 0.580858 -0.044406,
        0.639068 0.579343 -0.044783,
        0.698819 0.572039 -0.047512,
        0.639068 0.572146 -0.047764,
        0.639068 0.571769 -0.047920,
        0.698819 0.581261 -0.044360,
        0.639068 0.581284 -0.044527,
        0.639068 0.580881 -0.044580,
      ]
    }
    coordIndex [
      24, 30, 31, -1,
      32, 33, 25, -1,
      33, 34, 25, -1,
      25, 34, 35, -1,
      25, 35, 26, -1,
      26, 35, 36, -1,
      26, 36, 37, -1,
      37, 38, 26, -1,
      26, 38, 5, -1,
      26, 5, 6, -1,
      39, 40, 41, -1,
      41, 40, 42, -1,
      41, 42, 31, -1,
      31, 42, 32, -1,
      31, 32, 24, -1,
      24, 32, 25, -1,
      43, 44, 45, -1,
      45, 44, 46, -1,
      45, 46, 39, -1,
      39, 46, 47, -1,
      39, 47, 40, -1,
      48, 49, 50, -1,
      50, 49, 51, -1,
      50, 51, 43, -1,
      43, 51, 52, -1,
      43, 52, 44, -1,
      1, 0, 53, -1,
      53, 0, 54, -1,
      53, 54, 48, -1,
      48, 54, 55, -1,
      48, 55, 49, -1,
      3, 13, 4, -1,
      4, 13, 29, -1,
      13, 12, 29, -1,
      29, 12, 11, -1,
      29, 11, 28, -1,
      28, 11, 10, -1,
      28, 10, 9, -1,
      15, 27, 7, -1,
      7, 27, 28, -1,
      7, 28, 8, -1,
      8, 28, 9, -1,
      2, 1, 22, -1,
      22, 1, 53, -1,
      22, 53, 23, -1,
      23, 53, 48, -1,
      23, 48, 19, -1,
      19, 48, 50, -1,
      45, 16, 43, -1,
      43, 16, 21, -1,
      43, 21, 50, -1,
      50, 21, 20, -1,
      50, 20, 19, -1,
      30, 27, 31, -1,
      31, 27, 15, -1,
      31, 15, 41, -1,
      41, 15, 14, -1,
      41, 14, 39, -1,
      39, 14, 18, -1,
      39, 18, 45, -1,
      45, 18, 17, -1,
      45, 17, 16, -1,
    ]
  }
}

Shape {
  appearance Appearance {
    material Material {
      diffuseColor 1.0000 1.0000 0.5020
      specularColor 0.8784 0.8784 0.4431
      ambientIntensity 0.2
      transparency 0.0000
      shininess 0.5
    }
  }
  geometry IndexedFaceSet {
    ccw TRUE
    solid FALSE
    coord DEF co Coordinate {
      point [
        0.669291 0.094488 -0.086614,
        0.669291 0.094488 -0.108268,
        0.728346 0.094488 -0.108268,
        0.698819 0.094488 -0.108268,
        0.728346 0.094488 -0.086614,
        0.675197 -0.000914 -0.230315,
        0.675197 -0.049213 -0.230315,
        0.722441 -0.049213 -0.230315,
        0.722441 -0.000914 -0.230315,
        0.675197 -0.049213 -0.212598,
        0.698819 -0.049213 -0.212598,
        0.722441 -0.049213 -0.212598,
        0.722441 -0.053150 -0.236220,
        0.722441 -0.053150 -0.212598,
        0.675197 -0.053150 -0.236220,
        0.698819 -0.053150 -0.212598,
        0.675197 -0.053150 -0.212598,
        0.722441 -0.021654 -0.236220,
        0.675197 -0.021654 -0.236220,
        0.669291 0.106299 -0.095818,
        0.728346 0.106299 -0.095818,
        0.728346 0.105933 -0.098737,
        0.669291 0.105933 -0.098737,
        0.728346 0.104856 -0.101476,
        0.669291 0.104856 -0.101476,
        0.728346 0.103135 -0.103863,
        0.669291 0.103135 -0.103863,
        0.728346 0.100877 -0.105752,
        0.669291 0.100877 -0.105752,
        0.728346 0.098223 -0.107022,
        0.669291 0.098223 -0.107022,
        0.728346 0.106299 -0.093249,
        0.669291 0.106299 -0.093249,
        0.669291 0.104124 -0.086420,
        0.728346 0.104124 -0.086420,
        0.728346 0.105315 -0.088530,
        0.669291 0.105315 -0.088530,
        0.728346 0.106050 -0.090839,
        0.669291 0.106050 -0.090839,
        0.675197 -0.014414 -0.235549,
        0.722441 -0.014414 -0.235549,
        0.675197 -0.007422 -0.233558,
        0.722441 -0.007422 -0.233558,
        0.728346 0.086514 -0.061572,
        0.728346 0.090325 -0.068087,
        0.728346 0.093479 -0.077319,
        0.669291 0.086514 -0.061572,
        0.669291 0.090200 -0.067824,
        0.669291 0.093402 -0.076977,
        0.698819 0.086514 -0.061572,
      ]
    }
    coordIndex [
      11, 13, 7, -1,
      7, 13, 12, -1,
      7, 12, 17, -1,
      17, 40, 7, -1,
      7, 40, 42, -1,
      7, 42, 8, -1,
      9, 16, 10, -1,
      10, 16, 15, -1,
      10, 15, 11, -1,
      11, 15, 13, -1,
      16, 9, 14, -1,
      14, 9, 6, -1,
      6, 5, 41, -1,
      41, 39, 6, -1,
      6, 39, 18, -1,
      6, 18, 14, -1,
      1, 30, 3, -1,
      3, 30, 29, -1,
      3, 29, 2, -1,
      43, 44, 34, -1,
      34, 44, 45, -1,
      34, 45, 4, -1,
      20, 31, 4, -1,
      20, 4, 21, -1,
      31, 37, 4, -1,
      4, 37, 35, -1,
      4, 35, 34, -1,
      2, 29, 4, -1,
      4, 29, 27, -1,
      27, 25, 4, -1,
      4, 25, 23, -1,
      4, 23, 21, -1,
      46, 33, 47, -1,
      47, 33, 48, -1,
      38, 32, 0, -1,
      0, 32, 19, -1,
      48, 33, 0, -1,
      0, 33, 36, -1,
      0, 36, 38, -1,
      26, 28, 0, -1,
      0, 28, 30, -1,
      0, 30, 1, -1,
      19, 22, 0, -1,
      0, 22, 24, -1,
      0, 24, 26, -1,
      43, 34, 49, -1,
      49, 34, 33, -1,
      49, 33, 46, -1,
    ]
  }
}

Shape {
  appearance Appearance {
    material Material {
      diffuseColor 0.2510 0.2510 0.2510
      specularColor 0.1255 0.1255 0.1255
      ambientIntensity 0.2
      transparency 0.0000
      shininess 0.5
    }
  }
  geometry IndexedFaceSet {
    ccw TRUE
    solid FALSE
    coord DEF co Coordinate {
      point [
        0.776863 0.051181 -0.043307,
        0.698819 0.051181 -0.043307,
        0.639068 0.051181 -0.043307,
        0.639068 0.094488 -0.086614,
        0.669291 0.094488 -0.086614,
        0.728346 0.094488 -0.086614,
        0.776863 0.094488 -0.086614,
        0.776863 0.093222 -0.077001,
        0.776863 0.093268 -0.077346,
        0.776863 0.089920 -0.067939,
        0.776863 0.090031 -0.068208,
        0.776863 0.093013 -0.075405,
        0.776863 0.060852 -0.044580,
        0.776863 0.060794 -0.044572,
        0.776863 0.069963 -0.047919,
        0.776863 0.069856 -0.047875,
        0.776863 0.062390 -0.044782,
        0.776863 0.088686 -0.064960,
        0.776863 0.084894 -0.060018,
        0.776863 0.084752 -0.059833,
        0.776863 0.081804 -0.055991,
        0.776863 0.078100 -0.053149,
        0.776863 0.077962 -0.053043,
        0.776863 0.072835 -0.049109,
        0.728346 0.086514 -0.061572,
        0.728346 0.090325 -0.068087,
        0.728346 0.093479 -0.077319,
        0.669291 0.086514 -0.061572,
        0.669291 0.090200 -0.067824,
        0.669291 0.093402 -0.076977,
        0.698819 0.086514 -0.061572,
        0.698819 0.085180 -0.059799,
        0.698819 0.078306 -0.052878,
        0.698819 0.085040 -0.059612,
        0.698819 0.070069 -0.047657,
        0.698819 0.078183 -0.052755,
        0.698819 0.060872 -0.044412,
        0.698819 0.069971 -0.047596,
        0.698819 0.060818 -0.044393,
        0.639068 0.093222 -0.077001,
        0.639068 0.093268 -0.077346,
        0.639068 0.089920 -0.067939,
        0.639068 0.090031 -0.068208,
        0.639068 0.093013 -0.075405,
        0.639068 0.060852 -0.044580,
        0.639068 0.060794 -0.044572,
        0.639068 0.069963 -0.047919,
        0.639068 0.069856 -0.047875,
        0.639068 0.062390 -0.044782,
        0.639068 0.088686 -0.064960,
        0.639068 0.084894 -0.060018,
        0.639068 0.084752 -0.059833,
        0.639068 0.081804 -0.055991,
        0.639068 0.078100 -0.053149,
        0.639068 0.077962 -0.053043,
        0.639068 0.072835 -0.049109,
      ]
    }
    coordIndex [
      24, 30, 31, -1,
      7, 26, 11, -1,
      11, 26, 25, -1,
      11, 25, 10, -1,
      7, 8, 26, -1,
      26, 8, 6, -1,
      26, 6, 5, -1,
      32, 20, 33, -1,
      33, 20, 19, -1,
      33, 19, 31, -1,
      31, 19, 18, -1,
      31, 18, 24, -1,
      24, 18, 17, -1,
      24, 17, 25, -1,
      25, 17, 9, -1,
      25, 9, 10, -1,
      34, 23, 35, -1,
      35, 23, 22, -1,
      35, 22, 32, -1,
      32, 22, 21, -1,
      32, 21, 20, -1,
      36, 16, 37, -1,
      37, 16, 15, -1,
      37, 15, 34, -1,
      34, 15, 14, -1,
      34, 14, 23, -1,
      1, 0, 38, -1,
      38, 0, 13, -1,
      38, 13, 36, -1,
      36, 13, 12, -1,
      36, 12, 16, -1,
      2, 1, 38, -1,
      39, 29, 40, -1,
      40, 29, 4, -1,
      40, 4, 3, -1,
      41, 28, 42, -1,
      42, 28, 29, -1,
      42, 29, 43, -1,
      43, 29, 39, -1,
      31, 30, 27, -1,
      31, 27, 33, -1,
      36, 44, 38, -1,
      38, 44, 45, -1,
      38, 45, 2, -1,
      34, 46, 37, -1,
      37, 46, 47, -1,
      37, 47, 36, -1,
      36, 47, 48, -1,
      36, 48, 44, -1,
      41, 49, 28, -1,
      28, 49, 50, -1,
      28, 50, 27, -1,
      27, 50, 51, -1,
      27, 51, 33, -1,
      33, 51, 32, -1,
      51, 52, 32, -1,
      32, 52, 53, -1,
      32, 53, 35, -1,
      35, 53, 54, -1,
      35, 54, 34, -1,
      34, 54, 55, -1,
      34, 55, 46, -1,
    ]
  }
}

Shape {
  appearance Appearance {
    material Material {
      diffuseColor 1.0000 1.0000 0.5020
      specularColor 0.8784 0.8784 0.4431
      ambientIntensity 0.2
      transparency 0.0000
      shininess 0.5
    }
  }
  geometry IndexedFaceSet {
    ccw TRUE
    solid FALSE
    coord DEF co Coordinate {
      point [
        0.685039 0.420963 -0.062946,
        0.684489 0.421230 -0.063541,
        0.673228 0.425198 -0.080709,
        0.673228 0.424924 -0.076075,
        0.675806 0.424317 -0.073158,
        0.676895 0.424060 -0.071925,
        0.712598 0.420963 -0.062946,
        0.713149 0.421230 -0.063541,
        0.724409 0.425198 -0.080709,
        0.724409 0.424924 -0.076075,
        0.721831 0.424317 -0.073158,
        0.720743 0.424060 -0.071925,
        0.724409 0.425198 -0.116628,
        0.717322 0.425198 -0.123733,
        0.542520 0.425198 -0.123733,
        0.535433 0.425198 -0.123734,
        0.586614 0.425198 -0.128279,
        0.586614 0.425198 -0.123733,
        0.579527 0.425198 -0.123733,
        0.535433 0.425198 -0.128279,
        0.680315 0.425198 -0.123733,
        0.673228 0.425198 -0.116628,
        0.724409 0.216535 -0.123733,
        0.717322 0.216535 -0.123733,
        0.724409 0.216535 -0.080708,
        0.724409 0.216535 -0.116627,
        0.673228 0.216535 -0.080708,
        0.673228 0.216535 -0.116627,
        0.673228 0.216535 -0.123734,
        0.680315 0.216535 -0.123733,
        0.724409 0.216535 -0.128279,
        0.673228 0.216535 -0.128279,
        0.712598 0.220769 -0.062946,
        0.713238 0.220459 -0.063637,
        0.720788 0.217662 -0.071977,
        0.724409 0.216809 -0.076075,
        0.721831 0.217416 -0.073158,
        0.685039 0.220769 -0.062946,
        0.684400 0.220459 -0.063637,
        0.676850 0.217662 -0.071977,
        0.673228 0.216809 -0.076075,
        0.675806 0.217416 -0.073158,
        0.584646 0.690945 -0.230315,
        0.584646 0.690945 -0.212598,
        0.561024 0.690945 -0.212598,
        0.537402 0.690945 -0.212598,
        0.537402 0.690945 -0.230315,
        0.537402 -0.000914 -0.230315,
        0.584646 -0.000914 -0.230315,
        0.584646 0.642647 -0.230315,
        0.537402 0.642647 -0.230315,
        0.590551 0.547244 -0.086614,
        0.590551 0.547244 -0.108268,
        0.561024 0.547244 -0.108268,
        0.531496 0.547244 -0.108268,
        0.531496 0.547244 -0.086614,
        0.712598 0.427166 -0.127143,
        0.685039 0.427166 -0.127143,
        0.692205 0.220769 -0.062946,
        0.685039 0.213100 -0.066727,
        0.712598 0.213080 -0.066686,
        0.698819 0.220769 -0.062946,
        0.712598 0.206099 -0.072585,
        0.685039 0.205918 -0.072785,
        0.712598 0.200981 -0.079898,
        0.685039 0.200996 -0.079909,
        0.712598 0.200889 -0.080030,
        0.685039 0.213052 -0.066751,
        0.712598 0.213031 -0.066710,
        0.685039 0.212715 -0.066917,
        0.712598 0.206181 -0.072515,
        0.685039 0.206202 -0.072540,
        0.685039 0.206120 -0.072610,
        0.712598 0.196895 -0.097333,
        0.712598 0.197743 -0.088555,
        0.685039 0.197731 -0.088607,
        0.685039 0.200905 -0.080041,
        0.685039 0.200814 -0.080173,
        0.712598 0.197817 -0.088354,
        0.685039 0.197823 -0.088356,
        0.685039 0.197749 -0.088557,
        0.685039 0.196888 -0.097332,
        0.685039 0.196867 -0.097546,
        0.712598 0.196869 -0.097600,
        0.685039 0.196876 -0.097598,
        0.712598 0.198273 -0.106252,
        0.685039 0.198253 -0.106255,
        0.685039 0.198278 -0.106414,
        0.712598 0.198324 -0.106569,
        0.685039 0.198343 -0.106561,
        0.712598 0.201861 -0.114531,
        0.685039 0.201831 -0.114544,
        0.685039 0.201874 -0.114643,
        0.712598 0.202013 -0.114874,
        0.685039 0.202039 -0.114853,
        0.712598 0.207425 -0.121632,
        0.685039 0.207389 -0.121661,
        0.712598 0.207693 -0.121967,
        0.685039 0.207422 -0.121703,
        0.712598 0.214567 -0.127143,
        0.685039 0.207720 -0.121931,
        0.685039 0.214567 -0.127143,
        0.673228 0.213502 -0.079346,
        0.673228 0.212068 -0.080765,
        0.673228 0.208569 -0.106073,
        0.673228 0.207954 -0.103709,
        0.673228 0.206889 -0.099620,
        0.673228 0.206905 -0.097283,
        0.673228 0.206934 -0.092951,
        0.673228 0.207525 -0.090801,
        0.673228 0.214672 -0.114734,
        0.673228 0.208700 -0.086521,
        0.673228 0.209773 -0.084688,
        0.673228 0.211858 -0.111874,
        0.673228 0.210601 -0.109656,
        0.681995 0.219292 -0.066235,
        0.679162 0.218206 -0.069360,
        0.678443 0.216535 -0.121915,
        0.676731 0.216535 -0.120221,
        0.673228 0.214567 -0.127143,
        0.724409 0.214567 -0.127143,
        0.724409 0.211858 -0.111874,
        0.724409 0.210601 -0.109656,
        0.724409 0.208569 -0.106073,
        0.724409 0.207954 -0.103709,
        0.724409 0.206889 -0.099620,
        0.724409 0.206905 -0.097283,
        0.724409 0.206934 -0.092951,
        0.724409 0.207525 -0.090801,
        0.724409 0.208700 -0.086521,
        0.724409 0.209773 -0.084688,
        0.724409 0.212068 -0.080765,
        0.724409 0.213502 -0.079346,
        0.718476 0.218206 -0.069360,
        0.715643 0.219292 -0.066235,
        0.724409 0.214672 -0.114734,
        0.722600 0.216535 -0.118508,
        0.720907 0.216535 -0.120221,
        0.673228 0.431132 -0.109656,
        0.673228 0.429874 -0.111874,
        0.673228 0.427060 -0.114734,
        0.673228 0.434828 -0.097283,
        0.673228 0.434843 -0.099620,
        0.673228 0.433779 -0.103709,
        0.673228 0.428231 -0.079347,
        0.673228 0.429665 -0.080765,
        0.673228 0.431960 -0.084688,
        0.673228 0.433164 -0.106073,
        0.673228 0.433032 -0.086521,
        0.673228 0.434208 -0.090801,
        0.673228 0.434798 -0.092951,
        0.685039 0.443390 -0.106561,
        0.685039 0.444857 -0.097598,
        0.685039 0.428633 -0.066728,
        0.676731 0.425198 -0.120221,
        0.685039 0.434012 -0.121931,
        0.678443 0.425198 -0.121916,
        0.685039 0.428681 -0.066751,
        0.679162 0.423526 -0.069360,
        0.681995 0.422441 -0.066235,
        0.685039 0.429017 -0.066917,
        0.685039 0.435531 -0.072540,
        0.685039 0.435612 -0.072610,
        0.685039 0.435815 -0.072785,
        0.685039 0.440736 -0.079909,
        0.685039 0.440828 -0.080041,
        0.685039 0.440919 -0.080173,
        0.685039 0.444865 -0.097546,
        0.685039 0.443910 -0.088356,
        0.685039 0.443983 -0.088557,
        0.685039 0.444002 -0.088607,
        0.685039 0.444845 -0.097332,
        0.685039 0.443454 -0.106414,
        0.685039 0.443480 -0.106255,
        0.685039 0.439859 -0.114643,
        0.685039 0.439693 -0.114854,
        0.685039 0.439902 -0.114544,
        0.685039 0.434344 -0.121661,
        0.685039 0.434311 -0.121704,
        0.698819 0.420963 -0.062946,
        0.712598 0.428653 -0.066687,
        0.692205 0.420963 -0.062946,
        0.712598 0.434040 -0.121967,
        0.712598 0.434308 -0.121632,
        0.712598 0.439720 -0.114874,
        0.712598 0.439872 -0.114531,
        0.712598 0.443408 -0.106569,
        0.712598 0.444838 -0.097333,
        0.712598 0.444864 -0.097600,
        0.712598 0.443460 -0.106252,
        0.712598 0.443990 -0.088555,
        0.712598 0.443915 -0.088354,
        0.712598 0.440844 -0.080030,
        0.712598 0.440752 -0.079898,
        0.712598 0.435634 -0.072585,
        0.712598 0.435552 -0.072515,
        0.712598 0.428701 -0.066710,
        0.724409 0.428231 -0.079347,
        0.720907 0.425198 -0.120221,
        0.722600 0.425198 -0.118508,
        0.718476 0.423526 -0.069360,
        0.715643 0.422441 -0.066235,
        0.724409 0.429665 -0.080765,
        0.724409 0.431960 -0.084688,
        0.724409 0.433032 -0.086521,
        0.724409 0.434208 -0.090801,
        0.724409 0.434798 -0.092951,
        0.724409 0.434828 -0.097283,
        0.724409 0.434843 -0.099620,
        0.724409 0.433779 -0.103709,
        0.724409 0.433164 -0.106073,
        0.724409 0.431132 -0.109656,
        0.724409 0.429874 -0.111874,
        0.724409 0.427060 -0.114734,
        0.584646 0.694882 -0.212598,
        0.584646 0.694882 -0.236220,
        0.561024 0.694882 -0.212598,
        0.537402 0.694882 -0.236220,
        0.537402 0.694882 -0.212598,
        0.584646 0.663386 -0.236220,
        0.537402 0.663386 -0.236220,
        0.531496 0.543509 -0.107023,
        0.590551 0.543509 -0.107023,
        0.590551 0.540856 -0.105752,
        0.531496 0.540856 -0.105752,
        0.590551 0.538598 -0.103864,
        0.531496 0.538598 -0.103864,
        0.590551 0.536877 -0.101476,
        0.531496 0.536877 -0.101476,
        0.590551 0.535800 -0.098738,
        0.531496 0.535800 -0.098738,
        0.590551 0.535433 -0.095818,
        0.531496 0.535433 -0.095818,
        0.590551 0.535433 -0.093249,
        0.531496 0.535433 -0.093249,
        0.590551 0.535682 -0.090839,
        0.531496 0.535682 -0.090839,
        0.590551 0.536417 -0.088530,
        0.531496 0.536417 -0.088530,
        0.590551 0.537608 -0.086420,
        0.531496 0.537608 -0.086420,
        0.584646 -0.053150 -0.236220,
        0.584646 -0.053150 -0.212598,
        0.537402 -0.053150 -0.236220,
        0.561024 -0.053150 -0.212598,
        0.537402 -0.053150 -0.212598,
        0.584646 -0.021654 -0.236220,
        0.537402 -0.021654 -0.236220,
        0.531496 0.106299 -0.095818,
        0.590551 0.106299 -0.095818,
        0.590551 0.105933 -0.098737,
        0.531496 0.105933 -0.098737,
        0.590551 0.104856 -0.101476,
        0.531496 0.104856 -0.101476,
        0.590551 0.103135 -0.103863,
        0.531496 0.103135 -0.103863,
        0.590551 0.100877 -0.105752,
        0.531496 0.100877 -0.105752,
        0.590551 0.098223 -0.107022,
        0.531496 0.098223 -0.107022,
        0.590551 0.106299 -0.093249,
        0.531496 0.106299 -0.093249,
        0.531496 0.104124 -0.086419,
        0.590551 0.104124 -0.086419,
        0.590551 0.105315 -0.088530,
        0.531496 0.105315 -0.088530,
        0.590551 0.106050 -0.090839,
        0.531496 0.106050 -0.090839,
        0.586614 0.427166 -0.127143,
        0.574803 0.427166 -0.127143,
        0.547244 0.427166 -0.127143,
        0.535433 0.427166 -0.127143,
        0.537402 0.649154 -0.233558,
        0.584646 0.649154 -0.233558,
        0.537402 0.656147 -0.235549,
        0.584646 0.656147 -0.235549,
        0.537402 -0.014414 -0.235549,
        0.584646 -0.014414 -0.235549,
        0.537402 -0.007422 -0.233558,
        0.584646 -0.007422 -0.233558,
        0.531496 0.555219 -0.061572,
        0.531496 0.551407 -0.068087,
        0.531496 0.548254 -0.077319,
        0.590551 0.555219 -0.061572,
        0.590551 0.551584 -0.067719,
        0.590551 0.548343 -0.076920,
        0.561024 0.555219 -0.061572,
      ]
    }
    coordIndex [
      58, 37, 59, -1,
      60, 32, 61, -1,
      58, 59, 61, -1,
      62, 63, 64, -1,
      64, 63, 65, -1,
      64, 65, 66, -1,
      61, 59, 60, -1,
      60, 59, 67, -1,
      60, 67, 68, -1,
      68, 67, 69, -1,
      68, 69, 70, -1,
      70, 69, 71, -1,
      70, 71, 62, -1,
      62, 71, 72, -1,
      62, 72, 63, -1,
      73, 74, 75, -1,
      65, 76, 66, -1,
      66, 76, 77, -1,
      66, 77, 78, -1,
      78, 77, 79, -1,
      78, 79, 74, -1,
      74, 79, 80, -1,
      74, 80, 75, -1,
      75, 81, 73, -1,
      73, 81, 82, -1,
      73, 82, 83, -1,
      83, 82, 84, -1,
      83, 84, 85, -1,
      84, 86, 85, -1,
      85, 86, 87, -1,
      85, 87, 88, -1,
      88, 87, 89, -1,
      88, 89, 90, -1,
      89, 91, 90, -1,
      90, 91, 92, -1,
      90, 92, 93, -1,
      93, 92, 94, -1,
      93, 94, 95, -1,
      95, 94, 96, -1,
      95, 96, 97, -1,
      97, 96, 98, -1,
      97, 98, 99, -1,
      99, 98, 100, -1,
      99, 100, 101, -1,
      40, 26, 102, -1,
      102, 26, 103, -1,
      104, 105, 26, -1,
      26, 105, 106, -1,
      106, 107, 26, -1,
      26, 107, 108, -1,
      26, 108, 109, -1,
      26, 27, 110, -1,
      109, 111, 26, -1,
      26, 111, 112, -1,
      26, 112, 103, -1,
      110, 113, 26, -1,
      26, 113, 114, -1,
      26, 114, 104, -1,
      39, 41, 67, -1,
      67, 41, 69, -1,
      40, 102, 41, -1,
      41, 102, 71, -1,
      41, 71, 69, -1,
      37, 38, 59, -1,
      59, 38, 115, -1,
      59, 115, 67, -1,
      67, 115, 116, -1,
      67, 116, 39, -1,
      100, 110, 27, -1,
      29, 101, 117, -1,
      117, 101, 100, -1,
      117, 100, 118, -1,
      118, 100, 27, -1,
      100, 98, 110, -1,
      110, 98, 96, -1,
      110, 96, 113, -1,
      113, 96, 94, -1,
      113, 94, 114, -1,
      94, 92, 114, -1,
      114, 92, 91, -1,
      114, 91, 104, -1,
      104, 91, 89, -1,
      104, 89, 105, -1,
      89, 87, 105, -1,
      105, 87, 86, -1,
      105, 86, 106, -1,
      106, 86, 84, -1,
      106, 84, 107, -1,
      84, 82, 107, -1,
      107, 82, 81, -1,
      107, 81, 108, -1,
      108, 81, 75, -1,
      108, 75, 109, -1,
      75, 80, 109, -1,
      109, 80, 79, -1,
      109, 79, 111, -1,
      111, 79, 77, -1,
      111, 77, 112, -1,
      77, 76, 112, -1,
      112, 76, 65, -1,
      112, 65, 103, -1,
      103, 65, 63, -1,
      103, 63, 102, -1,
      102, 63, 72, -1,
      102, 72, 71, -1,
      119, 101, 28, -1,
      28, 101, 29, -1,
      31, 119, 28, -1,
      120, 99, 30, -1,
      30, 99, 101, -1,
      30, 101, 31, -1,
      31, 101, 119, -1,
      120, 30, 22, -1,
      120, 22, 99, -1,
      99, 22, 23, -1,
      121, 122, 93, -1,
      123, 124, 88, -1,
      125, 126, 83, -1,
      127, 128, 74, -1,
      129, 130, 66, -1,
      131, 132, 62, -1,
      62, 132, 70, -1,
      60, 68, 133, -1,
      133, 134, 60, -1,
      60, 134, 33, -1,
      60, 33, 32, -1,
      132, 35, 70, -1,
      70, 35, 36, -1,
      70, 36, 68, -1,
      68, 36, 34, -1,
      68, 34, 133, -1,
      97, 99, 23, -1,
      25, 135, 136, -1,
      136, 135, 97, -1,
      136, 97, 137, -1,
      137, 97, 23, -1,
      131, 62, 130, -1,
      130, 62, 64, -1,
      130, 64, 66, -1,
      129, 66, 128, -1,
      128, 66, 78, -1,
      128, 78, 74, -1,
      127, 74, 126, -1,
      126, 74, 73, -1,
      126, 73, 83, -1,
      125, 83, 124, -1,
      124, 83, 85, -1,
      124, 85, 88, -1,
      123, 88, 122, -1,
      122, 88, 90, -1,
      122, 90, 93, -1,
      121, 93, 135, -1,
      135, 93, 95, -1,
      135, 95, 97, -1,
      35, 132, 24, -1,
      24, 132, 131, -1,
      24, 131, 130, -1,
      127, 126, 24, -1,
      24, 126, 125, -1,
      130, 129, 24, -1,
      24, 129, 128, -1,
      24, 128, 127, -1,
      125, 124, 24, -1,
      24, 124, 123, -1,
      24, 123, 122, -1,
      122, 121, 24, -1,
      24, 121, 135, -1,
      24, 135, 25, -1,
      138, 139, 2, -1,
      2, 139, 140, -1,
      2, 140, 21, -1,
      141, 142, 143, -1,
      3, 144, 2, -1,
      2, 144, 145, -1,
      2, 145, 138, -1,
      138, 145, 146, -1,
      138, 146, 147, -1,
      147, 146, 143, -1,
      146, 148, 143, -1,
      143, 148, 149, -1,
      143, 149, 141, -1,
      141, 149, 150, -1,
      147, 143, 151, -1,
      142, 141, 152, -1,
      1, 0, 153, -1,
      154, 21, 140, -1,
      57, 20, 155, -1,
      155, 20, 156, -1,
      4, 5, 157, -1,
      157, 5, 158, -1,
      157, 158, 153, -1,
      153, 158, 159, -1,
      153, 159, 1, -1,
      157, 160, 4, -1,
      4, 160, 161, -1,
      4, 161, 3, -1,
      3, 161, 144, -1,
      144, 161, 162, -1,
      144, 162, 145, -1,
      145, 162, 163, -1,
      145, 163, 146, -1,
      163, 164, 146, -1,
      146, 164, 165, -1,
      146, 165, 148, -1,
      148, 165, 166, -1,
      148, 166, 149, -1,
      152, 141, 167, -1,
      166, 168, 149, -1,
      149, 168, 169, -1,
      149, 169, 150, -1,
      150, 169, 170, -1,
      150, 170, 141, -1,
      141, 170, 171, -1,
      141, 171, 167, -1,
      151, 143, 172, -1,
      142, 152, 143, -1,
      143, 152, 173, -1,
      143, 173, 172, -1,
      174, 175, 138, -1,
      147, 151, 138, -1,
      138, 151, 176, -1,
      138, 176, 174, -1,
      177, 140, 175, -1,
      175, 140, 139, -1,
      175, 139, 138, -1,
      156, 154, 155, -1,
      155, 154, 140, -1,
      155, 140, 178, -1,
      178, 140, 177, -1,
      179, 6, 180, -1,
      179, 180, 181, -1,
      56, 57, 182, -1,
      182, 57, 155, -1,
      182, 155, 183, -1,
      184, 174, 185, -1,
      185, 174, 176, -1,
      185, 176, 186, -1,
      155, 178, 183, -1,
      183, 178, 177, -1,
      183, 177, 184, -1,
      184, 177, 175, -1,
      184, 175, 174, -1,
      187, 188, 167, -1,
      176, 151, 186, -1,
      186, 151, 172, -1,
      186, 172, 189, -1,
      189, 172, 173, -1,
      189, 173, 188, -1,
      188, 173, 152, -1,
      188, 152, 167, -1,
      167, 171, 187, -1,
      187, 171, 170, -1,
      187, 170, 190, -1,
      190, 170, 169, -1,
      190, 169, 191, -1,
      169, 168, 191, -1,
      191, 168, 166, -1,
      191, 166, 192, -1,
      192, 166, 165, -1,
      192, 165, 193, -1,
      165, 164, 193, -1,
      193, 164, 163, -1,
      193, 163, 194, -1,
      194, 163, 162, -1,
      194, 162, 195, -1,
      195, 162, 161, -1,
      195, 161, 196, -1,
      0, 181, 153, -1,
      153, 181, 180, -1,
      153, 180, 157, -1,
      157, 180, 196, -1,
      157, 196, 160, -1,
      160, 196, 161, -1,
      10, 9, 197, -1,
      13, 56, 198, -1,
      198, 56, 182, -1,
      198, 182, 199, -1,
      200, 196, 201, -1,
      201, 196, 180, -1,
      201, 180, 7, -1,
      7, 180, 6, -1,
      200, 11, 196, -1,
      196, 11, 10, -1,
      196, 10, 195, -1,
      195, 10, 197, -1,
      195, 197, 194, -1,
      194, 197, 202, -1,
      194, 202, 193, -1,
      193, 202, 203, -1,
      193, 203, 192, -1,
      192, 203, 204, -1,
      192, 204, 191, -1,
      191, 204, 205, -1,
      191, 205, 190, -1,
      190, 205, 206, -1,
      190, 206, 187, -1,
      187, 206, 207, -1,
      187, 207, 188, -1,
      188, 207, 208, -1,
      188, 208, 189, -1,
      189, 208, 209, -1,
      189, 209, 186, -1,
      186, 209, 210, -1,
      186, 210, 185, -1,
      185, 210, 211, -1,
      185, 211, 184, -1,
      184, 211, 212, -1,
      184, 212, 183, -1,
      183, 212, 213, -1,
      183, 213, 182, -1,
      182, 213, 12, -1,
      182, 12, 199, -1,
      203, 202, 8, -1,
      8, 202, 197, -1,
      8, 197, 9, -1,
      8, 12, 213, -1,
      204, 203, 209, -1,
      213, 212, 8, -1,
      8, 212, 211, -1,
      8, 211, 203, -1,
      203, 211, 210, -1,
      203, 210, 209, -1,
      209, 208, 207, -1,
      204, 209, 205, -1,
      205, 209, 207, -1,
      205, 207, 206, -1,
      214, 215, 216, -1,
      216, 215, 217, -1,
      216, 217, 218, -1,
      215, 219, 217, -1,
      217, 219, 220, -1,
      221, 222, 223, -1,
      221, 223, 224, -1,
      224, 223, 225, -1,
      224, 225, 226, -1,
      226, 225, 227, -1,
      226, 227, 228, -1,
      228, 227, 229, -1,
      228, 229, 230, -1,
      230, 229, 231, -1,
      230, 231, 232, -1,
      231, 233, 232, -1,
      232, 233, 234, -1,
      234, 233, 235, -1,
      234, 235, 236, -1,
      236, 235, 237, -1,
      236, 237, 238, -1,
      238, 237, 239, -1,
      238, 239, 240, -1,
      241, 242, 243, -1,
      243, 242, 244, -1,
      243, 244, 245, -1,
      241, 243, 246, -1,
      246, 243, 247, -1,
      248, 249, 250, -1,
      248, 250, 251, -1,
      251, 250, 252, -1,
      251, 252, 253, -1,
      253, 252, 254, -1,
      253, 254, 255, -1,
      255, 254, 256, -1,
      255, 256, 257, -1,
      257, 256, 258, -1,
      257, 258, 259, -1,
      249, 248, 260, -1,
      260, 248, 261, -1,
      262, 263, 264, -1,
      262, 264, 265, -1,
      265, 264, 266, -1,
      265, 266, 267, -1,
      267, 266, 260, -1,
      267, 260, 261, -1,
      268, 269, 17, -1,
      17, 269, 18, -1,
      16, 268, 17, -1,
      269, 268, 16, -1,
      269, 16, 270, -1,
      270, 16, 19, -1,
      270, 19, 271, -1,
      271, 19, 15, -1,
      271, 15, 270, -1,
      270, 15, 14, -1,
      49, 50, 272, -1,
      49, 272, 273, -1,
      273, 272, 274, -1,
      273, 274, 275, -1,
      275, 274, 220, -1,
      275, 220, 219, -1,
      246, 247, 276, -1,
      246, 276, 277, -1,
      277, 276, 278, -1,
      277, 278, 279, -1,
      279, 278, 47, -1,
      279, 47, 48, -1,
      280, 281, 240, -1,
      240, 281, 282, -1,
      240, 282, 55, -1,
      55, 54, 221, -1,
      234, 236, 55, -1,
      55, 236, 238, -1,
      55, 238, 240, -1,
      221, 224, 55, -1,
      55, 224, 226, -1,
      55, 226, 228, -1,
      228, 230, 55, -1,
      55, 230, 232, -1,
      55, 232, 234, -1,
      52, 222, 53, -1,
      53, 222, 221, -1,
      53, 221, 54, -1,
      45, 218, 46, -1,
      46, 218, 217, -1,
      46, 217, 220, -1,
      220, 274, 46, -1,
      46, 274, 272, -1,
      46, 272, 50, -1,
      43, 214, 44, -1,
      44, 214, 216, -1,
      44, 216, 45, -1,
      45, 216, 218, -1,
      214, 43, 215, -1,
      215, 43, 42, -1,
      215, 42, 219, -1,
      49, 273, 42, -1,
      42, 273, 275, -1,
      42, 275, 219, -1,
      222, 52, 51, -1,
      283, 239, 284, -1,
      284, 239, 285, -1,
      222, 51, 223, -1,
      285, 239, 51, -1,
      51, 239, 237, -1,
      51, 237, 235, -1,
      235, 233, 51, -1,
      51, 233, 231, -1,
      51, 231, 229, -1,
      229, 227, 51, -1,
      51, 227, 225, -1,
      51, 225, 223, -1,
      239, 283, 240, -1,
      240, 283, 286, -1,
      240, 286, 280, -1,
    ]
  }
}

Shape {
  appearance Appearance {
    material Material {
      diffuseColor 0.2510 0.2510 0.2510
      specularColor 0.1255 0.1255 0.1255
      ambientIntensity 0.2
      transparency 0.0000
      shininess 0.5
    }
  }
  geometry IndexedFaceSet {
    ccw TRUE
    solid FALSE
    coord DEF co Coordinate {
      point [
        0.501273 0.590552 -0.043307,
        0.501273 0.548510 -0.077001,
        0.501273 0.548465 -0.077346,
        0.501273 0.547244 -0.086614,
        0.501273 0.551813 -0.067940,
        0.501273 0.551701 -0.068209,
        0.501273 0.548720 -0.075406,
        0.501273 0.579343 -0.044783,
        0.501273 0.580881 -0.044580,
        0.501273 0.580939 -0.044572,
        0.501273 0.568898 -0.049109,
        0.501273 0.571769 -0.047920,
        0.501273 0.571877 -0.047875,
        0.501273 0.553046 -0.064961,
        0.501273 0.556839 -0.060019,
        0.501273 0.556981 -0.059833,
        0.501273 0.559929 -0.055991,
        0.501273 0.563632 -0.053150,
        0.501273 0.563771 -0.053043,
        0.639068 0.590552 -0.043307,
        0.561024 0.590552 -0.043307,
        0.639068 0.547244 -0.086614,
        0.590551 0.547244 -0.086614,
        0.531496 0.547244 -0.086614,
        0.639068 0.556839 -0.060019,
        0.639068 0.553046 -0.064961,
        0.639068 0.551857 -0.067832,
        0.639068 0.551701 -0.068209,
        0.639068 0.548720 -0.075406,
        0.639068 0.548518 -0.076944,
        0.639068 0.548465 -0.077346,
        0.639068 0.559929 -0.055991,
        0.639068 0.557087 -0.059695,
        0.639068 0.568898 -0.049109,
        0.639068 0.563956 -0.052901,
        0.639068 0.563632 -0.053150,
        0.639068 0.579343 -0.044783,
        0.639068 0.572146 -0.047764,
        0.639068 0.571769 -0.047920,
        0.639068 0.581284 -0.044527,
        0.639068 0.580881 -0.044580,
        0.531496 0.555219 -0.061572,
        0.531496 0.551407 -0.068087,
        0.531496 0.548254 -0.077319,
        0.590551 0.555219 -0.061572,
        0.590551 0.551584 -0.067719,
        0.590551 0.548343 -0.076920,
        0.561024 0.555219 -0.061572,
        0.561024 0.556548 -0.059795,
        0.561024 0.563413 -0.052865,
        0.561024 0.556833 -0.059507,
        0.561024 0.571656 -0.047646,
        0.561024 0.563756 -0.052648,
        0.561024 0.580858 -0.044406,
        0.561024 0.572039 -0.047512,
        0.561024 0.581261 -0.044360,
      ]
    }
    coordIndex [
      41, 47, 48, -1,
      14, 13, 42, -1,
      13, 4, 42, -1,
      42, 4, 5, -1,
      42, 5, 43, -1,
      43, 5, 6, -1,
      43, 6, 1, -1,
      1, 2, 43, -1,
      43, 2, 3, -1,
      43, 3, 23, -1,
      49, 16, 50, -1,
      50, 16, 15, -1,
      50, 15, 48, -1,
      48, 15, 14, -1,
      48, 14, 41, -1,
      41, 14, 42, -1,
      51, 10, 52, -1,
      52, 10, 18, -1,
      52, 18, 49, -1,
      49, 18, 17, -1,
      49, 17, 16, -1,
      53, 7, 54, -1,
      54, 7, 12, -1,
      54, 12, 51, -1,
      51, 12, 11, -1,
      51, 11, 10, -1,
      20, 0, 55, -1,
      55, 0, 9, -1,
      55, 9, 53, -1,
      53, 9, 8, -1,
      53, 8, 7, -1,
      21, 30, 22, -1,
      22, 30, 46, -1,
      30, 29, 46, -1,
      46, 29, 28, -1,
      46, 28, 45, -1,
      45, 28, 27, -1,
      45, 27, 26, -1,
      32, 44, 24, -1,
      24, 44, 45, -1,
      24, 45, 25, -1,
      25, 45, 26, -1,
      19, 20, 39, -1,
      39, 20, 55, -1,
      39, 55, 40, -1,
      40, 55, 53, -1,
      40, 53, 36, -1,
      36, 53, 54, -1,
      52, 33, 51, -1,
      51, 33, 38, -1,
      51, 38, 54, -1,
      54, 38, 37, -1,
      54, 37, 36, -1,
      47, 44, 48, -1,
      48, 44, 32, -1,
      48, 32, 50, -1,
      50, 32, 31, -1,
      50, 31, 49, -1,
      49, 31, 35, -1,
      49, 35, 52, -1,
      52, 35, 34, -1,
      52, 34, 33, -1,
    ]
  }
}

Shape {
  appearance Appearance {
    material Material {
      diffuseColor 1.0000 1.0000 0.5020
      specularColor 0.8784 0.8784 0.4431
      ambientIntensity 0.2
      transparency 0.0000
      shininess 0.5
    }
  }
  geometry IndexedFaceSet {
    ccw TRUE
    solid FALSE
    coord DEF co Coordinate {
      point [
        0.531496 0.094488 -0.086614,
        0.531496 0.094488 -0.108268,
        0.561024 0.094488 -0.108268,
        0.590551 0.094488 -0.108268,
        0.590551 0.094488 -0.086614,
        0.584646 -0.049213 -0.230315,
        0.537402 -0.000914 -0.230315,
        0.537402 -0.049213 -0.230315,
        0.584646 -0.000914 -0.230315,
        0.537402 -0.049213 -0.212598,
        0.561024 -0.049213 -0.212598,
        0.584646 -0.049213 -0.212598,
        0.584646 -0.053150 -0.236220,
        0.584646 -0.053150 -0.212598,
        0.537402 -0.053150 -0.236220,
        0.561024 -0.053150 -0.212598,
        0.537402 -0.053150 -0.212598,
        0.584646 -0.021654 -0.236220,
        0.537402 -0.021654 -0.236220,
        0.531496 0.106299 -0.095818,
        0.590551 0.106299 -0.095818,
        0.590551 0.105933 -0.098737,
        0.531496 0.105933 -0.098737,
        0.590551 0.104856 -0.101476,
        0.531496 0.104856 -0.101476,
        0.590551 0.103135 -0.103863,
        0.531496 0.103135 -0.103863,
        0.590551 0.100877 -0.105752,
        0.531496 0.100877 -0.105752,
        0.590551 0.098223 -0.107022,
        0.531496 0.098223 -0.107022,
        0.590551 0.106299 -0.093249,
        0.531496 0.106299 -0.093249,
        0.531496 0.104124 -0.086419,
        0.590551 0.104124 -0.086419,
        0.590551 0.105315 -0.088530,
        0.531496 0.105315 -0.088530,
        0.590551 0.106050 -0.090839,
        0.531496 0.106050 -0.090839,
        0.537402 -0.014414 -0.235549,
        0.584646 -0.014414 -0.235549,
        0.537402 -0.007422 -0.233558,
        0.584646 -0.007422 -0.233558,
        0.590551 0.086514 -0.061572,
        0.590551 0.090325 -0.068087,
        0.590551 0.093479 -0.077319,
        0.531496 0.086514 -0.061572,
        0.531496 0.090149 -0.067719,
        0.531496 0.093389 -0.076920,
        0.561024 0.086514 -0.061572,
      ]
    }
    coordIndex [
      11, 13, 5, -1,
      5, 13, 12, -1,
      5, 12, 17, -1,
      17, 40, 5, -1,
      5, 40, 42, -1,
      5, 42, 8, -1,
      9, 16, 10, -1,
      10, 16, 15, -1,
      10, 15, 11, -1,
      11, 15, 13, -1,
      16, 9, 14, -1,
      14, 9, 7, -1,
      7, 6, 41, -1,
      41, 39, 7, -1,
      7, 39, 18, -1,
      7, 18, 14, -1,
      1, 30, 2, -1,
      2, 30, 29, -1,
      2, 29, 3, -1,
      43, 44, 34, -1,
      34, 44, 45, -1,
      34, 45, 4, -1,
      20, 31, 4, -1,
      20, 4, 21, -1,
      31, 37, 4, -1,
      4, 37, 35, -1,
      4, 35, 34, -1,
      3, 29, 4, -1,
      4, 29, 27, -1,
      27, 25, 4, -1,
      4, 25, 23, -1,
      4, 23, 21, -1,
      46, 33, 47, -1,
      47, 33, 48, -1,
      38, 32, 0, -1,
      0, 32, 19, -1,
      48, 33, 0, -1,
      0, 33, 36, -1,
      0, 36, 38, -1,
      26, 28, 0, -1,
      0, 28, 30, -1,
      0, 30, 1, -1,
      19, 22, 0, -1,
      0, 22, 24, -1,
      0, 24, 26, -1,
      43, 34, 49, -1,
      49, 34, 33, -1,
      49, 33, 46, -1,
    ]
  }
}

Shape {
  appearance Appearance {
    material Material {
      diffuseColor 0.2510 0.2510 0.2510
      specularColor 0.1255 0.1255 0.1255
      ambientIntensity 0.2
      transparency 0.0000
      shininess 0.5
    }
  }
  geometry IndexedFaceSet {
    ccw TRUE
    solid FALSE
    coord DEF co Coordinate {
      point [
        0.501273 0.093215 -0.076943,
        0.501273 0.093013 -0.075405,
        0.501273 0.090031 -0.068208,
        0.501273 0.093268 -0.077346,
        0.501273 0.094488 -0.086614,
        0.501273 0.084646 -0.059694,
        0.501273 0.084894 -0.060018,
        0.501273 0.088686 -0.064960,
        0.501273 0.089876 -0.067832,
        0.501273 0.072835 -0.049109,
        0.501273 0.077777 -0.052901,
        0.501273 0.078100 -0.053149,
        0.501273 0.081804 -0.055991,
        0.501273 0.062390 -0.044782,
        0.501273 0.069587 -0.047763,
        0.501273 0.069963 -0.047919,
        0.501273 0.051181 -0.043307,
        0.501273 0.060449 -0.044527,
        0.501273 0.060852 -0.044580,
        0.639068 0.051181 -0.043307,
        0.561024 0.051181 -0.043307,
        0.639068 0.094488 -0.086614,
        0.531496 0.094488 -0.086614,
        0.590551 0.094488 -0.086614,
        0.639068 0.093222 -0.077001,
        0.639068 0.093268 -0.077346,
        0.639068 0.089920 -0.067939,
        0.639068 0.090031 -0.068208,
        0.639068 0.093013 -0.075405,
        0.639068 0.060852 -0.044580,
        0.639068 0.060794 -0.044572,
        0.639068 0.069963 -0.047919,
        0.639068 0.069856 -0.047875,
        0.639068 0.062390 -0.044782,
        0.639068 0.088686 -0.064960,
        0.639068 0.084894 -0.060018,
        0.639068 0.084752 -0.059833,
        0.639068 0.081804 -0.055991,
        0.639068 0.078100 -0.053149,
        0.639068 0.077962 -0.053043,
        0.639068 0.072835 -0.049109,
        0.590551 0.086514 -0.061572,
        0.590551 0.090325 -0.068087,
        0.590551 0.093479 -0.077319,
        0.531496 0.086514 -0.061572,
        0.531496 0.090149 -0.067719,
        0.531496 0.093389 -0.076920,
        0.561024 0.086514 -0.061572,
        0.561024 0.085176 -0.059801,
        0.561024 0.078288 -0.052896,
        0.561024 0.084931 -0.059476,
        0.561024 0.070053 -0.047684,
        0.561024 0.078000 -0.052610,
        0.561024 0.060860 -0.044447,
        0.561024 0.069708 -0.047470,
        0.561024 0.060476 -0.044316,
      ]
    }
    coordIndex [
      41, 47, 48, -1,
      24, 43, 28, -1,
      28, 43, 42, -1,
      28, 42, 27, -1,
      24, 25, 43, -1,
      43, 25, 21, -1,
      43, 21, 23, -1,
      49, 37, 50, -1,
      50, 37, 36, -1,
      50, 36, 48, -1,
      48, 36, 35, -1,
      48, 35, 41, -1,
      41, 35, 34, -1,
      41, 34, 42, -1,
      42, 34, 26, -1,
      42, 26, 27, -1,
      51, 40, 52, -1,
      52, 40, 39, -1,
      52, 39, 49, -1,
      49, 39, 38, -1,
      49, 38, 37, -1,
      53, 33, 54, -1,
      54, 33, 32, -1,
      54, 32, 51, -1,
      51, 32, 31, -1,
      51, 31, 40, -1,
      20, 19, 55, -1,
      55, 19, 30, -1,
      55, 30, 53, -1,
      53, 30, 29, -1,
      53, 29, 33, -1,
      0, 46, 3, -1,
      3, 46, 22, -1,
      3, 22, 4, -1,
      8, 45, 2, -1,
      2, 45, 46, -1,
      2, 46, 1, -1,
      1, 46, 0, -1,
      5, 44, 6, -1,
      6, 44, 45, -1,
      6, 45, 7, -1,
      7, 45, 8, -1,
      16, 20, 17, -1,
      17, 20, 55, -1,
      17, 55, 18, -1,
      18, 55, 53, -1,
      51, 15, 54, -1,
      54, 15, 14, -1,
      54, 14, 53, -1,
      53, 14, 13, -1,
      53, 13, 18, -1,
      47, 44, 48, -1,
      48, 44, 5, -1,
      48, 5, 50, -1,
      50, 5, 12, -1,
      50, 12, 49, -1,
      49, 12, 11, -1,
      49, 11, 52, -1,
      52, 11, 10, -1,
      52, 10, 51, -1,
      51, 10, 9, -1,
      51, 9, 15, -1,
    ]
  }
}

Shape {
  appearance Appearance {
    material Material {
      diffuseColor 1.0000 1.0000 0.5020
      specularColor 0.8784 0.8784 0.4431
      ambientIntensity 0.2
      transparency 0.0000
      shininess 0.5
    }
  }
  geometry IndexedFaceSet {
    ccw TRUE
    solid FALSE
    coord DEF co Coordinate {
      point [
        0.561024 0.420963 -0.062946,
        0.554409 0.420963 -0.062946,
        0.547244 0.420963 -0.062946,
        0.546694 0.421230 -0.063541,
        0.541367 0.423526 -0.069360,
        0.535433 0.425198 -0.080709,
        0.535433 0.424924 -0.076075,
        0.538011 0.424317 -0.073158,
        0.539100 0.424060 -0.071925,
        0.574803 0.420963 -0.062946,
        0.575354 0.421230 -0.063541,
        0.586614 0.425198 -0.080709,
        0.586614 0.424924 -0.076075,
        0.584037 0.424317 -0.073158,
        0.582947 0.424060 -0.071925,
        0.580680 0.423526 -0.069360,
        1.130708 0.425198 -0.123733,
        1.137795 0.425198 -0.123733,
        0.586614 0.425198 -0.116628,
        0.542520 0.425198 -0.123733,
        0.535433 0.425198 -0.116628,
        0.579527 0.425198 -0.123733,
        1.137795 0.425198 -0.128279,
        1.086614 0.425198 -0.128279,
        1.086614 0.425198 -0.123734,
        1.093702 0.425198 -0.123733,
        0.579527 0.216535 -0.123733,
        0.586614 0.216535 -0.123733,
        0.586614 0.216535 -0.080708,
        0.586614 0.216535 -0.116627,
        0.535433 0.216535 -0.116627,
        0.535433 0.216535 -0.080708,
        0.586614 0.216535 -0.128279,
        0.535433 0.216535 -0.128279,
        0.535433 0.216535 -0.123734,
        0.542520 0.216535 -0.123733,
        0.535433 0.216809 -0.076075,
        0.539054 0.217661 -0.071977,
        0.538011 0.217416 -0.073158,
        0.546604 0.220459 -0.063637,
        0.547244 0.220769 -0.062946,
        0.574803 0.220769 -0.062946,
        0.575443 0.220459 -0.063637,
        0.582993 0.217662 -0.071977,
        0.580680 0.218206 -0.069360,
        0.586614 0.216809 -0.076075,
        0.584037 0.217416 -0.073158,
        1.112205 0.690945 -0.212598,
        1.088583 0.690945 -0.212598,
        1.135827 0.690945 -0.230315,
        1.135827 0.690945 -0.212598,
        1.088583 0.690945 -0.230315,
        1.135827 -0.000914 -0.230315,
        1.088583 -0.000914 -0.230315,
        1.135827 0.642647 -0.230315,
        1.088583 0.642647 -0.230315,
        1.141732 0.547244 -0.086614,
        1.141732 0.547244 -0.108268,
        1.112205 0.547244 -0.108268,
        1.082677 0.547244 -0.108268,
        1.082677 0.547244 -0.086614,
        0.574803 0.427166 -0.127143,
        0.547244 0.427166 -0.127143,
        0.554409 0.220769 -0.062946,
        0.547244 0.213100 -0.066727,
        0.574803 0.213080 -0.066686,
        0.561024 0.220769 -0.062946,
        0.574803 0.206099 -0.072585,
        0.547244 0.205918 -0.072785,
        0.574803 0.200981 -0.079898,
        0.547244 0.200996 -0.079909,
        0.574803 0.200889 -0.080030,
        0.547244 0.213052 -0.066751,
        0.574803 0.213031 -0.066710,
        0.547244 0.212715 -0.066917,
        0.574803 0.206181 -0.072515,
        0.547244 0.206202 -0.072540,
        0.547244 0.206120 -0.072610,
        0.574803 0.196895 -0.097333,
        0.574803 0.197743 -0.088555,
        0.547244 0.197731 -0.088607,
        0.547244 0.200905 -0.080041,
        0.547244 0.200814 -0.080173,
        0.574803 0.197817 -0.088354,
        0.547244 0.197823 -0.088356,
        0.547244 0.197749 -0.088557,
        0.547244 0.196888 -0.097332,
        0.547244 0.196867 -0.097546,
        0.574803 0.196869 -0.097600,
        0.547244 0.196876 -0.097598,
        0.574803 0.198273 -0.106252,
        0.547244 0.198253 -0.106255,
        0.547244 0.198278 -0.106414,
        0.574803 0.198324 -0.106569,
        0.547244 0.198343 -0.106561,
        0.574803 0.201861 -0.114531,
        0.547244 0.201831 -0.114544,
        0.547244 0.201874 -0.114643,
        0.574803 0.202013 -0.114874,
        0.547244 0.202039 -0.114853,
        0.574803 0.207425 -0.121632,
        0.547244 0.207389 -0.121661,
        0.574803 0.207693 -0.121967,
        0.547244 0.207422 -0.121703,
        0.574803 0.214567 -0.127143,
        0.547244 0.207720 -0.121931,
        0.547244 0.214567 -0.127143,
        0.535433 0.213502 -0.079346,
        0.535433 0.212068 -0.080765,
        0.535433 0.208569 -0.106073,
        0.535433 0.207954 -0.103709,
        0.535433 0.206889 -0.099620,
        0.535433 0.206905 -0.097283,
        0.535433 0.206934 -0.092951,
        0.535433 0.207525 -0.090801,
        0.535433 0.214672 -0.114734,
        0.535433 0.208700 -0.086521,
        0.535433 0.209773 -0.084688,
        0.535433 0.211858 -0.111874,
        0.535433 0.210601 -0.109656,
        0.544200 0.219292 -0.066235,
        0.541367 0.218206 -0.069360,
        0.540648 0.216535 -0.121915,
        0.538935 0.216535 -0.120221,
        0.535433 0.214567 -0.127143,
        0.586614 0.214567 -0.127143,
        0.586614 0.211858 -0.111874,
        0.586614 0.210601 -0.109656,
        0.586614 0.208569 -0.106073,
        0.586614 0.207954 -0.103709,
        0.586614 0.206889 -0.099620,
        0.586614 0.206905 -0.097283,
        0.586614 0.206934 -0.092951,
        0.586614 0.207525 -0.090801,
        0.586614 0.208700 -0.086521,
        0.586614 0.209773 -0.084688,
        0.586614 0.212068 -0.080765,
        0.586614 0.213502 -0.079346,
        0.577848 0.219292 -0.066235,
        0.586614 0.214672 -0.114734,
        0.584805 0.216535 -0.118508,
        0.583111 0.216535 -0.120221,
        0.535433 0.431132 -0.109656,
        0.535433 0.429874 -0.111874,
        0.535433 0.427060 -0.114734,
        0.535433 0.434828 -0.097283,
        0.535433 0.434843 -0.099620,
        0.535433 0.433779 -0.103709,
        0.535433 0.428231 -0.079347,
        0.535433 0.429665 -0.080765,
        0.535433 0.431960 -0.084688,
        0.535433 0.433164 -0.106073,
        0.535433 0.433032 -0.086521,
        0.535433 0.434208 -0.090801,
        0.535433 0.434798 -0.092951,
        0.547244 0.443390 -0.106561,
        0.547244 0.444857 -0.097598,
        0.547244 0.428633 -0.066728,
        0.538935 0.425198 -0.120221,
        0.547244 0.434012 -0.121931,
        0.540648 0.425198 -0.121916,
        0.547244 0.428681 -0.066751,
        0.544200 0.422441 -0.066235,
        0.547244 0.429017 -0.066917,
        0.547244 0.435531 -0.072540,
        0.547244 0.435612 -0.072610,
        0.547244 0.435815 -0.072785,
        0.547244 0.440736 -0.079909,
        0.547244 0.440828 -0.080041,
        0.547244 0.440919 -0.080173,
        0.547244 0.444865 -0.097546,
        0.547244 0.443910 -0.088356,
        0.547244 0.443983 -0.088557,
        0.547244 0.444002 -0.088607,
        0.547244 0.444845 -0.097332,
        0.547244 0.443454 -0.106414,
        0.547244 0.443480 -0.106255,
        0.547244 0.439859 -0.114643,
        0.547244 0.439693 -0.114854,
        0.547244 0.439902 -0.114544,
        0.547244 0.434344 -0.121661,
        0.547244 0.434311 -0.121704,
        0.574803 0.428653 -0.066687,
        0.574803 0.434040 -0.121967,
        0.574803 0.434308 -0.121632,
        0.574803 0.439720 -0.114874,
        0.574803 0.439872 -0.114531,
        0.574803 0.443408 -0.106569,
        0.574803 0.444838 -0.097333,
        0.574803 0.444864 -0.097600,
        0.574803 0.443460 -0.106252,
        0.574803 0.443990 -0.088555,
        0.574803 0.443915 -0.088354,
        0.574803 0.440844 -0.080030,
        0.574803 0.440752 -0.079898,
        0.574803 0.435634 -0.072585,
        0.574803 0.435552 -0.072515,
        0.574803 0.428701 -0.066710,
        0.586614 0.428231 -0.079347,
        0.583111 0.425198 -0.120221,
        0.584805 0.425198 -0.118508,
        0.577848 0.422441 -0.066235,
        0.586614 0.429665 -0.080765,
        0.586614 0.431960 -0.084688,
        0.586614 0.433032 -0.086521,
        0.586614 0.434208 -0.090801,
        0.586614 0.434798 -0.092951,
        0.586614 0.434828 -0.097283,
        0.586614 0.434843 -0.099620,
        0.586614 0.433779 -0.103709,
        0.586614 0.433164 -0.106073,
        0.586614 0.431132 -0.109656,
        0.586614 0.429874 -0.111874,
        0.586614 0.427060 -0.114734,
        1.135827 0.694882 -0.212598,
        1.135827 0.694882 -0.236220,
        1.112205 0.694882 -0.212598,
        1.088583 0.694882 -0.236220,
        1.088583 0.694882 -0.212598,
        1.135827 0.663386 -0.236220,
        1.088583 0.663386 -0.236220,
        1.082677 0.543509 -0.107023,
        1.141732 0.543509 -0.107023,
        1.141732 0.540856 -0.105752,
        1.082677 0.540856 -0.105752,
        1.141732 0.538598 -0.103864,
        1.082677 0.538598 -0.103864,
        1.141732 0.536877 -0.101476,
        1.082677 0.536877 -0.101476,
        1.141732 0.535800 -0.098738,
        1.082677 0.535800 -0.098738,
        1.141732 0.535433 -0.095818,
        1.082677 0.535433 -0.095818,
        1.141732 0.535433 -0.093249,
        1.082677 0.535433 -0.093249,
        1.141732 0.535682 -0.090839,
        1.082677 0.535682 -0.090839,
        1.141732 0.536417 -0.088530,
        1.082677 0.536417 -0.088530,
        1.141732 0.537608 -0.086420,
        1.082677 0.537608 -0.086420,
        1.135827 -0.053150 -0.236220,
        1.135827 -0.053150 -0.212598,
        1.088583 -0.053150 -0.236220,
        1.112205 -0.053150 -0.212598,
        1.088583 -0.053150 -0.212598,
        1.135827 -0.021654 -0.236220,
        1.088583 -0.021654 -0.236220,
        1.082677 0.106299 -0.095818,
        1.141732 0.106299 -0.095818,
        1.141732 0.105933 -0.098737,
        1.082677 0.105933 -0.098737,
        1.141732 0.104856 -0.101476,
        1.082677 0.104856 -0.101476,
        1.141732 0.103135 -0.103863,
        1.082677 0.103135 -0.103863,
        1.141732 0.100877 -0.105752,
        1.082677 0.100877 -0.105752,
        1.141732 0.098223 -0.107022,
        1.082677 0.098223 -0.107022,
        1.141732 0.106299 -0.093249,
        1.082677 0.106299 -0.093249,
        1.082677 0.104124 -0.086420,
        1.141732 0.104124 -0.086420,
        1.141732 0.105315 -0.088530,
        1.082677 0.105315 -0.088530,
        1.141732 0.106050 -0.090839,
        1.082677 0.106050 -0.090839,
        1.137795 0.427166 -0.127143,
        1.125984 0.427166 -0.127143,
        1.098425 0.427166 -0.127143,
        1.086614 0.427166 -0.127143,
        1.088583 0.649154 -0.233558,
        1.135827 0.649154 -0.233558,
        1.088583 0.656147 -0.235549,
        1.135827 0.656147 -0.235549,
        1.088583 -0.014414 -0.235549,
        1.135827 -0.014414 -0.235549,
        1.088583 -0.007422 -0.233558,
        1.135827 -0.007422 -0.233558,
        1.082677 0.555219 -0.061572,
        1.082677 0.551407 -0.068087,
        1.082677 0.548254 -0.077319,
        1.141732 0.555219 -0.061572,
        1.141732 0.551533 -0.067824,
        1.141732 0.548330 -0.076978,
        1.112205 0.555219 -0.061572,
      ]
    }
    coordIndex [
      63, 40, 64, -1,
      65, 41, 66, -1,
      63, 64, 66, -1,
      67, 68, 69, -1,
      69, 68, 70, -1,
      69, 70, 71, -1,
      66, 64, 65, -1,
      65, 64, 72, -1,
      65, 72, 73, -1,
      73, 72, 74, -1,
      73, 74, 75, -1,
      75, 74, 76, -1,
      75, 76, 67, -1,
      67, 76, 77, -1,
      67, 77, 68, -1,
      78, 79, 80, -1,
      70, 81, 71, -1,
      71, 81, 82, -1,
      71, 82, 83, -1,
      83, 82, 84, -1,
      83, 84, 79, -1,
      79, 84, 85, -1,
      79, 85, 80, -1,
      80, 86, 78, -1,
      78, 86, 87, -1,
      78, 87, 88, -1,
      88, 87, 89, -1,
      88, 89, 90, -1,
      89, 91, 90, -1,
      90, 91, 92, -1,
      90, 92, 93, -1,
      93, 92, 94, -1,
      93, 94, 95, -1,
      94, 96, 95, -1,
      95, 96, 97, -1,
      95, 97, 98, -1,
      98, 97, 99, -1,
      98, 99, 100, -1,
      100, 99, 101, -1,
      100, 101, 102, -1,
      102, 101, 103, -1,
      102, 103, 104, -1,
      104, 103, 105, -1,
      104, 105, 106, -1,
      36, 31, 107, -1,
      107, 31, 108, -1,
      109, 110, 31, -1,
      31, 110, 111, -1,
      111, 112, 31, -1,
      31, 112, 113, -1,
      31, 113, 114, -1,
      31, 30, 115, -1,
      114, 116, 31, -1,
      31, 116, 117, -1,
      31, 117, 108, -1,
      115, 118, 31, -1,
      31, 118, 119, -1,
      31, 119, 109, -1,
      37, 38, 72, -1,
      72, 38, 74, -1,
      36, 107, 38, -1,
      38, 107, 76, -1,
      38, 76, 74, -1,
      40, 39, 64, -1,
      64, 39, 120, -1,
      64, 120, 72, -1,
      72, 120, 121, -1,
      72, 121, 37, -1,
      105, 115, 30, -1,
      35, 106, 122, -1,
      122, 106, 105, -1,
      122, 105, 123, -1,
      123, 105, 30, -1,
      105, 103, 115, -1,
      115, 103, 101, -1,
      115, 101, 118, -1,
      118, 101, 99, -1,
      118, 99, 119, -1,
      99, 97, 119, -1,
      119, 97, 96, -1,
      119, 96, 109, -1,
      109, 96, 94, -1,
      109, 94, 110, -1,
      94, 92, 110, -1,
      110, 92, 91, -1,
      110, 91, 111, -1,
      111, 91, 89, -1,
      111, 89, 112, -1,
      89, 87, 112, -1,
      112, 87, 86, -1,
      112, 86, 113, -1,
      113, 86, 80, -1,
      113, 80, 114, -1,
      80, 85, 114, -1,
      114, 85, 84, -1,
      114, 84, 116, -1,
      116, 84, 82, -1,
      116, 82, 117, -1,
      82, 81, 117, -1,
      117, 81, 70, -1,
      117, 70, 108, -1,
      108, 70, 68, -1,
      108, 68, 107, -1,
      107, 68, 77, -1,
      107, 77, 76, -1,
      124, 106, 34, -1,
      34, 106, 35, -1,
      33, 124, 34, -1,
      125, 104, 32, -1,
      32, 104, 106, -1,
      32, 106, 33, -1,
      33, 106, 124, -1,
      125, 32, 27, -1,
      125, 27, 104, -1,
      104, 27, 26, -1,
      126, 127, 98, -1,
      128, 129, 93, -1,
      130, 131, 88, -1,
      132, 133, 79, -1,
      134, 135, 71, -1,
      136, 137, 67, -1,
      67, 137, 75, -1,
      65, 73, 44, -1,
      44, 138, 65, -1,
      65, 138, 42, -1,
      65, 42, 41, -1,
      137, 45, 75, -1,
      75, 45, 46, -1,
      75, 46, 73, -1,
      73, 46, 43, -1,
      73, 43, 44, -1,
      102, 104, 26, -1,
      29, 139, 140, -1,
      140, 139, 102, -1,
      140, 102, 141, -1,
      141, 102, 26, -1,
      136, 67, 135, -1,
      135, 67, 69, -1,
      135, 69, 71, -1,
      134, 71, 133, -1,
      133, 71, 83, -1,
      133, 83, 79, -1,
      132, 79, 131, -1,
      131, 79, 78, -1,
      131, 78, 88, -1,
      130, 88, 129, -1,
      129, 88, 90, -1,
      129, 90, 93, -1,
      128, 93, 127, -1,
      127, 93, 95, -1,
      127, 95, 98, -1,
      126, 98, 139, -1,
      139, 98, 100, -1,
      139, 100, 102, -1,
      45, 137, 28, -1,
      28, 137, 136, -1,
      28, 136, 135, -1,
      132, 131, 28, -1,
      28, 131, 130, -1,
      135, 134, 28, -1,
      28, 134, 133, -1,
      28, 133, 132, -1,
      130, 129, 28, -1,
      28, 129, 128, -1,
      28, 128, 127, -1,
      127, 126, 28, -1,
      28, 126, 139, -1,
      28, 139, 29, -1,
      142, 143, 5, -1,
      5, 143, 144, -1,
      5, 144, 20, -1,
      145, 146, 147, -1,
      6, 148, 5, -1,
      5, 148, 149, -1,
      5, 149, 142, -1,
      142, 149, 150, -1,
      142, 150, 151, -1,
      151, 150, 147, -1,
      150, 152, 147, -1,
      147, 152, 153, -1,
      147, 153, 145, -1,
      145, 153, 154, -1,
      151, 147, 155, -1,
      146, 145, 156, -1,
      3, 2, 157, -1,
      158, 20, 144, -1,
      62, 19, 159, -1,
      159, 19, 160, -1,
      7, 8, 161, -1,
      161, 8, 4, -1,
      161, 4, 157, -1,
      157, 4, 162, -1,
      157, 162, 3, -1,
      161, 163, 7, -1,
      7, 163, 164, -1,
      7, 164, 6, -1,
      6, 164, 148, -1,
      148, 164, 165, -1,
      148, 165, 149, -1,
      149, 165, 166, -1,
      149, 166, 150, -1,
      166, 167, 150, -1,
      150, 167, 168, -1,
      150, 168, 152, -1,
      152, 168, 169, -1,
      152, 169, 153, -1,
      156, 145, 170, -1,
      169, 171, 153, -1,
      153, 171, 172, -1,
      153, 172, 154, -1,
      154, 172, 173, -1,
      154, 173, 145, -1,
      145, 173, 174, -1,
      145, 174, 170, -1,
      155, 147, 175, -1,
      146, 156, 147, -1,
      147, 156, 176, -1,
      147, 176, 175, -1,
      177, 178, 142, -1,
      151, 155, 142, -1,
      142, 155, 179, -1,
      142, 179, 177, -1,
      180, 144, 178, -1,
      178, 144, 143, -1,
      178, 143, 142, -1,
      160, 158, 159, -1,
      159, 158, 144, -1,
      159, 144, 181, -1,
      181, 144, 180, -1,
      0, 9, 182, -1,
      0, 182, 1, -1,
      61, 62, 183, -1,
      183, 62, 159, -1,
      183, 159, 184, -1,
      185, 177, 186, -1,
      186, 177, 179, -1,
      186, 179, 187, -1,
      159, 181, 184, -1,
      184, 181, 180, -1,
      184, 180, 185, -1,
      185, 180, 178, -1,
      185, 178, 177, -1,
      188, 189, 170, -1,
      179, 155, 187, -1,
      187, 155, 175, -1,
      187, 175, 190, -1,
      190, 175, 176, -1,
      190, 176, 189, -1,
      189, 176, 156, -1,
      189, 156, 170, -1,
      170, 174, 188, -1,
      188, 174, 173, -1,
      188, 173, 191, -1,
      191, 173, 172, -1,
      191, 172, 192, -1,
      172, 171, 192, -1,
      192, 171, 169, -1,
      192, 169, 193, -1,
      193, 169, 168, -1,
      193, 168, 194, -1,
      168, 167, 194, -1,
      194, 167, 166, -1,
      194, 166, 195, -1,
      195, 166, 165, -1,
      195, 165, 196, -1,
      196, 165, 164, -1,
      196, 164, 197, -1,
      2, 1, 157, -1,
      157, 1, 182, -1,
      157, 182, 161, -1,
      161, 182, 197, -1,
      161, 197, 163, -1,
      163, 197, 164, -1,
      13, 12, 198, -1,
      21, 61, 199, -1,
      199, 61, 183, -1,
      199, 183, 200, -1,
      15, 197, 201, -1,
      201, 197, 182, -1,
      201, 182, 10, -1,
      10, 182, 9, -1,
      15, 14, 197, -1,
      197, 14, 13, -1,
      197, 13, 196, -1,
      196, 13, 198, -1,
      196, 198, 195, -1,
      195, 198, 202, -1,
      195, 202, 194, -1,
      194, 202, 203, -1,
      194, 203, 193, -1,
      193, 203, 204, -1,
      193, 204, 192, -1,
      192, 204, 205, -1,
      192, 205, 191, -1,
      191, 205, 206, -1,
      191, 206, 188, -1,
      188, 206, 207, -1,
      188, 207, 189, -1,
      189, 207, 208, -1,
      189, 208, 190, -1,
      190, 208, 209, -1,
      190, 209, 187, -1,
      187, 209, 210, -1,
      187, 210, 186, -1,
      186, 210, 211, -1,
      186, 211, 185, -1,
      185, 211, 212, -1,
      185, 212, 184, -1,
      184, 212, 213, -1,
      184, 213, 183, -1,
      183, 213, 18, -1,
      183, 18, 200, -1,
      203, 202, 11, -1,
      11, 202, 198, -1,
      11, 198, 12, -1,
      11, 18, 213, -1,
      204, 203, 209, -1,
      213, 212, 11, -1,
      11, 212, 211, -1,
      11, 211, 203, -1,
      203, 211, 210, -1,
      203, 210, 209, -1,
      209, 208, 207, -1,
      204, 209, 205, -1,
      205, 209, 207, -1,
      205, 207, 206, -1,
      214, 215, 216, -1,
      216, 215, 217, -1,
      216, 217, 218, -1,
      215, 219, 217, -1,
      217, 219, 220, -1,
      221, 222, 223, -1,
      221, 223, 224, -1,
      224, 223, 225, -1,
      224, 225, 226, -1,
      226, 225, 227, -1,
      226, 227, 228, -1,
      228, 227, 229, -1,
      228, 229, 230, -1,
      230, 229, 231, -1,
      230, 231, 232, -1,
      231, 233, 232, -1,
      232, 233, 234, -1,
      234, 233, 235, -1,
      234, 235, 236, -1,
      236, 235, 237, -1,
      236, 237, 238, -1,
      238, 237, 239, -1,
      238, 239, 240, -1,
      241, 242, 243, -1,
      243, 242, 244, -1,
      243, 244, 245, -1,
      241, 243, 246, -1,
      246, 243, 247, -1,
      248, 249, 250, -1,
      248, 250, 251, -1,
      251, 250, 252, -1,
      251, 252, 253, -1,
      253, 252, 254, -1,
      253, 254, 255, -1,
      255, 254, 256, -1,
      255, 256, 257, -1,
      257, 256, 258, -1,
      257, 258, 259, -1,
      249, 248, 260, -1,
      260, 248, 261, -1,
      262, 263, 264, -1,
      262, 264, 265, -1,
      265, 264, 266, -1,
      265, 266, 267, -1,
      267, 266, 260, -1,
      267, 260, 261, -1,
      268, 269, 17, -1,
      17, 269, 16, -1,
      22, 268, 17, -1,
      269, 268, 22, -1,
      269, 22, 270, -1,
      270, 22, 23, -1,
      270, 23, 271, -1,
      271, 23, 24, -1,
      271, 24, 270, -1,
      270, 24, 25, -1,
      54, 55, 272, -1,
      54, 272, 273, -1,
      273, 272, 274, -1,
      273, 274, 275, -1,
      275, 274, 220, -1,
      275, 220, 219, -1,
      246, 247, 276, -1,
      246, 276, 277, -1,
      277, 276, 278, -1,
      277, 278, 279, -1,
      279, 278, 53, -1,
      279, 53, 52, -1,
      280, 281, 240, -1,
      240, 281, 282, -1,
      240, 282, 60, -1,
      60, 59, 221, -1,
      234, 236, 60, -1,
      60, 236, 238, -1,
      60, 238, 240, -1,
      221, 224, 60, -1,
      60, 224, 226, -1,
      60, 226, 228, -1,
      228, 230, 60, -1,
      60, 230, 232, -1,
      60, 232, 234, -1,
      57, 222, 58, -1,
      58, 222, 221, -1,
      58, 221, 59, -1,
      48, 218, 51, -1,
      51, 218, 217, -1,
      51, 217, 220, -1,
      220, 274, 51, -1,
      51, 274, 272, -1,
      51, 272, 55, -1,
      50, 214, 47, -1,
      47, 214, 216, -1,
      47, 216, 48, -1,
      48, 216, 218, -1,
      214, 50, 215, -1,
      215, 50, 49, -1,
      215, 49, 219, -1,
      54, 273, 49, -1,
      49, 273, 275, -1,
      49, 275, 219, -1,
      222, 57, 56, -1,
      283, 239, 284, -1,
      284, 239, 285, -1,
      222, 56, 223, -1,
      285, 239, 56, -1,
      56, 239, 237, -1,
      56, 237, 235, -1,
      235, 233, 56, -1,
      56, 233, 231, -1,
      56, 231, 229, -1,
      229, 227, 56, -1,
      56, 227, 225, -1,
      56, 225, 223, -1,
      239, 283, 240, -1,
      240, 283, 286, -1,
      240, 286, 280, -1,
    ]
  }
}

Shape {
  appearance Appearance {
    material Material {
      diffuseColor 0.2510 0.2510 0.2510
      specularColor 0.1255 0.1255 0.1255
      ambientIntensity 0.2
      transparency 0.0000
      shininess 0.5
    }
  }
  geometry IndexedFaceSet {
    ccw TRUE
    solid FALSE
    coord DEF co Coordinate {
      point [
        1.314961 0.590552 -0.043307,
        1.112205 0.590552 -0.043307,
        1.052454 0.590552 -0.043307,
        1.052454 0.547244 -0.086614,
        1.314960 0.547244 -0.086614,
        1.279528 0.547244 -0.086614,
        1.220472 0.547244 -0.086614,
        1.141732 0.547244 -0.086614,
        1.082677 0.547244 -0.086614,
        1.052454 0.548510 -0.077001,
        1.052454 0.548465 -0.077346,
        1.052454 0.551813 -0.067940,
        1.052454 0.551701 -0.068209,
        1.052454 0.548720 -0.075406,
        1.052454 0.579343 -0.044783,
        1.052454 0.580881 -0.044580,
        1.052454 0.580939 -0.044573,
        1.052454 0.568898 -0.049109,
        1.052454 0.571769 -0.047920,
        1.052454 0.571877 -0.047875,
        1.052454 0.553046 -0.064961,
        1.052454 0.556839 -0.060019,
        1.052454 0.556981 -0.059833,
        1.052454 0.559929 -0.055991,
        1.052454 0.563632 -0.053150,
        1.052454 0.563771 -0.053043,
        1.082677 0.555219 -0.061572,
        1.082677 0.551407 -0.068087,
        1.082677 0.548254 -0.077319,
        1.141732 0.555219 -0.061572,
        1.141732 0.551533 -0.067824,
        1.141732 0.548330 -0.076978,
        1.112205 0.555219 -0.061572,
        1.112205 0.556548 -0.059795,
        1.112205 0.563413 -0.052865,
        1.112205 0.556711 -0.059631,
        1.112205 0.571656 -0.047646,
        1.112205 0.563560 -0.052772,
        1.112205 0.580858 -0.044406,
        1.112205 0.571766 -0.047608,
        1.112205 0.580915 -0.044399,
        1.220472 0.548330 -0.076978,
        1.220472 0.551533 -0.067824,
        1.220472 0.555219 -0.061572,
        1.314961 0.556693 -0.059613,
        1.279528 0.555219 -0.061572,
        1.314961 0.551533 -0.067824,
        1.279528 0.551533 -0.067824,
        1.279528 0.548330 -0.076978,
        1.314961 0.548330 -0.076978,
        1.314961 0.580915 -0.044393,
        1.314961 0.571761 -0.047596,
        1.314961 0.563550 -0.052755,
      ]
    }
    coordIndex [
      26, 32, 33, -1,
      21, 20, 27, -1,
      20, 11, 27, -1,
      27, 11, 12, -1,
      27, 12, 28, -1,
      28, 12, 13, -1,
      28, 13, 9, -1,
      9, 10, 28, -1,
      28, 10, 3, -1,
      28, 3, 8, -1,
      34, 23, 35, -1,
      35, 23, 22, -1,
      35, 22, 33, -1,
      33, 22, 21, -1,
      33, 21, 26, -1,
      26, 21, 27, -1,
      36, 17, 37, -1,
      37, 17, 25, -1,
      37, 25, 34, -1,
      34, 25, 24, -1,
      34, 24, 23, -1,
      38, 14, 39, -1,
      39, 14, 19, -1,
      39, 19, 36, -1,
      36, 19, 18, -1,
      36, 18, 17, -1,
      1, 2, 40, -1,
      40, 2, 16, -1,
      40, 16, 38, -1,
      38, 16, 15, -1,
      38, 15, 14, -1,
      0, 1, 40, -1,
      7, 6, 41, -1,
      7, 41, 31, -1,
      31, 41, 42, -1,
      31, 42, 30, -1,
      30, 42, 29, -1,
      29, 42, 43, -1,
      29, 43, 44, -1,
      44, 43, 45, -1,
      44, 45, 46, -1,
      45, 47, 46, -1,
      46, 47, 48, -1,
      46, 48, 49, -1,
      49, 48, 5, -1,
      49, 5, 4, -1,
      0, 40, 50, -1,
      50, 40, 38, -1,
      50, 38, 51, -1,
      38, 39, 51, -1,
      51, 39, 36, -1,
      51, 36, 52, -1,
      36, 37, 52, -1,
      52, 37, 34, -1,
      52, 34, 44, -1,
      44, 34, 35, -1,
      44, 35, 29, -1,
      29, 35, 33, -1,
      29, 33, 32, -1,
    ]
  }
}

Shape {
  appearance Appearance {
    material Material {
      diffuseColor 1.0000 1.0000 0.5020
      specularColor 0.8784 0.8784 0.4431
      ambientIntensity 0.2
      transparency 0.0000
      shininess 0.5
    }
  }
  geometry IndexedFaceSet {
    ccw TRUE
    solid FALSE
    coord DEF co Coordinate {
      point [
        1.082677 0.094488 -0.108268,
        1.082677 0.094488 -0.086614,
        1.112205 0.094488 -0.108268,
        1.141732 0.094488 -0.108268,
        1.141732 0.094488 -0.086614,
        1.135827 -0.049213 -0.230315,
        1.135827 -0.000914 -0.230315,
        1.088583 -0.000914 -0.230315,
        1.088583 -0.049213 -0.230315,
        1.088583 -0.049213 -0.212598,
        1.112205 -0.049213 -0.212598,
        1.135827 -0.049213 -0.212598,
        1.135827 -0.053150 -0.236220,
        1.135827 -0.053150 -0.212598,
        1.088583 -0.053150 -0.236220,
        1.112205 -0.053150 -0.212598,
        1.088583 -0.053150 -0.212598,
        1.135827 -0.021654 -0.236220,
        1.088583 -0.021654 -0.236220,
        1.082677 0.106299 -0.095818,
        1.141732 0.106299 -0.095818,
        1.141732 0.105933 -0.098737,
        1.082677 0.105933 -0.098737,
        1.141732 0.104856 -0.101476,
        1.082677 0.104856 -0.101476,
        1.141732 0.103135 -0.103863,
        1.082677 0.103135 -0.103863,
        1.141732 0.100877 -0.105752,
        1.082677 0.100877 -0.105752,
        1.141732 0.098223 -0.107022,
        1.082677 0.098223 -0.107022,
        1.141732 0.106299 -0.093249,
        1.082677 0.106299 -0.093249,
        1.082677 0.104124 -0.086420,
        1.141732 0.104124 -0.086420,
        1.141732 0.105315 -0.088530,
        1.082677 0.105315 -0.088530,
        1.141732 0.106050 -0.090839,
        1.082677 0.106050 -0.090839,
        1.088583 -0.014414 -0.235549,
        1.135827 -0.014414 -0.235549,
        1.088583 -0.007422 -0.233558,
        1.135827 -0.007422 -0.233558,
        1.141732 0.086514 -0.061572,
        1.141732 0.090325 -0.068087,
        1.141732 0.093479 -0.077319,
        1.082677 0.086514 -0.061572,
        1.082677 0.090149 -0.067719,
        1.082677 0.093389 -0.076920,
        1.112205 0.086514 -0.061572,
      ]
    }
    coordIndex [
      11, 13, 5, -1,
      5, 13, 12, -1,
      5, 12, 17, -1,
      17, 40, 5, -1,
      5, 40, 42, -1,
      5, 42, 6, -1,
      9, 16, 10, -1,
      10, 16, 15, -1,
      10, 15, 11, -1,
      11, 15, 13, -1,
      16, 9, 14, -1,
      14, 9, 8, -1,
      8, 7, 41, -1,
      41, 39, 8, -1,
      8, 39, 18, -1,
      8, 18, 14, -1,
      0, 30, 2, -1,
      2, 30, 29, -1,
      2, 29, 3, -1,
      43, 44, 34, -1,
      34, 44, 45, -1,
      34, 45, 4, -1,
      20, 31, 4, -1,
      31, 37, 4, -1,
      4, 37, 35, -1,
      4, 35, 34, -1,
      3, 29, 4, -1,
      4, 29, 27, -1,
      4, 27, 25, -1,
      25, 23, 4, -1,
      4, 23, 21, -1,
      4, 21, 20, -1,
      46, 33, 47, -1,
      47, 33, 48, -1,
      38, 32, 1, -1,
      1, 32, 19, -1,
      48, 33, 1, -1,
      1, 33, 36, -1,
      1, 36, 38, -1,
      19, 22, 1, -1,
      1, 22, 24, -1,
      1, 24, 26, -1,
      26, 28, 1, -1,
      1, 28, 30, -1,
      1, 30, 0, -1,
      43, 34, 49, -1,
      49, 34, 33, -1,
      49, 33, 46, -1,
    ]
  }
}

Shape {
  appearance Appearance {
    material Material {
      diffuseColor 0.2510 0.2510 0.2510
      specularColor 0.1255 0.1255 0.1255
      ambientIntensity 0.2
      transparency 0.0000
      shininess 0.5
    }
  }
  geometry IndexedFaceSet {
    ccw TRUE
    solid FALSE
    coord DEF co Coordinate {
      point [
        1.314961 0.051181 -0.043307,
        1.112205 0.051181 -0.043307,
        1.052454 0.051181 -0.043307,
        1.052454 0.094488 -0.086614,
        1.082677 0.094488 -0.086614,
        1.279528 0.094488 -0.086614,
        1.314960 0.094488 -0.086614,
        1.220472 0.094488 -0.086614,
        1.141732 0.094488 -0.086614,
        1.052454 0.093215 -0.076943,
        1.052454 0.093013 -0.075405,
        1.052454 0.090031 -0.068208,
        1.052454 0.093268 -0.077346,
        1.052454 0.084646 -0.059694,
        1.052454 0.084894 -0.060018,
        1.052454 0.088686 -0.064960,
        1.052454 0.089876 -0.067832,
        1.052454 0.072835 -0.049109,
        1.052454 0.077777 -0.052901,
        1.052454 0.078100 -0.053150,
        1.052454 0.062390 -0.044782,
        1.052454 0.069587 -0.047763,
        1.052454 0.069963 -0.047919,
        1.052454 0.060449 -0.044527,
        1.052454 0.060852 -0.044580,
        1.141732 0.086514 -0.061572,
        1.141732 0.090325 -0.068087,
        1.141732 0.093479 -0.077319,
        1.082677 0.086514 -0.061572,
        1.082677 0.090149 -0.067719,
        1.082677 0.093389 -0.076920,
        1.112205 0.086514 -0.061572,
        1.112205 0.085176 -0.059802,
        1.279528 0.090325 -0.068087,
        1.279528 0.086514 -0.061572,
        1.314961 0.085185 -0.059795,
        1.220472 0.086514 -0.061572,
        1.220472 0.093479 -0.077319,
        1.314961 0.090325 -0.068087,
        1.314961 0.093479 -0.077319,
        1.279528 0.093479 -0.077319,
        1.112205 0.084931 -0.059476,
        1.314961 0.078319 -0.052865,
        1.220472 0.090325 -0.068087,
        1.112205 0.078288 -0.052896,
        1.112205 0.078000 -0.052610,
        1.314961 0.070076 -0.047646,
        1.112205 0.070053 -0.047684,
        1.112205 0.069708 -0.047470,
        1.314961 0.060875 -0.044406,
        1.112205 0.060476 -0.044316,
        1.112205 0.060860 -0.044447,
        1.052454 0.081804 -0.055991,
      ]
    }
    coordIndex [
      25, 31, 32, -1,
      33, 34, 35, -1,
      35, 34, 36, -1,
      26, 37, 27, -1,
      27, 37, 7, -1,
      27, 7, 8, -1,
      35, 38, 33, -1,
      33, 38, 39, -1,
      33, 39, 40, -1,
      40, 39, 6, -1,
      40, 6, 5, -1,
      41, 42, 32, -1,
      32, 42, 35, -1,
      32, 35, 25, -1,
      25, 35, 36, -1,
      25, 36, 26, -1,
      26, 36, 43, -1,
      26, 43, 37, -1,
      41, 44, 42, -1,
      42, 44, 45, -1,
      42, 45, 46, -1,
      45, 47, 46, -1,
      46, 47, 48, -1,
      46, 48, 49, -1,
      1, 0, 50, -1,
      50, 0, 49, -1,
      50, 49, 51, -1,
      51, 49, 48, -1,
      9, 30, 12, -1,
      12, 30, 4, -1,
      12, 4, 3, -1,
      16, 29, 11, -1,
      11, 29, 30, -1,
      11, 30, 10, -1,
      10, 30, 9, -1,
      13, 28, 14, -1,
      14, 28, 29, -1,
      14, 29, 15, -1,
      15, 29, 16, -1,
      2, 1, 23, -1,
      23, 1, 50, -1,
      23, 50, 24, -1,
      24, 50, 51, -1,
      47, 22, 48, -1,
      48, 22, 21, -1,
      48, 21, 51, -1,
      51, 21, 20, -1,
      51, 20, 24, -1,
      31, 28, 32, -1,
      32, 28, 13, -1,
      32, 13, 41, -1,
      41, 13, 52, -1,
      41, 52, 44, -1,
      44, 52, 19, -1,
      44, 19, 45, -1,
      45, 19, 18, -1,
      45, 18, 47, -1,
      47, 18, 17, -1,
      47, 17, 22, -1,
    ]
  }
}

Shape {
  appearance Appearance {
    material Material {
      diffuseColor 1.0000 1.0000 0.5020
      specularColor 0.8784 0.8784 0.4431
      ambientIntensity 0.2
      transparency 0.0000
      shininess 0.5
    }
  }
  geometry IndexedFaceSet {
    ccw TRUE
    solid FALSE
    coord DEF co Coordinate {
      point [
        1.098425 0.420963 -0.062946,
        1.097875 0.421230 -0.063541,
        1.086614 0.425198 -0.080709,
        1.086614 0.424924 -0.076075,
        1.089192 0.424317 -0.073158,
        1.090281 0.424060 -0.071925,
        1.126534 0.421230 -0.063541,
        1.125984 0.420963 -0.062946,
        1.137795 0.424924 -0.076075,
        1.137795 0.425198 -0.080709,
        1.135217 0.424317 -0.073158,
        1.134128 0.424060 -0.071925,
        1.130708 0.425198 -0.123733,
        1.137795 0.425198 -0.116628,
        1.093702 0.425198 -0.123733,
        1.086614 0.425198 -0.116628,
        1.137795 0.216535 -0.123733,
        1.086614 0.216535 -0.116627,
        1.086614 0.216535 -0.080708,
        1.130708 0.216535 -0.123733,
        1.137795 0.216535 -0.080708,
        1.137795 0.216535 -0.116627,
        1.086614 0.216535 -0.128279,
        1.137795 0.216535 -0.128279,
        1.086614 0.216535 -0.123734,
        1.093702 0.216535 -0.123733,
        1.125984 0.220769 -0.062946,
        1.135217 0.217416 -0.073158,
        1.137795 0.216809 -0.076075,
        1.126624 0.220459 -0.063637,
        1.134174 0.217662 -0.071977,
        1.098425 0.220769 -0.062946,
        1.097785 0.220459 -0.063637,
        1.090235 0.217662 -0.071977,
        1.086614 0.216809 -0.076075,
        1.089192 0.217416 -0.073158,
        1.125984 0.427166 -0.127143,
        1.098425 0.427166 -0.127143,
        1.105591 0.220769 -0.062946,
        1.098425 0.213100 -0.066727,
        1.125984 0.213080 -0.066687,
        1.112205 0.220769 -0.062946,
        1.125984 0.206099 -0.072585,
        1.098425 0.205918 -0.072785,
        1.125984 0.200981 -0.079898,
        1.098425 0.200996 -0.079909,
        1.125984 0.200889 -0.080030,
        1.098425 0.213052 -0.066751,
        1.125984 0.213031 -0.066710,
        1.098425 0.212715 -0.066917,
        1.125984 0.206181 -0.072515,
        1.098425 0.206202 -0.072540,
        1.098425 0.206120 -0.072610,
        1.125984 0.196895 -0.097333,
        1.125984 0.197743 -0.088555,
        1.098425 0.197731 -0.088607,
        1.098425 0.200905 -0.080041,
        1.098425 0.200814 -0.080173,
        1.125984 0.197817 -0.088354,
        1.098425 0.197823 -0.088356,
        1.098425 0.197749 -0.088557,
        1.098425 0.196888 -0.097332,
        1.098425 0.196867 -0.097546,
        1.125984 0.196869 -0.097600,
        1.098425 0.196876 -0.097598,
        1.125984 0.198273 -0.106252,
        1.098425 0.198253 -0.106255,
        1.098425 0.198278 -0.106414,
        1.125984 0.198324 -0.106569,
        1.098425 0.198343 -0.106561,
        1.125984 0.201861 -0.114531,
        1.098425 0.201831 -0.114544,
        1.098425 0.201874 -0.114643,
        1.125984 0.202013 -0.114874,
        1.098425 0.202039 -0.114853,
        1.125984 0.207425 -0.121632,
        1.098425 0.207389 -0.121661,
        1.125984 0.207693 -0.121967,
        1.098425 0.207422 -0.121703,
        1.125984 0.214567 -0.127143,
        1.098425 0.207720 -0.121931,
        1.098425 0.214567 -0.127143,
        1.086614 0.213502 -0.079347,
        1.086614 0.212068 -0.080765,
        1.086614 0.208569 -0.106073,
        1.086614 0.207954 -0.103709,
        1.086614 0.206889 -0.099620,
        1.086614 0.206905 -0.097283,
        1.086614 0.206934 -0.092951,
        1.086614 0.207525 -0.090801,
        1.086614 0.214672 -0.114734,
        1.086614 0.208700 -0.086521,
        1.086614 0.209773 -0.084688,
        1.086614 0.211858 -0.111874,
        1.086614 0.210601 -0.109656,
        1.095381 0.219292 -0.066235,
        1.092548 0.218206 -0.069360,
        1.091829 0.216535 -0.121915,
        1.090117 0.216535 -0.120221,
        1.086614 0.214567 -0.127143,
        1.137795 0.214567 -0.127143,
        1.137795 0.211858 -0.111874,
        1.137795 0.210601 -0.109656,
        1.137795 0.208569 -0.106073,
        1.137795 0.207954 -0.103709,
        1.137795 0.206889 -0.099620,
        1.137795 0.206905 -0.097283,
        1.137795 0.206934 -0.092951,
        1.137795 0.207525 -0.090801,
        1.137795 0.208700 -0.086521,
        1.137795 0.209773 -0.084688,
        1.137795 0.212068 -0.080765,
        1.137795 0.213502 -0.079347,
        1.131861 0.218206 -0.069360,
        1.129029 0.219292 -0.066235,
        1.137795 0.214672 -0.114734,
        1.135986 0.216535 -0.118508,
        1.134293 0.216535 -0.120221,
        1.086614 0.431132 -0.109656,
        1.086614 0.429874 -0.111874,
        1.086614 0.427060 -0.114734,
        1.086614 0.434828 -0.097283,
        1.086614 0.434843 -0.099620,
        1.086614 0.433779 -0.103709,
        1.086614 0.428231 -0.079347,
        1.086614 0.429665 -0.080765,
        1.086614 0.431960 -0.084688,
        1.086614 0.433164 -0.106073,
        1.086614 0.433032 -0.086521,
        1.086614 0.434208 -0.090801,
        1.086614 0.434798 -0.092951,
        1.098425 0.443390 -0.106561,
        1.098425 0.444857 -0.097598,
        1.098425 0.428633 -0.066728,
        1.090117 0.425198 -0.120221,
        1.098425 0.434012 -0.121931,
        1.091829 0.425198 -0.121916,
        1.098425 0.428681 -0.066751,
        1.092548 0.423526 -0.069360,
        1.095381 0.422441 -0.066235,
        1.098425 0.429017 -0.066917,
        1.098425 0.435531 -0.072540,
        1.098425 0.435612 -0.072610,
        1.098425 0.435815 -0.072785,
        1.098425 0.440736 -0.079909,
        1.098425 0.440828 -0.080041,
        1.098425 0.440919 -0.080173,
        1.098425 0.444865 -0.097546,
        1.098425 0.443910 -0.088356,
        1.098425 0.443983 -0.088557,
        1.098425 0.444002 -0.088607,
        1.098425 0.444845 -0.097332,
        1.098425 0.443454 -0.106414,
        1.098425 0.443480 -0.106255,
        1.098425 0.439859 -0.114643,
        1.098425 0.439693 -0.114854,
        1.098425 0.439902 -0.114544,
        1.098425 0.434344 -0.121661,
        1.098425 0.434311 -0.121704,
        1.112205 0.420963 -0.062946,
        1.125984 0.428653 -0.066687,
        1.105591 0.420963 -0.062946,
        1.125984 0.434040 -0.121967,
        1.125984 0.434308 -0.121632,
        1.125984 0.439720 -0.114874,
        1.125984 0.439872 -0.114531,
        1.125984 0.443408 -0.106569,
        1.125984 0.444838 -0.097333,
        1.125984 0.444864 -0.097600,
        1.125984 0.443460 -0.106252,
        1.125984 0.443990 -0.088555,
        1.125984 0.443915 -0.088354,
        1.125984 0.440844 -0.080030,
        1.125984 0.440752 -0.079898,
        1.125984 0.435634 -0.072585,
        1.125984 0.435552 -0.072515,
        1.125984 0.428701 -0.066710,
        1.137795 0.428231 -0.079347,
        1.134293 0.425198 -0.120221,
        1.135986 0.425198 -0.118509,
        1.131861 0.423526 -0.069360,
        1.129029 0.422441 -0.066235,
        1.137795 0.429665 -0.080765,
        1.137795 0.431960 -0.084688,
        1.137795 0.433032 -0.086521,
        1.137795 0.434208 -0.090801,
        1.137795 0.434798 -0.092951,
        1.137795 0.434828 -0.097283,
        1.137795 0.434843 -0.099620,
        1.137795 0.433779 -0.103709,
        1.137795 0.433164 -0.106073,
        1.137795 0.431132 -0.109656,
        1.137795 0.429874 -0.111874,
        1.137795 0.427060 -0.114734,
      ]
    }
    coordIndex [
      38, 31, 39, -1,
      40, 26, 41, -1,
      38, 39, 41, -1,
      42, 43, 44, -1,
      44, 43, 45, -1,
      44, 45, 46, -1,
      41, 39, 40, -1,
      40, 39, 47, -1,
      40, 47, 48, -1,
      48, 47, 49, -1,
      48, 49, 50, -1,
      50, 49, 51, -1,
      50, 51, 42, -1,
      42, 51, 52, -1,
      42, 52, 43, -1,
      53, 54, 55, -1,
      45, 56, 46, -1,
      46, 56, 57, -1,
      46, 57, 58, -1,
      58, 57, 59, -1,
      58, 59, 54, -1,
      54, 59, 60, -1,
      54, 60, 55, -1,
      55, 61, 53, -1,
      53, 61, 62, -1,
      53, 62, 63, -1,
      63, 62, 64, -1,
      63, 64, 65, -1,
      64, 66, 65, -1,
      65, 66, 67, -1,
      65, 67, 68, -1,
      68, 67, 69, -1,
      68, 69, 70, -1,
      69, 71, 70, -1,
      70, 71, 72, -1,
      70, 72, 73, -1,
      73, 72, 74, -1,
      73, 74, 75, -1,
      75, 74, 76, -1,
      75, 76, 77, -1,
      77, 76, 78, -1,
      77, 78, 79, -1,
      79, 78, 80, -1,
      79, 80, 81, -1,
      34, 18, 82, -1,
      82, 18, 83, -1,
      84, 85, 18, -1,
      18, 85, 86, -1,
      86, 87, 18, -1,
      18, 87, 88, -1,
      18, 88, 89, -1,
      18, 17, 90, -1,
      89, 91, 18, -1,
      18, 91, 92, -1,
      18, 92, 83, -1,
      90, 93, 18, -1,
      18, 93, 94, -1,
      18, 94, 84, -1,
      33, 35, 47, -1,
      47, 35, 49, -1,
      34, 82, 35, -1,
      35, 82, 51, -1,
      35, 51, 49, -1,
      31, 32, 39, -1,
      39, 32, 95, -1,
      39, 95, 47, -1,
      47, 95, 96, -1,
      47, 96, 33, -1,
      80, 90, 17, -1,
      25, 81, 97, -1,
      97, 81, 80, -1,
      97, 80, 98, -1,
      98, 80, 17, -1,
      80, 78, 90, -1,
      90, 78, 76, -1,
      90, 76, 93, -1,
      93, 76, 74, -1,
      93, 74, 94, -1,
      74, 72, 94, -1,
      94, 72, 71, -1,
      94, 71, 84, -1,
      84, 71, 69, -1,
      84, 69, 85, -1,
      69, 67, 85, -1,
      85, 67, 66, -1,
      85, 66, 86, -1,
      86, 66, 64, -1,
      86, 64, 87, -1,
      64, 62, 87, -1,
      87, 62, 61, -1,
      87, 61, 88, -1,
      88, 61, 55, -1,
      88, 55, 89, -1,
      55, 60, 89, -1,
      89, 60, 59, -1,
      89, 59, 91, -1,
      91, 59, 57, -1,
      91, 57, 92, -1,
      57, 56, 92, -1,
      92, 56, 45, -1,
      92, 45, 83, -1,
      83, 45, 43, -1,
      83, 43, 82, -1,
      82, 43, 52, -1,
      82, 52, 51, -1,
      99, 81, 24, -1,
      24, 81, 25, -1,
      22, 99, 24, -1,
      100, 79, 23, -1,
      23, 79, 81, -1,
      23, 81, 22, -1,
      22, 81, 99, -1,
      100, 23, 16, -1,
      100, 16, 79, -1,
      79, 16, 19, -1,
      101, 102, 73, -1,
      103, 104, 68, -1,
      105, 106, 63, -1,
      107, 108, 54, -1,
      109, 110, 46, -1,
      111, 112, 42, -1,
      42, 112, 50, -1,
      40, 48, 113, -1,
      113, 114, 40, -1,
      40, 114, 29, -1,
      40, 29, 26, -1,
      112, 28, 50, -1,
      50, 28, 27, -1,
      50, 27, 48, -1,
      48, 27, 30, -1,
      48, 30, 113, -1,
      77, 79, 19, -1,
      21, 115, 116, -1,
      116, 115, 77, -1,
      116, 77, 117, -1,
      117, 77, 19, -1,
      111, 42, 110, -1,
      110, 42, 44, -1,
      110, 44, 46, -1,
      109, 46, 108, -1,
      108, 46, 58, -1,
      108, 58, 54, -1,
      107, 54, 106, -1,
      106, 54, 53, -1,
      106, 53, 63, -1,
      105, 63, 104, -1,
      104, 63, 65, -1,
      104, 65, 68, -1,
      103, 68, 102, -1,
      102, 68, 70, -1,
      102, 70, 73, -1,
      101, 73, 115, -1,
      115, 73, 75, -1,
      115, 75, 77, -1,
      28, 112, 20, -1,
      20, 112, 111, -1,
      20, 111, 110, -1,
      107, 106, 20, -1,
      20, 106, 105, -1,
      110, 109, 20, -1,
      20, 109, 108, -1,
      20, 108, 107, -1,
      105, 104, 20, -1,
      20, 104, 103, -1,
      20, 103, 102, -1,
      102, 101, 20, -1,
      20, 101, 115, -1,
      20, 115, 21, -1,
      118, 119, 2, -1,
      2, 119, 120, -1,
      2, 120, 15, -1,
      121, 122, 123, -1,
      3, 124, 2, -1,
      2, 124, 125, -1,
      2, 125, 118, -1,
      118, 125, 126, -1,
      118, 126, 127, -1,
      127, 126, 123, -1,
      126, 128, 123, -1,
      123, 128, 129, -1,
      123, 129, 121, -1,
      121, 129, 130, -1,
      127, 123, 131, -1,
      122, 121, 132, -1,
      1, 0, 133, -1,
      134, 15, 120, -1,
      37, 14, 135, -1,
      135, 14, 136, -1,
      4, 5, 137, -1,
      137, 5, 138, -1,
      137, 138, 133, -1,
      133, 138, 139, -1,
      133, 139, 1, -1,
      137, 140, 4, -1,
      4, 140, 141, -1,
      4, 141, 3, -1,
      3, 141, 124, -1,
      124, 141, 142, -1,
      124, 142, 125, -1,
      125, 142, 143, -1,
      125, 143, 126, -1,
      143, 144, 126, -1,
      126, 144, 145, -1,
      126, 145, 128, -1,
      128, 145, 146, -1,
      128, 146, 129, -1,
      132, 121, 147, -1,
      146, 148, 129, -1,
      129, 148, 149, -1,
      129, 149, 130, -1,
      130, 149, 150, -1,
      130, 150, 121, -1,
      121, 150, 151, -1,
      121, 151, 147, -1,
      131, 123, 152, -1,
      122, 132, 123, -1,
      123, 132, 153, -1,
      123, 153, 152, -1,
      154, 155, 118, -1,
      127, 131, 118, -1,
      118, 131, 156, -1,
      118, 156, 154, -1,
      157, 120, 155, -1,
      155, 120, 119, -1,
      155, 119, 118, -1,
      136, 134, 135, -1,
      135, 134, 120, -1,
      135, 120, 158, -1,
      158, 120, 157, -1,
      159, 7, 160, -1,
      159, 160, 161, -1,
      36, 37, 162, -1,
      162, 37, 135, -1,
      162, 135, 163, -1,
      164, 154, 165, -1,
      165, 154, 156, -1,
      165, 156, 166, -1,
      135, 158, 163, -1,
      163, 158, 157, -1,
      163, 157, 164, -1,
      164, 157, 155, -1,
      164, 155, 154, -1,
      167, 168, 147, -1,
      156, 131, 166, -1,
      166, 131, 152, -1,
      166, 152, 169, -1,
      169, 152, 153, -1,
      169, 153, 168, -1,
      168, 153, 132, -1,
      168, 132, 147, -1,
      147, 151, 167, -1,
      167, 151, 150, -1,
      167, 150, 170, -1,
      170, 150, 149, -1,
      170, 149, 171, -1,
      149, 148, 171, -1,
      171, 148, 146, -1,
      171, 146, 172, -1,
      172, 146, 145, -1,
      172, 145, 173, -1,
      145, 144, 173, -1,
      173, 144, 143, -1,
      173, 143, 174, -1,
      174, 143, 142, -1,
      174, 142, 175, -1,
      175, 142, 141, -1,
      175, 141, 176, -1,
      0, 161, 133, -1,
      133, 161, 160, -1,
      133, 160, 137, -1,
      137, 160, 176, -1,
      137, 176, 140, -1,
      140, 176, 141, -1,
      10, 8, 177, -1,
      12, 36, 178, -1,
      178, 36, 162, -1,
      178, 162, 179, -1,
      180, 176, 181, -1,
      181, 176, 160, -1,
      181, 160, 6, -1,
      6, 160, 7, -1,
      180, 11, 176, -1,
      176, 11, 10, -1,
      176, 10, 175, -1,
      175, 10, 177, -1,
      175, 177, 174, -1,
      174, 177, 182, -1,
      174, 182, 173, -1,
      173, 182, 183, -1,
      173, 183, 172, -1,
      172, 183, 184, -1,
      172, 184, 171, -1,
      171, 184, 185, -1,
      171, 185, 170, -1,
      170, 185, 186, -1,
      170, 186, 167, -1,
      167, 186, 187, -1,
      167, 187, 168, -1,
      168, 187, 188, -1,
      168, 188, 169, -1,
      169, 188, 189, -1,
      169, 189, 166, -1,
      166, 189, 190, -1,
      166, 190, 165, -1,
      165, 190, 191, -1,
      165, 191, 164, -1,
      164, 191, 192, -1,
      164, 192, 163, -1,
      163, 192, 193, -1,
      163, 193, 162, -1,
      162, 193, 13, -1,
      162, 13, 179, -1,
      183, 182, 9, -1,
      9, 182, 177, -1,
      9, 177, 8, -1,
      9, 13, 193, -1,
      184, 183, 189, -1,
      193, 192, 9, -1,
      9, 192, 191, -1,
      9, 191, 183, -1,
      183, 191, 190, -1,
      183, 190, 189, -1,
      189, 188, 187, -1,
      184, 189, 185, -1,
      185, 189, 187, -1,
      185, 187, 186, -1,
    ]
  }
}

Shape {
  appearance Appearance {
    material Material {
      diffuseColor 0.2510 0.2510 0.2510
      specularColor 0.1255 0.1255 0.1255
      ambientIntensity 0.2
      transparency 0.0000
      shininess 0.5
    }
  }
  geometry IndexedFaceSet {
    ccw TRUE
    solid FALSE
    coord DEF co Coordinate {
      point [
        1.553149 0.462598 -0.187008,
        1.553149 0.502026 -0.187008,
        1.558424 0.462598 -0.186313,
        1.558437 0.504217 -0.186408,
        1.559263 0.462598 -0.186203,
        1.563456 0.506296 -0.184641,
        1.563394 0.462598 -0.184492,
        1.564961 0.462598 -0.183843,
        1.567952 0.508158 -0.181794,
        1.567833 0.462598 -0.181639,
        1.569853 0.462598 -0.180089,
        1.571697 0.509709 -0.178014,
        1.571538 0.462598 -0.177893,
        1.573607 0.462598 -0.175197,
        1.574501 0.510870 -0.173491,
        1.574341 0.462598 -0.173425,
        1.575967 0.462598 -0.169500,
        1.576221 0.511583 -0.168456,
        1.576106 0.462598 -0.168441,
        1.576772 0.462598 -0.163386,
        1.576772 0.511811 -0.163386,
      ]
    }
    coordIndex [
      1, 0, 2, -1,
      1, 2, 3, -1,
      3, 2, 4, -1,
      3, 4, 5, -1,
      4, 6, 5, -1,
      5, 6, 7, -1,
      5, 7, 8, -1,
      7, 9, 8, -1,
      8, 9, 10, -1,
      8, 10, 11, -1,
      10, 12, 11, -1,
      11, 12, 13, -1,
      11, 13, 14, -1,
      13, 15, 14, -1,
      14, 15, 16, -1,
      14, 16, 17, -1,
      16, 18, 17, -1,
      17, 18, 19, -1,
      17, 19, 20, -1,
    ]
  }
}

Shape {
  appearance Appearance {
    material Material {
      diffuseColor 1.0000 1.0000 0.5020
      specularColor 0.8784 0.8784 0.4431
      ambientIntensity 0.2
      transparency 0.0000
      shininess 0.5
    }
  }
  geometry IndexedFaceSet {
    ccw TRUE
    solid FALSE
    coord DEF co Coordinate {
      point [
        1.639764 0.690945 -0.230315,
        1.639764 0.690945 -0.212599,
        1.431103 0.690945 -0.230315,
        1.431103 0.690945 -0.212599,
        1.431103 0.650520 -0.230315,
        1.639764 0.650520 -0.230315,
        1.431103 0.694882 -0.212599,
        1.431103 0.694882 -0.236221,
        1.431103 0.671260 -0.236221,
        1.431103 0.663978 -0.235541,
        1.431103 0.656946 -0.233526,
        1.639764 0.694882 -0.212599,
        1.639764 0.694882 -0.236221,
        1.639764 0.656946 -0.233526,
        1.639764 0.663977 -0.235541,
        1.639764 0.671260 -0.236221,
      ]
    }
    coordIndex [
      3, 6, 2, -1,
      2, 6, 7, -1,
      2, 7, 8, -1,
      8, 9, 2, -1,
      2, 9, 10, -1,
      2, 10, 4, -1,
      11, 1, 12, -1,
      12, 1, 0, -1,
      0, 5, 13, -1,
      13, 14, 0, -1,
      0, 14, 15, -1,
      0, 15, 12, -1,
      11, 12, 6, -1,
      6, 12, 7, -1,
    ]
  }
}

Shape {
  appearance Appearance {
    material Material {
      diffuseColor 0.2510 0.2510 0.2510
      specularColor 0.1255 0.1255 0.1255
      ambientIntensity 0.2
      transparency 0.0000
      shininess 0.5
    }
  }
  geometry IndexedFaceSet {
    ccw TRUE
    solid FALSE
    coord DEF co Coordinate {
      point [
        1.718504 0.690945 -0.059055,
        1.718504 0.690945 -0.230315,
        1.757874 0.651575 -0.230315,
        1.727265 0.689958 -0.230315,
        1.756887 0.660335 -0.230315,
        1.735586 0.687046 -0.230315,
        1.743051 0.682356 -0.230315,
        1.749285 0.676122 -0.230315,
        1.753975 0.668657 -0.230315,
        1.757874 0.651575 -0.059055,
        1.756887 0.660335 -0.059055,
        1.753975 0.668657 -0.059055,
        1.749285 0.676122 -0.059055,
        1.743051 0.682356 -0.059055,
        1.735586 0.687046 -0.059055,
        1.727265 0.689958 -0.059055,
      ]
    }
    coordIndex [
      9, 2, 4, -1,
      9, 4, 10, -1,
      10, 4, 8, -1,
      10, 8, 11, -1,
      11, 8, 7, -1,
      11, 7, 12, -1,
      12, 7, 6, -1,
      12, 6, 13, -1,
      13, 6, 5, -1,
      13, 5, 14, -1,
      14, 5, 3, -1,
      14, 3, 15, -1,
      15, 3, 1, -1,
      15, 1, 0, -1,
    ]
  }
}

Shape {
  appearance Appearance {
    material Material {
      diffuseColor 1.0000 1.0000 0.5020
      specularColor 0.8784 0.8784 0.4431
      ambientIntensity 0.2
      transparency 0.0000
      shininess 0.5
    }
  }
  geometry IndexedFaceSet {
    ccw TRUE
    solid FALSE
    coord DEF co Coordinate {
      point [
        1.273622 0.690945 -0.212598,
        1.226378 0.690945 -0.212598,
        1.273622 0.642647 -0.230315,
        1.226378 0.642647 -0.230315,
        1.273622 0.649072 -0.233526,
        1.226378 0.649072 -0.233526,
        1.226378 0.656104 -0.235541,
        1.273622 0.656104 -0.235541,
        1.226378 0.663386 -0.236220,
        1.273622 0.663386 -0.236220,
        1.273622 0.694882 -0.212598,
        1.226378 0.694882 -0.212598,
      ]
    }
    coordIndex [
      4, 2, 3, -1,
      3, 5, 4, -1,
      4, 5, 6, -1,
      4, 6, 7, -1,
      7, 6, 8, -1,
      7, 8, 9, -1,
      10, 11, 0, -1,
      0, 11, 1, -1,
    ]
  }
}

Shape {
  appearance Appearance {
    material Material {
      diffuseColor 0.2510 0.2510 0.2510
      specularColor 0.1255 0.1255 0.1255
      ambientIntensity 0.2
      transparency 0.0000
      shininess 0.5
    }
  }
  geometry IndexedFaceSet {
    ccw TRUE
    solid FALSE
    coord DEF co Coordinate {
      point [
        1.368406 0.381231 -0.041339,
        1.369297 0.378707 -0.041339,
        1.374871 0.373191 -0.041339,
        1.368110 0.383859 -0.041339,
        1.368411 0.381216 -0.041339,
        1.372611 0.374591 -0.041339,
        1.370720 0.376461 -0.041339,
        1.379921 0.372048 -0.041339,
        1.377387 0.372333 -0.041339,
        1.553149 0.502026 -0.187008,
        1.547302 0.507874 -0.187008,
        1.558437 0.504217 -0.186408,
        1.563456 0.506296 -0.184641,
        1.567952 0.508158 -0.181794,
        1.571697 0.509709 -0.178014,
        1.574501 0.510870 -0.173491,
        1.576221 0.511583 -0.168456,
        1.576772 0.511811 -0.163386,
        1.379921 0.372048 -0.044552,
        1.377391 0.372361 -0.043884,
        1.377035 0.372406 -0.043790,
        1.368110 0.383859 -0.043284,
        1.368244 0.382088 -0.043072,
        1.368481 0.381235 -0.043013,
        1.369011 0.379336 -0.042883,
        1.369280 0.378734 -0.041339,
        1.369348 0.378736 -0.042878,
        1.370392 0.376881 -0.042863,
        1.370687 0.376494 -0.041339,
        1.370749 0.376486 -0.042888,
        1.372025 0.375075 -0.042977,
        1.372557 0.374624 -0.041339,
        1.372646 0.374641 -0.043058,
        1.374395 0.373420 -0.043286,
        1.374796 0.373217 -0.041339,
        1.374887 0.373231 -0.043380,
        1.377293 0.372344 -0.041339,
        1.557087 0.531496 -0.163386,
        1.556858 0.530946 -0.168456,
        1.556715 0.530600 -0.169469,
        1.556146 0.529225 -0.173491,
        1.555727 0.528213 -0.175124,
        1.554985 0.526422 -0.178014,
        1.554176 0.524471 -0.179983,
        1.553433 0.522677 -0.181794,
        1.552165 0.519615 -0.183732,
        1.551571 0.518181 -0.184641,
        1.549823 0.513961 -0.186127,
        1.549492 0.513161 -0.186408,
      ]
    }
    coordIndex [
      7, 18, 8, -1,
      8, 18, 19, -1,
      8, 19, 20, -1,
      21, 3, 22, -1,
      22, 3, 0, -1,
      22, 0, 23, -1,
      23, 0, 4, -1,
      23, 4, 24, -1,
      24, 4, 25, -1,
      24, 25, 26, -1,
      26, 25, 1, -1,
      26, 1, 27, -1,
      27, 1, 28, -1,
      27, 28, 29, -1,
      29, 28, 6, -1,
      29, 6, 30, -1,
      30, 6, 31, -1,
      30, 31, 32, -1,
      32, 31, 5, -1,
      32, 5, 33, -1,
      33, 5, 34, -1,
      33, 34, 35, -1,
      35, 34, 2, -1,
      35, 2, 20, -1,
      20, 2, 36, -1,
      20, 36, 8, -1,
      17, 37, 38, -1,
      17, 38, 16, -1,
      16, 38, 39, -1,
      16, 39, 15, -1,
      39, 40, 15, -1,
      15, 40, 41, -1,
      15, 41, 14, -1,
      41, 42, 14, -1,
      14, 42, 43, -1,
      14, 43, 13, -1,
      43, 44, 13, -1,
      13, 44, 45, -1,
      13, 45, 12, -1,
      45, 46, 12, -1,
      12, 46, 47, -1,
      12, 47, 11, -1,
      47, 48, 11, -1,
      11, 48, 10, -1,
      11, 10, 9, -1,
    ]
  }
}

Shape {
  appearance Appearance {
    material Material {
      diffuseColor 1.0000 1.0000 0.5020
      specularColor 0.8784 0.8784 0.4431
      ambientIntensity 0.2
      transparency 0.0000
      shininess 0.5
    }
  }
  geometry IndexedFaceSet {
    ccw TRUE
    solid FALSE
    coord DEF co Coordinate {
      point [
        1.436940 0.269685 -0.173612,
        1.437007 0.269676 -0.173994,
        1.437008 0.320866 -0.173994,
        1.419354 0.372048 -0.073872,
        1.419354 0.269685 -0.073872,
        1.421884 0.372048 -0.088223,
        1.421883 0.269685 -0.088222,
        1.436940 0.372047 -0.173612,
        1.437007 0.372057 -0.173994,
      ]
    }
    coordIndex [
      0, 1, 2, -1,
      3, 4, 5, -1,
      5, 4, 6, -1,
      6, 0, 5, -1,
      5, 0, 2, -1,
      5, 2, 7, -1,
      7, 2, 8, -1,
    ]
  }
}

Shape {
  appearance Appearance {
    material Material {
      diffuseColor 0.2510 0.2510 0.2510
      specularColor 0.1255 0.1255 0.1255
      ambientIntensity 0.2
      transparency 0.0000
      shininess 0.5
    }
  }
  geometry IndexedFaceSet {
    ccw TRUE
    solid FALSE
    coord DEF co Coordinate {
      point [
        1.384446 0.424099 -0.071909,
        1.368110 0.408515 -0.048533,
        1.375236 0.416457 -0.056073,
        1.369506 0.410101 -0.049911,
        1.370920 0.411685 -0.051393,
        1.377455 0.418630 -0.059249,
        1.380174 0.421055 -0.063610,
        1.383030 0.423192 -0.069014,
        1.387942 0.425197 -0.080709,
        1.387673 0.425113 -0.080032,
        1.398720 0.458927 -0.186304,
        1.399441 0.464567 -0.187008,
        1.400378 0.425197 -0.147637,
        1.399070 0.434981 -0.173612,
        1.398120 0.438663 -0.177181,
        1.397875 0.440231 -0.178497,
        1.397699 0.442991 -0.180370,
        1.397685 0.447783 -0.183121,
        1.398364 0.456134 -0.185955,
        1.398057 0.453194 -0.185220,
        1.397684 0.447844 -0.183156,
        1.389902 0.425197 -0.088223,
        1.452517 0.376363 -0.187007,
        1.379921 0.372048 -0.044552,
        1.377391 0.372361 -0.043884,
        1.368110 0.383859 -0.043284,
        1.368481 0.381235 -0.043013,
        1.369348 0.378736 -0.042878,
        1.370749 0.376486 -0.042888,
        1.372646 0.374641 -0.043058,
        1.374887 0.373231 -0.043380,
        1.421884 0.372048 -0.088223,
        1.436940 0.372047 -0.173612,
        1.437007 0.372057 -0.173994,
        1.399500 0.433886 -0.172308,
        1.401033 0.429142 -0.164815,
        1.401339 0.427433 -0.160716,
        1.401331 0.426196 -0.156450,
        1.401009 0.425448 -0.152072,
        1.448863 0.375348 -0.186578,
        1.448932 0.375368 -0.186586,
        1.398204 0.454888 -0.185799,
        1.445414 0.374391 -0.185314,
        1.445409 0.374389 -0.185313,
        1.397681 0.448860 -0.183739,
        1.439758 0.372820 -0.180492,
        1.439843 0.372844 -0.180583,
        1.442297 0.373525 -0.183242,
        1.442347 0.373539 -0.183275,
        1.397704 0.441324 -0.179414,
        1.438032 0.372341 -0.177385,
        1.437940 0.372315 -0.177220,
        1.398332 0.437311 -0.176046,
        1.384100 0.423991 -0.071036,
        1.413723 0.372047 -0.069027,
        1.394817 0.372061 -0.051319,
        1.368526 0.409004 -0.048883,
        1.368110 0.395676 -0.045800,
        1.382408 0.372050 -0.045596,
        1.392837 0.372063 -0.049973,
        1.405409 0.372052 -0.059287,
        1.403274 0.372054 -0.057070,
        1.374824 0.416054 -0.055483,
        1.411976 0.372046 -0.066106,
        1.379152 0.420293 -0.061678,
        1.418376 0.372052 -0.076806,
        1.419380 0.372051 -0.080074,
        1.372942 0.376802 -0.043424,
        1.368241 0.382087 -0.043072,
        1.372025 0.375075 -0.042977,
        1.374396 0.373423 -0.043285,
        1.369012 0.379337 -0.042883,
        1.370393 0.376881 -0.042863,
        1.377035 0.372405 -0.043790,
      ]
    }
    coordIndex [
      32, 13, 34, -1,
      34, 35, 32, -1,
      32, 35, 36, -1,
      32, 36, 37, -1,
      21, 31, 12, -1,
      12, 31, 32, -1,
      12, 32, 38, -1,
      38, 32, 37, -1,
      39, 40, 10, -1,
      10, 40, 22, -1,
      10, 22, 11, -1,
      10, 18, 39, -1,
      39, 18, 41, -1,
      39, 41, 42, -1,
      42, 41, 19, -1,
      42, 19, 43, -1,
      43, 19, 44, -1,
      17, 16, 45, -1,
      17, 45, 20, -1,
      45, 46, 20, -1,
      20, 46, 47, -1,
      20, 47, 44, -1,
      44, 47, 48, -1,
      44, 48, 43, -1,
      16, 49, 45, -1,
      45, 49, 15, -1,
      45, 15, 50, -1,
      50, 15, 51, -1,
      52, 13, 32, -1,
      15, 14, 51, -1,
      51, 14, 52, -1,
      51, 52, 33, -1,
      33, 52, 32, -1,
      53, 7, 54, -1,
      55, 3, 56, -1,
      57, 58, 59, -1,
      55, 56, 59, -1,
      59, 56, 1, -1,
      59, 1, 57, -1,
      60, 2, 61, -1,
      61, 2, 62, -1,
      61, 62, 55, -1,
      55, 62, 4, -1,
      55, 4, 3, -1,
      54, 7, 63, -1,
      7, 6, 63, -1,
      63, 6, 64, -1,
      63, 64, 60, -1,
      60, 64, 5, -1,
      60, 5, 2, -1,
      53, 54, 0, -1,
      0, 54, 65, -1,
      0, 65, 9, -1,
      9, 65, 66, -1,
      9, 66, 8, -1,
      8, 66, 31, -1,
      8, 31, 21, -1,
      57, 25, 67, -1,
      67, 25, 68, -1,
      69, 29, 67, -1,
      67, 29, 70, -1,
      67, 70, 30, -1,
      68, 26, 67, -1,
      67, 26, 71, -1,
      67, 71, 27, -1,
      27, 72, 67, -1,
      67, 72, 28, -1,
      67, 28, 69, -1,
      30, 73, 67, -1,
      67, 73, 24, -1,
      67, 24, 57, -1,
      57, 24, 23, -1,
      57, 23, 58, -1,
    ]
  }
}

Shape {
  appearance Appearance {
    material Material {
      diffuseColor 1.0000 1.0000 0.5020
      specularColor 0.8784 0.8784 0.4431
      ambientIntensity 0.2
      transparency 0.0000
      shininess 0.5
    }
  }
  geometry IndexedFaceSet {
    ccw TRUE
    solid FALSE
    coord DEF co Coordinate {
      point [
        1.271924 0.424060 -0.071925,
        1.263780 0.420963 -0.062946,
        1.264330 0.421230 -0.063541,
        1.236220 0.420963 -0.062946,
        1.235667 0.421204 -0.063550,
        1.228078 0.424176 -0.071902,
        1.224409 0.425198 -0.080709,
        1.224409 0.424924 -0.076075,
        1.226917 0.424453 -0.073216,
        1.275591 0.425197 -0.080709,
        1.275591 0.424924 -0.076075,
        1.273013 0.424317 -0.073158,
        1.224409 0.425197 -0.116628,
        1.224409 0.425197 -0.123734,
        1.231496 0.425197 -0.123733,
        1.275591 0.425197 -0.116628,
        1.224409 0.425197 -0.128279,
        1.268503 0.425197 -0.123733,
        1.275591 0.425197 -0.123733,
        1.275591 0.425197 -0.128279,
        1.273622 0.690945 -0.230315,
        1.273622 0.690945 -0.212598,
        1.273622 0.642647 -0.230315,
        1.757874 0.486220 -0.230315,
        1.717450 0.486220 -0.230315,
        1.273622 0.649072 -0.233526,
        1.273622 0.656104 -0.235541,
        1.226378 0.663386 -0.236220,
        1.273622 0.663386 -0.236220,
        1.273622 0.694882 -0.212598,
        1.273622 0.694882 -0.236220,
        1.226378 0.694882 -0.236220,
        1.224409 0.433975 -0.103760,
        1.224409 0.431311 -0.109758,
        1.224409 0.427209 -0.114881,
        1.224409 0.428360 -0.079216,
        1.224409 0.432123 -0.084593,
        1.224409 0.434395 -0.090750,
        1.224409 0.435026 -0.097282,
        1.227912 0.425197 -0.120221,
        1.236220 0.427166 -0.127143,
        1.236220 0.434040 -0.121967,
        1.229624 0.425197 -0.121916,
        1.230343 0.423526 -0.069360,
        1.236220 0.428701 -0.066710,
        1.236220 0.428653 -0.066687,
        1.236220 0.435552 -0.072515,
        1.227496 0.424344 -0.072554,
        1.236220 0.435633 -0.072585,
        1.236220 0.440752 -0.079898,
        1.236220 0.440844 -0.080030,
        1.236220 0.443915 -0.088354,
        1.236220 0.443990 -0.088555,
        1.236220 0.444838 -0.097333,
        1.236220 0.444864 -0.097600,
        1.236220 0.443460 -0.106252,
        1.236220 0.443408 -0.106569,
        1.236220 0.439872 -0.114531,
        1.236220 0.434308 -0.121632,
        1.236220 0.439720 -0.114874,
        1.224409 0.427166 -0.127143,
        1.263780 0.427166 -0.127143,
        1.275591 0.427166 -0.127143,
        1.250000 0.420963 -0.062946,
        1.263780 0.428653 -0.066687,
        1.243386 0.420963 -0.062946,
        1.263780 0.434040 -0.121967,
        1.263780 0.434308 -0.121632,
        1.263780 0.439720 -0.114874,
        1.263780 0.439872 -0.114531,
        1.263780 0.443408 -0.106569,
        1.263780 0.443460 -0.106252,
        1.263780 0.444864 -0.097600,
        1.263780 0.444838 -0.097333,
        1.263780 0.443990 -0.088555,
        1.263780 0.443915 -0.088354,
        1.263780 0.440844 -0.080030,
        1.263780 0.440752 -0.079898,
        1.263780 0.435633 -0.072585,
        1.263780 0.435552 -0.072515,
        1.263780 0.428701 -0.066710,
        1.275591 0.428231 -0.079347,
        1.272088 0.425197 -0.120222,
        1.273781 0.425197 -0.118509,
        1.269657 0.423526 -0.069360,
        1.266824 0.422441 -0.066235,
        1.275591 0.429664 -0.080765,
        1.275591 0.431960 -0.084688,
        1.275591 0.433032 -0.086521,
        1.275591 0.434208 -0.090801,
        1.275591 0.434798 -0.092951,
        1.275591 0.434828 -0.097283,
        1.275591 0.434843 -0.099620,
        1.275591 0.433779 -0.103709,
        1.275591 0.433164 -0.106073,
        1.275591 0.431132 -0.109656,
        1.275591 0.429874 -0.111874,
        1.275591 0.427060 -0.114734,
        1.761811 0.155512 -0.236220,
        1.738189 0.155512 -0.236220,
        1.761811 0.486220 -0.236220,
        1.738189 0.486220 -0.236220,
        1.761811 0.155512 -0.212598,
        1.761811 0.320866 -0.212598,
        1.761811 0.486220 -0.212598,
        1.757874 0.486220 -0.212598,
        1.730949 0.486220 -0.235549,
        1.723957 0.486220 -0.233558,
      ]
    }
    coordIndex [
      29, 21, 30, -1,
      30, 21, 20, -1,
      20, 22, 25, -1,
      25, 26, 20, -1,
      20, 26, 28, -1,
      20, 28, 30, -1,
      28, 27, 30, -1,
      30, 27, 31, -1,
      32, 33, 6, -1,
      6, 33, 34, -1,
      6, 34, 12, -1,
      7, 35, 6, -1,
      6, 35, 36, -1,
      36, 37, 6, -1,
      6, 37, 38, -1,
      6, 38, 32, -1,
      39, 12, 34, -1,
      40, 14, 41, -1,
      41, 14, 42, -1,
      5, 43, 44, -1,
      44, 43, 45, -1,
      45, 43, 4, -1,
      45, 4, 3, -1,
      35, 7, 46, -1,
      46, 7, 8, -1,
      46, 8, 44, -1,
      44, 8, 47, -1,
      44, 47, 5, -1,
      46, 48, 35, -1,
      35, 48, 49, -1,
      35, 49, 36, -1,
      49, 50, 36, -1,
      36, 50, 51, -1,
      36, 51, 37, -1,
      51, 52, 37, -1,
      37, 52, 53, -1,
      37, 53, 38, -1,
      53, 54, 38, -1,
      38, 54, 55, -1,
      38, 55, 32, -1,
      55, 56, 32, -1,
      32, 56, 57, -1,
      32, 57, 33, -1,
      42, 39, 41, -1,
      41, 39, 34, -1,
      41, 34, 58, -1,
      58, 34, 33, -1,
      58, 33, 59, -1,
      59, 33, 57, -1,
      13, 14, 60, -1,
      60, 14, 40, -1,
      60, 40, 16, -1,
      16, 40, 61, -1,
      16, 61, 19, -1,
      19, 61, 62, -1,
      63, 1, 64, -1,
      63, 64, 65, -1,
      61, 40, 66, -1,
      66, 40, 41, -1,
      66, 41, 67, -1,
      67, 41, 58, -1,
      67, 58, 68, -1,
      68, 58, 59, -1,
      68, 59, 69, -1,
      69, 59, 57, -1,
      69, 57, 70, -1,
      70, 57, 56, -1,
      70, 56, 71, -1,
      71, 56, 55, -1,
      71, 55, 72, -1,
      72, 55, 54, -1,
      72, 54, 73, -1,
      73, 54, 53, -1,
      73, 53, 74, -1,
      74, 53, 52, -1,
      74, 52, 75, -1,
      75, 52, 51, -1,
      75, 51, 76, -1,
      76, 51, 50, -1,
      76, 50, 77, -1,
      77, 50, 49, -1,
      77, 49, 78, -1,
      78, 49, 48, -1,
      78, 48, 79, -1,
      79, 48, 46, -1,
      79, 46, 80, -1,
      80, 46, 44, -1,
      80, 44, 64, -1,
      64, 44, 45, -1,
      64, 45, 65, -1,
      65, 45, 3, -1,
      11, 10, 81, -1,
      17, 61, 82, -1,
      82, 61, 66, -1,
      82, 66, 83, -1,
      84, 80, 85, -1,
      85, 80, 64, -1,
      85, 64, 2, -1,
      2, 64, 1, -1,
      84, 0, 80, -1,
      80, 0, 11, -1,
      80, 11, 79, -1,
      79, 11, 81, -1,
      79, 81, 78, -1,
      78, 81, 86, -1,
      78, 86, 77, -1,
      77, 86, 87, -1,
      77, 87, 76, -1,
      76, 87, 88, -1,
      76, 88, 75, -1,
      75, 88, 89, -1,
      75, 89, 74, -1,
      74, 89, 90, -1,
      74, 90, 73, -1,
      73, 90, 91, -1,
      73, 91, 72, -1,
      72, 91, 92, -1,
      72, 92, 71, -1,
      71, 92, 93, -1,
      71, 93, 70, -1,
      70, 93, 94, -1,
      70, 94, 69, -1,
      69, 94, 95, -1,
      69, 95, 68, -1,
      68, 95, 96, -1,
      68, 96, 67, -1,
      67, 96, 97, -1,
      67, 97, 66, -1,
      66, 97, 15, -1,
      66, 15, 83, -1,
      10, 9, 81, -1,
      81, 9, 86, -1,
      94, 93, 9, -1,
      9, 93, 92, -1,
      92, 91, 9, -1,
      9, 91, 90, -1,
      9, 90, 89, -1,
      9, 15, 97, -1,
      89, 88, 9, -1,
      9, 88, 87, -1,
      9, 87, 86, -1,
      97, 96, 9, -1,
      9, 96, 95, -1,
      9, 95, 94, -1,
      62, 61, 18, -1,
      18, 61, 17, -1,
      19, 62, 18, -1,
      13, 60, 16, -1,
      98, 99, 100, -1,
      100, 99, 101, -1,
      102, 98, 103, -1,
      103, 98, 100, -1,
      103, 100, 104, -1,
      105, 104, 23, -1,
      23, 104, 100, -1,
      23, 100, 101, -1,
      101, 106, 23, -1,
      23, 106, 107, -1,
      23, 107, 24, -1,
    ]
  }
}

Shape {
  appearance Appearance {
    material Material {
      diffuseColor 0.2510 0.2510 0.2510
      specularColor 0.1255 0.1255 0.1255
      ambientIntensity 0.2
      transparency 0.0000
      shininess 0.5
    }
  }
  geometry IndexedFaceSet {
    ccw TRUE
    solid FALSE
    coord DEF co Coordinate {
      point [
        1.757874 0.155512 -0.230315,
        1.757874 -0.009843 -0.230315,
        1.757874 0.651575 -0.230315,
        1.757874 0.486220 -0.230315,
        1.757874 0.651575 -0.059055,
        1.757874 0.486220 -0.212598,
        1.757874 -0.009842 -0.059055,
        1.757874 0.155512 -0.212598,
        1.757874 0.320866 -0.212598,
      ]
    }
    coordIndex [
      3, 2, 5, -1,
      5, 2, 4, -1,
      1, 0, 6, -1,
      6, 0, 7, -1,
      6, 7, 4, -1,
      4, 7, 8, -1,
      4, 8, 5, -1,
    ]
  }
}

Shape {
  appearance Appearance {
    material Material {
      diffuseColor 1.0000 1.0000 0.5020
      specularColor 0.8784 0.8784 0.4431
      ambientIntensity 0.2
      transparency 0.0000
      shininess 0.5
    }
  }
  geometry IndexedFaceSet {
    ccw TRUE
    solid FALSE
    coord DEF co Coordinate {
      point [
        1.380581 0.372048 -0.041339,
        1.379921 0.372048 -0.041339,
        1.379921 0.372048 -0.044552,
        1.419354 0.372048 -0.073872,
        1.421884 0.372048 -0.088223,
        1.413723 0.372047 -0.069027,
        1.394817 0.372061 -0.051319,
        1.382408 0.372050 -0.045596,
        1.392837 0.372063 -0.049973,
        1.405409 0.372052 -0.059287,
        1.403274 0.372054 -0.057070,
        1.411976 0.372046 -0.066106,
        1.418376 0.372052 -0.076806,
        1.419380 0.372051 -0.080074,
        1.416732 0.372048 -0.065115,
        1.412161 0.372048 -0.057198,
        1.405888 0.372048 -0.050549,
        1.398251 0.372048 -0.045526,
        1.389661 0.372048 -0.042400,
      ]
    }
    coordIndex [
      4, 13, 3, -1,
      3, 13, 12, -1,
      3, 12, 14, -1,
      12, 5, 14, -1,
      14, 5, 11, -1,
      14, 11, 15, -1,
      15, 11, 9, -1,
      15, 9, 16, -1,
      9, 10, 16, -1,
      16, 10, 6, -1,
      16, 6, 17, -1,
      17, 6, 8, -1,
      17, 8, 18, -1,
      18, 8, 7, -1,
      18, 7, 0, -1,
      0, 7, 2, -1,
      0, 2, 1, -1,
    ]
  }
}

Shape {
  appearance Appearance {
    material Material {
      diffuseColor 0.2510 0.2510 0.2510
      specularColor 0.1255 0.1255 0.1255
      ambientIntensity 0.2
      transparency 0.0000
      shininess 0.5
    }
  }
  geometry IndexedFaceSet {
    ccw TRUE
    solid FALSE
    coord DEF co Coordinate {
      point [
        1.314961 0.690945 -0.086614,
        1.314961 0.690945 -0.059055,
        1.314961 0.604331 -0.043307,
        1.314961 0.613968 -0.044393,
        1.314961 0.623121 -0.047596,
        1.314961 0.631333 -0.052755,
        1.314961 0.638190 -0.059613,
        1.314961 0.643350 -0.067824,
        1.314961 0.646552 -0.076978,
        1.314961 0.647638 -0.086614,
        1.314961 0.590552 -0.043307,
        1.314960 0.547244 -0.086614,
        1.314961 0.556693 -0.059613,
        1.314961 0.551533 -0.067824,
        1.314961 0.548330 -0.076978,
        1.314961 0.580915 -0.044393,
        1.314961 0.571761 -0.047596,
        1.314961 0.563550 -0.052755,
        1.314961 0.547244 -0.074803,
        1.314961 0.639764 -0.059055,
        1.314961 0.639206 -0.053954,
        1.314961 0.637466 -0.048892,
        1.314961 0.630845 -0.040567,
        1.314961 0.634630 -0.044352,
        1.314961 0.547807 -0.068169,
        1.314961 0.550628 -0.058835,
        1.314961 0.555656 -0.050480,
        1.314961 0.562584 -0.043617,
        1.314961 0.570986 -0.038668,
        1.314961 0.580346 -0.035935,
        1.314961 0.586614 -0.035433,
        1.314961 0.616142 -0.035433,
        1.314961 0.621243 -0.035990,
        1.314961 0.626305 -0.037731,
      ]
    }
    coordIndex [
      14, 11, 18, -1,
      1, 0, 9, -1,
      9, 8, 1, -1,
      1, 8, 7, -1,
      1, 7, 19, -1,
      19, 7, 6, -1,
      19, 6, 20, -1,
      20, 6, 5, -1,
      20, 5, 21, -1,
      4, 22, 5, -1,
      5, 22, 23, -1,
      5, 23, 21, -1,
      14, 18, 13, -1,
      13, 18, 24, -1,
      13, 24, 12, -1,
      12, 24, 25, -1,
      12, 25, 17, -1,
      25, 26, 17, -1,
      17, 26, 27, -1,
      17, 27, 16, -1,
      16, 27, 28, -1,
      16, 28, 15, -1,
      15, 28, 29, -1,
      15, 29, 10, -1,
      10, 29, 30, -1,
      10, 30, 2, -1,
      2, 30, 31, -1,
      2, 31, 3, -1,
      3, 31, 32, -1,
      3, 32, 4, -1,
      4, 32, 33, -1,
      4, 33, 22, -1,
    ]
  }
}

Shape {
  appearance Appearance {
    material Material {
      diffuseColor 1.0000 1.0000 0.5020
      specularColor 0.8784 0.8784 0.4431
      ambientIntensity 0.2
      transparency 0.0000
      shininess 0.5
    }
  }
  geometry IndexedFaceSet {
    ccw TRUE
    solid FALSE
    coord DEF co Coordinate {
      point [
        1.431103 0.694882 -0.236221,
        1.431103 0.671260 -0.236221,
        1.639764 0.694882 -0.236221,
        1.639764 0.671260 -0.236221,
        1.462598 0.531496 -0.123733,
        1.466535 0.529528 -0.127143,
        1.461034 0.531496 -0.121910,
        1.466535 0.522920 -0.122222,
        1.459605 0.531496 -0.120214,
        1.456693 0.531496 -0.116628,
        1.456693 0.531496 -0.076285,
        1.456693 0.527075 -0.080706,
        1.456735 0.531496 -0.076232,
        1.466535 0.519391 -0.074576,
        1.466535 0.525475 -0.068500,
        1.466535 0.532520 -0.064228,
        1.465047 0.532215 -0.066031,
        1.466535 0.525519 -0.068473,
        1.464284 0.532058 -0.066955,
        1.462204 0.531753 -0.069488,
        1.457877 0.531496 -0.074803,
        1.457283 0.531496 -0.075543,
        1.456999 0.531496 -0.075898,
        1.456693 0.529677 -0.115065,
        1.466535 0.522658 -0.121905,
        1.456693 0.525671 -0.110222,
        1.466535 0.517374 -0.115517,
        1.466535 0.517219 -0.115192,
        1.456693 0.522967 -0.104549,
        1.466535 0.513630 -0.107662,
        1.466535 0.513569 -0.107360,
        1.456693 0.521727 -0.098389,
        1.466535 0.511912 -0.099132,
        1.466535 0.511924 -0.098875,
        1.456693 0.522025 -0.092111,
        1.466535 0.512326 -0.090440,
        1.466535 0.512385 -0.090244,
        1.456693 0.523845 -0.086096,
        1.466535 0.514845 -0.082112,
        1.466535 0.514924 -0.081980,
        1.466535 0.519318 -0.074648,
        1.456693 0.529528 -0.127143,
        1.456693 0.531496 -0.128279,
        1.488189 0.529528 -0.127143,
        1.507874 0.531496 -0.128279,
        1.507874 0.529528 -0.127143,
        1.477362 0.532520 -0.064228,
        1.482559 0.532520 -0.064228,
        1.488189 0.522920 -0.122222,
        1.488189 0.522658 -0.121905,
        1.488189 0.517374 -0.115517,
        1.488189 0.517219 -0.115192,
        1.488189 0.513630 -0.107662,
        1.488189 0.513569 -0.107360,
        1.488189 0.511912 -0.099132,
        1.488189 0.511924 -0.098875,
        1.488189 0.512326 -0.090440,
        1.488189 0.512385 -0.090244,
        1.488189 0.514845 -0.082112,
        1.488189 0.514924 -0.081980,
        1.488189 0.519318 -0.074648,
        1.488189 0.519391 -0.074576,
        1.488189 0.525475 -0.068500,
        1.488189 0.525519 -0.068473,
        1.488189 0.532520 -0.064228,
        1.506123 0.531496 -0.075186,
        1.505506 0.531496 -0.074803,
        1.506692 0.531496 -0.075541,
        1.501007 0.531566 -0.072031,
        1.496850 0.531753 -0.069486,
        1.491168 0.532256 -0.066037,
        1.507874 0.527075 -0.080706,
        1.507874 0.531496 -0.076285,
        1.507788 0.531496 -0.076231,
        1.496063 0.531496 -0.123733,
        1.507874 0.531496 -0.116628,
        1.507874 0.529677 -0.115065,
        1.504833 0.531496 -0.118525,
        1.502005 0.531496 -0.120241,
        1.507874 0.523845 -0.086096,
        1.488189 0.514845 -0.082111,
        1.507874 0.522025 -0.092111,
        1.507874 0.521727 -0.098389,
        1.507874 0.522967 -0.104549,
        1.507874 0.525671 -0.110222,
      ]
    }
    coordIndex [
      0, 2, 1, -1,
      1, 2, 3, -1,
      4, 5, 6, -1,
      6, 5, 7, -1,
      6, 7, 8, -1,
      8, 7, 9, -1,
      10, 11, 12, -1,
      12, 11, 13, -1,
      12, 13, 14, -1,
      15, 16, 17, -1,
      17, 16, 18, -1,
      17, 18, 14, -1,
      14, 18, 19, -1,
      14, 19, 20, -1,
      20, 21, 14, -1,
      14, 21, 22, -1,
      14, 22, 12, -1,
      9, 7, 23, -1,
      23, 7, 24, -1,
      23, 24, 25, -1,
      24, 26, 25, -1,
      25, 26, 27, -1,
      25, 27, 28, -1,
      27, 29, 28, -1,
      28, 29, 30, -1,
      28, 30, 31, -1,
      30, 32, 31, -1,
      31, 32, 33, -1,
      31, 33, 34, -1,
      33, 35, 34, -1,
      34, 35, 36, -1,
      34, 36, 37, -1,
      36, 38, 37, -1,
      37, 38, 39, -1,
      37, 39, 11, -1,
      11, 39, 40, -1,
      11, 40, 13, -1,
      37, 11, 23, -1,
      23, 11, 10, -1,
      23, 10, 9, -1,
      28, 31, 34, -1,
      37, 23, 34, -1,
      34, 23, 25, -1,
      34, 25, 28, -1,
      5, 41, 42, -1,
      5, 42, 43, -1,
      43, 42, 44, -1,
      43, 44, 45, -1,
      46, 15, 17, -1,
      46, 17, 47, -1,
      5, 43, 7, -1,
      7, 43, 48, -1,
      7, 48, 24, -1,
      24, 48, 49, -1,
      24, 49, 26, -1,
      26, 49, 50, -1,
      26, 50, 27, -1,
      27, 50, 51, -1,
      27, 51, 29, -1,
      29, 51, 52, -1,
      29, 52, 30, -1,
      30, 52, 53, -1,
      30, 53, 32, -1,
      32, 53, 54, -1,
      32, 54, 33, -1,
      33, 54, 55, -1,
      33, 55, 35, -1,
      35, 55, 56, -1,
      35, 56, 36, -1,
      36, 56, 57, -1,
      36, 57, 38, -1,
      38, 57, 58, -1,
      38, 58, 39, -1,
      39, 58, 59, -1,
      39, 59, 40, -1,
      40, 59, 60, -1,
      40, 60, 13, -1,
      13, 60, 61, -1,
      13, 61, 14, -1,
      14, 61, 62, -1,
      14, 62, 17, -1,
      17, 62, 63, -1,
      17, 63, 47, -1,
      47, 63, 64, -1,
      65, 66, 62, -1,
      65, 62, 67, -1,
      66, 68, 62, -1,
      62, 68, 69, -1,
      62, 69, 63, -1,
      63, 69, 70, -1,
      63, 70, 64, -1,
      71, 72, 73, -1,
      48, 43, 74, -1,
      75, 76, 77, -1,
      77, 76, 48, -1,
      77, 48, 78, -1,
      78, 48, 74, -1,
      67, 62, 73, -1,
      73, 62, 61, -1,
      73, 61, 71, -1,
      71, 61, 60, -1,
      71, 60, 79, -1,
      60, 59, 79, -1,
      79, 59, 80, -1,
      79, 80, 81, -1,
      80, 57, 81, -1,
      81, 57, 56, -1,
      81, 56, 82, -1,
      56, 55, 82, -1,
      82, 55, 54, -1,
      82, 54, 83, -1,
      54, 53, 83, -1,
      83, 53, 52, -1,
      83, 52, 84, -1,
      52, 51, 84, -1,
      84, 51, 50, -1,
      84, 50, 76, -1,
      76, 50, 49, -1,
      76, 49, 48, -1,
    ]
  }
}

Shape {
  appearance Appearance {
    material Material {
      diffuseColor 0.2510 0.2510 0.2510
      specularColor 0.1255 0.1255 0.1255
      ambientIntensity 0.2
      transparency 0.0000
      shininess 0.5
    }
  }
  geometry IndexedFaceSet {
    ccw TRUE
    solid FALSE
    coord DEF co Coordinate {
      point [
        1.488189 0.529528 -0.127143,
        1.507874 0.531496 -0.128279,
        1.507874 0.529528 -0.127143,
        1.496063 0.531496 -0.123733,
        1.507874 0.531496 -0.123733,
      ]
    }
    coordIndex [
      3, 0, 4, -1,
      4, 0, 2, -1,
      2, 1, 4, -1,
    ]
  }
}

Shape {
  appearance Appearance {
    material Material {
      diffuseColor 1.0000 1.0000 0.5020
      specularColor 0.8784 0.8784 0.4431
      ambientIntensity 0.2
      transparency 0.0000
      shininess 0.5
    }
  }
  geometry IndexedFaceSet {
    ccw TRUE
    solid FALSE
    coord DEF co Coordinate {
      point [
        1.507874 0.527075 -0.080706,
        1.507874 0.531496 -0.076285,
        1.507874 0.531496 -0.116628,
        1.507874 0.529677 -0.115065,
        1.507874 0.523845 -0.086096,
        1.507874 0.522025 -0.092111,
        1.507874 0.521727 -0.098389,
        1.507874 0.522967 -0.104549,
        1.507874 0.525671 -0.110222,
      ]
    }
    coordIndex [
      7, 0, 6, -1,
      6, 0, 4, -1,
      6, 4, 5, -1,
      2, 1, 3, -1,
      3, 1, 0, -1,
      3, 0, 8, -1,
      8, 0, 7, -1,
    ]
  }
}

Shape {
  appearance Appearance {
    material Material {
      diffuseColor 0.2510 0.2510 0.2510
      specularColor 0.1255 0.1255 0.1255
      ambientIntensity 0.2
      transparency 0.0000
      shininess 0.5
    }
  }
  geometry IndexedFaceSet {
    ccw TRUE
    solid FALSE
    coord DEF co Coordinate {
      point [
        1.314961 0.690945 -0.059055,
        1.718504 0.690945 -0.059055,
        1.527774 -0.049212 -0.059055,
        1.559144 -0.049212 -0.059055,
        1.314961 -0.049212 -0.059055,
        1.489872 -0.049212 -0.059055,
        1.525552 -0.049212 -0.059055,
        1.576086 -0.049212 -0.059055,
        1.584728 -0.049212 -0.059055,
        1.605210 -0.049212 -0.059055,
        1.619437 -0.049212 -0.059055,
        1.631150 -0.049212 -0.059055,
        1.718504 -0.049212 -0.059055,
        1.757874 0.651575 -0.059055,
        1.756887 0.660335 -0.059055,
        1.753975 0.668657 -0.059055,
        1.749285 0.676122 -0.059055,
        1.743051 0.682356 -0.059055,
        1.735586 0.687046 -0.059055,
        1.727265 0.689958 -0.059055,
        1.557087 0.531496 -0.163386,
        1.757874 -0.009842 -0.059055,
        1.314961 0.547244 -0.074803,
        1.314961 0.639764 -0.059055,
        1.314961 0.547807 -0.068169,
        1.314961 0.550628 -0.058835,
        1.314961 0.555656 -0.050480,
        1.314961 0.562584 -0.043617,
        1.314961 0.570986 -0.038668,
        1.314961 0.580346 -0.035935,
        1.314961 0.586614 -0.035433,
        1.462598 0.531496 -0.123733,
        1.466535 0.529528 -0.127143,
        1.461034 0.531496 -0.121910,
        1.459605 0.531496 -0.120214,
        1.456693 0.531496 -0.116628,
        1.456693 0.531496 -0.076285,
        1.456735 0.531496 -0.076232,
        1.457877 0.531496 -0.074803,
        1.457283 0.531496 -0.075543,
        1.456999 0.531496 -0.075898,
        1.456693 0.529528 -0.127143,
        1.456693 0.531496 -0.128279,
        1.507874 0.531496 -0.128279,
        1.506123 0.531496 -0.075186,
        1.505506 0.531496 -0.074803,
        1.506692 0.531496 -0.075541,
        1.507874 0.531496 -0.076285,
        1.507788 0.531496 -0.076231,
        1.496063 0.531496 -0.123733,
        1.507874 0.531496 -0.116628,
        1.504833 0.531496 -0.118525,
        1.502005 0.531496 -0.120241,
        1.507874 0.531496 -0.123733,
        1.456693 0.531496 -0.123733,
        1.330709 0.531496 -0.074803,
        1.557086 0.531496 -0.055118,
        1.539370 0.531496 -0.055117,
        1.539370 0.531496 -0.074803,
        1.330709 0.531496 -0.163386,
        1.330709 0.532241 -0.066031,
        1.330709 0.532284 -0.065515,
        1.330709 0.536084 -0.052941,
        1.330709 0.536233 -0.052447,
        1.330709 0.543007 -0.041193,
        1.330709 0.543273 -0.040751,
        1.330709 0.552606 -0.031506,
        1.330709 0.552972 -0.031143,
        1.330709 0.564290 -0.024476,
        1.330708 0.586614 -0.019685,
        1.330709 0.577839 -0.020388,
        1.330709 0.577344 -0.020532,
        1.330709 0.564735 -0.024214,
        1.683071 0.655512 -0.059055,
        1.330709 0.655512 -0.059055,
        1.722441 0.025591 -0.059055,
        1.722441 0.616142 -0.059055,
        1.721442 0.624954 -0.059055,
        1.713752 0.000920 -0.059055,
        1.752599 -0.029527 -0.059055,
        1.753822 -0.026574 -0.059055,
        1.691521 0.654594 -0.059055,
        1.699913 0.651727 -0.059055,
        1.707451 0.647054 -0.059055,
        1.718496 0.633319 -0.059055,
        1.713752 0.640813 -0.059055,
        1.721442 0.016778 -0.059055,
        1.718496 0.008413 -0.059055,
        1.756765 -0.018267 -0.059055,
        1.756533 -0.020032 -0.059055,
        1.707451 -0.005322 -0.059055,
        1.738189 -0.043938 -0.059055,
        1.742976 -0.040265 -0.059055,
        1.746343 -0.037681 -0.059055,
        1.749152 -0.034020 -0.059055,
        1.699913 -0.009994 -0.059055,
        1.727295 -0.048055 -0.059055,
        1.728694 -0.047871 -0.059055,
        1.735579 -0.045019 -0.059055,
        1.683071 -0.013779 -0.059055,
        1.330709 -0.013779 -0.059055,
        1.314961 0.001969 -0.059055,
        1.691521 -0.012862 -0.059055,
      ]
    }
    coordIndex [
      42, 41, 54, -1,
      41, 32, 54, -1,
      54, 32, 31, -1,
      39, 38, 55, -1,
      52, 49, 53, -1,
      42, 54, 55, -1,
      56, 57, 58, -1,
      20, 56, 53, -1,
      52, 53, 51, -1,
      56, 58, 53, -1,
      53, 58, 50, -1,
      53, 50, 51, -1,
      53, 43, 20, -1,
      20, 43, 42, -1,
      20, 42, 59, -1,
      59, 42, 55, -1,
      31, 33, 54, -1,
      54, 33, 34, -1,
      54, 34, 55, -1,
      55, 34, 35, -1,
      55, 35, 36, -1,
      46, 58, 44, -1,
      44, 58, 45, -1,
      46, 48, 58, -1,
      58, 48, 47, -1,
      58, 47, 50, -1,
      36, 37, 55, -1,
      55, 37, 40, -1,
      55, 40, 39, -1,
      55, 60, 22, -1,
      22, 60, 24, -1,
      60, 61, 24, -1,
      24, 61, 62, -1,
      24, 62, 25, -1,
      62, 63, 25, -1,
      25, 63, 64, -1,
      25, 64, 26, -1,
      64, 65, 26, -1,
      26, 65, 66, -1,
      26, 66, 27, -1,
      66, 67, 27, -1,
      27, 67, 68, -1,
      27, 68, 28, -1,
      69, 30, 70, -1,
      70, 30, 29, -1,
      70, 29, 71, -1,
      71, 29, 28, -1,
      71, 28, 72, -1,
      72, 28, 68, -1,
      73, 1, 74, -1,
      74, 1, 0, -1,
      74, 0, 23, -1,
      75, 21, 76, -1,
      76, 21, 13, -1,
      76, 13, 77, -1,
      78, 79, 80, -1,
      73, 81, 1, -1,
      1, 81, 82, -1,
      1, 82, 19, -1,
      19, 82, 83, -1,
      19, 83, 18, -1,
      18, 83, 17, -1,
      77, 13, 84, -1,
      84, 13, 14, -1,
      84, 14, 85, -1,
      85, 14, 15, -1,
      85, 15, 83, -1,
      83, 15, 16, -1,
      83, 16, 17, -1,
      75, 86, 21, -1,
      21, 86, 87, -1,
      21, 87, 88, -1,
      88, 87, 78, -1,
      88, 78, 89, -1,
      89, 78, 80, -1,
      90, 91, 78, -1,
      78, 91, 92, -1,
      92, 93, 78, -1,
      78, 93, 94, -1,
      78, 94, 79, -1,
      95, 12, 90, -1,
      90, 12, 96, -1,
      96, 97, 90, -1,
      90, 97, 98, -1,
      90, 98, 91, -1,
      6, 99, 5, -1,
      5, 99, 100, -1,
      5, 100, 4, -1,
      4, 100, 101, -1,
      6, 2, 99, -1,
      99, 2, 3, -1,
      99, 3, 7, -1,
      7, 8, 99, -1,
      99, 8, 9, -1,
      99, 9, 10, -1,
      95, 102, 12, -1,
      12, 102, 99, -1,
      12, 99, 11, -1,
      11, 99, 10, -1,
    ]
  }
}

Shape {
  appearance Appearance {
    material Material {
      diffuseColor 1.0000 1.0000 0.5020
      specularColor 0.8784 0.8784 0.4431
      ambientIntensity 0.2
      transparency 0.0000
      shininess 0.5
    }
  }
  geometry IndexedFaceSet {
    ccw TRUE
    solid FALSE
    coord DEF co Coordinate {
      point [
        1.545275 0.462598 -0.187008,
        1.553149 0.462598 -0.187008,
        1.226378 0.690945 -0.230315,
        1.226378 0.690945 -0.212598,
        1.226378 0.642647 -0.230315,
        1.558424 0.462598 -0.186313,
        1.559263 0.462598 -0.186203,
        1.563394 0.462598 -0.184492,
        1.564961 0.462598 -0.183843,
        1.567833 0.462598 -0.181639,
        1.569853 0.462598 -0.180089,
        1.571538 0.462598 -0.177893,
        1.573607 0.462598 -0.175197,
        1.574341 0.462598 -0.173425,
        1.575967 0.462598 -0.169500,
        1.576106 0.462598 -0.168441,
        1.576772 0.462598 -0.163386,
        1.226378 0.649072 -0.233526,
        1.226378 0.656104 -0.235541,
        1.226378 0.663386 -0.236220,
        1.226378 0.694882 -0.212598,
        1.226378 0.694882 -0.236220,
        1.330708 0.586614 -0.019685,
        1.330708 0.616142 -0.019685,
        1.456693 0.586612 -0.019685,
        1.456693 0.578741 -0.019685,
        1.539370 0.578741 -0.019685,
        1.539370 0.062992 -0.019685,
        1.456693 0.062992 -0.019685,
        1.456693 0.055121 -0.019685,
        1.330708 0.055119 -0.019685,
        1.330708 0.025591 -0.019685,
        1.683071 0.025591 -0.019685,
        1.683071 0.616142 -0.019685,
        1.539370 0.566929 -0.019685,
        1.642756 0.176887 -0.019685,
        1.645070 0.174601 -0.019685,
        1.635827 0.320866 -0.019685,
        1.635827 0.179134 -0.019685,
        1.638266 0.178880 -0.019685,
        1.539370 0.074804 -0.019685,
        1.571763 0.074804 -0.019685,
        1.647638 0.150678 -0.019685,
        1.647638 0.167338 -0.019685,
        1.646494 0.469279 -0.019694,
        1.645031 0.466970 -0.019733,
        1.642756 0.464845 -0.019685,
        1.640640 0.178109 -0.019685,
        1.646539 0.172184 -0.019685,
        1.647533 0.168886 -0.019685,
        1.647611 0.168118 -0.019685,
        1.571763 0.566929 -0.019685,
        1.647638 0.491055 -0.019685,
        1.647638 0.474392 -0.019685,
        1.647611 0.473615 -0.019685,
        1.647533 0.472847 -0.019685,
        1.647332 0.471731 -0.019685,
        1.635827 0.462599 -0.019685,
        1.638266 0.462853 -0.019685,
        1.640640 0.463624 -0.019685,
        1.456693 0.578741 -0.020250,
        1.498031 0.578741 -0.020250,
        1.517874 0.578741 -0.020250,
        1.539370 0.578741 -0.020250,
        1.622306 0.320866 -0.021153,
        1.622313 0.462599 -0.021207,
        1.621828 0.320866 -0.021317,
        1.621810 0.462599 -0.021264,
        1.608878 0.320866 -0.025740,
        1.608893 0.462599 -0.025784,
        1.608520 0.320866 -0.025963,
        1.608495 0.462599 -0.025923,
        1.596818 0.320866 -0.033217,
        1.596837 0.462599 -0.033248,
        1.596578 0.320866 -0.033454,
        1.596552 0.462599 -0.033428,
        1.586737 0.320866 -0.043204,
        1.586756 0.462599 -0.043223,
        1.586601 0.320866 -0.043417,
        1.586578 0.462599 -0.043402,
        1.579146 0.320866 -0.055193,
        1.579163 0.462599 -0.055203,
        1.579091 0.320866 -0.055352,
        1.579073 0.462599 -0.055346,
        1.574433 0.320866 -0.068577,
        1.574442 0.462599 -0.068580,
        1.574423 0.320866 -0.068661,
        1.574414 0.462599 -0.068660,
        1.572835 0.320866 -0.082677,
        1.572835 0.462599 -0.082677,
        1.551224 0.462598 -0.186337,
        1.551408 0.462598 -0.186317,
        1.578701 0.462599 -0.074127,
        1.583169 0.462599 -0.061920,
        1.584385 0.462599 -0.058597,
        1.592122 0.462599 -0.046907,
        1.593513 0.462599 -0.044807,
        1.604493 0.462599 -0.034533,
        1.605589 0.462599 -0.033508,
        1.619534 0.462599 -0.025556,
        1.619954 0.462599 -0.025316,
        1.635827 0.462599 -0.020676,
        1.578169 0.462599 -0.078655,
        1.576772 0.462599 -0.090551,
        1.572835 0.462598 -0.159449,
        1.572164 0.462598 -0.165398,
        1.572144 0.462598 -0.165581,
        1.557128 0.462598 -0.184315,
        1.557233 0.462598 -0.184279,
        1.562427 0.462598 -0.181015,
        1.566822 0.462598 -0.176631,
        1.562458 0.462598 -0.180995,
        1.570142 0.462598 -0.171302,
        1.570106 0.462598 -0.171406,
        1.566842 0.462598 -0.176600,
      ]
    }
    coordIndex [
      23, 22, 24, -1,
      24, 25, 26, -1,
      27, 28, 29, -1,
      30, 31, 29, -1,
      29, 31, 32, -1,
      29, 32, 27, -1,
      23, 24, 33, -1,
      33, 24, 26, -1,
      33, 26, 34, -1,
      33, 35, 36, -1,
      37, 38, 39, -1,
      40, 27, 41, -1,
      41, 27, 32, -1,
      41, 32, 42, -1,
      42, 32, 43, -1,
      44, 45, 35, -1,
      35, 45, 46, -1,
      35, 46, 47, -1,
      47, 46, 39, -1,
      36, 48, 33, -1,
      33, 48, 49, -1,
      33, 49, 32, -1,
      32, 49, 50, -1,
      32, 50, 43, -1,
      34, 51, 33, -1,
      33, 51, 52, -1,
      33, 52, 53, -1,
      53, 54, 33, -1,
      33, 54, 55, -1,
      33, 55, 35, -1,
      35, 55, 56, -1,
      35, 56, 44, -1,
      57, 37, 58, -1,
      58, 37, 39, -1,
      58, 39, 59, -1,
      59, 39, 46, -1,
      60, 25, 24, -1,
      25, 60, 61, -1,
      25, 61, 26, -1,
      26, 61, 62, -1,
      26, 62, 63, -1,
      37, 57, 64, -1,
      64, 57, 65, -1,
      64, 65, 66, -1,
      66, 65, 67, -1,
      66, 67, 68, -1,
      68, 67, 69, -1,
      68, 69, 70, -1,
      70, 69, 71, -1,
      70, 71, 72, -1,
      72, 71, 73, -1,
      72, 73, 74, -1,
      74, 73, 75, -1,
      74, 75, 76, -1,
      76, 75, 77, -1,
      76, 77, 78, -1,
      78, 77, 79, -1,
      78, 79, 80, -1,
      80, 79, 81, -1,
      80, 81, 82, -1,
      82, 81, 83, -1,
      82, 83, 84, -1,
      84, 83, 85, -1,
      84, 85, 86, -1,
      86, 85, 87, -1,
      86, 87, 88, -1,
      88, 87, 89, -1,
      0, 90, 1, -1,
      1, 90, 91, -1,
      1, 91, 5, -1,
      89, 87, 92, -1,
      92, 87, 85, -1,
      92, 85, 93, -1,
      93, 85, 83, -1,
      93, 83, 94, -1,
      83, 81, 94, -1,
      94, 81, 79, -1,
      94, 79, 95, -1,
      95, 79, 77, -1,
      95, 77, 96, -1,
      96, 77, 97, -1,
      98, 69, 99, -1,
      99, 69, 67, -1,
      99, 67, 100, -1,
      100, 67, 65, -1,
      100, 65, 101, -1,
      101, 65, 57, -1,
      77, 75, 97, -1,
      97, 75, 73, -1,
      97, 73, 98, -1,
      98, 73, 71, -1,
      98, 71, 69, -1,
      92, 102, 89, -1,
      89, 102, 103, -1,
      89, 103, 104, -1,
      104, 103, 16, -1,
      104, 16, 105, -1,
      105, 16, 106, -1,
      91, 107, 5, -1,
      5, 107, 108, -1,
      5, 108, 6, -1,
      6, 108, 109, -1,
      110, 9, 111, -1,
      111, 9, 8, -1,
      111, 8, 109, -1,
      109, 8, 7, -1,
      109, 7, 6, -1,
      16, 15, 106, -1,
      106, 15, 14, -1,
      106, 14, 112, -1,
      112, 14, 13, -1,
      112, 13, 113, -1,
      113, 13, 12, -1,
      113, 12, 114, -1,
      114, 12, 11, -1,
      114, 11, 110, -1,
      110, 11, 10, -1,
      110, 10, 9, -1,
      3, 20, 2, -1,
      2, 20, 21, -1,
      2, 21, 19, -1,
      19, 18, 2, -1,
      2, 18, 17, -1,
      2, 17, 4, -1,
    ]
  }
}

Shape {
  appearance Appearance {
    material Material {
      diffuseColor 0.2510 0.2510 0.2510
      specularColor 0.1255 0.1255 0.1255
      ambientIntensity 0.2
      transparency 0.0000
      shininess 0.5
    }
  }
  geometry IndexedFaceSet {
    ccw TRUE
    solid FALSE
    coord DEF co Coordinate {
      point [
        1.576772 0.511811 -0.163386,
        1.557087 0.531496 -0.163386,
        1.557086 0.531496 -0.055118,
        1.539370 0.531496 -0.055117,
        1.539370 0.531496 -0.074803,
        1.539370 0.578741 -0.019685,
        1.539370 0.566929 -0.019685,
        1.646494 0.469279 -0.019694,
        1.645031 0.466970 -0.019733,
        1.642756 0.464845 -0.019685,
        1.571763 0.566929 -0.019685,
        1.647638 0.491055 -0.019685,
        1.647638 0.474392 -0.019685,
        1.647611 0.473615 -0.019685,
        1.647533 0.472847 -0.019685,
        1.647332 0.471731 -0.019685,
        1.539370 0.578741 -0.020250,
        1.578701 0.462599 -0.074127,
        1.583169 0.462599 -0.061920,
        1.584385 0.462599 -0.058597,
        1.592122 0.462599 -0.046907,
        1.593513 0.462599 -0.044807,
        1.604493 0.462599 -0.034533,
        1.605589 0.462599 -0.033508,
        1.619534 0.462599 -0.025556,
        1.619954 0.462599 -0.025316,
        1.635827 0.462599 -0.020676,
        1.578169 0.462599 -0.078655,
        1.576772 0.462599 -0.090551,
        1.576772 0.511811 -0.090551,
        1.577785 0.510798 -0.078610,
        1.579801 0.508781 -0.070051,
        1.582862 0.505720 -0.061808,
        1.586266 0.502317 -0.055118,
        1.639656 0.491060 -0.020145,
        1.640614 0.463672 -0.020011,
        1.640147 0.463417 -0.020082,
        1.639505 0.491060 -0.020154,
        1.638247 0.462927 -0.020322,
        1.636411 0.491119 -0.020844,
        1.637363 0.462699 -0.020434,
        1.636356 0.462633 -0.020593,
        1.627616 0.491285 -0.022804,
        1.625163 0.491331 -0.023351,
        1.590406 0.499379 -0.049198,
        1.592038 0.498221 -0.046865,
        1.597488 0.495832 -0.040883,
        1.593239 0.497369 -0.045148,
        1.619636 0.491756 -0.025809,
        1.616324 0.492009 -0.027282,
        1.612727 0.492285 -0.028882,
        1.606185 0.493446 -0.033428,
        1.604505 0.493744 -0.034595,
        1.602063 0.494178 -0.036291,
        1.564471 0.549478 -0.024306,
        1.557217 0.531817 -0.050375,
        1.557343 0.532123 -0.049178,
        1.558053 0.533843 -0.042447,
        1.558402 0.534679 -0.040816,
        1.559517 0.537355 -0.035598,
        1.560300 0.539259 -0.033391,
        1.562829 0.545435 -0.027205,
        1.561933 0.543229 -0.028786,
        1.567984 0.557909 -0.020860,
        1.565944 0.553011 -0.022862,
        1.569423 0.561343 -0.020413,
        1.539370 0.561288 -0.020137,
        1.569423 0.561343 -0.020413,
        1.539370 0.552863 -0.022596,
        1.539370 0.545302 -0.027051,
        1.562829 0.545434 -0.027205,
        1.565944 0.553011 -0.022862,
        1.539370 0.539067 -0.033227,
        1.539370 0.534541 -0.040746,
        1.558402 0.534680 -0.040816,
        1.539370 0.532003 -0.049147,
        1.539370 0.532540 -0.066069,
        1.539370 0.577366 -0.020619,
        1.539370 0.566106 -0.023643,
        1.539370 0.564356 -0.024599,
        1.539370 0.554626 -0.029917,
        1.539370 0.552728 -0.031644,
        1.539370 0.544949 -0.038720,
        1.539370 0.543190 -0.041320,
        1.539370 0.537619 -0.049555,
        1.539370 0.536322 -0.053034,
        1.539370 0.533049 -0.061813,
      ]
    }
    coordIndex [
      1, 0, 2, -1,
      2, 0, 29, -1,
      2, 29, 30, -1,
      30, 31, 2, -1,
      2, 31, 32, -1,
      2, 32, 33, -1,
      12, 11, 34, -1,
      14, 13, 35, -1,
      14, 35, 15, -1,
      9, 8, 35, -1,
      35, 8, 7, -1,
      35, 7, 15, -1,
      13, 12, 35, -1,
      35, 12, 34, -1,
      35, 34, 36, -1,
      36, 34, 37, -1,
      36, 37, 38, -1,
      38, 37, 39, -1,
      38, 39, 40, -1,
      40, 39, 41, -1,
      41, 39, 26, -1,
      26, 39, 42, -1,
      26, 42, 25, -1,
      25, 42, 43, -1,
      25, 43, 24, -1,
      29, 28, 30, -1,
      30, 28, 27, -1,
      30, 27, 31, -1,
      31, 27, 17, -1,
      31, 17, 32, -1,
      32, 17, 18, -1,
      32, 18, 33, -1,
      33, 18, 19, -1,
      33, 19, 44, -1,
      44, 19, 20, -1,
      44, 20, 45, -1,
      21, 46, 20, -1,
      20, 46, 47, -1,
      20, 47, 45, -1,
      43, 48, 24, -1,
      24, 48, 49, -1,
      24, 49, 23, -1,
      49, 50, 23, -1,
      23, 50, 51, -1,
      23, 51, 22, -1,
      22, 51, 52, -1,
      22, 52, 21, -1,
      21, 52, 53, -1,
      21, 53, 46, -1,
      43, 42, 54, -1,
      2, 33, 55, -1,
      55, 33, 44, -1,
      55, 44, 56, -1,
      47, 46, 57, -1,
      57, 46, 58, -1,
      56, 44, 57, -1,
      57, 44, 45, -1,
      57, 45, 47, -1,
      52, 51, 59, -1,
      59, 51, 60, -1,
      58, 46, 59, -1,
      59, 46, 53, -1,
      59, 53, 52, -1,
      49, 61, 62, -1,
      60, 51, 62, -1,
      62, 51, 50, -1,
      62, 50, 49, -1,
      61, 49, 54, -1,
      54, 49, 48, -1,
      54, 48, 43, -1,
      39, 63, 42, -1,
      42, 63, 64, -1,
      42, 64, 54, -1,
      39, 37, 63, -1,
      63, 37, 34, -1,
      63, 34, 65, -1,
      65, 34, 11, -1,
      65, 11, 10, -1,
      66, 67, 6, -1,
      6, 67, 10, -1,
      68, 69, 70, -1,
      70, 54, 68, -1,
      68, 54, 71, -1,
      68, 71, 66, -1,
      66, 71, 63, -1,
      66, 63, 67, -1,
      72, 73, 74, -1,
      74, 59, 72, -1,
      72, 59, 60, -1,
      72, 60, 69, -1,
      69, 60, 62, -1,
      69, 62, 70, -1,
      75, 3, 2, -1,
      2, 55, 75, -1,
      75, 55, 56, -1,
      75, 56, 73, -1,
      73, 56, 57, -1,
      73, 57, 74, -1,
      76, 4, 3, -1,
      6, 5, 16, -1,
      16, 77, 6, -1,
      6, 77, 78, -1,
      6, 78, 66, -1,
      66, 78, 79, -1,
      66, 79, 68, -1,
      68, 79, 80, -1,
      68, 80, 69, -1,
      69, 80, 81, -1,
      69, 81, 72, -1,
      81, 82, 72, -1,
      72, 82, 83, -1,
      72, 83, 73, -1,
      73, 83, 84, -1,
      73, 84, 75, -1,
      75, 84, 85, -1,
      75, 85, 3, -1,
      3, 85, 86, -1,
      3, 86, 76, -1,
    ]
  }
}

Shape {
  appearance Appearance {
    material Material {
      diffuseColor 1.0000 1.0000 0.5020
      specularColor 0.8784 0.8784 0.4431
      ambientIntensity 0.2
      transparency 0.0000
      shininess 0.5
    }
  }
  geometry IndexedFaceSet {
    ccw TRUE
    solid FALSE
    coord DEF co Coordinate {
      point [
        1.642756 0.464845 -0.019685,
        1.635827 0.462599 -0.019685,
        1.638266 0.462853 -0.019685,
        1.640640 0.463624 -0.019685,
        1.635827 0.462599 -0.020676,
        1.640614 0.463672 -0.020011,
        1.638247 0.462927 -0.020322,
        1.636356 0.462633 -0.020593,
        1.640147 0.463417 -0.020082,
        1.637363 0.462699 -0.020433,
      ]
    }
    coordIndex [
      7, 4, 1, -1,
      0, 5, 3, -1,
      3, 5, 8, -1,
      3, 8, 2, -1,
      2, 8, 6, -1,
      2, 6, 1, -1,
      1, 6, 9, -1,
      1, 9, 7, -1,
    ]
  }
}

Shape {
  appearance Appearance {
    material Material {
      diffuseColor 0.2510 0.2510 0.2510
      specularColor 0.1255 0.1255 0.1255
      ambientIntensity 0.2
      transparency 0.0000
      shininess 0.5
    }
  }
  geometry IndexedFaceSet {
    ccw TRUE
    solid FALSE
    coord DEF co Coordinate {
      point [
        1.576772 0.462598 -0.163386,
        1.576772 0.511811 -0.163386,
        1.576772 0.462599 -0.090551,
        1.576772 0.511811 -0.090551,
      ]
    }
    coordIndex [
      2, 3, 0, -1,
      0, 3, 1, -1,
    ]
  }
}

Shape {
  appearance Appearance {
    material Material {
      diffuseColor 1.0000 1.0000 0.5020
      specularColor 0.8784 0.8784 0.4431
      ambientIntensity 0.2
      transparency 0.0000
      shininess 0.5
    }
  }
  geometry IndexedFaceSet {
    ccw TRUE
    solid FALSE
    coord DEF co Coordinate {
      point [
        1.545275 0.462598 -0.187008,
        1.545276 0.320866 -0.187007,
        1.639764 0.690945 -0.212599,
        1.431103 0.690945 -0.212599,
        1.431103 0.694882 -0.212599,
        1.639764 0.694882 -0.212599,
        1.314961 0.639764 -0.059055,
        1.314961 0.639206 -0.053954,
        1.314961 0.637466 -0.048892,
        1.314961 0.630845 -0.040567,
        1.314961 0.634630 -0.044352,
        1.314961 0.586614 -0.035433,
        1.314961 0.616142 -0.035433,
        1.314961 0.621243 -0.035990,
        1.314961 0.626305 -0.037731,
        1.330708 0.586614 -0.019685,
        1.683071 0.655512 -0.059055,
        1.330709 0.655512 -0.059055,
        1.722441 0.616142 -0.059055,
        1.721442 0.624954 -0.059055,
        1.691521 0.654594 -0.059055,
        1.699913 0.651727 -0.059055,
        1.707451 0.647054 -0.059055,
        1.718496 0.633319 -0.059055,
        1.713752 0.640813 -0.059055,
        1.330708 0.616142 -0.019685,
        1.683071 0.616142 -0.019685,
        1.572835 0.320866 -0.082677,
        1.572835 0.462599 -0.082677,
        1.551224 0.462598 -0.186337,
        1.551408 0.462598 -0.186317,
        1.572835 0.462598 -0.159449,
        1.572164 0.462598 -0.165398,
        1.572144 0.462598 -0.165581,
        1.557128 0.462598 -0.184315,
        1.557233 0.462598 -0.184279,
        1.562427 0.462598 -0.181015,
        1.566822 0.462598 -0.176631,
        1.562458 0.462598 -0.180995,
        1.570142 0.462598 -0.171302,
        1.570106 0.462598 -0.171406,
        1.566842 0.462598 -0.176600,
        1.572835 0.320866 -0.159448,
        1.572835 0.179134 -0.082677,
        1.572835 0.179134 -0.159448,
        1.551227 0.320866 -0.186357,
        1.551401 0.320866 -0.186297,
        1.557133 0.320866 -0.184327,
        1.557226 0.320866 -0.184268,
        1.562429 0.320866 -0.181019,
        1.562456 0.320866 -0.180992,
        1.566819 0.320866 -0.176628,
        1.566845 0.320866 -0.176602,
        1.570095 0.320866 -0.171400,
        1.570154 0.320866 -0.171306,
        1.572124 0.320866 -0.165574,
        1.572184 0.320866 -0.165400,
        1.683071 0.641948 -0.029322,
        1.683071 0.646652 -0.034539,
        1.330709 0.646811 -0.034396,
        1.683071 0.624953 -0.020683,
        1.683071 0.632944 -0.023582,
        1.330709 0.632975 -0.023497,
        1.330709 0.624588 -0.020637,
        1.683071 0.624587 -0.020642,
        1.330709 0.624641 -0.020643,
        1.330709 0.624902 -0.020672,
        1.330709 0.640689 -0.028274,
        1.330709 0.640644 -0.028246,
        1.683071 0.640420 -0.028294,
        1.330709 0.640510 -0.028162,
        1.683071 0.633981 -0.023959,
        1.330709 0.633224 -0.023584,
        1.330709 0.633075 -0.023531,
        1.683071 0.651332 -0.042002,
        1.330709 0.651557 -0.041884,
        1.683071 0.648380 -0.036456,
        1.330709 0.646951 -0.034553,
        1.330709 0.646922 -0.034508,
        1.683071 0.654235 -0.050312,
        1.330709 0.654507 -0.050244,
        1.683071 0.652893 -0.044934,
        1.330709 0.651665 -0.042122,
        1.330709 0.651613 -0.041973,
        1.683071 0.655218 -0.054253,
        1.330709 0.654554 -0.050556,
        1.330709 0.654525 -0.050294,
        1.721442 0.624888 -0.057980,
        1.721442 0.624368 -0.055894,
        1.721442 0.618114 -0.050466,
        1.721442 0.616142 -0.050243,
        1.691521 0.624748 -0.021578,
        1.691521 0.633566 -0.024777,
        1.691521 0.641347 -0.030015,
        1.691521 0.647628 -0.036983,
        1.691521 0.652036 -0.045263,
        1.691521 0.654307 -0.054365,
        1.721442 0.620135 -0.051199,
        1.718496 0.619986 -0.042313,
        1.718496 0.616142 -0.041878,
        1.699914 0.616142 -0.023470,
        1.691521 0.616142 -0.020602,
        1.713752 0.616142 -0.034384,
        1.713752 0.621663 -0.035010,
        1.718496 0.623926 -0.043742,
        1.721442 0.621918 -0.052400,
        1.718496 0.627402 -0.046083,
        1.721442 0.623358 -0.053996,
        1.718496 0.630207 -0.049195,
        1.718496 0.632176 -0.052894,
        1.718496 0.633191 -0.056960,
        1.713752 0.627321 -0.037062,
        1.713752 0.632313 -0.040423,
        1.713752 0.636343 -0.044893,
        1.713752 0.639171 -0.050206,
        1.713752 0.640629 -0.056046,
        1.707451 0.623060 -0.028926,
        1.707451 0.630149 -0.031498,
        1.707451 0.636405 -0.035710,
        1.707451 0.641454 -0.041311,
        1.707451 0.644998 -0.047968,
        1.707451 0.646824 -0.055284,
        1.707452 0.616142 -0.028143,
        1.699913 0.624106 -0.024372,
        1.699913 0.632267 -0.027333,
        1.699913 0.639468 -0.032181,
        1.699913 0.645281 -0.038628,
        1.699913 0.649359 -0.046292,
        1.699913 0.651461 -0.054715,
      ]
    }
    coordIndex [
      5, 4, 2, -1,
      2, 4, 3, -1,
      28, 31, 27, -1,
      27, 31, 42, -1,
      27, 42, 43, -1,
      43, 42, 44, -1,
      0, 1, 29, -1,
      29, 1, 45, -1,
      29, 45, 30, -1,
      30, 45, 46, -1,
      30, 46, 34, -1,
      34, 46, 47, -1,
      34, 47, 35, -1,
      35, 47, 48, -1,
      35, 48, 36, -1,
      36, 48, 49, -1,
      36, 49, 38, -1,
      38, 49, 50, -1,
      38, 50, 37, -1,
      37, 50, 51, -1,
      37, 51, 41, -1,
      41, 51, 52, -1,
      41, 52, 40, -1,
      40, 52, 53, -1,
      40, 53, 39, -1,
      39, 53, 54, -1,
      39, 54, 33, -1,
      33, 54, 55, -1,
      33, 55, 32, -1,
      32, 55, 56, -1,
      32, 56, 31, -1,
      31, 56, 42, -1,
      57, 58, 59, -1,
      60, 61, 62, -1,
      25, 26, 63, -1,
      63, 26, 64, -1,
      63, 64, 65, -1,
      65, 64, 60, -1,
      65, 60, 66, -1,
      66, 60, 62, -1,
      59, 67, 57, -1,
      57, 67, 68, -1,
      57, 68, 69, -1,
      69, 68, 70, -1,
      69, 70, 71, -1,
      71, 70, 72, -1,
      71, 72, 61, -1,
      61, 72, 73, -1,
      61, 73, 62, -1,
      74, 75, 76, -1,
      76, 75, 77, -1,
      76, 77, 58, -1,
      58, 77, 78, -1,
      58, 78, 59, -1,
      79, 80, 81, -1,
      81, 80, 82, -1,
      81, 82, 74, -1,
      74, 82, 83, -1,
      74, 83, 75, -1,
      16, 17, 84, -1,
      84, 17, 85, -1,
      84, 85, 79, -1,
      79, 85, 86, -1,
      79, 86, 80, -1,
      18, 87, 88, -1,
      18, 89, 90, -1,
      87, 18, 19, -1,
      91, 60, 64, -1,
      60, 91, 61, -1,
      61, 91, 92, -1,
      61, 92, 71, -1,
      71, 92, 69, -1,
      69, 92, 93, -1,
      69, 93, 57, -1,
      57, 93, 58, -1,
      58, 93, 94, -1,
      58, 94, 76, -1,
      76, 94, 74, -1,
      74, 94, 95, -1,
      74, 95, 81, -1,
      81, 95, 79, -1,
      79, 95, 96, -1,
      79, 96, 84, -1,
      16, 84, 20, -1,
      20, 84, 96, -1,
      20, 96, 21, -1,
      18, 97, 89, -1,
      89, 97, 98, -1,
      89, 98, 90, -1,
      90, 98, 99, -1,
      100, 91, 101, -1,
      101, 91, 64, -1,
      101, 64, 26, -1,
      102, 99, 103, -1,
      103, 99, 98, -1,
      103, 98, 104, -1,
      104, 98, 97, -1,
      104, 97, 105, -1,
      105, 97, 18, -1,
      106, 107, 108, -1,
      108, 107, 88, -1,
      108, 88, 109, -1,
      109, 88, 87, -1,
      109, 87, 110, -1,
      110, 87, 19, -1,
      110, 19, 23, -1,
      111, 106, 112, -1,
      112, 106, 108, -1,
      112, 108, 113, -1,
      113, 108, 109, -1,
      113, 109, 114, -1,
      114, 109, 110, -1,
      114, 110, 115, -1,
      115, 110, 23, -1,
      115, 23, 24, -1,
      116, 111, 117, -1,
      117, 111, 112, -1,
      117, 112, 118, -1,
      118, 112, 113, -1,
      118, 113, 119, -1,
      119, 113, 114, -1,
      119, 114, 120, -1,
      120, 114, 115, -1,
      120, 115, 121, -1,
      121, 115, 24, -1,
      121, 24, 22, -1,
      122, 116, 123, -1,
      123, 116, 117, -1,
      123, 117, 124, -1,
      124, 117, 118, -1,
      124, 118, 125, -1,
      125, 118, 119, -1,
      125, 119, 126, -1,
      126, 119, 120, -1,
      126, 120, 127, -1,
      127, 120, 121, -1,
      127, 121, 128, -1,
      128, 121, 22, -1,
      128, 22, 21, -1,
      21, 96, 128, -1,
      128, 96, 95, -1,
      128, 95, 127, -1,
      127, 95, 94, -1,
      127, 94, 126, -1,
      126, 94, 93, -1,
      126, 93, 125, -1,
      125, 93, 92, -1,
      125, 92, 124, -1,
      124, 92, 91, -1,
      124, 91, 123, -1,
      123, 91, 100, -1,
      123, 100, 122, -1,
      107, 18, 88, -1,
      122, 102, 116, -1,
      116, 102, 103, -1,
      116, 103, 111, -1,
      111, 103, 104, -1,
      111, 104, 106, -1,
      106, 104, 105, -1,
      106, 105, 107, -1,
      107, 105, 18, -1,
      25, 12, 15, -1,
      15, 12, 11, -1,
      25, 63, 12, -1,
      12, 63, 13, -1,
      17, 6, 85, -1,
      85, 6, 7, -1,
      85, 7, 86, -1,
      62, 14, 66, -1,
      66, 14, 13, -1,
      66, 13, 65, -1,
      65, 13, 63, -1,
      70, 9, 72, -1,
      72, 9, 14, -1,
      72, 14, 73, -1,
      73, 14, 62, -1,
      59, 10, 67, -1,
      67, 10, 9, -1,
      67, 9, 68, -1,
      68, 9, 70, -1,
      59, 78, 10, -1,
      10, 78, 77, -1,
      10, 77, 8, -1,
      8, 77, 75, -1,
      75, 83, 8, -1,
      8, 83, 82, -1,
      8, 82, 7, -1,
      7, 82, 80, -1,
      7, 80, 86, -1,
    ]
  }
}

Shape {
  appearance Appearance {
    material Material {
      diffuseColor 0.2510 0.2510 0.2510
      specularColor 0.1255 0.1255 0.1255
      ambientIntensity 0.2
      transparency 0.0000
      shininess 0.5
    }
  }
  geometry IndexedFaceSet {
    ccw TRUE
    solid FALSE
    coord DEF co Coordinate {
      point [
        1.314960 0.547244 -0.167323,
        1.314960 0.547244 -0.086614,
        1.314961 0.547244 -0.074803,
        1.330709 0.531496 -0.074803,
        1.330709 0.531496 -0.163386,
        1.331039 0.531166 -0.167323,
      ]
    }
    coordIndex [
      0, 5, 4, -1,
      0, 4, 1, -1,
      1, 4, 3, -1,
      1, 3, 2, -1,
    ]
  }
}

Shape {
  appearance Appearance {
    material Material {
      diffuseColor 1.0000 1.0000 0.5020
      specularColor 0.8784 0.8784 0.4431
      ambientIntensity 0.2
      transparency 0.0000
      shininess 0.5
    }
  }
  geometry IndexedFaceSet {
    ccw TRUE
    solid FALSE
    coord DEF co Coordinate {
      point [
        1.431103 0.650520 -0.230315,
        1.639764 0.650520 -0.230315,
        1.431103 0.671260 -0.236221,
        1.431103 0.663978 -0.235541,
        1.431103 0.656946 -0.233526,
        1.639764 0.656946 -0.233526,
        1.639764 0.663977 -0.235541,
        1.639764 0.671260 -0.236221,
      ]
    }
    coordIndex [
      1, 0, 4, -1,
      1, 4, 5, -1,
      5, 4, 3, -1,
      5, 3, 6, -1,
      6, 3, 2, -1,
      6, 2, 7, -1,
    ]
  }
}

Shape {
  appearance Appearance {
    material Material {
      diffuseColor 0.2510 0.2510 0.2510
      specularColor 0.1255 0.1255 0.1255
      ambientIntensity 0.2
      transparency 0.0000
      shininess 0.5
    }
  }
  geometry IndexedFaceSet {
    ccw TRUE
    solid FALSE
    coord DEF co Coordinate {
      point [
        1.466535 0.532520 -0.064228,
        1.465047 0.532215 -0.066031,
        1.464284 0.532058 -0.066955,
        1.462204 0.531753 -0.069488,
        1.457877 0.531496 -0.074803,
        1.477362 0.532520 -0.064228,
        1.482559 0.532520 -0.064228,
        1.488189 0.532520 -0.064228,
        1.505506 0.531496 -0.074803,
        1.501007 0.531566 -0.072031,
        1.496850 0.531753 -0.069486,
        1.491168 0.532256 -0.066037,
        1.330709 0.531496 -0.074803,
        1.539370 0.531496 -0.074803,
        1.330709 0.532241 -0.066031,
        1.330709 0.532284 -0.065515,
        1.330709 0.536084 -0.052941,
        1.330709 0.536233 -0.052447,
        1.330709 0.543007 -0.041193,
        1.330709 0.543273 -0.040751,
        1.330709 0.552606 -0.031506,
        1.330709 0.552972 -0.031143,
        1.330709 0.564290 -0.024476,
        1.330708 0.586614 -0.019685,
        1.330709 0.577839 -0.020388,
        1.330709 0.577344 -0.020532,
        1.330709 0.564735 -0.024214,
        1.456693 0.586612 -0.019685,
        1.456693 0.578741 -0.020250,
        1.498031 0.578741 -0.020250,
        1.517874 0.578741 -0.020250,
        1.539370 0.578741 -0.020250,
        1.539370 0.532540 -0.066069,
        1.539370 0.577366 -0.020619,
        1.539370 0.566106 -0.023643,
        1.539370 0.564356 -0.024599,
        1.539370 0.554626 -0.029917,
        1.539370 0.552728 -0.031644,
        1.539370 0.544949 -0.038720,
        1.539370 0.543190 -0.041320,
        1.539370 0.537619 -0.049555,
        1.539370 0.536322 -0.053034,
        1.539370 0.533049 -0.061813,
      ]
    }
    coordIndex [
      31, 30, 33, -1,
      33, 30, 29, -1,
      27, 23, 28, -1,
      28, 23, 24, -1,
      28, 24, 25, -1,
      8, 13, 9, -1,
      9, 13, 32, -1,
      9, 32, 10, -1,
      10, 32, 11, -1,
      0, 5, 41, -1,
      41, 5, 6, -1,
      41, 6, 7, -1,
      11, 32, 7, -1,
      7, 32, 42, -1,
      7, 42, 41, -1,
      12, 4, 14, -1,
      14, 4, 3, -1,
      16, 15, 1, -1,
      1, 15, 14, -1,
      1, 14, 2, -1,
      2, 14, 3, -1,
      29, 28, 33, -1,
      33, 28, 25, -1,
      33, 25, 34, -1,
      34, 25, 26, -1,
      34, 26, 35, -1,
      35, 26, 22, -1,
      35, 22, 36, -1,
      36, 22, 21, -1,
      36, 21, 37, -1,
      37, 21, 20, -1,
      37, 20, 38, -1,
      38, 20, 19, -1,
      38, 19, 39, -1,
      39, 19, 18, -1,
      39, 18, 40, -1,
      40, 18, 17, -1,
      40, 17, 41, -1,
      41, 17, 16, -1,
      41, 16, 0, -1,
      0, 16, 1, -1,
    ]
  }
}

Shape {
  appearance Appearance {
    material Material {
      diffuseColor 1.0000 1.0000 0.5020
      specularColor 0.8784 0.8784 0.4431
      ambientIntensity 0.2
      transparency 0.0000
      shininess 0.5
    }
  }
  geometry IndexedFaceSet {
    ccw TRUE
    solid FALSE
    coord DEF co Coordinate {
      point [
        1.452517 0.376363 -0.187007,
        1.452517 0.372047 -0.187008,
        1.452517 0.320866 -0.187007,
        1.437008 0.320866 -0.173994,
        1.437007 0.372057 -0.173994,
        1.448863 0.375348 -0.186578,
        1.448932 0.375368 -0.186586,
        1.445414 0.374391 -0.185314,
        1.445409 0.374389 -0.185313,
        1.439758 0.372820 -0.180492,
        1.439843 0.372844 -0.180583,
        1.442297 0.373525 -0.183242,
        1.442347 0.373539 -0.183275,
        1.438032 0.372341 -0.177385,
        1.437940 0.372315 -0.177220,
        1.449059 0.372048 -0.186623,
        1.448871 0.372048 -0.186556,
        1.445410 0.372047 -0.185311,
        1.445392 0.372047 -0.185304,
        1.442394 0.372048 -0.183323,
        1.442349 0.372048 -0.183275,
        1.439845 0.372047 -0.180581,
        1.439743 0.372047 -0.180471,
        1.438050 0.372048 -0.177376,
        1.437871 0.372048 -0.177049,
        1.439832 0.320866 -0.180593,
        1.442343 0.320866 -0.183281,
        1.438013 0.320866 -0.177396,
        1.445409 0.320866 -0.185313,
        1.448863 0.320866 -0.186578,
      ]
    }
    coordIndex [
      1, 0, 15, -1,
      15, 0, 6, -1,
      15, 6, 16, -1,
      6, 5, 16, -1,
      16, 5, 7, -1,
      16, 7, 17, -1,
      17, 7, 8, -1,
      17, 8, 18, -1,
      18, 8, 12, -1,
      18, 12, 19, -1,
      19, 12, 20, -1,
      20, 12, 11, -1,
      20, 11, 21, -1,
      11, 10, 21, -1,
      21, 10, 9, -1,
      21, 9, 22, -1,
      22, 9, 13, -1,
      22, 13, 23, -1,
      23, 13, 14, -1,
      23, 14, 24, -1,
      24, 14, 4, -1,
      21, 25, 26, -1,
      4, 3, 24, -1,
      24, 3, 27, -1,
      24, 27, 23, -1,
      25, 21, 27, -1,
      27, 21, 22, -1,
      27, 22, 23, -1,
      17, 18, 26, -1,
      18, 19, 26, -1,
      26, 19, 20, -1,
      26, 20, 21, -1,
      26, 28, 17, -1,
      17, 28, 29, -1,
      17, 29, 16, -1,
      16, 29, 15, -1,
      15, 29, 2, -1,
      15, 2, 1, -1,
    ]
  }
}

Shape {
  appearance Appearance {
    material Material {
      diffuseColor 0.2510 0.2510 0.2510
      specularColor 0.1255 0.1255 0.1255
      ambientIntensity 0.2
      transparency 0.0000
      shininess 0.5
    }
  }
  geometry IndexedFaceSet {
    ccw TRUE
    solid FALSE
    coord DEF co Coordinate {
      point [
        1.368110 0.385827 -0.041339,
        1.368110 0.394277 -0.042256,
        1.368110 0.402669 -0.045123,
        1.368110 0.408515 -0.048533,
        1.368110 0.383859 -0.041339,
        1.368110 0.383859 -0.043284,
        1.368110 0.395676 -0.045800,
      ]
    }
    coordIndex [
      3, 2, 6, -1,
      6, 2, 1, -1,
      6, 1, 5, -1,
      5, 1, 0, -1,
      5, 0, 4, -1,
    ]
  }
}

Shape {
  appearance Appearance {
    material Material {
      diffuseColor 1.0000 1.0000 0.5020
      specularColor 0.8784 0.8784 0.4431
      ambientIntensity 0.2
      transparency 0.0000
      shininess 0.5
    }
  }
  geometry IndexedFaceSet {
    ccw TRUE
    solid FALSE
    coord DEF co Coordinate {
      point [
        1.279528 0.547244 -0.086614,
        1.279528 0.547244 -0.108268,
        1.220472 0.547244 -0.108268,
        1.220472 0.547244 -0.086614,
        1.220472 0.548330 -0.076978,
        1.220472 0.551533 -0.067824,
        1.220472 0.555219 -0.061572,
        1.279528 0.555219 -0.061572,
        1.279528 0.551533 -0.067824,
        1.279528 0.548330 -0.076978,
        1.273622 0.694882 -0.212598,
        1.226378 0.694882 -0.212598,
        1.273622 0.694882 -0.236220,
        1.226378 0.694882 -0.236220,
        1.761811 0.155512 -0.212598,
        1.761811 0.320866 -0.212598,
        1.761811 0.486220 -0.212598,
        1.757874 0.486220 -0.212598,
        1.757874 0.155512 -0.212598,
        1.757874 0.320866 -0.212598,
        1.279528 0.537608 -0.086420,
        1.279528 0.536417 -0.088530,
        1.279528 0.535682 -0.090839,
        1.279528 0.535433 -0.093249,
        1.279528 0.535433 -0.095818,
        1.279528 0.535800 -0.098738,
        1.279528 0.536877 -0.101476,
        1.279528 0.538598 -0.103864,
        1.279528 0.540856 -0.105752,
        1.279528 0.543509 -0.107023,
        1.220472 0.537608 -0.086420,
        1.220472 0.535433 -0.093249,
        1.220472 0.535682 -0.090839,
        1.220472 0.543509 -0.107023,
        1.220472 0.536417 -0.088530,
        1.220472 0.540856 -0.105752,
        1.220472 0.538598 -0.103864,
        1.220472 0.536877 -0.101476,
        1.220472 0.535800 -0.098738,
        1.220472 0.535433 -0.095818,
      ]
    }
    coordIndex [
      8, 7, 20, -1,
      21, 0, 20, -1,
      20, 0, 9, -1,
      20, 9, 8, -1,
      21, 22, 0, -1,
      0, 22, 23, -1,
      0, 23, 24, -1,
      24, 25, 0, -1,
      0, 25, 26, -1,
      0, 26, 27, -1,
      27, 28, 0, -1,
      0, 28, 29, -1,
      0, 29, 1, -1,
      30, 6, 5, -1,
      3, 31, 32, -1,
      3, 2, 33, -1,
      5, 4, 30, -1,
      30, 4, 3, -1,
      30, 3, 34, -1,
      34, 3, 32, -1,
      33, 35, 3, -1,
      3, 35, 36, -1,
      3, 36, 37, -1,
      37, 38, 3, -1,
      3, 38, 39, -1,
      3, 39, 31, -1,
      20, 30, 34, -1,
      20, 34, 21, -1,
      21, 34, 32, -1,
      21, 32, 22, -1,
      22, 32, 31, -1,
      22, 31, 23, -1,
      39, 24, 31, -1,
      31, 24, 23, -1,
      24, 39, 38, -1,
      24, 38, 25, -1,
      25, 38, 37, -1,
      25, 37, 26, -1,
      26, 37, 36, -1,
      26, 36, 27, -1,
      27, 36, 35, -1,
      27, 35, 28, -1,
      28, 35, 33, -1,
      28, 33, 29, -1,
      2, 1, 33, -1,
      33, 1, 29, -1,
      7, 6, 20, -1,
      20, 6, 30, -1,
      11, 10, 13, -1,
      13, 10, 12, -1,
      16, 17, 15, -1,
      15, 17, 19, -1,
      15, 19, 14, -1,
      14, 19, 18, -1,
    ]
  }
}

Shape {
  appearance Appearance {
    material Material {
      diffuseColor 0.2510 0.2510 0.2510
      specularColor 0.1255 0.1255 0.1255
      ambientIntensity 0.2
      transparency 0.0000
      shininess 0.5
    }
  }
  geometry IndexedFaceSet {
    ccw TRUE
    solid FALSE
    coord DEF co Coordinate {
      point [
        1.306806 0.527559 -0.187008,
        1.308621 0.531940 -0.186514,
        1.308631 0.531965 -0.186506,
        1.310344 0.536100 -0.185058,
        1.310363 0.536145 -0.185030,
        1.311890 0.539833 -0.182713,
        1.311913 0.539889 -0.182657,
        1.313181 0.542950 -0.179596,
        1.313205 0.543006 -0.179507,
        1.314153 0.545295 -0.175864,
        1.314171 0.545339 -0.175739,
        1.314756 0.546751 -0.171703,
        1.314763 0.546769 -0.171546,
        1.314960 0.547244 -0.167323,
        1.326492 0.507874 -0.187008,
        1.547302 0.507874 -0.187008,
        1.557087 0.531496 -0.163386,
        1.556858 0.530946 -0.168456,
        1.556715 0.530600 -0.169469,
        1.556146 0.529225 -0.173491,
        1.555727 0.528213 -0.175124,
        1.554985 0.526422 -0.178014,
        1.554176 0.524471 -0.179983,
        1.553433 0.522677 -0.181794,
        1.552165 0.519615 -0.183732,
        1.551571 0.518181 -0.184641,
        1.549823 0.513961 -0.186127,
        1.549492 0.513161 -0.186408,
        1.330709 0.531496 -0.163386,
        1.331039 0.531166 -0.167323,
        1.328373 0.514398 -0.186089,
        1.328253 0.513980 -0.186155,
        1.327871 0.512652 -0.186365,
        1.326728 0.508685 -0.186994,
        1.329815 0.519677 -0.183832,
        1.329792 0.519582 -0.183902,
        1.329141 0.517202 -0.184906,
        1.331461 0.527428 -0.176639,
        1.331477 0.527856 -0.175832,
        1.331489 0.528224 -0.175139,
        1.331030 0.524965 -0.179528,
        1.330952 0.524525 -0.180044,
        1.330870 0.524055 -0.180596,
        1.330220 0.521357 -0.182590,
        1.331544 0.529809 -0.172153,
        1.331263 0.530565 -0.169464,
        1.331498 0.529937 -0.171696,
        1.331546 0.529808 -0.172152,
        1.331462 0.527428 -0.176639,
        1.328374 0.514398 -0.186089,
        1.329792 0.519582 -0.183902,
      ]
    }
    coordIndex [
      30, 31, 26, -1,
      26, 31, 27, -1,
      27, 31, 32, -1,
      27, 32, 15, -1,
      15, 32, 33, -1,
      15, 33, 14, -1,
      24, 34, 25, -1,
      25, 34, 35, -1,
      25, 35, 26, -1,
      26, 35, 36, -1,
      26, 36, 30, -1,
      37, 22, 38, -1,
      38, 22, 21, -1,
      38, 21, 39, -1,
      37, 40, 22, -1,
      22, 40, 41, -1,
      22, 41, 23, -1,
      23, 41, 42, -1,
      23, 42, 24, -1,
      24, 42, 43, -1,
      24, 43, 34, -1,
      18, 44, 19, -1,
      19, 44, 39, -1,
      19, 39, 20, -1,
      20, 39, 21, -1,
      16, 28, 29, -1,
      16, 29, 17, -1,
      17, 29, 45, -1,
      17, 45, 18, -1,
      18, 45, 46, -1,
      18, 46, 44, -1,
      11, 46, 45, -1,
      29, 13, 45, -1,
      45, 13, 12, -1,
      45, 12, 11, -1,
      46, 11, 47, -1,
      47, 11, 10, -1,
      47, 10, 9, -1,
      5, 42, 41, -1,
      5, 41, 6, -1,
      6, 41, 40, -1,
      6, 40, 7, -1,
      7, 40, 48, -1,
      7, 48, 8, -1,
      8, 48, 38, -1,
      8, 38, 9, -1,
      9, 38, 39, -1,
      9, 39, 47, -1,
      32, 31, 1, -1,
      1, 31, 49, -1,
      1, 49, 2, -1,
      2, 49, 36, -1,
      2, 36, 3, -1,
      3, 36, 50, -1,
      3, 50, 4, -1,
      4, 50, 34, -1,
      4, 34, 5, -1,
      5, 34, 43, -1,
      5, 43, 42, -1,
      32, 1, 33, -1,
      33, 1, 0, -1,
      33, 0, 14, -1,
    ]
  }
}

Shape {
  appearance Appearance {
    material Material {
      diffuseColor 1.0000 1.0000 0.5020
      specularColor 0.8784 0.8784 0.4431
      ambientIntensity 0.2
      transparency 0.0000
      shininess 0.5
    }
  }
  geometry IndexedFaceSet {
    ccw TRUE
    solid FALSE
    coord DEF co Coordinate {
      point [
        1.268503 0.216535 -0.123733,
        1.275591 0.216535 -0.116628,
        1.263780 0.220770 -0.062946,
        1.264419 0.220459 -0.063637,
        1.271969 0.217662 -0.071977,
        1.273013 0.217416 -0.073158,
        1.275591 0.216809 -0.076075,
        1.273781 0.216535 -0.118508,
        1.275591 0.214672 -0.114734,
        1.263780 0.213080 -0.066686,
        1.263780 0.213031 -0.066710,
        1.269657 0.218206 -0.069360,
        1.266824 0.219292 -0.066235,
        1.263780 0.206181 -0.072515,
        1.263780 0.214567 -0.127143,
        1.263780 0.207693 -0.121967,
        1.272088 0.216535 -0.120221,
        1.263780 0.207425 -0.121632,
        1.275591 0.211859 -0.111874,
        1.263780 0.202013 -0.114874,
        1.275591 0.210601 -0.109656,
        1.263780 0.201861 -0.114531,
        1.275591 0.208569 -0.106073,
        1.263780 0.198324 -0.106569,
        1.275591 0.207954 -0.103709,
        1.263780 0.198273 -0.106252,
        1.275591 0.206889 -0.099620,
        1.263780 0.196869 -0.097600,
        1.275591 0.206905 -0.097283,
        1.263780 0.196895 -0.097333,
        1.275591 0.206934 -0.092951,
        1.263780 0.197743 -0.088554,
        1.275591 0.207525 -0.090801,
        1.263780 0.197817 -0.088354,
        1.275591 0.208700 -0.086521,
        1.263780 0.200889 -0.080030,
        1.275591 0.209773 -0.084688,
        1.263780 0.200981 -0.079898,
        1.275591 0.212068 -0.080765,
        1.263780 0.206099 -0.072585,
        1.275591 0.213502 -0.079346,
      ]
    }
    coordIndex [
      7, 1, 8, -1,
      9, 10, 11, -1,
      11, 12, 9, -1,
      9, 12, 3, -1,
      9, 3, 2, -1,
      13, 5, 10, -1,
      10, 5, 4, -1,
      10, 4, 11, -1,
      14, 0, 15, -1,
      15, 0, 16, -1,
      16, 7, 15, -1,
      15, 7, 8, -1,
      15, 8, 17, -1,
      17, 8, 18, -1,
      17, 18, 19, -1,
      19, 18, 20, -1,
      19, 20, 21, -1,
      21, 20, 22, -1,
      21, 22, 23, -1,
      23, 22, 24, -1,
      23, 24, 25, -1,
      25, 24, 26, -1,
      25, 26, 27, -1,
      27, 26, 28, -1,
      27, 28, 29, -1,
      29, 28, 30, -1,
      29, 30, 31, -1,
      31, 30, 32, -1,
      31, 32, 33, -1,
      33, 32, 34, -1,
      33, 34, 35, -1,
      35, 34, 36, -1,
      35, 36, 37, -1,
      37, 36, 38, -1,
      37, 38, 39, -1,
      39, 38, 40, -1,
      39, 40, 13, -1,
      13, 40, 6, -1,
      13, 6, 5, -1,
    ]
  }
}

Shape {
  appearance Appearance {
    material Material {
      diffuseColor 0.2510 0.2510 0.2510
      specularColor 0.1255 0.1255 0.1255
      ambientIntensity 0.2
      transparency 0.0000
      shininess 0.5
    }
  }
  geometry IndexedFaceSet {
    ccw TRUE
    solid FALSE
    coord DEF co Coordinate {
      point [
        1.389902 0.216535 -0.088222,
        1.400378 0.216535 -0.147637,
        1.399070 0.206751 -0.173612,
        1.314961 0.028049 -0.044329,
        1.314961 0.037402 -0.043307,
        1.314961 -0.005906 -0.086614,
        1.314961 0.018769 -0.047520,
        1.314961 0.010446 -0.052719,
        1.314961 0.003506 -0.059658,
        1.314961 -0.001693 -0.067981,
        1.314961 -0.004884 -0.077261,
        1.314961 0.051181 -0.043307,
        1.314960 0.094488 -0.086614,
        1.314961 -0.049212 -0.086614,
        1.314961 -0.049212 -0.059055,
        1.314961 -0.049212 -0.078211,
        1.314961 0.085185 -0.059795,
        1.314961 0.090325 -0.068087,
        1.314961 0.093479 -0.077319,
        1.314961 0.078319 -0.052865,
        1.314961 0.070076 -0.047646,
        1.314961 0.060875 -0.044406,
        1.436940 0.269685 -0.173612,
        1.421883 0.269685 -0.088222,
        1.314961 0.001969 -0.059055,
        1.330708 0.055119 -0.019685,
        1.399550 0.207979 -0.172143,
        1.401318 0.215606 -0.156139,
        1.401348 0.214395 -0.160440,
        1.401060 0.212705 -0.164576,
        1.314961 0.061386 -0.035935,
        1.314961 0.055119 -0.035433,
        1.330709 0.110236 -0.074803,
        1.314961 0.094489 -0.074803,
        1.330709 0.109533 -0.066028,
        1.314961 0.093926 -0.068169,
        1.330709 0.063890 -0.020429,
        1.330709 0.064406 -0.020473,
        1.314961 0.070747 -0.038667,
        1.330709 0.076980 -0.024273,
        1.330709 0.077474 -0.024422,
        1.314961 0.079148 -0.043617,
        1.330709 0.088729 -0.031196,
        1.330709 0.089171 -0.031462,
        1.314961 0.086076 -0.050480,
        1.330709 0.098415 -0.040794,
        1.330709 0.098778 -0.041160,
        1.314961 0.091105 -0.058834,
        1.330709 0.105446 -0.052478,
        1.330709 0.105707 -0.052923,
        1.330709 0.109389 -0.065533,
        1.314961 0.007182 -0.044252,
        1.314961 0.010962 -0.040507,
        1.314961 0.002568 -0.053767,
        1.314961 0.004336 -0.048748,
        1.314961 0.025591 -0.035433,
        1.314961 0.020520 -0.035983,
        1.314961 0.015485 -0.037704,
      ]
    }
    coordIndex [
      26, 2, 22, -1,
      27, 28, 22, -1,
      22, 28, 29, -1,
      22, 29, 26, -1,
      23, 0, 22, -1,
      22, 0, 1, -1,
      22, 1, 27, -1,
      30, 31, 25, -1,
      32, 33, 34, -1,
      34, 33, 35, -1,
      25, 36, 30, -1,
      30, 36, 37, -1,
      30, 37, 38, -1,
      37, 39, 38, -1,
      38, 39, 40, -1,
      38, 40, 41, -1,
      40, 42, 41, -1,
      41, 42, 43, -1,
      41, 43, 44, -1,
      43, 45, 44, -1,
      44, 45, 46, -1,
      44, 46, 47, -1,
      46, 48, 47, -1,
      47, 48, 49, -1,
      47, 49, 35, -1,
      35, 49, 50, -1,
      35, 50, 34, -1,
      8, 9, 14, -1,
      14, 9, 10, -1,
      14, 10, 15, -1,
      15, 10, 5, -1,
      15, 5, 13, -1,
      51, 52, 7, -1,
      7, 52, 6, -1,
      14, 24, 8, -1,
      8, 24, 53, -1,
      8, 53, 7, -1,
      7, 53, 54, -1,
      7, 54, 51, -1,
      33, 12, 18, -1,
      55, 3, 56, -1,
      56, 3, 6, -1,
      56, 6, 57, -1,
      57, 6, 52, -1,
      33, 18, 35, -1,
      35, 18, 17, -1,
      35, 17, 47, -1,
      47, 17, 16, -1,
      47, 16, 44, -1,
      44, 16, 19, -1,
      44, 19, 41, -1,
      41, 19, 38, -1,
      38, 19, 20, -1,
      38, 20, 30, -1,
      30, 20, 21, -1,
      30, 21, 31, -1,
      31, 21, 11, -1,
      31, 11, 55, -1,
      55, 11, 4, -1,
      55, 4, 3, -1,
    ]
  }
}

Shape {
  appearance Appearance {
    material Material {
      diffuseColor 1.0000 1.0000 0.5020
      specularColor 0.8784 0.8784 0.4431
      ambientIntensity 0.2
      transparency 0.0000
      shininess 0.5
    }
  }
  geometry IndexedFaceSet {
    ccw TRUE
    solid FALSE
    coord DEF co Coordinate {
      point [
        1.224409 0.216535 -0.116628,
        1.268503 0.216535 -0.123733,
        1.275591 0.216535 -0.123733,
        1.275591 0.216535 -0.080708,
        1.275591 0.216535 -0.116628,
        1.275591 0.216535 -0.128279,
        1.224409 0.216535 -0.128279,
        1.231496 0.216535 -0.123733,
        1.236220 0.220770 -0.062946,
        1.235577 0.220489 -0.063648,
        1.263780 0.220770 -0.062946,
        1.275591 0.216809 -0.076075,
        1.228033 0.217543 -0.071953,
        1.224409 0.216809 -0.076075,
        1.226917 0.217280 -0.073216,
        1.380581 0.269685 -0.041338,
        1.380581 0.372048 -0.041339,
        1.452517 0.269685 -0.187007,
        1.452517 0.265370 -0.187007,
        1.717450 0.155512 -0.230315,
        1.757874 0.155512 -0.230315,
        1.717450 0.486220 -0.230315,
        1.437007 0.269676 -0.173994,
        1.419354 0.372048 -0.073872,
        1.419354 0.269685 -0.073872,
        1.761811 0.155512 -0.236220,
        1.738189 0.155512 -0.236220,
        1.738189 0.486220 -0.236220,
        1.761811 0.155512 -0.212598,
        1.730949 0.486220 -0.235549,
        1.723957 0.486220 -0.233558,
        1.757874 0.155512 -0.212598,
        1.416732 0.372048 -0.065115,
        1.412161 0.372048 -0.057198,
        1.405888 0.372048 -0.050549,
        1.398251 0.372048 -0.045526,
        1.389661 0.372048 -0.042400,
        1.722441 0.025591 -0.059055,
        1.722441 0.616142 -0.059055,
        1.539370 0.062992 -0.019685,
        1.456693 0.062992 -0.019685,
        1.456693 0.055121 -0.019685,
        1.683071 0.025591 -0.019685,
        1.683071 0.616142 -0.019685,
        1.721442 0.616142 -0.050243,
        1.718496 0.616142 -0.041878,
        1.275591 0.214672 -0.114734,
        1.263780 0.213080 -0.066686,
        1.263780 0.213031 -0.066710,
        1.263780 0.206181 -0.072515,
        1.263780 0.214567 -0.127143,
        1.263780 0.207693 -0.121967,
        1.263780 0.207425 -0.121632,
        1.275591 0.211859 -0.111874,
        1.263780 0.202013 -0.114874,
        1.275591 0.210601 -0.109656,
        1.263780 0.201861 -0.114531,
        1.275591 0.208569 -0.106073,
        1.263780 0.198324 -0.106569,
        1.275591 0.207954 -0.103709,
        1.263780 0.198273 -0.106252,
        1.275591 0.206889 -0.099620,
        1.263780 0.196869 -0.097600,
        1.275591 0.206905 -0.097283,
        1.263780 0.196895 -0.097333,
        1.275591 0.206934 -0.092951,
        1.263780 0.197743 -0.088554,
        1.275591 0.207525 -0.090801,
        1.263780 0.197817 -0.088354,
        1.275591 0.208700 -0.086521,
        1.263780 0.200889 -0.080030,
        1.275591 0.209773 -0.084688,
        1.263780 0.200981 -0.079898,
        1.275591 0.212068 -0.080765,
        1.263780 0.206099 -0.072585,
        1.275591 0.213502 -0.079346,
        1.227496 0.217389 -0.072554,
        1.236220 0.213031 -0.066710,
        1.224409 0.213372 -0.079216,
        1.236220 0.206181 -0.072515,
        1.236220 0.213080 -0.066686,
        1.230343 0.218206 -0.069360,
        1.236220 0.214567 -0.127143,
        1.229624 0.216535 -0.121915,
        1.236220 0.207693 -0.121967,
        1.227912 0.216535 -0.120221,
        1.224409 0.214524 -0.114881,
        1.236220 0.207425 -0.121632,
        1.224409 0.210422 -0.109758,
        1.236220 0.202013 -0.114874,
        1.236220 0.201861 -0.114531,
        1.224409 0.207757 -0.103760,
        1.236220 0.198324 -0.106569,
        1.236220 0.198273 -0.106252,
        1.224409 0.206706 -0.097282,
        1.236220 0.196869 -0.097600,
        1.236220 0.196895 -0.097333,
        1.224409 0.207337 -0.090750,
        1.236220 0.197743 -0.088555,
        1.236220 0.197817 -0.088354,
        1.224409 0.209609 -0.084593,
        1.236220 0.200889 -0.080030,
        1.236220 0.200981 -0.079898,
        1.236220 0.206099 -0.072585,
        1.442246 0.268221 -0.183198,
        1.442352 0.268192 -0.183269,
        1.442349 0.269685 -0.183275,
        1.448910 0.266371 -0.186583,
        1.449059 0.269685 -0.186623,
        1.448863 0.266384 -0.186578,
        1.448871 0.269685 -0.186556,
        1.445410 0.269685 -0.185310,
        1.442394 0.269685 -0.183323,
        1.445392 0.269685 -0.185304,
        1.445374 0.267353 -0.185294,
        1.445411 0.267343 -0.185308,
        1.439850 0.268887 -0.180576,
        1.439845 0.269685 -0.180580,
        1.439706 0.268927 -0.180419,
        1.439743 0.269685 -0.180471,
        1.438042 0.269389 -0.177380,
        1.438050 0.269684 -0.177376,
        1.437898 0.269429 -0.177117,
        1.437871 0.269684 -0.177049,
        1.389661 0.269685 -0.042400,
        1.398251 0.269685 -0.045526,
        1.405888 0.269685 -0.050549,
        1.412161 0.269685 -0.057198,
        1.416732 0.269685 -0.065115,
        1.275591 0.214567 -0.127143,
        1.224409 0.214567 -0.127143,
        1.723957 0.155512 -0.233558,
        1.730950 0.155512 -0.235549,
        1.243386 0.220770 -0.062946,
        1.250000 0.220770 -0.062946,
        1.691521 0.616142 -0.020603,
        1.691521 0.025591 -0.020602,
        1.699913 0.025591 -0.023469,
        1.699913 0.616142 -0.023470,
        1.707451 0.025591 -0.028142,
        1.707451 0.616142 -0.028143,
        1.713752 0.025591 -0.034384,
        1.713752 0.616142 -0.034384,
        1.718496 0.025591 -0.041877,
        1.721442 0.025591 -0.050242,
        1.456693 0.062992 -0.020250,
        1.498031 0.062992 -0.020250,
        1.517874 0.062992 -0.020250,
        1.539370 0.062992 -0.020250,
      ]
    }
    coordIndex [
      76, 14, 77, -1,
      13, 78, 14, -1,
      14, 78, 79, -1,
      14, 79, 77, -1,
      8, 9, 80, -1,
      80, 9, 81, -1,
      80, 81, 77, -1,
      77, 81, 12, -1,
      77, 12, 76, -1,
      7, 82, 83, -1,
      83, 82, 84, -1,
      83, 84, 85, -1,
      85, 84, 0, -1,
      0, 84, 86, -1,
      86, 84, 87, -1,
      86, 87, 88, -1,
      87, 89, 88, -1,
      88, 89, 90, -1,
      88, 90, 91, -1,
      90, 92, 91, -1,
      91, 92, 93, -1,
      91, 93, 94, -1,
      93, 95, 94, -1,
      94, 95, 96, -1,
      94, 96, 97, -1,
      96, 98, 97, -1,
      97, 98, 99, -1,
      97, 99, 100, -1,
      99, 101, 100, -1,
      100, 101, 102, -1,
      100, 102, 78, -1,
      78, 102, 103, -1,
      78, 103, 79, -1,
      104, 105, 106, -1,
      18, 17, 107, -1,
      107, 17, 108, -1,
      107, 108, 109, -1,
      109, 108, 110, -1,
      109, 110, 111, -1,
      106, 105, 112, -1,
      112, 105, 113, -1,
      113, 105, 114, -1,
      113, 114, 111, -1,
      111, 114, 115, -1,
      111, 115, 109, -1,
      104, 106, 116, -1,
      116, 106, 117, -1,
      116, 117, 118, -1,
      118, 117, 119, -1,
      118, 119, 120, -1,
      120, 119, 121, -1,
      120, 121, 122, -1,
      122, 121, 123, -1,
      122, 123, 22, -1,
      16, 15, 124, -1,
      16, 124, 36, -1,
      36, 124, 125, -1,
      36, 125, 35, -1,
      35, 125, 126, -1,
      35, 126, 34, -1,
      34, 126, 127, -1,
      34, 127, 33, -1,
      33, 127, 128, -1,
      33, 128, 32, -1,
      32, 128, 24, -1,
      32, 24, 23, -1,
      129, 5, 2, -1,
      82, 130, 6, -1,
      82, 6, 50, -1,
      50, 6, 5, -1,
      50, 5, 129, -1,
      19, 21, 30, -1,
      19, 30, 131, -1,
      131, 30, 29, -1,
      131, 29, 132, -1,
      132, 29, 27, -1,
      132, 27, 26, -1,
      28, 31, 25, -1,
      25, 31, 20, -1,
      20, 19, 131, -1,
      131, 132, 20, -1,
      20, 132, 26, -1,
      20, 26, 25, -1,
      129, 2, 50, -1,
      50, 2, 1, -1,
      11, 75, 3, -1,
      3, 75, 73, -1,
      3, 73, 71, -1,
      65, 63, 3, -1,
      3, 63, 61, -1,
      71, 69, 3, -1,
      3, 69, 67, -1,
      3, 67, 65, -1,
      61, 59, 3, -1,
      3, 59, 57, -1,
      3, 57, 55, -1,
      55, 53, 3, -1,
      3, 53, 46, -1,
      3, 46, 4, -1,
      133, 8, 80, -1,
      133, 80, 134, -1,
      10, 134, 47, -1,
      47, 134, 80, -1,
      47, 80, 48, -1,
      48, 80, 77, -1,
      48, 77, 49, -1,
      49, 77, 79, -1,
      49, 79, 74, -1,
      74, 79, 103, -1,
      74, 103, 72, -1,
      72, 103, 102, -1,
      72, 102, 70, -1,
      70, 102, 101, -1,
      70, 101, 68, -1,
      68, 101, 99, -1,
      68, 99, 66, -1,
      66, 99, 98, -1,
      66, 98, 64, -1,
      64, 98, 96, -1,
      64, 96, 62, -1,
      62, 96, 95, -1,
      62, 95, 60, -1,
      60, 95, 93, -1,
      60, 93, 58, -1,
      58, 93, 92, -1,
      58, 92, 56, -1,
      56, 92, 90, -1,
      56, 90, 54, -1,
      54, 90, 89, -1,
      54, 89, 52, -1,
      52, 89, 87, -1,
      52, 87, 51, -1,
      51, 87, 84, -1,
      51, 84, 50, -1,
      50, 84, 82, -1,
      135, 43, 42, -1,
      42, 136, 135, -1,
      135, 136, 137, -1,
      135, 137, 138, -1,
      138, 137, 139, -1,
      138, 139, 140, -1,
      140, 139, 141, -1,
      140, 141, 142, -1,
      142, 141, 143, -1,
      142, 143, 45, -1,
      45, 143, 144, -1,
      45, 144, 44, -1,
      44, 144, 37, -1,
      44, 37, 38, -1,
      40, 145, 41, -1,
      145, 40, 146, -1,
      146, 40, 39, -1,
      146, 39, 147, -1,
      147, 39, 148, -1,
    ]
  }
}

Shape {
  appearance Appearance {
    material Material {
      diffuseColor 0.2510 0.2510 0.2510
      specularColor 0.1255 0.1255 0.1255
      ambientIntensity 0.2
      transparency 0.0000
      shininess 0.5
    }
  }
  geometry IndexedFaceSet {
    ccw TRUE
    solid FALSE
    coord DEF co Coordinate {
      point [
        1.553149 0.139706 -0.187007,
        1.547302 0.133858 -0.187007,
        1.539370 0.062992 -0.019685,
        1.539370 0.074804 -0.019685,
        1.571763 0.074804 -0.019685,
        1.647638 0.150678 -0.019685,
        1.539370 0.062992 -0.020250,
        1.539370 0.064367 -0.020619,
        1.539370 0.075627 -0.023642,
        1.539370 0.080444 -0.020137,
        1.539370 0.077377 -0.024599,
        1.539370 0.088869 -0.022596,
        1.539370 0.110236 -0.055117,
        1.539370 0.110237 -0.074803,
        1.539370 0.109193 -0.066069,
        1.539370 0.108684 -0.061813,
        1.539370 0.105411 -0.053033,
        1.539370 0.109730 -0.049147,
        1.539370 0.104114 -0.049555,
        1.539370 0.107191 -0.040746,
        1.539370 0.098543 -0.041320,
        1.539370 0.102666 -0.033227,
        1.539370 0.096784 -0.038719,
        1.539370 0.096431 -0.027050,
        1.539370 0.089005 -0.031644,
        1.539370 0.087106 -0.029917,
        1.557086 0.110236 -0.055118,
        1.557222 0.109917 -0.050372,
        1.557348 0.109612 -0.049177,
        1.558063 0.107892 -0.042443,
        1.558407 0.107056 -0.040816,
        1.559511 0.104376 -0.035599,
        1.560304 0.102475 -0.033390,
        1.561956 0.098515 -0.028787,
        1.562883 0.096320 -0.027204,
        1.564580 0.092300 -0.024306,
        1.566037 0.088761 -0.022862,
        1.568057 0.083854 -0.020860,
        1.569468 0.080408 -0.020413,
        1.590420 0.142330 -0.049195,
        1.586266 0.139416 -0.055118,
        1.591831 0.143319 -0.047183,
        1.602652 0.147686 -0.035794,
        1.558407 0.107056 -0.040815,
        1.597500 0.145872 -0.040885,
        1.593424 0.144437 -0.044912,
        1.619460 0.149920 -0.025841,
        1.562882 0.096320 -0.027205,
        1.616294 0.149708 -0.027230,
        1.613439 0.149517 -0.028482,
        1.560304 0.102476 -0.033391,
        1.606167 0.148282 -0.033411,
        1.604246 0.147956 -0.034714,
        1.639656 0.150639 -0.020141,
        1.566037 0.088760 -0.022861,
        1.639561 0.150639 -0.020146,
        1.636343 0.150563 -0.020862,
        1.627618 0.150359 -0.022802,
        1.625122 0.150300 -0.023357,
        1.579646 0.132796 -0.070572,
        1.582665 0.135815 -0.062258,
        1.576772 0.129922 -0.163385,
        1.557087 0.110236 -0.163385,
        1.576772 0.129922 -0.090551,
        1.577687 0.130837 -0.079198,
        1.576772 0.179134 -0.090551,
        1.576772 0.179134 -0.163385,
        1.576179 0.130167 -0.168642,
        1.556841 0.110829 -0.168642,
        1.574432 0.130891 -0.173635,
        1.556117 0.112576 -0.173635,
        1.556721 0.111119 -0.169472,
        1.571618 0.132056 -0.178113,
        1.567878 0.133606 -0.181854,
        1.553402 0.119130 -0.181854,
        1.554177 0.117260 -0.179984,
        1.554952 0.115390 -0.178113,
        1.555729 0.113513 -0.175126,
        1.549479 0.128602 -0.186415,
        1.549823 0.127772 -0.186125,
        1.563399 0.135461 -0.184668,
        1.551547 0.123609 -0.184668,
        1.552165 0.122117 -0.183731,
        1.558406 0.137529 -0.186415,
      ]
    }
    coordIndex [
      6, 2, 7, -1,
      7, 2, 3, -1,
      7, 3, 8, -1,
      8, 3, 9, -1,
      8, 9, 10, -1,
      10, 9, 11, -1,
      12, 13, 14, -1,
      14, 15, 12, -1,
      12, 15, 16, -1,
      12, 16, 17, -1,
      17, 16, 18, -1,
      17, 18, 19, -1,
      19, 18, 20, -1,
      19, 20, 21, -1,
      21, 20, 22, -1,
      21, 22, 23, -1,
      23, 22, 24, -1,
      23, 24, 11, -1,
      11, 24, 25, -1,
      11, 25, 10, -1,
      26, 12, 27, -1,
      27, 12, 17, -1,
      27, 17, 28, -1,
      28, 17, 29, -1,
      29, 17, 19, -1,
      29, 19, 30, -1,
      30, 19, 31, -1,
      31, 19, 21, -1,
      31, 21, 32, -1,
      32, 21, 33, -1,
      33, 21, 23, -1,
      33, 23, 34, -1,
      34, 23, 35, -1,
      35, 23, 11, -1,
      35, 11, 36, -1,
      36, 11, 37, -1,
      37, 11, 9, -1,
      37, 9, 38, -1,
      38, 9, 3, -1,
      38, 3, 4, -1,
      39, 40, 26, -1,
      26, 27, 39, -1,
      39, 27, 28, -1,
      39, 28, 41, -1,
      41, 28, 29, -1,
      31, 42, 43, -1,
      43, 42, 44, -1,
      43, 44, 29, -1,
      29, 44, 45, -1,
      29, 45, 41, -1,
      35, 46, 47, -1,
      47, 46, 48, -1,
      47, 48, 33, -1,
      33, 48, 49, -1,
      33, 49, 50, -1,
      50, 49, 51, -1,
      50, 51, 31, -1,
      31, 51, 52, -1,
      31, 52, 42, -1,
      37, 53, 54, -1,
      54, 53, 55, -1,
      55, 56, 54, -1,
      54, 56, 57, -1,
      54, 57, 35, -1,
      35, 57, 58, -1,
      35, 58, 46, -1,
      37, 38, 53, -1,
      53, 38, 4, -1,
      53, 4, 5, -1,
      59, 26, 60, -1,
      60, 26, 40, -1,
      61, 62, 63, -1,
      63, 62, 26, -1,
      63, 26, 64, -1,
      64, 26, 59, -1,
      65, 66, 63, -1,
      63, 66, 61, -1,
      61, 67, 62, -1,
      62, 67, 68, -1,
      69, 70, 67, -1,
      67, 70, 71, -1,
      67, 71, 68, -1,
      72, 73, 74, -1,
      74, 75, 72, -1,
      72, 75, 76, -1,
      72, 76, 69, -1,
      69, 76, 77, -1,
      69, 77, 70, -1,
      78, 79, 80, -1,
      80, 79, 81, -1,
      80, 81, 73, -1,
      73, 81, 82, -1,
      73, 82, 74, -1,
      80, 83, 78, -1,
      78, 83, 0, -1,
      78, 0, 1, -1,
    ]
  }
}

Shape {
  appearance Appearance {
    material Material {
      diffuseColor 1.0000 1.0000 0.5020
      specularColor 0.8784 0.8784 0.4431
      ambientIntensity 0.2
      transparency 0.0000
      shininess 0.5
    }
  }
  geometry IndexedFaceSet {
    ccw TRUE
    solid FALSE
    coord DEF co Coordinate {
      point [
        1.224409 0.216535 -0.123733,
        1.231496 0.216535 -0.123733,
        1.553149 0.179134 -0.187007,
        1.545275 0.179134 -0.187007,
        1.545276 0.320866 -0.187007,
        1.635827 0.320866 -0.019685,
        1.635827 0.179134 -0.019685,
        1.622306 0.320866 -0.021153,
        1.621828 0.320866 -0.021317,
        1.608878 0.320866 -0.025740,
        1.608520 0.320866 -0.025963,
        1.596818 0.320866 -0.033217,
        1.596578 0.320866 -0.033454,
        1.586737 0.320866 -0.043204,
        1.586601 0.320866 -0.043417,
        1.579146 0.320866 -0.055193,
        1.579091 0.320866 -0.055352,
        1.574433 0.320866 -0.068577,
        1.574423 0.320866 -0.068661,
        1.572835 0.320866 -0.082677,
        1.572835 0.320866 -0.159448,
        1.572835 0.179134 -0.082677,
        1.572835 0.179134 -0.159448,
        1.551227 0.320866 -0.186357,
        1.551401 0.320866 -0.186297,
        1.557133 0.320866 -0.184327,
        1.557226 0.320866 -0.184268,
        1.562429 0.320866 -0.181019,
        1.562456 0.320866 -0.180992,
        1.566819 0.320866 -0.176628,
        1.566845 0.320866 -0.176602,
        1.570095 0.320866 -0.171400,
        1.570154 0.320866 -0.171306,
        1.572124 0.320866 -0.165574,
        1.572184 0.320866 -0.165400,
        1.236220 0.214567 -0.127143,
        1.224409 0.214567 -0.127143,
        1.576772 0.179134 -0.090551,
        1.576772 0.179134 -0.163385,
        1.551408 0.179134 -0.186317,
        1.557233 0.179134 -0.184278,
        1.562458 0.179134 -0.180995,
        1.566822 0.179134 -0.176631,
        1.570106 0.179134 -0.171406,
        1.572144 0.179134 -0.165581,
        1.574414 0.179134 -0.068660,
        1.579073 0.179134 -0.055346,
        1.586578 0.179134 -0.043402,
        1.596552 0.179134 -0.033428,
        1.608495 0.179134 -0.025923,
        1.621810 0.179134 -0.021264,
        1.569853 0.179134 -0.180089,
        1.567757 0.179134 -0.181697,
        1.564961 0.179134 -0.183843,
        1.635827 0.179134 -0.020676,
        1.619954 0.179134 -0.025316,
        1.619381 0.179134 -0.025642,
        1.575967 0.179134 -0.169499,
        1.576081 0.179134 -0.168629,
        1.583000 0.179134 -0.062380,
        1.578701 0.179134 -0.074126,
        1.578100 0.179134 -0.079246,
        1.571461 0.179134 -0.177993,
        1.573607 0.179134 -0.175196,
        1.574280 0.179134 -0.173572,
        1.584385 0.179134 -0.058597,
        1.591909 0.179134 -0.047229,
        1.593513 0.179134 -0.044807,
        1.604288 0.179134 -0.034725,
        1.605589 0.179134 -0.033508,
        1.558393 0.179134 -0.186317,
        1.559263 0.179134 -0.186203,
        1.563336 0.179134 -0.184516,
      ]
    }
    coordIndex [
      4, 3, 23, -1,
      23, 3, 39, -1,
      23, 39, 24, -1,
      24, 39, 25, -1,
      25, 39, 40, -1,
      25, 40, 26, -1,
      26, 40, 27, -1,
      27, 40, 41, -1,
      27, 41, 28, -1,
      28, 41, 29, -1,
      29, 41, 42, -1,
      29, 42, 30, -1,
      30, 42, 43, -1,
      30, 43, 31, -1,
      31, 43, 32, -1,
      32, 43, 44, -1,
      32, 44, 33, -1,
      33, 44, 34, -1,
      34, 44, 22, -1,
      34, 22, 20, -1,
      21, 45, 19, -1,
      19, 45, 18, -1,
      46, 47, 14, -1,
      14, 15, 46, -1,
      46, 15, 16, -1,
      46, 16, 45, -1,
      45, 16, 17, -1,
      45, 17, 18, -1,
      48, 49, 10, -1,
      10, 11, 48, -1,
      48, 11, 12, -1,
      48, 12, 47, -1,
      47, 12, 13, -1,
      47, 13, 14, -1,
      50, 6, 5, -1,
      5, 7, 50, -1,
      50, 7, 8, -1,
      50, 8, 49, -1,
      49, 8, 9, -1,
      49, 9, 10, -1,
      0, 36, 1, -1,
      1, 36, 35, -1,
      39, 3, 2, -1,
      39, 2, 40, -1,
      51, 42, 52, -1,
      52, 42, 41, -1,
      52, 41, 53, -1,
      54, 6, 55, -1,
      55, 6, 50, -1,
      55, 50, 56, -1,
      43, 57, 44, -1,
      44, 57, 58, -1,
      44, 58, 22, -1,
      22, 58, 38, -1,
      22, 38, 21, -1,
      59, 46, 60, -1,
      60, 46, 45, -1,
      60, 45, 61, -1,
      61, 45, 21, -1,
      61, 21, 37, -1,
      37, 21, 38, -1,
      51, 62, 42, -1,
      42, 62, 63, -1,
      42, 63, 43, -1,
      43, 63, 64, -1,
      43, 64, 57, -1,
      59, 65, 46, -1,
      46, 65, 66, -1,
      46, 66, 47, -1,
      47, 66, 67, -1,
      47, 67, 48, -1,
      48, 67, 68, -1,
      48, 68, 69, -1,
      2, 70, 40, -1,
      40, 70, 71, -1,
      40, 71, 41, -1,
      41, 71, 72, -1,
      41, 72, 53, -1,
      56, 50, 69, -1,
      69, 50, 49, -1,
      69, 49, 48, -1,
    ]
  }
}

Shape {
  appearance Appearance {
    material Material {
      diffuseColor 0.2510 0.2510 0.2510
      specularColor 0.1255 0.1255 0.1255
      ambientIntensity 0.2
      transparency 0.0000
      shininess 0.5
    }
  }
  geometry IndexedFaceSet {
    ccw TRUE
    solid FALSE
    coord DEF co Coordinate {
      point [
        1.642756 0.176887 -0.019685,
        1.645070 0.174601 -0.019685,
        1.647638 0.150678 -0.019685,
        1.647638 0.167338 -0.019685,
        1.646539 0.172184 -0.019685,
        1.647533 0.168886 -0.019685,
        1.647611 0.168118 -0.019685,
        1.590420 0.142330 -0.049195,
        1.586266 0.139416 -0.055118,
        1.591831 0.143319 -0.047183,
        1.602652 0.147686 -0.035794,
        1.597500 0.145872 -0.040885,
        1.593424 0.144437 -0.044912,
        1.619460 0.149920 -0.025841,
        1.616294 0.149708 -0.027230,
        1.613439 0.149517 -0.028482,
        1.606167 0.148282 -0.033411,
        1.604246 0.147956 -0.034714,
        1.639656 0.150639 -0.020141,
        1.639561 0.150639 -0.020146,
        1.636343 0.150563 -0.020862,
        1.627618 0.150359 -0.022802,
        1.625122 0.150300 -0.023357,
        1.579646 0.132796 -0.070572,
        1.582665 0.135815 -0.062258,
        1.576772 0.129922 -0.090551,
        1.577687 0.130837 -0.079198,
        1.576772 0.179134 -0.090551,
        1.635827 0.179134 -0.020676,
        1.619954 0.179134 -0.025316,
        1.619381 0.179134 -0.025642,
        1.583000 0.179134 -0.062380,
        1.578701 0.179134 -0.074126,
        1.578100 0.179134 -0.079246,
        1.584385 0.179134 -0.058597,
        1.591909 0.179134 -0.047229,
        1.593513 0.179134 -0.044807,
        1.604288 0.179134 -0.034725,
        1.605589 0.179134 -0.033508,
        1.638247 0.178806 -0.020322,
        1.637363 0.179034 -0.020433,
        1.640147 0.178315 -0.020082,
        1.640614 0.178060 -0.020011,
        1.636285 0.179104 -0.020604,
      ]
    }
    coordIndex [
      39, 40, 19, -1,
      19, 40, 20, -1,
      39, 19, 41, -1,
      41, 19, 18, -1,
      41, 18, 42, -1,
      42, 18, 2, -1,
      42, 2, 3, -1,
      5, 4, 1, -1,
      3, 6, 42, -1,
      42, 6, 5, -1,
      42, 5, 0, -1,
      0, 5, 1, -1,
      29, 21, 28, -1,
      28, 21, 20, -1,
      28, 20, 43, -1,
      43, 20, 40, -1,
      38, 37, 16, -1,
      16, 15, 38, -1,
      38, 15, 14, -1,
      38, 14, 30, -1,
      30, 14, 13, -1,
      30, 13, 29, -1,
      29, 13, 22, -1,
      29, 22, 21, -1,
      9, 12, 35, -1,
      35, 12, 11, -1,
      35, 11, 36, -1,
      36, 11, 10, -1,
      36, 10, 37, -1,
      37, 10, 17, -1,
      37, 17, 16, -1,
      9, 35, 7, -1,
      7, 35, 34, -1,
      7, 34, 8, -1,
      8, 34, 31, -1,
      8, 31, 24, -1,
      24, 31, 23, -1,
      23, 31, 32, -1,
      23, 32, 26, -1,
      32, 33, 26, -1,
      26, 33, 27, -1,
      26, 27, 25, -1,
    ]
  }
}

Shape {
  appearance Appearance {
    material Material {
      diffuseColor 1.0000 1.0000 0.5020
      specularColor 0.8784 0.8784 0.4431
      ambientIntensity 0.2
      transparency 0.0000
      shininess 0.5
    }
  }
  geometry IndexedFaceSet {
    ccw TRUE
    solid FALSE
    coord DEF co Coordinate {
      point [
        1.642756 0.176887 -0.019685,
        1.635827 0.179134 -0.019685,
        1.638266 0.178880 -0.019685,
        1.640640 0.178109 -0.019685,
        1.635827 0.179134 -0.020676,
        1.638247 0.178806 -0.020322,
        1.640614 0.178060 -0.020011,
        1.636285 0.179104 -0.020604,
        1.637363 0.179033 -0.020433,
        1.640147 0.178315 -0.020082,
      ]
    }
    coordIndex [
      0, 3, 6, -1,
      4, 7, 1, -1,
      1, 7, 8, -1,
      1, 8, 2, -1,
      2, 8, 5, -1,
      2, 5, 3, -1,
      3, 5, 9, -1,
      3, 9, 6, -1,
    ]
  }
}

Shape {
  appearance Appearance {
    material Material {
      diffuseColor 0.2510 0.2510 0.2510
      specularColor 0.1255 0.1255 0.1255
      ambientIntensity 0.2
      transparency 0.0000
      shininess 0.5
    }
  }
  geometry IndexedFaceSet {
    ccw TRUE
    solid FALSE
    coord DEF co Coordinate {
      point [
        1.553149 0.139706 -0.187007,
        1.553149 0.179134 -0.187007,
        1.576772 0.129922 -0.163385,
        1.576772 0.179134 -0.163385,
        1.576179 0.130167 -0.168642,
        1.574432 0.130891 -0.173635,
        1.571618 0.132056 -0.178113,
        1.567878 0.133606 -0.181854,
        1.563399 0.135461 -0.184668,
        1.558406 0.137529 -0.186415,
        1.569853 0.179134 -0.180089,
        1.567757 0.179134 -0.181697,
        1.564961 0.179134 -0.183843,
        1.575967 0.179134 -0.169499,
        1.576081 0.179134 -0.168629,
        1.571461 0.179134 -0.177993,
        1.573607 0.179134 -0.175196,
        1.574280 0.179134 -0.173572,
        1.558393 0.179134 -0.186317,
        1.559263 0.179134 -0.186203,
        1.563336 0.179134 -0.184516,
      ]
    }
    coordIndex [
      2, 3, 14, -1,
      2, 14, 4, -1,
      4, 14, 13, -1,
      4, 13, 5, -1,
      13, 17, 5, -1,
      5, 17, 16, -1,
      5, 16, 6, -1,
      16, 15, 6, -1,
      6, 15, 10, -1,
      6, 10, 7, -1,
      10, 11, 7, -1,
      7, 11, 12, -1,
      7, 12, 8, -1,
      12, 20, 8, -1,
      8, 20, 19, -1,
      8, 19, 9, -1,
      19, 18, 9, -1,
      9, 18, 1, -1,
      9, 1, 0, -1,
    ]
  }
}

Shape {
  appearance Appearance {
    material Material {
      diffuseColor 1.0000 1.0000 0.5020
      specularColor 0.8784 0.8784 0.4431
      ambientIntensity 0.2
      transparency 0.0000
      shininess 0.5
    }
  }
  geometry IndexedFaceSet {
    ccw TRUE
    solid FALSE
    coord DEF co Coordinate {
      point [
        1.279528 0.094488 -0.086614,
        1.279528 0.094488 -0.108268,
        1.220472 0.094488 -0.108268,
        1.220472 0.094488 -0.086614,
        1.279528 0.090325 -0.068087,
        1.279528 0.086514 -0.061572,
        1.220472 0.086514 -0.061572,
        1.220472 0.093479 -0.077319,
        1.279528 0.093479 -0.077319,
        1.220472 0.090325 -0.068087,
        1.220472 0.098223 -0.107022,
        1.220472 0.104124 -0.086420,
        1.220472 0.106050 -0.090839,
        1.220472 0.106299 -0.093249,
        1.220472 0.105315 -0.088530,
        1.220472 0.106299 -0.095818,
        1.220472 0.105933 -0.098737,
        1.220472 0.104856 -0.101476,
        1.220472 0.103135 -0.103863,
        1.220472 0.100877 -0.105752,
        1.279528 0.098223 -0.107022,
        1.279528 0.104124 -0.086420,
        1.279528 0.106299 -0.093249,
        1.279528 0.106050 -0.090839,
        1.279528 0.105315 -0.088530,
        1.279528 0.106299 -0.095818,
        1.279528 0.100877 -0.105752,
        1.279528 0.103135 -0.103863,
        1.279528 0.104856 -0.101476,
        1.279528 0.105933 -0.098737,
      ]
    }
    coordIndex [
      10, 2, 3, -1,
      6, 11, 9, -1,
      9, 11, 7, -1,
      12, 13, 3, -1,
      7, 11, 3, -1,
      3, 11, 14, -1,
      3, 14, 12, -1,
      13, 15, 3, -1,
      3, 15, 16, -1,
      3, 16, 17, -1,
      17, 18, 3, -1,
      3, 18, 19, -1,
      3, 19, 10, -1,
      2, 10, 1, -1,
      1, 10, 20, -1,
      5, 21, 6, -1,
      6, 21, 11, -1,
      22, 13, 12, -1,
      22, 12, 23, -1,
      23, 12, 14, -1,
      23, 14, 24, -1,
      24, 14, 11, -1,
      24, 11, 21, -1,
      15, 13, 25, -1,
      25, 13, 22, -1,
      20, 10, 19, -1,
      20, 19, 26, -1,
      26, 19, 18, -1,
      26, 18, 27, -1,
      27, 18, 17, -1,
      27, 17, 28, -1,
      28, 17, 16, -1,
      28, 16, 29, -1,
      29, 16, 15, -1,
      29, 15, 25, -1,
      5, 4, 21, -1,
      21, 4, 8, -1,
      21, 8, 0, -1,
      0, 1, 20, -1,
      22, 23, 0, -1,
      0, 23, 24, -1,
      0, 24, 21, -1,
      20, 26, 0, -1,
      0, 26, 27, -1,
      0, 27, 28, -1,
      28, 29, 0, -1,
      0, 29, 25, -1,
      0, 25, 22, -1,
    ]
  }
}

Shape {
  appearance Appearance {
    material Material {
      diffuseColor 0.2510 0.2510 0.2510
      specularColor 0.1255 0.1255 0.1255
      ambientIntensity 0.2
      transparency 0.0000
      shininess 0.5
    }
  }
  geometry IndexedFaceSet {
    ccw TRUE
    solid FALSE
    coord DEF co Coordinate {
      point [
        1.314960 0.094488 -0.167322,
        1.314960 0.094488 -0.086614,
        1.313829 0.097219 -0.177106,
        1.314153 0.096437 -0.175863,
        1.314656 0.095224 -0.172394,
        1.314756 0.094981 -0.171703,
        1.306806 0.114173 -0.187007,
        1.308621 0.109793 -0.186514,
        1.308907 0.109101 -0.186272,
        1.310859 0.104389 -0.184277,
        1.311890 0.101900 -0.182713,
        1.312536 0.100341 -0.181154,
        1.547302 0.133858 -0.187007,
        1.326492 0.133858 -0.187007,
        1.330709 0.110236 -0.074803,
        1.314961 0.094489 -0.074803,
        1.557087 0.110236 -0.163385,
        1.556841 0.110829 -0.168642,
        1.556117 0.112576 -0.173635,
        1.556721 0.111119 -0.169472,
        1.553402 0.119130 -0.181854,
        1.554177 0.117260 -0.179984,
        1.554952 0.115390 -0.178113,
        1.555729 0.113513 -0.175126,
        1.549479 0.128602 -0.186415,
        1.549823 0.127772 -0.186125,
        1.551547 0.123609 -0.184668,
        1.552165 0.122117 -0.183731,
        1.330709 0.110236 -0.163385,
        1.331039 0.110567 -0.167322,
        1.331498 0.111796 -0.171696,
        1.331546 0.111924 -0.172152,
        1.331263 0.111168 -0.169464,
        1.331489 0.113509 -0.175139,
        1.331477 0.113876 -0.175831,
        1.313181 0.098783 -0.179596,
        1.331030 0.116767 -0.179527,
        1.330952 0.117207 -0.180044,
        1.331462 0.114305 -0.176639,
        1.330220 0.120376 -0.182590,
        1.329815 0.122056 -0.183832,
        1.310344 0.105632 -0.185058,
        1.330870 0.117678 -0.180595,
        1.329141 0.124530 -0.184906,
        1.328374 0.127334 -0.186089,
        1.329792 0.122150 -0.183902,
        1.328253 0.127752 -0.186155,
        1.327871 0.129080 -0.186365,
        1.326728 0.133048 -0.186994,
        1.328373 0.127334 -0.186089,
        1.329792 0.122150 -0.183902,
        1.330870 0.117678 -0.180596,
        1.331461 0.114305 -0.176639,
        1.331544 0.111923 -0.172152,
      ]
    }
    coordIndex [
      15, 14, 1, -1,
      1, 14, 28, -1,
      1, 28, 0, -1,
      0, 28, 29, -1,
      5, 0, 29, -1,
      30, 31, 3, -1,
      29, 32, 5, -1,
      5, 32, 30, -1,
      5, 30, 4, -1,
      4, 30, 3, -1,
      31, 33, 3, -1,
      3, 33, 34, -1,
      3, 34, 2, -1,
      2, 34, 35, -1,
      36, 37, 10, -1,
      34, 38, 35, -1,
      35, 38, 36, -1,
      35, 36, 11, -1,
      11, 36, 10, -1,
      39, 40, 41, -1,
      37, 42, 10, -1,
      10, 42, 39, -1,
      10, 39, 9, -1,
      9, 39, 41, -1,
      43, 44, 7, -1,
      40, 45, 41, -1,
      41, 45, 43, -1,
      41, 43, 8, -1,
      8, 43, 7, -1,
      44, 46, 7, -1,
      7, 46, 47, -1,
      7, 47, 6, -1,
      6, 47, 48, -1,
      6, 48, 13, -1,
      12, 13, 24, -1,
      24, 13, 48, -1,
      24, 48, 25, -1,
      48, 47, 25, -1,
      25, 47, 46, -1,
      25, 46, 49, -1,
      49, 43, 25, -1,
      25, 43, 50, -1,
      25, 50, 26, -1,
      26, 50, 40, -1,
      26, 40, 27, -1,
      40, 39, 27, -1,
      27, 39, 51, -1,
      27, 51, 20, -1,
      20, 51, 37, -1,
      20, 37, 21, -1,
      37, 36, 21, -1,
      21, 36, 52, -1,
      21, 52, 22, -1,
      22, 52, 34, -1,
      22, 34, 23, -1,
      23, 34, 33, -1,
      23, 33, 18, -1,
      18, 33, 53, -1,
      18, 53, 19, -1,
      53, 30, 19, -1,
      19, 30, 32, -1,
      19, 32, 17, -1,
      17, 32, 29, -1,
      17, 29, 16, -1,
      16, 29, 28, -1,
    ]
  }
}

Shape {
  appearance Appearance {
    material Material {
      diffuseColor 1.0000 1.0000 0.5020
      specularColor 0.8784 0.8784 0.4431
      ambientIntensity 0.2
      transparency 0.0000
      shininess 0.5
    }
  }
  geometry IndexedFaceSet {
    ccw TRUE
    solid FALSE
    coord DEF co Coordinate {
      point [
        1.722441 0.025591 -0.059055,
        1.683071 -0.013779 -0.059055,
        1.330709 -0.013779 -0.059055,
        1.314961 0.001969 -0.059055,
        1.330708 0.055119 -0.019685,
        1.330708 0.025591 -0.019685,
        1.683071 0.025591 -0.019685,
        1.314961 0.055119 -0.035433,
        1.314961 0.007182 -0.044252,
        1.314961 0.010962 -0.040507,
        1.314961 0.002568 -0.053767,
        1.314961 0.004336 -0.048748,
        1.314961 0.025591 -0.035433,
        1.314961 0.020520 -0.035983,
        1.314961 0.015485 -0.037704,
        1.699913 0.025591 -0.023469,
        1.713752 0.025591 -0.034384,
        1.718496 0.025591 -0.041877,
        1.721442 0.025591 -0.050242,
        1.330709 -0.012822 -0.050609,
        1.330709 -0.012780 -0.050243,
        1.330709 -0.009957 -0.042225,
        1.330709 -0.009834 -0.041878,
        1.330709 -0.005288 -0.034696,
        1.330709 -0.005091 -0.034384,
        1.330709 0.000948 -0.028402,
        1.330709 0.001210 -0.028142,
        1.330709 0.008434 -0.023664,
        1.330709 0.017141 -0.020602,
        1.330709 0.016791 -0.020721,
        1.330709 0.008748 -0.023469,
        1.683071 -0.012822 -0.050609,
        1.683071 -0.012780 -0.050242,
        1.683071 -0.009957 -0.042225,
        1.683071 -0.009834 -0.041877,
        1.683071 -0.005288 -0.034696,
        1.683071 -0.005091 -0.034383,
        1.683071 0.000948 -0.028402,
        1.683071 0.001210 -0.028142,
        1.683071 0.008434 -0.023664,
        1.683071 0.008748 -0.023469,
        1.683071 0.016791 -0.020721,
        1.683071 0.017141 -0.020602,
        1.691521 0.009141 -0.024298,
        1.691521 0.001778 -0.028863,
        1.691521 -0.004376 -0.034959,
        1.691521 -0.009009 -0.042278,
        1.691521 -0.011886 -0.050448,
        1.691521 -0.012862 -0.059055,
        1.721442 0.023699 -0.050448,
        1.718496 0.021904 -0.042278,
        1.713752 0.020296 -0.034959,
        1.707452 0.025591 -0.028142,
        1.707451 0.018956 -0.028863,
        1.699913 0.017953 -0.024298,
        1.691521 0.025591 -0.020602,
        1.691521 0.017337 -0.021498,
        1.699913 0.010367 -0.026890,
        1.699913 0.003554 -0.031114,
        1.707451 0.012366 -0.031114,
        1.707451 0.006448 -0.034783,
        1.713752 0.015036 -0.036755,
        1.713752 0.010313 -0.039683,
        1.718496 0.018242 -0.043528,
        1.718496 0.014953 -0.045567,
        1.721442 0.021821 -0.051089,
        1.721442 0.020133 -0.052135,
        1.699913 -0.002141 -0.036755,
        1.707451 0.001500 -0.039683,
        1.713752 0.006365 -0.043595,
        1.718496 0.012204 -0.048291,
        1.721442 0.018723 -0.053532,
        1.699913 -0.006429 -0.043528,
        1.699913 -0.009092 -0.051089,
        1.707451 -0.002224 -0.045567,
        1.707451 -0.004537 -0.052135,
        1.713752 0.003392 -0.048291,
        1.713752 0.001546 -0.053532,
        1.718496 0.010135 -0.051560,
        1.718496 0.008849 -0.055210,
        1.721442 0.017661 -0.055210,
        1.721442 0.017002 -0.057082,
        1.699913 -0.009994 -0.059055,
        1.707451 -0.005322 -0.059055,
        1.713752 0.000920 -0.059055,
        1.718496 0.008413 -0.059055,
        1.721442 0.016778 -0.059055,
      ]
    }
    coordIndex [
      5, 4, 12, -1,
      12, 4, 7, -1,
      2, 19, 3, -1,
      3, 19, 10, -1,
      19, 20, 10, -1,
      10, 20, 21, -1,
      10, 21, 11, -1,
      21, 22, 11, -1,
      11, 22, 23, -1,
      11, 23, 8, -1,
      23, 24, 8, -1,
      8, 24, 25, -1,
      8, 25, 9, -1,
      25, 26, 9, -1,
      9, 26, 27, -1,
      9, 27, 14, -1,
      5, 12, 28, -1,
      28, 12, 13, -1,
      28, 13, 29, -1,
      29, 13, 14, -1,
      29, 14, 30, -1,
      30, 14, 27, -1,
      2, 1, 19, -1,
      19, 1, 31, -1,
      19, 31, 20, -1,
      20, 31, 32, -1,
      20, 32, 21, -1,
      21, 32, 33, -1,
      21, 33, 22, -1,
      22, 33, 34, -1,
      22, 34, 23, -1,
      23, 34, 35, -1,
      23, 35, 24, -1,
      24, 35, 36, -1,
      24, 36, 25, -1,
      25, 36, 37, -1,
      25, 37, 26, -1,
      26, 37, 38, -1,
      26, 38, 27, -1,
      27, 38, 39, -1,
      27, 39, 30, -1,
      30, 39, 40, -1,
      30, 40, 29, -1,
      29, 40, 41, -1,
      29, 41, 28, -1,
      28, 41, 42, -1,
      28, 42, 5, -1,
      5, 42, 6, -1,
      41, 40, 43, -1,
      39, 38, 44, -1,
      37, 36, 45, -1,
      35, 34, 46, -1,
      33, 32, 47, -1,
      31, 1, 48, -1,
      0, 18, 49, -1,
      49, 18, 17, -1,
      49, 17, 50, -1,
      50, 17, 16, -1,
      50, 16, 51, -1,
      51, 16, 52, -1,
      51, 52, 53, -1,
      53, 52, 15, -1,
      53, 15, 54, -1,
      54, 15, 55, -1,
      54, 55, 56, -1,
      56, 55, 6, -1,
      56, 6, 42, -1,
      40, 39, 43, -1,
      43, 39, 44, -1,
      43, 44, 57, -1,
      57, 44, 58, -1,
      57, 58, 59, -1,
      59, 58, 60, -1,
      59, 60, 61, -1,
      61, 60, 62, -1,
      61, 62, 63, -1,
      63, 62, 64, -1,
      63, 64, 65, -1,
      65, 64, 66, -1,
      65, 66, 0, -1,
      38, 37, 44, -1,
      44, 37, 45, -1,
      44, 45, 58, -1,
      58, 45, 67, -1,
      58, 67, 60, -1,
      60, 67, 68, -1,
      60, 68, 62, -1,
      62, 68, 69, -1,
      62, 69, 64, -1,
      64, 69, 70, -1,
      64, 70, 66, -1,
      66, 70, 71, -1,
      66, 71, 0, -1,
      42, 41, 56, -1,
      56, 41, 43, -1,
      56, 43, 54, -1,
      54, 43, 57, -1,
      54, 57, 53, -1,
      53, 57, 59, -1,
      53, 59, 51, -1,
      51, 59, 61, -1,
      51, 61, 50, -1,
      50, 61, 63, -1,
      50, 63, 49, -1,
      49, 63, 65, -1,
      49, 65, 0, -1,
      34, 33, 46, -1,
      46, 33, 47, -1,
      46, 47, 72, -1,
      72, 47, 73, -1,
      72, 73, 74, -1,
      74, 73, 75, -1,
      74, 75, 76, -1,
      76, 75, 77, -1,
      76, 77, 78, -1,
      78, 77, 79, -1,
      78, 79, 80, -1,
      80, 79, 81, -1,
      80, 81, 0, -1,
      32, 31, 47, -1,
      47, 31, 48, -1,
      47, 48, 73, -1,
      73, 48, 82, -1,
      73, 82, 75, -1,
      75, 82, 83, -1,
      75, 83, 77, -1,
      77, 83, 84, -1,
      77, 84, 79, -1,
      79, 84, 85, -1,
      79, 85, 81, -1,
      81, 85, 86, -1,
      81, 86, 0, -1,
      36, 35, 45, -1,
      45, 35, 46, -1,
      45, 46, 67, -1,
      67, 46, 72, -1,
      67, 72, 68, -1,
      68, 72, 74, -1,
      68, 74, 69, -1,
      69, 74, 76, -1,
      69, 76, 70, -1,
      70, 76, 78, -1,
      70, 78, 71, -1,
      71, 78, 80, -1,
      71, 80, 0, -1,
    ]
  }
}

Shape {
  appearance Appearance {
    material Material {
      diffuseColor 0.2510 0.2510 0.2510
      specularColor 0.1255 0.1255 0.1255
      ambientIntensity 0.2
      transparency 0.0000
      shininess 0.5
    }
  }
  geometry IndexedFaceSet {
    ccw TRUE
    solid FALSE
    coord DEF co Coordinate {
      point [
        1.757874 -0.009843 -0.230315,
        1.735586 -0.045314 -0.230315,
        1.727314 -0.048208 -0.230315,
        1.749285 -0.034389 -0.230315,
        1.743163 -0.040511 -0.230315,
        1.727265 -0.048226 -0.230315,
        1.718504 -0.049213 -0.230315,
        1.743051 -0.040623 -0.230315,
        1.735675 -0.045257 -0.230315,
        1.756887 -0.018603 -0.230315,
        1.754062 -0.026676 -0.230315,
        1.753975 -0.026924 -0.230315,
        1.749397 -0.034211 -0.230315,
        1.756922 -0.018289 -0.230315,
        1.718504 -0.049212 -0.115906,
        1.718504 -0.049212 -0.078211,
        1.718504 -0.049213 -0.189396,
        1.718504 -0.049212 -0.059055,
        1.718504 -0.049213 -0.126774,
        1.718504 -0.049213 -0.174712,
        1.757874 -0.009842 -0.059055,
        1.752599 -0.029527 -0.059055,
        1.753822 -0.026574 -0.059055,
        1.756765 -0.018267 -0.059055,
        1.756533 -0.020032 -0.059055,
        1.738189 -0.043938 -0.059055,
        1.742976 -0.040265 -0.059055,
        1.746343 -0.037681 -0.059055,
        1.749152 -0.034020 -0.059055,
        1.727295 -0.048055 -0.059055,
        1.728694 -0.047871 -0.059055,
        1.735579 -0.045019 -0.059055,
      ]
    }
    coordIndex [
      14, 29, 15, -1,
      15, 29, 17, -1,
      18, 19, 2, -1,
      2, 19, 16, -1,
      2, 16, 5, -1,
      5, 16, 6, -1,
      14, 18, 29, -1,
      29, 18, 2, -1,
      29, 2, 30, -1,
      30, 2, 1, -1,
      30, 1, 31, -1,
      31, 1, 8, -1,
      31, 8, 25, -1,
      25, 8, 7, -1,
      25, 7, 26, -1,
      26, 7, 4, -1,
      26, 4, 27, -1,
      27, 4, 3, -1,
      27, 3, 28, -1,
      28, 3, 12, -1,
      28, 12, 21, -1,
      21, 12, 11, -1,
      21, 11, 22, -1,
      22, 11, 10, -1,
      22, 10, 24, -1,
      24, 10, 9, -1,
      24, 9, 23, -1,
      23, 9, 13, -1,
      23, 13, 20, -1,
      20, 13, 0, -1,
    ]
  }
}

Shape {
  appearance Appearance {
    material Material {
      diffuseColor 1.0000 1.0000 0.5020
      specularColor 0.8784 0.8784 0.4431
      ambientIntensity 0.2
      transparency 0.0000
      shininess 0.5
    }
  }
  geometry IndexedFaceSet {
    ccw TRUE
    solid FALSE
    coord DEF co Coordinate {
      point [
        1.226378 -0.000915 -0.230315,
        1.226378 -0.049213 -0.230315,
        1.639764 -0.008788 -0.230315,
        1.431103 -0.008789 -0.230315,
        1.639764 -0.049213 -0.230315,
        1.431103 -0.049213 -0.230315,
        1.273622 -0.049213 -0.230315,
        1.273622 -0.000915 -0.230315,
        1.489872 -0.049213 -0.212598,
        1.525552 -0.049213 -0.212598,
        1.431103 -0.049213 -0.212598,
        1.226378 -0.049213 -0.212598,
        1.273622 -0.049213 -0.212598,
        1.639764 -0.049213 -0.212598,
        1.605210 -0.049213 -0.212598,
        1.584728 -0.049213 -0.212598,
        1.576086 -0.049213 -0.212598,
        1.559144 -0.049213 -0.212598,
        1.527774 -0.049213 -0.212598,
        1.619437 -0.049213 -0.212598,
        1.631150 -0.049213 -0.212598,
        1.431103 -0.053150 -0.212598,
        1.431103 -0.053150 -0.236220,
        1.431103 -0.015295 -0.233558,
        1.431103 -0.022288 -0.235549,
        1.431103 -0.029528 -0.236220,
        1.639764 -0.053150 -0.212598,
        1.639764 -0.053150 -0.236220,
        1.639764 -0.029528 -0.236220,
        1.639764 -0.022288 -0.235549,
        1.639764 -0.015295 -0.233558,
        1.226378 -0.053150 -0.212598,
        1.226378 -0.053150 -0.236220,
        1.226378 -0.021654 -0.236220,
        1.226378 -0.007462 -0.233574,
        1.226378 -0.014500 -0.235565,
        1.273622 -0.053150 -0.212598,
        1.273622 -0.053150 -0.236220,
        1.273622 -0.021654 -0.236220,
        1.273622 -0.014500 -0.235565,
        1.273622 -0.007462 -0.233574,
      ]
    }
    coordIndex [
      21, 10, 22, -1,
      22, 10, 5, -1,
      5, 3, 23, -1,
      23, 24, 5, -1,
      5, 24, 25, -1,
      5, 25, 22, -1,
      13, 26, 4, -1,
      4, 26, 27, -1,
      4, 27, 28, -1,
      28, 29, 4, -1,
      4, 29, 30, -1,
      4, 30, 2, -1,
      3, 2, 30, -1,
      3, 30, 23, -1,
      23, 30, 29, -1,
      23, 29, 24, -1,
      24, 29, 28, -1,
      24, 28, 25, -1,
      8, 10, 21, -1,
      13, 20, 26, -1,
      26, 20, 19, -1,
      19, 14, 26, -1,
      26, 14, 15, -1,
      26, 15, 16, -1,
      16, 17, 26, -1,
      26, 17, 18, -1,
      26, 18, 21, -1,
      21, 18, 9, -1,
      21, 9, 8, -1,
      22, 25, 27, -1,
      27, 25, 28, -1,
      26, 21, 27, -1,
      27, 21, 22, -1,
      31, 11, 32, -1,
      32, 11, 1, -1,
      32, 1, 33, -1,
      0, 34, 1, -1,
      1, 34, 35, -1,
      1, 35, 33, -1,
      12, 36, 6, -1,
      6, 36, 37, -1,
      6, 37, 38, -1,
      38, 39, 6, -1,
      6, 39, 40, -1,
      6, 40, 7, -1,
      39, 38, 33, -1,
      33, 35, 39, -1,
      39, 35, 34, -1,
      39, 34, 40, -1,
      40, 34, 0, -1,
      40, 0, 7, -1,
      36, 12, 31, -1,
      31, 12, 11, -1,
      38, 37, 33, -1,
      33, 37, 32, -1,
      31, 32, 36, -1,
      36, 32, 37, -1,
    ]
  }
}

Shape {
  appearance Appearance {
    material Material {
      diffuseColor 0.2510 0.2510 0.2510
      specularColor 0.1255 0.1255 0.1255
      ambientIntensity 0.2
      transparency 0.0000
      shininess 0.5
    }
  }
  geometry IndexedFaceSet {
    ccw TRUE
    solid FALSE
    coord DEF co Coordinate {
      point [
        1.456693 0.055121 -0.019685,
        1.330708 0.055119 -0.019685,
        1.330709 0.110236 -0.074803,
        1.330709 0.109533 -0.066028,
        1.330709 0.063890 -0.020429,
        1.330709 0.064406 -0.020473,
        1.330709 0.076980 -0.024273,
        1.330709 0.077474 -0.024422,
        1.330709 0.088729 -0.031196,
        1.330709 0.089171 -0.031462,
        1.330709 0.098415 -0.040794,
        1.330709 0.098778 -0.041160,
        1.330709 0.105446 -0.052478,
        1.330709 0.105707 -0.052923,
        1.330709 0.109389 -0.065533,
        1.456693 0.062992 -0.020250,
        1.498031 0.062992 -0.020250,
        1.517874 0.062992 -0.020250,
        1.539370 0.062992 -0.020250,
        1.539370 0.064367 -0.020619,
        1.539370 0.075627 -0.023642,
        1.539370 0.077377 -0.024599,
        1.539370 0.110236 -0.055117,
        1.539370 0.110237 -0.074803,
        1.539370 0.109193 -0.066069,
        1.539370 0.108684 -0.061813,
        1.539370 0.105411 -0.053033,
        1.539370 0.104114 -0.049555,
        1.539370 0.098543 -0.041320,
        1.539370 0.096784 -0.038719,
        1.539370 0.089005 -0.031644,
        1.539370 0.087106 -0.029917,
        1.557086 0.110236 -0.055118,
        1.557087 0.110236 -0.163385,
        1.330709 0.110236 -0.163385,
        1.496850 0.109980 -0.069486,
        1.491168 0.109476 -0.066036,
        1.457877 0.110237 -0.074803,
        1.462204 0.109980 -0.069488,
        1.464284 0.109675 -0.066954,
        1.465047 0.109518 -0.066030,
        1.488189 0.109213 -0.064228,
        1.482559 0.109213 -0.064228,
        1.477362 0.109213 -0.064228,
        1.466535 0.109213 -0.064228,
        1.505506 0.110237 -0.074803,
        1.501007 0.110167 -0.072031,
        1.507874 0.110236 -0.123733,
        1.496063 0.110236 -0.123733,
        1.502005 0.110236 -0.120241,
        1.457283 0.110236 -0.075542,
        1.456693 0.110236 -0.116628,
        1.459605 0.110236 -0.120214,
        1.456693 0.110236 -0.123733,
        1.461034 0.110236 -0.121910,
        1.462598 0.110236 -0.123733,
        1.456693 0.110236 -0.076285,
        1.456693 0.110236 -0.128279,
        1.507874 0.110236 -0.128279,
        1.504833 0.110236 -0.118524,
        1.507874 0.110236 -0.116628,
        1.507874 0.110236 -0.076285,
        1.507788 0.110236 -0.076231,
        1.506692 0.110236 -0.075541,
        1.506123 0.110236 -0.075185,
        1.456999 0.110236 -0.075898,
        1.456735 0.110236 -0.076232,
      ]
    }
    coordIndex [
      35, 36, 24, -1,
      4, 1, 0, -1,
      4, 0, 5, -1,
      15, 16, 19, -1,
      19, 16, 17, -1,
      19, 17, 18, -1,
      37, 2, 38, -1,
      38, 2, 3, -1,
      38, 3, 39, -1,
      39, 3, 40, -1,
      24, 36, 25, -1,
      25, 36, 41, -1,
      25, 41, 26, -1,
      26, 41, 42, -1,
      26, 42, 43, -1,
      40, 3, 44, -1,
      44, 3, 14, -1,
      44, 14, 13, -1,
      23, 45, 24, -1,
      24, 45, 46, -1,
      24, 46, 35, -1,
      43, 44, 26, -1,
      26, 44, 13, -1,
      26, 13, 27, -1,
      27, 13, 12, -1,
      27, 12, 28, -1,
      28, 12, 11, -1,
      28, 11, 29, -1,
      29, 11, 10, -1,
      29, 10, 30, -1,
      30, 10, 9, -1,
      30, 9, 31, -1,
      31, 9, 8, -1,
      31, 8, 21, -1,
      21, 8, 7, -1,
      21, 7, 20, -1,
      20, 7, 6, -1,
      20, 6, 19, -1,
      19, 6, 5, -1,
      19, 5, 15, -1,
      15, 5, 0, -1,
      23, 22, 32, -1,
      47, 48, 49, -1,
      2, 37, 50, -1,
      51, 52, 53, -1,
      53, 52, 54, -1,
      53, 54, 55, -1,
      56, 51, 2, -1,
      2, 51, 53, -1,
      2, 53, 34, -1,
      34, 53, 57, -1,
      34, 57, 33, -1,
      33, 57, 58, -1,
      33, 58, 32, -1,
      32, 58, 47, -1,
      32, 47, 23, -1,
      49, 59, 47, -1,
      47, 59, 60, -1,
      47, 60, 23, -1,
      23, 60, 61, -1,
      23, 61, 62, -1,
      62, 63, 23, -1,
      23, 63, 64, -1,
      23, 64, 45, -1,
      50, 65, 2, -1,
      2, 65, 66, -1,
      2, 66, 56, -1,
    ]
  }
}

Shape {
  appearance Appearance {
    material Material {
      diffuseColor 1.0000 1.0000 0.5020
      specularColor 0.8784 0.8784 0.4431
      ambientIntensity 0.2
      transparency 0.0000
      shininess 0.5
    }
  }
  geometry IndexedFaceSet {
    ccw TRUE
    solid FALSE
    coord DEF co Coordinate {
      point [
        1.496850 0.109980 -0.069486,
        1.491168 0.109476 -0.066036,
        1.488189 0.109213 -0.064228,
        1.505506 0.110237 -0.074803,
        1.501007 0.110167 -0.072031,
        1.496063 0.110236 -0.123733,
        1.502005 0.110236 -0.120241,
        1.456693 0.110236 -0.128279,
        1.507874 0.110236 -0.128279,
        1.504833 0.110236 -0.118524,
        1.507874 0.110236 -0.116628,
        1.507874 0.110236 -0.076285,
        1.507788 0.110236 -0.076231,
        1.506692 0.110236 -0.075541,
        1.506123 0.110236 -0.075185,
        1.488189 0.118813 -0.122221,
        1.488189 0.112205 -0.127143,
        1.507874 0.114657 -0.080706,
        1.488189 0.116214 -0.068473,
        1.488189 0.116258 -0.068499,
        1.507874 0.112056 -0.115064,
        1.488189 0.119075 -0.121905,
        1.507874 0.116061 -0.110222,
        1.488189 0.124359 -0.115516,
        1.488189 0.124513 -0.115192,
        1.507874 0.118766 -0.104549,
        1.488189 0.128103 -0.107662,
        1.488189 0.128164 -0.107360,
        1.507874 0.120006 -0.098389,
        1.488189 0.129820 -0.099131,
        1.488189 0.129808 -0.098875,
        1.507874 0.119707 -0.092111,
        1.488189 0.129407 -0.090440,
        1.488189 0.129347 -0.090244,
        1.507874 0.117888 -0.086096,
        1.488189 0.126888 -0.082111,
        1.488189 0.126809 -0.081979,
        1.488189 0.122415 -0.074648,
        1.488189 0.122342 -0.074575,
        1.456693 0.112205 -0.127143,
        1.466535 0.112205 -0.127143,
        1.507874 0.112205 -0.127143,
      ]
    }
    coordIndex [
      10, 9, 15, -1,
      9, 6, 15, -1,
      15, 6, 5, -1,
      15, 5, 16, -1,
      12, 11, 17, -1,
      18, 2, 1, -1,
      18, 1, 19, -1,
      1, 0, 19, -1,
      19, 0, 4, -1,
      19, 4, 3, -1,
      3, 14, 19, -1,
      19, 14, 13, -1,
      19, 13, 12, -1,
      10, 15, 20, -1,
      20, 15, 21, -1,
      20, 21, 22, -1,
      21, 23, 22, -1,
      22, 23, 24, -1,
      22, 24, 25, -1,
      24, 26, 25, -1,
      25, 26, 27, -1,
      25, 27, 28, -1,
      27, 29, 28, -1,
      28, 29, 30, -1,
      28, 30, 31, -1,
      30, 32, 31, -1,
      31, 32, 33, -1,
      31, 33, 34, -1,
      33, 35, 34, -1,
      34, 35, 36, -1,
      34, 36, 17, -1,
      17, 36, 37, -1,
      17, 37, 12, -1,
      12, 37, 38, -1,
      12, 38, 19, -1,
      17, 11, 20, -1,
      20, 11, 10, -1,
      28, 20, 25, -1,
      25, 20, 22, -1,
      28, 31, 20, -1,
      20, 31, 34, -1,
      20, 34, 17, -1,
      39, 40, 7, -1,
      7, 40, 16, -1,
      7, 16, 8, -1,
      8, 16, 41, -1,
    ]
  }
}

Shape {
  appearance Appearance {
    material Material {
      diffuseColor 0.2510 0.2510 0.2510
      specularColor 0.1255 0.1255 0.1255
      ambientIntensity 0.2
      transparency 0.0000
      shininess 0.5
    }
  }
  geometry IndexedFaceSet {
    ccw TRUE
    solid FALSE
    coord DEF co Coordinate {
      point [
        1.507874 0.110236 -0.123733,
        1.496063 0.110236 -0.123733,
        1.507874 0.110236 -0.128279,
        1.488189 0.112205 -0.127143,
        1.507874 0.112205 -0.127143,
      ]
    }
    coordIndex [
      2, 4, 0, -1,
      1, 0, 3, -1,
      3, 0, 4, -1,
    ]
  }
}

Shape {
  appearance Appearance {
    material Material {
      diffuseColor 1.0000 1.0000 0.5020
      specularColor 0.8784 0.8784 0.4431
      ambientIntensity 0.2
      transparency 0.0000
      shininess 0.5
    }
  }
  geometry IndexedFaceSet {
    ccw TRUE
    solid FALSE
    coord DEF co Coordinate {
      point [
        1.456693 0.110236 -0.123733,
        1.456693 0.110236 -0.128279,
        1.456693 0.112205 -0.127143,
      ]
    }
    coordIndex [
      2, 1, 0, -1,
    ]
  }
}

Shape {
  appearance Appearance {
    material Material {
      diffuseColor 0.2510 0.2510 0.2510
      specularColor 0.1255 0.1255 0.1255
      ambientIntensity 0.2
      transparency 0.0000
      shininess 0.5
    }
  }
  geometry IndexedFaceSet {
    ccw TRUE
    solid FALSE
    coord DEF co Coordinate {
      point [
        1.456693 0.110236 -0.123733,
        1.462598 0.110236 -0.123733,
        1.456693 0.112205 -0.127143,
        1.466535 0.112205 -0.127143,
      ]
    }
    coordIndex [
      2, 0, 3, -1,
      3, 0, 1, -1,
    ]
  }
}

Shape {
  appearance Appearance {
    material Material {
      diffuseColor 1.0000 1.0000 0.5020
      specularColor 0.8784 0.8784 0.4431
      ambientIntensity 0.2
      transparency 0.0000
      shininess 0.5
    }
  }
  geometry IndexedFaceSet {
    ccw TRUE
    solid FALSE
    coord DEF co Coordinate {
      point [
        1.452517 0.320866 -0.187007,
        1.452517 0.269685 -0.187007,
        1.437007 0.269676 -0.173994,
        1.437008 0.320866 -0.173994,
        1.439832 0.320866 -0.180593,
        1.442343 0.320866 -0.183281,
        1.445409 0.320866 -0.185313,
        1.448863 0.320866 -0.186578,
        1.442349 0.269685 -0.183275,
        1.449059 0.269685 -0.186623,
        1.448871 0.269685 -0.186556,
        1.445410 0.269685 -0.185310,
        1.442394 0.269685 -0.183323,
        1.445392 0.269685 -0.185304,
        1.439845 0.269685 -0.180580,
        1.439743 0.269685 -0.180471,
        1.438050 0.269684 -0.177376,
        1.437871 0.269684 -0.177049,
        1.457877 0.110237 -0.074803,
        1.462204 0.109980 -0.069488,
        1.464284 0.109675 -0.066954,
        1.465047 0.109518 -0.066030,
        1.488189 0.109213 -0.064228,
        1.482559 0.109213 -0.064228,
        1.477362 0.109213 -0.064228,
        1.466535 0.109213 -0.064228,
        1.457283 0.110236 -0.075542,
        1.456693 0.110236 -0.116628,
        1.459605 0.110236 -0.120214,
        1.461034 0.110236 -0.121910,
        1.462598 0.110236 -0.123733,
        1.456693 0.110236 -0.076285,
        1.456999 0.110236 -0.075898,
        1.456735 0.110236 -0.076232,
        1.488189 0.112205 -0.127143,
        1.488189 0.116214 -0.068473,
        1.488189 0.119075 -0.121905,
        1.488189 0.124359 -0.115516,
        1.488189 0.124513 -0.115192,
        1.488189 0.128164 -0.107360,
        1.488189 0.129808 -0.098875,
        1.488189 0.129347 -0.090244,
        1.488189 0.126888 -0.082111,
        1.488189 0.126809 -0.081979,
        1.488189 0.122342 -0.074575,
        1.466535 0.112205 -0.127143,
        1.466535 0.116214 -0.068473,
        1.466535 0.116257 -0.068499,
        1.456693 0.114657 -0.080706,
        1.466535 0.118813 -0.122221,
        1.456693 0.112056 -0.115064,
        1.466535 0.122342 -0.074575,
        1.466535 0.122415 -0.074648,
        1.456693 0.117888 -0.086096,
        1.466535 0.126809 -0.081979,
        1.466535 0.126888 -0.082111,
        1.456693 0.119707 -0.092111,
        1.466535 0.129347 -0.090244,
        1.466535 0.129407 -0.090440,
        1.456693 0.120006 -0.098389,
        1.466535 0.129808 -0.098875,
        1.466535 0.129820 -0.099131,
        1.456693 0.118765 -0.104549,
        1.466535 0.128164 -0.107360,
        1.466535 0.128103 -0.107662,
        1.456693 0.116061 -0.110222,
        1.466535 0.124513 -0.115192,
        1.466535 0.124359 -0.115516,
        1.466535 0.119075 -0.121905,
        1.466535 0.116257 -0.068500,
        1.488189 0.116257 -0.068499,
        1.488189 0.122415 -0.074648,
        1.488189 0.129407 -0.090440,
        1.488189 0.129820 -0.099131,
        1.488189 0.128103 -0.107662,
        1.488189 0.118813 -0.122221,
        1.438013 0.320866 -0.177396,
      ]
    }
    coordIndex [
      21, 25, 46, -1,
      47, 32, 26, -1,
      26, 18, 47, -1,
      47, 18, 19, -1,
      47, 19, 46, -1,
      46, 19, 20, -1,
      46, 20, 21, -1,
      48, 31, 33, -1,
      49, 45, 30, -1,
      27, 50, 28, -1,
      28, 50, 49, -1,
      28, 49, 29, -1,
      29, 49, 30, -1,
      32, 47, 33, -1,
      33, 47, 51, -1,
      33, 51, 48, -1,
      48, 51, 52, -1,
      48, 52, 53, -1,
      52, 54, 53, -1,
      53, 54, 55, -1,
      53, 55, 56, -1,
      55, 57, 56, -1,
      56, 57, 58, -1,
      56, 58, 59, -1,
      58, 60, 59, -1,
      59, 60, 61, -1,
      59, 61, 62, -1,
      61, 63, 62, -1,
      62, 63, 64, -1,
      62, 64, 65, -1,
      64, 66, 65, -1,
      65, 66, 67, -1,
      65, 67, 50, -1,
      50, 67, 68, -1,
      50, 68, 49, -1,
      23, 22, 35, -1,
      23, 35, 24, -1,
      25, 24, 46, -1,
      46, 24, 35, -1,
      46, 35, 69, -1,
      69, 35, 70, -1,
      69, 70, 51, -1,
      51, 70, 44, -1,
      51, 44, 52, -1,
      52, 44, 71, -1,
      52, 71, 54, -1,
      54, 71, 43, -1,
      54, 43, 55, -1,
      55, 43, 42, -1,
      55, 42, 57, -1,
      57, 42, 41, -1,
      57, 41, 58, -1,
      58, 41, 72, -1,
      58, 72, 60, -1,
      60, 72, 40, -1,
      60, 40, 61, -1,
      61, 40, 73, -1,
      61, 73, 63, -1,
      63, 73, 39, -1,
      63, 39, 64, -1,
      64, 39, 74, -1,
      64, 74, 66, -1,
      66, 74, 38, -1,
      66, 38, 67, -1,
      67, 38, 37, -1,
      67, 37, 68, -1,
      68, 37, 36, -1,
      68, 36, 49, -1,
      49, 36, 75, -1,
      49, 75, 45, -1,
      45, 75, 34, -1,
      50, 27, 31, -1,
      62, 53, 59, -1,
      59, 53, 56, -1,
      31, 48, 50, -1,
      50, 48, 53, -1,
      50, 53, 65, -1,
      65, 53, 62, -1,
      13, 11, 6, -1,
      6, 11, 10, -1,
      6, 10, 7, -1,
      7, 10, 9, -1,
      7, 9, 0, -1,
      0, 9, 1, -1,
      13, 6, 12, -1,
      12, 6, 5, -1,
      12, 5, 8, -1,
      8, 5, 4, -1,
      8, 4, 14, -1,
      76, 3, 2, -1,
      2, 17, 76, -1,
      76, 17, 16, -1,
      76, 16, 4, -1,
      4, 16, 15, -1,
      4, 15, 14, -1,
    ]
  }
}

Shape {
  appearance Appearance {
    material Material {
      diffuseColor 0.2510 0.2510 0.2510
      specularColor 0.1255 0.1255 0.1255
      ambientIntensity 0.2
      transparency 0.0000
      shininess 0.5
    }
  }
  geometry IndexedFaceSet {
    ccw TRUE
    solid FALSE
    coord DEF co Coordinate {
      point [
        1.399441 0.177165 -0.187007,
        1.398052 0.188604 -0.185198,
        1.397681 0.192872 -0.183739,
        1.398716 0.182841 -0.186299,
        1.398357 0.185651 -0.185948,
        1.397685 0.194041 -0.183068,
        1.397699 0.198857 -0.180304,
        1.397685 0.193976 -0.183106,
        1.397894 0.201624 -0.178395,
        1.398139 0.203191 -0.177079,
        1.399070 0.206751 -0.173612,
        1.452517 0.265370 -0.187007,
        1.436940 0.269685 -0.173612,
        1.437007 0.269676 -0.173994,
        1.442246 0.268221 -0.183198,
        1.442352 0.268192 -0.183269,
        1.448910 0.266371 -0.186583,
        1.448863 0.266384 -0.186578,
        1.445374 0.267353 -0.185294,
        1.445411 0.267343 -0.185308,
        1.439850 0.268887 -0.180576,
        1.439706 0.268927 -0.180419,
        1.438042 0.269389 -0.177380,
        1.437898 0.269429 -0.177117,
        1.398204 0.186845 -0.185799,
        1.398332 0.204421 -0.176046,
        1.397704 0.200409 -0.179414,
      ]
    }
    coordIndex [
      17, 1, 16, -1,
      16, 1, 24, -1,
      0, 11, 3, -1,
      3, 11, 16, -1,
      3, 16, 4, -1,
      4, 16, 24, -1,
      21, 6, 20, -1,
      20, 6, 5, -1,
      20, 5, 14, -1,
      14, 5, 7, -1,
      14, 7, 15, -1,
      15, 7, 2, -1,
      15, 2, 18, -1,
      18, 2, 1, -1,
      18, 1, 19, -1,
      19, 1, 17, -1,
      12, 10, 13, -1,
      13, 10, 25, -1,
      13, 25, 23, -1,
      23, 25, 9, -1,
      23, 9, 22, -1,
      22, 9, 8, -1,
      22, 8, 21, -1,
      21, 8, 26, -1,
      21, 26, 6, -1,
    ]
  }
}

Shape {
  appearance Appearance {
    material Material {
      diffuseColor 1.0000 1.0000 0.5020
      specularColor 0.8784 0.8784 0.4431
      ambientIntensity 0.2
      transparency 0.0000
      shininess 0.5
    }
  }
  geometry IndexedFaceSet {
    ccw TRUE
    solid FALSE
    coord DEF co Coordinate {
      point [
        1.224409 0.216535 -0.128279,
        1.224409 0.216535 -0.123733,
        1.380581 0.269685 -0.041338,
        1.379921 0.269685 -0.041338,
        1.419354 0.269685 -0.073872,
        1.421883 0.269685 -0.088222,
        1.389661 0.269685 -0.042400,
        1.398251 0.269685 -0.045526,
        1.405888 0.269685 -0.050549,
        1.412161 0.269685 -0.057198,
        1.416732 0.269685 -0.065115,
        1.224409 0.214567 -0.127143,
        1.399916 0.269685 -0.054443,
        1.410338 0.269685 -0.064080,
        1.420285 0.269685 -0.081786,
        1.417802 0.269685 -0.075558,
        1.379921 0.269685 -0.044552,
        1.387128 0.269685 -0.047193,
      ]
    }
    coordIndex [
      11, 1, 0, -1,
      12, 13, 9, -1,
      5, 4, 14, -1,
      14, 4, 15, -1,
      3, 16, 2, -1,
      2, 16, 17, -1,
      15, 4, 13, -1,
      13, 4, 10, -1,
      13, 10, 9, -1,
      9, 8, 12, -1,
      12, 8, 7, -1,
      12, 7, 17, -1,
      17, 7, 6, -1,
      17, 6, 2, -1,
    ]
  }
}

Shape {
  appearance Appearance {
    material Material {
      diffuseColor 0.2510 0.2510 0.2510
      specularColor 0.1255 0.1255 0.1255
      ambientIntensity 0.2
      transparency 0.0000
      shininess 0.5
    }
  }
  geometry IndexedFaceSet {
    ccw TRUE
    solid FALSE
    coord DEF co Coordinate {
      point [
        1.387942 0.216535 -0.080708,
        1.389902 0.216535 -0.088222,
        1.373938 0.226670 -0.054554,
        1.375328 0.225186 -0.056204,
        1.380226 0.220639 -0.063708,
        1.369644 0.231477 -0.050056,
        1.368110 0.233218 -0.048532,
        1.384467 0.217627 -0.071961,
        1.380488 0.220442 -0.064204,
        1.385933 0.217166 -0.075650,
        1.421883 0.269685 -0.088222,
        1.399916 0.269685 -0.054443,
        1.410338 0.269685 -0.064080,
        1.420285 0.269685 -0.081786,
        1.417802 0.269685 -0.075558,
        1.379921 0.269685 -0.044552,
        1.387128 0.269685 -0.047193,
        1.368526 0.232728 -0.048883,
        1.368110 0.238297 -0.047451,
        1.372025 0.266658 -0.042977,
        1.370717 0.265211 -0.042885,
        1.372893 0.264917 -0.043413,
        1.370393 0.264852 -0.042863,
        1.369333 0.262969 -0.042878,
        1.369012 0.262396 -0.042883,
        1.368477 0.260482 -0.043014,
        1.374813 0.268473 -0.043365,
        1.374396 0.268309 -0.043285,
        1.372594 0.267055 -0.043051,
        1.377297 0.269359 -0.043859,
        1.377035 0.269328 -0.043790,
        1.368241 0.259645 -0.043072,
        1.368110 0.257874 -0.043284,
        1.379152 0.221440 -0.061678,
        1.374824 0.225679 -0.055482,
        1.384100 0.217742 -0.071036,
      ]
    }
    coordIndex [
      4, 8, 12, -1,
      17, 5, 11, -1,
      6, 17, 18, -1,
      18, 17, 11, -1,
      18, 11, 16, -1,
      19, 20, 21, -1,
      21, 20, 22, -1,
      22, 23, 21, -1,
      21, 23, 24, -1,
      21, 24, 25, -1,
      26, 27, 21, -1,
      21, 27, 28, -1,
      21, 28, 19, -1,
      16, 15, 18, -1,
      18, 15, 29, -1,
      18, 29, 21, -1,
      21, 29, 30, -1,
      21, 30, 26, -1,
      25, 31, 21, -1,
      21, 31, 32, -1,
      21, 32, 18, -1,
      4, 12, 33, -1,
      5, 2, 11, -1,
      11, 2, 34, -1,
      11, 34, 12, -1,
      12, 34, 3, -1,
      12, 3, 33, -1,
      8, 35, 12, -1,
      12, 35, 7, -1,
      12, 7, 14, -1,
      7, 9, 14, -1,
      14, 9, 0, -1,
      14, 0, 13, -1,
      13, 0, 1, -1,
      13, 1, 10, -1,
    ]
  }
}

Shape {
  appearance Appearance {
    material Material {
      diffuseColor 1.0000 1.0000 0.5020
      specularColor 0.8784 0.8784 0.4431
      ambientIntensity 0.2
      transparency 0.0000
      shininess 0.5
    }
  }
  geometry IndexedFaceSet {
    ccw TRUE
    solid FALSE
    coord DEF co Coordinate {
      point [
        1.224409 0.216535 -0.116628,
        1.224409 0.216535 -0.080708,
        1.224409 0.216809 -0.076075,
        1.224409 0.213372 -0.079216,
        1.224409 0.214524 -0.114881,
        1.224409 0.210422 -0.109758,
        1.224409 0.207757 -0.103760,
        1.224409 0.206706 -0.097282,
        1.224409 0.207337 -0.090750,
        1.224409 0.209609 -0.084593,
      ]
    }
    coordIndex [
      1, 0, 4, -1,
      7, 8, 1, -1,
      8, 9, 1, -1,
      1, 9, 3, -1,
      1, 3, 2, -1,
      4, 5, 1, -1,
      1, 5, 6, -1,
      1, 6, 7, -1,
    ]
  }
}

Shape {
  appearance Appearance {
    material Material {
      diffuseColor 0.2510 0.2510 0.2510
      specularColor 0.1255 0.1255 0.1255
      ambientIntensity 0.2
      transparency 0.0000
      shininess 0.5
    }
  }
  geometry IndexedFaceSet {
    ccw TRUE
    solid FALSE
    coord DEF co Coordinate {
      point [
        1.368110 0.233218 -0.048532,
        1.368110 0.238824 -0.045237,
        1.368110 0.247146 -0.042325,
        1.368110 0.255906 -0.041338,
        1.368110 0.257874 -0.041338,
        1.369280 0.262998 -0.041338,
        1.370687 0.265238 -0.041338,
        1.368406 0.260502 -0.041338,
        1.372557 0.267108 -0.041338,
        1.374796 0.268515 -0.041338,
        1.377293 0.269389 -0.041338,
        1.379921 0.269685 -0.041338,
        1.379921 0.269685 -0.044552,
        1.368110 0.238297 -0.047451,
        1.370717 0.265211 -0.042885,
        1.369333 0.262969 -0.042878,
        1.368477 0.260482 -0.043014,
        1.374813 0.268473 -0.043365,
        1.372594 0.267055 -0.043051,
        1.377297 0.269359 -0.043859,
        1.368110 0.257874 -0.043284,
        1.374395 0.268312 -0.043285,
        1.377035 0.269327 -0.043790,
        1.370392 0.264852 -0.042863,
        1.372025 0.266658 -0.042977,
        1.368244 0.259645 -0.043071,
        1.369011 0.262396 -0.042883,
      ]
    }
    coordIndex [
      11, 10, 12, -1,
      12, 10, 19, -1,
      9, 8, 18, -1,
      18, 21, 9, -1,
      9, 21, 17, -1,
      9, 17, 10, -1,
      10, 17, 22, -1,
      10, 22, 19, -1,
      6, 5, 15, -1,
      15, 23, 6, -1,
      6, 23, 14, -1,
      6, 14, 8, -1,
      8, 14, 24, -1,
      8, 24, 18, -1,
      7, 4, 20, -1,
      20, 25, 7, -1,
      7, 25, 16, -1,
      7, 16, 5, -1,
      5, 16, 26, -1,
      5, 26, 15, -1,
      4, 3, 20, -1,
      20, 3, 2, -1,
      20, 2, 13, -1,
      13, 2, 1, -1,
      13, 1, 0, -1,
    ]
  }
}

Shape {
  appearance Appearance {
    material Material {
      diffuseColor 1.0000 1.0000 1.0000
      specularColor 0.5020 0.5020 0.5020
      ambientIntensity 0.2
      transparency 0.0000
      shininess 0.5
    }
  }
  geometry IndexedFaceSet {
    ccw TRUE
    solid FALSE
    coord DEF co Coordinate {
      point [
        1.566075 -0.049212 -0.082788,
        1.566075 -0.049212 -0.094652,
        1.576086 -0.049212 -0.094652,
        1.539759 -0.049212 -0.078542,
        1.542496 -0.049212 -0.078211,
        1.549258 -0.049212 -0.115678,
        1.546880 -0.049212 -0.115906,
        1.548776 -0.049212 -0.078211,
        1.550554 -0.049212 -0.078395,
        1.553870 -0.049212 -0.079415,
        1.553870 -0.049212 -0.084418,
        1.553238 -0.049212 -0.114373,
        1.534777 -0.049212 -0.108050,
        1.535663 -0.049212 -0.108911,
        1.544300 -0.049212 -0.111954,
        1.546556 -0.049212 -0.111843,
        1.532967 -0.049212 -0.105535,
        1.550666 -0.049212 -0.110966,
        1.553870 -0.049212 -0.109472,
        1.553870 -0.049212 -0.114058,
        1.538126 -0.049212 -0.110587,
        1.540809 -0.049212 -0.111564,
        1.545134 -0.049212 -0.082220,
        1.543645 -0.049212 -0.082281,
        1.535033 -0.049212 -0.086332,
        1.540427 -0.049212 -0.082913,
        1.537517 -0.049212 -0.084273,
        1.534758 -0.049212 -0.086634,
        1.532972 -0.049212 -0.089216,
        1.553458 -0.049212 -0.084195,
        1.531737 -0.049212 -0.092428,
        1.531138 -0.049212 -0.097476,
        1.531178 -0.049212 -0.098833,
        1.531770 -0.049212 -0.102545,
        1.549698 -0.049212 -0.082765,
        1.545087 -0.049212 -0.077899,
        1.545830 -0.049212 -0.077906,
        1.535880 -0.049212 -0.080039,
        1.529125 -0.049212 -0.086305,
        1.531470 -0.049212 -0.083357,
        1.532294 -0.049212 -0.082565,
        1.527774 -0.049212 -0.106173,
        1.526835 -0.049212 -0.103747,
        1.526116 -0.049212 -0.097760,
        1.526250 -0.049212 -0.095018,
        1.527228 -0.049212 -0.090328,
        1.527774 -0.049212 -0.089168,
        1.537007 -0.049212 -0.115167,
        1.533556 -0.049212 -0.113441,
        1.530873 -0.049212 -0.111158,
        1.530542 -0.049212 -0.110796,
        1.528337 -0.049212 -0.107625,
        1.540243 -0.049212 -0.115906,
        1.540954 -0.049212 -0.116068,
        1.543608 -0.049212 -0.116219,
        1.576086 -0.049212 -0.111367,
        1.581227 -0.049212 -0.111367,
        1.579331 -0.049212 -0.098897,
        1.576086 -0.049212 -0.078524,
        1.580383 -0.049212 -0.078524,
        1.580383 -0.049212 -0.082788,
        1.579331 -0.049212 -0.094652,
        1.576086 -0.049212 -0.098897,
        1.566075 -0.049212 -0.098897,
        1.566075 -0.049212 -0.111367,
        1.576086 -0.049212 -0.082788,
        1.581227 -0.049212 -0.115593,
        1.576086 -0.049212 -0.115593,
        1.561290 -0.049212 -0.115593,
        1.561290 -0.049212 -0.078524,
        1.598804 -0.049212 -0.078524,
        1.588230 -0.049212 -0.078524,
        1.588230 -0.049212 -0.115593,
        1.598425 -0.049212 -0.115593,
        1.604675 -0.049212 -0.114839,
        1.614147 -0.049212 -0.084734,
        1.616436 -0.049212 -0.087972,
        1.612819 -0.049212 -0.083433,
        1.617211 -0.049212 -0.103828,
        1.615259 -0.049212 -0.107592,
        1.604464 -0.049212 -0.079149,
        1.605210 -0.049212 -0.079422,
        1.608938 -0.049212 -0.080783,
        1.612819 -0.049212 -0.110400,
        1.608910 -0.049212 -0.113196,
        1.605210 -0.049212 -0.114631,
        1.617801 -0.049212 -0.091514,
        1.618409 -0.049212 -0.096585,
        1.618227 -0.049212 -0.099587,
        1.524600 -0.049212 -0.111367,
        1.524600 -0.049212 -0.115593,
        1.505052 -0.049212 -0.115593,
        1.509837 -0.049212 -0.078524,
        1.509837 -0.049212 -0.111367,
        1.505052 -0.049212 -0.078524,
        1.524600 -0.053149 -0.111367,
        1.524600 -0.053149 -0.115593,
        1.509837 -0.053149 -0.111367,
        1.509837 -0.053149 -0.078524,
        1.505052 -0.053149 -0.078524,
        1.505052 -0.053149 -0.115593,
        1.543608 -0.053149 -0.116219,
        1.549258 -0.053149 -0.115678,
        1.553238 -0.053149 -0.114373,
        1.553870 -0.053149 -0.114058,
        1.553870 -0.053149 -0.109472,
        1.550666 -0.053149 -0.110966,
        1.546556 -0.053149 -0.111843,
        1.544300 -0.053149 -0.111954,
        1.540809 -0.053149 -0.111564,
        1.538126 -0.053149 -0.110587,
        1.535663 -0.053149 -0.108911,
        1.534777 -0.053149 -0.108050,
        1.532967 -0.053149 -0.105535,
        1.531770 -0.053149 -0.102545,
        1.531178 -0.053149 -0.098833,
        1.531138 -0.053149 -0.097476,
        1.531737 -0.053149 -0.092428,
        1.532972 -0.053149 -0.089216,
        1.534758 -0.053149 -0.086634,
        1.535033 -0.053149 -0.086332,
        1.537517 -0.053149 -0.084273,
        1.540427 -0.053149 -0.082913,
        1.543645 -0.053149 -0.082281,
        1.545134 -0.053149 -0.082220,
        1.549698 -0.053149 -0.082765,
        1.553458 -0.053149 -0.084195,
        1.553870 -0.053149 -0.084418,
        1.553870 -0.053149 -0.079415,
        1.545087 -0.053149 -0.077899,
        1.545830 -0.053149 -0.077906,
        1.550554 -0.053149 -0.078395,
        1.539759 -0.053149 -0.078542,
        1.535880 -0.053149 -0.080039,
        1.532294 -0.053149 -0.082565,
        1.531470 -0.053149 -0.083357,
        1.527228 -0.053149 -0.090328,
        1.529125 -0.053149 -0.086305,
        1.526250 -0.053149 -0.095018,
        1.526116 -0.053149 -0.097760,
        1.528337 -0.053149 -0.107625,
        1.526835 -0.053149 -0.103747,
        1.530542 -0.053149 -0.110796,
        1.530873 -0.053149 -0.111158,
        1.533556 -0.053149 -0.113441,
        1.540954 -0.053149 -0.116068,
        1.537007 -0.053149 -0.115167,
        1.581227 -0.053149 -0.111367,
        1.581227 -0.053149 -0.115593,
        1.566075 -0.053149 -0.111367,
        1.566075 -0.053149 -0.098897,
        1.579331 -0.053149 -0.098897,
        1.579331 -0.053149 -0.094652,
        1.566075 -0.053149 -0.094652,
        1.566075 -0.053149 -0.082788,
        1.580383 -0.053149 -0.082788,
        1.580383 -0.053149 -0.078524,
        1.561290 -0.053149 -0.078524,
        1.561290 -0.053149 -0.115593,
        1.611304 -0.053149 -0.105144,
        1.609417 -0.053149 -0.107501,
        1.612819 -0.053149 -0.110400,
        1.608954 -0.053149 -0.107931,
        1.608910 -0.053149 -0.113196,
        1.606556 -0.053149 -0.109586,
        1.604675 -0.053149 -0.114839,
        1.603482 -0.053149 -0.110767,
        1.598425 -0.053149 -0.115593,
        1.598397 -0.053149 -0.111367,
        1.588230 -0.053149 -0.115593,
        1.593015 -0.053149 -0.111367,
        1.588230 -0.053149 -0.078524,
        1.593015 -0.053149 -0.082788,
        1.598804 -0.053149 -0.078524,
        1.598615 -0.053149 -0.082788,
        1.604464 -0.053149 -0.079149,
        1.603470 -0.053149 -0.083335,
        1.608938 -0.053149 -0.080783,
        1.606671 -0.053149 -0.084509,
        1.612819 -0.053149 -0.083433,
        1.609313 -0.053149 -0.086275,
        1.614147 -0.053149 -0.084734,
        1.610659 -0.053149 -0.087664,
        1.616436 -0.053149 -0.087972,
        1.612018 -0.053149 -0.089839,
        1.617801 -0.053149 -0.091514,
        1.612982 -0.053149 -0.092722,
        1.618409 -0.053149 -0.096585,
        1.613378 -0.053149 -0.096717,
        1.618227 -0.053149 -0.099587,
        1.613267 -0.053149 -0.098955,
        1.617211 -0.053149 -0.103828,
        1.612564 -0.053149 -0.102376,
        1.615259 -0.053149 -0.107592,
        1.598615 -0.049212 -0.082788,
        1.593015 -0.049212 -0.082788,
        1.593015 -0.049212 -0.111367,
        1.598397 -0.049212 -0.111367,
        1.609417 -0.049212 -0.107501,
        1.608954 -0.049212 -0.107931,
        1.606556 -0.049212 -0.109586,
        1.603482 -0.049212 -0.110767,
        1.613378 -0.049212 -0.096717,
        1.613267 -0.049212 -0.098955,
        1.612564 -0.049212 -0.102376,
        1.611304 -0.049212 -0.105144,
        1.609313 -0.049212 -0.086275,
        1.610659 -0.049212 -0.087664,
        1.612018 -0.049212 -0.089839,
        1.612982 -0.049212 -0.092722,
        1.603470 -0.049212 -0.083335,
        1.606671 -0.049212 -0.084509,
      ]
    }
    coordIndex [
      95, 96, 89, -1,
      89, 96, 90, -1,
      97, 95, 93, -1,
      93, 95, 89, -1,
      98, 97, 92, -1,
      92, 97, 93, -1,
      99, 98, 94, -1,
      94, 98, 92, -1,
      100, 99, 91, -1,
      91, 99, 94, -1,
      96, 100, 90, -1,
      90, 100, 91, -1,
      98, 99, 97, -1,
      97, 99, 100, -1,
      97, 100, 95, -1,
      95, 100, 96, -1,
      101, 54, 102, -1,
      102, 54, 6, -1,
      6, 5, 102, -1,
      102, 5, 11, -1,
      102, 11, 103, -1,
      103, 11, 19, -1,
      103, 19, 104, -1,
      105, 104, 18, -1,
      18, 104, 19, -1,
      105, 18, 17, -1,
      105, 17, 106, -1,
      106, 17, 15, -1,
      106, 15, 107, -1,
      107, 15, 14, -1,
      107, 14, 108, -1,
      108, 14, 21, -1,
      108, 21, 109, -1,
      109, 21, 20, -1,
      109, 20, 110, -1,
      110, 20, 13, -1,
      110, 13, 111, -1,
      111, 13, 12, -1,
      111, 12, 112, -1,
      112, 12, 16, -1,
      112, 16, 113, -1,
      113, 16, 33, -1,
      113, 33, 114, -1,
      114, 33, 32, -1,
      114, 32, 115, -1,
      115, 32, 31, -1,
      115, 31, 116, -1,
      116, 31, 30, -1,
      116, 30, 117, -1,
      117, 30, 28, -1,
      117, 28, 118, -1,
      118, 28, 27, -1,
      118, 27, 119, -1,
      119, 27, 24, -1,
      119, 24, 120, -1,
      120, 24, 26, -1,
      120, 26, 121, -1,
      121, 26, 25, -1,
      121, 25, 122, -1,
      122, 25, 23, -1,
      122, 23, 123, -1,
      123, 23, 22, -1,
      123, 22, 124, -1,
      124, 22, 34, -1,
      124, 34, 125, -1,
      125, 34, 29, -1,
      125, 29, 126, -1,
      126, 29, 10, -1,
      126, 10, 127, -1,
      128, 127, 9, -1,
      9, 127, 10, -1,
      35, 129, 130, -1,
      128, 9, 8, -1,
      128, 8, 131, -1,
      131, 8, 7, -1,
      131, 7, 130, -1,
      130, 7, 36, -1,
      130, 36, 35, -1,
      129, 35, 4, -1,
      129, 4, 132, -1,
      4, 3, 132, -1,
      132, 3, 37, -1,
      132, 37, 133, -1,
      133, 37, 40, -1,
      133, 40, 134, -1,
      134, 40, 39, -1,
      134, 39, 135, -1,
      135, 39, 38, -1,
      46, 136, 38, -1,
      38, 136, 137, -1,
      38, 137, 135, -1,
      46, 45, 136, -1,
      136, 45, 44, -1,
      136, 44, 138, -1,
      138, 44, 43, -1,
      138, 43, 139, -1,
      139, 43, 42, -1,
      41, 140, 42, -1,
      42, 140, 141, -1,
      42, 141, 139, -1,
      41, 51, 140, -1,
      140, 51, 50, -1,
      140, 50, 142, -1,
      142, 50, 49, -1,
      142, 49, 143, -1,
      47, 144, 48, -1,
      48, 144, 143, -1,
      48, 143, 49, -1,
      52, 145, 47, -1,
      47, 145, 146, -1,
      47, 146, 144, -1,
      52, 53, 145, -1,
      145, 53, 54, -1,
      145, 54, 101, -1,
      126, 127, 128, -1,
      117, 118, 137, -1,
      126, 128, 125, -1,
      137, 118, 135, -1,
      129, 124, 130, -1,
      130, 124, 125, -1,
      130, 125, 131, -1,
      131, 125, 128, -1,
      118, 119, 135, -1,
      135, 119, 120, -1,
      135, 120, 134, -1,
      134, 120, 121, -1,
      134, 121, 133, -1,
      133, 121, 132, -1,
      132, 121, 122, -1,
      132, 122, 129, -1,
      129, 122, 123, -1,
      129, 123, 124, -1,
      139, 116, 138, -1,
      138, 116, 117, -1,
      138, 117, 136, -1,
      136, 117, 137, -1,
      104, 105, 103, -1,
      103, 105, 106, -1,
      103, 106, 102, -1,
      102, 106, 107, -1,
      102, 107, 101, -1,
      101, 107, 108, -1,
      101, 108, 145, -1,
      145, 108, 109, -1,
      145, 109, 146, -1,
      146, 109, 110, -1,
      146, 110, 144, -1,
      144, 110, 111, -1,
      144, 111, 143, -1,
      143, 111, 112, -1,
      143, 112, 142, -1,
      142, 112, 113, -1,
      142, 113, 140, -1,
      140, 113, 141, -1,
      141, 113, 114, -1,
      141, 114, 139, -1,
      139, 114, 115, -1,
      139, 115, 116, -1,
      147, 148, 56, -1,
      56, 148, 66, -1,
      64, 149, 55, -1,
      55, 149, 147, -1,
      55, 147, 56, -1,
      150, 149, 63, -1,
      63, 149, 64, -1,
      150, 63, 151, -1,
      151, 63, 62, -1,
      151, 62, 57, -1,
      152, 151, 61, -1,
      61, 151, 57, -1,
      1, 153, 2, -1,
      2, 153, 152, -1,
      2, 152, 61, -1,
      154, 153, 0, -1,
      0, 153, 1, -1,
      154, 0, 155, -1,
      155, 0, 65, -1,
      155, 65, 60, -1,
      156, 155, 59, -1,
      59, 155, 60, -1,
      69, 157, 58, -1,
      58, 157, 156, -1,
      58, 156, 59, -1,
      158, 157, 68, -1,
      68, 157, 69, -1,
      158, 68, 148, -1,
      148, 68, 67, -1,
      148, 67, 66, -1,
      158, 148, 147, -1,
      147, 149, 158, -1,
      158, 149, 150, -1,
      158, 150, 157, -1,
      155, 156, 154, -1,
      154, 156, 157, -1,
      154, 157, 153, -1,
      153, 157, 150, -1,
      153, 150, 152, -1,
      152, 150, 151, -1,
      159, 160, 161, -1,
      161, 160, 162, -1,
      161, 162, 163, -1,
      163, 162, 164, -1,
      163, 164, 165, -1,
      165, 164, 166, -1,
      165, 166, 167, -1,
      167, 166, 168, -1,
      167, 168, 169, -1,
      169, 168, 170, -1,
      169, 170, 171, -1,
      171, 170, 172, -1,
      171, 172, 173, -1,
      173, 172, 174, -1,
      173, 174, 175, -1,
      175, 174, 176, -1,
      175, 176, 177, -1,
      177, 176, 178, -1,
      177, 178, 179, -1,
      179, 178, 180, -1,
      179, 180, 181, -1,
      181, 180, 182, -1,
      181, 182, 183, -1,
      183, 182, 184, -1,
      183, 184, 185, -1,
      185, 184, 186, -1,
      185, 186, 187, -1,
      187, 186, 188, -1,
      187, 188, 189, -1,
      189, 188, 190, -1,
      189, 190, 191, -1,
      191, 190, 192, -1,
      191, 192, 193, -1,
      193, 192, 159, -1,
      193, 159, 161, -1,
      167, 169, 73, -1,
      73, 169, 72, -1,
      83, 161, 163, -1,
      167, 73, 74, -1,
      167, 74, 165, -1,
      165, 74, 85, -1,
      165, 85, 163, -1,
      163, 85, 84, -1,
      163, 84, 83, -1,
      161, 83, 79, -1,
      161, 79, 193, -1,
      193, 79, 78, -1,
      193, 78, 191, -1,
      191, 78, 88, -1,
      191, 88, 189, -1,
      189, 88, 87, -1,
      189, 87, 187, -1,
      187, 87, 86, -1,
      187, 86, 185, -1,
      185, 86, 76, -1,
      185, 76, 183, -1,
      183, 76, 75, -1,
      183, 75, 181, -1,
      181, 75, 77, -1,
      181, 77, 179, -1,
      179, 77, 82, -1,
      81, 175, 82, -1,
      82, 175, 177, -1,
      82, 177, 179, -1,
      81, 80, 175, -1,
      175, 80, 70, -1,
      175, 70, 173, -1,
      171, 173, 71, -1,
      71, 173, 70, -1,
      169, 171, 72, -1,
      72, 171, 71, -1,
      174, 172, 194, -1,
      194, 172, 195, -1,
      172, 170, 195, -1,
      195, 170, 196, -1,
      170, 168, 196, -1,
      196, 168, 197, -1,
      160, 198, 199, -1,
      160, 199, 162, -1,
      162, 199, 200, -1,
      162, 200, 164, -1,
      164, 200, 201, -1,
      164, 201, 166, -1,
      166, 201, 197, -1,
      166, 197, 168, -1,
      188, 202, 203, -1,
      188, 203, 190, -1,
      190, 203, 204, -1,
      190, 204, 192, -1,
      192, 204, 205, -1,
      192, 205, 159, -1,
      159, 205, 198, -1,
      159, 198, 160, -1,
      180, 206, 207, -1,
      180, 207, 182, -1,
      182, 207, 208, -1,
      182, 208, 184, -1,
      184, 208, 209, -1,
      184, 209, 186, -1,
      186, 209, 202, -1,
      186, 202, 188, -1,
      174, 194, 210, -1,
      174, 210, 176, -1,
      176, 210, 211, -1,
      176, 211, 178, -1,
      178, 211, 206, -1,
      178, 206, 180, -1,
    ]
  }
}

Shape {
  appearance Appearance {
    material Material {
      diffuseColor 0.2510 0.2510 0.2510
      specularColor 0.1255 0.1255 0.1255
      ambientIntensity 0.2
      transparency 0.0000
      shininess 0.5
    }
  }
  geometry IndexedFaceSet {
    ccw TRUE
    solid FALSE
    coord DEF co Coordinate {
      point [
        1.598615 -0.049212 -0.082788,
        1.593015 -0.049212 -0.082788,
        1.593015 -0.049212 -0.111367,
        1.598397 -0.049212 -0.111367,
        1.609417 -0.049212 -0.107501,
        1.608954 -0.049212 -0.107931,
        1.606556 -0.049212 -0.109586,
        1.603482 -0.049212 -0.110767,
        1.613378 -0.049212 -0.096717,
        1.613267 -0.049212 -0.098955,
        1.612564 -0.049212 -0.102376,
        1.611304 -0.049212 -0.105144,
        1.609313 -0.049212 -0.086275,
        1.610659 -0.049212 -0.087664,
        1.612018 -0.049212 -0.089839,
        1.612982 -0.049212 -0.092722,
        1.603470 -0.049212 -0.083335,
        1.606671 -0.049212 -0.084509,
      ]
    }
    coordIndex [
      1, 2, 0, -1,
      0, 2, 3, -1,
      0, 5, 4, -1,
      3, 7, 0, -1,
      0, 7, 6, -1,
      0, 6, 5, -1,
      9, 8, 0, -1,
      4, 11, 0, -1,
      0, 11, 10, -1,
      0, 10, 9, -1,
      8, 15, 0, -1,
      0, 15, 14, -1,
      0, 14, 13, -1,
      13, 12, 0, -1,
      0, 12, 17, -1,
      0, 17, 16, -1,
    ]
  }
}

Shape {
  appearance Appearance {
    material Material {
      diffuseColor 1.0000 1.0000 1.0000
      specularColor 0.5020 0.5020 0.5020
      ambientIntensity 0.2
      transparency 0.0000
      shininess 0.5
    }
  }
  geometry IndexedFaceSet {
    ccw TRUE
    solid FALSE
    coord DEF co Coordinate {
      point [
        1.644752 -0.049212 -0.105454,
        1.631150 -0.049212 -0.105454,
        1.648533 -0.049212 -0.115593,
        1.653820 -0.049212 -0.115593,
        1.639702 -0.049212 -0.078524,
        1.629316 -0.049212 -0.105454,
        1.625753 -0.049212 -0.115593,
        1.620466 -0.049212 -0.115593,
        1.631150 -0.049212 -0.087543,
        1.634585 -0.049212 -0.078524,
        1.630832 -0.053149 -0.101266,
        1.629316 -0.053149 -0.105454,
        1.643274 -0.053149 -0.101266,
        1.644752 -0.053149 -0.105454,
        1.636376 -0.053149 -0.085858,
        1.634585 -0.053149 -0.078524,
        1.620466 -0.053149 -0.115593,
        1.625753 -0.053149 -0.115593,
        1.636696 -0.053149 -0.084752,
        1.636982 -0.053149 -0.083262,
        1.639702 -0.053149 -0.078524,
        1.637096 -0.053149 -0.083262,
        1.637395 -0.053149 -0.084830,
        1.637674 -0.053149 -0.085858,
        1.653820 -0.053149 -0.115593,
        1.648533 -0.053149 -0.115593,
        1.630832 -0.049212 -0.101266,
        1.643274 -0.049212 -0.101266,
        1.637674 -0.049212 -0.085858,
        1.637096 -0.049212 -0.083262,
        1.637395 -0.049212 -0.084830,
        1.636982 -0.049212 -0.083262,
        1.636376 -0.049212 -0.085858,
        1.636696 -0.049212 -0.084752,
      ]
    }
    coordIndex [
      10, 11, 12, -1,
      12, 11, 13, -1,
      14, 15, 10, -1,
      10, 15, 16, -1,
      10, 16, 11, -1,
      11, 16, 17, -1,
      14, 18, 15, -1,
      15, 18, 19, -1,
      15, 19, 20, -1,
      20, 19, 21, -1,
      20, 21, 22, -1,
      22, 23, 20, -1,
      20, 23, 12, -1,
      20, 12, 24, -1,
      24, 12, 13, -1,
      24, 13, 25, -1,
      20, 24, 4, -1,
      4, 24, 3, -1,
      15, 20, 9, -1,
      9, 20, 4, -1,
      7, 16, 8, -1,
      8, 16, 15, -1,
      8, 15, 9, -1,
      17, 16, 6, -1,
      6, 16, 7, -1,
      11, 17, 5, -1,
      5, 17, 6, -1,
      0, 13, 1, -1,
      1, 13, 11, -1,
      1, 11, 5, -1,
      25, 13, 2, -1,
      2, 13, 0, -1,
      24, 25, 3, -1,
      3, 25, 2, -1,
      10, 12, 26, -1,
      26, 12, 27, -1,
      12, 23, 27, -1,
      27, 23, 28, -1,
      21, 29, 30, -1,
      21, 30, 22, -1,
      22, 30, 28, -1,
      22, 28, 23, -1,
      21, 19, 29, -1,
      29, 19, 31, -1,
      14, 32, 33, -1,
      14, 33, 18, -1,
      18, 33, 31, -1,
      18, 31, 19, -1,
      14, 10, 32, -1,
      32, 10, 26, -1,
    ]
  }
}

Shape {
  appearance Appearance {
    material Material {
      diffuseColor 0.2510 0.2510 0.2510
      specularColor 0.1255 0.1255 0.1255
      ambientIntensity 0.2
      transparency 0.0000
      shininess 0.5
    }
  }
  geometry IndexedFaceSet {
    ccw TRUE
    solid FALSE
    coord DEF co Coordinate {
      point [
        1.630832 -0.049212 -0.101266,
        1.643274 -0.049212 -0.101266,
        1.637674 -0.049212 -0.085858,
        1.637096 -0.049212 -0.083262,
        1.637395 -0.049212 -0.084830,
        1.636982 -0.049212 -0.083262,
        1.636376 -0.049212 -0.085858,
        1.636696 -0.049212 -0.084752,
      ]
    }
    coordIndex [
      3, 5, 4, -1,
      4, 5, 7, -1,
      4, 7, 2, -1,
      2, 7, 6, -1,
      2, 6, 1, -1,
      1, 6, 0, -1,
    ]
  }
}

Shape {
  appearance Appearance {
    material Material {
      diffuseColor 1.0000 1.0000 1.0000
      specularColor 0.5020 0.5020 0.5020
      ambientIntensity 0.2
      transparency 0.0000
      shininess 0.5
    }
  }
  geometry IndexedFaceSet {
    ccw TRUE
    solid FALSE
    coord DEF co Coordinate {
      point [
        1.542109 -0.049213 -0.174077,
        1.540356 -0.049213 -0.174712,
        1.546063 -0.049213 -0.174399,
        1.531267 -0.049213 -0.161825,
        1.532020 -0.049213 -0.154292,
        1.530350 -0.049213 -0.163163,
        1.529726 -0.049213 -0.164809,
        1.543739 -0.049213 -0.172995,
        1.532020 -0.049213 -0.149781,
        1.533004 -0.049213 -0.149212,
        1.545798 -0.049213 -0.148126,
        1.532672 -0.049213 -0.160586,
        1.534619 -0.049213 -0.159568,
        1.534985 -0.049213 -0.152390,
        1.538217 -0.049213 -0.158670,
        1.542272 -0.049213 -0.151254,
        1.540700 -0.049213 -0.151089,
        1.537886 -0.049213 -0.151387,
        1.533270 -0.049213 -0.174031,
        1.531707 -0.049213 -0.172940,
        1.531188 -0.049213 -0.172414,
        1.530223 -0.049213 -0.170987,
        1.547357 -0.049213 -0.148991,
        1.548609 -0.049213 -0.150156,
        1.549570 -0.049213 -0.151631,
        1.550312 -0.049213 -0.153696,
        1.546063 -0.049213 -0.170306,
        1.545939 -0.049213 -0.170306,
        1.545206 -0.049213 -0.171420,
        1.529661 -0.049213 -0.169416,
        1.529433 -0.049213 -0.167311,
        1.536462 -0.049213 -0.147880,
        1.541135 -0.049213 -0.147318,
        1.543811 -0.049213 -0.147547,
        1.550706 -0.049213 -0.157362,
        1.546063 -0.049213 -0.157570,
        1.545901 -0.049213 -0.155517,
        1.545421 -0.049213 -0.153864,
        1.544876 -0.049213 -0.152908,
        1.544174 -0.049213 -0.152161,
        1.543349 -0.049213 -0.151630,
        1.540227 -0.049213 -0.174759,
        1.537828 -0.049213 -0.175025,
        1.535135 -0.049213 -0.174712,
        1.535051 -0.049213 -0.174702,
        1.550706 -0.049213 -0.174399,
        1.509837 -0.049213 -0.157703,
        1.509837 -0.049213 -0.170173,
        1.523093 -0.049213 -0.157703,
        1.524989 -0.049213 -0.170173,
        1.523093 -0.049213 -0.153458,
        1.509837 -0.049213 -0.141594,
        1.509837 -0.049213 -0.153458,
        1.524145 -0.049213 -0.141594,
        1.524989 -0.049213 -0.174399,
        1.505052 -0.049213 -0.174399,
        1.505052 -0.049213 -0.137330,
        1.524145 -0.049213 -0.137330,
        1.524989 -0.053150 -0.170173,
        1.524989 -0.053150 -0.174399,
        1.509837 -0.053150 -0.170173,
        1.509837 -0.053150 -0.157703,
        1.523093 -0.053150 -0.157703,
        1.523093 -0.053150 -0.153458,
        1.509837 -0.053150 -0.153458,
        1.509837 -0.053150 -0.141594,
        1.524145 -0.053150 -0.141594,
        1.524145 -0.053150 -0.137330,
        1.505052 -0.053150 -0.137330,
        1.505052 -0.053150 -0.174399,
        1.545939 -0.053150 -0.170306,
        1.546063 -0.053150 -0.170306,
        1.545759 -0.053150 -0.166033,
        1.546058 -0.053150 -0.163962,
        1.550706 -0.053150 -0.157362,
        1.546063 -0.053150 -0.163654,
        1.546063 -0.053150 -0.161114,
        1.546063 -0.053150 -0.174399,
        1.550706 -0.053150 -0.174399,
        1.535980 -0.053150 -0.163113,
        1.537080 -0.053150 -0.162591,
        1.534619 -0.053150 -0.159568,
        1.545078 -0.053150 -0.167690,
        1.544073 -0.053150 -0.169055,
        1.545206 -0.053150 -0.171420,
        1.543491 -0.053150 -0.169624,
        1.543739 -0.053150 -0.172995,
        1.542178 -0.053150 -0.170509,
        1.542109 -0.053150 -0.174077,
        1.540770 -0.053150 -0.171021,
        1.540227 -0.053150 -0.174759,
        1.539031 -0.053150 -0.171215,
        1.537828 -0.053150 -0.175025,
        1.537463 -0.053150 -0.171039,
        1.535051 -0.053150 -0.174702,
        1.536413 -0.053150 -0.170654,
        1.533270 -0.053150 -0.174031,
        1.535488 -0.053150 -0.170022,
        1.531707 -0.053150 -0.172940,
        1.535093 -0.053150 -0.169625,
        1.538217 -0.053150 -0.158670,
        1.539865 -0.053150 -0.161948,
        1.546063 -0.053150 -0.157570,
        1.535374 -0.053150 -0.163578,
        1.532672 -0.053150 -0.160586,
        1.534818 -0.053150 -0.164266,
        1.531267 -0.053150 -0.161825,
        1.534411 -0.053150 -0.165132,
        1.530350 -0.053150 -0.163163,
        1.534181 -0.053150 -0.166196,
        1.529726 -0.053150 -0.164809,
        1.534142 -0.053150 -0.166932,
        1.529433 -0.053150 -0.167311,
        1.534260 -0.053150 -0.167998,
        1.529661 -0.053150 -0.169416,
        1.534565 -0.053150 -0.168842,
        1.530223 -0.053150 -0.170987,
        1.531188 -0.053150 -0.172414,
        1.532020 -0.053150 -0.149781,
        1.532020 -0.053150 -0.154292,
        1.533004 -0.053150 -0.149212,
        1.534985 -0.053150 -0.152390,
        1.536462 -0.053150 -0.147880,
        1.537886 -0.053150 -0.151387,
        1.541135 -0.053150 -0.147318,
        1.540700 -0.053150 -0.151089,
        1.543811 -0.053150 -0.147547,
        1.542272 -0.053150 -0.151254,
        1.545798 -0.053150 -0.148126,
        1.543349 -0.053150 -0.151630,
        1.547357 -0.053150 -0.148991,
        1.544174 -0.053150 -0.152161,
        1.548609 -0.053150 -0.150156,
        1.544876 -0.053150 -0.152908,
        1.549570 -0.053150 -0.151631,
        1.545421 -0.053150 -0.153864,
        1.550312 -0.053150 -0.153696,
        1.545901 -0.053150 -0.155517,
        1.535374 -0.049213 -0.163578,
        1.535980 -0.049213 -0.163113,
        1.537080 -0.049213 -0.162591,
        1.539865 -0.049213 -0.161948,
        1.534142 -0.049213 -0.166932,
        1.534181 -0.049213 -0.166196,
        1.534411 -0.049213 -0.165132,
        1.534818 -0.049213 -0.164266,
        1.535488 -0.049213 -0.170022,
        1.535093 -0.049213 -0.169625,
        1.534565 -0.049213 -0.168842,
        1.534260 -0.049213 -0.167998,
        1.539031 -0.049213 -0.171215,
        1.537463 -0.049213 -0.171039,
        1.536413 -0.049213 -0.170654,
        1.544073 -0.049213 -0.169055,
        1.543491 -0.049213 -0.169624,
        1.542178 -0.049213 -0.170509,
        1.540770 -0.049213 -0.171021,
        1.546063 -0.049213 -0.163654,
        1.546058 -0.049213 -0.163962,
        1.545759 -0.049213 -0.166033,
        1.545078 -0.049213 -0.167690,
        1.546063 -0.049213 -0.161114,
      ]
    }
    coordIndex [
      58, 59, 49, -1,
      49, 59, 54, -1,
      60, 58, 47, -1,
      47, 58, 49, -1,
      61, 60, 46, -1,
      46, 60, 47, -1,
      62, 61, 48, -1,
      48, 61, 46, -1,
      63, 62, 50, -1,
      50, 62, 48, -1,
      64, 63, 52, -1,
      52, 63, 50, -1,
      65, 64, 51, -1,
      51, 64, 52, -1,
      66, 65, 53, -1,
      53, 65, 51, -1,
      67, 66, 57, -1,
      57, 66, 53, -1,
      68, 67, 56, -1,
      56, 67, 57, -1,
      69, 68, 55, -1,
      55, 68, 56, -1,
      59, 69, 54, -1,
      54, 69, 55, -1,
      69, 59, 58, -1,
      58, 60, 69, -1,
      69, 60, 61, -1,
      69, 61, 68, -1,
      66, 67, 65, -1,
      65, 67, 68, -1,
      65, 68, 64, -1,
      64, 68, 61, -1,
      64, 61, 63, -1,
      63, 61, 62, -1,
      70, 71, 72, -1,
      73, 74, 75, -1,
      75, 74, 76, -1,
      77, 78, 71, -1,
      71, 78, 74, -1,
      71, 74, 72, -1,
      72, 74, 73, -1,
      79, 80, 81, -1,
      72, 82, 70, -1,
      70, 82, 83, -1,
      70, 83, 84, -1,
      84, 83, 85, -1,
      84, 85, 86, -1,
      86, 85, 87, -1,
      86, 87, 88, -1,
      88, 87, 89, -1,
      88, 89, 90, -1,
      90, 89, 91, -1,
      90, 91, 92, -1,
      92, 91, 93, -1,
      92, 93, 94, -1,
      94, 93, 95, -1,
      94, 95, 96, -1,
      96, 95, 97, -1,
      96, 97, 98, -1,
      98, 97, 99, -1,
      81, 80, 100, -1,
      100, 80, 101, -1,
      100, 101, 102, -1,
      79, 81, 103, -1,
      103, 81, 104, -1,
      103, 104, 105, -1,
      105, 104, 106, -1,
      105, 106, 107, -1,
      107, 106, 108, -1,
      107, 108, 109, -1,
      109, 108, 110, -1,
      109, 110, 111, -1,
      111, 110, 112, -1,
      111, 112, 113, -1,
      113, 112, 114, -1,
      113, 114, 115, -1,
      115, 114, 116, -1,
      115, 116, 99, -1,
      99, 116, 117, -1,
      99, 117, 98, -1,
      118, 119, 120, -1,
      120, 119, 121, -1,
      120, 121, 122, -1,
      122, 121, 123, -1,
      122, 123, 124, -1,
      124, 123, 125, -1,
      124, 125, 126, -1,
      126, 125, 127, -1,
      126, 127, 128, -1,
      128, 127, 129, -1,
      128, 129, 130, -1,
      130, 129, 131, -1,
      130, 131, 132, -1,
      132, 131, 133, -1,
      132, 133, 134, -1,
      134, 133, 135, -1,
      134, 135, 136, -1,
      136, 135, 137, -1,
      136, 137, 74, -1,
      74, 137, 102, -1,
      74, 102, 76, -1,
      76, 102, 101, -1,
      124, 32, 31, -1,
      124, 31, 122, -1,
      122, 31, 9, -1,
      122, 9, 120, -1,
      120, 9, 8, -1,
      120, 8, 118, -1,
      119, 118, 4, -1,
      4, 118, 8, -1,
      119, 4, 13, -1,
      119, 13, 121, -1,
      121, 13, 17, -1,
      121, 17, 123, -1,
      123, 17, 16, -1,
      123, 16, 125, -1,
      125, 16, 15, -1,
      125, 15, 127, -1,
      127, 15, 40, -1,
      127, 40, 129, -1,
      129, 40, 39, -1,
      129, 39, 131, -1,
      131, 39, 38, -1,
      131, 38, 133, -1,
      133, 38, 37, -1,
      133, 37, 135, -1,
      135, 37, 36, -1,
      135, 36, 137, -1,
      137, 36, 35, -1,
      137, 35, 102, -1,
      100, 102, 14, -1,
      14, 102, 35, -1,
      100, 14, 12, -1,
      100, 12, 81, -1,
      81, 12, 11, -1,
      81, 11, 104, -1,
      104, 11, 3, -1,
      104, 3, 106, -1,
      106, 3, 5, -1,
      106, 5, 108, -1,
      108, 5, 6, -1,
      108, 6, 110, -1,
      110, 6, 30, -1,
      110, 30, 112, -1,
      112, 30, 29, -1,
      112, 29, 114, -1,
      114, 29, 21, -1,
      114, 21, 116, -1,
      116, 21, 20, -1,
      116, 20, 117, -1,
      117, 20, 19, -1,
      117, 19, 98, -1,
      42, 92, 43, -1,
      43, 92, 94, -1,
      43, 94, 44, -1,
      44, 94, 96, -1,
      44, 96, 18, -1,
      18, 96, 98, -1,
      18, 98, 19, -1,
      92, 42, 41, -1,
      92, 41, 90, -1,
      90, 41, 1, -1,
      90, 1, 88, -1,
      1, 0, 88, -1,
      88, 0, 7, -1,
      88, 7, 86, -1,
      86, 7, 28, -1,
      86, 28, 84, -1,
      84, 28, 27, -1,
      84, 27, 70, -1,
      71, 70, 26, -1,
      26, 70, 27, -1,
      77, 71, 2, -1,
      2, 71, 26, -1,
      78, 77, 45, -1,
      45, 77, 2, -1,
      74, 78, 34, -1,
      34, 78, 45, -1,
      74, 34, 25, -1,
      74, 25, 136, -1,
      136, 25, 24, -1,
      136, 24, 134, -1,
      134, 24, 23, -1,
      134, 23, 132, -1,
      132, 23, 22, -1,
      132, 22, 130, -1,
      130, 22, 10, -1,
      130, 10, 128, -1,
      128, 10, 33, -1,
      128, 33, 126, -1,
      126, 33, 32, -1,
      126, 32, 124, -1,
      103, 138, 139, -1,
      103, 139, 79, -1,
      79, 139, 140, -1,
      79, 140, 80, -1,
      80, 140, 141, -1,
      80, 141, 101, -1,
      111, 142, 143, -1,
      111, 143, 109, -1,
      109, 143, 144, -1,
      109, 144, 107, -1,
      107, 144, 145, -1,
      107, 145, 105, -1,
      105, 145, 138, -1,
      105, 138, 103, -1,
      97, 146, 147, -1,
      97, 147, 99, -1,
      99, 147, 148, -1,
      99, 148, 115, -1,
      115, 148, 149, -1,
      115, 149, 113, -1,
      113, 149, 142, -1,
      113, 142, 111, -1,
      91, 150, 151, -1,
      91, 151, 93, -1,
      93, 151, 152, -1,
      93, 152, 95, -1,
      95, 152, 146, -1,
      95, 146, 97, -1,
      83, 153, 154, -1,
      83, 154, 85, -1,
      85, 154, 155, -1,
      85, 155, 87, -1,
      87, 155, 156, -1,
      87, 156, 89, -1,
      89, 156, 150, -1,
      89, 150, 91, -1,
      75, 157, 158, -1,
      75, 158, 73, -1,
      73, 158, 159, -1,
      73, 159, 72, -1,
      72, 159, 160, -1,
      72, 160, 82, -1,
      82, 160, 153, -1,
      82, 153, 83, -1,
      75, 76, 157, -1,
      157, 76, 161, -1,
      76, 101, 161, -1,
      161, 101, 141, -1,
    ]
  }
}

Shape {
  appearance Appearance {
    material Material {
      diffuseColor 0.2510 0.2510 0.2510
      specularColor 0.1255 0.1255 0.1255
      ambientIntensity 0.2
      transparency 0.0000
      shininess 0.5
    }
  }
  geometry IndexedFaceSet {
    ccw TRUE
    solid FALSE
    coord DEF co Coordinate {
      point [
        1.535374 -0.049213 -0.163578,
        1.535980 -0.049213 -0.163113,
        1.537080 -0.049213 -0.162591,
        1.539865 -0.049213 -0.161948,
        1.534142 -0.049213 -0.166932,
        1.534181 -0.049213 -0.166196,
        1.534411 -0.049213 -0.165132,
        1.534818 -0.049213 -0.164266,
        1.535488 -0.049213 -0.170022,
        1.535093 -0.049213 -0.169625,
        1.534565 -0.049213 -0.168842,
        1.534260 -0.049213 -0.167998,
        1.539031 -0.049213 -0.171215,
        1.537463 -0.049213 -0.171039,
        1.536413 -0.049213 -0.170654,
        1.544073 -0.049213 -0.169055,
        1.543491 -0.049213 -0.169624,
        1.542178 -0.049213 -0.170509,
        1.540770 -0.049213 -0.171021,
        1.546063 -0.049213 -0.163654,
        1.546058 -0.049213 -0.163962,
        1.545759 -0.049213 -0.166033,
        1.545078 -0.049213 -0.167690,
        1.546063 -0.049213 -0.161114,
      ]
    }
    coordIndex [
      20, 19, 0, -1,
      19, 23, 3, -1,
      3, 2, 19, -1,
      19, 2, 1, -1,
      19, 1, 0, -1,
      20, 0, 21, -1,
      21, 0, 7, -1,
      21, 7, 22, -1,
      9, 8, 16, -1,
      9, 16, 10, -1,
      17, 16, 18, -1,
      18, 16, 12, -1,
      7, 6, 22, -1,
      22, 6, 5, -1,
      22, 5, 15, -1,
      15, 5, 4, -1,
      15, 4, 16, -1,
      16, 4, 11, -1,
      16, 11, 10, -1,
      8, 14, 16, -1,
      16, 14, 13, -1,
      16, 13, 12, -1,
    ]
  }
}

Shape {
  appearance Appearance {
    material Material {
      diffuseColor 1.0000 1.0000 1.0000
      specularColor 0.5020 0.5020 0.5020
      ambientIntensity 0.2
      transparency 0.0000
      shininess 0.5
    }
  }
  geometry IndexedFaceSet {
    ccw TRUE
    solid FALSE
    coord DEF co Coordinate {
      point [
        1.612497 -0.049213 -0.141594,
        1.612497 -0.049213 -0.153458,
        1.619437 -0.049213 -0.153458,
        1.612497 -0.049213 -0.157703,
        1.612497 -0.049213 -0.170173,
        1.619437 -0.049213 -0.170173,
        1.627648 -0.049213 -0.174399,
        1.619437 -0.049213 -0.174399,
        1.567951 -0.049213 -0.174631,
        1.567172 -0.049213 -0.174712,
        1.602708 -0.049213 -0.147924,
        1.592146 -0.049213 -0.174712,
        1.589404 -0.049213 -0.167823,
        1.589973 -0.049213 -0.170002,
        1.590096 -0.049213 -0.170002,
        1.597894 -0.049213 -0.147924,
        1.584728 -0.049213 -0.154371,
        1.590665 -0.049213 -0.167861,
        1.590309 -0.049213 -0.169095,
        1.577294 -0.049213 -0.147924,
        1.584728 -0.049213 -0.166834,
        1.582487 -0.049213 -0.147924,
        1.587524 -0.049213 -0.174712,
        1.587680 -0.049213 -0.174343,
        1.584728 -0.049213 -0.180830,
        1.584734 -0.049213 -0.180822,
        1.585643 -0.049213 -0.179156,
        1.578252 -0.049213 -0.186490,
        1.578252 -0.049213 -0.182359,
        1.583122 -0.049213 -0.186654,
        1.581246 -0.049213 -0.186869,
        1.580886 -0.049213 -0.182889,
        1.582000 -0.049213 -0.182765,
        1.580221 -0.049213 -0.186833,
        1.583017 -0.049213 -0.182383,
        1.583870 -0.049213 -0.181792,
        1.586576 -0.049213 -0.184822,
        1.584954 -0.049213 -0.185956,
        1.584728 -0.049213 -0.186042,
        1.588591 -0.049213 -0.182492,
        1.586892 -0.049213 -0.184532,
        1.590693 -0.049213 -0.178398,
        1.557762 -0.049213 -0.151914,
        1.558625 -0.049213 -0.150659,
        1.557209 -0.049213 -0.153409,
        1.558343 -0.049213 -0.159257,
        1.557738 -0.049213 -0.158289,
        1.557226 -0.049213 -0.156872,
        1.557026 -0.049213 -0.155069,
        1.559103 -0.049213 -0.160052,
        1.556998 -0.049213 -0.168676,
        1.559144 -0.049213 -0.160079,
        1.558644 -0.049213 -0.169709,
        1.559144 -0.049213 -0.169906,
        1.556998 -0.049213 -0.173471,
        1.559144 -0.049213 -0.174241,
        1.560075 -0.049213 -0.174574,
        1.561328 -0.049213 -0.174712,
        1.564180 -0.049213 -0.175025,
        1.579201 -0.049213 -0.182670,
        1.573324 -0.049213 -0.162820,
        1.574191 -0.049213 -0.164099,
        1.573608 -0.049213 -0.153003,
        1.560001 -0.049213 -0.149421,
        1.561309 -0.049213 -0.148634,
        1.574087 -0.049213 -0.170535,
        1.573222 -0.049213 -0.171759,
        1.559144 -0.049213 -0.150192,
        1.574686 -0.049213 -0.165468,
        1.574878 -0.049213 -0.167198,
        1.574657 -0.049213 -0.169063,
        1.563838 -0.049213 -0.147709,
        1.567335 -0.049213 -0.147318,
        1.573608 -0.049213 -0.148493,
        1.570344 -0.049213 -0.147563,
        1.571893 -0.049213 -0.172921,
        1.570496 -0.049213 -0.173747,
        1.566881 -0.049213 -0.151089,
        1.565506 -0.049213 -0.151192,
        1.561811 -0.049213 -0.154652,
        1.564264 -0.049213 -0.151521,
        1.563223 -0.049213 -0.152074,
        1.561854 -0.049213 -0.155270,
        1.562038 -0.049213 -0.155991,
        1.562372 -0.049213 -0.156617,
        1.562825 -0.049213 -0.157116,
        1.564462 -0.049213 -0.158139,
        1.570088 -0.049213 -0.151474,
        1.567335 -0.049213 -0.159390,
        1.572719 -0.049213 -0.152484,
        1.569133 -0.049213 -0.160117,
        1.572217 -0.049213 -0.161832,
        1.562522 -0.049213 -0.152694,
        1.562124 -0.049213 -0.153285,
        1.561895 -0.049213 -0.153911,
        1.561546 -0.049213 -0.170850,
        1.564057 -0.049213 -0.162763,
        1.561289 -0.049213 -0.161494,
        1.564635 -0.049213 -0.171234,
        1.564840 -0.049213 -0.171233,
        1.567106 -0.049213 -0.164040,
        1.567220 -0.049213 -0.170967,
        1.570112 -0.049213 -0.167653,
        1.570067 -0.049213 -0.167075,
        1.568419 -0.049213 -0.170528,
        1.568842 -0.049213 -0.170271,
        1.569374 -0.049213 -0.169798,
        1.569780 -0.049213 -0.169199,
        1.570016 -0.049213 -0.168538,
        1.569856 -0.049213 -0.166350,
        1.569496 -0.049213 -0.165735,
        1.568918 -0.049213 -0.165132,
        1.625753 -0.049213 -0.157703,
        1.625753 -0.049213 -0.153458,
        1.626805 -0.049213 -0.141594,
        1.619437 -0.049213 -0.141594,
        1.607711 -0.049213 -0.137330,
        1.619437 -0.049213 -0.137330,
        1.626805 -0.049213 -0.137330,
        1.607711 -0.049213 -0.174399,
        1.627648 -0.049213 -0.170173,
        1.634651 -0.049213 -0.174399,
        1.634651 -0.049213 -0.137330,
        1.664648 -0.049213 -0.158393,
        1.663632 -0.049213 -0.162634,
        1.644847 -0.049213 -0.174399,
        1.619437 -0.049213 -0.157703,
        1.664831 -0.049213 -0.155391,
        1.664223 -0.049213 -0.150320,
        1.661681 -0.049213 -0.166398,
        1.659240 -0.049213 -0.169207,
        1.655331 -0.049213 -0.172003,
        1.659240 -0.049213 -0.142239,
        1.660569 -0.049213 -0.143540,
        1.662858 -0.049213 -0.146778,
        1.645226 -0.049213 -0.137330,
        1.650886 -0.049213 -0.137956,
        1.655360 -0.049213 -0.139590,
        1.651097 -0.049213 -0.173645,
        1.564635 -0.053150 -0.171234,
        1.558644 -0.053150 -0.169709,
        1.561546 -0.053150 -0.170850,
        1.556998 -0.053150 -0.168676,
        1.556998 -0.053150 -0.173471,
        1.560075 -0.053150 -0.174574,
        1.564180 -0.053150 -0.175025,
        1.567951 -0.053150 -0.174631,
        1.570496 -0.053150 -0.173747,
        1.571893 -0.053150 -0.172921,
        1.573222 -0.053150 -0.171759,
        1.574087 -0.053150 -0.170535,
        1.574657 -0.053150 -0.169063,
        1.574878 -0.053150 -0.167198,
        1.574686 -0.053150 -0.165468,
        1.574191 -0.053150 -0.164099,
        1.573324 -0.053150 -0.162820,
        1.572217 -0.053150 -0.161832,
        1.569133 -0.053150 -0.160117,
        1.567335 -0.053150 -0.159390,
        1.564462 -0.053150 -0.158139,
        1.562825 -0.053150 -0.157116,
        1.562372 -0.053150 -0.156617,
        1.562038 -0.053150 -0.155991,
        1.561854 -0.053150 -0.155270,
        1.561811 -0.053150 -0.154652,
        1.561895 -0.053150 -0.153911,
        1.562124 -0.053150 -0.153285,
        1.562522 -0.053150 -0.152694,
        1.563223 -0.053150 -0.152074,
        1.564264 -0.053150 -0.151521,
        1.565506 -0.053150 -0.151192,
        1.566881 -0.053150 -0.151089,
        1.570088 -0.053150 -0.151474,
        1.572719 -0.053150 -0.152484,
        1.573608 -0.053150 -0.153003,
        1.573608 -0.053150 -0.148493,
        1.570344 -0.053150 -0.147563,
        1.567335 -0.053150 -0.147318,
        1.563838 -0.053150 -0.147709,
        1.561309 -0.053150 -0.148634,
        1.560001 -0.053150 -0.149421,
        1.558625 -0.053150 -0.150659,
        1.557762 -0.053150 -0.151914,
        1.557209 -0.053150 -0.153409,
        1.557026 -0.053150 -0.155069,
        1.557226 -0.053150 -0.156872,
        1.557738 -0.053150 -0.158289,
        1.558343 -0.053150 -0.159257,
        1.564057 -0.053150 -0.162763,
        1.561289 -0.053150 -0.161494,
        1.559103 -0.053150 -0.160052,
        1.567106 -0.053150 -0.164040,
        1.568918 -0.053150 -0.165132,
        1.569496 -0.053150 -0.165735,
        1.569856 -0.053150 -0.166350,
        1.570067 -0.053150 -0.167075,
        1.570112 -0.053150 -0.167653,
        1.570016 -0.053150 -0.168538,
        1.569780 -0.053150 -0.169199,
        1.569374 -0.053150 -0.169798,
        1.568842 -0.053150 -0.170271,
        1.568419 -0.053150 -0.170528,
        1.567220 -0.053150 -0.170967,
        1.564840 -0.053150 -0.171233,
        1.597894 -0.053150 -0.147924,
        1.602708 -0.053150 -0.147924,
        1.590665 -0.053150 -0.167861,
        1.590309 -0.053150 -0.169095,
        1.590096 -0.053150 -0.170002,
        1.589973 -0.053150 -0.170002,
        1.589404 -0.053150 -0.167823,
        1.582487 -0.053150 -0.147924,
        1.577294 -0.053150 -0.147924,
        1.587680 -0.053150 -0.174343,
        1.585643 -0.053150 -0.179156,
        1.583870 -0.053150 -0.181792,
        1.584734 -0.053150 -0.180822,
        1.583017 -0.053150 -0.182383,
        1.582000 -0.053150 -0.182765,
        1.580886 -0.053150 -0.182889,
        1.579201 -0.053150 -0.182670,
        1.578252 -0.053150 -0.182359,
        1.578252 -0.053150 -0.186490,
        1.580221 -0.053150 -0.186833,
        1.581246 -0.053150 -0.186869,
        1.584954 -0.053150 -0.185956,
        1.583122 -0.053150 -0.186654,
        1.586576 -0.053150 -0.184822,
        1.586892 -0.053150 -0.184532,
        1.588591 -0.053150 -0.182492,
        1.590693 -0.053150 -0.178398,
        1.627648 -0.053150 -0.170173,
        1.627648 -0.053150 -0.174399,
        1.612497 -0.053150 -0.170173,
        1.612497 -0.053150 -0.157703,
        1.625753 -0.053150 -0.157703,
        1.625753 -0.053150 -0.153458,
        1.612497 -0.053150 -0.153458,
        1.612497 -0.053150 -0.141594,
        1.626805 -0.053150 -0.141594,
        1.626805 -0.053150 -0.137330,
        1.607711 -0.053150 -0.137330,
        1.607711 -0.053150 -0.174399,
        1.657725 -0.053150 -0.163950,
        1.655839 -0.053150 -0.166307,
        1.659240 -0.053150 -0.169207,
        1.655376 -0.053150 -0.166737,
        1.655331 -0.053150 -0.172002,
        1.652977 -0.053150 -0.168392,
        1.651097 -0.053150 -0.173645,
        1.649903 -0.053150 -0.169573,
        1.644847 -0.053150 -0.174399,
        1.644818 -0.053150 -0.170173,
        1.634651 -0.053150 -0.174399,
        1.639436 -0.053150 -0.170173,
        1.634651 -0.053150 -0.137330,
        1.639436 -0.053150 -0.141594,
        1.645226 -0.053150 -0.137330,
        1.645036 -0.053150 -0.141594,
        1.650886 -0.053150 -0.137956,
        1.649891 -0.053150 -0.142141,
        1.655360 -0.053150 -0.139590,
        1.653093 -0.053150 -0.143315,
        1.659240 -0.053150 -0.142239,
        1.655734 -0.053150 -0.145081,
        1.660569 -0.053150 -0.143540,
        1.657080 -0.053150 -0.146470,
        1.662858 -0.053150 -0.146778,
        1.658440 -0.053150 -0.148645,
        1.664223 -0.053150 -0.150320,
        1.659404 -0.053150 -0.151528,
        1.664831 -0.053150 -0.155391,
        1.659799 -0.053150 -0.155524,
        1.664648 -0.053150 -0.158393,
        1.659689 -0.053150 -0.157761,
        1.663632 -0.053150 -0.162634,
        1.658985 -0.053150 -0.161182,
        1.661681 -0.053150 -0.166398,
        1.645036 -0.049213 -0.141594,
        1.639436 -0.049213 -0.141594,
        1.639436 -0.049213 -0.170173,
        1.644818 -0.049213 -0.170173,
        1.655839 -0.049213 -0.166307,
        1.655376 -0.049213 -0.166737,
        1.652977 -0.049213 -0.168392,
        1.649903 -0.049213 -0.169573,
        1.659799 -0.049213 -0.155524,
        1.659689 -0.049213 -0.157761,
        1.658985 -0.049213 -0.161182,
        1.657725 -0.049213 -0.163950,
        1.655734 -0.049213 -0.145081,
        1.657080 -0.049213 -0.146470,
        1.658440 -0.049213 -0.148645,
        1.659404 -0.049213 -0.151528,
        1.649891 -0.049213 -0.142141,
        1.653093 -0.049213 -0.143315,
      ]
    }
    coordIndex [
      139, 98, 95, -1,
      53, 140, 95, -1,
      95, 140, 141, -1,
      95, 141, 139, -1,
      53, 52, 140, -1,
      140, 52, 50, -1,
      140, 50, 142, -1,
      143, 142, 54, -1,
      54, 142, 50, -1,
      143, 54, 144, -1,
      144, 54, 55, -1,
      58, 145, 57, -1,
      57, 145, 144, -1,
      57, 144, 56, -1,
      56, 144, 55, -1,
      145, 58, 146, -1,
      146, 58, 9, -1,
      9, 8, 146, -1,
      146, 8, 76, -1,
      146, 76, 147, -1,
      147, 76, 75, -1,
      147, 75, 148, -1,
      148, 75, 66, -1,
      148, 66, 149, -1,
      149, 66, 65, -1,
      149, 65, 150, -1,
      150, 65, 70, -1,
      150, 70, 151, -1,
      151, 70, 69, -1,
      151, 69, 152, -1,
      152, 69, 68, -1,
      152, 68, 153, -1,
      153, 68, 61, -1,
      153, 61, 154, -1,
      154, 61, 60, -1,
      154, 60, 155, -1,
      155, 60, 91, -1,
      155, 91, 156, -1,
      156, 91, 90, -1,
      156, 90, 157, -1,
      157, 90, 88, -1,
      157, 88, 158, -1,
      158, 88, 86, -1,
      158, 86, 159, -1,
      159, 86, 85, -1,
      159, 85, 160, -1,
      160, 85, 84, -1,
      160, 84, 161, -1,
      161, 84, 83, -1,
      161, 83, 162, -1,
      162, 83, 82, -1,
      162, 82, 163, -1,
      163, 82, 79, -1,
      163, 79, 164, -1,
      164, 79, 94, -1,
      164, 94, 165, -1,
      165, 94, 93, -1,
      165, 93, 166, -1,
      166, 93, 92, -1,
      166, 92, 167, -1,
      167, 92, 81, -1,
      167, 81, 168, -1,
      168, 81, 80, -1,
      168, 80, 169, -1,
      169, 80, 78, -1,
      169, 78, 170, -1,
      170, 78, 77, -1,
      170, 77, 171, -1,
      171, 77, 87, -1,
      171, 87, 172, -1,
      172, 87, 89, -1,
      172, 89, 173, -1,
      173, 89, 62, -1,
      173, 62, 174, -1,
      175, 174, 73, -1,
      73, 174, 62, -1,
      175, 73, 74, -1,
      175, 74, 176, -1,
      176, 74, 72, -1,
      176, 72, 177, -1,
      177, 72, 71, -1,
      177, 71, 178, -1,
      178, 71, 64, -1,
      178, 64, 179, -1,
      179, 64, 63, -1,
      179, 63, 180, -1,
      180, 63, 181, -1,
      181, 63, 67, -1,
      67, 43, 181, -1,
      181, 43, 42, -1,
      181, 42, 182, -1,
      182, 42, 44, -1,
      182, 44, 183, -1,
      183, 44, 48, -1,
      183, 48, 184, -1,
      184, 48, 47, -1,
      184, 47, 185, -1,
      185, 47, 46, -1,
      185, 46, 186, -1,
      186, 46, 45, -1,
      186, 45, 187, -1,
      96, 188, 189, -1,
      187, 45, 49, -1,
      187, 49, 190, -1,
      190, 49, 51, -1,
      190, 51, 189, -1,
      189, 51, 97, -1,
      189, 97, 96, -1,
      188, 96, 100, -1,
      188, 100, 191, -1,
      191, 100, 111, -1,
      191, 111, 192, -1,
      192, 111, 110, -1,
      192, 110, 193, -1,
      193, 110, 109, -1,
      193, 109, 194, -1,
      194, 109, 103, -1,
      194, 103, 195, -1,
      195, 103, 102, -1,
      195, 102, 196, -1,
      196, 102, 108, -1,
      196, 108, 197, -1,
      197, 108, 107, -1,
      197, 107, 198, -1,
      198, 107, 106, -1,
      198, 106, 199, -1,
      199, 106, 105, -1,
      199, 105, 200, -1,
      200, 105, 104, -1,
      200, 104, 201, -1,
      201, 104, 101, -1,
      201, 101, 202, -1,
      202, 101, 99, -1,
      202, 99, 203, -1,
      203, 99, 98, -1,
      203, 98, 139, -1,
      167, 168, 179, -1,
      179, 168, 178, -1,
      191, 158, 188, -1,
      188, 158, 159, -1,
      147, 148, 199, -1,
      199, 148, 149, -1,
      199, 149, 198, -1,
      198, 149, 150, -1,
      198, 150, 197, -1,
      197, 150, 151, -1,
      197, 151, 196, -1,
      196, 151, 152, -1,
      196, 152, 195, -1,
      195, 152, 153, -1,
      195, 153, 194, -1,
      194, 153, 154, -1,
      194, 154, 193, -1,
      193, 154, 155, -1,
      193, 155, 192, -1,
      192, 155, 156, -1,
      192, 156, 191, -1,
      191, 156, 157, -1,
      191, 157, 158, -1,
      145, 139, 144, -1,
      144, 139, 141, -1,
      144, 141, 143, -1,
      143, 141, 140, -1,
      143, 140, 142, -1,
      168, 169, 178, -1,
      178, 169, 170, -1,
      178, 170, 177, -1,
      177, 170, 171, -1,
      177, 171, 176, -1,
      176, 171, 172, -1,
      176, 172, 175, -1,
      175, 172, 173, -1,
      175, 173, 174, -1,
      199, 200, 147, -1,
      147, 200, 201, -1,
      147, 201, 146, -1,
      146, 201, 202, -1,
      146, 202, 145, -1,
      145, 202, 203, -1,
      145, 203, 139, -1,
      179, 180, 167, -1,
      167, 180, 181, -1,
      167, 181, 166, -1,
      166, 181, 182, -1,
      166, 182, 165, -1,
      165, 182, 183, -1,
      165, 183, 164, -1,
      164, 183, 184, -1,
      164, 184, 163, -1,
      163, 184, 185, -1,
      163, 185, 162, -1,
      162, 185, 186, -1,
      162, 186, 161, -1,
      161, 186, 187, -1,
      161, 187, 160, -1,
      160, 187, 190, -1,
      160, 190, 159, -1,
      159, 190, 189, -1,
      159, 189, 188, -1,
      204, 205, 15, -1,
      15, 205, 10, -1,
      206, 204, 17, -1,
      17, 204, 15, -1,
      206, 17, 18, -1,
      206, 18, 207, -1,
      207, 18, 14, -1,
      207, 14, 208, -1,
      209, 208, 13, -1,
      13, 208, 14, -1,
      210, 209, 12, -1,
      12, 209, 13, -1,
      210, 12, 211, -1,
      211, 12, 16, -1,
      211, 16, 21, -1,
      212, 211, 19, -1,
      19, 211, 21, -1,
      212, 19, 213, -1,
      213, 19, 20, -1,
      213, 20, 23, -1,
      26, 214, 22, -1,
      22, 214, 213, -1,
      22, 213, 23, -1,
      214, 26, 25, -1,
      24, 215, 25, -1,
      25, 215, 216, -1,
      25, 216, 214, -1,
      24, 35, 215, -1,
      215, 35, 34, -1,
      215, 34, 217, -1,
      217, 34, 32, -1,
      217, 32, 218, -1,
      218, 32, 31, -1,
      218, 31, 219, -1,
      219, 31, 59, -1,
      219, 59, 220, -1,
      220, 59, 28, -1,
      220, 28, 221, -1,
      222, 221, 27, -1,
      27, 221, 28, -1,
      222, 27, 33, -1,
      222, 33, 223, -1,
      223, 33, 30, -1,
      223, 30, 224, -1,
      224, 30, 29, -1,
      38, 225, 29, -1,
      29, 225, 226, -1,
      29, 226, 224, -1,
      38, 37, 225, -1,
      225, 37, 36, -1,
      225, 36, 227, -1,
      227, 36, 40, -1,
      227, 40, 228, -1,
      228, 40, 39, -1,
      228, 39, 229, -1,
      229, 39, 41, -1,
      229, 41, 230, -1,
      10, 205, 11, -1,
      11, 205, 230, -1,
      11, 230, 41, -1,
      207, 208, 230, -1,
      205, 204, 230, -1,
      230, 204, 206, -1,
      230, 206, 207, -1,
      211, 212, 210, -1,
      210, 212, 213, -1,
      210, 213, 209, -1,
      229, 216, 228, -1,
      228, 216, 215, -1,
      221, 222, 220, -1,
      220, 222, 223, -1,
      220, 223, 219, -1,
      219, 223, 224, -1,
      219, 224, 218, -1,
      218, 224, 226, -1,
      218, 226, 217, -1,
      217, 226, 225, -1,
      217, 225, 215, -1,
      215, 225, 227, -1,
      215, 227, 228, -1,
      208, 209, 230, -1,
      230, 209, 213, -1,
      230, 213, 229, -1,
      229, 213, 214, -1,
      229, 214, 216, -1,
      231, 232, 120, -1,
      120, 232, 6, -1,
      231, 120, 233, -1,
      233, 120, 5, -1,
      233, 5, 4, -1,
      234, 233, 3, -1,
      3, 233, 4, -1,
      234, 3, 235, -1,
      235, 3, 126, -1,
      235, 126, 112, -1,
      236, 235, 113, -1,
      113, 235, 112, -1,
      1, 237, 2, -1,
      2, 237, 236, -1,
      2, 236, 113, -1,
      238, 237, 0, -1,
      0, 237, 1, -1,
      114, 239, 115, -1,
      115, 239, 238, -1,
      115, 238, 0, -1,
      240, 239, 118, -1,
      118, 239, 114, -1,
      116, 241, 117, -1,
      117, 241, 240, -1,
      117, 240, 118, -1,
      242, 241, 119, -1,
      119, 241, 116, -1,
      242, 119, 232, -1,
      232, 119, 7, -1,
      232, 7, 6, -1,
      242, 232, 231, -1,
      231, 233, 242, -1,
      242, 233, 234, -1,
      242, 234, 241, -1,
      239, 240, 238, -1,
      238, 240, 241, -1,
      238, 241, 237, -1,
      237, 241, 234, -1,
      237, 234, 236, -1,
      236, 234, 235, -1,
      243, 244, 245, -1,
      245, 244, 246, -1,
      245, 246, 247, -1,
      247, 246, 248, -1,
      247, 248, 249, -1,
      249, 248, 250, -1,
      249, 250, 251, -1,
      251, 250, 252, -1,
      251, 252, 253, -1,
      253, 252, 254, -1,
      253, 254, 255, -1,
      255, 254, 256, -1,
      255, 256, 257, -1,
      257, 256, 258, -1,
      257, 258, 259, -1,
      259, 258, 260, -1,
      259, 260, 261, -1,
      261, 260, 262, -1,
      261, 262, 263, -1,
      263, 262, 264, -1,
      263, 264, 265, -1,
      265, 264, 266, -1,
      265, 266, 267, -1,
      267, 266, 268, -1,
      267, 268, 269, -1,
      269, 268, 270, -1,
      269, 270, 271, -1,
      271, 270, 272, -1,
      271, 272, 273, -1,
      273, 272, 274, -1,
      273, 274, 275, -1,
      275, 274, 276, -1,
      275, 276, 277, -1,
      277, 276, 243, -1,
      277, 243, 245, -1,
      251, 253, 125, -1,
      125, 253, 121, -1,
      251, 125, 138, -1,
      251, 138, 249, -1,
      249, 138, 131, -1,
      249, 131, 247, -1,
      247, 131, 130, -1,
      247, 130, 245, -1,
      245, 130, 129, -1,
      245, 129, 277, -1,
      277, 129, 124, -1,
      277, 124, 275, -1,
      275, 124, 123, -1,
      275, 123, 273, -1,
      273, 123, 127, -1,
      273, 127, 271, -1,
      271, 127, 128, -1,
      271, 128, 269, -1,
      269, 128, 134, -1,
      269, 134, 267, -1,
      267, 134, 133, -1,
      267, 133, 265, -1,
      265, 133, 132, -1,
      265, 132, 263, -1,
      263, 132, 137, -1,
      263, 137, 261, -1,
      261, 137, 136, -1,
      261, 136, 259, -1,
      259, 136, 135, -1,
      259, 135, 257, -1,
      255, 257, 122, -1,
      122, 257, 135, -1,
      253, 255, 121, -1,
      121, 255, 122, -1,
      258, 256, 278, -1,
      278, 256, 279, -1,
      256, 254, 279, -1,
      279, 254, 280, -1,
      254, 252, 280, -1,
      280, 252, 281, -1,
      244, 282, 283, -1,
      244, 283, 246, -1,
      246, 283, 284, -1,
      246, 284, 248, -1,
      248, 284, 285, -1,
      248, 285, 250, -1,
      250, 285, 281, -1,
      250, 281, 252, -1,
      272, 286, 287, -1,
      272, 287, 274, -1,
      274, 287, 288, -1,
      274, 288, 276, -1,
      276, 288, 289, -1,
      276, 289, 243, -1,
      243, 289, 282, -1,
      243, 282, 244, -1,
      264, 290, 291, -1,
      264, 291, 266, -1,
      266, 291, 292, -1,
      266, 292, 268, -1,
      268, 292, 293, -1,
      268, 293, 270, -1,
      270, 293, 286, -1,
      270, 286, 272, -1,
      258, 278, 294, -1,
      258, 294, 260, -1,
      260, 294, 295, -1,
      260, 295, 262, -1,
      262, 295, 290, -1,
      262, 290, 264, -1,
    ]
  }
}

Shape {
  appearance Appearance {
    material Material {
      diffuseColor 0.2510 0.2510 0.2510
      specularColor 0.1255 0.1255 0.1255
      ambientIntensity 0.2
      transparency 0.0000
      shininess 0.5
    }
  }
  geometry IndexedFaceSet {
    ccw TRUE
    solid FALSE
    coord DEF co Coordinate {
      point [
        1.645036 -0.049213 -0.141594,
        1.639436 -0.049213 -0.141594,
        1.639436 -0.049213 -0.170173,
        1.644818 -0.049213 -0.170173,
        1.655839 -0.049213 -0.166307,
        1.655376 -0.049213 -0.166737,
        1.652977 -0.049213 -0.168392,
        1.649903 -0.049213 -0.169573,
        1.659799 -0.049213 -0.155524,
        1.659689 -0.049213 -0.157761,
        1.658985 -0.049213 -0.161182,
        1.657725 -0.049213 -0.163950,
        1.655734 -0.049213 -0.145081,
        1.657080 -0.049213 -0.146470,
        1.658440 -0.049213 -0.148645,
        1.659404 -0.049213 -0.151528,
        1.649891 -0.049213 -0.142141,
        1.653093 -0.049213 -0.143315,
      ]
    }
    coordIndex [
      1, 2, 0, -1,
      0, 2, 3, -1,
      0, 5, 4, -1,
      3, 7, 0, -1,
      0, 7, 6, -1,
      0, 6, 5, -1,
      9, 8, 0, -1,
      4, 11, 0, -1,
      0, 11, 10, -1,
      0, 10, 9, -1,
      8, 15, 0, -1,
      0, 15, 14, -1,
      0, 14, 13, -1,
      13, 12, 0, -1,
      0, 12, 17, -1,
      0, 17, 16, -1,
    ]
  }
}

Shape {
  appearance Appearance {
    material Material {
      diffuseColor 1.0000 1.0000 1.0000
      specularColor 0.5020 0.5020 0.5020
      ambientIntensity 0.2
      transparency 0.0000
      shininess 0.5
    }
  }
  geometry IndexedFaceSet {
    ccw TRUE
    solid FALSE
    coord DEF co Coordinate {
      point [
        1.666887 -0.049213 -0.174399,
        1.691173 -0.049213 -0.164260,
        1.675737 -0.049213 -0.164260,
        1.694954 -0.049213 -0.174399,
        1.672175 -0.049213 -0.174399,
        1.681006 -0.049213 -0.137330,
        1.686123 -0.049213 -0.137330,
        1.700242 -0.049213 -0.174399,
        1.677254 -0.053150 -0.160072,
        1.675737 -0.053150 -0.164260,
        1.689695 -0.053150 -0.160072,
        1.691173 -0.053150 -0.164260,
        1.682797 -0.053150 -0.144665,
        1.681006 -0.053150 -0.137330,
        1.666887 -0.053150 -0.174399,
        1.672175 -0.053150 -0.174399,
        1.683118 -0.053150 -0.143558,
        1.683404 -0.053150 -0.142068,
        1.686123 -0.053150 -0.137330,
        1.683517 -0.053150 -0.142068,
        1.683817 -0.053150 -0.143637,
        1.684095 -0.053150 -0.144665,
        1.700242 -0.053150 -0.174399,
        1.694954 -0.053150 -0.174399,
        1.677254 -0.049213 -0.160072,
        1.689695 -0.049213 -0.160072,
        1.684095 -0.049213 -0.144665,
        1.683517 -0.049213 -0.142068,
        1.683817 -0.049213 -0.143637,
        1.683404 -0.049213 -0.142068,
        1.682797 -0.049213 -0.144665,
        1.683118 -0.049213 -0.143558,
      ]
    }
    coordIndex [
      8, 9, 10, -1,
      10, 9, 11, -1,
      12, 13, 8, -1,
      8, 13, 14, -1,
      8, 14, 9, -1,
      9, 14, 15, -1,
      12, 16, 13, -1,
      13, 16, 17, -1,
      13, 17, 18, -1,
      18, 17, 19, -1,
      18, 19, 20, -1,
      20, 21, 18, -1,
      18, 21, 10, -1,
      18, 10, 22, -1,
      22, 10, 11, -1,
      22, 11, 23, -1,
      18, 22, 6, -1,
      6, 22, 7, -1,
      13, 18, 5, -1,
      5, 18, 6, -1,
      14, 13, 0, -1,
      0, 13, 5, -1,
      15, 14, 4, -1,
      4, 14, 0, -1,
      9, 15, 2, -1,
      2, 15, 4, -1,
      11, 9, 1, -1,
      1, 9, 2, -1,
      23, 11, 3, -1,
      3, 11, 1, -1,
      22, 23, 7, -1,
      7, 23, 3, -1,
      8, 10, 24, -1,
      24, 10, 25, -1,
      10, 21, 25, -1,
      25, 21, 26, -1,
      19, 27, 28, -1,
      19, 28, 20, -1,
      20, 28, 26, -1,
      20, 26, 21, -1,
      19, 17, 27, -1,
      27, 17, 29, -1,
      12, 30, 31, -1,
      12, 31, 16, -1,
      16, 31, 29, -1,
      16, 29, 17, -1,
      12, 8, 30, -1,
      30, 8, 24, -1,
    ]
  }
}

Shape {
  appearance Appearance {
    material Material {
      diffuseColor 0.2510 0.2510 0.2510
      specularColor 0.1255 0.1255 0.1255
      ambientIntensity 0.2
      transparency 0.0000
      shininess 0.5
    }
  }
  geometry IndexedFaceSet {
    ccw TRUE
    solid FALSE
    coord DEF co Coordinate {
      point [
        1.677254 -0.049213 -0.160072,
        1.689695 -0.049213 -0.160072,
        1.684095 -0.049213 -0.144665,
        1.683517 -0.049213 -0.142068,
        1.683817 -0.049213 -0.143637,
        1.683404 -0.049213 -0.142068,
        1.682797 -0.049213 -0.144665,
        1.683118 -0.049213 -0.143558,
      ]
    }
    coordIndex [
      3, 5, 4, -1,
      4, 5, 7, -1,
      4, 7, 2, -1,
      2, 7, 6, -1,
      2, 6, 1, -1,
      1, 6, 0, -1,
    ]
  }
}

Shape {
  appearance Appearance {
    material Material {
      diffuseColor 1.0000 1.0000 1.0000
      specularColor 0.5020 0.5020 0.5020
      ambientIntensity 0.2
      transparency 0.0000
      shininess 0.5
    }
  }
  geometry IndexedFaceSet {
    ccw TRUE
    solid FALSE
    coord DEF co Coordinate {
      point [
        1.320709 -0.049212 -0.100894,
        1.329092 -0.049212 -0.095000,
        1.457731 -0.049212 -0.107427,
        1.464881 -0.049212 -0.113472,
        1.428379 -0.049212 -0.078211,
        1.434369 -0.049212 -0.082283,
        1.443128 -0.049212 -0.092429,
        1.448601 -0.049212 -0.103104,
        1.449888 -0.049212 -0.103537,
        1.373465 -0.049212 -0.074801,
        1.385627 -0.049212 -0.070149,
        1.398525 -0.049212 -0.068578,
        1.409956 -0.049212 -0.069843,
        1.423131 -0.049212 -0.074644,
        1.338855 -0.049212 -0.091209,
        1.349240 -0.049212 -0.089926,
        1.367943 -0.049212 -0.078211,
        1.366898 -0.049212 -0.078857,
        1.360705 -0.049212 -0.084161,
        1.352271 -0.049212 -0.090091,
        1.355302 -0.049212 -0.090454,
        1.307212 -0.049212 -0.126774,
        1.308387 -0.049212 -0.120192,
        1.310287 -0.049212 -0.115906,
        1.312593 -0.049212 -0.110703,
        1.318931 -0.049212 -0.102577,
        1.325837 -0.049213 -0.168363,
        1.317613 -0.049213 -0.161350,
        1.311598 -0.049213 -0.152762,
        1.335363 -0.049213 -0.173003,
        1.339030 -0.049213 -0.174712,
        1.338698 -0.049213 -0.174001,
        1.307820 -0.049213 -0.142950,
        1.306544 -0.049213 -0.132622,
        1.352837 -0.049213 -0.189396,
        1.350425 -0.049213 -0.188383,
        1.345268 -0.049213 -0.184500,
        1.341346 -0.049213 -0.179664,
        1.374646 -0.049213 -0.189396,
        1.370123 -0.049213 -0.191135,
        1.363736 -0.049213 -0.191922,
        1.362730 -0.049213 -0.191904,
        1.356507 -0.049213 -0.190936,
        1.388428 -0.049213 -0.174712,
        1.388399 -0.049213 -0.174837,
        1.385276 -0.049213 -0.180708,
        1.381249 -0.049213 -0.185220,
        1.376000 -0.049213 -0.188876,
        1.473485 -0.049212 -0.129018,
        1.474693 -0.049213 -0.137630,
        1.422084 -0.049213 -0.159164,
        1.423893 -0.049213 -0.158450,
        1.426989 -0.049213 -0.143428,
        1.383502 -0.049213 -0.147909,
        1.418819 -0.049212 -0.129460,
        1.378891 -0.049213 -0.143711,
        1.373297 -0.049213 -0.140715,
        1.420463 -0.049213 -0.160313,
        1.470176 -0.049213 -0.155375,
        1.464941 -0.049213 -0.162668,
        1.458221 -0.049213 -0.135562,
        1.454964 -0.049212 -0.126774,
        1.323804 -0.049212 -0.126774,
        1.473485 -0.049213 -0.147031,
        1.425935 -0.049213 -0.158187,
        1.426192 -0.049213 -0.158206,
        1.426982 -0.049213 -0.158381,
        1.325362 -0.049213 -0.142627,
        1.328489 -0.049213 -0.147944,
        1.341870 -0.049213 -0.150683,
        1.333213 -0.049213 -0.152800,
        1.338961 -0.049213 -0.156343,
        1.351613 -0.049213 -0.141954,
        1.346226 -0.049213 -0.145700,
        1.323148 -0.049213 -0.132095,
        1.323467 -0.049213 -0.136180,
        1.357435 -0.049213 -0.139725,
        1.363736 -0.049213 -0.138948,
        1.366935 -0.049213 -0.139137,
        1.457773 -0.049213 -0.168737,
        1.449732 -0.049213 -0.172672,
        1.440958 -0.049213 -0.174528,
        1.417765 -0.049213 -0.166357,
        1.417832 -0.049213 -0.165317,
        1.390091 -0.049213 -0.162931,
        1.418361 -0.049213 -0.163311,
        1.419374 -0.049213 -0.161513,
        1.452999 -0.049213 -0.151838,
        1.455900 -0.049213 -0.147728,
        1.457718 -0.049213 -0.143031,
        1.458352 -0.049213 -0.137894,
        1.425408 -0.049213 -0.174528,
        1.423923 -0.049213 -0.174289,
        1.422180 -0.049213 -0.173602,
        1.420470 -0.049213 -0.172387,
        1.419858 -0.049213 -0.171763,
        1.418709 -0.049213 -0.170108,
        1.418015 -0.049213 -0.168321,
        1.389946 -0.049213 -0.168332,
        1.390091 -0.049213 -0.165567,
        1.427517 -0.049213 -0.158451,
        1.439376 -0.049213 -0.158451,
        1.444123 -0.049213 -0.157539,
        1.448772 -0.049213 -0.155381,
        1.452666 -0.049213 -0.152196,
        1.435687 -0.049212 -0.117336,
        1.326195 -0.049212 -0.119831,
        1.323936 -0.049212 -0.125708,
        1.437795 -0.049212 -0.117336,
        1.454522 -0.049212 -0.125957,
        1.451500 -0.049212 -0.122586,
        1.447414 -0.049212 -0.119730,
        1.442815 -0.049212 -0.117956,
        1.429993 -0.049212 -0.101483,
        1.424043 -0.049212 -0.094385,
        1.363472 -0.049212 -0.109693,
        1.423401 -0.049212 -0.093801,
        1.415997 -0.049212 -0.088660,
        1.367501 -0.049212 -0.101352,
        1.328928 -0.049212 -0.115906,
        1.361619 -0.049212 -0.108678,
        1.435372 -0.049212 -0.115906,
        1.434065 -0.049212 -0.109972,
        1.355711 -0.049212 -0.106512,
        1.349504 -0.049212 -0.105740,
        1.346738 -0.049212 -0.105885,
        1.373413 -0.049212 -0.094291,
        1.407733 -0.049212 -0.085492,
        1.380472 -0.049212 -0.089133,
        1.398789 -0.049212 -0.084392,
        1.389081 -0.049212 -0.085643,
        1.340233 -0.049212 -0.107432,
        1.334363 -0.049212 -0.110555,
        1.329850 -0.049212 -0.114582,
        1.466628 -0.049212 -0.115906,
        1.470262 -0.049212 -0.120969,
        1.472587 -0.049212 -0.126774,
        1.334363 -0.053149 -0.110555,
        1.340233 -0.053149 -0.107432,
        1.338855 -0.053149 -0.091209,
        1.385276 -0.053150 -0.180708,
        1.388399 -0.053150 -0.174837,
        1.389946 -0.053150 -0.168332,
        1.355302 -0.053149 -0.090454,
        1.363472 -0.053149 -0.109693,
        1.367501 -0.053149 -0.101352,
        1.353709 -0.053150 -0.169059,
        1.353221 -0.053150 -0.166587,
        1.338961 -0.053150 -0.156343,
        1.338698 -0.053150 -0.174001,
        1.335363 -0.053150 -0.173003,
        1.333213 -0.053150 -0.152800,
        1.349240 -0.053149 -0.089926,
        1.426989 -0.053150 -0.143428,
        1.418819 -0.053149 -0.129460,
        1.390091 -0.053150 -0.162931,
        1.383502 -0.053150 -0.147909,
        1.390091 -0.053150 -0.165567,
        1.376000 -0.053150 -0.188875,
        1.381249 -0.053150 -0.185220,
        1.354752 -0.053150 -0.171274,
        1.345268 -0.053150 -0.184500,
        1.341346 -0.053150 -0.179664,
        1.435687 -0.053149 -0.117336,
        1.437795 -0.053149 -0.117336,
        1.448601 -0.053149 -0.103104,
        1.442815 -0.053149 -0.117956,
        1.449888 -0.053149 -0.103537,
        1.447414 -0.053149 -0.119730,
        1.457731 -0.053149 -0.107427,
        1.464881 -0.053149 -0.113472,
        1.360705 -0.053149 -0.084161,
        1.373413 -0.053149 -0.094291,
        1.366898 -0.053149 -0.078857,
        1.380472 -0.053149 -0.089133,
        1.373465 -0.053149 -0.074801,
        1.346738 -0.053149 -0.105885,
        1.349504 -0.053149 -0.105740,
        1.352271 -0.053149 -0.090091,
        1.355711 -0.053149 -0.106512,
        1.361619 -0.053149 -0.108678,
        1.371828 -0.053150 -0.171805,
        1.370397 -0.053150 -0.173421,
        1.368395 -0.053150 -0.174857,
        1.370123 -0.053150 -0.191135,
        1.366112 -0.053150 -0.175769,
        1.363736 -0.053150 -0.191922,
        1.363472 -0.053150 -0.176109,
        1.362730 -0.053150 -0.191904,
        1.363023 -0.053150 -0.176099,
        1.356507 -0.053150 -0.190936,
        1.360657 -0.053150 -0.175714,
        1.350425 -0.053150 -0.188383,
        1.358275 -0.053150 -0.174691,
        1.356257 -0.053150 -0.173144,
        1.373077 -0.053150 -0.162156,
        1.373679 -0.053150 -0.164600,
        1.373682 -0.053150 -0.167012,
        1.373053 -0.053150 -0.169541,
        1.464941 -0.053150 -0.162668,
        1.452666 -0.053150 -0.152196,
        1.457773 -0.053150 -0.168737,
        1.448772 -0.053150 -0.155381,
        1.449732 -0.053150 -0.172672,
        1.444123 -0.053150 -0.157539,
        1.440958 -0.053150 -0.174528,
        1.439376 -0.053150 -0.158451,
        1.425408 -0.053150 -0.174528,
        1.427517 -0.053150 -0.158451,
        1.423923 -0.053150 -0.174289,
        1.353352 -0.053150 -0.164018,
        1.354128 -0.053150 -0.161538,
        1.341870 -0.053150 -0.150683,
        1.355491 -0.053150 -0.159358,
        1.346226 -0.053150 -0.145700,
        1.356532 -0.053150 -0.158256,
        1.351613 -0.053150 -0.141954,
        1.358593 -0.053150 -0.156791,
        1.357435 -0.053150 -0.139725,
        1.360894 -0.053150 -0.155882,
        1.363736 -0.053150 -0.138948,
        1.363472 -0.053150 -0.155552,
        1.366935 -0.053150 -0.139137,
        1.365667 -0.053150 -0.155790,
        1.373297 -0.053150 -0.140715,
        1.368114 -0.053150 -0.156666,
        1.378891 -0.053150 -0.143711,
        1.370234 -0.053150 -0.158098,
        1.371932 -0.053150 -0.159993,
        1.451500 -0.053149 -0.122586,
        1.454522 -0.053149 -0.125957,
        1.470262 -0.053149 -0.120969,
        1.456978 -0.053149 -0.130501,
        1.473485 -0.053149 -0.129018,
        1.458221 -0.053150 -0.135562,
        1.474693 -0.053150 -0.137630,
        1.458352 -0.053150 -0.137894,
        1.473485 -0.053150 -0.147031,
        1.457718 -0.053150 -0.143031,
        1.470176 -0.053150 -0.155375,
        1.455900 -0.053150 -0.147728,
        1.452999 -0.053150 -0.151838,
        1.434369 -0.053149 -0.082283,
        1.424043 -0.053149 -0.094385,
        1.443128 -0.053149 -0.092429,
        1.429993 -0.053149 -0.101483,
        1.434065 -0.053149 -0.109972,
        1.323936 -0.053149 -0.125708,
        1.306618 -0.053149 -0.130098,
        1.323148 -0.053149 -0.132095,
        1.306544 -0.053150 -0.132622,
        1.323467 -0.053150 -0.136180,
        1.307820 -0.053150 -0.142950,
        1.325362 -0.053150 -0.142627,
        1.311598 -0.053150 -0.152762,
        1.328489 -0.053150 -0.147944,
        1.317613 -0.053150 -0.161350,
        1.325837 -0.053150 -0.168363,
        1.385627 -0.053149 -0.070149,
        1.389081 -0.053149 -0.085643,
        1.398525 -0.053149 -0.068578,
        1.398789 -0.053149 -0.084392,
        1.409956 -0.053149 -0.069843,
        1.407733 -0.053149 -0.085492,
        1.423131 -0.053149 -0.074644,
        1.415997 -0.053149 -0.088660,
        1.423401 -0.053149 -0.093801,
        1.329092 -0.053149 -0.095000,
        1.320709 -0.053149 -0.100894,
        1.329850 -0.053149 -0.114582,
        1.318931 -0.053149 -0.102577,
        1.326195 -0.053149 -0.119831,
        1.312593 -0.053149 -0.110703,
        1.308387 -0.053149 -0.120192,
        1.426192 -0.053150 -0.158206,
        1.419858 -0.053150 -0.171763,
        1.420470 -0.053150 -0.172387,
        1.426982 -0.053150 -0.158381,
        1.422180 -0.053150 -0.173602,
        1.417765 -0.053150 -0.166357,
        1.418015 -0.053150 -0.168321,
        1.418709 -0.053150 -0.170108,
        1.423893 -0.053150 -0.158450,
        1.422084 -0.053150 -0.159164,
        1.417832 -0.053150 -0.165317,
        1.420463 -0.053150 -0.160313,
        1.419374 -0.053150 -0.161513,
        1.418361 -0.053150 -0.163311,
        1.425935 -0.053150 -0.158187,
        1.306618 -0.049212 -0.130098,
        1.456978 -0.049212 -0.130501,
        1.363472 -0.049213 -0.155552,
        1.365667 -0.049213 -0.155790,
        1.368114 -0.049213 -0.156666,
        1.370234 -0.049213 -0.158098,
        1.371932 -0.049213 -0.159993,
        1.373077 -0.049213 -0.162156,
        1.373679 -0.049213 -0.164600,
        1.373682 -0.049213 -0.167012,
        1.373053 -0.049213 -0.169541,
        1.371828 -0.049213 -0.171805,
        1.370397 -0.049213 -0.173421,
        1.368395 -0.049213 -0.174857,
        1.366112 -0.049213 -0.175769,
        1.363472 -0.049213 -0.176109,
        1.363023 -0.049213 -0.176099,
        1.360657 -0.049213 -0.175714,
        1.358275 -0.049213 -0.174691,
        1.356257 -0.049213 -0.173144,
        1.354752 -0.049213 -0.171274,
        1.353709 -0.049213 -0.169059,
        1.353221 -0.049213 -0.166587,
        1.353352 -0.049213 -0.164018,
        1.354128 -0.049213 -0.161538,
        1.355491 -0.049213 -0.159358,
        1.356532 -0.049213 -0.158256,
        1.358593 -0.049213 -0.156791,
        1.360894 -0.049213 -0.155882,
      ]
    }
    coordIndex [
      137, 138, 139, -1,
      140, 141, 142, -1,
      143, 144, 145, -1,
      146, 147, 148, -1,
      149, 148, 150, -1,
      150, 148, 151, -1,
      139, 138, 152, -1,
      153, 154, 155, -1,
      155, 154, 156, -1,
      155, 156, 157, -1,
      157, 156, 158, -1,
      157, 158, 142, -1,
      142, 158, 159, -1,
      142, 159, 140, -1,
      160, 146, 161, -1,
      161, 146, 148, -1,
      161, 148, 162, -1,
      162, 148, 149, -1,
      163, 164, 165, -1,
      165, 164, 166, -1,
      165, 166, 167, -1,
      167, 166, 168, -1,
      167, 168, 169, -1,
      169, 168, 170, -1,
      143, 145, 171, -1,
      171, 145, 172, -1,
      171, 172, 173, -1,
      173, 172, 174, -1,
      173, 174, 175, -1,
      138, 176, 152, -1,
      152, 176, 177, -1,
      152, 177, 178, -1,
      178, 177, 179, -1,
      178, 179, 143, -1,
      143, 179, 180, -1,
      143, 180, 144, -1,
      181, 182, 158, -1,
      158, 182, 183, -1,
      158, 183, 184, -1,
      184, 183, 185, -1,
      184, 185, 186, -1,
      186, 185, 187, -1,
      186, 187, 188, -1,
      188, 187, 189, -1,
      188, 189, 190, -1,
      190, 189, 191, -1,
      190, 191, 192, -1,
      192, 191, 193, -1,
      192, 193, 161, -1,
      161, 193, 194, -1,
      161, 194, 160, -1,
      195, 196, 156, -1,
      156, 196, 197, -1,
      156, 197, 158, -1,
      158, 197, 198, -1,
      158, 198, 181, -1,
      199, 200, 201, -1,
      201, 200, 202, -1,
      201, 202, 203, -1,
      203, 202, 204, -1,
      203, 204, 205, -1,
      205, 204, 206, -1,
      205, 206, 207, -1,
      207, 206, 208, -1,
      207, 208, 209, -1,
      147, 210, 148, -1,
      148, 210, 211, -1,
      148, 211, 212, -1,
      212, 211, 213, -1,
      212, 213, 214, -1,
      214, 213, 215, -1,
      214, 215, 216, -1,
      216, 215, 217, -1,
      216, 217, 218, -1,
      218, 217, 219, -1,
      218, 219, 220, -1,
      220, 219, 221, -1,
      220, 221, 222, -1,
      222, 221, 223, -1,
      222, 223, 224, -1,
      224, 223, 225, -1,
      224, 225, 226, -1,
      226, 225, 227, -1,
      226, 227, 156, -1,
      156, 227, 228, -1,
      156, 228, 195, -1,
      168, 229, 170, -1,
      170, 229, 230, -1,
      170, 230, 231, -1,
      231, 230, 232, -1,
      231, 232, 233, -1,
      233, 232, 234, -1,
      233, 234, 235, -1,
      235, 234, 236, -1,
      235, 236, 237, -1,
      237, 236, 238, -1,
      237, 238, 239, -1,
      239, 238, 240, -1,
      239, 240, 199, -1,
      199, 240, 241, -1,
      199, 241, 200, -1,
      242, 243, 244, -1,
      244, 243, 245, -1,
      244, 245, 165, -1,
      165, 245, 246, -1,
      165, 246, 163, -1,
      247, 248, 249, -1,
      249, 248, 250, -1,
      249, 250, 251, -1,
      251, 250, 252, -1,
      251, 252, 253, -1,
      253, 252, 254, -1,
      253, 254, 255, -1,
      255, 254, 256, -1,
      255, 256, 151, -1,
      151, 256, 257, -1,
      151, 257, 150, -1,
      175, 174, 258, -1,
      258, 174, 259, -1,
      258, 259, 260, -1,
      260, 259, 261, -1,
      260, 261, 262, -1,
      262, 261, 263, -1,
      262, 263, 264, -1,
      264, 263, 265, -1,
      264, 265, 242, -1,
      242, 265, 266, -1,
      242, 266, 243, -1,
      139, 267, 137, -1,
      137, 267, 268, -1,
      137, 268, 269, -1,
      269, 268, 270, -1,
      269, 270, 271, -1,
      271, 270, 272, -1,
      271, 272, 247, -1,
      247, 272, 273, -1,
      247, 273, 248, -1,
      274, 275, 276, -1,
      208, 277, 209, -1,
      209, 277, 274, -1,
      209, 274, 278, -1,
      278, 274, 276, -1,
      279, 280, 274, -1,
      274, 280, 281, -1,
      274, 281, 275, -1,
      282, 283, 284, -1,
      283, 285, 284, -1,
      284, 285, 286, -1,
      284, 286, 287, -1,
      279, 274, 284, -1,
      284, 274, 288, -1,
      284, 288, 282, -1,
      134, 170, 135, -1,
      135, 170, 231, -1,
      135, 231, 136, -1,
      136, 231, 233, -1,
      136, 233, 48, -1,
      48, 233, 235, -1,
      48, 235, 49, -1,
      134, 3, 170, -1,
      170, 3, 2, -1,
      170, 2, 169, -1,
      169, 2, 8, -1,
      169, 8, 167, -1,
      167, 8, 7, -1,
      167, 7, 165, -1,
      165, 7, 6, -1,
      165, 6, 244, -1,
      244, 6, 5, -1,
      244, 5, 242, -1,
      242, 5, 264, -1,
      264, 5, 4, -1,
      4, 13, 264, -1,
      264, 13, 12, -1,
      264, 12, 262, -1,
      262, 12, 11, -1,
      262, 11, 260, -1,
      260, 11, 10, -1,
      260, 10, 258, -1,
      258, 10, 9, -1,
      258, 9, 175, -1,
      175, 9, 173, -1,
      173, 9, 16, -1,
      173, 16, 17, -1,
      173, 17, 18, -1,
      173, 18, 171, -1,
      171, 18, 20, -1,
      171, 20, 143, -1,
      143, 20, 19, -1,
      143, 19, 178, -1,
      178, 19, 15, -1,
      178, 15, 152, -1,
      152, 15, 14, -1,
      152, 14, 139, -1,
      139, 14, 1, -1,
      139, 1, 267, -1,
      267, 1, 0, -1,
      267, 0, 268, -1,
      268, 0, 25, -1,
      268, 25, 270, -1,
      273, 272, 24, -1,
      24, 272, 270, -1,
      24, 270, 25, -1,
      24, 23, 273, -1,
      273, 23, 22, -1,
      273, 22, 248, -1,
      248, 22, 21, -1,
      21, 289, 248, -1,
      248, 289, 33, -1,
      248, 33, 250, -1,
      250, 33, 32, -1,
      250, 32, 252, -1,
      252, 32, 28, -1,
      252, 28, 254, -1,
      254, 28, 27, -1,
      254, 27, 256, -1,
      256, 27, 26, -1,
      256, 26, 257, -1,
      257, 26, 29, -1,
      257, 29, 150, -1,
      150, 29, 31, -1,
      150, 31, 149, -1,
      149, 31, 30, -1,
      149, 30, 162, -1,
      30, 37, 162, -1,
      162, 37, 36, -1,
      162, 36, 161, -1,
      161, 36, 35, -1,
      161, 35, 192, -1,
      192, 35, 34, -1,
      192, 34, 190, -1,
      34, 42, 190, -1,
      190, 42, 41, -1,
      190, 41, 188, -1,
      188, 41, 40, -1,
      188, 40, 186, -1,
      99, 157, 142, -1,
      186, 40, 39, -1,
      38, 158, 39, -1,
      39, 158, 184, -1,
      39, 184, 186, -1,
      38, 47, 158, -1,
      158, 47, 46, -1,
      158, 46, 159, -1,
      159, 46, 45, -1,
      159, 45, 140, -1,
      140, 45, 44, -1,
      140, 44, 141, -1,
      141, 44, 43, -1,
      141, 43, 142, -1,
      142, 43, 98, -1,
      142, 98, 99, -1,
      155, 157, 84, -1,
      84, 157, 99, -1,
      153, 155, 52, -1,
      52, 155, 84, -1,
      154, 153, 54, -1,
      54, 153, 52, -1,
      156, 154, 53, -1,
      53, 154, 54, -1,
      156, 53, 55, -1,
      156, 55, 226, -1,
      226, 55, 56, -1,
      226, 56, 224, -1,
      224, 56, 78, -1,
      224, 78, 222, -1,
      222, 78, 77, -1,
      222, 77, 220, -1,
      220, 77, 76, -1,
      220, 76, 218, -1,
      218, 76, 72, -1,
      218, 72, 216, -1,
      216, 72, 73, -1,
      216, 73, 214, -1,
      214, 73, 69, -1,
      214, 69, 212, -1,
      212, 69, 71, -1,
      212, 71, 148, -1,
      148, 71, 70, -1,
      148, 70, 151, -1,
      151, 70, 68, -1,
      151, 68, 255, -1,
      255, 68, 67, -1,
      255, 67, 253, -1,
      253, 67, 75, -1,
      253, 75, 251, -1,
      251, 75, 74, -1,
      251, 74, 249, -1,
      247, 249, 74, -1,
      74, 62, 247, -1,
      247, 62, 107, -1,
      247, 107, 106, -1,
      119, 269, 106, -1,
      106, 269, 271, -1,
      106, 271, 247, -1,
      119, 133, 269, -1,
      269, 133, 132, -1,
      269, 132, 137, -1,
      137, 132, 131, -1,
      137, 131, 138, -1,
      138, 131, 125, -1,
      138, 125, 176, -1,
      176, 125, 124, -1,
      176, 124, 177, -1,
      177, 124, 123, -1,
      177, 123, 179, -1,
      179, 123, 120, -1,
      179, 120, 180, -1,
      180, 120, 115, -1,
      180, 115, 144, -1,
      144, 115, 118, -1,
      144, 118, 145, -1,
      145, 118, 126, -1,
      145, 126, 172, -1,
      172, 126, 128, -1,
      172, 128, 174, -1,
      174, 128, 130, -1,
      174, 130, 259, -1,
      259, 130, 129, -1,
      259, 129, 261, -1,
      261, 129, 127, -1,
      261, 127, 263, -1,
      263, 127, 117, -1,
      263, 117, 265, -1,
      265, 117, 116, -1,
      265, 116, 266, -1,
      266, 116, 114, -1,
      266, 114, 243, -1,
      243, 114, 113, -1,
      243, 113, 245, -1,
      245, 113, 122, -1,
      245, 122, 246, -1,
      246, 122, 163, -1,
      163, 122, 121, -1,
      163, 121, 105, -1,
      164, 163, 108, -1,
      108, 163, 105, -1,
      164, 108, 112, -1,
      164, 112, 166, -1,
      166, 112, 111, -1,
      166, 111, 168, -1,
      168, 111, 110, -1,
      168, 110, 229, -1,
      229, 110, 109, -1,
      229, 109, 230, -1,
      230, 109, 61, -1,
      230, 61, 232, -1,
      61, 290, 232, -1,
      232, 290, 60, -1,
      232, 60, 234, -1,
      234, 60, 90, -1,
      234, 90, 236, -1,
      236, 90, 89, -1,
      236, 89, 238, -1,
      238, 89, 88, -1,
      238, 88, 240, -1,
      240, 88, 87, -1,
      240, 87, 241, -1,
      241, 87, 104, -1,
      241, 104, 200, -1,
      200, 104, 103, -1,
      200, 103, 202, -1,
      202, 103, 102, -1,
      202, 102, 204, -1,
      204, 102, 101, -1,
      204, 101, 206, -1,
      208, 206, 100, -1,
      100, 206, 101, -1,
      208, 100, 66, -1,
      208, 66, 277, -1,
      277, 66, 65, -1,
      277, 65, 274, -1,
      274, 65, 64, -1,
      274, 64, 288, -1,
      288, 64, 51, -1,
      288, 51, 282, -1,
      282, 51, 50, -1,
      282, 50, 283, -1,
      283, 50, 57, -1,
      283, 57, 285, -1,
      285, 57, 86, -1,
      285, 86, 286, -1,
      286, 86, 85, -1,
      286, 85, 287, -1,
      287, 85, 83, -1,
      287, 83, 284, -1,
      284, 83, 82, -1,
      284, 82, 279, -1,
      279, 82, 97, -1,
      279, 97, 280, -1,
      280, 97, 96, -1,
      280, 96, 281, -1,
      281, 96, 95, -1,
      281, 95, 275, -1,
      275, 95, 94, -1,
      275, 94, 276, -1,
      276, 94, 93, -1,
      276, 93, 278, -1,
      278, 93, 92, -1,
      278, 92, 209, -1,
      209, 92, 91, -1,
      209, 91, 207, -1,
      205, 207, 81, -1,
      81, 207, 91, -1,
      205, 81, 80, -1,
      205, 80, 203, -1,
      203, 80, 79, -1,
      203, 79, 201, -1,
      201, 79, 59, -1,
      201, 59, 199, -1,
      199, 59, 58, -1,
      199, 58, 239, -1,
      239, 58, 63, -1,
      239, 63, 237, -1,
      237, 63, 49, -1,
      237, 49, 235, -1,
      221, 291, 292, -1,
      221, 292, 223, -1,
      223, 292, 293, -1,
      223, 293, 225, -1,
      225, 293, 294, -1,
      225, 294, 227, -1,
      227, 294, 295, -1,
      227, 295, 228, -1,
      228, 295, 296, -1,
      228, 296, 195, -1,
      195, 296, 297, -1,
      195, 297, 196, -1,
      196, 297, 298, -1,
      196, 298, 197, -1,
      197, 298, 299, -1,
      197, 299, 198, -1,
      198, 299, 300, -1,
      198, 300, 181, -1,
      181, 300, 301, -1,
      181, 301, 182, -1,
      182, 301, 302, -1,
      182, 302, 183, -1,
      183, 302, 303, -1,
      183, 303, 185, -1,
      185, 303, 304, -1,
      185, 304, 187, -1,
      187, 304, 305, -1,
      187, 305, 189, -1,
      189, 305, 306, -1,
      189, 306, 191, -1,
      191, 306, 307, -1,
      191, 307, 193, -1,
      193, 307, 308, -1,
      193, 308, 194, -1,
      194, 308, 309, -1,
      194, 309, 160, -1,
      160, 309, 310, -1,
      160, 310, 146, -1,
      146, 310, 311, -1,
      146, 311, 147, -1,
      147, 311, 312, -1,
      147, 312, 210, -1,
      210, 312, 313, -1,
      210, 313, 211, -1,
      211, 313, 314, -1,
      211, 314, 213, -1,
      213, 314, 315, -1,
      213, 315, 215, -1,
      215, 315, 316, -1,
      215, 316, 217, -1,
      217, 316, 317, -1,
      217, 317, 219, -1,
      219, 317, 291, -1,
      219, 291, 221, -1,
    ]
  }
}

Shape {
  appearance Appearance {
    material Material {
      diffuseColor 0.2510 0.2510 0.2510
      specularColor 0.1255 0.1255 0.1255
      ambientIntensity 0.2
      transparency 0.0000
      shininess 0.5
    }
  }
  geometry IndexedFaceSet {
    ccw TRUE
    solid FALSE
    coord DEF co Coordinate {
      point [
        1.363472 -0.049213 -0.155552,
        1.365667 -0.049213 -0.155790,
        1.368114 -0.049213 -0.156666,
        1.370234 -0.049213 -0.158098,
        1.371932 -0.049213 -0.159993,
        1.373077 -0.049213 -0.162156,
        1.373679 -0.049213 -0.164600,
        1.373682 -0.049213 -0.167012,
        1.373053 -0.049213 -0.169541,
        1.371828 -0.049213 -0.171805,
        1.370397 -0.049213 -0.173421,
        1.368395 -0.049213 -0.174857,
        1.366112 -0.049213 -0.175769,
        1.363472 -0.049213 -0.176109,
        1.363023 -0.049213 -0.176099,
        1.360657 -0.049213 -0.175714,
        1.358275 -0.049213 -0.174691,
        1.356257 -0.049213 -0.173144,
        1.354752 -0.049213 -0.171274,
        1.353709 -0.049213 -0.169059,
        1.353221 -0.049213 -0.166587,
        1.353352 -0.049213 -0.164018,
        1.354128 -0.049213 -0.161538,
        1.355491 -0.049213 -0.159358,
        1.356532 -0.049213 -0.158256,
        1.358593 -0.049213 -0.156791,
        1.360894 -0.049213 -0.155882,
      ]
    }
    coordIndex [
      14, 24, 23, -1,
      12, 11, 1, -1,
      0, 26, 14, -1,
      14, 26, 25, -1,
      14, 25, 24, -1,
      19, 18, 23, -1,
      23, 18, 17, -1,
      0, 14, 1, -1,
      1, 14, 13, -1,
      1, 13, 12, -1,
      22, 21, 23, -1,
      23, 21, 20, -1,
      23, 20, 19, -1,
      17, 16, 23, -1,
      23, 16, 15, -1,
      23, 15, 14, -1,
      11, 10, 1, -1,
      1, 10, 9, -1,
      1, 9, 8, -1,
      8, 7, 1, -1,
      1, 7, 6, -1,
      1, 6, 5, -1,
      5, 4, 1, -1,
      1, 4, 3, -1,
      1, 3, 2, -1,
    ]
  }
}
