#VRML V2.0 utf8

Shape {
  appearance Appearance {
    material Material {
      diffuseColor 0.2510 0.2510 0.2510
      specularColor 0.1255 0.1255 0.1255
      ambientIntensity 0.2
      transparency 0.0000
      shininess 0.5
    }
  }
  geometry IndexedFaceSet {
    ccw TRUE
    solid FALSE
    coord DEF co Coordinate {
      point [
        -0.044723 -0.064066 0.000000,
        -0.044243 -0.103076 0.000000,
        -0.044243 -0.143406 0.000000,
        -0.040162 -0.037779 0.000000,
        -0.044723 -0.030097 0.000000,
        -0.031520 -0.037779 0.000000,
        0.208265 -0.030097 0.000000,
        0.013619 -0.092272 0.000000,
        0.021006 -0.087687 0.000000,
        0.034497 -0.132844 0.000000,
        0.026815 -0.056219 0.000000,
        -0.032302 -0.039191 0.000000,
        0.025572 -0.046648 0.000000,
        0.021774 -0.037779 0.000000,
        0.032337 -0.037779 0.000000,
        0.025946 -0.063972 0.000000,
        0.023827 -0.069835 0.000000,
        0.020087 -0.075413 0.000000,
        0.014812 -0.080147 0.000000,
        0.008722 -0.083360 0.000000,
        0.000196 -0.085443 0.000000,
        -0.005713 -0.085792 0.000000,
        -0.014231 -0.084996 0.000000,
        -0.021007 -0.082857 0.000000,
        -0.036561 -0.057989 0.000000,
        -0.030330 -0.075930 0.000000,
        -0.035744 -0.065304 0.000000,
        -0.033614 -0.071096 0.000000,
        -0.026476 -0.079583 0.000000,
        -0.035401 -0.047537 0.000000,
        -0.023626 -0.093298 0.000000,
        -0.035601 -0.103076 0.000000,
        -0.031143 -0.089143 0.000000,
        -0.037408 -0.083257 0.000000,
        -0.044195 -0.069150 0.000000,
        -0.041546 -0.076842 0.000000,
        -0.035601 -0.132844 0.000000,
        0.027667 -0.080868 0.000000,
        0.032031 -0.073520 0.000000,
        0.034690 -0.064888 0.000000,
        -0.015272 -0.095629 0.000000,
        -0.006358 -0.096354 0.000000,
        0.004626 -0.095267 0.000000,
        0.035457 -0.056309 0.000000,
        0.034807 -0.046883 0.000000,
        -0.043608 -0.046172 0.000000,
        -0.044723 -0.054129 0.000000,
        -0.208265 -0.030097 0.000000,
        -0.045167 -0.057292 0.000000,
        -0.045204 -0.059445 0.000000,
        0.034497 -0.143406 0.000000,
        0.208265 -0.355903 0.000000,
        -0.044723 -0.355903 0.000000,
        -0.208265 -0.355903 0.000000,
        0.025855 0.017915 0.000000,
        0.025855 -0.011853 0.000000,
        -0.000072 -0.011853 0.000000,
        -0.000072 0.015994 0.000000,
        -0.008714 0.015994 0.000000,
        -0.044243 0.035199 0.000000,
        -0.044243 0.019835 0.000000,
        -0.044243 -0.022415 0.000000,
        0.034497 -0.022415 0.000000,
        0.034497 0.017915 0.000000,
        0.021823 0.089169 0.000000,
        0.015521 0.093852 0.000000,
        0.034497 0.134105 0.000000,
        0.007842 0.097048 0.000000,
        0.034497 0.035199 0.000000,
        0.034497 0.057420 0.000000,
        -0.022647 0.094651 0.000000,
        -0.029692 0.090139 0.000000,
        -0.044243 0.104337 0.000000,
        -0.035900 0.083661 0.000000,
        -0.040680 0.075445 0.000000,
        0.208265 0.355903 0.000000,
        0.034497 0.144667 0.000000,
        -0.044723 0.355903 0.000000,
        -0.044243 0.175395 0.000000,
        -0.044243 0.163872 0.000000,
        0.033320 0.068625 0.000000,
        0.030108 0.077887 0.000000,
        0.025062 0.085703 0.000000,
        -0.000421 0.098454 0.000000,
        -0.003883 0.098576 0.000000,
        -0.014420 0.097471 0.000000,
        -0.022157 0.155905 0.000000,
        -0.022157 0.123377 0.000000,
        -0.044243 0.115860 0.000000,
        -0.043389 0.066373 0.000000,
        -0.044243 0.056610 0.000000,
        -0.208265 0.355903 0.000000,
        -0.035601 0.019835 0.000000,
        -0.035601 -0.011853 0.000000,
        -0.008714 -0.011853 0.000000,
        -0.054834 0.205381 0.354331,
        -0.055434 0.213484 0.354331,
        -0.211008 0.172242 0.354331,
        -0.054834 0.219308 0.354331,
        -0.054128 0.226152 0.354331,
        -0.054834 0.358646 0.354331,
        -0.211008 0.358646 0.354331,
        -0.054834 0.172242 0.354331,
        -0.051946 0.193526 0.354331,
        -0.054670 0.203174 0.354331,
        0.002430 0.231631 0.354331,
        0.006821 0.235033 0.354331,
        -0.035929 0.238259 0.354331,
        0.025787 0.237377 0.354331,
        0.030497 0.235454 0.354331,
        0.211008 0.358646 0.354331,
        0.034770 0.232360 0.354331,
        -0.040680 0.180799 0.354331,
        -0.044856 0.183574 0.354331,
        -0.048411 0.187351 0.354331,
        -0.002543 0.225434 0.354331,
        0.011800 0.237233 0.354331,
        0.017941 0.238233 0.354331,
        0.018985 0.238259 0.354331,
        -0.026856 0.178329 0.354331,
        -0.028858 0.178244 0.354331,
        -0.035757 0.179014 0.354331,
        -0.050333 0.238259 0.354331,
        -0.051841 0.235104 0.354331,
        -0.006100 0.192579 0.354331,
        -0.011820 0.185437 0.354331,
        0.028288 0.181844 0.354331,
        -0.016644 0.181663 0.354331,
        -0.021748 0.179328 0.354331,
        0.038438 0.228133 0.354331,
        0.041618 0.222599 0.354331,
        0.211008 0.172242 0.354331,
        0.044331 0.214331 0.354331,
        0.045392 0.203450 0.354331,
        0.044924 0.192523 0.354331,
        0.042691 0.181844 0.354331,
        -0.008941 0.214196 0.354331,
        -0.040350 0.231064 0.354331,
        -0.016596 0.199914 0.354331,
        -0.043933 0.219406 0.354331,
        -0.016709 0.199740 0.354331,
        0.000306 0.204144 0.354331,
        0.032152 0.189286 0.354331,
        0.005153 0.213293 0.354331,
        0.034163 0.197700 0.354331,
        0.034589 0.204500 0.354331,
        0.023224 0.224755 0.354331,
        0.020279 0.225056 0.354331,
        0.033966 0.211368 0.354331,
        -0.044631 0.212021 0.354331,
        -0.044080 0.204874 0.354331,
        -0.042730 0.199879 0.354331,
        -0.040781 0.196349 0.354331,
        -0.038850 0.194300 0.354331,
        -0.036898 0.192996 0.354331,
        0.032318 0.216543 0.354331,
        0.030155 0.220228 0.354331,
        0.027956 0.222484 0.354331,
        0.016524 0.224623 0.354331,
        0.013809 0.223587 0.354331,
        0.011368 0.221923 0.354331,
        0.008721 0.218905 0.354331,
        -0.033828 0.191863 0.354331,
        -0.029946 0.191447 0.354331,
        -0.020233 0.195507 0.354331,
        -0.026389 0.191910 0.354331,
        -0.023574 0.193031 0.354331,
        0.025869 0.223843 0.354331,
        -0.038330 0.093022 0.354331,
        -0.049132 0.093022 0.354331,
        -0.054834 0.084620 0.354331,
        -0.053440 0.103513 0.354331,
        0.044579 0.104402 0.354331,
        0.041491 0.093022 0.354331,
        0.211008 0.084620 0.354331,
        0.028288 0.093022 0.354331,
        0.033035 0.104108 0.354331,
        -0.039307 0.094786 0.354331,
        0.034589 0.116072 0.354331,
        0.033501 0.125763 0.354331,
        0.017087 0.161596 0.354331,
        0.026619 0.155949 0.354331,
        0.035292 0.147340 0.354331,
        -0.006071 0.153037 0.354331,
        -0.016711 0.152044 0.354331,
        -0.040854 0.134843 0.354331,
        -0.043550 0.127680 0.354331,
        -0.044631 0.118285 0.354331,
        -0.046213 0.149222 0.354331,
        -0.038774 0.156523 0.354331,
        -0.029649 0.161911 0.354331,
        -0.036730 0.140861 0.354331,
        -0.043181 0.105219 0.354331,
        -0.054834 0.126293 0.354331,
        -0.054324 0.131554 0.354331,
        -0.051121 0.141291 0.354331,
        0.030842 0.133130 0.354331,
        0.026285 0.139943 0.354331,
        0.019723 0.145886 0.354331,
        -0.025276 0.149329 0.354331,
        -0.032081 0.145246 0.354331,
        0.040943 0.138069 0.354331,
        0.044393 0.127118 0.354331,
        0.045392 0.116184 0.354331,
        0.012124 0.149944 0.354331,
        0.001587 0.152568 0.354331,
        -0.019179 0.165122 0.354331,
        -0.006878 0.166241 0.354331,
        0.005447 0.165159 0.354331,
        -0.054834 0.113346 0.354331,
        -0.055382 0.117213 0.354331,
        -0.211008 0.084620 0.354331,
        -0.055434 0.120104 0.354331,
        -0.054834 -0.078041 0.354331,
        -0.054678 -0.076595 0.354331,
        -0.054834 -0.045614 0.354331,
        -0.052637 -0.070910 0.354331,
        -0.049349 -0.065948 0.354331,
        0.020446 -0.055596 0.354331,
        0.030362 -0.059760 0.354331,
        0.211008 -0.045614 0.354331,
        0.036541 -0.064256 0.354331,
        0.040750 -0.069175 0.354331,
        0.044644 -0.092964 0.354331,
        0.042645 -0.098723 0.354331,
        0.211008 -0.124234 0.354331,
        0.039405 -0.103685 0.354331,
        0.035084 -0.107729 0.354331,
        -0.044887 -0.061744 0.354331,
        -0.037232 -0.057296 0.354331,
        -0.024832 -0.053664 0.354331,
        -0.031120 -0.113537 0.354331,
        -0.040645 -0.109342 0.354331,
        -0.054834 -0.124234 0.354331,
        0.043799 -0.075394 0.354331,
        0.045185 -0.081838 0.354331,
        0.045392 -0.085824 0.354331,
        -0.046811 -0.104701 0.354331,
        -0.050882 -0.099859 0.354331,
        -0.053635 -0.094399 0.354331,
        -0.007437 -0.052222 0.354331,
        -0.006934 -0.052215 0.354331,
        0.007293 -0.052985 0.354331,
        0.027948 -0.111795 0.354331,
        0.016005 -0.115330 0.354331,
        -0.001492 -0.116983 0.354331,
        -0.004608 -0.117032 0.354331,
        -0.018311 -0.116250 0.354331,
        -0.055434 -0.083611 0.354331,
        -0.211008 -0.045614 0.354331,
        -0.055146 -0.088158 0.354331,
        -0.211008 -0.124234 0.354331,
        -0.054834 -0.089447 0.354331,
        -0.055434 -0.210431 0.354331,
        -0.211008 -0.178248 0.354331,
        -0.054972 -0.217652 0.354331,
        -0.211008 -0.302056 0.354331,
        -0.054834 -0.218197 0.354331,
        0.042420 -0.199053 0.354331,
        0.211008 -0.178248 0.354331,
        0.037890 -0.191451 0.354331,
        -0.054834 -0.178248 0.354331,
        0.027087 -0.191451 0.354331,
        -0.054834 -0.203845 0.354331,
        -0.054373 -0.198786 0.354331,
        -0.051647 -0.190319 0.354331,
        0.002181 -0.197452 0.354331,
        -0.037129 -0.187850 0.354331,
        -0.008622 -0.197452 0.354331,
        -0.041800 -0.195930 0.354331,
        -0.008622 -0.205611 0.354331,
        -0.033617 -0.244564 0.354331,
        -0.039248 -0.242447 0.354331,
        -0.054834 -0.302056 0.354331,
        -0.044657 -0.238681 0.354331,
        -0.049261 -0.233355 0.354331,
        -0.052615 -0.226962 0.354331,
        -0.044155 -0.204251 0.354331,
        -0.044631 -0.210431 0.354331,
        -0.009298 -0.214920 0.354331,
        -0.044053 -0.216919 0.354331,
        -0.050333 -0.187850 0.354331,
        0.030875 -0.196914 0.354331,
        0.002181 -0.205198 0.354331,
        0.033707 -0.203846 0.354331,
        0.002797 -0.213266 0.354331,
        0.018591 -0.228650 0.354331,
        0.019023 -0.228661 0.354331,
        0.211008 -0.302056 0.354331,
        -0.006639 -0.234582 0.354331,
        -0.010305 -0.239252 0.354331,
        0.031916 -0.239737 0.354331,
        0.027273 -0.241339 0.354331,
        -0.026776 -0.232261 0.354331,
        -0.022333 -0.231809 0.354331,
        -0.018969 -0.230663 0.354331,
        -0.042496 -0.221963 0.354331,
        -0.040471 -0.225505 0.354331,
        -0.037785 -0.228433 0.354331,
        0.004264 -0.218800 0.354331,
        0.006365 -0.222739 0.354331,
        0.008554 -0.225181 0.354331,
        0.011069 -0.226912 0.354331,
        0.014126 -0.228069 0.354331,
        0.032041 -0.222303 0.354331,
        0.033543 -0.218831 0.354331,
        0.023073 -0.228309 0.354331,
        0.034521 -0.213129 0.354331,
        0.034589 -0.210750 0.354331,
        0.042652 -0.228285 0.354331,
        0.039713 -0.233225 0.354331,
        0.035902 -0.237180 0.354331,
        0.022080 -0.241864 0.354331,
        0.015833 -0.241241 0.354331,
        0.010744 -0.239551 0.354331,
        0.006516 -0.236901 0.354331,
        -0.002414 -0.221759 0.354331,
        -0.002658 -0.221759 0.354331,
        -0.001768 -0.223935 0.354331,
        -0.004153 -0.229030 0.354331,
        0.001489 -0.231084 0.354331,
        0.004737 -0.235285 0.354331,
        -0.014359 -0.242411 0.354331,
        -0.018760 -0.244391 0.354331,
        -0.016005 -0.228759 0.354331,
        -0.013542 -0.226142 0.354331,
        -0.011271 -0.222092 0.354331,
        0.030796 -0.224075 0.354331,
        0.026246 -0.227372 0.354331,
        0.028717 -0.226000 0.354331,
        -0.023680 -0.245371 0.354331,
        -0.026007 -0.245465 0.354331,
        -0.034895 -0.230418 0.354331,
        -0.031431 -0.231710 0.354331,
        0.044820 -0.207139 0.354331,
        0.045392 -0.214013 0.354331,
        0.044642 -0.221949 0.354331,
        -0.011022 0.076217 0.354331,
        0.211008 0.030606 0.354331,
        -0.011022 0.039008 0.354331,
        -0.020625 0.076217 0.354331,
        -0.020625 0.039008 0.354331,
        -0.054834 0.030606 0.354331,
        0.044192 0.022204 0.354331,
        0.033389 0.022204 0.354331,
        -0.032788 0.003411 0.354331,
        0.044192 -0.039012 0.354331,
        -0.007598 -0.005599 0.354331,
        0.007598 -0.012381 0.354331,
        0.033389 -0.025809 0.354331,
        0.036690 -0.039012 0.354331,
        0.007053 -0.024112 0.354331,
        -0.019599 -0.013463 0.354331,
        -0.044134 -0.006695 0.354331,
        -0.054233 -0.005103 0.354331,
        -0.054233 0.008100 0.354331,
        -0.211008 0.030606 0.354331,
        -0.011022 -0.131436 0.354331,
        -0.011022 -0.168645 0.354331,
        -0.020625 -0.168645 0.354331,
        -0.020625 -0.131436 0.354331,
        0.211008 -0.358646 0.354331,
        -0.054834 -0.358646 0.354331,
        -0.211008 -0.358646 0.354331,
        0.246063 0.374016 0.275591,
        0.246063 -0.374016 0.275591,
        0.246063 0.374016 0.236220,
        0.246063 -0.374016 0.236220,
        -0.226378 0.393701 0.275591,
        0.226378 0.393701 0.275591,
        -0.226378 0.393701 0.236220,
        0.226378 0.393701 0.236220,
        -0.246063 0.374016 0.236220,
        -0.246063 -0.374016 0.236220,
        -0.246063 0.374016 0.275591,
        -0.246063 -0.374016 0.275591,
        -0.226378 -0.393701 0.236220,
        0.226378 -0.393701 0.236220,
        -0.226378 -0.393701 0.275591,
        0.226378 -0.393701 0.275591,
        -0.226957 0.393692 0.275625,
        -0.211008 0.377743 0.339420,
        0.211008 0.377743 0.339420,
        0.226957 0.393692 0.275625,
        -0.246054 -0.374595 0.275625,
        -0.230106 -0.358646 0.339420,
        -0.230106 0.358646 0.339420,
        -0.246054 0.374595 0.275625,
        0.246054 0.374595 0.275625,
        0.230106 0.358646 0.339420,
        0.230106 -0.358646 0.339420,
        0.246054 -0.374595 0.275625,
        0.226957 -0.393692 0.275625,
        0.211008 -0.377743 0.339420,
        -0.211008 -0.377743 0.339420,
        -0.226957 -0.393692 0.275625,
        -0.208265 -0.375520 0.018050,
        0.208265 -0.375520 0.018050,
        0.226446 -0.393701 0.236220,
        -0.226446 -0.393701 0.236220,
        0.227882 0.355903 0.018050,
        0.246063 0.374084 0.236220,
        0.227882 -0.355903 0.018050,
        0.246063 -0.374084 0.236220,
        -0.227882 -0.355903 0.018050,
        -0.246063 -0.374084 0.236220,
        -0.227882 0.355903 0.018050,
        -0.246063 0.374084 0.236220,
        0.208265 0.375520 0.018050,
        -0.208265 0.375520 0.018050,
        -0.226446 0.393701 0.236220,
        0.226446 0.393701 0.236220,
        0.211008 0.362960 0.353849,
        -0.211008 0.362960 0.353849,
        -0.211008 0.362986 0.353846,
        0.211008 0.362986 0.353846,
        -0.211008 0.367063 0.352434,
        0.211008 0.367063 0.352434,
        -0.211008 0.367113 0.352417,
        0.211008 0.367113 0.352417,
        -0.211008 0.370756 0.350154,
        0.211008 0.370756 0.350154,
        -0.211008 0.370822 0.350113,
        0.211008 0.370822 0.350113,
        -0.211008 0.373859 0.347121,
        0.211008 0.373859 0.347121,
        -0.211008 0.373933 0.347048,
        0.211008 0.373933 0.347048,
        -0.211008 0.376221 0.343482,
        0.211008 0.376221 0.343482,
        -0.211008 0.376291 0.343373,
        0.211008 0.376291 0.343373,
        0.214160 0.370407 0.350113,
        0.213200 0.366824 0.352417,
        0.212131 0.362838 0.353846,
        0.213178 0.362405 0.353846,
        0.214767 0.360816 0.353846,
        0.214077 0.361715 0.353846,
        0.215200 0.359769 0.353846,
        0.215575 0.375690 0.343373,
        0.215874 0.376816 0.340405,
        0.215778 0.376860 0.340391,
        0.220247 0.374826 0.341000,
        0.219831 0.373927 0.343373,
        0.220316 0.374771 0.341004,
        0.223485 0.371123 0.343373,
        0.224132 0.371770 0.341207,
        0.226289 0.367469 0.343373,
        0.227133 0.367954 0.341004,
        0.227188 0.367885 0.341000,
        0.228052 0.363213 0.343373,
        0.229178 0.363512 0.340405,
        0.229222 0.363416 0.340391,
        0.228653 0.358646 0.343373,
        0.215322 0.358646 0.353849,
        0.215241 0.365978 0.352417,
        0.216995 0.364633 0.352417,
        0.218341 0.362879 0.352417,
        0.219186 0.360837 0.352417,
        0.215348 0.358646 0.353846,
        0.219426 0.358646 0.352434,
        0.219475 0.358646 0.352417,
        0.223118 0.358646 0.350154,
        0.217096 0.369191 0.350113,
        0.219618 0.367256 0.350113,
        0.221553 0.364734 0.350113,
        0.222769 0.361798 0.350113,
        0.214965 0.373412 0.347048,
        0.218652 0.371885 0.347048,
        0.221818 0.369456 0.347048,
        0.224247 0.366289 0.347048,
        0.225774 0.362603 0.347048,
        0.223184 0.358646 0.350113,
        0.226221 0.358646 0.347121,
        0.226295 0.358646 0.347048,
        0.228583 0.358646 0.343482,
        -0.226221 0.358646 0.347121,
        -0.223184 0.358646 0.350113,
        -0.222769 0.361798 0.350113,
        -0.219186 0.360837 0.352417,
        -0.215200 0.359769 0.353846,
        -0.214767 0.360816 0.353846,
        -0.213178 0.362405 0.353846,
        -0.214077 0.361715 0.353846,
        -0.212131 0.362838 0.353846,
        -0.215322 0.358646 0.353849,
        -0.228052 0.363213 0.343373,
        -0.229178 0.363512 0.340405,
        -0.229222 0.363416 0.340391,
        -0.227188 0.367885 0.341000,
        -0.226289 0.367469 0.343373,
        -0.227133 0.367954 0.341004,
        -0.223485 0.371123 0.343373,
        -0.224132 0.371770 0.341207,
        -0.219831 0.373927 0.343373,
        -0.220316 0.374771 0.341004,
        -0.220247 0.374826 0.341000,
        -0.215575 0.375690 0.343373,
        -0.215874 0.376816 0.340405,
        -0.215778 0.376860 0.340391,
        -0.223118 0.358646 0.350154,
        -0.219475 0.358646 0.352417,
        -0.219426 0.358646 0.352434,
        -0.215348 0.358646 0.353846,
        -0.218341 0.362879 0.352417,
        -0.216995 0.364633 0.352417,
        -0.215241 0.365978 0.352417,
        -0.213200 0.366824 0.352417,
        -0.221553 0.364734 0.350113,
        -0.219618 0.367256 0.350113,
        -0.217096 0.369191 0.350113,
        -0.214160 0.370407 0.350113,
        -0.228583 0.358646 0.343482,
        -0.226295 0.358646 0.347048,
        -0.225774 0.362603 0.347048,
        -0.224247 0.366289 0.347048,
        -0.221818 0.369456 0.347048,
        -0.218652 0.371885 0.347048,
        -0.214965 0.373412 0.347048,
        -0.228653 0.358646 0.343373,
        0.228653 -0.358646 0.343373,
        0.228583 -0.358646 0.343482,
        0.226295 -0.358646 0.347048,
        0.226221 -0.358646 0.347121,
        0.223184 -0.358646 0.350113,
        0.223118 -0.358646 0.350154,
        0.219475 -0.358646 0.352417,
        0.219426 -0.358646 0.352434,
        0.215348 -0.358646 0.353846,
        0.215322 -0.358646 0.353849,
        0.231466 0.392986 0.276086,
        0.236387 0.390966 0.276438,
        0.236211 0.391042 0.276426,
        0.231845 0.392926 0.276125,
        0.240297 0.387935 0.276544,
        0.243328 0.384025 0.276438,
        0.243404 0.383849 0.276426,
        0.245289 0.379483 0.276125,
        0.245348 0.379104 0.276086,
        -0.245348 0.379104 0.276086,
        -0.243328 0.384025 0.276438,
        -0.243404 0.383849 0.276426,
        -0.245289 0.379483 0.276125,
        -0.240297 0.387935 0.276544,
        -0.236387 0.390966 0.276438,
        -0.236211 0.391042 0.276426,
        -0.231845 0.392926 0.276125,
        -0.231466 0.392986 0.276086,
        -0.215322 -0.358646 0.353849,
        -0.215348 -0.358646 0.353846,
        -0.219426 -0.358646 0.352434,
        -0.219475 -0.358646 0.352417,
        -0.223118 -0.358646 0.350154,
        -0.223184 -0.358646 0.350113,
        -0.226221 -0.358646 0.347121,
        -0.226295 -0.358646 0.347048,
        -0.228583 -0.358646 0.343482,
        -0.228653 -0.358646 0.343373,
        -0.211008 -0.362960 0.353849,
        -0.211008 -0.376291 0.343373,
        0.211008 -0.376291 0.343373,
        -0.211008 -0.376221 0.343482,
        0.211008 -0.376221 0.343482,
        -0.211008 -0.373933 0.347048,
        0.211008 -0.373933 0.347048,
        -0.211008 -0.373859 0.347121,
        0.211008 -0.373859 0.347121,
        -0.211008 -0.370822 0.350113,
        0.211008 -0.370822 0.350113,
        -0.211008 -0.370756 0.350154,
        0.211008 -0.370756 0.350154,
        -0.211008 -0.367113 0.352417,
        0.211008 -0.367113 0.352417,
        -0.211008 -0.367063 0.352434,
        0.211008 -0.367063 0.352434,
        -0.211008 -0.362986 0.353846,
        0.211008 -0.362986 0.353846,
        0.211008 -0.362960 0.353849,
        0.222769 -0.361798 0.350113,
        0.219186 -0.360837 0.352417,
        0.215200 -0.359769 0.353846,
        0.214767 -0.360816 0.353846,
        0.213178 -0.362405 0.353846,
        0.214077 -0.361715 0.353846,
        0.212131 -0.362838 0.353846,
        0.228052 -0.363213 0.343373,
        0.229178 -0.363512 0.340405,
        0.229222 -0.363416 0.340391,
        0.227188 -0.367885 0.341000,
        0.226289 -0.367469 0.343373,
        0.227133 -0.367954 0.341004,
        0.223485 -0.371123 0.343373,
        0.224132 -0.371770 0.341207,
        0.219831 -0.373927 0.343373,
        0.220316 -0.374771 0.341004,
        0.220247 -0.374826 0.341000,
        0.215575 -0.375690 0.343373,
        0.215874 -0.376816 0.340405,
        0.215778 -0.376860 0.340391,
        0.218341 -0.362879 0.352417,
        0.216995 -0.364633 0.352417,
        0.215241 -0.365978 0.352417,
        0.213200 -0.366824 0.352417,
        0.221553 -0.364734 0.350113,
        0.219618 -0.367256 0.350113,
        0.217096 -0.369191 0.350113,
        0.214160 -0.370407 0.350113,
        0.225774 -0.362603 0.347048,
        0.224247 -0.366289 0.347048,
        0.221818 -0.369456 0.347048,
        0.218652 -0.371885 0.347048,
        0.214965 -0.373412 0.347048,
        0.245387 0.379110 0.236039,
        0.231472 0.393024 0.236039,
        0.231517 0.393018 0.236037,
        0.236219 0.391061 0.235923,
        0.236240 0.391052 0.235922,
        0.240297 0.387935 0.235883,
        0.243415 0.383878 0.235922,
        0.243423 0.383857 0.235923,
        0.245380 0.379154 0.236037,
        -0.231472 0.393024 0.236039,
        -0.245387 0.379110 0.236039,
        -0.245380 0.379154 0.236037,
        -0.243423 0.383857 0.235923,
        -0.243415 0.383878 0.235922,
        -0.240297 0.387935 0.235883,
        -0.236240 0.391052 0.235922,
        -0.236219 0.391061 0.235923,
        -0.231517 0.393018 0.236037,
        -0.214160 -0.370407 0.350113,
        -0.213200 -0.366824 0.352417,
        -0.212131 -0.362838 0.353846,
        -0.213178 -0.362405 0.353846,
        -0.214767 -0.360816 0.353846,
        -0.214077 -0.361715 0.353846,
        -0.215200 -0.359769 0.353846,
        -0.215575 -0.375690 0.343373,
        -0.215874 -0.376816 0.340405,
        -0.215778 -0.376860 0.340391,
        -0.220247 -0.374826 0.341000,
        -0.219831 -0.373927 0.343373,
        -0.220316 -0.374771 0.341004,
        -0.223485 -0.371123 0.343373,
        -0.224132 -0.371770 0.341207,
        -0.226289 -0.367469 0.343373,
        -0.227133 -0.367954 0.341004,
        -0.227188 -0.367885 0.341000,
        -0.228052 -0.363213 0.343373,
        -0.229178 -0.363512 0.340405,
        -0.229222 -0.363416 0.340391,
        -0.215241 -0.365978 0.352417,
        -0.216995 -0.364633 0.352417,
        -0.218341 -0.362879 0.352417,
        -0.219186 -0.360837 0.352417,
        -0.217096 -0.369191 0.350113,
        -0.219618 -0.367256 0.350113,
        -0.221553 -0.364734 0.350113,
        -0.222769 -0.361798 0.350113,
        -0.214965 -0.373412 0.347048,
        -0.218652 -0.371885 0.347048,
        -0.221818 -0.369456 0.347048,
        -0.224247 -0.366289 0.347048,
        -0.225774 -0.362603 0.347048,
        0.245348 -0.379104 0.276086,
        0.243328 -0.384025 0.276438,
        0.243404 -0.383849 0.276426,
        0.245289 -0.379483 0.276125,
        0.240297 -0.387935 0.276544,
        0.236387 -0.390966 0.276438,
        0.236211 -0.391042 0.276426,
        0.231845 -0.392926 0.276125,
        0.231466 -0.392986 0.276086,
        0.227185 0.360959 0.017687,
        0.227180 0.360971 0.017687,
        0.225209 0.365672 0.017459,
        0.225202 0.365681 0.017459,
        0.213321 0.374822 0.017687,
        0.222089 0.369727 0.017381,
        0.218044 0.372840 0.017459,
        0.218035 0.372847 0.017459,
        0.213333 0.374817 0.017687,
        -0.208265 0.360733 0.000606,
        -0.208265 0.374566 0.013425,
        0.208265 0.374566 0.013425,
        -0.208265 0.374503 0.013294,
        0.208265 0.374503 0.013294,
        -0.208265 0.372443 0.009011,
        0.208265 0.372443 0.009011,
        -0.208265 0.372368 0.008922,
        0.208265 0.372368 0.008922,
        -0.208265 0.369296 0.005259,
        0.208265 0.369296 0.005259,
        -0.208265 0.369226 0.005208,
        0.208265 0.369226 0.005208,
        -0.208265 0.365321 0.002399,
        0.208265 0.365321 0.002399,
        -0.208265 0.365267 0.002378,
        0.208265 0.365267 0.002378,
        -0.208265 0.360762 0.000609,
        0.208265 0.360762 0.000609,
        0.208265 0.360733 0.000606,
        -0.213321 0.374822 0.017687,
        -0.213333 0.374817 0.017687,
        -0.218035 0.372847 0.017459,
        -0.218044 0.372840 0.017459,
        -0.227185 0.360959 0.017687,
        -0.222089 0.369727 0.017381,
        -0.225202 0.365681 0.017459,
        -0.225209 0.365672 0.017459,
        -0.227180 0.360971 0.017687,
        -0.231466 -0.392986 0.276086,
        -0.236387 -0.390966 0.276438,
        -0.236211 -0.391042 0.276426,
        -0.231845 -0.392926 0.276125,
        -0.240297 -0.387935 0.276544,
        -0.243328 -0.384025 0.276438,
        -0.243404 -0.383849 0.276426,
        -0.245289 -0.379483 0.276125,
        -0.245348 -0.379104 0.276086,
        0.231472 -0.393024 0.236039,
        0.245387 -0.379110 0.236039,
        0.245380 -0.379154 0.236037,
        0.243423 -0.383857 0.235923,
        0.243415 -0.383878 0.235922,
        0.240297 -0.387935 0.235883,
        0.236240 -0.391052 0.235922,
        0.236219 -0.391061 0.235923,
        0.231517 -0.393018 0.236037,
        0.213096 0.355903 0.000606,
        0.212959 0.357161 0.000609,
        0.210703 0.365000 0.002399,
        0.211731 0.368840 0.005259,
        0.212546 0.371880 0.009011,
        0.213095 0.373930 0.013425,
        0.217596 0.372066 0.013425,
        0.226928 0.355903 0.013425,
        0.226292 0.360733 0.013425,
        0.226865 0.355903 0.013294,
        0.224242 0.360184 0.009011,
        0.216535 0.370227 0.009011,
        0.221462 0.369100 0.013425,
        0.224805 0.355903 0.009011,
        0.224730 0.355903 0.008922,
        0.221202 0.359369 0.005259,
        0.214962 0.367502 0.005259,
        0.219961 0.367598 0.009011,
        0.221659 0.355903 0.005259,
        0.221588 0.355903 0.005208,
        0.217362 0.358341 0.002399,
        0.217736 0.365374 0.005259,
        0.212974 0.364059 0.002399,
        0.209523 0.360596 0.000609,
        0.224428 0.365234 0.013425,
        0.222589 0.364173 0.009011,
        0.219864 0.362600 0.005259,
        0.216421 0.360612 0.002399,
        0.212473 0.358333 0.000609,
        0.214924 0.362562 0.002399,
        0.210695 0.360111 0.000609,
        0.211701 0.359339 0.000609,
        0.217683 0.355903 0.002399,
        0.217629 0.355903 0.002378,
        0.213124 0.355903 0.000609,
        -0.209523 0.360596 0.000609,
        -0.217629 0.355903 0.002378,
        -0.217683 0.355903 0.002399,
        -0.217362 0.358341 0.002399,
        -0.221588 0.355903 0.005208,
        -0.221659 0.355903 0.005259,
        -0.221202 0.359369 0.005259,
        -0.224242 0.360184 0.009011,
        -0.226292 0.360733 0.013425,
        -0.224428 0.365234 0.013425,
        -0.213095 0.373930 0.013425,
        -0.226928 0.355903 0.013425,
        -0.226865 0.355903 0.013294,
        -0.224805 0.355903 0.009011,
        -0.224730 0.355903 0.008922,
        -0.212546 0.371880 0.009011,
        -0.222589 0.364173 0.009011,
        -0.221462 0.369100 0.013425,
        -0.211731 0.368840 0.005259,
        -0.219864 0.362600 0.005259,
        -0.219961 0.367598 0.009011,
        -0.210703 0.365000 0.002399,
        -0.217736 0.365374 0.005259,
        -0.216421 0.360612 0.002399,
        -0.212959 0.357161 0.000609,
        -0.217596 0.372066 0.013425,
        -0.216535 0.370227 0.009011,
        -0.214962 0.367502 0.005259,
        -0.212974 0.364059 0.002399,
        -0.210695 0.360111 0.000609,
        -0.213096 0.355903 0.000606,
        -0.213124 0.355903 0.000609,
        -0.214924 0.362562 0.002399,
        -0.212473 0.358333 0.000609,
        -0.211701 0.359339 0.000609,
        -0.245387 -0.379110 0.236039,
        -0.231472 -0.393024 0.236039,
        -0.231517 -0.393018 0.236037,
        -0.236219 -0.391061 0.235923,
        -0.236240 -0.391052 0.235922,
        -0.240297 -0.387935 0.235883,
        -0.243415 -0.383878 0.235922,
        -0.243423 -0.383857 0.235923,
        -0.245380 -0.379154 0.236037,
        0.212613 -0.374920 0.017738,
        0.213321 -0.374822 0.017687,
        0.216702 -0.373406 0.017524,
        0.218035 -0.372847 0.017459,
        0.220356 -0.371060 0.017414,
        0.222089 -0.369727 0.017381,
        0.223422 -0.367994 0.017414,
        0.225209 -0.365672 0.017459,
        0.225768 -0.364339 0.017524,
        0.227185 -0.360959 0.017687,
        0.227282 -0.360251 0.017738,
        0.213096 -0.355903 0.000606,
        0.213124 -0.355903 0.000609,
        0.217629 -0.355903 0.002378,
        0.217683 -0.355903 0.002399,
        0.221588 -0.355903 0.005208,
        0.221659 -0.355903 0.005259,
        0.224730 -0.355903 0.008922,
        0.224805 -0.355903 0.009011,
        0.226865 -0.355903 0.013294,
        0.226928 -0.355903 0.013425,
        -0.213096 -0.355903 0.000606,
        -0.226928 -0.355903 0.013425,
        -0.226865 -0.355903 0.013294,
        -0.224805 -0.355903 0.009011,
        -0.224730 -0.355903 0.008922,
        -0.221659 -0.355903 0.005259,
        -0.221588 -0.355903 0.005208,
        -0.217683 -0.355903 0.002399,
        -0.217629 -0.355903 0.002378,
        -0.213124 -0.355903 0.000609,
        -0.227185 -0.360959 0.017687,
        -0.227180 -0.360971 0.017687,
        -0.225209 -0.365672 0.017459,
        -0.225202 -0.365681 0.017459,
        -0.213321 -0.374822 0.017687,
        -0.222089 -0.369727 0.017381,
        -0.218044 -0.372840 0.017459,
        -0.218035 -0.372847 0.017459,
        -0.213333 -0.374817 0.017687,
        0.208265 -0.360733 0.000606,
        0.209346 -0.360640 0.000609,
        0.212064 -0.358933 0.000609,
        0.211295 -0.359702 0.000609,
        0.217447 -0.357998 0.002399,
        0.221323 -0.358883 0.005259,
        0.224391 -0.359583 0.009011,
        0.226460 -0.360056 0.013425,
        0.225080 -0.364000 0.013425,
        0.216363 -0.372718 0.013425,
        0.212418 -0.374098 0.013425,
        0.222856 -0.367539 0.013425,
        0.208265 -0.374566 0.013425,
        0.208265 -0.374503 0.013294,
        0.211946 -0.372028 0.009011,
        0.223167 -0.363080 0.009011,
        0.208265 -0.372443 0.009011,
        0.208265 -0.372368 0.008922,
        0.211245 -0.368961 0.005259,
        0.220332 -0.361714 0.005259,
        0.221197 -0.366215 0.009011,
        0.219901 -0.370494 0.013425,
        0.208265 -0.369296 0.005259,
        0.208265 -0.369226 0.005208,
        0.210361 -0.365085 0.002399,
        0.218578 -0.368835 0.009011,
        0.218737 -0.364254 0.005259,
        0.216750 -0.359989 0.002399,
        0.213002 -0.356984 0.000609,
        0.214137 -0.363266 0.002399,
        0.215442 -0.370805 0.009011,
        0.214076 -0.367970 0.005259,
        0.212351 -0.364388 0.002399,
        0.210374 -0.360281 0.000609,
        0.216616 -0.366374 0.005259,
        0.215628 -0.361775 0.002399,
        0.212643 -0.358011 0.000609,
        0.208265 -0.365321 0.002399,
        0.208265 -0.365267 0.002378,
        0.208265 -0.360762 0.000609,
        -0.212959 -0.357161 0.000609,
        -0.208265 -0.365267 0.002378,
        -0.208265 -0.365321 0.002399,
        -0.210703 -0.365000 0.002399,
        -0.208265 -0.369226 0.005208,
        -0.208265 -0.369296 0.005259,
        -0.211731 -0.368840 0.005259,
        -0.212546 -0.371880 0.009011,
        -0.213095 -0.373930 0.013425,
        -0.217596 -0.372066 0.013425,
        -0.226292 -0.360733 0.013425,
        -0.208265 -0.374566 0.013425,
        -0.208265 -0.374503 0.013294,
        -0.208265 -0.372443 0.009011,
        -0.208265 -0.372368 0.008922,
        -0.224242 -0.360184 0.009011,
        -0.216535 -0.370227 0.009011,
        -0.221462 -0.369100 0.013425,
        -0.221202 -0.359369 0.005259,
        -0.214962 -0.367502 0.005259,
        -0.219961 -0.367598 0.009011,
        -0.217362 -0.358341 0.002399,
        -0.217736 -0.365374 0.005259,
        -0.212974 -0.364059 0.002399,
        -0.209523 -0.360596 0.000609,
        -0.224428 -0.365234 0.013425,
        -0.222589 -0.364173 0.009011,
        -0.219864 -0.362600 0.005259,
        -0.216421 -0.360612 0.002399,
        -0.212473 -0.358333 0.000609,
        -0.208265 -0.360733 0.000606,
        -0.208265 -0.360762 0.000609,
        -0.214924 -0.362562 0.002399,
        -0.210695 -0.360111 0.000609,
        -0.211701 -0.359339 0.000609,
      ]
    }
    coordIndex [
      0, 1, 2, -1,
      3, 4, 5, -1,
      5, 4, 6, -1,
      7, 8, 9, -1,
      10, 11, 12, -1,
      12, 11, 5, -1,
      12, 5, 13, -1,
      13, 5, 6, -1,
      13, 6, 14, -1,
      10, 15, 11, -1,
      11, 15, 16, -1,
      11, 16, 17, -1,
      17, 18, 11, -1,
      11, 18, 19, -1,
      11, 19, 20, -1,
      20, 21, 11, -1,
      11, 21, 22, -1,
      11, 22, 23, -1,
      24, 25, 26, -1,
      26, 25, 27, -1,
      23, 28, 11, -1,
      11, 28, 25, -1,
      11, 25, 29, -1,
      29, 25, 24, -1,
      30, 31, 32, -1,
      32, 31, 1, -1,
      32, 1, 33, -1,
      0, 34, 1, -1,
      1, 34, 35, -1,
      1, 35, 33, -1,
      9, 36, 31, -1,
      37, 38, 6, -1,
      6, 38, 39, -1,
      30, 40, 31, -1,
      31, 40, 41, -1,
      31, 41, 9, -1,
      9, 41, 42, -1,
      9, 42, 7, -1,
      39, 43, 6, -1,
      6, 43, 44, -1,
      6, 44, 14, -1,
      3, 45, 4, -1,
      4, 45, 46, -1,
      4, 46, 47, -1,
      46, 48, 47, -1,
      47, 48, 49, -1,
      47, 49, 0, -1,
      8, 37, 9, -1,
      9, 37, 6, -1,
      9, 6, 50, -1,
      50, 6, 51, -1,
      50, 51, 2, -1,
      2, 51, 52, -1,
      2, 52, 0, -1,
      0, 52, 53, -1,
      0, 53, 47, -1,
      54, 55, 56, -1,
      57, 58, 59, -1,
      60, 61, 4, -1,
      4, 61, 62, -1,
      4, 62, 6, -1,
      6, 62, 63, -1,
      64, 65, 66, -1,
      66, 65, 67, -1,
      56, 57, 54, -1,
      54, 57, 59, -1,
      54, 59, 63, -1,
      63, 59, 68, -1,
      63, 68, 6, -1,
      6, 68, 69, -1,
      70, 71, 72, -1,
      72, 71, 73, -1,
      72, 73, 74, -1,
      6, 66, 75, -1,
      75, 66, 76, -1,
      75, 76, 77, -1,
      77, 76, 78, -1,
      77, 78, 79, -1,
      69, 80, 6, -1,
      6, 80, 81, -1,
      6, 81, 66, -1,
      66, 81, 82, -1,
      66, 82, 64, -1,
      67, 83, 66, -1,
      66, 83, 84, -1,
      66, 84, 72, -1,
      72, 84, 85, -1,
      72, 85, 70, -1,
      86, 87, 79, -1,
      79, 87, 88, -1,
      79, 88, 77, -1,
      77, 88, 72, -1,
      74, 89, 72, -1,
      72, 89, 90, -1,
      72, 90, 77, -1,
      77, 90, 59, -1,
      47, 91, 4, -1,
      4, 91, 77, -1,
      4, 77, 60, -1,
      60, 77, 59, -1,
      60, 59, 92, -1,
      92, 59, 58, -1,
      92, 58, 93, -1,
      93, 58, 94, -1,
      95, 96, 97, -1,
      97, 96, 98, -1,
      99, 100, 98, -1,
      98, 100, 101, -1,
      98, 101, 97, -1,
      102, 103, 104, -1,
      105, 106, 107, -1,
      108, 109, 110, -1,
      110, 109, 111, -1,
      112, 113, 102, -1,
      102, 113, 114, -1,
      102, 114, 103, -1,
      105, 107, 115, -1,
      116, 117, 110, -1,
      110, 117, 118, -1,
      110, 118, 108, -1,
      119, 120, 102, -1,
      102, 120, 121, -1,
      102, 121, 112, -1,
      106, 116, 107, -1,
      107, 116, 110, -1,
      107, 110, 122, -1,
      122, 110, 100, -1,
      122, 100, 123, -1,
      123, 100, 99, -1,
      124, 125, 126, -1,
      126, 125, 127, -1,
      126, 127, 128, -1,
      111, 129, 110, -1,
      110, 129, 130, -1,
      110, 130, 131, -1,
      131, 130, 132, -1,
      131, 132, 133, -1,
      133, 134, 131, -1,
      131, 134, 135, -1,
      131, 135, 102, -1,
      102, 135, 126, -1,
      102, 126, 119, -1,
      119, 126, 128, -1,
      115, 107, 136, -1,
      136, 107, 137, -1,
      136, 137, 138, -1,
      138, 137, 139, -1,
      138, 139, 140, -1,
      124, 126, 141, -1,
      141, 126, 142, -1,
      141, 142, 143, -1,
      143, 142, 144, -1,
      143, 144, 145, -1,
      146, 147, 148, -1,
      139, 149, 140, -1,
      140, 149, 150, -1,
      140, 150, 151, -1,
      151, 152, 140, -1,
      140, 152, 153, -1,
      140, 153, 154, -1,
      155, 156, 157, -1,
      148, 147, 145, -1,
      145, 147, 158, -1,
      145, 158, 159, -1,
      159, 160, 145, -1,
      145, 160, 161, -1,
      145, 161, 143, -1,
      154, 162, 140, -1,
      140, 162, 163, -1,
      140, 163, 164, -1,
      164, 163, 165, -1,
      164, 165, 166, -1,
      155, 157, 148, -1,
      148, 157, 167, -1,
      148, 167, 146, -1,
      168, 169, 170, -1,
      170, 169, 171, -1,
      172, 173, 174, -1,
      174, 173, 175, -1,
      168, 176, 177, -1,
      177, 176, 178, -1,
      177, 178, 179, -1,
      180, 181, 131, -1,
      131, 181, 182, -1,
      177, 183, 184, -1,
      185, 186, 187, -1,
      188, 189, 102, -1,
      102, 189, 190, -1,
      185, 187, 191, -1,
      191, 187, 192, -1,
      191, 192, 177, -1,
      193, 194, 102, -1,
      102, 194, 195, -1,
      102, 195, 188, -1,
      179, 196, 177, -1,
      177, 196, 197, -1,
      177, 197, 198, -1,
      184, 199, 177, -1,
      177, 199, 200, -1,
      177, 200, 191, -1,
      182, 201, 131, -1,
      131, 201, 202, -1,
      131, 202, 174, -1,
      174, 202, 203, -1,
      174, 203, 172, -1,
      198, 204, 177, -1,
      177, 204, 205, -1,
      177, 205, 183, -1,
      190, 206, 102, -1,
      102, 206, 207, -1,
      102, 207, 131, -1,
      131, 207, 208, -1,
      131, 208, 180, -1,
      209, 210, 211, -1,
      104, 95, 102, -1,
      102, 95, 97, -1,
      102, 97, 193, -1,
      193, 97, 211, -1,
      193, 211, 212, -1,
      212, 211, 210, -1,
      213, 214, 215, -1,
      215, 214, 216, -1,
      215, 216, 217, -1,
      218, 219, 220, -1,
      220, 219, 221, -1,
      220, 221, 222, -1,
      223, 224, 225, -1,
      225, 224, 226, -1,
      225, 226, 227, -1,
      217, 228, 215, -1,
      215, 228, 229, -1,
      215, 229, 230, -1,
      231, 232, 233, -1,
      222, 234, 220, -1,
      220, 234, 235, -1,
      220, 235, 225, -1,
      225, 235, 236, -1,
      225, 236, 223, -1,
      232, 237, 233, -1,
      233, 237, 238, -1,
      233, 238, 239, -1,
      230, 240, 215, -1,
      215, 240, 241, -1,
      215, 241, 220, -1,
      220, 241, 242, -1,
      220, 242, 218, -1,
      227, 243, 225, -1,
      225, 243, 244, -1,
      225, 244, 245, -1,
      245, 246, 233, -1,
      233, 246, 247, -1,
      233, 247, 231, -1,
      248, 249, 250, -1,
      250, 249, 251, -1,
      250, 251, 252, -1,
      253, 254, 255, -1,
      255, 254, 256, -1,
      255, 256, 257, -1,
      258, 259, 260, -1,
      260, 259, 261, -1,
      260, 261, 262, -1,
      263, 264, 261, -1,
      261, 264, 265, -1,
      266, 267, 268, -1,
      268, 267, 269, -1,
      268, 269, 270, -1,
      271, 272, 273, -1,
      272, 274, 273, -1,
      273, 274, 275, -1,
      273, 275, 276, -1,
      269, 277, 270, -1,
      270, 277, 278, -1,
      270, 278, 279, -1,
      279, 278, 280, -1,
      265, 281, 261, -1,
      261, 281, 267, -1,
      261, 267, 262, -1,
      262, 267, 266, -1,
      262, 266, 282, -1,
      282, 266, 283, -1,
      282, 283, 284, -1,
      284, 283, 285, -1,
      284, 286, 287, -1,
      288, 289, 290, -1,
      288, 291, 292, -1,
      293, 294, 279, -1,
      279, 294, 295, -1,
      280, 296, 279, -1,
      279, 296, 297, -1,
      279, 297, 298, -1,
      285, 299, 284, -1,
      284, 299, 300, -1,
      284, 300, 301, -1,
      301, 302, 284, -1,
      284, 302, 303, -1,
      284, 303, 286, -1,
      304, 305, 306, -1,
      306, 305, 307, -1,
      306, 307, 287, -1,
      287, 307, 308, -1,
      287, 308, 284, -1,
      309, 310, 288, -1,
      288, 310, 311, -1,
      288, 311, 291, -1,
      292, 312, 288, -1,
      288, 312, 313, -1,
      288, 313, 289, -1,
      289, 313, 314, -1,
      289, 314, 315, -1,
      316, 317, 318, -1,
      318, 317, 319, -1,
      318, 319, 320, -1,
      320, 319, 289, -1,
      320, 289, 321, -1,
      321, 289, 315, -1,
      322, 323, 273, -1,
      324, 325, 295, -1,
      295, 325, 326, -1,
      295, 326, 279, -1,
      304, 306, 327, -1,
      327, 306, 328, -1,
      327, 328, 329, -1,
      323, 330, 273, -1,
      273, 330, 331, -1,
      273, 331, 271, -1,
      298, 332, 279, -1,
      279, 332, 333, -1,
      279, 333, 293, -1,
      258, 334, 259, -1,
      259, 334, 335, -1,
      259, 335, 288, -1,
      288, 335, 336, -1,
      288, 336, 309, -1,
      174, 337, 338, -1,
      338, 337, 339, -1,
      340, 170, 341, -1,
      341, 170, 342, -1,
      341, 342, 339, -1,
      340, 337, 170, -1,
      170, 337, 174, -1,
      170, 174, 168, -1,
      168, 174, 175, -1,
      168, 175, 176, -1,
      343, 342, 344, -1,
      344, 342, 345, -1,
      339, 342, 338, -1,
      338, 342, 343, -1,
      338, 343, 220, -1,
      220, 343, 346, -1,
      220, 346, 215, -1,
      345, 347, 344, -1,
      344, 347, 348, -1,
      344, 348, 349, -1,
      346, 350, 215, -1,
      215, 350, 351, -1,
      215, 351, 352, -1,
      352, 353, 215, -1,
      215, 353, 354, -1,
      215, 354, 342, -1,
      342, 354, 355, -1,
      342, 355, 345, -1,
      171, 209, 170, -1,
      170, 209, 211, -1,
      170, 211, 342, -1,
      342, 211, 356, -1,
      342, 356, 215, -1,
      215, 356, 249, -1,
      215, 249, 213, -1,
      213, 249, 248, -1,
      245, 233, 225, -1,
      225, 233, 357, -1,
      225, 357, 259, -1,
      259, 357, 358, -1,
      259, 358, 261, -1,
      261, 358, 359, -1,
      261, 359, 233, -1,
      233, 359, 360, -1,
      233, 360, 357, -1,
      239, 252, 233, -1,
      233, 252, 251, -1,
      233, 251, 261, -1,
      261, 251, 254, -1,
      261, 254, 263, -1,
      263, 254, 253, -1,
      290, 322, 288, -1,
      288, 322, 273, -1,
      288, 273, 361, -1,
      361, 273, 362, -1,
      276, 257, 273, -1,
      273, 257, 256, -1,
      273, 256, 362, -1,
      362, 256, 363, -1,
      364, 365, 366, -1,
      366, 365, 367, -1,
      368, 369, 370, -1,
      370, 369, 371, -1,
      372, 373, 374, -1,
      374, 373, 375, -1,
      376, 377, 378, -1,
      378, 377, 379, -1,
      368, 380, 381, -1,
      368, 381, 369, -1,
      369, 381, 382, -1,
      369, 382, 383, -1,
      375, 384, 385, -1,
      375, 385, 374, -1,
      374, 385, 386, -1,
      374, 386, 387, -1,
      364, 388, 389, -1,
      364, 389, 365, -1,
      365, 389, 390, -1,
      365, 390, 391, -1,
      379, 392, 393, -1,
      379, 393, 378, -1,
      378, 393, 394, -1,
      378, 394, 395, -1,
      396, 397, 398, -1,
      398, 377, 396, -1,
      396, 377, 376, -1,
      396, 376, 399, -1,
      400, 401, 366, -1,
      400, 366, 402, -1,
      402, 366, 367, -1,
      402, 367, 403, -1,
      404, 405, 373, -1,
      404, 373, 406, -1,
      406, 373, 372, -1,
      406, 372, 407, -1,
      408, 409, 410, -1,
      410, 370, 408, -1,
      408, 370, 371, -1,
      408, 371, 411, -1,
      100, 110, 412, -1,
      101, 100, 413, -1,
      413, 100, 412, -1,
      413, 412, 414, -1,
      414, 412, 415, -1,
      414, 415, 416, -1,
      416, 415, 417, -1,
      416, 417, 418, -1,
      418, 417, 419, -1,
      418, 419, 420, -1,
      420, 419, 421, -1,
      420, 421, 422, -1,
      422, 421, 423, -1,
      422, 423, 424, -1,
      424, 423, 425, -1,
      424, 425, 426, -1,
      426, 425, 427, -1,
      426, 427, 428, -1,
      428, 427, 429, -1,
      428, 429, 430, -1,
      430, 429, 431, -1,
      430, 431, 381, -1,
      381, 431, 382, -1,
      425, 423, 432, -1,
      433, 434, 435, -1,
      110, 436, 437, -1,
      438, 436, 110, -1,
      435, 434, 110, -1,
      412, 110, 434, -1,
      439, 440, 441, -1,
      440, 439, 442, -1,
      442, 439, 443, -1,
      442, 443, 444, -1,
      444, 443, 445, -1,
      444, 445, 446, -1,
      446, 445, 447, -1,
      446, 447, 448, -1,
      448, 447, 449, -1,
      449, 447, 450, -1,
      449, 450, 451, -1,
      451, 450, 452, -1,
      452, 450, 453, -1,
      452, 453, 389, -1,
      454, 438, 110, -1,
      421, 419, 433, -1,
      433, 419, 417, -1,
      433, 417, 434, -1,
      434, 417, 415, -1,
      434, 415, 412, -1,
      455, 437, 456, -1,
      456, 437, 436, -1,
      456, 436, 457, -1,
      457, 436, 438, -1,
      457, 438, 458, -1,
      454, 459, 438, -1,
      438, 459, 460, -1,
      438, 460, 458, -1,
      458, 460, 461, -1,
      458, 461, 462, -1,
      432, 455, 463, -1,
      463, 455, 456, -1,
      463, 456, 464, -1,
      464, 456, 457, -1,
      464, 457, 465, -1,
      465, 457, 458, -1,
      465, 458, 466, -1,
      466, 458, 462, -1,
      429, 427, 467, -1,
      467, 427, 425, -1,
      425, 432, 467, -1,
      467, 432, 463, -1,
      467, 463, 468, -1,
      468, 463, 464, -1,
      468, 464, 469, -1,
      469, 464, 465, -1,
      469, 465, 470, -1,
      470, 465, 466, -1,
      470, 466, 471, -1,
      423, 421, 432, -1,
      432, 421, 433, -1,
      432, 433, 455, -1,
      455, 433, 435, -1,
      455, 435, 437, -1,
      437, 435, 110, -1,
      429, 439, 431, -1,
      431, 439, 441, -1,
      431, 441, 382, -1,
      462, 472, 466, -1,
      466, 472, 473, -1,
      466, 473, 471, -1,
      471, 473, 474, -1,
      471, 474, 475, -1,
      429, 467, 439, -1,
      439, 467, 468, -1,
      439, 468, 443, -1,
      443, 468, 469, -1,
      443, 469, 445, -1,
      445, 469, 470, -1,
      445, 470, 447, -1,
      447, 470, 471, -1,
      447, 471, 450, -1,
      450, 471, 475, -1,
      450, 475, 453, -1,
      476, 477, 478, -1,
      479, 480, 481, -1,
      101, 482, 483, -1,
      484, 482, 101, -1,
      481, 480, 101, -1,
      485, 101, 480, -1,
      486, 487, 488, -1,
      487, 486, 489, -1,
      489, 486, 490, -1,
      489, 490, 491, -1,
      491, 490, 492, -1,
      491, 492, 493, -1,
      493, 492, 494, -1,
      493, 494, 495, -1,
      495, 494, 496, -1,
      496, 494, 497, -1,
      496, 497, 498, -1,
      498, 497, 499, -1,
      499, 497, 430, -1,
      499, 430, 381, -1,
      413, 484, 101, -1,
      500, 501, 479, -1,
      479, 501, 502, -1,
      479, 502, 480, -1,
      480, 502, 503, -1,
      480, 503, 485, -1,
      504, 483, 505, -1,
      505, 483, 482, -1,
      505, 482, 506, -1,
      506, 482, 484, -1,
      506, 484, 507, -1,
      413, 414, 484, -1,
      484, 414, 416, -1,
      484, 416, 507, -1,
      507, 416, 418, -1,
      507, 418, 420, -1,
      478, 504, 508, -1,
      508, 504, 505, -1,
      508, 505, 509, -1,
      509, 505, 506, -1,
      509, 506, 510, -1,
      510, 506, 507, -1,
      510, 507, 511, -1,
      511, 507, 420, -1,
      512, 513, 514, -1,
      514, 513, 476, -1,
      476, 478, 514, -1,
      514, 478, 508, -1,
      514, 508, 515, -1,
      515, 508, 509, -1,
      515, 509, 516, -1,
      516, 509, 510, -1,
      516, 510, 517, -1,
      517, 510, 511, -1,
      517, 511, 518, -1,
      477, 500, 478, -1,
      478, 500, 479, -1,
      478, 479, 504, -1,
      504, 479, 481, -1,
      504, 481, 483, -1,
      483, 481, 101, -1,
      512, 486, 519, -1,
      519, 486, 488, -1,
      519, 488, 386, -1,
      420, 422, 511, -1,
      511, 422, 424, -1,
      511, 424, 518, -1,
      518, 424, 426, -1,
      518, 426, 428, -1,
      512, 514, 486, -1,
      486, 514, 515, -1,
      486, 515, 490, -1,
      490, 515, 516, -1,
      490, 516, 492, -1,
      492, 516, 517, -1,
      492, 517, 494, -1,
      494, 517, 518, -1,
      494, 518, 497, -1,
      497, 518, 428, -1,
      497, 428, 430, -1,
      390, 389, 520, -1,
      520, 389, 453, -1,
      520, 453, 521, -1,
      521, 453, 475, -1,
      521, 475, 522, -1,
      522, 475, 474, -1,
      522, 474, 523, -1,
      523, 474, 473, -1,
      523, 473, 524, -1,
      524, 473, 472, -1,
      524, 472, 525, -1,
      525, 472, 462, -1,
      525, 462, 526, -1,
      526, 462, 461, -1,
      526, 461, 527, -1,
      527, 461, 460, -1,
      527, 460, 528, -1,
      528, 460, 459, -1,
      528, 459, 529, -1,
      529, 459, 454, -1,
      454, 110, 131, -1,
      225, 259, 529, -1,
      529, 259, 288, -1,
      529, 288, 361, -1,
      131, 174, 454, -1,
      454, 174, 338, -1,
      454, 338, 529, -1,
      529, 338, 220, -1,
      529, 220, 225, -1,
      383, 382, 530, -1,
      530, 382, 441, -1,
      531, 532, 441, -1,
      441, 532, 533, -1,
      441, 533, 530, -1,
      441, 440, 531, -1,
      531, 440, 442, -1,
      531, 442, 534, -1,
      534, 442, 444, -1,
      444, 446, 534, -1,
      534, 446, 448, -1,
      534, 448, 535, -1,
      535, 448, 449, -1,
      535, 449, 536, -1,
      536, 449, 451, -1,
      536, 451, 537, -1,
      537, 451, 452, -1,
      537, 452, 538, -1,
      538, 452, 389, -1,
      538, 389, 388, -1,
      387, 386, 539, -1,
      539, 386, 488, -1,
      540, 541, 488, -1,
      488, 541, 542, -1,
      488, 542, 539, -1,
      488, 487, 540, -1,
      540, 487, 489, -1,
      540, 489, 543, -1,
      543, 489, 491, -1,
      491, 493, 543, -1,
      543, 493, 495, -1,
      543, 495, 544, -1,
      544, 495, 496, -1,
      544, 496, 545, -1,
      545, 496, 498, -1,
      545, 498, 546, -1,
      546, 498, 499, -1,
      546, 499, 547, -1,
      547, 499, 381, -1,
      547, 381, 380, -1,
      548, 485, 549, -1,
      549, 485, 503, -1,
      549, 503, 550, -1,
      550, 503, 502, -1,
      550, 502, 551, -1,
      551, 502, 501, -1,
      551, 501, 552, -1,
      552, 501, 500, -1,
      552, 500, 553, -1,
      553, 500, 477, -1,
      553, 477, 554, -1,
      554, 477, 476, -1,
      554, 476, 555, -1,
      555, 476, 513, -1,
      555, 513, 556, -1,
      556, 513, 512, -1,
      556, 512, 557, -1,
      557, 512, 519, -1,
      557, 519, 385, -1,
      385, 519, 386, -1,
      363, 256, 548, -1,
      548, 256, 254, -1,
      254, 251, 548, -1,
      548, 251, 249, -1,
      548, 249, 485, -1,
      485, 249, 356, -1,
      356, 211, 485, -1,
      485, 211, 97, -1,
      485, 97, 101, -1,
      362, 363, 558, -1,
      394, 393, 559, -1,
      559, 393, 560, -1,
      559, 560, 561, -1,
      561, 560, 562, -1,
      561, 562, 563, -1,
      563, 562, 564, -1,
      563, 564, 565, -1,
      565, 564, 566, -1,
      565, 566, 567, -1,
      567, 566, 568, -1,
      567, 568, 569, -1,
      569, 568, 570, -1,
      569, 570, 571, -1,
      571, 570, 572, -1,
      571, 572, 573, -1,
      573, 572, 574, -1,
      573, 574, 575, -1,
      575, 574, 576, -1,
      575, 576, 558, -1,
      558, 576, 577, -1,
      558, 577, 362, -1,
      362, 577, 361, -1,
      523, 524, 578, -1,
      579, 580, 581, -1,
      361, 582, 583, -1,
      584, 582, 361, -1,
      581, 580, 361, -1,
      529, 361, 580, -1,
      585, 586, 587, -1,
      586, 585, 588, -1,
      588, 585, 589, -1,
      588, 589, 590, -1,
      590, 589, 591, -1,
      590, 591, 592, -1,
      592, 591, 593, -1,
      592, 593, 594, -1,
      594, 593, 595, -1,
      595, 593, 596, -1,
      595, 596, 597, -1,
      597, 596, 598, -1,
      598, 596, 560, -1,
      598, 560, 393, -1,
      577, 584, 361, -1,
      525, 526, 579, -1,
      579, 526, 527, -1,
      579, 527, 580, -1,
      580, 527, 528, -1,
      580, 528, 529, -1,
      599, 583, 600, -1,
      600, 583, 582, -1,
      600, 582, 601, -1,
      601, 582, 584, -1,
      601, 584, 602, -1,
      577, 576, 584, -1,
      584, 576, 574, -1,
      584, 574, 602, -1,
      602, 574, 572, -1,
      602, 572, 570, -1,
      578, 599, 603, -1,
      603, 599, 600, -1,
      603, 600, 604, -1,
      604, 600, 601, -1,
      604, 601, 605, -1,
      605, 601, 602, -1,
      605, 602, 606, -1,
      606, 602, 570, -1,
      521, 522, 607, -1,
      607, 522, 523, -1,
      523, 578, 607, -1,
      607, 578, 603, -1,
      607, 603, 608, -1,
      608, 603, 604, -1,
      608, 604, 609, -1,
      609, 604, 605, -1,
      609, 605, 610, -1,
      610, 605, 606, -1,
      610, 606, 611, -1,
      524, 525, 578, -1,
      578, 525, 579, -1,
      578, 579, 599, -1,
      599, 579, 581, -1,
      599, 581, 583, -1,
      583, 581, 361, -1,
      521, 585, 520, -1,
      520, 585, 587, -1,
      520, 587, 390, -1,
      570, 568, 606, -1,
      606, 568, 566, -1,
      606, 566, 611, -1,
      611, 566, 564, -1,
      611, 564, 562, -1,
      521, 607, 585, -1,
      585, 607, 608, -1,
      585, 608, 589, -1,
      589, 608, 609, -1,
      589, 609, 591, -1,
      591, 609, 610, -1,
      591, 610, 593, -1,
      593, 610, 611, -1,
      593, 611, 596, -1,
      596, 611, 562, -1,
      596, 562, 560, -1,
      364, 366, 388, -1,
      388, 366, 401, -1,
      388, 401, 612, -1,
      371, 369, 411, -1,
      411, 369, 383, -1,
      411, 383, 613, -1,
      613, 383, 530, -1,
      613, 530, 614, -1,
      614, 530, 533, -1,
      614, 533, 615, -1,
      615, 533, 532, -1,
      615, 532, 616, -1,
      616, 532, 531, -1,
      616, 531, 617, -1,
      617, 531, 534, -1,
      617, 534, 618, -1,
      618, 534, 535, -1,
      618, 535, 619, -1,
      619, 535, 536, -1,
      619, 536, 620, -1,
      620, 536, 537, -1,
      620, 537, 612, -1,
      612, 537, 538, -1,
      612, 538, 388, -1,
      368, 370, 380, -1,
      380, 370, 410, -1,
      380, 410, 621, -1,
      372, 374, 407, -1,
      407, 374, 387, -1,
      407, 387, 622, -1,
      622, 387, 539, -1,
      622, 539, 623, -1,
      623, 539, 542, -1,
      623, 542, 624, -1,
      624, 542, 541, -1,
      624, 541, 625, -1,
      625, 541, 540, -1,
      625, 540, 626, -1,
      626, 540, 543, -1,
      626, 543, 627, -1,
      627, 543, 544, -1,
      627, 544, 628, -1,
      628, 544, 545, -1,
      628, 545, 629, -1,
      629, 545, 546, -1,
      629, 546, 621, -1,
      621, 546, 547, -1,
      621, 547, 380, -1,
      565, 567, 630, -1,
      631, 632, 633, -1,
      363, 634, 635, -1,
      636, 634, 363, -1,
      633, 632, 363, -1,
      558, 363, 632, -1,
      637, 638, 639, -1,
      638, 637, 640, -1,
      640, 637, 641, -1,
      640, 641, 642, -1,
      642, 641, 643, -1,
      642, 643, 644, -1,
      644, 643, 645, -1,
      644, 645, 646, -1,
      646, 645, 647, -1,
      647, 645, 648, -1,
      647, 648, 649, -1,
      649, 648, 650, -1,
      650, 648, 557, -1,
      650, 557, 385, -1,
      548, 636, 363, -1,
      569, 571, 631, -1,
      631, 571, 573, -1,
      631, 573, 632, -1,
      632, 573, 575, -1,
      632, 575, 558, -1,
      651, 635, 652, -1,
      652, 635, 634, -1,
      652, 634, 653, -1,
      653, 634, 636, -1,
      653, 636, 654, -1,
      548, 549, 636, -1,
      636, 549, 550, -1,
      636, 550, 654, -1,
      654, 550, 551, -1,
      654, 551, 552, -1,
      630, 651, 655, -1,
      655, 651, 652, -1,
      655, 652, 656, -1,
      656, 652, 653, -1,
      656, 653, 657, -1,
      657, 653, 654, -1,
      657, 654, 658, -1,
      658, 654, 552, -1,
      561, 563, 659, -1,
      659, 563, 565, -1,
      565, 630, 659, -1,
      659, 630, 655, -1,
      659, 655, 660, -1,
      660, 655, 656, -1,
      660, 656, 661, -1,
      661, 656, 657, -1,
      661, 657, 662, -1,
      662, 657, 658, -1,
      662, 658, 663, -1,
      567, 569, 630, -1,
      630, 569, 631, -1,
      630, 631, 651, -1,
      651, 631, 633, -1,
      651, 633, 635, -1,
      635, 633, 363, -1,
      561, 637, 559, -1,
      559, 637, 639, -1,
      559, 639, 394, -1,
      552, 553, 658, -1,
      658, 553, 554, -1,
      658, 554, 663, -1,
      663, 554, 555, -1,
      663, 555, 556, -1,
      561, 659, 637, -1,
      637, 659, 660, -1,
      637, 660, 641, -1,
      641, 660, 661, -1,
      641, 661, 643, -1,
      643, 661, 662, -1,
      643, 662, 645, -1,
      645, 662, 663, -1,
      645, 663, 648, -1,
      648, 663, 556, -1,
      648, 556, 557, -1,
      391, 390, 664, -1,
      664, 390, 587, -1,
      665, 666, 587, -1,
      587, 666, 667, -1,
      587, 667, 664, -1,
      587, 586, 665, -1,
      665, 586, 588, -1,
      665, 588, 668, -1,
      668, 588, 590, -1,
      590, 592, 668, -1,
      668, 592, 594, -1,
      668, 594, 669, -1,
      669, 594, 595, -1,
      669, 595, 670, -1,
      670, 595, 597, -1,
      670, 597, 671, -1,
      671, 597, 598, -1,
      671, 598, 672, -1,
      672, 598, 393, -1,
      672, 393, 392, -1,
      618, 619, 673, -1,
      673, 619, 620, -1,
      673, 620, 400, -1,
      400, 620, 612, -1,
      400, 612, 401, -1,
      673, 674, 618, -1,
      618, 674, 675, -1,
      618, 675, 617, -1,
      617, 675, 676, -1,
      677, 408, 411, -1,
      676, 678, 617, -1,
      617, 678, 679, -1,
      617, 679, 616, -1,
      616, 679, 680, -1,
      616, 680, 615, -1,
      615, 680, 681, -1,
      615, 681, 614, -1,
      614, 681, 677, -1,
      614, 677, 613, -1,
      613, 677, 411, -1,
      77, 91, 682, -1,
      409, 408, 683, -1,
      683, 408, 684, -1,
      683, 684, 685, -1,
      685, 684, 686, -1,
      685, 686, 687, -1,
      687, 686, 688, -1,
      687, 688, 689, -1,
      689, 688, 690, -1,
      689, 690, 691, -1,
      691, 690, 692, -1,
      691, 692, 693, -1,
      693, 692, 694, -1,
      693, 694, 695, -1,
      695, 694, 696, -1,
      695, 696, 697, -1,
      697, 696, 698, -1,
      697, 698, 699, -1,
      699, 698, 700, -1,
      699, 700, 682, -1,
      682, 700, 701, -1,
      682, 701, 77, -1,
      77, 701, 75, -1,
      627, 628, 702, -1,
      702, 628, 629, -1,
      702, 629, 409, -1,
      409, 629, 621, -1,
      409, 621, 410, -1,
      702, 703, 627, -1,
      627, 703, 704, -1,
      627, 704, 626, -1,
      626, 704, 705, -1,
      706, 406, 407, -1,
      705, 707, 626, -1,
      626, 707, 708, -1,
      626, 708, 625, -1,
      625, 708, 709, -1,
      625, 709, 624, -1,
      624, 709, 710, -1,
      624, 710, 623, -1,
      623, 710, 706, -1,
      623, 706, 622, -1,
      622, 706, 407, -1,
      395, 394, 711, -1,
      711, 394, 639, -1,
      712, 713, 639, -1,
      639, 713, 714, -1,
      639, 714, 711, -1,
      639, 638, 712, -1,
      712, 638, 640, -1,
      712, 640, 715, -1,
      715, 640, 642, -1,
      642, 644, 715, -1,
      715, 644, 646, -1,
      715, 646, 716, -1,
      716, 646, 647, -1,
      716, 647, 717, -1,
      717, 647, 649, -1,
      717, 649, 718, -1,
      718, 649, 650, -1,
      718, 650, 719, -1,
      719, 650, 385, -1,
      719, 385, 384, -1,
      379, 377, 392, -1,
      392, 377, 398, -1,
      392, 398, 720, -1,
      367, 365, 403, -1,
      403, 365, 391, -1,
      403, 391, 721, -1,
      721, 391, 664, -1,
      721, 664, 722, -1,
      722, 664, 667, -1,
      722, 667, 723, -1,
      723, 667, 666, -1,
      723, 666, 724, -1,
      724, 666, 665, -1,
      724, 665, 725, -1,
      725, 665, 668, -1,
      725, 668, 726, -1,
      726, 668, 669, -1,
      726, 669, 727, -1,
      727, 669, 670, -1,
      727, 670, 728, -1,
      728, 670, 671, -1,
      728, 671, 720, -1,
      720, 671, 672, -1,
      720, 672, 392, -1,
      729, 75, 730, -1,
      698, 696, 731, -1,
      694, 692, 732, -1,
      733, 734, 735, -1,
      673, 400, 736, -1,
      675, 674, 737, -1,
      737, 674, 673, -1,
      677, 681, 734, -1,
      734, 681, 680, -1,
      734, 680, 735, -1,
      735, 680, 679, -1,
      735, 679, 678, -1,
      408, 677, 684, -1,
      684, 677, 734, -1,
      684, 734, 686, -1,
      686, 734, 733, -1,
      686, 733, 688, -1,
      688, 733, 690, -1,
      673, 736, 737, -1,
      737, 736, 738, -1,
      737, 738, 739, -1,
      692, 690, 732, -1,
      732, 690, 733, -1,
      732, 733, 740, -1,
      740, 733, 735, -1,
      740, 735, 741, -1,
      741, 735, 678, -1,
      738, 742, 739, -1,
      739, 742, 743, -1,
      739, 743, 744, -1,
      696, 694, 731, -1,
      731, 694, 732, -1,
      731, 732, 745, -1,
      745, 732, 740, -1,
      745, 740, 746, -1,
      746, 740, 741, -1,
      743, 747, 744, -1,
      744, 747, 748, -1,
      744, 748, 749, -1,
      746, 750, 745, -1,
      745, 750, 751, -1,
      745, 751, 731, -1,
      731, 751, 752, -1,
      731, 752, 698, -1,
      676, 675, 753, -1,
      753, 675, 737, -1,
      753, 737, 754, -1,
      754, 737, 739, -1,
      754, 739, 755, -1,
      755, 739, 744, -1,
      755, 744, 756, -1,
      756, 744, 749, -1,
      756, 749, 757, -1,
      757, 749, 730, -1,
      757, 730, 75, -1,
      75, 701, 752, -1,
      752, 701, 700, -1,
      752, 700, 698, -1,
      750, 758, 751, -1,
      751, 758, 759, -1,
      751, 759, 752, -1,
      752, 759, 75, -1,
      758, 760, 759, -1,
      759, 760, 75, -1,
      748, 761, 749, -1,
      749, 761, 762, -1,
      749, 762, 730, -1,
      730, 762, 763, -1,
      730, 763, 729, -1,
      678, 676, 741, -1,
      741, 676, 753, -1,
      741, 753, 746, -1,
      746, 753, 754, -1,
      746, 754, 750, -1,
      750, 754, 755, -1,
      750, 755, 758, -1,
      758, 755, 756, -1,
      758, 756, 760, -1,
      760, 756, 757, -1,
      760, 757, 75, -1,
      682, 91, 764, -1,
      765, 766, 767, -1,
      768, 769, 770, -1,
      771, 772, 773, -1,
      702, 409, 683, -1,
      704, 703, 774, -1,
      774, 703, 702, -1,
      706, 710, 772, -1,
      772, 710, 709, -1,
      772, 709, 773, -1,
      773, 709, 708, -1,
      773, 708, 707, -1,
      406, 706, 775, -1,
      775, 706, 772, -1,
      775, 772, 776, -1,
      776, 772, 771, -1,
      776, 771, 777, -1,
      777, 771, 778, -1,
      702, 683, 774, -1,
      774, 683, 685, -1,
      774, 685, 779, -1,
      769, 778, 770, -1,
      770, 778, 771, -1,
      770, 771, 780, -1,
      780, 771, 773, -1,
      780, 773, 781, -1,
      781, 773, 707, -1,
      685, 687, 779, -1,
      779, 687, 689, -1,
      779, 689, 782, -1,
      766, 768, 767, -1,
      767, 768, 770, -1,
      767, 770, 783, -1,
      783, 770, 780, -1,
      783, 780, 784, -1,
      784, 780, 781, -1,
      689, 691, 782, -1,
      782, 691, 693, -1,
      782, 693, 785, -1,
      784, 786, 783, -1,
      783, 786, 787, -1,
      783, 787, 767, -1,
      767, 787, 788, -1,
      767, 788, 765, -1,
      705, 704, 789, -1,
      789, 704, 774, -1,
      789, 774, 790, -1,
      790, 774, 779, -1,
      790, 779, 791, -1,
      791, 779, 782, -1,
      791, 782, 792, -1,
      792, 782, 785, -1,
      792, 785, 793, -1,
      793, 785, 764, -1,
      793, 764, 91, -1,
      91, 794, 788, -1,
      788, 794, 795, -1,
      788, 795, 765, -1,
      786, 796, 787, -1,
      787, 796, 797, -1,
      787, 797, 788, -1,
      788, 797, 91, -1,
      796, 798, 797, -1,
      797, 798, 91, -1,
      693, 695, 785, -1,
      785, 695, 697, -1,
      785, 697, 764, -1,
      764, 697, 699, -1,
      764, 699, 682, -1,
      707, 705, 781, -1,
      781, 705, 789, -1,
      781, 789, 784, -1,
      784, 789, 790, -1,
      784, 790, 786, -1,
      786, 790, 791, -1,
      786, 791, 796, -1,
      796, 791, 792, -1,
      796, 792, 798, -1,
      798, 792, 793, -1,
      798, 793, 91, -1,
      375, 373, 384, -1,
      384, 373, 405, -1,
      384, 405, 799, -1,
      376, 378, 399, -1,
      399, 378, 395, -1,
      399, 395, 800, -1,
      800, 395, 711, -1,
      800, 711, 801, -1,
      801, 711, 714, -1,
      801, 714, 802, -1,
      802, 714, 713, -1,
      802, 713, 803, -1,
      803, 713, 712, -1,
      803, 712, 804, -1,
      804, 712, 715, -1,
      804, 715, 805, -1,
      805, 715, 716, -1,
      805, 716, 806, -1,
      806, 716, 717, -1,
      806, 717, 807, -1,
      807, 717, 718, -1,
      807, 718, 799, -1,
      799, 718, 719, -1,
      799, 719, 384, -1,
      398, 397, 720, -1,
      720, 397, 808, -1,
      720, 808, 728, -1,
      728, 808, 809, -1,
      728, 809, 727, -1,
      727, 809, 810, -1,
      727, 810, 726, -1,
      810, 811, 726, -1,
      726, 811, 812, -1,
      726, 812, 725, -1,
      812, 813, 725, -1,
      725, 813, 814, -1,
      725, 814, 724, -1,
      724, 814, 815, -1,
      724, 815, 723, -1,
      723, 815, 816, -1,
      723, 816, 722, -1,
      722, 816, 817, -1,
      722, 817, 721, -1,
      721, 817, 403, -1,
      403, 817, 818, -1,
      403, 818, 402, -1,
      6, 75, 729, -1,
      51, 6, 819, -1,
      819, 6, 729, -1,
      819, 729, 820, -1,
      820, 729, 763, -1,
      820, 763, 821, -1,
      821, 763, 762, -1,
      821, 762, 822, -1,
      822, 762, 761, -1,
      822, 761, 823, -1,
      823, 761, 748, -1,
      823, 748, 824, -1,
      824, 748, 747, -1,
      824, 747, 825, -1,
      825, 747, 743, -1,
      825, 743, 826, -1,
      826, 743, 742, -1,
      826, 742, 827, -1,
      827, 742, 738, -1,
      827, 738, 828, -1,
      828, 738, 736, -1,
      828, 736, 402, -1,
      402, 736, 400, -1,
      47, 53, 829, -1,
      404, 406, 830, -1,
      830, 406, 775, -1,
      830, 775, 831, -1,
      831, 775, 776, -1,
      831, 776, 832, -1,
      832, 776, 777, -1,
      832, 777, 833, -1,
      833, 777, 778, -1,
      833, 778, 834, -1,
      834, 778, 769, -1,
      834, 769, 835, -1,
      835, 769, 768, -1,
      835, 768, 836, -1,
      836, 768, 766, -1,
      836, 766, 837, -1,
      837, 766, 765, -1,
      837, 765, 838, -1,
      838, 765, 795, -1,
      838, 795, 829, -1,
      829, 795, 794, -1,
      829, 794, 47, -1,
      47, 794, 91, -1,
      805, 806, 839, -1,
      839, 806, 807, -1,
      839, 807, 404, -1,
      404, 807, 799, -1,
      404, 799, 405, -1,
      839, 840, 805, -1,
      805, 840, 841, -1,
      805, 841, 804, -1,
      804, 841, 842, -1,
      843, 396, 399, -1,
      842, 844, 804, -1,
      804, 844, 845, -1,
      804, 845, 803, -1,
      803, 845, 846, -1,
      803, 846, 802, -1,
      802, 846, 847, -1,
      802, 847, 801, -1,
      801, 847, 843, -1,
      801, 843, 800, -1,
      800, 843, 399, -1,
      848, 51, 849, -1,
      850, 851, 51, -1,
      821, 822, 852, -1,
      823, 824, 853, -1,
      854, 855, 856, -1,
      811, 810, 857, -1,
      809, 808, 858, -1,
      858, 808, 397, -1,
      859, 814, 813, -1,
      856, 816, 815, -1,
      816, 856, 817, -1,
      817, 856, 855, -1,
      817, 855, 818, -1,
      402, 818, 828, -1,
      828, 818, 855, -1,
      828, 855, 827, -1,
      827, 855, 854, -1,
      827, 854, 826, -1,
      826, 854, 825, -1,
      397, 860, 858, -1,
      858, 860, 861, -1,
      858, 861, 862, -1,
      824, 825, 853, -1,
      853, 825, 854, -1,
      853, 854, 863, -1,
      863, 854, 856, -1,
      863, 856, 859, -1,
      859, 856, 815, -1,
      859, 815, 814, -1,
      861, 864, 862, -1,
      862, 864, 865, -1,
      862, 865, 866, -1,
      822, 823, 852, -1,
      852, 823, 853, -1,
      852, 853, 867, -1,
      867, 853, 863, -1,
      867, 863, 868, -1,
      868, 863, 859, -1,
      868, 859, 869, -1,
      869, 859, 813, -1,
      869, 813, 812, -1,
      865, 870, 866, -1,
      866, 870, 871, -1,
      866, 871, 872, -1,
      869, 873, 868, -1,
      868, 873, 874, -1,
      868, 874, 867, -1,
      867, 874, 875, -1,
      867, 875, 852, -1,
      852, 875, 876, -1,
      852, 876, 821, -1,
      851, 850, 877, -1,
      810, 809, 857, -1,
      857, 809, 858, -1,
      857, 858, 878, -1,
      878, 858, 862, -1,
      878, 862, 879, -1,
      879, 862, 866, -1,
      879, 866, 880, -1,
      880, 866, 872, -1,
      880, 872, 881, -1,
      881, 872, 849, -1,
      881, 849, 51, -1,
      51, 819, 876, -1,
      876, 819, 820, -1,
      876, 820, 821, -1,
      873, 882, 874, -1,
      874, 882, 883, -1,
      874, 883, 875, -1,
      875, 883, 884, -1,
      875, 884, 876, -1,
      876, 884, 51, -1,
      882, 877, 883, -1,
      883, 877, 850, -1,
      883, 850, 884, -1,
      884, 850, 51, -1,
      871, 885, 872, -1,
      872, 885, 886, -1,
      872, 886, 849, -1,
      849, 886, 887, -1,
      849, 887, 848, -1,
      812, 811, 869, -1,
      869, 811, 857, -1,
      869, 857, 873, -1,
      873, 857, 878, -1,
      873, 878, 882, -1,
      882, 878, 879, -1,
      882, 879, 877, -1,
      877, 879, 880, -1,
      877, 880, 851, -1,
      851, 880, 881, -1,
      851, 881, 51, -1,
      829, 53, 888, -1,
      889, 890, 891, -1,
      892, 893, 894, -1,
      895, 896, 897, -1,
      839, 404, 830, -1,
      841, 840, 898, -1,
      898, 840, 839, -1,
      843, 847, 896, -1,
      896, 847, 846, -1,
      896, 846, 897, -1,
      897, 846, 845, -1,
      897, 845, 844, -1,
      396, 843, 899, -1,
      899, 843, 896, -1,
      899, 896, 900, -1,
      900, 896, 895, -1,
      900, 895, 901, -1,
      901, 895, 902, -1,
      839, 830, 898, -1,
      898, 830, 831, -1,
      898, 831, 903, -1,
      893, 902, 894, -1,
      894, 902, 895, -1,
      894, 895, 904, -1,
      904, 895, 897, -1,
      904, 897, 905, -1,
      905, 897, 844, -1,
      831, 832, 903, -1,
      903, 832, 833, -1,
      903, 833, 906, -1,
      890, 892, 891, -1,
      891, 892, 894, -1,
      891, 894, 907, -1,
      907, 894, 904, -1,
      907, 904, 908, -1,
      908, 904, 905, -1,
      833, 834, 906, -1,
      906, 834, 835, -1,
      906, 835, 909, -1,
      908, 910, 907, -1,
      907, 910, 911, -1,
      907, 911, 891, -1,
      891, 911, 912, -1,
      891, 912, 889, -1,
      842, 841, 913, -1,
      913, 841, 898, -1,
      913, 898, 914, -1,
      914, 898, 903, -1,
      914, 903, 915, -1,
      915, 903, 906, -1,
      915, 906, 916, -1,
      916, 906, 909, -1,
      916, 909, 917, -1,
      917, 909, 888, -1,
      917, 888, 53, -1,
      53, 918, 912, -1,
      912, 918, 919, -1,
      912, 919, 889, -1,
      910, 920, 911, -1,
      911, 920, 921, -1,
      911, 921, 912, -1,
      912, 921, 53, -1,
      920, 922, 921, -1,
      921, 922, 53, -1,
      835, 836, 909, -1,
      909, 836, 837, -1,
      909, 837, 888, -1,
      888, 837, 838, -1,
      888, 838, 829, -1,
      844, 842, 905, -1,
      905, 842, 913, -1,
      905, 913, 908, -1,
      908, 913, 914, -1,
      908, 914, 910, -1,
      910, 914, 915, -1,
      910, 915, 920, -1,
      920, 915, 916, -1,
      920, 916, 922, -1,
      922, 916, 917, -1,
      922, 917, 53, -1,
      52, 51, 848, -1,
      53, 52, 918, -1,
      918, 52, 848, -1,
      918, 848, 919, -1,
      919, 848, 887, -1,
      919, 887, 889, -1,
      889, 887, 886, -1,
      889, 886, 890, -1,
      890, 886, 885, -1,
      890, 885, 892, -1,
      892, 885, 871, -1,
      892, 871, 893, -1,
      893, 871, 870, -1,
      893, 870, 902, -1,
      902, 870, 865, -1,
      902, 865, 901, -1,
      901, 865, 864, -1,
      901, 864, 900, -1,
      900, 864, 861, -1,
      900, 861, 899, -1,
      899, 861, 860, -1,
      899, 860, 396, -1,
      396, 860, 397, -1,
    ]
  }
}

Shape {
  appearance Appearance {
    material Material {
      diffuseColor 0.6471 0.6471 0.6471
      specularColor 0.3216 0.3216 0.3216
      ambientIntensity 0.2
      transparency 0.0000
      shininess 0.5
    }
  }
  geometry IndexedFaceSet {
    ccw TRUE
    solid FALSE
    coord DEF co Coordinate {
      point [
        -0.054834 0.205381 0.354331,
        -0.055434 0.213484 0.354331,
        -0.054834 0.219308 0.354331,
        -0.054128 0.226152 0.354331,
        -0.051946 0.193526 0.354331,
        -0.054670 0.203174 0.354331,
        0.002430 0.231631 0.354331,
        0.006821 0.235033 0.354331,
        -0.035929 0.238259 0.354331,
        0.025787 0.237377 0.354331,
        0.030497 0.235454 0.354331,
        0.034770 0.232360 0.354331,
        -0.040680 0.180799 0.354331,
        -0.044856 0.183574 0.354331,
        -0.048411 0.187351 0.354331,
        -0.002543 0.225434 0.354331,
        0.011800 0.237233 0.354331,
        0.017941 0.238233 0.354331,
        0.018985 0.238259 0.354331,
        -0.026856 0.178329 0.354331,
        -0.028858 0.178244 0.354331,
        -0.035757 0.179014 0.354331,
        -0.050333 0.238259 0.354331,
        -0.051841 0.235104 0.354331,
        -0.006100 0.192579 0.354331,
        -0.011820 0.185437 0.354331,
        0.028288 0.181844 0.354331,
        -0.016644 0.181663 0.354331,
        -0.021748 0.179328 0.354331,
        0.038438 0.228133 0.354331,
        0.041618 0.222599 0.354331,
        0.044331 0.214331 0.354331,
        0.045392 0.203450 0.354331,
        0.044924 0.192523 0.354331,
        0.042691 0.181844 0.354331,
        -0.008941 0.214196 0.354331,
        -0.040350 0.231064 0.354331,
        -0.016596 0.199914 0.354331,
        -0.043933 0.219406 0.354331,
        -0.016709 0.199740 0.354331,
        0.000306 0.204144 0.354331,
        0.032152 0.189286 0.354331,
        0.005153 0.213293 0.354331,
        0.034163 0.197700 0.354331,
        0.034589 0.204500 0.354331,
        0.023224 0.224755 0.354331,
        0.020279 0.225056 0.354331,
        0.033966 0.211368 0.354331,
        -0.044631 0.212021 0.354331,
        -0.044080 0.204874 0.354331,
        -0.042730 0.199879 0.354331,
        -0.040781 0.196349 0.354331,
        -0.038850 0.194300 0.354331,
        -0.036898 0.192996 0.354331,
        0.032318 0.216543 0.354331,
        0.030155 0.220228 0.354331,
        0.027956 0.222484 0.354331,
        0.016524 0.224623 0.354331,
        0.013809 0.223587 0.354331,
        0.011368 0.221923 0.354331,
        0.008721 0.218905 0.354331,
        -0.033828 0.191863 0.354331,
        -0.029946 0.191447 0.354331,
        -0.020233 0.195507 0.354331,
        -0.026389 0.191910 0.354331,
        -0.023574 0.193031 0.354331,
        0.025869 0.223843 0.354331,
        -0.038330 0.093022 0.354331,
        -0.049132 0.093022 0.354331,
        -0.053440 0.103513 0.354331,
        0.044579 0.104402 0.354331,
        0.041491 0.093022 0.354331,
        0.028288 0.093022 0.354331,
        0.033035 0.104108 0.354331,
        -0.039307 0.094786 0.354331,
        0.034589 0.116072 0.354331,
        0.033501 0.125763 0.354331,
        0.017087 0.161596 0.354331,
        0.026619 0.155949 0.354331,
        0.035292 0.147340 0.354331,
        -0.006071 0.153037 0.354331,
        -0.016711 0.152044 0.354331,
        -0.040854 0.134843 0.354331,
        -0.043550 0.127680 0.354331,
        -0.044631 0.118285 0.354331,
        -0.046213 0.149222 0.354331,
        -0.038774 0.156523 0.354331,
        -0.029649 0.161911 0.354331,
        -0.036730 0.140861 0.354331,
        -0.043181 0.105219 0.354331,
        -0.054834 0.126293 0.354331,
        -0.054324 0.131554 0.354331,
        -0.051121 0.141291 0.354331,
        0.030842 0.133130 0.354331,
        0.026285 0.139943 0.354331,
        0.019723 0.145886 0.354331,
        -0.025276 0.149329 0.354331,
        -0.032081 0.145246 0.354331,
        0.040943 0.138069 0.354331,
        0.044393 0.127118 0.354331,
        0.045392 0.116184 0.354331,
        0.012124 0.149944 0.354331,
        0.001587 0.152568 0.354331,
        -0.019179 0.165122 0.354331,
        -0.006878 0.166241 0.354331,
        0.005447 0.165159 0.354331,
        -0.054834 0.113346 0.354331,
        -0.055382 0.117213 0.354331,
        -0.055434 0.120104 0.354331,
        -0.054834 -0.078041 0.354331,
        -0.054678 -0.076595 0.354331,
        -0.052637 -0.070910 0.354331,
        -0.049349 -0.065948 0.354331,
        0.020446 -0.055596 0.354331,
        0.030362 -0.059760 0.354331,
        0.036541 -0.064256 0.354331,
        0.040750 -0.069175 0.354331,
        0.044644 -0.092964 0.354331,
        0.042645 -0.098723 0.354331,
        0.039405 -0.103685 0.354331,
        0.035084 -0.107729 0.354331,
        -0.044887 -0.061744 0.354331,
        -0.037232 -0.057296 0.354331,
        -0.024832 -0.053664 0.354331,
        -0.031120 -0.113537 0.354331,
        -0.040645 -0.109342 0.354331,
        0.043799 -0.075394 0.354331,
        0.045185 -0.081838 0.354331,
        0.045392 -0.085824 0.354331,
        -0.046811 -0.104701 0.354331,
        -0.050882 -0.099859 0.354331,
        -0.053635 -0.094399 0.354331,
        -0.007437 -0.052222 0.354331,
        -0.006934 -0.052215 0.354331,
        0.007293 -0.052985 0.354331,
        0.027948 -0.111795 0.354331,
        0.016005 -0.115330 0.354331,
        -0.001492 -0.116983 0.354331,
        -0.004608 -0.117032 0.354331,
        -0.018311 -0.116250 0.354331,
        -0.055434 -0.083611 0.354331,
        -0.055146 -0.088158 0.354331,
        -0.054834 -0.089447 0.354331,
        -0.055434 -0.210431 0.354331,
        -0.054972 -0.217652 0.354331,
        -0.054834 -0.218197 0.354331,
        0.042420 -0.199053 0.354331,
        0.037890 -0.191451 0.354331,
        0.027087 -0.191451 0.354331,
        -0.054834 -0.203845 0.354331,
        -0.054373 -0.198786 0.354331,
        -0.051647 -0.190319 0.354331,
        0.002181 -0.197452 0.354331,
        -0.037129 -0.187850 0.354331,
        -0.008622 -0.197452 0.354331,
        -0.041800 -0.195930 0.354331,
        -0.008622 -0.205611 0.354331,
        -0.033617 -0.244564 0.354331,
        -0.039248 -0.242447 0.354331,
        -0.044657 -0.238681 0.354331,
        -0.049261 -0.233355 0.354331,
        -0.052615 -0.226962 0.354331,
        -0.044155 -0.204251 0.354331,
        -0.044631 -0.210431 0.354331,
        -0.009298 -0.214920 0.354331,
        -0.044053 -0.216919 0.354331,
        -0.050333 -0.187850 0.354331,
        0.030875 -0.196914 0.354331,
        0.002181 -0.205198 0.354331,
        0.033707 -0.203846 0.354331,
        0.002797 -0.213266 0.354331,
        0.018591 -0.228650 0.354331,
        0.019023 -0.228661 0.354331,
        -0.006639 -0.234582 0.354331,
        -0.010305 -0.239252 0.354331,
        0.031916 -0.239737 0.354331,
        0.027273 -0.241339 0.354331,
        -0.026776 -0.232261 0.354331,
        -0.022333 -0.231809 0.354331,
        -0.018969 -0.230663 0.354331,
        -0.042496 -0.221963 0.354331,
        -0.040471 -0.225505 0.354331,
        -0.037785 -0.228433 0.354331,
        0.004264 -0.218800 0.354331,
        0.006365 -0.222739 0.354331,
        0.008554 -0.225181 0.354331,
        0.011069 -0.226912 0.354331,
        0.014126 -0.228069 0.354331,
        0.032041 -0.222303 0.354331,
        0.033543 -0.218831 0.354331,
        0.023073 -0.228309 0.354331,
        0.034521 -0.213129 0.354331,
        0.034589 -0.210750 0.354331,
        0.042652 -0.228285 0.354331,
        0.039713 -0.233225 0.354331,
        0.035902 -0.237180 0.354331,
        0.022080 -0.241864 0.354331,
        0.015833 -0.241241 0.354331,
        0.010744 -0.239551 0.354331,
        0.006516 -0.236901 0.354331,
        -0.002414 -0.221759 0.354331,
        -0.002658 -0.221759 0.354331,
        -0.001768 -0.223935 0.354331,
        -0.004153 -0.229030 0.354331,
        0.001489 -0.231084 0.354331,
        0.004737 -0.235285 0.354331,
        -0.014359 -0.242411 0.354331,
        -0.018760 -0.244391 0.354331,
        -0.016005 -0.228759 0.354331,
        -0.013542 -0.226142 0.354331,
        -0.011271 -0.222092 0.354331,
        0.030796 -0.224075 0.354331,
        0.026246 -0.227372 0.354331,
        0.028717 -0.226000 0.354331,
        -0.023680 -0.245371 0.354331,
        -0.026007 -0.245465 0.354331,
        -0.034895 -0.230418 0.354331,
        -0.031431 -0.231710 0.354331,
        0.044820 -0.207139 0.354331,
        0.045392 -0.214013 0.354331,
        0.044642 -0.221949 0.354331,
        -0.011022 0.076217 0.354331,
        -0.011022 0.039008 0.354331,
        -0.020625 0.076217 0.354331,
        -0.020625 0.039008 0.354331,
        0.044192 0.022204 0.354331,
        0.033389 0.022204 0.354331,
        -0.032788 0.003411 0.354331,
        0.044192 -0.039012 0.354331,
        -0.007598 -0.005599 0.354331,
        0.007598 -0.012381 0.354331,
        0.033389 -0.025809 0.354331,
        0.036690 -0.039012 0.354331,
        0.007053 -0.024112 0.354331,
        -0.019599 -0.013463 0.354331,
        -0.044134 -0.006695 0.354331,
        -0.054233 -0.005103 0.354331,
        -0.054233 0.008100 0.354331,
        -0.011022 -0.131436 0.354331,
        -0.011022 -0.168645 0.354331,
        -0.020625 -0.168645 0.354331,
        -0.020625 -0.131436 0.354331,
        -0.050333 -0.187850 0.350394,
        -0.037129 -0.187850 0.350394,
        -0.044631 -0.210431 0.350394,
        -0.044155 -0.204251 0.350394,
        -0.041800 -0.195930 0.350394,
        -0.026776 -0.232261 0.350394,
        -0.031431 -0.231710 0.350394,
        -0.034895 -0.230418 0.350394,
        -0.037785 -0.228433 0.350394,
        -0.040471 -0.225505 0.350394,
        -0.042496 -0.221963 0.350394,
        -0.044053 -0.216919 0.350394,
        -0.008622 -0.205611 0.350394,
        -0.009298 -0.214920 0.350394,
        -0.011271 -0.222092 0.350394,
        -0.013542 -0.226142 0.350394,
        -0.016005 -0.228759 0.350394,
        -0.018969 -0.230663 0.350394,
        -0.022333 -0.231809 0.350394,
        -0.008622 -0.197452 0.350394,
        0.002181 -0.197452 0.350394,
        0.002181 -0.205198 0.350394,
        0.019023 -0.228661 0.350394,
        0.018591 -0.228650 0.350394,
        0.014126 -0.228069 0.350394,
        0.011069 -0.226912 0.350394,
        0.008554 -0.225181 0.350394,
        0.006365 -0.222739 0.350394,
        0.004264 -0.218800 0.350394,
        0.002797 -0.213266 0.350394,
        0.034589 -0.210750 0.350394,
        0.034521 -0.213129 0.350394,
        0.033543 -0.218831 0.350394,
        0.032041 -0.222303 0.350394,
        0.030796 -0.224075 0.350394,
        0.028717 -0.226000 0.350394,
        0.026246 -0.227372 0.350394,
        0.023073 -0.228309 0.350394,
        0.027087 -0.191451 0.350394,
        0.030875 -0.196914 0.350394,
        0.033707 -0.203846 0.350394,
        0.037890 -0.191451 0.350394,
        0.045392 -0.214013 0.350394,
        0.044820 -0.207139 0.350394,
        0.042420 -0.199053 0.350394,
        0.022080 -0.241864 0.350394,
        0.027273 -0.241339 0.350394,
        0.031916 -0.239737 0.350394,
        0.035902 -0.237180 0.350394,
        0.039713 -0.233225 0.350394,
        0.042652 -0.228285 0.350394,
        0.044642 -0.221949 0.350394,
        -0.002414 -0.221759 0.350394,
        -0.001768 -0.223935 0.350394,
        0.001489 -0.231084 0.350394,
        0.004737 -0.235285 0.350394,
        0.006516 -0.236901 0.350394,
        0.010744 -0.239551 0.350394,
        0.015833 -0.241241 0.350394,
        -0.002658 -0.221759 0.350394,
        -0.026007 -0.245465 0.350394,
        -0.023680 -0.245371 0.350394,
        -0.018760 -0.244391 0.350394,
        -0.014359 -0.242411 0.350394,
        -0.010305 -0.239252 0.350394,
        -0.006639 -0.234582 0.350394,
        -0.004153 -0.229030 0.350394,
        -0.055434 -0.210431 0.350394,
        -0.054972 -0.217652 0.350394,
        -0.052615 -0.226962 0.350394,
        -0.049261 -0.233355 0.350394,
        -0.044657 -0.238681 0.350394,
        -0.039248 -0.242447 0.350394,
        -0.033617 -0.244564 0.350394,
        -0.054373 -0.198786 0.350394,
        -0.051647 -0.190319 0.350394,
        -0.011022 -0.168645 0.350394,
        -0.020625 -0.168645 0.350394,
        -0.020625 -0.131436 0.350394,
        -0.011022 -0.131436 0.350394,
        -0.055434 -0.083611 0.350394,
        -0.054678 -0.076595 0.350394,
        -0.052637 -0.070910 0.350394,
        -0.049349 -0.065948 0.350394,
        -0.044887 -0.061744 0.350394,
        -0.037232 -0.057296 0.350394,
        -0.024832 -0.053664 0.350394,
        -0.007437 -0.052222 0.350394,
        -0.006934 -0.052215 0.350394,
        0.045392 -0.085824 0.350394,
        0.045185 -0.081838 0.350394,
        0.043799 -0.075394 0.350394,
        0.040750 -0.069175 0.350394,
        0.036541 -0.064256 0.350394,
        0.030362 -0.059760 0.350394,
        0.020446 -0.055596 0.350394,
        0.007293 -0.052985 0.350394,
        -0.004608 -0.117032 0.350394,
        -0.001492 -0.116983 0.350394,
        0.016005 -0.115330 0.350394,
        0.027948 -0.111795 0.350394,
        0.035084 -0.107729 0.350394,
        0.039405 -0.103685 0.350394,
        0.042645 -0.098723 0.350394,
        0.044644 -0.092964 0.350394,
        -0.055146 -0.088158 0.350394,
        -0.053635 -0.094399 0.350394,
        -0.050882 -0.099859 0.350394,
        -0.046811 -0.104701 0.350394,
        -0.040645 -0.109342 0.350394,
        -0.031120 -0.113537 0.350394,
        -0.018311 -0.116250 0.350394,
        -0.044171 -0.088727 0.350394,
        0.030893 -0.075065 0.350394,
        -0.042990 -0.091782 0.350394,
        -0.041073 -0.094550 0.350394,
        -0.038019 -0.097251 0.350394,
        -0.032878 -0.099967 0.350394,
        -0.022906 -0.102599 0.350394,
        0.027700 -0.072287 0.350394,
        0.022056 -0.069344 0.350394,
        0.011100 -0.066581 0.350394,
        -0.006334 -0.065419 0.350394,
        0.032882 -0.077915 0.350394,
        0.034095 -0.081037 0.350394,
        0.034589 -0.085149 0.350394,
        0.034525 -0.086584 0.350394,
        0.033913 -0.089637 0.350394,
        0.032481 -0.092721 0.350394,
        0.030435 -0.095210 0.350394,
        0.026619 -0.098075 0.350394,
        0.021135 -0.100492 0.350394,
        0.009294 -0.103026 0.350394,
        -0.005696 -0.103829 0.350394,
        -0.044631 -0.084774 0.350394,
        -0.044579 -0.083546 0.350394,
        -0.043983 -0.080070 0.350394,
        -0.042481 -0.076691 0.350394,
        -0.040328 -0.073966 0.350394,
        -0.036644 -0.071143 0.350394,
        -0.031551 -0.068767 0.350394,
        -0.020291 -0.066207 0.350394,
        -0.006334 -0.065419 0.354331,
        0.011100 -0.066581 0.354331,
        0.022056 -0.069344 0.354331,
        0.027700 -0.072287 0.354331,
        0.030893 -0.075065 0.354331,
        0.032882 -0.077915 0.354331,
        0.034095 -0.081037 0.354331,
        0.034589 -0.085149 0.354331,
        0.034525 -0.086584 0.354331,
        0.033913 -0.089637 0.354331,
        0.032481 -0.092721 0.354331,
        0.030435 -0.095210 0.354331,
        0.026619 -0.098075 0.354331,
        0.021135 -0.100492 0.354331,
        0.009294 -0.103026 0.354331,
        -0.005696 -0.103829 0.354331,
        -0.022906 -0.102599 0.354331,
        -0.032878 -0.099967 0.354331,
        -0.038019 -0.097251 0.354331,
        -0.041073 -0.094550 0.354331,
        -0.042990 -0.091782 0.354331,
        -0.044171 -0.088727 0.354331,
        -0.044631 -0.084774 0.354331,
        -0.044579 -0.083546 0.354331,
        -0.043983 -0.080070 0.354331,
        -0.042481 -0.076691 0.354331,
        -0.040328 -0.073966 0.354331,
        -0.036644 -0.071143 0.354331,
        -0.031551 -0.068767 0.354331,
        -0.020291 -0.066207 0.354331,
        0.044192 -0.039012 0.350394,
        0.036690 -0.039012 0.350394,
        -0.054233 -0.005103 0.350394,
        -0.044134 -0.006695 0.350394,
        -0.019599 -0.013463 0.350394,
        0.007053 -0.024112 0.350394,
        -0.054233 0.008100 0.350394,
        0.033389 -0.025809 0.350394,
        0.007598 -0.012381 0.350394,
        -0.007598 -0.005599 0.350394,
        -0.032788 0.003411 0.350394,
        0.033389 0.022204 0.350394,
        0.044192 0.022204 0.350394,
        -0.011022 0.039008 0.350394,
        -0.020625 0.039008 0.350394,
        -0.020625 0.076217 0.350394,
        -0.011022 0.076217 0.350394,
        -0.038330 0.093022 0.350394,
        -0.049132 0.093022 0.350394,
        -0.053440 0.103513 0.350394,
        -0.055434 0.120104 0.350394,
        -0.055382 0.117213 0.350394,
        -0.054324 0.131554 0.350394,
        -0.051121 0.141291 0.350394,
        -0.046213 0.149222 0.350394,
        -0.038774 0.156523 0.350394,
        -0.029649 0.161911 0.350394,
        -0.019179 0.165122 0.350394,
        -0.006878 0.166241 0.350394,
        0.045392 0.116184 0.350394,
        0.044393 0.127118 0.350394,
        0.040943 0.138069 0.350394,
        0.035292 0.147340 0.350394,
        0.026619 0.155949 0.350394,
        0.017087 0.161596 0.350394,
        0.005447 0.165159 0.350394,
        0.041491 0.093022 0.350394,
        0.044579 0.104402 0.350394,
        0.028288 0.093022 0.350394,
        0.034589 0.116072 0.350394,
        0.033035 0.104108 0.350394,
        -0.006071 0.153037 0.350394,
        0.001587 0.152568 0.350394,
        0.012124 0.149944 0.350394,
        0.019723 0.145886 0.350394,
        0.026285 0.139943 0.350394,
        0.030842 0.133130 0.350394,
        0.033501 0.125763 0.350394,
        -0.044631 0.118285 0.350394,
        -0.043550 0.127680 0.350394,
        -0.040854 0.134843 0.350394,
        -0.036730 0.140861 0.350394,
        -0.032081 0.145246 0.350394,
        -0.025276 0.149329 0.350394,
        -0.016711 0.152044 0.350394,
        -0.039307 0.094786 0.350394,
        -0.043181 0.105219 0.350394,
        -0.050333 0.238259 0.350394,
        -0.035929 0.238259 0.350394,
        -0.044631 0.212021 0.350394,
        -0.043933 0.219406 0.350394,
        -0.040350 0.231064 0.350394,
        -0.029946 0.191447 0.350394,
        -0.033828 0.191863 0.350394,
        -0.036898 0.192996 0.350394,
        -0.038850 0.194300 0.350394,
        -0.040781 0.196349 0.350394,
        -0.042730 0.199879 0.350394,
        -0.044080 0.204874 0.350394,
        -0.008941 0.214196 0.350394,
        -0.016596 0.199914 0.350394,
        -0.016709 0.199740 0.350394,
        -0.020233 0.195507 0.350394,
        -0.023574 0.193031 0.350394,
        -0.026389 0.191910 0.350394,
        0.018985 0.238259 0.350394,
        0.017941 0.238233 0.350394,
        0.011800 0.237233 0.350394,
        0.006821 0.235033 0.350394,
        0.002430 0.231631 0.350394,
        -0.002543 0.225434 0.350394,
        0.045392 0.203450 0.350394,
        0.044331 0.214331 0.350394,
        0.041618 0.222599 0.350394,
        0.038438 0.228133 0.350394,
        0.034770 0.232360 0.350394,
        0.030497 0.235454 0.350394,
        0.025787 0.237377 0.350394,
        0.042691 0.181844 0.350394,
        0.044924 0.192523 0.350394,
        0.028288 0.181844 0.350394,
        0.034589 0.204500 0.350394,
        0.034163 0.197700 0.350394,
        0.032152 0.189286 0.350394,
        0.020279 0.225056 0.350394,
        0.023224 0.224755 0.350394,
        0.025869 0.223843 0.350394,
        0.027956 0.222484 0.350394,
        0.030155 0.220228 0.350394,
        0.032318 0.216543 0.350394,
        0.033966 0.211368 0.350394,
        0.000306 0.204144 0.350394,
        0.005153 0.213293 0.350394,
        0.008721 0.218905 0.350394,
        0.011368 0.221923 0.350394,
        0.013809 0.223587 0.350394,
        0.016524 0.224623 0.350394,
        -0.028858 0.178244 0.350394,
        -0.026856 0.178329 0.350394,
        -0.021748 0.179328 0.350394,
        -0.016644 0.181663 0.350394,
        -0.011820 0.185437 0.350394,
        -0.006100 0.192579 0.350394,
        -0.055434 0.213484 0.350394,
        -0.054670 0.203174 0.350394,
        -0.051946 0.193526 0.350394,
        -0.048411 0.187351 0.350394,
        -0.044856 0.183574 0.350394,
        -0.040680 0.180799 0.350394,
        -0.035757 0.179014 0.350394,
        -0.051841 0.235104 0.350394,
        -0.054128 0.226152 0.350394,
      ]
    }
    coordIndex [
      242, 243, 166, -1,
      166, 243, 153, -1,
      244, 163, 162, -1,
      244, 162, 245, -1,
      245, 162, 155, -1,
      245, 155, 246, -1,
      246, 155, 153, -1,
      246, 153, 243, -1,
      247, 177, 217, -1,
      247, 217, 248, -1,
      248, 217, 216, -1,
      248, 216, 249, -1,
      249, 216, 182, -1,
      249, 182, 250, -1,
      250, 182, 181, -1,
      250, 181, 251, -1,
      251, 181, 180, -1,
      251, 180, 252, -1,
      252, 180, 165, -1,
      252, 165, 253, -1,
      253, 165, 163, -1,
      253, 163, 244, -1,
      254, 156, 164, -1,
      254, 164, 255, -1,
      255, 164, 210, -1,
      255, 210, 256, -1,
      256, 210, 209, -1,
      256, 209, 257, -1,
      257, 209, 208, -1,
      257, 208, 258, -1,
      258, 208, 179, -1,
      258, 179, 259, -1,
      259, 179, 178, -1,
      259, 178, 260, -1,
      260, 178, 177, -1,
      260, 177, 247, -1,
      254, 261, 156, -1,
      156, 261, 154, -1,
      261, 262, 154, -1,
      154, 262, 152, -1,
      262, 263, 152, -1,
      152, 263, 168, -1,
      264, 172, 171, -1,
      264, 171, 265, -1,
      265, 171, 187, -1,
      265, 187, 266, -1,
      266, 187, 186, -1,
      266, 186, 267, -1,
      267, 186, 185, -1,
      267, 185, 268, -1,
      268, 185, 184, -1,
      268, 184, 269, -1,
      269, 184, 183, -1,
      269, 183, 270, -1,
      270, 183, 170, -1,
      270, 170, 271, -1,
      271, 170, 168, -1,
      271, 168, 263, -1,
      272, 192, 191, -1,
      272, 191, 273, -1,
      273, 191, 189, -1,
      273, 189, 274, -1,
      274, 189, 188, -1,
      274, 188, 275, -1,
      275, 188, 211, -1,
      275, 211, 276, -1,
      276, 211, 213, -1,
      276, 213, 277, -1,
      277, 213, 212, -1,
      277, 212, 278, -1,
      278, 212, 190, -1,
      278, 190, 279, -1,
      279, 190, 172, -1,
      279, 172, 264, -1,
      280, 148, 167, -1,
      280, 167, 281, -1,
      281, 167, 169, -1,
      281, 169, 282, -1,
      282, 169, 192, -1,
      282, 192, 272, -1,
      280, 283, 148, -1,
      148, 283, 147, -1,
      284, 219, 218, -1,
      284, 218, 285, -1,
      285, 218, 146, -1,
      285, 146, 286, -1,
      286, 146, 147, -1,
      286, 147, 283, -1,
      287, 196, 176, -1,
      287, 176, 288, -1,
      288, 176, 175, -1,
      288, 175, 289, -1,
      289, 175, 195, -1,
      289, 195, 290, -1,
      290, 195, 194, -1,
      290, 194, 291, -1,
      291, 194, 193, -1,
      291, 193, 292, -1,
      292, 193, 220, -1,
      292, 220, 293, -1,
      293, 220, 219, -1,
      293, 219, 284, -1,
      294, 200, 202, -1,
      294, 202, 295, -1,
      295, 202, 204, -1,
      295, 204, 296, -1,
      296, 204, 205, -1,
      296, 205, 297, -1,
      297, 205, 199, -1,
      297, 199, 298, -1,
      298, 199, 198, -1,
      298, 198, 299, -1,
      299, 198, 197, -1,
      299, 197, 300, -1,
      300, 197, 196, -1,
      300, 196, 287, -1,
      294, 301, 200, -1,
      200, 301, 201, -1,
      302, 215, 214, -1,
      302, 214, 303, -1,
      303, 214, 207, -1,
      303, 207, 304, -1,
      304, 207, 206, -1,
      304, 206, 305, -1,
      305, 206, 174, -1,
      305, 174, 306, -1,
      306, 174, 173, -1,
      306, 173, 307, -1,
      307, 173, 203, -1,
      307, 203, 308, -1,
      308, 203, 201, -1,
      308, 201, 301, -1,
      309, 143, 144, -1,
      309, 144, 310, -1,
      310, 144, 145, -1,
      310, 145, 311, -1,
      145, 161, 311, -1,
      311, 161, 160, -1,
      311, 160, 312, -1,
      312, 160, 159, -1,
      312, 159, 313, -1,
      313, 159, 158, -1,
      313, 158, 314, -1,
      314, 158, 157, -1,
      314, 157, 315, -1,
      315, 157, 215, -1,
      315, 215, 302, -1,
      143, 309, 149, -1,
      149, 309, 316, -1,
      149, 316, 150, -1,
      150, 316, 317, -1,
      150, 317, 151, -1,
      151, 317, 242, -1,
      151, 242, 166, -1,
      262, 261, 263, -1,
      263, 261, 254, -1,
      263, 254, 271, -1,
      271, 254, 255, -1,
      243, 242, 246, -1,
      246, 242, 317, -1,
      246, 317, 245, -1,
      245, 317, 316, -1,
      245, 316, 244, -1,
      244, 316, 309, -1,
      244, 309, 253, -1,
      253, 309, 310, -1,
      253, 310, 252, -1,
      252, 310, 311, -1,
      252, 311, 251, -1,
      251, 311, 312, -1,
      251, 312, 250, -1,
      250, 312, 313, -1,
      250, 313, 249, -1,
      249, 313, 314, -1,
      249, 314, 248, -1,
      248, 314, 315, -1,
      248, 315, 247, -1,
      315, 302, 247, -1,
      247, 302, 303, -1,
      247, 303, 260, -1,
      260, 303, 304, -1,
      260, 304, 259, -1,
      259, 304, 305, -1,
      259, 305, 258, -1,
      258, 305, 306, -1,
      258, 306, 257, -1,
      257, 306, 307, -1,
      257, 307, 256, -1,
      256, 307, 308, -1,
      256, 308, 255, -1,
      255, 308, 301, -1,
      255, 301, 271, -1,
      271, 301, 294, -1,
      271, 294, 270, -1,
      270, 294, 295, -1,
      270, 295, 269, -1,
      269, 295, 296, -1,
      269, 296, 268, -1,
      268, 296, 297, -1,
      268, 297, 267, -1,
      267, 297, 298, -1,
      267, 298, 266, -1,
      266, 298, 299, -1,
      266, 299, 265, -1,
      265, 299, 300, -1,
      265, 300, 264, -1,
      264, 300, 287, -1,
      264, 287, 279, -1,
      279, 287, 288, -1,
      279, 288, 278, -1,
      278, 288, 289, -1,
      278, 289, 277, -1,
      277, 289, 290, -1,
      277, 290, 276, -1,
      276, 290, 291, -1,
      276, 291, 275, -1,
      275, 291, 292, -1,
      275, 292, 274, -1,
      274, 292, 293, -1,
      274, 293, 273, -1,
      273, 293, 284, -1,
      273, 284, 272, -1,
      272, 284, 285, -1,
      272, 285, 282, -1,
      282, 285, 286, -1,
      282, 286, 281, -1,
      281, 286, 283, -1,
      281, 283, 280, -1,
      318, 319, 239, -1,
      239, 319, 240, -1,
      319, 320, 240, -1,
      240, 320, 241, -1,
      320, 321, 241, -1,
      241, 321, 238, -1,
      321, 318, 238, -1,
      238, 318, 239, -1,
      321, 320, 318, -1,
      318, 320, 319, -1,
      140, 322, 109, -1,
      109, 322, 323, -1,
      109, 323, 110, -1,
      110, 323, 324, -1,
      110, 324, 111, -1,
      111, 324, 325, -1,
      111, 325, 112, -1,
      112, 325, 326, -1,
      112, 326, 121, -1,
      121, 326, 327, -1,
      121, 327, 122, -1,
      122, 327, 328, -1,
      122, 328, 123, -1,
      123, 328, 329, -1,
      123, 329, 132, -1,
      132, 329, 330, -1,
      132, 330, 133, -1,
      331, 128, 127, -1,
      331, 127, 332, -1,
      332, 127, 126, -1,
      332, 126, 333, -1,
      333, 126, 116, -1,
      333, 116, 334, -1,
      334, 116, 115, -1,
      334, 115, 335, -1,
      335, 115, 114, -1,
      335, 114, 336, -1,
      336, 114, 113, -1,
      336, 113, 337, -1,
      337, 113, 134, -1,
      337, 134, 338, -1,
      338, 134, 133, -1,
      338, 133, 330, -1,
      339, 138, 137, -1,
      339, 137, 340, -1,
      340, 137, 136, -1,
      340, 136, 341, -1,
      341, 136, 135, -1,
      341, 135, 342, -1,
      342, 135, 120, -1,
      342, 120, 343, -1,
      343, 120, 119, -1,
      343, 119, 344, -1,
      344, 119, 118, -1,
      344, 118, 345, -1,
      345, 118, 117, -1,
      345, 117, 346, -1,
      346, 117, 128, -1,
      346, 128, 331, -1,
      322, 140, 141, -1,
      322, 141, 347, -1,
      347, 141, 142, -1,
      347, 142, 348, -1,
      142, 131, 348, -1,
      348, 131, 130, -1,
      348, 130, 349, -1,
      349, 130, 129, -1,
      349, 129, 350, -1,
      350, 129, 125, -1,
      350, 125, 351, -1,
      351, 125, 124, -1,
      351, 124, 352, -1,
      352, 124, 139, -1,
      352, 139, 353, -1,
      353, 139, 138, -1,
      353, 138, 339, -1,
      322, 347, 354, -1,
      333, 334, 355, -1,
      354, 347, 356, -1,
      356, 347, 348, -1,
      356, 348, 357, -1,
      357, 348, 349, -1,
      357, 349, 358, -1,
      358, 349, 350, -1,
      358, 350, 359, -1,
      359, 350, 351, -1,
      359, 351, 360, -1,
      355, 334, 361, -1,
      361, 334, 335, -1,
      361, 335, 362, -1,
      335, 336, 362, -1,
      362, 336, 337, -1,
      362, 337, 363, -1,
      363, 337, 338, -1,
      363, 338, 364, -1,
      355, 365, 333, -1,
      333, 365, 366, -1,
      333, 366, 332, -1,
      332, 366, 367, -1,
      332, 367, 331, -1,
      331, 367, 368, -1,
      331, 368, 346, -1,
      346, 368, 369, -1,
      346, 369, 345, -1,
      345, 369, 370, -1,
      345, 370, 344, -1,
      344, 370, 371, -1,
      344, 371, 343, -1,
      343, 371, 372, -1,
      343, 372, 342, -1,
      342, 372, 373, -1,
      342, 373, 341, -1,
      341, 373, 374, -1,
      341, 374, 340, -1,
      340, 374, 375, -1,
      351, 352, 360, -1,
      360, 352, 353, -1,
      360, 353, 375, -1,
      375, 353, 339, -1,
      375, 339, 340, -1,
      354, 376, 322, -1,
      322, 376, 377, -1,
      322, 377, 323, -1,
      323, 377, 378, -1,
      323, 378, 324, -1,
      324, 378, 379, -1,
      324, 379, 325, -1,
      325, 379, 380, -1,
      325, 380, 326, -1,
      326, 380, 381, -1,
      326, 381, 327, -1,
      327, 381, 382, -1,
      327, 382, 328, -1,
      328, 382, 383, -1,
      328, 383, 329, -1,
      329, 383, 364, -1,
      329, 364, 330, -1,
      330, 364, 338, -1,
      364, 384, 385, -1,
      364, 385, 363, -1,
      363, 385, 386, -1,
      363, 386, 362, -1,
      362, 386, 387, -1,
      362, 387, 361, -1,
      361, 387, 388, -1,
      361, 388, 355, -1,
      355, 388, 389, -1,
      355, 389, 365, -1,
      365, 389, 390, -1,
      365, 390, 366, -1,
      366, 390, 391, -1,
      366, 391, 367, -1,
      367, 391, 392, -1,
      367, 392, 368, -1,
      368, 392, 393, -1,
      368, 393, 369, -1,
      369, 393, 394, -1,
      369, 394, 370, -1,
      370, 394, 395, -1,
      370, 395, 371, -1,
      371, 395, 396, -1,
      371, 396, 372, -1,
      372, 396, 397, -1,
      372, 397, 373, -1,
      373, 397, 398, -1,
      373, 398, 374, -1,
      374, 398, 399, -1,
      374, 399, 375, -1,
      375, 399, 400, -1,
      375, 400, 360, -1,
      360, 400, 401, -1,
      360, 401, 359, -1,
      359, 401, 402, -1,
      359, 402, 358, -1,
      358, 402, 403, -1,
      358, 403, 357, -1,
      357, 403, 404, -1,
      357, 404, 356, -1,
      356, 404, 405, -1,
      356, 405, 354, -1,
      354, 405, 406, -1,
      354, 406, 376, -1,
      376, 406, 407, -1,
      376, 407, 377, -1,
      377, 407, 408, -1,
      377, 408, 378, -1,
      378, 408, 409, -1,
      378, 409, 379, -1,
      379, 409, 410, -1,
      379, 410, 380, -1,
      380, 410, 411, -1,
      380, 411, 381, -1,
      381, 411, 412, -1,
      381, 412, 382, -1,
      382, 412, 413, -1,
      382, 413, 383, -1,
      383, 413, 384, -1,
      383, 384, 364, -1,
      414, 415, 228, -1,
      228, 415, 232, -1,
      416, 236, 235, -1,
      416, 235, 417, -1,
      417, 235, 234, -1,
      417, 234, 418, -1,
      418, 234, 233, -1,
      418, 233, 419, -1,
      419, 233, 232, -1,
      419, 232, 415, -1,
      416, 420, 236, -1,
      236, 420, 237, -1,
      421, 231, 230, -1,
      421, 230, 422, -1,
      422, 230, 229, -1,
      422, 229, 423, -1,
      423, 229, 227, -1,
      423, 227, 424, -1,
      424, 227, 237, -1,
      424, 237, 420, -1,
      421, 425, 231, -1,
      231, 425, 226, -1,
      425, 426, 226, -1,
      226, 426, 225, -1,
      426, 414, 225, -1,
      225, 414, 228, -1,
      426, 425, 414, -1,
      414, 425, 421, -1,
      420, 416, 424, -1,
      424, 416, 417, -1,
      424, 417, 423, -1,
      423, 417, 418, -1,
      423, 418, 422, -1,
      422, 418, 419, -1,
      422, 419, 421, -1,
      421, 419, 415, -1,
      421, 415, 414, -1,
      427, 428, 222, -1,
      222, 428, 224, -1,
      428, 429, 224, -1,
      224, 429, 223, -1,
      429, 430, 223, -1,
      223, 430, 221, -1,
      430, 427, 221, -1,
      221, 427, 222, -1,
      430, 429, 427, -1,
      427, 429, 428, -1,
      431, 432, 67, -1,
      67, 432, 68, -1,
      68, 432, 433, -1,
      434, 108, 107, -1,
      434, 107, 435, -1,
      435, 107, 106, -1,
      435, 106, 433, -1,
      433, 106, 69, -1,
      433, 69, 68, -1,
      108, 434, 90, -1,
      90, 434, 436, -1,
      90, 436, 91, -1,
      91, 436, 437, -1,
      91, 437, 92, -1,
      92, 437, 438, -1,
      92, 438, 85, -1,
      85, 438, 439, -1,
      85, 439, 86, -1,
      86, 439, 440, -1,
      86, 440, 87, -1,
      87, 440, 441, -1,
      87, 441, 103, -1,
      103, 441, 442, -1,
      103, 442, 104, -1,
      443, 100, 99, -1,
      443, 99, 444, -1,
      444, 99, 98, -1,
      444, 98, 445, -1,
      445, 98, 79, -1,
      445, 79, 446, -1,
      446, 79, 78, -1,
      446, 78, 447, -1,
      447, 78, 77, -1,
      447, 77, 448, -1,
      448, 77, 105, -1,
      448, 105, 449, -1,
      449, 105, 104, -1,
      449, 104, 442, -1,
      450, 71, 70, -1,
      450, 70, 451, -1,
      451, 70, 100, -1,
      451, 100, 443, -1,
      450, 452, 71, -1,
      71, 452, 72, -1,
      453, 75, 73, -1,
      453, 73, 454, -1,
      454, 73, 72, -1,
      454, 72, 452, -1,
      455, 80, 102, -1,
      455, 102, 456, -1,
      456, 102, 101, -1,
      456, 101, 457, -1,
      457, 101, 95, -1,
      457, 95, 458, -1,
      458, 95, 94, -1,
      458, 94, 459, -1,
      459, 94, 93, -1,
      459, 93, 460, -1,
      460, 93, 76, -1,
      460, 76, 461, -1,
      461, 76, 75, -1,
      461, 75, 453, -1,
      462, 84, 83, -1,
      462, 83, 463, -1,
      463, 83, 82, -1,
      463, 82, 464, -1,
      464, 82, 88, -1,
      464, 88, 465, -1,
      465, 88, 97, -1,
      465, 97, 466, -1,
      466, 97, 96, -1,
      466, 96, 467, -1,
      467, 96, 81, -1,
      467, 81, 468, -1,
      468, 81, 80, -1,
      468, 80, 455, -1,
      431, 67, 74, -1,
      431, 74, 469, -1,
      469, 74, 89, -1,
      469, 89, 470, -1,
      470, 89, 84, -1,
      470, 84, 462, -1,
      463, 434, 462, -1,
      462, 434, 435, -1,
      462, 435, 470, -1,
      470, 435, 433, -1,
      470, 433, 469, -1,
      469, 433, 432, -1,
      469, 432, 431, -1,
      452, 450, 454, -1,
      454, 450, 451, -1,
      454, 451, 453, -1,
      453, 451, 443, -1,
      453, 443, 461, -1,
      461, 443, 444, -1,
      461, 444, 460, -1,
      460, 444, 445, -1,
      460, 445, 459, -1,
      459, 445, 446, -1,
      459, 446, 458, -1,
      458, 446, 447, -1,
      458, 447, 457, -1,
      457, 447, 448, -1,
      457, 448, 456, -1,
      456, 448, 449, -1,
      456, 449, 455, -1,
      455, 449, 442, -1,
      455, 442, 468, -1,
      468, 442, 441, -1,
      468, 441, 467, -1,
      467, 441, 440, -1,
      467, 440, 466, -1,
      466, 440, 439, -1,
      466, 439, 465, -1,
      465, 439, 438, -1,
      465, 438, 464, -1,
      464, 438, 437, -1,
      464, 437, 463, -1,
      463, 437, 436, -1,
      463, 436, 434, -1,
      471, 472, 22, -1,
      22, 472, 8, -1,
      473, 48, 38, -1,
      473, 38, 474, -1,
      474, 38, 36, -1,
      474, 36, 475, -1,
      475, 36, 8, -1,
      475, 8, 472, -1,
      476, 62, 61, -1,
      476, 61, 477, -1,
      477, 61, 53, -1,
      477, 53, 478, -1,
      478, 53, 52, -1,
      478, 52, 479, -1,
      479, 52, 51, -1,
      479, 51, 480, -1,
      480, 51, 50, -1,
      480, 50, 481, -1,
      481, 50, 49, -1,
      481, 49, 482, -1,
      482, 49, 48, -1,
      482, 48, 473, -1,
      483, 35, 37, -1,
      483, 37, 484, -1,
      484, 37, 39, -1,
      484, 39, 485, -1,
      485, 39, 63, -1,
      485, 63, 486, -1,
      486, 63, 65, -1,
      486, 65, 487, -1,
      487, 65, 64, -1,
      487, 64, 488, -1,
      488, 64, 62, -1,
      488, 62, 476, -1,
      489, 18, 17, -1,
      489, 17, 490, -1,
      490, 17, 16, -1,
      490, 16, 491, -1,
      491, 16, 7, -1,
      491, 7, 492, -1,
      492, 7, 6, -1,
      492, 6, 493, -1,
      493, 6, 15, -1,
      493, 15, 494, -1,
      494, 15, 35, -1,
      494, 35, 483, -1,
      495, 32, 31, -1,
      495, 31, 496, -1,
      496, 31, 30, -1,
      496, 30, 497, -1,
      497, 30, 29, -1,
      497, 29, 498, -1,
      498, 29, 11, -1,
      498, 11, 499, -1,
      499, 11, 10, -1,
      499, 10, 500, -1,
      500, 10, 9, -1,
      500, 9, 501, -1,
      501, 9, 18, -1,
      501, 18, 489, -1,
      502, 34, 33, -1,
      502, 33, 503, -1,
      503, 33, 32, -1,
      503, 32, 495, -1,
      502, 504, 34, -1,
      34, 504, 26, -1,
      505, 44, 43, -1,
      505, 43, 506, -1,
      506, 43, 41, -1,
      506, 41, 507, -1,
      507, 41, 26, -1,
      507, 26, 504, -1,
      508, 46, 45, -1,
      508, 45, 509, -1,
      509, 45, 66, -1,
      509, 66, 510, -1,
      510, 66, 56, -1,
      510, 56, 511, -1,
      511, 56, 55, -1,
      511, 55, 512, -1,
      512, 55, 54, -1,
      512, 54, 513, -1,
      513, 54, 47, -1,
      513, 47, 514, -1,
      514, 47, 44, -1,
      514, 44, 505, -1,
      515, 40, 42, -1,
      515, 42, 516, -1,
      516, 42, 60, -1,
      516, 60, 517, -1,
      517, 60, 59, -1,
      517, 59, 518, -1,
      518, 59, 58, -1,
      518, 58, 519, -1,
      519, 58, 57, -1,
      519, 57, 520, -1,
      520, 57, 46, -1,
      520, 46, 508, -1,
      521, 20, 19, -1,
      521, 19, 522, -1,
      522, 19, 28, -1,
      522, 28, 523, -1,
      523, 28, 27, -1,
      523, 27, 524, -1,
      524, 27, 25, -1,
      524, 25, 525, -1,
      525, 25, 24, -1,
      525, 24, 526, -1,
      526, 24, 40, -1,
      526, 40, 515, -1,
      1, 0, 527, -1,
      527, 0, 528, -1,
      0, 5, 528, -1,
      528, 5, 4, -1,
      528, 4, 529, -1,
      529, 4, 14, -1,
      529, 14, 530, -1,
      530, 14, 13, -1,
      530, 13, 531, -1,
      531, 13, 12, -1,
      531, 12, 532, -1,
      532, 12, 21, -1,
      532, 21, 533, -1,
      533, 21, 20, -1,
      533, 20, 521, -1,
      471, 22, 23, -1,
      471, 23, 534, -1,
      534, 23, 3, -1,
      534, 3, 535, -1,
      535, 3, 527, -1,
      527, 3, 2, -1,
      527, 2, 1, -1,
      507, 504, 502, -1,
      508, 490, 520, -1,
      520, 490, 491, -1,
      520, 491, 519, -1,
      519, 491, 492, -1,
      519, 492, 518, -1,
      518, 492, 493, -1,
      518, 493, 517, -1,
      517, 493, 494, -1,
      517, 494, 516, -1,
      516, 494, 483, -1,
      516, 483, 515, -1,
      515, 483, 484, -1,
      515, 484, 526, -1,
      526, 484, 485, -1,
      526, 485, 525, -1,
      525, 485, 486, -1,
      525, 486, 524, -1,
      524, 486, 487, -1,
      524, 487, 523, -1,
      523, 487, 488, -1,
      523, 488, 522, -1,
      522, 488, 476, -1,
      472, 471, 475, -1,
      475, 471, 534, -1,
      475, 534, 474, -1,
      474, 534, 535, -1,
      474, 535, 473, -1,
      473, 535, 527, -1,
      473, 527, 482, -1,
      482, 527, 528, -1,
      482, 528, 481, -1,
      481, 528, 529, -1,
      481, 529, 480, -1,
      480, 529, 530, -1,
      480, 530, 479, -1,
      479, 530, 531, -1,
      479, 531, 478, -1,
      478, 531, 532, -1,
      478, 532, 477, -1,
      477, 532, 533, -1,
      477, 533, 476, -1,
      476, 533, 521, -1,
      476, 521, 522, -1,
      507, 502, 506, -1,
      506, 502, 503, -1,
      506, 503, 505, -1,
      505, 503, 495, -1,
      505, 495, 514, -1,
      514, 495, 496, -1,
      514, 496, 513, -1,
      513, 496, 497, -1,
      513, 497, 512, -1,
      512, 497, 498, -1,
      512, 498, 511, -1,
      511, 498, 499, -1,
      511, 499, 510, -1,
      510, 499, 500, -1,
      510, 500, 509, -1,
      509, 500, 501, -1,
      509, 501, 508, -1,
      508, 501, 489, -1,
      508, 489, 490, -1,
    ]
  }
}

Shape {
  appearance Appearance {
    material Material {
      diffuseColor 0.2510 0.2510 0.2510
      specularColor 0.1255 0.1255 0.1255
      ambientIntensity 0.2
      transparency 0.0000
      shininess 0.5
    }
  }
  geometry IndexedFaceSet {
    ccw TRUE
    solid FALSE
    coord DEF co Coordinate {
      point [
        -0.006334 -0.065419 0.354331,
        0.011100 -0.066581 0.354331,
        0.022056 -0.069344 0.354331,
        0.027700 -0.072287 0.354331,
        0.030893 -0.075065 0.354331,
        0.032882 -0.077915 0.354331,
        0.034095 -0.081037 0.354331,
        0.034589 -0.085149 0.354331,
        0.034525 -0.086584 0.354331,
        0.033913 -0.089637 0.354331,
        0.032481 -0.092721 0.354331,
        0.030435 -0.095210 0.354331,
        0.026619 -0.098075 0.354331,
        0.021135 -0.100492 0.354331,
        0.009294 -0.103026 0.354331,
        -0.005696 -0.103829 0.354331,
        -0.022906 -0.102599 0.354331,
        -0.032878 -0.099967 0.354331,
        -0.038019 -0.097251 0.354331,
        -0.041073 -0.094550 0.354331,
        -0.042990 -0.091782 0.354331,
        -0.044171 -0.088727 0.354331,
        -0.044631 -0.084774 0.354331,
        -0.044579 -0.083546 0.354331,
        -0.043983 -0.080070 0.354331,
        -0.042481 -0.076691 0.354331,
        -0.040328 -0.073966 0.354331,
        -0.036644 -0.071143 0.354331,
        -0.031551 -0.068767 0.354331,
        -0.020291 -0.066207 0.354331,
      ]
    }
    coordIndex [
      14, 0, 15, -1,
      15, 0, 29, -1,
      2, 1, 7, -1,
      7, 1, 0, -1,
      7, 0, 8, -1,
      17, 16, 22, -1,
      22, 16, 15, -1,
      22, 15, 23, -1,
      29, 28, 15, -1,
      15, 28, 27, -1,
      15, 27, 26, -1,
      14, 13, 0, -1,
      0, 13, 12, -1,
      0, 12, 11, -1,
      7, 6, 5, -1,
      22, 21, 17, -1,
      17, 21, 20, -1,
      17, 20, 18, -1,
      18, 20, 19, -1,
      11, 10, 0, -1,
      0, 10, 9, -1,
      0, 9, 8, -1,
      5, 4, 7, -1,
      7, 4, 3, -1,
      7, 3, 2, -1,
      26, 25, 15, -1,
      15, 25, 24, -1,
      15, 24, 23, -1,
    ]
  }
}

Shape {
  appearance Appearance {
    material Material {
      diffuseColor 1.0000 1.0000 1.0000
      specularColor 0.8784 0.8784 0.8784
      ambientIntensity 0.2
      transparency 0.0000
      shininess 0.5
    }
  }
  geometry IndexedFaceSet {
    ccw TRUE
    solid FALSE
    coord DEF co Coordinate {
      point [
        -0.044723 -0.064066 0.000000,
        -0.044243 -0.103076 0.000000,
        -0.044243 -0.143406 0.000000,
        -0.040162 -0.037779 0.000000,
        -0.031520 -0.037779 0.000000,
        0.013619 -0.092272 0.000000,
        0.021006 -0.087687 0.000000,
        0.034497 -0.132844 0.000000,
        0.026815 -0.056219 0.000000,
        -0.032302 -0.039191 0.000000,
        0.025572 -0.046648 0.000000,
        0.021774 -0.037779 0.000000,
        0.032337 -0.037779 0.000000,
        0.025946 -0.063972 0.000000,
        0.023827 -0.069835 0.000000,
        0.020087 -0.075413 0.000000,
        0.014812 -0.080147 0.000000,
        0.008722 -0.083360 0.000000,
        0.000196 -0.085443 0.000000,
        -0.005713 -0.085792 0.000000,
        -0.014231 -0.084996 0.000000,
        -0.021007 -0.082857 0.000000,
        -0.036561 -0.057989 0.000000,
        -0.030330 -0.075930 0.000000,
        -0.035744 -0.065304 0.000000,
        -0.033614 -0.071096 0.000000,
        -0.026476 -0.079583 0.000000,
        -0.035401 -0.047537 0.000000,
        -0.023626 -0.093298 0.000000,
        -0.035601 -0.103076 0.000000,
        -0.031143 -0.089143 0.000000,
        -0.037408 -0.083257 0.000000,
        -0.044195 -0.069150 0.000000,
        -0.041546 -0.076842 0.000000,
        -0.035601 -0.132844 0.000000,
        0.027667 -0.080868 0.000000,
        0.032031 -0.073520 0.000000,
        0.034690 -0.064888 0.000000,
        -0.015272 -0.095629 0.000000,
        -0.006358 -0.096354 0.000000,
        0.004626 -0.095267 0.000000,
        0.035457 -0.056309 0.000000,
        0.034807 -0.046883 0.000000,
        -0.043608 -0.046172 0.000000,
        -0.044723 -0.054129 0.000000,
        -0.045167 -0.057292 0.000000,
        -0.045204 -0.059445 0.000000,
        0.034497 -0.143406 0.000000,
        0.025855 0.017915 0.000000,
        0.025855 -0.011853 0.000000,
        -0.000072 -0.011853 0.000000,
        -0.000072 0.015994 0.000000,
        -0.008714 0.015994 0.000000,
        -0.044243 0.035199 0.000000,
        -0.044243 0.019835 0.000000,
        -0.044243 -0.022415 0.000000,
        0.034497 -0.022415 0.000000,
        0.034497 0.017915 0.000000,
        0.021823 0.089169 0.000000,
        0.015521 0.093852 0.000000,
        0.034497 0.134105 0.000000,
        0.007842 0.097048 0.000000,
        0.034497 0.035199 0.000000,
        0.034497 0.057420 0.000000,
        -0.022647 0.094651 0.000000,
        -0.029692 0.090139 0.000000,
        -0.044243 0.104337 0.000000,
        -0.035900 0.083661 0.000000,
        -0.040680 0.075445 0.000000,
        0.034497 0.144667 0.000000,
        -0.044243 0.175395 0.000000,
        -0.044243 0.163872 0.000000,
        0.033320 0.068625 0.000000,
        0.030108 0.077887 0.000000,
        0.025062 0.085703 0.000000,
        -0.000421 0.098454 0.000000,
        -0.003883 0.098576 0.000000,
        -0.014420 0.097471 0.000000,
        -0.022157 0.155905 0.000000,
        -0.022157 0.123377 0.000000,
        -0.044243 0.115860 0.000000,
        -0.043389 0.066373 0.000000,
        -0.044243 0.056610 0.000000,
        -0.035601 0.019835 0.000000,
        -0.035601 -0.011853 0.000000,
        -0.008714 -0.011853 0.000000,
        0.034497 0.144667 0.003937,
        -0.044243 0.175395 0.003937,
        -0.044243 0.163872 0.003937,
        -0.022157 0.155905 0.003937,
        -0.022157 0.123377 0.003937,
        -0.044243 0.115860 0.003937,
        -0.044243 0.104337 0.003937,
        0.034497 0.134105 0.003937,
        -0.013515 0.126033 0.003937,
        0.019373 0.137781 0.003937,
        0.022104 0.138539 0.003937,
        0.024894 0.139041 0.003937,
        0.024894 0.139296 0.003937,
        0.022113 0.139810 0.003937,
        -0.013515 0.152365 0.003937,
        0.019373 0.140511 0.003937,
        -0.013515 0.126033 0.000000,
        -0.013515 0.152365 0.000000,
        0.019373 0.137781 0.000000,
        0.022104 0.138539 0.000000,
        0.024894 0.139041 0.000000,
        0.024894 0.139296 0.000000,
        0.022113 0.139810 0.000000,
        0.019373 0.140511 0.000000,
        -0.044243 0.056610 0.003937,
        -0.044243 0.035199 0.003937,
        0.034497 0.035199 0.003937,
        0.034497 0.057420 0.003937,
        -0.003883 0.098576 0.003937,
        -0.000421 0.098454 0.003937,
        0.007842 0.097048 0.003937,
        0.015521 0.093852 0.003937,
        0.021823 0.089169 0.003937,
        0.025062 0.085703 0.003937,
        0.030108 0.077887 0.003937,
        0.033320 0.068625 0.003937,
        -0.043389 0.066373 0.003937,
        -0.040680 0.075445 0.003937,
        -0.035900 0.083661 0.003937,
        -0.029692 0.090139 0.003937,
        -0.022647 0.094651 0.003937,
        -0.014420 0.097471 0.003937,
        -0.004108 0.088013 0.003937,
        0.003728 0.087344 0.003937,
        0.009964 0.085498 0.003937,
        0.014792 0.082786 0.003937,
        0.018858 0.078965 0.003937,
        0.022578 0.073218 0.003937,
        0.024857 0.066722 0.003937,
        0.025855 0.057375 0.003937,
        0.025855 0.045762 0.003937,
        -0.035601 0.045762 0.003937,
        -0.035601 0.056940 0.003937,
        -0.034830 0.065234 0.003937,
        -0.032755 0.071883 0.003937,
        -0.029617 0.077185 0.003937,
        -0.025280 0.081591 0.003937,
        -0.019833 0.084956 0.003937,
        -0.013647 0.087026 0.003937,
        0.025855 0.057375 0.000000,
        0.025855 0.045762 0.000000,
        0.024857 0.066722 0.000000,
        0.022578 0.073218 0.000000,
        0.018858 0.078965 0.000000,
        0.014792 0.082786 0.000000,
        0.009964 0.085498 0.000000,
        0.003728 0.087344 0.000000,
        -0.004108 0.088013 0.000000,
        -0.013647 0.087026 0.000000,
        -0.019833 0.084956 0.000000,
        -0.025280 0.081591 0.000000,
        -0.029617 0.077185 0.000000,
        -0.032755 0.071883 0.000000,
        -0.034830 0.065234 0.000000,
        -0.035601 0.056940 0.000000,
        -0.035601 0.045762 0.000000,
        -0.035601 0.019835 0.003937,
        -0.044243 0.019835 0.003937,
        -0.044243 -0.022415 0.003937,
        0.034497 -0.022415 0.003937,
        0.034497 0.017915 0.003937,
        0.025855 0.017915 0.003937,
        0.025855 -0.011853 0.003937,
        -0.000072 -0.011853 0.003937,
        -0.000072 0.015994 0.003937,
        -0.008714 0.015994 0.003937,
        -0.008714 -0.011853 0.003937,
        -0.035601 -0.011853 0.003937,
        -0.031520 -0.037779 0.003937,
        -0.040162 -0.037779 0.003937,
        -0.043608 -0.046172 0.003937,
        -0.045204 -0.059445 0.003937,
        -0.045167 -0.057292 0.003937,
        -0.006358 -0.096354 0.003937,
        -0.015272 -0.095629 0.003937,
        -0.023626 -0.093298 0.003937,
        -0.031143 -0.089143 0.003937,
        -0.037408 -0.083257 0.003937,
        -0.041546 -0.076842 0.003937,
        -0.044195 -0.069150 0.003937,
        0.035457 -0.056309 0.003937,
        0.034690 -0.064888 0.003937,
        0.032031 -0.073520 0.003937,
        0.027667 -0.080868 0.003937,
        0.021006 -0.087687 0.003937,
        0.013619 -0.092272 0.003937,
        0.004626 -0.095267 0.003937,
        0.032337 -0.037779 0.003937,
        0.034807 -0.046883 0.003937,
        0.021774 -0.037779 0.003937,
        0.026815 -0.056219 0.003937,
        0.025572 -0.046648 0.003937,
        -0.005713 -0.085792 0.003937,
        0.000196 -0.085443 0.003937,
        0.008722 -0.083360 0.003937,
        0.014812 -0.080147 0.003937,
        0.020087 -0.075413 0.003937,
        0.023827 -0.069835 0.003937,
        0.025946 -0.063972 0.003937,
        -0.036561 -0.057989 0.003937,
        -0.035744 -0.065304 0.003937,
        -0.033614 -0.071096 0.003937,
        -0.030330 -0.075930 0.003937,
        -0.026476 -0.079583 0.003937,
        -0.021007 -0.082857 0.003937,
        -0.014231 -0.084996 0.003937,
        -0.032302 -0.039191 0.003937,
        -0.035401 -0.047537 0.003937,
        -0.035601 -0.103076 0.003937,
        -0.044243 -0.103076 0.003937,
        -0.044243 -0.143406 0.003937,
        0.034497 -0.143406 0.003937,
        0.034497 -0.132844 0.003937,
        -0.035601 -0.132844 0.003937,
      ]
    }
    coordIndex [
      86, 87, 69, -1,
      69, 87, 70, -1,
      87, 88, 70, -1,
      70, 88, 71, -1,
      88, 89, 71, -1,
      71, 89, 78, -1,
      89, 90, 78, -1,
      78, 90, 79, -1,
      90, 91, 79, -1,
      79, 91, 80, -1,
      91, 92, 80, -1,
      80, 92, 66, -1,
      92, 93, 66, -1,
      66, 93, 60, -1,
      93, 86, 60, -1,
      60, 86, 69, -1,
      94, 95, 93, -1,
      92, 91, 90, -1,
      95, 96, 93, -1,
      93, 96, 97, -1,
      93, 97, 86, -1,
      86, 97, 98, -1,
      86, 98, 99, -1,
      93, 92, 94, -1,
      94, 92, 90, -1,
      94, 90, 100, -1,
      100, 90, 89, -1,
      99, 101, 86, -1,
      86, 101, 100, -1,
      86, 100, 87, -1,
      87, 100, 89, -1,
      87, 89, 88, -1,
      94, 100, 102, -1,
      102, 100, 103, -1,
      95, 94, 104, -1,
      104, 94, 102, -1,
      95, 104, 105, -1,
      95, 105, 96, -1,
      96, 105, 106, -1,
      96, 106, 97, -1,
      98, 97, 107, -1,
      107, 97, 106, -1,
      98, 107, 108, -1,
      98, 108, 99, -1,
      99, 108, 109, -1,
      99, 109, 101, -1,
      100, 101, 103, -1,
      103, 101, 109, -1,
      110, 111, 82, -1,
      82, 111, 53, -1,
      111, 112, 53, -1,
      53, 112, 62, -1,
      112, 113, 62, -1,
      62, 113, 63, -1,
      114, 76, 75, -1,
      114, 75, 115, -1,
      115, 75, 61, -1,
      115, 61, 116, -1,
      116, 61, 59, -1,
      116, 59, 117, -1,
      117, 59, 58, -1,
      117, 58, 118, -1,
      118, 58, 74, -1,
      118, 74, 119, -1,
      119, 74, 73, -1,
      119, 73, 120, -1,
      120, 73, 72, -1,
      120, 72, 121, -1,
      121, 72, 63, -1,
      121, 63, 113, -1,
      110, 82, 81, -1,
      110, 81, 122, -1,
      122, 81, 68, -1,
      122, 68, 123, -1,
      123, 68, 67, -1,
      123, 67, 124, -1,
      124, 67, 65, -1,
      124, 65, 125, -1,
      125, 65, 64, -1,
      125, 64, 126, -1,
      126, 64, 77, -1,
      126, 77, 127, -1,
      127, 77, 76, -1,
      127, 76, 114, -1,
      127, 114, 128, -1,
      128, 114, 115, -1,
      128, 115, 129, -1,
      129, 115, 116, -1,
      129, 116, 130, -1,
      130, 116, 117, -1,
      130, 117, 131, -1,
      131, 117, 118, -1,
      131, 118, 132, -1,
      132, 118, 119, -1,
      132, 119, 133, -1,
      133, 119, 120, -1,
      133, 120, 134, -1,
      134, 120, 121, -1,
      134, 121, 135, -1,
      135, 121, 113, -1,
      135, 113, 136, -1,
      136, 113, 112, -1,
      136, 112, 137, -1,
      137, 112, 111, -1,
      137, 111, 138, -1,
      138, 111, 110, -1,
      138, 110, 139, -1,
      139, 110, 122, -1,
      139, 122, 140, -1,
      140, 122, 123, -1,
      140, 123, 141, -1,
      141, 123, 124, -1,
      141, 124, 142, -1,
      142, 124, 125, -1,
      142, 125, 143, -1,
      143, 125, 126, -1,
      143, 126, 144, -1,
      144, 126, 127, -1,
      144, 127, 128, -1,
      135, 136, 145, -1,
      145, 136, 146, -1,
      135, 145, 147, -1,
      135, 147, 134, -1,
      134, 147, 148, -1,
      134, 148, 133, -1,
      133, 148, 149, -1,
      133, 149, 132, -1,
      132, 149, 150, -1,
      132, 150, 131, -1,
      131, 150, 151, -1,
      131, 151, 130, -1,
      130, 151, 152, -1,
      130, 152, 129, -1,
      129, 152, 153, -1,
      129, 153, 128, -1,
      128, 153, 154, -1,
      128, 154, 144, -1,
      144, 154, 155, -1,
      144, 155, 143, -1,
      143, 155, 156, -1,
      143, 156, 142, -1,
      142, 156, 157, -1,
      142, 157, 141, -1,
      141, 157, 158, -1,
      141, 158, 140, -1,
      140, 158, 159, -1,
      140, 159, 139, -1,
      139, 159, 160, -1,
      139, 160, 138, -1,
      137, 138, 161, -1,
      161, 138, 160, -1,
      136, 137, 146, -1,
      146, 137, 161, -1,
      162, 163, 83, -1,
      83, 163, 54, -1,
      163, 164, 54, -1,
      54, 164, 55, -1,
      164, 165, 55, -1,
      55, 165, 56, -1,
      165, 166, 56, -1,
      56, 166, 57, -1,
      166, 167, 57, -1,
      57, 167, 48, -1,
      167, 168, 48, -1,
      48, 168, 49, -1,
      168, 169, 49, -1,
      49, 169, 50, -1,
      169, 170, 50, -1,
      50, 170, 51, -1,
      170, 171, 51, -1,
      51, 171, 52, -1,
      171, 172, 52, -1,
      52, 172, 85, -1,
      172, 173, 85, -1,
      85, 173, 84, -1,
      173, 162, 84, -1,
      84, 162, 83, -1,
      164, 163, 162, -1,
      162, 173, 164, -1,
      164, 173, 172, -1,
      164, 172, 165, -1,
      167, 166, 168, -1,
      168, 166, 165, -1,
      168, 165, 169, -1,
      169, 165, 172, -1,
      169, 172, 170, -1,
      170, 172, 171, -1,
      174, 175, 4, -1,
      4, 175, 3, -1,
      3, 175, 176, -1,
      177, 46, 45, -1,
      177, 45, 178, -1,
      178, 45, 44, -1,
      178, 44, 176, -1,
      176, 44, 43, -1,
      176, 43, 3, -1,
      179, 39, 38, -1,
      179, 38, 180, -1,
      180, 38, 28, -1,
      180, 28, 181, -1,
      181, 28, 30, -1,
      181, 30, 182, -1,
      182, 30, 31, -1,
      182, 31, 183, -1,
      183, 31, 33, -1,
      183, 33, 184, -1,
      184, 33, 32, -1,
      184, 32, 185, -1,
      185, 32, 177, -1,
      177, 32, 0, -1,
      177, 0, 46, -1,
      186, 41, 37, -1,
      186, 37, 187, -1,
      187, 37, 36, -1,
      187, 36, 188, -1,
      188, 36, 35, -1,
      188, 35, 189, -1,
      189, 35, 6, -1,
      189, 6, 190, -1,
      190, 6, 5, -1,
      190, 5, 191, -1,
      191, 5, 40, -1,
      191, 40, 192, -1,
      192, 40, 39, -1,
      192, 39, 179, -1,
      193, 12, 42, -1,
      193, 42, 194, -1,
      194, 42, 41, -1,
      194, 41, 186, -1,
      193, 195, 12, -1,
      12, 195, 11, -1,
      196, 8, 10, -1,
      196, 10, 197, -1,
      197, 10, 11, -1,
      197, 11, 195, -1,
      198, 19, 18, -1,
      198, 18, 199, -1,
      199, 18, 17, -1,
      199, 17, 200, -1,
      200, 17, 16, -1,
      200, 16, 201, -1,
      201, 16, 15, -1,
      201, 15, 202, -1,
      202, 15, 14, -1,
      202, 14, 203, -1,
      203, 14, 13, -1,
      203, 13, 204, -1,
      204, 13, 8, -1,
      204, 8, 196, -1,
      205, 22, 24, -1,
      205, 24, 206, -1,
      206, 24, 25, -1,
      206, 25, 207, -1,
      207, 25, 23, -1,
      207, 23, 208, -1,
      208, 23, 26, -1,
      208, 26, 209, -1,
      209, 26, 21, -1,
      209, 21, 210, -1,
      210, 21, 20, -1,
      210, 20, 211, -1,
      211, 20, 19, -1,
      211, 19, 198, -1,
      174, 4, 9, -1,
      174, 9, 212, -1,
      212, 9, 27, -1,
      212, 27, 213, -1,
      213, 27, 22, -1,
      213, 22, 205, -1,
      206, 177, 205, -1,
      205, 177, 178, -1,
      205, 178, 213, -1,
      213, 178, 176, -1,
      213, 176, 212, -1,
      212, 176, 175, -1,
      212, 175, 174, -1,
      195, 193, 197, -1,
      197, 193, 194, -1,
      197, 194, 196, -1,
      196, 194, 186, -1,
      196, 186, 204, -1,
      204, 186, 187, -1,
      204, 187, 203, -1,
      203, 187, 188, -1,
      203, 188, 202, -1,
      202, 188, 189, -1,
      202, 189, 201, -1,
      201, 189, 190, -1,
      201, 190, 200, -1,
      200, 190, 191, -1,
      200, 191, 199, -1,
      199, 191, 192, -1,
      199, 192, 198, -1,
      198, 192, 179, -1,
      198, 179, 211, -1,
      211, 179, 180, -1,
      211, 180, 210, -1,
      210, 180, 181, -1,
      210, 181, 209, -1,
      209, 181, 182, -1,
      209, 182, 208, -1,
      208, 182, 183, -1,
      208, 183, 207, -1,
      207, 183, 184, -1,
      207, 184, 206, -1,
      206, 184, 185, -1,
      206, 185, 177, -1,
      214, 215, 29, -1,
      29, 215, 1, -1,
      215, 216, 1, -1,
      1, 216, 2, -1,
      216, 217, 2, -1,
      2, 217, 47, -1,
      217, 218, 47, -1,
      47, 218, 7, -1,
      218, 219, 7, -1,
      7, 219, 34, -1,
      219, 214, 34, -1,
      34, 214, 29, -1,
      218, 217, 219, -1,
      219, 217, 216, -1,
      219, 216, 214, -1,
      214, 216, 215, -1,
    ]
  }
}

Shape {
  appearance Appearance {
    material Material {
      diffuseColor 0.2510 0.2510 0.2510
      specularColor 0.1255 0.1255 0.1255
      ambientIntensity 0.2
      transparency 0.0000
      shininess 0.5
    }
  }
  geometry IndexedFaceSet {
    ccw TRUE
    solid FALSE
    coord DEF co Coordinate {
      point [
        -0.013515 0.126033 0.000000,
        -0.013515 0.152365 0.000000,
        0.019373 0.137781 0.000000,
        0.022104 0.138539 0.000000,
        0.024894 0.139041 0.000000,
        0.024894 0.139296 0.000000,
        0.022113 0.139810 0.000000,
        0.019373 0.140511 0.000000,
        0.025855 0.057375 0.000000,
        0.025855 0.045762 0.000000,
        0.024857 0.066722 0.000000,
        0.022578 0.073218 0.000000,
        0.018858 0.078965 0.000000,
        0.014792 0.082786 0.000000,
        0.009964 0.085498 0.000000,
        0.003728 0.087344 0.000000,
        -0.004108 0.088013 0.000000,
        -0.013647 0.087026 0.000000,
        -0.019833 0.084956 0.000000,
        -0.025280 0.081591 0.000000,
        -0.029617 0.077185 0.000000,
        -0.032755 0.071883 0.000000,
        -0.034830 0.065234 0.000000,
        -0.035601 0.056940 0.000000,
        -0.035601 0.045762 0.000000,
      ]
    }
    coordIndex [
      0, 1, 2, -1,
      2, 1, 7, -1,
      2, 7, 3, -1,
      3, 7, 6, -1,
      3, 6, 4, -1,
      4, 6, 5, -1,
      8, 9, 24, -1,
      17, 16, 8, -1,
      17, 8, 18, -1,
      16, 15, 8, -1,
      8, 15, 14, -1,
      8, 14, 10, -1,
      24, 23, 8, -1,
      8, 23, 22, -1,
      8, 22, 21, -1,
      13, 12, 14, -1,
      14, 12, 11, -1,
      14, 11, 10, -1,
      21, 20, 8, -1,
      8, 20, 19, -1,
      8, 19, 18, -1,
    ]
  }
}

Shape {
  appearance Appearance {
    material Material {
      diffuseColor 0.8549 0.8549 0.8549
      specularColor 0.4275 0.4275 0.4275
      ambientIntensity 0.2
      transparency 0.0000
      shininess 0.5
    }
  }
  geometry IndexedFaceSet {
    ccw TRUE
    solid FALSE
    coord DEF co Coordinate {
      point [
        -0.246063 0.314961 0.275591,
        -0.246063 0.196850 0.275591,
        -0.246063 0.314961 0.236220,
        -0.246063 0.196850 0.236220,
        -0.413386 0.196850 0.000000,
        -0.413386 0.314961 0.000000,
        -0.413386 0.196850 -0.039370,
        -0.413386 0.314961 -0.039370,
        -0.250443 0.314961 0.235727,
        -0.250443 0.196850 0.235727,
        -0.254604 0.314961 0.234271,
        -0.254604 0.196850 0.234271,
        -0.258336 0.314961 0.231926,
        -0.258336 0.196850 0.231926,
        -0.261454 0.314961 0.228809,
        -0.261454 0.196850 0.228809,
        -0.263798 0.314961 0.225076,
        -0.263798 0.196850 0.225076,
        -0.265254 0.314961 0.220916,
        -0.265254 0.196850 0.220916,
        -0.265748 0.314961 0.216535,
        -0.265748 0.196850 0.216535,
        -0.305118 0.314961 0.216535,
        -0.256318 0.314961 0.274693,
        -0.266261 0.314961 0.272029,
        -0.304221 0.314961 0.226790,
        -0.301557 0.314961 0.236733,
        -0.297206 0.314961 0.246063,
        -0.291302 0.314961 0.254495,
        -0.284023 0.314961 0.261774,
        -0.275591 0.314961 0.267679,
        -0.305118 0.196850 0.216535,
        -0.304221 0.196850 0.226790,
        -0.301557 0.196850 0.236733,
        -0.297206 0.196850 0.246063,
        -0.291302 0.196850 0.254495,
        -0.284023 0.196850 0.261774,
        -0.275591 0.196850 0.267679,
        -0.266261 0.196850 0.272029,
        -0.256318 0.196850 0.274693,
        -0.265748 0.196850 0.019685,
        -0.265748 0.314961 0.019685,
        -0.305118 0.314961 0.019685,
        -0.305118 0.196850 0.019685,
        -0.324803 0.196850 -0.039370,
        -0.324803 0.314961 -0.039370,
        -0.314548 0.314961 -0.038473,
        -0.314548 0.196850 -0.038473,
        -0.304605 0.314961 -0.035809,
        -0.304605 0.196850 -0.035809,
        -0.295276 0.314961 -0.031458,
        -0.295276 0.196850 -0.031458,
        -0.286843 0.314961 -0.025554,
        -0.286843 0.196850 -0.025554,
        -0.279564 0.314961 -0.018275,
        -0.279564 0.196850 -0.018275,
        -0.273660 0.314961 -0.009843,
        -0.273660 0.196850 -0.009843,
        -0.269309 0.314961 -0.000513,
        -0.269309 0.196850 -0.000513,
        -0.266645 0.314961 0.009430,
        -0.266645 0.196850 0.009430,
        -0.307756 0.314961 0.009843,
        -0.305789 0.314961 0.014590,
        -0.324803 0.314961 0.000000,
        -0.319708 0.314961 0.000671,
        -0.314961 0.314961 0.002637,
        -0.310884 0.314961 0.005766,
        -0.305789 0.196850 0.014590,
        -0.307756 0.196850 0.009843,
        -0.310884 0.196850 0.005766,
        -0.314961 0.196850 0.002637,
        -0.319708 0.196850 0.000671,
        -0.324803 0.196850 0.000000,
        -0.246063 -0.196850 0.275591,
        -0.246063 -0.314961 0.275591,
        -0.246063 -0.196850 0.236220,
        -0.246063 -0.314961 0.236220,
        -0.413386 -0.314961 0.000000,
        -0.413386 -0.196850 0.000000,
        -0.413386 -0.314961 -0.039370,
        -0.413386 -0.196850 -0.039370,
        -0.250443 -0.196850 0.235727,
        -0.250443 -0.314961 0.235727,
        -0.254604 -0.196850 0.234271,
        -0.254604 -0.314961 0.234271,
        -0.258336 -0.196850 0.231926,
        -0.258336 -0.314961 0.231926,
        -0.261454 -0.196850 0.228809,
        -0.261454 -0.314961 0.228809,
        -0.263798 -0.196850 0.225076,
        -0.263798 -0.314961 0.225076,
        -0.265254 -0.196850 0.220916,
        -0.265254 -0.314961 0.220916,
        -0.265748 -0.196850 0.216535,
        -0.265748 -0.314961 0.216535,
        -0.305118 -0.196850 0.216535,
        -0.256318 -0.196850 0.274693,
        -0.266261 -0.196850 0.272029,
        -0.304221 -0.196850 0.226790,
        -0.301557 -0.196850 0.236733,
        -0.297206 -0.196850 0.246063,
        -0.291302 -0.196850 0.254495,
        -0.284023 -0.196850 0.261774,
        -0.275591 -0.196850 0.267679,
        -0.305118 -0.314961 0.216535,
        -0.304221 -0.314961 0.226790,
        -0.301557 -0.314961 0.236733,
        -0.297206 -0.314961 0.246063,
        -0.291302 -0.314961 0.254495,
        -0.284023 -0.314961 0.261774,
        -0.275591 -0.314961 0.267679,
        -0.266261 -0.314961 0.272029,
        -0.256318 -0.314961 0.274693,
        -0.265748 -0.314961 0.019685,
        -0.265748 -0.196850 0.019685,
        -0.305118 -0.196850 0.019685,
        -0.305118 -0.314961 0.019685,
        -0.324803 -0.314961 -0.039370,
        -0.324803 -0.196850 -0.039370,
        -0.314548 -0.196850 -0.038473,
        -0.314548 -0.314961 -0.038473,
        -0.304605 -0.196850 -0.035809,
        -0.304605 -0.314961 -0.035809,
        -0.295276 -0.196850 -0.031458,
        -0.295276 -0.314961 -0.031458,
        -0.286843 -0.196850 -0.025554,
        -0.286843 -0.314961 -0.025554,
        -0.279564 -0.196850 -0.018275,
        -0.279564 -0.314961 -0.018275,
        -0.273660 -0.196850 -0.009843,
        -0.273660 -0.314961 -0.009843,
        -0.269309 -0.196850 -0.000513,
        -0.269309 -0.314961 -0.000513,
        -0.266645 -0.196850 0.009430,
        -0.266645 -0.314961 0.009430,
        -0.307756 -0.196850 0.009843,
        -0.305789 -0.196850 0.014590,
        -0.324803 -0.196850 0.000000,
        -0.319708 -0.196850 0.000671,
        -0.314961 -0.196850 0.002637,
        -0.310884 -0.196850 0.005766,
        -0.305789 -0.314961 0.014590,
        -0.307756 -0.314961 0.009843,
        -0.310884 -0.314961 0.005766,
        -0.314961 -0.314961 0.002637,
        -0.319708 -0.314961 0.000671,
        -0.324803 -0.314961 0.000000,
        0.246063 -0.059055 0.275591,
        0.246063 0.059055 0.275591,
        0.246063 -0.059055 0.236220,
        0.246063 0.059055 0.236220,
        0.413386 0.059055 0.000000,
        0.413386 -0.059055 0.000000,
        0.413386 0.059055 -0.039370,
        0.413386 -0.059055 -0.039370,
        0.250443 -0.059055 0.235727,
        0.250443 0.059055 0.235727,
        0.254604 -0.059055 0.234271,
        0.254604 0.059055 0.234271,
        0.258336 -0.059055 0.231926,
        0.258336 0.059055 0.231926,
        0.261454 -0.059055 0.228809,
        0.261454 0.059055 0.228809,
        0.263798 -0.059055 0.225076,
        0.263798 0.059055 0.225076,
        0.265254 -0.059055 0.220916,
        0.265254 0.059055 0.220916,
        0.265748 -0.059055 0.216535,
        0.265748 0.059055 0.216535,
        0.305118 -0.059055 0.216535,
        0.256318 -0.059055 0.274693,
        0.266261 -0.059055 0.272029,
        0.304221 -0.059055 0.226790,
        0.301557 -0.059055 0.236733,
        0.297206 -0.059055 0.246063,
        0.291302 -0.059055 0.254495,
        0.284023 -0.059055 0.261774,
        0.275591 -0.059055 0.267679,
        0.305118 0.059055 0.216535,
        0.304221 0.059055 0.226790,
        0.301557 0.059055 0.236733,
        0.297206 0.059055 0.246063,
        0.291302 0.059055 0.254495,
        0.284023 0.059055 0.261774,
        0.275591 0.059055 0.267679,
        0.266261 0.059055 0.272029,
        0.256318 0.059055 0.274693,
        0.265748 0.059055 0.019685,
        0.265748 -0.059055 0.019685,
        0.305118 -0.059055 0.019685,
        0.305118 0.059055 0.019685,
        0.324803 0.059055 -0.039370,
        0.324803 -0.059055 -0.039370,
        0.314548 -0.059055 -0.038473,
        0.314548 0.059055 -0.038473,
        0.304605 -0.059055 -0.035809,
        0.304605 0.059055 -0.035809,
        0.295276 -0.059055 -0.031458,
        0.295276 0.059055 -0.031458,
        0.286843 -0.059055 -0.025554,
        0.286843 0.059055 -0.025554,
        0.279564 -0.059055 -0.018275,
        0.279564 0.059055 -0.018275,
        0.273660 -0.059055 -0.009843,
        0.273660 0.059055 -0.009843,
        0.269309 -0.059055 -0.000513,
        0.269309 0.059055 -0.000513,
        0.266645 -0.059055 0.009430,
        0.266645 0.059055 0.009430,
        0.307756 -0.059055 0.009843,
        0.305789 -0.059055 0.014590,
        0.324803 -0.059055 0.000000,
        0.319708 -0.059055 0.000671,
        0.314961 -0.059055 0.002637,
        0.310884 -0.059055 0.005766,
        0.305789 0.059055 0.014590,
        0.307756 0.059055 0.009843,
        0.310884 0.059055 0.005766,
        0.314961 0.059055 0.002637,
        0.319708 0.059055 0.000671,
        0.324803 0.059055 0.000000,
      ]
    }
    coordIndex [
      0, 1, 2, -1,
      2, 1, 3, -1,
      4, 5, 6, -1,
      6, 5, 7, -1,
      2, 3, 8, -1,
      8, 3, 9, -1,
      8, 9, 10, -1,
      10, 9, 11, -1,
      10, 11, 12, -1,
      12, 11, 13, -1,
      12, 13, 14, -1,
      14, 13, 15, -1,
      14, 15, 16, -1,
      16, 15, 17, -1,
      16, 17, 18, -1,
      18, 17, 19, -1,
      18, 19, 20, -1,
      20, 19, 21, -1,
      18, 20, 22, -1,
      0, 2, 23, -1,
      23, 2, 8, -1,
      23, 8, 24, -1,
      24, 8, 10, -1,
      22, 25, 18, -1,
      18, 25, 26, -1,
      18, 26, 16, -1,
      16, 26, 27, -1,
      16, 27, 14, -1,
      14, 27, 28, -1,
      14, 28, 12, -1,
      12, 28, 29, -1,
      12, 29, 10, -1,
      10, 29, 30, -1,
      10, 30, 24, -1,
      22, 31, 32, -1,
      22, 32, 25, -1,
      25, 32, 33, -1,
      25, 33, 26, -1,
      26, 33, 34, -1,
      26, 34, 27, -1,
      27, 34, 35, -1,
      27, 35, 28, -1,
      28, 35, 36, -1,
      28, 36, 29, -1,
      29, 36, 37, -1,
      29, 37, 30, -1,
      30, 37, 38, -1,
      30, 38, 24, -1,
      24, 38, 39, -1,
      24, 39, 23, -1,
      23, 39, 1, -1,
      23, 1, 0, -1,
      9, 3, 1, -1,
      31, 21, 32, -1,
      32, 21, 19, -1,
      32, 19, 33, -1,
      33, 19, 17, -1,
      1, 39, 9, -1,
      9, 39, 38, -1,
      9, 38, 11, -1,
      11, 38, 37, -1,
      11, 37, 13, -1,
      13, 37, 36, -1,
      13, 36, 15, -1,
      15, 36, 35, -1,
      15, 35, 17, -1,
      17, 35, 34, -1,
      17, 34, 33, -1,
      21, 40, 20, -1,
      20, 40, 41, -1,
      20, 41, 22, -1,
      22, 41, 42, -1,
      22, 42, 31, -1,
      31, 42, 43, -1,
      21, 31, 40, -1,
      40, 31, 43, -1,
      44, 45, 46, -1,
      44, 46, 47, -1,
      47, 46, 48, -1,
      47, 48, 49, -1,
      49, 48, 50, -1,
      49, 50, 51, -1,
      51, 50, 52, -1,
      51, 52, 53, -1,
      53, 52, 54, -1,
      53, 54, 55, -1,
      55, 54, 56, -1,
      55, 56, 57, -1,
      57, 56, 58, -1,
      57, 58, 59, -1,
      59, 58, 60, -1,
      59, 60, 61, -1,
      61, 60, 41, -1,
      61, 41, 40, -1,
      62, 63, 58, -1,
      58, 63, 60, -1,
      60, 63, 42, -1,
      60, 42, 41, -1,
      45, 64, 46, -1,
      46, 64, 65, -1,
      46, 65, 48, -1,
      48, 65, 66, -1,
      58, 56, 62, -1,
      62, 56, 54, -1,
      62, 54, 67, -1,
      67, 54, 52, -1,
      67, 52, 66, -1,
      66, 52, 50, -1,
      66, 50, 48, -1,
      43, 42, 68, -1,
      68, 42, 63, -1,
      68, 63, 69, -1,
      69, 63, 62, -1,
      69, 62, 70, -1,
      70, 62, 67, -1,
      70, 67, 71, -1,
      71, 67, 66, -1,
      71, 66, 72, -1,
      72, 66, 65, -1,
      72, 65, 73, -1,
      73, 65, 64, -1,
      72, 73, 44, -1,
      40, 43, 61, -1,
      61, 43, 68, -1,
      70, 55, 69, -1,
      69, 55, 57, -1,
      69, 57, 68, -1,
      68, 57, 59, -1,
      68, 59, 61, -1,
      44, 47, 72, -1,
      72, 47, 49, -1,
      72, 49, 71, -1,
      71, 49, 51, -1,
      71, 51, 70, -1,
      70, 51, 53, -1,
      70, 53, 55, -1,
      44, 6, 45, -1,
      45, 6, 7, -1,
      45, 7, 64, -1,
      64, 7, 5, -1,
      64, 5, 73, -1,
      73, 5, 4, -1,
      44, 73, 6, -1,
      6, 73, 4, -1,
      74, 75, 76, -1,
      76, 75, 77, -1,
      78, 79, 80, -1,
      80, 79, 81, -1,
      76, 77, 82, -1,
      82, 77, 83, -1,
      82, 83, 84, -1,
      84, 83, 85, -1,
      84, 85, 86, -1,
      86, 85, 87, -1,
      86, 87, 88, -1,
      88, 87, 89, -1,
      88, 89, 90, -1,
      90, 89, 91, -1,
      90, 91, 92, -1,
      92, 91, 93, -1,
      92, 93, 94, -1,
      94, 93, 95, -1,
      92, 94, 96, -1,
      74, 76, 97, -1,
      97, 76, 82, -1,
      97, 82, 98, -1,
      98, 82, 84, -1,
      96, 99, 92, -1,
      92, 99, 100, -1,
      92, 100, 90, -1,
      90, 100, 101, -1,
      90, 101, 88, -1,
      88, 101, 102, -1,
      88, 102, 86, -1,
      86, 102, 103, -1,
      86, 103, 84, -1,
      84, 103, 104, -1,
      84, 104, 98, -1,
      96, 105, 106, -1,
      96, 106, 99, -1,
      99, 106, 107, -1,
      99, 107, 100, -1,
      100, 107, 108, -1,
      100, 108, 101, -1,
      101, 108, 109, -1,
      101, 109, 102, -1,
      102, 109, 110, -1,
      102, 110, 103, -1,
      103, 110, 111, -1,
      103, 111, 104, -1,
      104, 111, 112, -1,
      104, 112, 98, -1,
      98, 112, 113, -1,
      98, 113, 97, -1,
      97, 113, 75, -1,
      97, 75, 74, -1,
      83, 77, 75, -1,
      105, 95, 106, -1,
      106, 95, 93, -1,
      106, 93, 107, -1,
      107, 93, 91, -1,
      75, 113, 83, -1,
      83, 113, 112, -1,
      83, 112, 85, -1,
      85, 112, 111, -1,
      85, 111, 87, -1,
      87, 111, 110, -1,
      87, 110, 89, -1,
      89, 110, 109, -1,
      89, 109, 91, -1,
      91, 109, 108, -1,
      91, 108, 107, -1,
      95, 114, 94, -1,
      94, 114, 115, -1,
      94, 115, 96, -1,
      96, 115, 116, -1,
      96, 116, 105, -1,
      105, 116, 117, -1,
      95, 105, 114, -1,
      114, 105, 117, -1,
      118, 119, 120, -1,
      118, 120, 121, -1,
      121, 120, 122, -1,
      121, 122, 123, -1,
      123, 122, 124, -1,
      123, 124, 125, -1,
      125, 124, 126, -1,
      125, 126, 127, -1,
      127, 126, 128, -1,
      127, 128, 129, -1,
      129, 128, 130, -1,
      129, 130, 131, -1,
      131, 130, 132, -1,
      131, 132, 133, -1,
      133, 132, 134, -1,
      133, 134, 135, -1,
      135, 134, 115, -1,
      135, 115, 114, -1,
      136, 137, 132, -1,
      132, 137, 134, -1,
      134, 137, 116, -1,
      134, 116, 115, -1,
      119, 138, 120, -1,
      120, 138, 139, -1,
      120, 139, 122, -1,
      122, 139, 140, -1,
      132, 130, 136, -1,
      136, 130, 128, -1,
      136, 128, 141, -1,
      141, 128, 126, -1,
      141, 126, 140, -1,
      140, 126, 124, -1,
      140, 124, 122, -1,
      117, 116, 142, -1,
      142, 116, 137, -1,
      142, 137, 143, -1,
      143, 137, 136, -1,
      143, 136, 144, -1,
      144, 136, 141, -1,
      144, 141, 145, -1,
      145, 141, 140, -1,
      145, 140, 146, -1,
      146, 140, 139, -1,
      146, 139, 147, -1,
      147, 139, 138, -1,
      146, 147, 118, -1,
      114, 117, 135, -1,
      135, 117, 142, -1,
      144, 129, 143, -1,
      143, 129, 131, -1,
      143, 131, 142, -1,
      142, 131, 133, -1,
      142, 133, 135, -1,
      118, 121, 146, -1,
      146, 121, 123, -1,
      146, 123, 145, -1,
      145, 123, 125, -1,
      145, 125, 144, -1,
      144, 125, 127, -1,
      144, 127, 129, -1,
      118, 80, 119, -1,
      119, 80, 81, -1,
      119, 81, 138, -1,
      138, 81, 79, -1,
      138, 79, 147, -1,
      147, 79, 78, -1,
      118, 147, 80, -1,
      80, 147, 78, -1,
      148, 149, 150, -1,
      150, 149, 151, -1,
      152, 153, 154, -1,
      154, 153, 155, -1,
      150, 151, 156, -1,
      156, 151, 157, -1,
      156, 157, 158, -1,
      158, 157, 159, -1,
      158, 159, 160, -1,
      160, 159, 161, -1,
      160, 161, 162, -1,
      162, 161, 163, -1,
      162, 163, 164, -1,
      164, 163, 165, -1,
      164, 165, 166, -1,
      166, 165, 167, -1,
      166, 167, 168, -1,
      168, 167, 169, -1,
      166, 168, 170, -1,
      148, 150, 171, -1,
      171, 150, 156, -1,
      171, 156, 172, -1,
      172, 156, 158, -1,
      170, 173, 166, -1,
      166, 173, 174, -1,
      166, 174, 164, -1,
      164, 174, 175, -1,
      164, 175, 162, -1,
      162, 175, 176, -1,
      162, 176, 160, -1,
      160, 176, 177, -1,
      160, 177, 158, -1,
      158, 177, 178, -1,
      158, 178, 172, -1,
      170, 179, 180, -1,
      170, 180, 173, -1,
      173, 180, 181, -1,
      173, 181, 174, -1,
      174, 181, 182, -1,
      174, 182, 175, -1,
      175, 182, 183, -1,
      175, 183, 176, -1,
      176, 183, 184, -1,
      176, 184, 177, -1,
      177, 184, 185, -1,
      177, 185, 178, -1,
      178, 185, 186, -1,
      178, 186, 172, -1,
      172, 186, 187, -1,
      172, 187, 171, -1,
      171, 187, 149, -1,
      171, 149, 148, -1,
      157, 151, 149, -1,
      179, 169, 180, -1,
      180, 169, 167, -1,
      180, 167, 181, -1,
      181, 167, 165, -1,
      149, 187, 157, -1,
      157, 187, 186, -1,
      157, 186, 159, -1,
      159, 186, 185, -1,
      159, 185, 161, -1,
      161, 185, 184, -1,
      161, 184, 163, -1,
      163, 184, 183, -1,
      163, 183, 165, -1,
      165, 183, 182, -1,
      165, 182, 181, -1,
      169, 188, 168, -1,
      168, 188, 189, -1,
      168, 189, 170, -1,
      170, 189, 190, -1,
      170, 190, 179, -1,
      179, 190, 191, -1,
      169, 179, 188, -1,
      188, 179, 191, -1,
      192, 193, 194, -1,
      192, 194, 195, -1,
      195, 194, 196, -1,
      195, 196, 197, -1,
      197, 196, 198, -1,
      197, 198, 199, -1,
      199, 198, 200, -1,
      199, 200, 201, -1,
      201, 200, 202, -1,
      201, 202, 203, -1,
      203, 202, 204, -1,
      203, 204, 205, -1,
      205, 204, 206, -1,
      205, 206, 207, -1,
      207, 206, 208, -1,
      207, 208, 209, -1,
      209, 208, 189, -1,
      209, 189, 188, -1,
      210, 211, 206, -1,
      206, 211, 208, -1,
      208, 211, 190, -1,
      208, 190, 189, -1,
      193, 212, 194, -1,
      194, 212, 213, -1,
      194, 213, 196, -1,
      196, 213, 214, -1,
      206, 204, 210, -1,
      210, 204, 202, -1,
      210, 202, 215, -1,
      215, 202, 200, -1,
      215, 200, 214, -1,
      214, 200, 198, -1,
      214, 198, 196, -1,
      191, 190, 216, -1,
      216, 190, 211, -1,
      216, 211, 217, -1,
      217, 211, 210, -1,
      217, 210, 218, -1,
      218, 210, 215, -1,
      218, 215, 219, -1,
      219, 215, 214, -1,
      219, 214, 220, -1,
      220, 214, 213, -1,
      220, 213, 221, -1,
      221, 213, 212, -1,
      220, 221, 192, -1,
      188, 191, 209, -1,
      209, 191, 216, -1,
      218, 203, 217, -1,
      217, 203, 205, -1,
      217, 205, 216, -1,
      216, 205, 207, -1,
      216, 207, 209, -1,
      192, 195, 220, -1,
      220, 195, 197, -1,
      220, 197, 219, -1,
      219, 197, 199, -1,
      219, 199, 218, -1,
      218, 199, 201, -1,
      218, 201, 203, -1,
      192, 154, 193, -1,
      193, 154, 155, -1,
      193, 155, 212, -1,
      212, 155, 153, -1,
      212, 153, 221, -1,
      221, 153, 152, -1,
      192, 221, 154, -1,
      154, 221, 152, -1,
    ]
  }
}
