#VRML V2.0 utf8

Shape {
  appearance Appearance {
    material Material {
      diffuseColor 0.2235 0.2235 0.2235
      specularColor 0.1137 0.1137 0.1137
      ambientIntensity 0.2
      transparency 0.0000
      shininess 0.5
    }
  }
  geometry IndexedFaceSet {
    ccw TRUE
    solid FALSE
    coord DEF co Coordinate {
      point [
        1.377953 -0.002586 0.338583,
        1.377953 1.377953 0.338583,
        0.978957 1.377953 0.338583,
        0.843383 -1.121402 0.338583,
        0.839971 -1.121808 0.338583,
        0.860020 -1.121808 0.338583,
        0.781429 -0.914111 0.338583,
        0.787531 -0.913365 0.338583,
        0.755665 -0.913365 0.338583,
        0.802070 -0.994294 0.338583,
        0.796932 -0.994786 0.338583,
        0.823423 -0.994786 0.338583,
        0.277998 -1.024887 0.338583,
        0.279267 -1.018262 0.338583,
        -0.303886 -1.018262 0.338583,
        0.604423 -0.976506 0.338583,
        0.619856 -0.989574 0.338583,
        0.673796 -0.913365 0.338583,
        0.673796 -0.994786 0.338583,
        0.528516 -0.905089 0.338583,
        0.540826 -0.913365 0.338583,
        0.553907 -0.922160 0.338583,
        0.572473 -0.943553 0.338583,
        0.584649 -0.967134 0.338583,
        0.587486 -0.968089 0.338583,
        0.476485 -0.892557 0.338583,
        0.499947 -0.895022 0.338583,
        0.673796 -0.002586 0.338583,
        0.448211 -0.896054 0.338583,
        0.304560 -0.965995 0.338583,
        0.309141 -0.961704 0.338583,
        -0.303886 -0.913365 0.338583,
        0.421967 -0.906204 0.338583,
        -0.303886 -0.002586 0.338583,
        0.410419 -0.913365 0.338583,
        0.408170 -0.914759 0.338583,
        0.328164 -0.948760 0.338583,
        0.349371 -0.941014 0.338583,
        0.370028 -0.938670 0.338583,
        0.394792 -0.926217 0.338583,
        0.376575 -0.939026 0.338583,
        0.383122 -0.939808 0.338583,
        -0.303886 -0.994786 0.338583,
        0.282305 -1.002387 0.338583,
        0.285845 -0.994786 0.338583,
        0.291747 -0.982112 0.338583,
        0.338041 -1.117403 0.338583,
        0.317721 -1.106915 0.338583,
        -0.303886 -1.121808 0.338583,
        0.301714 -1.092946 0.338583,
        0.299996 -1.090983 0.338583,
        0.287856 -1.072736 0.338583,
        0.280139 -1.051444 0.338583,
        0.277804 -1.030894 0.338583,
        0.347256 -1.120272 0.338583,
        0.347974 -1.121808 0.338583,
        0.352953 -1.132467 0.338583,
        0.361415 -1.142918 0.338583,
        0.424912 -1.153526 0.338583,
        0.415098 -1.157291 0.338583,
        0.673796 -1.377953 0.338583,
        0.401339 -1.158983 0.338583,
        -0.303886 -1.377953 0.338583,
        0.399120 -1.158942 0.338583,
        0.385680 -1.156840 0.338583,
        -0.303886 -1.153526 0.338583,
        0.377801 -1.153526 0.338583,
        0.372548 -1.151316 0.338583,
        0.454691 -1.121808 0.338583,
        0.454654 -1.121965 0.338583,
        0.673796 -1.153526 0.338583,
        0.447933 -1.134663 0.338583,
        0.439138 -1.144533 0.338583,
        0.427796 -1.152419 0.338583,
        0.638415 -1.023166 0.338583,
        0.641008 -1.041711 0.338583,
        0.673796 -1.018262 0.338583,
        0.527466 -1.088174 0.338583,
        0.531380 -1.086655 0.338583,
        0.537967 -1.054235 0.338583,
        0.619944 -1.095793 0.338583,
        0.604299 -1.109006 0.338583,
        0.673796 -1.121808 0.338583,
        0.444035 -1.063913 0.338583,
        0.520320 -1.024063 0.338583,
        0.434102 -1.054865 0.338583,
        0.422025 -1.048387 0.338583,
        0.523953 -1.090631 0.338583,
        0.631131 -1.080258 0.338583,
        0.605441 -1.037351 0.338583,
        0.602781 -1.026413 0.338583,
        0.598402 -1.018262 0.338583,
        0.315082 -1.018262 0.338583,
        0.638334 -1.062263 0.338583,
        0.535690 -1.086115 0.338583,
        0.536244 -1.086155 0.338583,
        0.537952 -1.086533 0.338583,
        0.318403 -1.052397 0.338583,
        0.325228 -1.064021 0.338583,
        0.354134 -1.069867 0.338583,
        0.335438 -1.074503 0.338583,
        0.347826 -1.082130 0.338583,
        0.375195 -1.051029 0.338583,
        0.363551 -1.059111 0.338583,
        0.313669 -1.029756 0.338583,
        0.314338 -1.038456 0.338583,
        0.387772 -1.046226 0.338583,
        0.401339 -1.044557 0.338583,
        0.408285 -1.044970 0.338583,
        0.518043 -1.103763 0.338583,
        0.518147 -1.101852 0.338583,
        0.458267 -1.096362 0.338583,
        0.519205 -1.097499 0.338583,
        0.521325 -1.093565 0.338583,
        0.594168 -1.072379 0.338583,
        0.600428 -1.063497 0.338583,
        0.604349 -1.053350 0.338583,
        0.605713 -1.042280 0.338583,
        0.531376 -1.120902 0.338583,
        0.527609 -1.119427 0.338583,
        0.523911 -1.116809 0.338583,
        0.522556 -1.115431 0.338583,
        0.520077 -1.111854 0.338583,
        0.518580 -1.107993 0.338583,
        0.457967 -1.107907 0.338583,
        0.458267 -1.102055 0.338583,
        0.586913 -1.117464 0.338583,
        0.568140 -1.121411 0.338583,
        0.534552 -1.121411 0.338583,
        0.539106 -1.086684 0.338583,
        0.564724 -1.086684 0.338583,
        0.574896 -1.084741 0.338583,
        0.584946 -1.080098 0.338583,
        0.593372 -1.073233 0.338583,
        0.556754 -0.997875 0.338583,
        0.320233 -1.003298 0.338583,
        0.315361 -1.015996 0.338583,
        0.561308 -0.997875 0.338583,
        0.597499 -1.016582 0.338583,
        0.590887 -1.009192 0.338583,
        0.582055 -1.003029 0.338583,
        0.572118 -0.999207 0.338583,
        0.532446 -0.949097 0.338583,
        0.529928 -0.946782 0.338583,
        0.400769 -0.981366 0.338583,
        0.545083 -0.964619 0.338583,
        0.326152 -0.994786 0.338583,
        0.396617 -0.979100 0.338583,
        0.556098 -0.994786 0.338583,
        0.553612 -0.983087 0.338583,
        0.383850 -0.974457 0.338583,
        0.370597 -0.972827 0.338583,
        0.364745 -0.973128 0.338583,
        0.513892 -0.935760 0.338583,
        0.496013 -0.929002 0.338583,
        0.409184 -0.963799 0.338583,
        0.477054 -0.926715 0.338583,
        0.350687 -0.976440 0.338583,
        0.337989 -0.983161 0.338583,
        0.328119 -0.991956 0.338583,
        0.456356 -0.929346 0.338583,
        0.437711 -0.936833 0.338583,
        0.421846 -0.948469 0.338583,
        0.623590 -0.994786 0.338583,
        0.631466 -1.005776 0.338583,
        0.636455 -1.018262 0.338583,
        1.008339 -0.972210 0.338583,
        0.978957 -0.972210 0.338583,
        1.016505 -0.994110 0.338583,
        0.978957 -0.994786 0.338583,
        1.027926 -0.994110 0.338583,
        1.377953 -0.994786 0.338583,
        1.377953 -0.913365 0.338583,
        0.997429 -0.914041 0.338583,
        0.978957 -0.913365 0.338583,
        0.974997 -0.972210 0.338583,
        0.967301 -0.994110 0.338583,
        0.953659 -0.994786 0.338583,
        0.955880 -0.994110 0.338583,
        0.953659 -0.913365 0.338583,
        0.978957 -0.933521 0.338583,
        0.986377 -0.914041 0.338583,
        0.860020 -0.958046 0.338583,
        0.838395 -0.958046 0.338583,
        0.860020 -0.984982 0.338583,
        0.838395 -0.984982 0.338583,
        0.878686 -0.913365 0.338583,
        0.860020 -0.913365 0.338583,
        0.869302 -0.914041 0.338583,
        0.860020 -0.914041 0.338583,
        0.869302 -0.923251 0.338583,
        0.871123 -0.984982 0.338583,
        0.878686 -0.994786 0.338583,
        0.871123 -0.994110 0.338583,
        0.860020 -0.994786 0.338583,
        0.867030 -0.958046 0.338583,
        0.867030 -0.948877 0.338583,
        0.860020 -0.948877 0.338583,
        0.860020 -0.923251 0.338583,
        0.838395 -0.923251 0.338583,
        0.838395 -0.948877 0.338583,
        0.828059 -0.914041 0.338583,
        0.823423 -0.913365 0.338583,
        0.828059 -0.994110 0.338583,
        0.812033 -0.915965 0.338583,
        0.803611 -0.913526 0.338583,
        0.801605 -0.913365 0.338583,
        0.860020 -0.994110 0.338583,
        0.812033 -0.926772 0.338583,
        0.810667 -0.991475 0.338583,
        0.795119 -0.986110 0.338583,
        0.804172 -0.984421 0.338583,
        0.812033 -0.980888 0.338583,
        0.812033 -0.990794 0.338583,
        0.803020 -0.923200 0.338583,
        0.793162 -0.922023 0.338583,
        0.762931 -0.954976 0.338583,
        0.766884 -0.972392 0.338583,
        0.770791 -0.977818 0.338583,
        0.772369 -0.979379 0.338583,
        0.777601 -0.983076 0.338583,
        0.783307 -0.985280 0.338583,
        0.791361 -0.986251 0.338583,
        0.771343 -0.930906 0.338583,
        0.766967 -0.936996 0.338583,
        0.776794 -0.926406 0.338583,
        0.783090 -0.923490 0.338583,
        0.790055 -0.922148 0.338583,
        0.764272 -0.943892 0.338583,
        0.811141 -0.926291 0.338583,
        0.763017 -0.957919 0.338583,
        0.764298 -0.965934 0.338583,
        0.755665 -0.002586 0.338583,
        0.793059 -0.912690 0.338583,
        0.823423 -0.002586 0.338583,
        0.793141 -0.912690 0.338583,
        0.754039 -0.940959 0.338583,
        0.755665 -0.937156 0.338583,
        0.757842 -0.932065 0.338583,
        0.763648 -0.924480 0.338583,
        0.765581 -0.922631 0.338583,
        0.773070 -0.917369 0.338583,
        0.755665 -0.973753 0.338583,
        0.753685 -0.968713 0.338583,
        0.750865 -0.994786 0.338583,
        0.752083 -0.955590 0.338583,
        0.752224 -0.951413 0.338583,
        0.750865 -0.913365 0.338583,
        0.776356 -0.993446 0.338583,
        0.768799 -0.989883 0.338583,
        0.755665 -0.994786 0.338583,
        0.762358 -0.984531 0.338583,
        0.756959 -0.977049 0.338583,
        0.782861 -0.994786 0.338583,
        0.755665 -1.018262 0.338583,
        0.785033 -0.995233 0.338583,
        0.789867 -0.995461 0.338583,
        0.823423 -1.018262 0.338583,
        0.949262 -0.967516 0.338583,
        0.945321 -0.975799 0.338583,
        0.922927 -0.913365 0.338583,
        0.922927 -0.915980 0.338583,
        0.930978 -0.918920 0.338583,
        0.922927 -0.992050 0.338583,
        0.922927 -0.994786 0.338583,
        0.931059 -0.988858 0.338583,
        0.939363 -0.982894 0.338583,
        0.939363 -0.924643 0.338583,
        0.942150 -0.927365 0.338583,
        0.947116 -0.934335 0.338583,
        0.950089 -0.941961 0.338583,
        0.951439 -0.953052 0.338583,
        0.951199 -0.958139 0.338583,
        0.909091 -0.914041 0.338583,
        0.921314 -0.915391 0.338583,
        0.921946 -0.992435 0.338583,
        0.908272 -0.994110 0.338583,
        0.886249 -0.994110 0.338583,
        0.886249 -0.914041 0.338583,
        0.786632 -1.120435 0.338583,
        0.782843 -1.121808 0.338583,
        0.795168 -1.121133 0.338583,
        0.762961 -1.094261 0.338583,
        0.764835 -1.077700 0.338583,
        0.760903 -1.097523 0.338583,
        0.759697 -1.101204 0.338583,
        0.787009 -1.071145 0.338583,
        0.783583 -1.070782 0.338583,
        0.778220 -1.087157 0.338583,
        0.790137 -1.118109 0.338583,
        0.771382 -1.121787 0.338583,
        0.767537 -1.120337 0.338583,
        0.755665 -1.121808 0.338583,
        0.765884 -1.091548 0.338583,
        0.769899 -1.089322 0.338583,
        0.771765 -1.073346 0.338583,
        0.778048 -1.071313 0.338583,
        0.764835 -1.067958 0.338583,
        0.766870 -1.066777 0.338583,
        0.764159 -1.117981 0.338583,
        0.763211 -1.117037 0.338583,
        0.761087 -1.114021 0.338583,
        0.795168 -1.112291 0.338583,
        0.794902 -1.112291 0.338583,
        0.793308 -1.114711 0.338583,
        0.759820 -1.110695 0.338583,
        0.759247 -1.105823 0.338583,
        0.821694 -1.088426 0.338583,
        0.820394 -1.086352 0.338583,
        0.805197 -1.084332 0.338583,
        0.819285 -1.083293 0.338583,
        0.804209 -1.075874 0.338583,
        0.818849 -1.079379 0.338583,
        0.795168 -1.084782 0.338583,
        0.794826 -1.080387 0.338583,
        0.793792 -1.076800 0.338583,
        0.792617 -1.074729 0.338583,
        0.774322 -1.063880 0.338583,
        0.784524 -1.062636 0.338583,
        0.791539 -1.063394 0.338583,
        0.823335 -1.090141 0.338583,
        0.818787 -1.108770 0.338583,
        0.823423 -1.090200 0.338583,
        0.822394 -1.111029 0.338583,
        0.823423 -1.111431 0.338583,
        0.795535 -1.064803 0.338583,
        0.798709 -1.066826 0.338583,
        0.822285 -1.069874 0.338583,
        0.791104 -1.073112 0.338583,
        0.789328 -1.071961 0.338583,
        0.819239 -1.075815 0.338583,
        0.820428 -1.072585 0.338583,
        0.802556 -1.071585 0.338583,
        0.800432 -1.068493 0.338583,
        0.782569 -1.121907 0.338583,
        0.823423 -1.153526 0.338583,
        0.755665 -1.153526 0.338583,
        0.777381 -1.122484 0.338583,
        0.771565 -1.121808 0.338583,
        0.818787 -1.119127 0.338583,
        0.805197 -1.121133 0.338583,
        0.823423 -1.120756 0.338583,
        0.823423 -1.121808 0.338583,
        0.825830 -1.121602 0.338583,
        0.827812 -1.121808 0.338583,
        0.834302 -1.122484 0.338583,
        0.854667 -1.065174 0.338583,
        0.854667 -1.074917 0.338583,
        0.825276 -1.067180 0.338583,
        0.827731 -1.065671 0.338583,
        0.823423 -1.068848 0.338583,
        0.856935 -1.109596 0.338583,
        0.855707 -1.112775 0.338583,
        0.853840 -1.115421 0.338583,
        0.833103 -1.063596 0.338583,
        0.841118 -1.062636 0.338583,
        0.860020 -1.018262 0.338583,
        0.848154 -1.063260 0.338583,
        0.854053 -1.096121 0.338583,
        0.855920 -1.098873 0.338583,
        0.856992 -1.101828 0.338583,
        0.857410 -1.105578 0.338583,
        0.850963 -1.117940 0.338583,
        0.848652 -1.119363 0.338583,
        0.840135 -1.070782 0.338583,
        0.837167 -1.071005 0.338583,
        0.829185 -1.078478 0.338583,
        0.834483 -1.071715 0.338583,
        0.832235 -1.072911 0.338583,
        0.829276 -1.079812 0.338583,
        0.829674 -1.081370 0.338583,
        0.830397 -1.082723 0.338583,
        0.831375 -1.083800 0.338583,
        0.834911 -1.086010 0.338583,
        0.847135 -1.071633 0.338583,
        0.841118 -1.088712 0.338583,
        0.852810 -1.073830 0.338583,
        0.845001 -1.090283 0.338583,
        0.851662 -1.093988 0.338583,
        0.830722 -1.074248 0.338583,
        0.829861 -1.075525 0.338583,
        0.829367 -1.076879 0.338583,
        0.828667 -1.113480 0.338583,
        0.834036 -1.095998 0.338583,
        0.828058 -1.093258 0.338583,
        0.835284 -1.114296 0.338583,
        0.835727 -1.114294 0.338583,
        0.840621 -1.098757 0.338583,
        0.840869 -1.113718 0.338583,
        0.847115 -1.106560 0.338583,
        0.847017 -1.105312 0.338583,
        0.843456 -1.112770 0.338583,
        0.844371 -1.112216 0.338583,
        0.845522 -1.111194 0.338583,
        0.846397 -1.109899 0.338583,
        0.846907 -1.108473 0.338583,
        0.846561 -1.103746 0.338583,
        0.845785 -1.102417 0.338583,
        0.844536 -1.101115 0.338583,
        0.907126 -1.063946 0.338583,
        0.917524 -1.063946 0.338583,
        0.922927 -1.018262 0.338583,
        0.888787 -1.106928 0.338583,
        0.890015 -1.111636 0.338583,
        0.890281 -1.111636 0.338583,
        0.878686 -1.018262 0.338583,
        0.878686 -1.077871 0.338583,
        0.891509 -1.107010 0.338583,
        0.890742 -1.109676 0.338583,
        0.878686 -1.121808 0.338583,
        0.878686 -1.104792 0.338583,
        0.862629 -1.063946 0.338583,
        0.873846 -1.063946 0.338583,
        0.885062 -1.121010 0.338583,
        0.884724 -1.121808 0.338583,
        0.880661 -1.131407 0.338583,
        0.860020 -1.153526 0.338583,
        0.864696 -1.147250 0.338583,
        0.864696 -1.138326 0.338583,
        0.876758 -1.137165 0.338583,
        0.878627 -1.135108 0.338583,
        0.878686 -1.135001 0.338583,
        0.866748 -1.138998 0.338583,
        0.870386 -1.139472 0.338583,
        0.878686 -1.146244 0.338583,
        0.875611 -1.147503 0.338583,
        0.878686 -1.153526 0.338583,
        0.871164 -1.148068 0.338583,
        0.868950 -1.147989 0.338583,
        0.873069 -1.139133 0.338583,
        0.875236 -1.138243 0.338583,
        0.894710 -1.121808 0.338583,
        0.891570 -1.129770 0.338583,
        0.922927 -1.153526 0.338583,
        0.886975 -1.138694 0.338583,
        0.882849 -1.143494 0.338583,
        0.879530 -1.145898 0.338583,
        0.953659 -1.085069 0.338583,
        0.938667 -1.085069 0.338583,
        0.953659 -1.112004 0.338583,
        0.938667 -1.112004 0.338583,
        0.969573 -1.041063 0.338583,
        0.969573 -1.050274 0.338583,
        0.978957 -1.018262 0.338583,
        0.971394 -1.112004 0.338583,
        0.978957 -1.121808 0.338583,
        0.971394 -1.121133 0.338583,
        0.953659 -1.121808 0.338583,
        0.967301 -1.085069 0.338583,
        0.967301 -1.075899 0.338583,
        0.953659 -1.075899 0.338583,
        0.953659 -1.050274 0.338583,
        0.938667 -1.050274 0.338583,
        0.938667 -1.075899 0.338583,
        0.953659 -1.121133 0.338583,
        0.928330 -1.121133 0.338583,
        0.922927 -1.121808 0.338583,
        0.928330 -1.041063 0.338583,
        0.953659 -1.041063 0.338583,
        0.953659 -1.018262 0.338583,
        0.978957 -0.002586 0.338583,
        0.953659 1.377953 0.338583,
        0.953659 -0.002586 0.338583,
        0.922927 1.377953 0.338583,
        0.922927 -0.002586 0.338583,
        0.878686 1.377953 0.338583,
        0.878686 -0.002586 0.338583,
        0.860020 1.377953 0.338583,
        0.860020 -0.002586 0.338583,
        0.823423 1.377953 0.338583,
        0.755665 1.377953 0.338583,
        0.750865 1.377953 0.338583,
        0.673796 1.377953 0.338583,
        0.750865 -0.002586 0.338583,
        -0.303886 1.377953 0.338583,
        -0.983154 0.891871 0.338583,
        -1.017227 0.887385 0.338583,
        -1.377953 -0.002586 0.338583,
        -0.951402 1.133050 0.338583,
        -0.924135 1.112128 0.338583,
        -0.903214 1.084862 0.338583,
        -0.903214 0.953211 0.338583,
        -0.924135 0.925944 0.338583,
        -0.951402 0.905023 0.338583,
        -1.051301 0.891871 0.338583,
        -1.083053 0.905023 0.338583,
        -1.110319 0.925944 0.338583,
        -0.890061 1.053110 0.338583,
        -0.885576 1.019036 0.338583,
        -0.890061 0.984963 0.338583,
        -1.131241 0.953211 0.338583,
        -1.144393 0.984963 0.338583,
        -1.377953 1.377953 0.338583,
        -1.148879 1.019036 0.338583,
        -1.144393 1.053110 0.338583,
        -1.131241 1.084862 0.338583,
        -1.110319 1.112128 0.338583,
        -1.083053 1.133050 0.338583,
        -1.051301 1.146202 0.338583,
        -1.017227 1.150688 0.338583,
        -0.983154 1.146202 0.338583,
        0.748808 -0.984982 0.338583,
        0.748808 -0.994110 0.338583,
        0.706583 -0.994110 0.338583,
        0.706583 -0.914041 0.338583,
        0.716920 -0.914041 0.338583,
        0.716920 -0.984982 0.338583,
        0.750865 -1.018262 0.338583,
        1.067572 -1.121133 0.338583,
        1.056151 -1.121133 0.338583,
        1.116776 -1.121133 0.338583,
        1.108610 -1.099232 0.338583,
        1.075268 -1.099232 0.338583,
        1.128197 -1.121133 0.338583,
        1.377953 -1.121808 0.338583,
        1.097700 -1.041063 0.338583,
        1.377953 -1.018262 0.338583,
        1.049533 -1.094538 0.338583,
        1.051470 -1.085162 0.338583,
        1.086648 -1.041063 0.338583,
        1.051709 -1.080075 0.338583,
        1.050360 -1.068983 0.338583,
        1.045593 -1.102821 0.338583,
        1.039634 -1.109917 0.338583,
        1.031330 -1.115881 0.338583,
        0.986520 -1.041063 0.338583,
        0.986520 -1.121133 0.338583,
        1.008543 -1.121133 0.338583,
        1.022217 -1.119457 0.338583,
        1.039634 -1.051665 0.338583,
        1.042421 -1.054388 0.338583,
        1.047387 -1.061357 0.338583,
        1.009362 -1.041063 0.338583,
        1.021585 -1.042413 0.338583,
        1.031249 -1.045942 0.338583,
        0.750865 -1.121808 0.338583,
        0.706583 -1.121133 0.338583,
        0.749648 -1.121133 0.338583,
        0.749648 -1.112004 0.338583,
        0.747826 -1.050274 0.338583,
        0.706583 -1.041063 0.338583,
        0.747826 -1.041063 0.338583,
        0.716920 -1.085069 0.338583,
        0.716920 -1.112004 0.338583,
        0.745554 -1.085069 0.338583,
        0.745554 -1.075899 0.338583,
        0.716920 -1.075899 0.338583,
        0.716920 -1.050274 0.338583,
        0.953659 -1.153526 0.338583,
        0.978957 -1.153526 0.338583,
        1.377953 -1.153526 0.338583,
        0.750865 -1.153526 0.338583,
        0.750865 -1.377953 0.338583,
        0.755665 -1.377953 0.338583,
        0.823423 -1.377953 0.338583,
        0.860020 -1.377953 0.338583,
        0.878686 -1.377953 0.338583,
        0.922927 -1.377953 0.338583,
        0.953659 -1.377953 0.338583,
        0.978957 -1.377953 0.338583,
        1.377953 -1.377953 0.338583,
        -1.377953 -0.913365 0.338583,
        -1.377953 -0.994786 0.338583,
        -1.377953 -1.018262 0.338583,
        -1.377953 -1.121808 0.338583,
        -1.377953 -1.153526 0.338583,
        -1.377953 -1.377953 0.338583,
        0.332677 -1.225613 0.003937,
        0.324131 -1.222074 0.003937,
        0.629921 -0.669291 0.003937,
        -0.297244 -1.225613 0.003937,
        -0.305790 -1.222074 0.003937,
        -0.188166 -1.238583 0.003937,
        0.909449 -1.256299 0.003937,
        0.909449 -1.377953 0.003937,
        0.822835 -1.377953 0.003937,
        1.225613 0.454724 0.003937,
        1.238583 0.345646 0.003937,
        1.222074 0.463270 0.003937,
        1.231244 0.340016 0.003937,
        1.220866 0.472441 0.003937,
        -1.222074 -0.639092 0.003937,
        -1.220866 -0.629921 0.003937,
        -0.669291 -0.629921 0.003937,
        0.175197 -1.225613 0.003937,
        0.166651 -1.222074 0.003937,
        0.284275 -1.238583 0.003937,
        1.256299 -0.507874 0.003937,
        1.377953 -0.507874 0.003937,
        1.377953 -0.594488 0.003937,
        1.231244 0.447386 0.003937,
        1.238583 0.441755 0.003937,
        1.247128 0.349186 0.003937,
        1.256299 0.822835 0.003937,
        1.231244 0.919827 0.003937,
        1.238583 0.914196 0.003937,
        1.222074 -0.463270 0.003937,
        1.220866 -0.472441 0.003937,
        0.796572 -1.222074 0.003937,
        0.649606 -0.664017 0.003937,
        0.657760 -0.657760 0.003937,
        0.639092 -1.222074 0.003937,
        0.289906 -1.231244 0.003937,
        1.256299 -0.594488 0.003937,
        1.247128 -0.595696 0.003937,
        1.247128 -0.506667 0.003937,
        1.238583 -0.599235 0.003937,
        1.238583 -0.503127 0.003937,
        0.818087 -1.238583 0.003937,
        1.220866 -0.629921 0.003937,
        1.222074 -0.639092 0.003937,
        1.377953 -1.137795 0.003937,
        1.377953 -1.377953 0.003937,
        1.256299 -1.137795 0.003937,
        1.137795 -1.377953 0.003937,
        1.247128 0.821627 0.003937,
        1.222074 0.935711 0.003937,
        1.225613 0.927165 0.003937,
        1.247128 0.034226 0.003937,
        1.238583 0.030686 0.003937,
        1.238583 0.126794 0.003937,
        1.231244 0.025055 0.003937,
        0.481612 -1.222074 0.003937,
        0.472441 -1.220866 0.003937,
        0.463270 -1.222074 0.003937,
        1.231244 -0.604866 0.003937,
        1.225613 -0.612205 0.003937,
        1.222074 -0.620750 0.003937,
        0.822835 -1.256299 0.003937,
        1.238583 -0.660607 0.003937,
        0.821627 -1.247128 0.003937,
        1.231244 -0.654976 0.003937,
        1.225613 -0.647638 0.003937,
        1.256299 -0.665354 0.003937,
        1.377953 -0.665354 0.003937,
        1.377953 -0.751969 0.003937,
        1.220866 -1.102362 0.003937,
        1.222074 -1.111533 0.003937,
        1.136588 -1.247128 0.003937,
        1.238583 0.818087 0.003937,
        1.231244 0.812457 0.003937,
        1.220866 0.944882 0.003937,
        1.225613 0.805118 0.003937,
        1.231244 0.762346 0.003937,
        1.238583 0.756716 0.003937,
        1.225613 0.139764 0.003937,
        1.231244 0.132425 0.003937,
        1.222074 0.009171 0.003937,
        1.225613 0.017717 0.003937,
        0.787402 -1.220866 0.003937,
        0.778231 -1.222074 0.003937,
        1.222074 0.305790 0.003937,
        0.769685 -1.225613 0.003937,
        0.762346 -1.231244 0.003937,
        -1.238583 -0.660607 0.003937,
        -1.247128 -0.664147 0.003937,
        -1.256299 -0.665354 0.003937,
        -1.231244 -0.654976 0.003937,
        -1.225613 -0.647638 0.003937,
        -1.231244 -0.497496 0.003937,
        -1.225613 -0.490157 0.003937,
        -1.247128 -0.595696 0.003937,
        -0.664017 0.649606 0.003937,
        -1.220866 -0.314961 0.003937,
        -1.222074 -0.305790 0.003937,
        -1.225613 -0.297244 0.003937,
        -1.231244 -0.289906 0.003937,
        -1.238583 -0.284275 0.003937,
        -1.222074 -0.148309 0.003937,
        -1.225613 -0.139764 0.003937,
        -1.111533 1.222074 0.003937,
        -1.102362 1.220866 0.003937,
        -1.225613 1.120079 0.003937,
        0.340016 -1.231244 0.003937,
        0.345646 -1.238583 0.003937,
        0.454724 -1.225613 0.003937,
        0.447386 -1.231244 0.003937,
        -0.324131 -1.222074 0.003937,
        -0.332677 -1.225613 0.003937,
        -0.629921 -0.669291 0.003937,
        -0.340016 -1.231244 0.003937,
        -0.481612 -1.222074 0.003937,
        -0.490157 -1.225613 0.003937,
        -0.497496 -1.231244 0.003937,
        1.256299 -0.751969 0.003937,
        1.247128 -0.753176 0.003937,
        1.247128 -0.664147 0.003937,
        1.238583 -0.756716 0.003937,
        0.962598 -1.225613 0.003937,
        0.954053 -1.222074 0.003937,
        1.222074 0.954053 0.003937,
        1.225613 0.769685 0.003937,
        1.222074 0.620750 0.003937,
        1.225613 0.612205 0.003937,
        1.377953 0.909449 0.003937,
        1.377953 0.822835 0.003937,
        1.256299 0.909449 0.003937,
        1.247128 0.910656 0.003937,
        1.225613 0.297244 0.003937,
        1.231244 0.289906 0.003937,
        1.247128 -0.438215 0.003937,
        1.238583 -0.441755 0.003937,
        1.238583 -0.345646 0.003937,
        -1.247128 -0.191706 0.003937,
        -1.238583 -0.188166 0.003937,
        -1.231244 -0.182535 0.003937,
        -1.225613 -0.175197 0.003937,
        -1.222074 -0.166651 0.003937,
        -1.220866 -0.157480 0.003937,
        0.669291 0.629921 0.003937,
        0.667950 0.640111 0.003937,
        0.664017 0.649606 0.003937,
        0.657760 0.657760 0.003937,
        1.225613 1.084646 0.003937,
        1.231244 1.077307 0.003937,
        1.238583 0.975568 0.003937,
        1.238583 1.071676 0.003937,
        1.247128 0.979107 0.003937,
        1.222074 1.093191 0.003937,
        1.231244 0.969937 0.003937,
        1.220866 1.102362 0.003937,
        -1.093191 1.222074 0.003937,
        -1.220866 1.102362 0.003937,
        -1.222074 1.111533 0.003937,
        0.034226 -1.247128 0.003937,
        0.030686 -1.238583 0.003937,
        0.126794 -1.238583 0.003937,
        0.025055 -1.231244 0.003937,
        -0.447386 -1.231244 0.003937,
        -0.345646 -1.238583 0.003937,
        -0.441755 -1.238583 0.003937,
        -0.438215 -1.247128 0.003937,
        -0.454724 -1.225613 0.003937,
        -0.463270 -1.222074 0.003937,
        -0.472441 -1.220866 0.003937,
        1.256299 0.437008 0.003937,
        1.377953 0.437008 0.003937,
        1.377953 0.350394 0.003937,
        1.222074 0.796572 0.003937,
        1.220866 0.787402 0.003937,
        1.222074 0.778231 0.003937,
        1.256299 0.122047 0.003937,
        1.377953 0.122047 0.003937,
        1.377953 0.035433 0.003937,
        1.231244 -0.340016 0.003937,
        -1.238583 -0.599235 0.003937,
        -1.222074 -0.481612 0.003937,
        -1.220866 -0.472441 0.003937,
        -1.222074 -0.463270 0.003937,
        -1.247128 -0.123255 0.003937,
        -1.238583 -0.030686 0.003937,
        -1.238583 -0.126794 0.003937,
        -1.231244 -0.025055 0.003937,
        0.629921 -1.220866 0.003937,
        0.640111 -0.667950 0.003937,
        0.604866 -1.231244 0.003937,
        0.612205 -1.225613 0.003937,
        0.620750 -1.222074 0.003937,
        0.649606 0.664017 0.003937,
        0.640111 0.667950 0.003937,
        0.629921 0.669291 0.003937,
        -1.225613 0.962598 0.003937,
        -1.231244 0.969937 0.003937,
        -1.222074 1.093191 0.003937,
        -1.238583 0.975568 0.003937,
        -1.225613 1.084646 0.003937,
        0.437008 -1.256299 0.003937,
        0.437008 -1.377953 0.003937,
        0.350394 -1.377953 0.003937,
        0.314961 -1.220866 0.003937,
        0.305790 -1.222074 0.003937,
        0.297244 -1.225613 0.003937,
        0.017717 -1.225613 0.003937,
        0.009171 -1.222074 0.003937,
        0.132425 -1.231244 0.003937,
        -0.123255 -1.247128 0.003937,
        -0.126794 -1.238583 0.003937,
        -0.030686 -1.238583 0.003937,
        -0.132425 -1.231244 0.003937,
        -0.148309 -1.222074 0.003937,
        -0.157480 -1.220866 0.003937,
        -0.350394 -1.256299 0.003937,
        -0.350394 -1.377953 0.003937,
        -0.437008 -1.377953 0.003937,
        -0.620750 -1.222074 0.003937,
        -0.629921 -1.220866 0.003937,
        -0.639092 -1.222074 0.003937,
        -0.647638 -1.225613 0.003937,
        -0.654976 -1.231244 0.003937,
        -0.778231 -1.222074 0.003937,
        1.247128 -0.821627 0.003937,
        1.238583 -0.914196 0.003937,
        1.238583 -0.818087 0.003937,
        1.231244 -0.919827 0.003937,
        1.093191 -1.222074 0.003937,
        1.084646 -1.225613 0.003937,
        0.979107 -1.247128 0.003937,
        1.077307 -1.231244 0.003937,
        1.071676 -1.238583 0.003937,
        1.247128 0.438215 0.003937,
        1.256299 0.350394 0.003937,
        1.247128 0.664147 0.003937,
        1.238583 0.660607 0.003937,
        1.231244 0.654976 0.003937,
        1.222074 0.481612 0.003937,
        1.247128 0.123255 0.003937,
        1.256299 0.035433 0.003937,
        1.222074 -0.166651 0.003937,
        1.225613 -0.175197 0.003937,
        1.231244 -0.182535 0.003937,
        1.238583 -0.188166 0.003937,
        1.222074 -0.481612 0.003937,
        1.225613 -0.490157 0.003937,
        0.805118 -1.225613 0.003937,
        1.231244 -0.497496 0.003937,
        0.812457 -1.231244 0.003937,
        0.751969 -1.256299 0.003937,
        0.751969 -1.377953 0.003937,
        0.665354 -1.377953 0.003937,
        0.756716 -1.238583 0.003937,
        0.753176 -1.247128 0.003937,
        0.647638 -1.225613 0.003937,
        0.654976 -1.231244 0.003937,
        -1.222074 -0.620750 0.003937,
        -1.225613 -0.612205 0.003937,
        -1.231244 -0.604866 0.003937,
        -1.222074 -0.324131 0.003937,
        -0.667950 0.640111 0.003937,
        -1.225613 -0.332677 0.003937,
        -1.225613 -0.017717 0.003937,
        -1.231244 -0.132425 0.003937,
        -1.222074 -0.009171 0.003937,
        -1.220866 0.000000 0.003937,
        -0.657760 0.657760 0.003937,
        -1.222074 0.009171 0.003937,
        -1.225613 0.017717 0.003937,
        -1.247128 0.123255 0.003937,
        -1.238583 0.126794 0.003937,
        -1.238583 0.030686 0.003937,
        -1.231244 0.132425 0.003937,
        -1.225613 0.139764 0.003937,
        -1.231244 0.025055 0.003937,
        -1.222074 0.148309 0.003937,
        -1.220866 0.157480 0.003937,
        -1.222074 0.166651 0.003937,
        -1.225613 0.175197 0.003937,
        -1.231244 0.182535 0.003937,
        -1.238583 0.188166 0.003937,
        -1.231244 0.762346 0.003937,
        -1.225613 0.769685 0.003937,
        -1.247128 0.664147 0.003937,
        0.594488 -1.256299 0.003937,
        0.594488 -1.377953 0.003937,
        0.507874 -1.377953 0.003937,
        0.599235 -1.238583 0.003937,
        0.595696 -1.247128 0.003937,
        0.490157 -1.225613 0.003937,
        0.497496 -1.231244 0.003937,
        0.664017 -0.649606 0.003937,
        0.667950 -0.640111 0.003937,
        0.669291 -0.629921 0.003937,
        1.256299 1.066929 0.003937,
        1.377953 1.066929 0.003937,
        1.377953 0.980315 0.003937,
        -1.220866 0.944882 0.003937,
        1.225613 0.962598 0.003937,
        -1.222074 0.954053 0.003937,
        -1.238583 1.133048 0.003937,
        -1.137795 1.377953 0.003937,
        -1.137795 1.256299 0.003937,
        -1.377953 1.137795 0.003937,
        -1.377953 1.377953 0.003937,
        -1.256299 1.137795 0.003937,
        -1.247128 1.136588 0.003937,
        -1.084646 1.225613 0.003937,
        -0.944882 1.220866 0.003937,
        -1.077307 1.231244 0.003937,
        -0.954053 1.222074 0.003937,
        -1.071676 1.238583 0.003937,
        -0.962598 1.225613 0.003937,
        -0.935711 1.222074 0.003937,
        -0.787402 1.220866 0.003937,
        -0.639092 1.222074 0.003937,
        -0.629921 1.220866 0.003937,
        -0.769685 1.225613 0.003937,
        0.441755 -1.238583 0.003937,
        0.438215 -1.247128 0.003937,
        0.349186 -1.247128 0.003937,
        0.350394 -1.256299 0.003937,
        0.279528 -1.256299 0.003937,
        0.279528 -1.377953 0.003937,
        0.192913 -1.377953 0.003937,
        0.157480 -1.220866 0.003937,
        0.148309 -1.222074 0.003937,
        0.139764 -1.225613 0.003937,
        -0.139764 -1.225613 0.003937,
        -0.025055 -1.231244 0.003937,
        -0.166651 -1.222074 0.003937,
        -0.175197 -1.225613 0.003937,
        -0.182535 -1.231244 0.003937,
        -0.349186 -1.247128 0.003937,
        -0.437008 -1.256299 0.003937,
        1.225613 -1.120079 0.003937,
        1.231244 -1.127417 0.003937,
        1.137795 -1.256299 0.003937,
        1.238583 -1.133048 0.003937,
        1.247128 -1.136588 0.003937,
        1.225613 -0.805118 0.003937,
        1.231244 -0.812457 0.003937,
        1.222074 -0.935711 0.003937,
        1.225613 -0.927165 0.003937,
        1.133048 -1.238583 0.003937,
        1.225613 -1.084646 0.003937,
        1.222074 -1.093191 0.003937,
        1.231244 -1.077307 0.003937,
        1.222074 -0.954053 0.003937,
        1.238583 -1.071676 0.003937,
        1.225613 -0.962598 0.003937,
        1.231244 -0.969937 0.003937,
        0.944882 -1.220866 0.003937,
        0.935711 -1.222074 0.003937,
        0.927165 -1.225613 0.003937,
        1.225613 0.647638 0.003937,
        1.222074 0.639092 0.003937,
        1.220866 0.629921 0.003937,
        1.225613 0.490157 0.003937,
        1.238583 0.599235 0.003937,
        1.231244 0.604866 0.003937,
        1.225613 0.332677 0.003937,
        1.222074 0.324131 0.003937,
        1.220866 0.314961 0.003937,
        1.225613 -0.454724 0.003937,
        1.220866 -0.314961 0.003937,
        1.231244 -0.447386 0.003937,
        1.222074 -0.324131 0.003937,
        1.225613 -0.332677 0.003937,
        0.665354 -1.256299 0.003937,
        0.664147 -1.247128 0.003937,
        0.660607 -1.238583 0.003937,
        -0.668095 0.290265 0.003937,
        -0.669291 0.280633 0.003937,
        -1.231244 -0.340016 0.003937,
        -1.238583 -0.345646 0.003937,
        -1.225613 -0.454724 0.003937,
        -1.231244 -0.447386 0.003937,
        -1.256299 -0.279528 0.003937,
        -1.377953 -0.279528 0.003937,
        -1.377953 -0.192913 0.003937,
        0.507874 -1.256299 0.003937,
        0.506667 -1.247128 0.003937,
        0.503127 -1.238583 0.003937,
        1.247128 1.068137 0.003937,
        1.256299 0.980315 0.003937,
        -1.136588 1.247128 0.003937,
        -1.133048 1.238583 0.003937,
        -1.231244 1.127417 0.003937,
        -1.127417 1.231244 0.003937,
        -1.120079 1.225613 0.003937,
        -0.927165 1.225613 0.003937,
        -0.919827 1.231244 0.003937,
        -0.796572 1.222074 0.003937,
        -0.914196 1.238583 0.003937,
        -0.805118 1.225613 0.003937,
        -0.778231 1.222074 0.003937,
        0.192913 -1.256299 0.003937,
        0.191706 -1.247128 0.003937,
        0.280735 -1.247128 0.003937,
        0.188166 -1.238583 0.003937,
        0.182535 -1.231244 0.003937,
        0.122047 -1.256299 0.003937,
        0.122047 -1.377953 0.003937,
        0.035433 -1.377953 0.003937,
        -0.000000 -1.220866 0.003937,
        -0.009171 -1.222074 0.003937,
        -0.017717 -1.225613 0.003937,
        -0.314961 -1.220866 0.003937,
        -0.507874 -1.256299 0.003937,
        -0.507874 -1.377953 0.003937,
        -0.594488 -1.377953 0.003937,
        -0.503127 -1.238583 0.003937,
        -0.506667 -1.247128 0.003937,
        -0.612205 -1.225613 0.003937,
        -0.604866 -1.231244 0.003937,
        -0.954053 -1.222074 0.003937,
        -0.962598 -1.225613 0.003937,
        -1.068137 -1.247128 0.003937,
        -0.969937 -1.231244 0.003937,
        -0.975568 -1.238583 0.003937,
        1.127417 -1.231244 0.003937,
        1.120079 -1.225613 0.003937,
        1.111533 -1.222074 0.003937,
        1.066929 -1.256299 0.003937,
        1.066929 -1.377953 0.003937,
        0.980315 -1.377953 0.003937,
        0.919827 -1.231244 0.003937,
        0.914196 -1.238583 0.003937,
        0.910656 -1.247128 0.003937,
        1.256299 0.751969 0.003937,
        1.377953 0.751969 0.003937,
        1.377953 0.665354 0.003937,
        1.247128 0.506667 0.003937,
        1.238583 0.503127 0.003937,
        1.231244 0.497496 0.003937,
        1.225613 -0.017717 0.003937,
        1.231244 -0.025055 0.003937,
        1.238583 -0.126794 0.003937,
        1.238583 -0.030686 0.003937,
        1.247128 -0.034226 0.003937,
        1.222074 -0.009171 0.003937,
        1.231244 -0.132425 0.003937,
        1.220866 0.000000 0.003937,
        1.238583 0.188166 0.003937,
        1.231244 0.182535 0.003937,
        1.222074 -0.305790 0.003937,
        1.225613 -0.297244 0.003937,
        -1.256299 -0.594488 0.003937,
        -1.377953 -0.594488 0.003937,
        -1.377953 -0.507874 0.003937,
        -1.256299 -0.437008 0.003937,
        -1.377953 -0.437008 0.003937,
        -1.377953 -0.350394 0.003937,
        -0.625106 0.326584 0.003937,
        -0.668095 0.497137 0.003937,
        -0.610029 0.339433 0.003937,
        -0.664579 0.488091 0.003937,
        -0.658957 0.480180 0.003937,
        -1.247128 -0.280735 0.003937,
        -1.256299 -0.192913 0.003937,
        -1.377953 -0.122047 0.003937,
        -1.377953 -0.035433 0.003937,
        -1.256299 -0.122047 0.003937,
        -1.256299 -0.035433 0.003937,
        -1.247128 -0.034226 0.003937,
        -1.222074 0.324131 0.003937,
        -0.649606 0.664017 0.003937,
        -1.220866 0.314961 0.003937,
        -1.222074 0.305790 0.003937,
        -1.225613 0.332677 0.003937,
        -1.231244 0.340016 0.003937,
        -1.238583 0.345646 0.003937,
        -1.222074 0.778231 0.003937,
        -0.629921 0.669291 0.003937,
        -1.220866 0.787402 0.003937,
        -1.222074 0.796572 0.003937,
        -1.225613 0.805118 0.003937,
        -1.231244 0.812457 0.003937,
        -1.222074 0.935711 0.003937,
        -1.238583 0.818087 0.003937,
        -1.225613 0.927165 0.003937,
        -1.256299 0.822835 0.003937,
        -1.377953 0.822835 0.003937,
        -1.377953 0.909449 0.003937,
        -1.256299 0.980315 0.003937,
        -1.377953 0.980315 0.003937,
        -1.377953 1.066929 0.003937,
        -0.654976 1.231244 0.003937,
        -0.647638 1.225613 0.003937,
        -0.753176 1.247128 0.003937,
        0.935711 1.222074 0.003937,
        0.944882 1.220866 0.003937,
        0.954053 1.222074 0.003937,
        0.123255 -1.247128 0.003937,
        0.035433 -1.256299 0.003937,
        -0.035433 -1.256299 0.003937,
        -0.035433 -1.377953 0.003937,
        -0.122047 -1.377953 0.003937,
        -0.192913 -1.256299 0.003937,
        -0.192913 -1.377953 0.003937,
        -0.279528 -1.377953 0.003937,
        -0.594488 -1.256299 0.003937,
        -0.595696 -1.247128 0.003937,
        -0.599235 -1.238583 0.003937,
        -0.665354 -1.256299 0.003937,
        -0.665354 -1.377953 0.003937,
        -0.751969 -1.377953 0.003937,
        -0.660607 -1.238583 0.003937,
        -0.664147 -1.247128 0.003937,
        -0.769685 -1.225613 0.003937,
        -0.762346 -1.231244 0.003937,
        -0.664017 -0.649606 0.003937,
        -0.657760 -0.657760 0.003937,
        -0.805118 -1.225613 0.003937,
        -0.649606 -0.664017 0.003937,
        -0.812457 -1.231244 0.003937,
        -0.935711 -1.222074 0.003937,
        -0.818087 -1.238583 0.003937,
        -0.927165 -1.225613 0.003937,
        -1.220866 -0.787402 0.003937,
        -1.222074 -0.778231 0.003937,
        1.068137 -1.247128 0.003937,
        0.980315 -1.256299 0.003937,
        1.220866 -0.787402 0.003937,
        1.222074 -0.778231 0.003937,
        1.102362 -1.220866 0.003937,
        1.247128 0.753176 0.003937,
        1.256299 0.665354 0.003937,
        1.256299 0.594488 0.003937,
        1.377953 0.594488 0.003937,
        1.377953 0.507874 0.003937,
        1.256299 0.279528 0.003937,
        1.377953 0.279528 0.003937,
        1.377953 0.192913 0.003937,
        1.256299 -0.192913 0.003937,
        1.377953 -0.192913 0.003937,
        1.377953 -0.279528 0.003937,
        1.256299 -0.350394 0.003937,
        1.377953 -0.350394 0.003937,
        1.377953 -0.437008 0.003937,
        -1.256299 -0.507874 0.003937,
        -1.247128 -0.506667 0.003937,
        -1.238583 -0.503127 0.003937,
        -1.238583 -0.441755 0.003937,
        -1.247128 -0.438215 0.003937,
        -1.247128 -0.349186 0.003937,
        -1.256299 -0.350394 0.003937,
        -0.651570 0.473885 0.003937,
        -0.642868 0.469588 0.003937,
        -0.598554 0.355580 0.003937,
        -0.664579 0.299311 0.003937,
        -0.669291 0.506769 0.003937,
        -0.669291 0.629921 0.003937,
        -1.256299 0.035433 0.003937,
        -1.377953 0.035433 0.003937,
        -1.377953 0.122047 0.003937,
        -1.256299 0.192913 0.003937,
        -1.377953 0.192913 0.003937,
        -1.377953 0.279528 0.003937,
        -1.225613 0.612205 0.003937,
        -1.222074 0.620750 0.003937,
        -0.640111 0.667950 0.003937,
        -1.220866 0.629921 0.003937,
        -1.238583 0.660607 0.003937,
        -1.256299 0.909449 0.003937,
        -1.247128 0.910656 0.003937,
        -1.247128 0.821627 0.003937,
        -1.238583 0.914196 0.003937,
        -1.231244 0.919827 0.003937,
        -1.256299 1.066929 0.003937,
        -1.247128 1.068137 0.003937,
        -1.247128 0.979107 0.003937,
        -1.238583 1.071676 0.003937,
        -1.231244 1.077307 0.003937,
        -1.066929 1.256299 0.003937,
        -1.066929 1.377953 0.003937,
        -0.980315 1.377953 0.003937,
        -0.620750 1.222074 0.003937,
        -0.472441 1.220866 0.003937,
        -0.612205 1.225613 0.003937,
        -0.481612 1.222074 0.003937,
        -0.497496 1.231244 0.003937,
        -0.490157 1.225613 0.003937,
        -0.595696 1.247128 0.003937,
        -0.314961 1.220866 0.003937,
        -0.305790 1.222074 0.003937,
        -0.157480 1.220866 0.003937,
        -0.191706 1.247128 0.003937,
        -0.188166 1.238583 0.003937,
        -0.284275 1.238583 0.003937,
        -0.148309 1.222074 0.003937,
        -0.139764 1.225613 0.003937,
        0.962598 1.225613 0.003937,
        0.969937 1.231244 0.003937,
        0.975568 1.238583 0.003937,
        -0.034226 -1.247128 0.003937,
        -0.122047 -1.256299 0.003937,
        -0.279528 -1.256299 0.003937,
        -0.280735 -1.247128 0.003937,
        -0.191706 -1.247128 0.003937,
        -0.284275 -1.238583 0.003937,
        -0.289906 -1.231244 0.003937,
        -0.751969 -1.256299 0.003937,
        -0.753176 -1.247128 0.003937,
        -0.756716 -1.238583 0.003937,
        -0.980315 -1.256299 0.003937,
        -0.980315 -1.377953 0.003937,
        -1.066929 -1.377953 0.003937,
        -0.667950 -0.640111 0.003937,
        -0.944882 -1.220866 0.003937,
        -1.133048 -1.238583 0.003937,
        -1.247128 -0.821627 0.003937,
        -1.127417 -1.231244 0.003937,
        -1.120079 -1.225613 0.003937,
        1.377953 -0.822835 0.003937,
        1.377953 -0.909449 0.003937,
        1.256299 -0.822835 0.003937,
        1.256299 -0.909449 0.003937,
        1.247128 -0.910656 0.003937,
        1.220866 -0.944882 0.003937,
        1.222074 -0.796572 0.003937,
        1.231244 -0.762346 0.003937,
        1.225613 -0.769685 0.003937,
        0.969937 -1.231244 0.003937,
        0.975568 -1.238583 0.003937,
        1.247128 0.595696 0.003937,
        1.256299 0.507874 0.003937,
        1.238583 0.284275 0.003937,
        1.247128 0.280735 0.003937,
        1.247128 0.191706 0.003937,
        1.256299 0.192913 0.003937,
        1.256299 -0.279528 0.003937,
        1.247128 -0.280735 0.003937,
        1.247128 -0.191706 0.003937,
        1.238583 -0.284275 0.003937,
        1.231244 -0.289906 0.003937,
        1.247128 -0.349186 0.003937,
        1.256299 -0.437008 0.003937,
        -0.642868 0.317814 0.003937,
        -0.651570 0.313517 0.003937,
        -0.658957 0.307222 0.003937,
        -1.247128 0.034226 0.003937,
        -1.256299 0.122047 0.003937,
        -1.256299 0.279528 0.003937,
        -1.247128 0.280735 0.003937,
        -1.247128 0.191706 0.003937,
        -1.238583 0.284275 0.003937,
        -1.231244 0.289906 0.003937,
        -1.225613 0.297244 0.003937,
        -1.222074 0.481612 0.003937,
        -1.220866 0.472441 0.003937,
        -1.222074 0.463270 0.003937,
        -1.225613 0.454724 0.003937,
        -1.231244 0.447386 0.003937,
        -1.225613 0.490157 0.003937,
        -1.231244 0.497496 0.003937,
        -1.222074 0.639092 0.003937,
        -1.225613 0.647638 0.003937,
        -1.231244 0.654976 0.003937,
        -0.980315 1.256299 0.003937,
        -0.979107 1.247128 0.003937,
        -1.068137 1.247128 0.003937,
        -0.975568 1.238583 0.003937,
        -0.969937 1.231244 0.003937,
        -0.909449 1.256299 0.003937,
        -0.909449 1.377953 0.003937,
        -0.822835 1.377953 0.003937,
        -0.756716 1.238583 0.003937,
        -0.345646 1.238583 0.003937,
        -0.454724 1.225613 0.003937,
        -0.447386 1.231244 0.003937,
        -0.340016 1.231244 0.003937,
        -0.332677 1.225613 0.003937,
        -0.324131 1.222074 0.003937,
        -0.297244 1.225613 0.003937,
        -0.289906 1.231244 0.003937,
        -0.166651 1.222074 0.003937,
        -0.182535 1.231244 0.003937,
        -0.175197 1.225613 0.003937,
        -0.030686 1.238583 0.003937,
        -0.126794 1.238583 0.003937,
        -0.123255 1.247128 0.003937,
        0.463270 1.222074 0.003937,
        0.472441 1.220866 0.003937,
        1.071676 1.238583 0.003937,
        0.979107 1.247128 0.003937,
        1.377953 1.377953 0.003937,
        1.377953 1.137795 0.003937,
        1.137795 1.377953 0.003937,
        1.256299 1.137795 0.003937,
        1.102362 1.220866 0.003937,
        1.222074 1.111533 0.003937,
        1.111533 1.222074 0.003937,
        1.120079 1.225613 0.003937,
        -0.640111 -0.667950 0.003937,
        -0.787402 -1.220866 0.003937,
        -0.796572 -1.222074 0.003937,
        -0.979107 -1.247128 0.003937,
        -1.066929 -1.256299 0.003937,
        -1.071676 -1.238583 0.003937,
        -1.077307 -1.231244 0.003937,
        -1.084646 -1.225613 0.003937,
        -1.093191 -1.222074 0.003937,
        -1.225613 -1.120079 0.003937,
        -1.222074 -1.111533 0.003937,
        -1.220866 -1.102362 0.003937,
        -1.222074 -1.093191 0.003937,
        -1.231244 -0.919827 0.003937,
        -1.238583 -0.914196 0.003937,
        1.256299 -0.980315 0.003937,
        1.377953 -0.980315 0.003937,
        1.377953 -1.066929 0.003937,
        1.377953 -0.035433 0.003937,
        1.377953 -0.122047 0.003937,
        1.256299 -0.035433 0.003937,
        1.256299 -0.122047 0.003937,
        1.247128 -0.123255 0.003937,
        -1.377953 0.350394 0.003937,
        -1.377953 0.437008 0.003937,
        -1.256299 0.350394 0.003937,
        -1.256299 0.437008 0.003937,
        -1.247128 0.349186 0.003937,
        -1.247128 0.438215 0.003937,
        -1.238583 0.441755 0.003937,
        -1.238583 0.503127 0.003937,
        -1.247128 0.506667 0.003937,
        -1.231244 0.604866 0.003937,
        -1.238583 0.599235 0.003937,
        -0.822835 1.256299 0.003937,
        -0.821627 1.247128 0.003937,
        -0.910656 1.247128 0.003937,
        -0.818087 1.238583 0.003937,
        -0.812457 1.231244 0.003937,
        -0.762346 1.231244 0.003937,
        -0.599235 1.238583 0.003937,
        -0.025055 1.231244 0.003937,
        -0.017717 1.225613 0.003937,
        -0.009171 1.222074 0.003937,
        0.009171 1.222074 0.003937,
        0.017717 1.225613 0.003937,
        0.025055 1.231244 0.003937,
        0.805118 1.225613 0.003937,
        0.812457 1.231244 0.003937,
        0.818087 1.238583 0.003937,
        0.927165 1.225613 0.003937,
        1.238583 1.133048 0.003937,
        1.133048 1.238583 0.003937,
        1.136588 1.247128 0.003937,
        -0.822835 -1.256299 0.003937,
        -0.822835 -1.377953 0.003937,
        -0.909449 -1.377953 0.003937,
        -1.377953 -1.377953 0.003937,
        -1.377953 -1.137795 0.003937,
        -1.137795 -1.377953 0.003937,
        -1.256299 -1.137795 0.003937,
        -1.220866 -0.944882 0.003937,
        -1.222074 -0.935711 0.003937,
        -1.225613 -0.927165 0.003937,
        -1.238583 -0.756716 0.003937,
        -1.231244 -0.762346 0.003937,
        -1.225613 -0.769685 0.003937,
        1.238583 -0.975568 0.003937,
        1.247128 -0.979107 0.003937,
        1.247128 -1.068137 0.003937,
        1.256299 -1.066929 0.003937,
        1.225613 0.175197 0.003937,
        1.222074 0.166651 0.003937,
        1.220866 0.157480 0.003937,
        1.222074 0.148309 0.003937,
        1.225613 -0.139764 0.003937,
        1.222074 -0.148309 0.003937,
        1.220866 -0.157480 0.003937,
        -0.625106 0.460818 0.003937,
        -0.610029 0.447969 0.003937,
        -0.598554 0.431822 0.003937,
        -1.256299 0.665354 0.003937,
        -1.377953 0.665354 0.003937,
        -1.377953 0.751969 0.003937,
        -0.604866 1.231244 0.003937,
        -0.463270 1.222074 0.003937,
        0.000000 1.220866 0.003937,
        -0.132425 1.231244 0.003937,
        0.123255 1.247128 0.003937,
        0.126794 1.238583 0.003937,
        0.030686 1.238583 0.003937,
        0.132425 1.231244 0.003937,
        0.175197 1.225613 0.003937,
        0.182535 1.231244 0.003937,
        0.822835 1.256299 0.003937,
        0.822835 1.377953 0.003937,
        0.909449 1.377953 0.003937,
        1.077307 1.231244 0.003937,
        1.084646 1.225613 0.003937,
        1.093191 1.222074 0.003937,
        1.247128 1.136588 0.003937,
        1.137795 1.256299 0.003937,
        -0.909449 -1.256299 0.003937,
        -0.910656 -1.247128 0.003937,
        -0.821627 -1.247128 0.003937,
        -0.914196 -1.238583 0.003937,
        -0.919827 -1.231244 0.003937,
        -1.136588 -1.247128 0.003937,
        -1.238583 -1.133048 0.003937,
        -1.231244 -1.127417 0.003937,
        -1.247128 -1.136588 0.003937,
        -1.137795 -1.256299 0.003937,
        -1.225613 -1.084646 0.003937,
        -1.231244 -1.077307 0.003937,
        -1.222074 -0.954053 0.003937,
        -1.238583 -1.071676 0.003937,
        -1.225613 -0.962598 0.003937,
        -1.377953 -0.751969 0.003937,
        -1.377953 -0.665354 0.003937,
        -1.256299 -0.751969 0.003937,
        -1.247128 -0.753176 0.003937,
        -1.377953 0.507874 0.003937,
        -1.377953 0.594488 0.003937,
        -1.256299 0.507874 0.003937,
        -1.256299 0.594488 0.003937,
        -1.247128 0.595696 0.003937,
        -1.256299 0.751969 0.003937,
        -1.247128 0.753176 0.003937,
        -1.238583 0.756716 0.003937,
        -0.751969 1.256299 0.003937,
        -0.751969 1.377953 0.003937,
        -0.665354 1.377953 0.003937,
        -0.279528 1.256299 0.003937,
        -0.279528 1.377953 0.003937,
        -0.192913 1.377953 0.003937,
        0.139764 1.225613 0.003937,
        0.148309 1.222074 0.003937,
        0.157480 1.220866 0.003937,
        0.166651 1.222074 0.003937,
        0.191706 1.247128 0.003937,
        0.284275 1.238583 0.003937,
        0.188166 1.238583 0.003937,
        0.289906 1.231244 0.003937,
        0.604866 1.231244 0.003937,
        0.612205 1.225613 0.003937,
        0.506667 1.247128 0.003937,
        0.909449 1.256299 0.003937,
        0.910656 1.247128 0.003937,
        0.821627 1.247128 0.003937,
        0.914196 1.238583 0.003937,
        0.919827 1.231244 0.003937,
        1.127417 1.231244 0.003937,
        1.231244 1.127417 0.003937,
        1.225613 1.120079 0.003937,
        -1.256299 -0.909449 0.003937,
        -1.377953 -0.909449 0.003937,
        -1.377953 -0.822835 0.003937,
        -1.111533 -1.222074 0.003937,
        -1.238583 -0.818087 0.003937,
        -1.102362 -1.220866 0.003937,
        -1.231244 -0.812457 0.003937,
        -1.225613 -0.805118 0.003937,
        -1.222074 -0.796572 0.003937,
        -0.591377 0.413359 0.003937,
        -0.588935 0.393701 0.003937,
        -0.591377 0.374043 0.003937,
        -0.665354 1.256299 0.003937,
        -0.664147 1.247128 0.003937,
        -0.660607 1.238583 0.003937,
        -0.594488 1.256299 0.003937,
        -0.594488 1.377953 0.003937,
        -0.507874 1.377953 0.003937,
        -0.437008 1.256299 0.003937,
        -0.437008 1.377953 0.003937,
        -0.350394 1.377953 0.003937,
        -0.280735 1.247128 0.003937,
        -0.192913 1.256299 0.003937,
        -0.122047 1.377953 0.003937,
        -0.035433 1.377953 0.003937,
        -0.122047 1.256299 0.003937,
        -0.035433 1.256299 0.003937,
        -0.034226 1.247128 0.003937,
        0.297244 1.225613 0.003937,
        0.305790 1.222074 0.003937,
        0.314961 1.220866 0.003937,
        0.324131 1.222074 0.003937,
        0.332677 1.225613 0.003937,
        0.454724 1.225613 0.003937,
        0.345646 1.238583 0.003937,
        0.340016 1.231244 0.003937,
        0.629921 1.220866 0.003937,
        0.639092 1.222074 0.003937,
        0.769685 1.225613 0.003937,
        0.647638 1.225613 0.003937,
        0.654976 1.231244 0.003937,
        0.778231 1.222074 0.003937,
        0.787402 1.220866 0.003937,
        0.796572 1.222074 0.003937,
        0.980315 1.377953 0.003937,
        1.066929 1.377953 0.003937,
        0.980315 1.256299 0.003937,
        1.066929 1.256299 0.003937,
        1.068137 1.247128 0.003937,
        -1.247128 -0.910656 0.003937,
        -1.256299 -0.822835 0.003937,
        -0.507874 1.256299 0.003937,
        -0.506667 1.247128 0.003937,
        -0.503127 1.238583 0.003937,
        -0.441755 1.238583 0.003937,
        -0.438215 1.247128 0.003937,
        -0.349186 1.247128 0.003937,
        -0.350394 1.256299 0.003937,
        0.035433 1.256299 0.003937,
        0.035433 1.377953 0.003937,
        0.122047 1.377953 0.003937,
        0.438215 1.247128 0.003937,
        0.441755 1.238583 0.003937,
        0.447386 1.231244 0.003937,
        0.503127 1.238583 0.003937,
        0.481612 1.222074 0.003937,
        0.490157 1.225613 0.003937,
        0.620750 1.222074 0.003937,
        -1.256299 -1.066929 0.003937,
        -1.377953 -1.066929 0.003937,
        -1.377953 -0.980315 0.003937,
        0.034226 1.247128 0.003937,
        0.122047 1.256299 0.003937,
        0.192913 1.377953 0.003937,
        0.279528 1.377953 0.003937,
        0.192913 1.256299 0.003937,
        0.279528 1.256299 0.003937,
        0.280735 1.247128 0.003937,
        0.350394 1.256299 0.003937,
        0.350394 1.377953 0.003937,
        0.437008 1.377953 0.003937,
        0.497496 1.231244 0.003937,
        -1.256299 -0.980315 0.003937,
        -1.247128 -0.979107 0.003937,
        -1.247128 -1.068137 0.003937,
        -1.238583 -0.975568 0.003937,
        -1.231244 -0.969937 0.003937,
        0.349186 1.247128 0.003937,
        0.437008 1.256299 0.003937,
        0.660607 1.238583 0.003937,
        0.664147 1.247128 0.003937,
        0.762346 1.231244 0.003937,
        0.756716 1.238583 0.003937,
        0.507874 1.256299 0.003937,
        0.507874 1.377953 0.003937,
        0.594488 1.377953 0.003937,
        0.594488 1.256299 0.003937,
        0.595696 1.247128 0.003937,
        0.599235 1.238583 0.003937,
        0.665354 1.377953 0.003937,
        0.751969 1.377953 0.003937,
        0.665354 1.256299 0.003937,
        0.751969 1.256299 0.003937,
        0.753176 1.247128 0.003937,
        1.377953 -1.066929 0.078740,
        1.377953 -0.980315 0.078740,
        1.377953 -1.137795 0.078740,
        1.377953 -0.909449 0.078740,
        1.377953 -0.751969 0.078740,
        1.377953 -0.665354 0.078740,
        1.377953 -0.594488 0.078740,
        1.377953 -0.822835 0.078740,
        1.377953 -0.437008 0.078740,
        1.377953 -0.350394 0.078740,
        1.377953 -0.279528 0.078740,
        1.377953 -0.507874 0.078740,
        1.377953 -0.122047 0.078740,
        1.377953 -0.035433 0.078740,
        1.377953 0.035433 0.078740,
        1.377953 -0.192913 0.078740,
        1.377953 0.192913 0.078740,
        1.377953 0.279528 0.078740,
        1.377953 0.350394 0.078740,
        1.377953 0.122047 0.078740,
        1.377953 0.507874 0.078740,
        1.377953 0.594488 0.078740,
        1.377953 0.665354 0.078740,
        1.377953 0.437008 0.078740,
        1.377953 0.822835 0.078740,
        1.377953 0.909449 0.078740,
        1.377953 0.980315 0.078740,
        1.377953 0.751969 0.078740,
        1.377953 1.137795 0.078740,
        1.377953 1.066929 0.078740,
        0.822835 1.377953 0.078740,
        0.751969 1.377953 0.078740,
        1.137795 1.377953 0.078740,
        1.066929 1.377953 0.078740,
        0.279528 1.377953 0.078740,
        0.909449 1.377953 0.078740,
        0.192913 1.377953 0.078740,
        0.122047 1.377953 0.078740,
        0.980315 1.377953 0.078740,
        0.594488 1.377953 0.078740,
        0.507874 1.377953 0.078740,
        0.437008 1.377953 0.078740,
        0.665354 1.377953 0.078740,
        -0.035433 1.377953 0.078740,
        0.035433 1.377953 0.078740,
        0.350394 1.377953 0.078740,
        -0.192913 1.377953 0.078740,
        -0.279528 1.377953 0.078740,
        -0.350394 1.377953 0.078740,
        -0.122047 1.377953 0.078740,
        -0.507874 1.377953 0.078740,
        -0.594488 1.377953 0.078740,
        -0.665354 1.377953 0.078740,
        -0.437008 1.377953 0.078740,
        -0.822835 1.377953 0.078740,
        -0.909449 1.377953 0.078740,
        -0.980315 1.377953 0.078740,
        -0.751969 1.377953 0.078740,
        -1.137795 1.377953 0.078740,
        -1.066929 1.377953 0.078740,
        -1.377953 -0.122047 0.078740,
        -1.377953 -0.192913 0.078740,
        -1.377953 -0.822835 0.078740,
        -1.377953 1.066929 0.078740,
        -1.377953 0.980315 0.078740,
        -1.377953 -0.350394 0.078740,
        -1.377953 -0.279528 0.078740,
        -1.377953 -0.909449 0.078740,
        -1.377953 -0.980315 0.078740,
        -1.377953 1.137795 0.078740,
        -1.377953 0.909449 0.078740,
        -1.377953 -0.507874 0.078740,
        -1.377953 -1.137795 0.078740,
        -1.377953 -1.066929 0.078740,
        -1.377953 0.751969 0.078740,
        -1.377953 -0.594488 0.078740,
        -1.377953 -0.665354 0.078740,
        -1.377953 0.665354 0.078740,
        -1.377953 0.594488 0.078740,
        -1.377953 -0.437008 0.078740,
        -1.377953 0.822835 0.078740,
        -1.377953 -0.751969 0.078740,
        -1.377953 0.437008 0.078740,
        -1.377953 0.350394 0.078740,
        -1.377953 0.279528 0.078740,
        -1.377953 0.507874 0.078740,
        -1.377953 -0.035433 0.078740,
        -1.377953 0.192913 0.078740,
        -1.377953 0.122047 0.078740,
        -1.377953 0.035433 0.078740,
        0.350394 -1.377953 0.078740,
        0.437008 -1.377953 0.078740,
        0.507874 -1.377953 0.078740,
        -0.437008 -1.377953 0.078740,
        0.665354 -1.377953 0.078740,
        0.594488 -1.377953 0.078740,
        -1.137795 -1.377953 0.078740,
        -1.066929 -1.377953 0.078740,
        0.035433 -1.377953 0.078740,
        0.822835 -1.377953 0.078740,
        0.909449 -1.377953 0.078740,
        0.980315 -1.377953 0.078740,
        -0.980315 -1.377953 0.078740,
        -0.909449 -1.377953 0.078740,
        0.751969 -1.377953 0.078740,
        -0.350394 -1.377953 0.078740,
        -0.279528 -1.377953 0.078740,
        0.192913 -1.377953 0.078740,
        0.279528 -1.377953 0.078740,
        -0.822835 -1.377953 0.078740,
        -0.751969 -1.377953 0.078740,
        1.137795 -1.377953 0.078740,
        1.066929 -1.377953 0.078740,
        -0.192913 -1.377953 0.078740,
        -0.122047 -1.377953 0.078740,
        -0.665354 -1.377953 0.078740,
        -0.594488 -1.377953 0.078740,
        -0.507874 -1.377953 0.078740,
        0.122047 -1.377953 0.078740,
        -0.035433 -1.377953 0.078740,
      ]
    }
    coordIndex [
      0, 1, 2, -1,
      3, 4, 5, -1,
      6, 7, 8, -1,
      9, 10, 11, -1,
      12, 13, 14, -1,
      15, 16, 17, -1,
      17, 16, 18, -1,
      19, 20, 17, -1,
      17, 20, 21, -1,
      17, 21, 22, -1,
      22, 23, 17, -1,
      17, 23, 24, -1,
      17, 24, 15, -1,
      25, 26, 27, -1,
      25, 27, 28, -1,
      29, 30, 31, -1,
      32, 33, 34, -1,
      34, 33, 31, -1,
      34, 31, 35, -1,
      30, 36, 31, -1,
      31, 36, 37, -1,
      31, 37, 35, -1,
      35, 37, 38, -1,
      35, 38, 39, -1,
      39, 38, 40, -1,
      39, 40, 41, -1,
      14, 13, 42, -1,
      13, 43, 42, -1,
      42, 43, 44, -1,
      42, 44, 31, -1,
      31, 44, 45, -1,
      31, 45, 29, -1,
      46, 47, 48, -1,
      48, 47, 49, -1,
      48, 49, 50, -1,
      50, 51, 48, -1,
      48, 51, 52, -1,
      48, 52, 14, -1,
      14, 52, 53, -1,
      14, 53, 12, -1,
      54, 46, 55, -1,
      55, 46, 48, -1,
      55, 48, 56, -1,
      56, 48, 57, -1,
      58, 59, 60, -1,
      60, 59, 61, -1,
      60, 61, 62, -1,
      61, 63, 62, -1,
      62, 63, 64, -1,
      62, 64, 65, -1,
      65, 64, 66, -1,
      65, 66, 48, -1,
      48, 66, 67, -1,
      48, 67, 57, -1,
      68, 69, 70, -1,
      70, 69, 71, -1,
      71, 72, 70, -1,
      70, 72, 73, -1,
      70, 73, 58, -1,
      74, 75, 76, -1,
      77, 78, 79, -1,
      80, 81, 82, -1,
      83, 84, 85, -1,
      85, 84, 86, -1,
      77, 79, 87, -1,
      80, 82, 88, -1,
      89, 90, 84, -1,
      84, 90, 91, -1,
      84, 91, 92, -1,
      76, 75, 82, -1,
      82, 75, 93, -1,
      82, 93, 88, -1,
      78, 94, 79, -1,
      79, 94, 95, -1,
      79, 95, 96, -1,
      97, 98, 99, -1,
      99, 98, 100, -1,
      99, 100, 101, -1,
      102, 92, 103, -1,
      103, 92, 104, -1,
      103, 104, 99, -1,
      99, 104, 105, -1,
      99, 105, 97, -1,
      102, 106, 92, -1,
      92, 106, 107, -1,
      92, 107, 84, -1,
      84, 107, 108, -1,
      84, 108, 86, -1,
      109, 110, 111, -1,
      111, 110, 112, -1,
      111, 112, 79, -1,
      79, 112, 113, -1,
      79, 113, 87, -1,
      114, 115, 79, -1,
      79, 115, 116, -1,
      79, 116, 84, -1,
      84, 116, 117, -1,
      84, 117, 89, -1,
      118, 119, 68, -1,
      68, 119, 120, -1,
      68, 120, 121, -1,
      121, 122, 68, -1,
      68, 122, 123, -1,
      68, 123, 124, -1,
      124, 123, 109, -1,
      124, 109, 125, -1,
      125, 109, 111, -1,
      81, 126, 82, -1,
      82, 126, 127, -1,
      82, 127, 68, -1,
      68, 127, 128, -1,
      68, 128, 118, -1,
      96, 129, 79, -1,
      79, 129, 130, -1,
      79, 130, 131, -1,
      131, 132, 79, -1,
      79, 132, 133, -1,
      79, 133, 114, -1,
      134, 135, 136, -1,
      136, 92, 134, -1,
      134, 92, 91, -1,
      134, 91, 137, -1,
      137, 91, 138, -1,
      138, 139, 137, -1,
      137, 139, 140, -1,
      137, 140, 141, -1,
      142, 143, 144, -1,
      142, 144, 145, -1,
      146, 144, 147, -1,
      135, 134, 146, -1,
      146, 134, 148, -1,
      146, 148, 144, -1,
      144, 148, 149, -1,
      144, 149, 145, -1,
      147, 150, 146, -1,
      146, 150, 151, -1,
      146, 151, 152, -1,
      143, 153, 144, -1,
      144, 153, 154, -1,
      144, 154, 155, -1,
      155, 154, 156, -1,
      157, 158, 152, -1,
      152, 158, 159, -1,
      152, 159, 146, -1,
      160, 161, 156, -1,
      156, 161, 162, -1,
      156, 162, 155, -1,
      16, 163, 18, -1,
      18, 163, 164, -1,
      18, 164, 76, -1,
      76, 164, 165, -1,
      76, 165, 74, -1,
      166, 167, 168, -1,
      168, 167, 169, -1,
      168, 169, 170, -1,
      171, 172, 173, -1,
      173, 172, 174, -1,
      167, 175, 169, -1,
      169, 175, 176, -1,
      169, 176, 177, -1,
      177, 176, 178, -1,
      177, 178, 179, -1,
      179, 178, 180, -1,
      179, 180, 174, -1,
      174, 180, 181, -1,
      174, 181, 173, -1,
      182, 183, 184, -1,
      184, 183, 185, -1,
      186, 187, 188, -1,
      188, 187, 189, -1,
      188, 190, 186, -1,
      186, 190, 191, -1,
      186, 191, 192, -1,
      192, 191, 193, -1,
      192, 193, 194, -1,
      182, 184, 195, -1,
      195, 184, 191, -1,
      195, 191, 196, -1,
      196, 191, 190, -1,
      196, 190, 197, -1,
      190, 198, 197, -1,
      197, 198, 199, -1,
      197, 199, 200, -1,
      189, 187, 201, -1,
      201, 187, 202, -1,
      201, 202, 203, -1,
      204, 202, 205, -1,
      205, 202, 206, -1,
      193, 207, 194, -1,
      194, 207, 203, -1,
      194, 203, 11, -1,
      11, 203, 202, -1,
      11, 202, 208, -1,
      208, 202, 204, -1,
      9, 11, 209, -1,
      210, 211, 208, -1,
      208, 211, 212, -1,
      208, 212, 11, -1,
      11, 212, 213, -1,
      11, 213, 209, -1,
      214, 215, 216, -1,
      217, 218, 208, -1,
      208, 218, 219, -1,
      208, 219, 220, -1,
      220, 221, 208, -1,
      208, 221, 222, -1,
      208, 222, 210, -1,
      223, 224, 225, -1,
      225, 224, 226, -1,
      215, 227, 216, -1,
      216, 227, 226, -1,
      216, 226, 228, -1,
      228, 226, 224, -1,
      214, 216, 229, -1,
      229, 216, 230, -1,
      229, 230, 208, -1,
      208, 230, 231, -1,
      208, 231, 217, -1,
      8, 7, 232, -1,
      232, 7, 233, -1,
      232, 233, 234, -1,
      234, 233, 235, -1,
      234, 235, 206, -1,
      236, 237, 8, -1,
      8, 237, 238, -1,
      8, 238, 239, -1,
      239, 240, 8, -1,
      8, 240, 241, -1,
      8, 241, 6, -1,
      242, 243, 244, -1,
      244, 243, 245, -1,
      245, 246, 247, -1,
      248, 249, 250, -1,
      250, 249, 251, -1,
      250, 251, 252, -1,
      248, 250, 253, -1,
      253, 250, 254, -1,
      253, 254, 255, -1,
      255, 254, 256, -1,
      256, 254, 257, -1,
      256, 257, 10, -1,
      258, 259, 177, -1,
      260, 261, 179, -1,
      179, 261, 262, -1,
      263, 264, 265, -1,
      265, 264, 177, -1,
      265, 177, 266, -1,
      266, 177, 259, -1,
      262, 267, 179, -1,
      179, 267, 268, -1,
      179, 268, 269, -1,
      269, 270, 179, -1,
      179, 270, 271, -1,
      179, 271, 177, -1,
      177, 271, 272, -1,
      177, 272, 258, -1,
      186, 273, 260, -1,
      260, 273, 274, -1,
      260, 274, 261, -1,
      263, 275, 264, -1,
      264, 275, 276, -1,
      264, 276, 192, -1,
      192, 276, 277, -1,
      192, 277, 186, -1,
      186, 277, 278, -1,
      186, 278, 273, -1,
      279, 280, 281, -1,
      282, 283, 284, -1,
      284, 283, 285, -1,
      286, 287, 288, -1,
      279, 281, 289, -1,
      290, 291, 292, -1,
      282, 293, 283, -1,
      283, 293, 294, -1,
      283, 294, 295, -1,
      295, 294, 288, -1,
      295, 288, 296, -1,
      296, 288, 287, -1,
      254, 297, 298, -1,
      291, 299, 292, -1,
      292, 299, 300, -1,
      292, 300, 301, -1,
      302, 303, 281, -1,
      281, 303, 304, -1,
      281, 304, 289, -1,
      301, 305, 292, -1,
      292, 305, 306, -1,
      292, 306, 254, -1,
      254, 306, 285, -1,
      254, 285, 297, -1,
      297, 285, 283, -1,
      307, 308, 309, -1,
      309, 308, 310, -1,
      309, 310, 311, -1,
      311, 310, 312, -1,
      313, 314, 288, -1,
      288, 314, 315, -1,
      288, 315, 316, -1,
      298, 317, 254, -1,
      254, 317, 318, -1,
      254, 318, 319, -1,
      320, 321, 322, -1,
      322, 321, 323, -1,
      322, 323, 324, -1,
      325, 326, 327, -1,
      316, 328, 288, -1,
      288, 328, 329, -1,
      288, 329, 286, -1,
      312, 330, 311, -1,
      311, 330, 331, -1,
      311, 331, 332, -1,
      332, 331, 327, -1,
      332, 327, 333, -1,
      333, 327, 326, -1,
      280, 334, 335, -1,
      335, 334, 336, -1,
      336, 334, 337, -1,
      336, 337, 338, -1,
      320, 307, 321, -1,
      321, 307, 309, -1,
      321, 309, 339, -1,
      339, 309, 340, -1,
      339, 340, 341, -1,
      341, 340, 342, -1,
      341, 342, 343, -1,
      343, 342, 344, -1,
      345, 344, 335, -1,
      335, 344, 342, -1,
      335, 342, 280, -1,
      280, 342, 340, -1,
      280, 340, 281, -1,
      346, 347, 5, -1,
      348, 349, 257, -1,
      319, 325, 254, -1,
      254, 325, 327, -1,
      254, 327, 257, -1,
      257, 327, 350, -1,
      257, 350, 348, -1,
      351, 352, 5, -1,
      5, 352, 353, -1,
      349, 354, 257, -1,
      257, 354, 355, -1,
      257, 355, 356, -1,
      356, 355, 357, -1,
      356, 357, 346, -1,
      358, 359, 347, -1,
      347, 359, 360, -1,
      347, 360, 5, -1,
      5, 360, 361, -1,
      5, 361, 351, -1,
      353, 362, 5, -1,
      5, 362, 363, -1,
      5, 363, 3, -1,
      364, 365, 366, -1,
      366, 365, 367, -1,
      366, 367, 368, -1,
      366, 369, 364, -1,
      364, 369, 370, -1,
      364, 370, 371, -1,
      371, 372, 364, -1,
      364, 372, 373, -1,
      364, 373, 374, -1,
      374, 373, 375, -1,
      374, 375, 376, -1,
      376, 375, 377, -1,
      376, 377, 347, -1,
      347, 377, 378, -1,
      347, 378, 358, -1,
      379, 380, 368, -1,
      368, 380, 381, -1,
      368, 381, 366, -1,
      382, 383, 324, -1,
      324, 383, 384, -1,
      324, 384, 322, -1,
      382, 385, 383, -1,
      383, 385, 386, -1,
      383, 386, 387, -1,
      387, 386, 388, -1,
      387, 389, 390, -1,
      388, 391, 387, -1,
      387, 391, 392, -1,
      387, 392, 393, -1,
      393, 394, 387, -1,
      387, 394, 395, -1,
      387, 395, 389, -1,
      390, 396, 387, -1,
      387, 396, 397, -1,
      387, 397, 398, -1,
      399, 400, 401, -1,
      402, 403, 404, -1,
      401, 405, 399, -1,
      399, 405, 406, -1,
      399, 406, 407, -1,
      407, 406, 402, -1,
      407, 402, 408, -1,
      408, 402, 404, -1,
      409, 410, 5, -1,
      5, 410, 411, -1,
      346, 5, 356, -1,
      356, 5, 411, -1,
      356, 411, 405, -1,
      405, 411, 412, -1,
      405, 412, 406, -1,
      413, 410, 414, -1,
      414, 410, 409, -1,
      414, 409, 415, -1,
      416, 417, 418, -1,
      419, 420, 409, -1,
      409, 420, 421, -1,
      409, 421, 415, -1,
      345, 335, 4, -1,
      4, 335, 416, -1,
      4, 416, 5, -1,
      5, 416, 418, -1,
      5, 418, 409, -1,
      409, 418, 422, -1,
      409, 422, 423, -1,
      424, 425, 426, -1,
      426, 425, 427, -1,
      426, 427, 416, -1,
      416, 427, 428, -1,
      416, 428, 417, -1,
      423, 429, 409, -1,
      409, 429, 430, -1,
      409, 430, 419, -1,
      431, 432, 433, -1,
      432, 434, 433, -1,
      433, 434, 435, -1,
      433, 435, 426, -1,
      426, 435, 436, -1,
      426, 436, 424, -1,
      437, 438, 439, -1,
      439, 438, 440, -1,
      441, 442, 443, -1,
      443, 442, 444, -1,
      443, 444, 445, -1,
      445, 444, 446, -1,
      445, 446, 447, -1,
      437, 439, 448, -1,
      448, 439, 444, -1,
      448, 444, 449, -1,
      449, 444, 442, -1,
      449, 442, 450, -1,
      442, 451, 450, -1,
      450, 451, 452, -1,
      450, 452, 453, -1,
      446, 454, 447, -1,
      447, 454, 455, -1,
      447, 455, 456, -1,
      456, 455, 457, -1,
      441, 443, 458, -1,
      458, 443, 459, -1,
      458, 459, 457, -1,
      457, 459, 401, -1,
      457, 401, 456, -1,
      456, 401, 400, -1,
      456, 400, 431, -1,
      0, 2, 460, -1,
      460, 2, 461, -1,
      460, 461, 462, -1,
      462, 461, 463, -1,
      462, 463, 464, -1,
      464, 463, 465, -1,
      464, 465, 466, -1,
      466, 465, 467, -1,
      466, 467, 468, -1,
      468, 467, 469, -1,
      468, 469, 234, -1,
      234, 469, 470, -1,
      234, 470, 232, -1,
      471, 472, 473, -1,
      473, 472, 27, -1,
      473, 27, 247, -1,
      472, 474, 27, -1,
      27, 474, 33, -1,
      27, 33, 28, -1,
      28, 33, 32, -1,
      475, 476, 477, -1,
      478, 479, 474, -1,
      474, 479, 480, -1,
      481, 482, 33, -1,
      33, 482, 483, -1,
      476, 484, 477, -1,
      477, 484, 485, -1,
      477, 485, 486, -1,
      480, 487, 474, -1,
      474, 487, 488, -1,
      474, 488, 33, -1,
      33, 488, 489, -1,
      33, 489, 481, -1,
      486, 490, 477, -1,
      477, 490, 491, -1,
      477, 491, 492, -1,
      492, 491, 493, -1,
      492, 493, 494, -1,
      494, 495, 492, -1,
      492, 495, 496, -1,
      492, 496, 497, -1,
      497, 498, 492, -1,
      492, 498, 499, -1,
      492, 499, 474, -1,
      474, 499, 500, -1,
      474, 500, 478, -1,
      206, 202, 234, -1,
      234, 202, 187, -1,
      234, 187, 468, -1,
      468, 187, 186, -1,
      468, 186, 466, -1,
      466, 186, 260, -1,
      466, 260, 464, -1,
      464, 260, 179, -1,
      464, 179, 462, -1,
      462, 179, 174, -1,
      462, 174, 460, -1,
      460, 174, 172, -1,
      460, 172, 0, -1,
      470, 471, 232, -1,
      232, 471, 473, -1,
      232, 473, 8, -1,
      8, 473, 247, -1,
      8, 247, 236, -1,
      236, 247, 246, -1,
      245, 247, 244, -1,
      244, 247, 501, -1,
      244, 501, 502, -1,
      18, 503, 17, -1,
      17, 503, 504, -1,
      17, 504, 505, -1,
      506, 501, 505, -1,
      505, 501, 247, -1,
      505, 247, 17, -1,
      17, 247, 27, -1,
      17, 27, 19, -1,
      19, 27, 26, -1,
      10, 257, 11, -1,
      11, 257, 356, -1,
      11, 356, 194, -1,
      194, 356, 405, -1,
      194, 405, 192, -1,
      192, 405, 401, -1,
      192, 401, 264, -1,
      264, 401, 459, -1,
      264, 459, 177, -1,
      177, 459, 443, -1,
      177, 443, 169, -1,
      502, 503, 244, -1,
      244, 503, 18, -1,
      244, 18, 507, -1,
      507, 18, 76, -1,
      508, 509, 445, -1,
      510, 511, 512, -1,
      512, 508, 510, -1,
      510, 508, 445, -1,
      510, 445, 513, -1,
      513, 445, 514, -1,
      513, 514, 515, -1,
      515, 514, 516, -1,
      517, 509, 518, -1,
      518, 509, 519, -1,
      518, 519, 520, -1,
      520, 519, 521, -1,
      517, 522, 509, -1,
      509, 522, 523, -1,
      509, 523, 524, -1,
      525, 443, 526, -1,
      526, 443, 445, -1,
      526, 445, 527, -1,
      527, 445, 509, -1,
      527, 509, 528, -1,
      528, 509, 524, -1,
      173, 170, 171, -1,
      171, 170, 169, -1,
      171, 169, 516, -1,
      516, 169, 443, -1,
      516, 443, 515, -1,
      515, 443, 519, -1,
      529, 530, 519, -1,
      519, 530, 531, -1,
      519, 531, 521, -1,
      525, 532, 443, -1,
      443, 532, 533, -1,
      443, 533, 519, -1,
      519, 533, 534, -1,
      519, 534, 529, -1,
      252, 242, 250, -1,
      250, 242, 244, -1,
      250, 244, 254, -1,
      254, 244, 507, -1,
      254, 507, 292, -1,
      292, 507, 535, -1,
      82, 535, 536, -1,
      536, 535, 537, -1,
      537, 535, 538, -1,
      538, 535, 507, -1,
      538, 507, 539, -1,
      82, 536, 76, -1,
      76, 536, 540, -1,
      76, 540, 507, -1,
      507, 540, 541, -1,
      507, 541, 539, -1,
      542, 543, 544, -1,
      544, 543, 538, -1,
      544, 538, 545, -1,
      545, 538, 539, -1,
      545, 539, 546, -1,
      546, 539, 547, -1,
      431, 433, 456, -1,
      456, 433, 548, -1,
      456, 548, 447, -1,
      447, 548, 549, -1,
      447, 549, 445, -1,
      445, 549, 550, -1,
      445, 550, 514, -1,
      68, 70, 82, -1,
      82, 70, 551, -1,
      82, 551, 535, -1,
      535, 551, 336, -1,
      535, 336, 292, -1,
      292, 336, 338, -1,
      292, 338, 290, -1,
      58, 60, 70, -1,
      70, 60, 552, -1,
      70, 552, 551, -1,
      551, 552, 553, -1,
      551, 553, 336, -1,
      336, 553, 554, -1,
      336, 554, 335, -1,
      335, 554, 555, -1,
      335, 555, 416, -1,
      416, 555, 556, -1,
      416, 556, 426, -1,
      426, 556, 557, -1,
      426, 557, 433, -1,
      433, 557, 558, -1,
      433, 558, 548, -1,
      548, 558, 559, -1,
      548, 559, 549, -1,
      549, 559, 560, -1,
      549, 560, 550, -1,
      483, 475, 33, -1,
      33, 475, 477, -1,
      33, 477, 31, -1,
      31, 477, 561, -1,
      31, 561, 42, -1,
      42, 561, 562, -1,
      42, 562, 14, -1,
      14, 562, 563, -1,
      14, 563, 48, -1,
      48, 563, 564, -1,
      48, 564, 65, -1,
      65, 564, 565, -1,
      65, 565, 62, -1,
      62, 565, 566, -1,
      567, 568, 569, -1,
      570, 571, 572, -1,
      573, 574, 575, -1,
      576, 577, 578, -1,
      578, 577, 579, -1,
      578, 579, 580, -1,
      581, 582, 583, -1,
      584, 585, 586, -1,
      587, 588, 589, -1,
      576, 590, 577, -1,
      577, 590, 591, -1,
      577, 591, 592, -1,
      593, 594, 595, -1,
      596, 597, 598, -1,
      599, 600, 601, -1,
      586, 585, 602, -1,
      589, 603, 587, -1,
      587, 603, 604, -1,
      587, 604, 605, -1,
      605, 604, 606, -1,
      605, 606, 607, -1,
      608, 609, 610, -1,
      611, 612, 613, -1,
      613, 612, 614, -1,
      615, 616, 593, -1,
      593, 616, 617, -1,
      593, 617, 594, -1,
      618, 619, 620, -1,
      620, 619, 621, -1,
      622, 623, 569, -1,
      569, 623, 624, -1,
      606, 625, 607, -1,
      607, 625, 626, -1,
      607, 626, 627, -1,
      575, 628, 629, -1,
      629, 628, 630, -1,
      629, 630, 631, -1,
      631, 630, 608, -1,
      631, 608, 632, -1,
      632, 608, 610, -1,
      633, 634, 635, -1,
      636, 637, 638, -1,
      615, 639, 616, -1,
      616, 639, 640, -1,
      616, 640, 641, -1,
      641, 640, 642, -1,
      643, 644, 601, -1,
      645, 646, 647, -1,
      647, 646, 620, -1,
      647, 620, 648, -1,
      648, 620, 621, -1,
      649, 650, 651, -1,
      651, 650, 652, -1,
      651, 652, 601, -1,
      601, 652, 653, -1,
      654, 583, 655, -1,
      655, 583, 656, -1,
      654, 657, 583, -1,
      583, 657, 658, -1,
      583, 658, 581, -1,
      659, 660, 661, -1,
      662, 663, 664, -1,
      664, 665, 662, -1,
      662, 665, 666, -1,
      662, 666, 667, -1,
      668, 669, 662, -1,
      670, 671, 672, -1,
      567, 569, 673, -1,
      673, 569, 624, -1,
      673, 624, 674, -1,
      674, 624, 675, -1,
      674, 675, 676, -1,
      677, 678, 679, -1,
      679, 678, 680, -1,
      681, 682, 679, -1,
      679, 682, 683, -1,
      635, 684, 633, -1,
      633, 684, 685, -1,
      633, 685, 686, -1,
      686, 685, 687, -1,
      686, 687, 629, -1,
      688, 689, 629, -1,
      601, 690, 641, -1,
      643, 601, 691, -1,
      692, 693, 601, -1,
      694, 695, 696, -1,
      696, 695, 593, -1,
      696, 593, 697, -1,
      697, 593, 595, -1,
      649, 651, 598, -1,
      598, 651, 698, -1,
      598, 698, 699, -1,
      700, 701, 702, -1,
      703, 704, 667, -1,
      667, 704, 705, -1,
      705, 706, 667, -1,
      667, 706, 707, -1,
      667, 707, 662, -1,
      662, 707, 708, -1,
      662, 708, 668, -1,
      709, 710, 690, -1,
      690, 710, 711, -1,
      690, 711, 712, -1,
      713, 714, 715, -1,
      715, 714, 716, -1,
      715, 716, 717, -1,
      713, 715, 718, -1,
      718, 715, 719, -1,
      718, 719, 720, -1,
      721, 722, 671, -1,
      671, 722, 723, -1,
      671, 723, 672, -1,
      724, 725, 726, -1,
      726, 725, 727, -1,
      728, 729, 730, -1,
      730, 729, 731, -1,
      728, 732, 729, -1,
      729, 732, 733, -1,
      729, 733, 680, -1,
      680, 733, 679, -1,
      679, 733, 734, -1,
      679, 734, 681, -1,
      735, 736, 737, -1,
      642, 738, 641, -1,
      641, 738, 739, -1,
      641, 739, 601, -1,
      601, 739, 740, -1,
      601, 740, 691, -1,
      741, 742, 743, -1,
      702, 701, 744, -1,
      661, 660, 745, -1,
      660, 746, 583, -1,
      583, 746, 747, -1,
      583, 747, 748, -1,
      749, 750, 751, -1,
      751, 750, 752, -1,
      753, 569, 601, -1,
      601, 569, 754, -1,
      601, 754, 599, -1,
      755, 622, 756, -1,
      756, 622, 569, -1,
      756, 569, 757, -1,
      757, 569, 753, -1,
      712, 758, 690, -1,
      690, 758, 759, -1,
      690, 759, 760, -1,
      761, 762, 722, -1,
      722, 762, 763, -1,
      763, 762, 764, -1,
      763, 764, 765, -1,
      766, 767, 768, -1,
      568, 769, 569, -1,
      569, 769, 770, -1,
      569, 770, 585, -1,
      585, 770, 771, -1,
      585, 771, 602, -1,
      727, 772, 726, -1,
      726, 772, 773, -1,
      726, 773, 774, -1,
      775, 776, 777, -1,
      777, 776, 778, -1,
      569, 779, 780, -1,
      781, 782, 783, -1,
      683, 784, 679, -1,
      679, 784, 785, -1,
      679, 785, 786, -1,
      787, 788, 789, -1,
      790, 791, 792, -1,
      792, 791, 793, -1,
      794, 795, 796, -1,
      796, 795, 797, -1,
      796, 797, 798, -1,
      591, 799, 592, -1,
      592, 799, 735, -1,
      592, 735, 800, -1,
      800, 735, 737, -1,
      801, 802, 644, -1,
      644, 802, 803, -1,
      804, 580, 601, -1,
      620, 805, 618, -1,
      618, 805, 741, -1,
      618, 741, 806, -1,
      806, 741, 743, -1,
      807, 808, 598, -1,
      598, 808, 809, -1,
      598, 809, 810, -1,
      597, 811, 598, -1,
      598, 811, 812, -1,
      598, 812, 813, -1,
      813, 812, 814, -1,
      813, 814, 815, -1,
      815, 814, 607, -1,
      815, 607, 608, -1,
      608, 607, 627, -1,
      608, 627, 609, -1,
      816, 817, 818, -1,
      653, 819, 601, -1,
      601, 819, 820, -1,
      601, 820, 821, -1,
      821, 820, 822, -1,
      582, 823, 583, -1,
      583, 823, 824, -1,
      583, 824, 660, -1,
      660, 824, 825, -1,
      660, 825, 745, -1,
      663, 662, 826, -1,
      826, 662, 827, -1,
      826, 827, 828, -1,
      752, 829, 751, -1,
      751, 829, 662, -1,
      751, 662, 830, -1,
      830, 662, 669, -1,
      829, 831, 662, -1,
      662, 831, 832, -1,
      662, 832, 833, -1,
      833, 832, 834, -1,
      833, 834, 835, -1,
      836, 837, 838, -1,
      838, 837, 839, -1,
      839, 840, 838, -1,
      838, 840, 833, -1,
      838, 833, 841, -1,
      841, 833, 835, -1,
      840, 842, 833, -1,
      833, 842, 843, -1,
      833, 843, 844, -1,
      844, 845, 833, -1,
      833, 845, 846, -1,
      833, 846, 847, -1,
      848, 849, 850, -1,
      851, 852, 853, -1,
      755, 854, 622, -1,
      622, 854, 855, -1,
      622, 855, 856, -1,
      856, 855, 857, -1,
      600, 858, 601, -1,
      601, 858, 859, -1,
      601, 859, 690, -1,
      690, 859, 860, -1,
      690, 860, 709, -1,
      861, 862, 863, -1,
      690, 864, 865, -1,
      865, 864, 866, -1,
      865, 866, 761, -1,
      867, 868, 869, -1,
      870, 871, 872, -1,
      872, 871, 868, -1,
      872, 868, 873, -1,
      873, 868, 867, -1,
      721, 874, 875, -1,
      875, 874, 876, -1,
      875, 876, 877, -1,
      877, 876, 878, -1,
      877, 878, 879, -1,
      721, 875, 722, -1,
      722, 875, 880, -1,
      722, 880, 881, -1,
      882, 883, 884, -1,
      676, 885, 674, -1,
      674, 885, 886, -1,
      674, 886, 887, -1,
      887, 886, 766, -1,
      887, 766, 888, -1,
      888, 766, 768, -1,
      889, 890, 891, -1,
      585, 892, 569, -1,
      569, 892, 893, -1,
      569, 893, 773, -1,
      773, 893, 894, -1,
      773, 894, 774, -1,
      778, 895, 777, -1,
      777, 895, 779, -1,
      777, 779, 896, -1,
      897, 898, 571, -1,
      571, 898, 899, -1,
      571, 899, 572, -1,
      729, 900, 731, -1,
      731, 900, 781, -1,
      731, 781, 901, -1,
      901, 781, 783, -1,
      637, 902, 638, -1,
      638, 902, 903, -1,
      638, 903, 904, -1,
      904, 903, 905, -1,
      904, 905, 614, -1,
      614, 905, 906, -1,
      614, 906, 613, -1,
      907, 908, 909, -1,
      909, 908, 792, -1,
      909, 792, 910, -1,
      910, 792, 793, -1,
      911, 912, 638, -1,
      638, 912, 913, -1,
      638, 913, 636, -1,
      914, 915, 916, -1,
      916, 915, 917, -1,
      916, 917, 918, -1,
      689, 919, 629, -1,
      629, 919, 920, -1,
      629, 920, 921, -1,
      803, 922, 644, -1,
      644, 922, 923, -1,
      644, 923, 601, -1,
      601, 923, 924, -1,
      601, 924, 692, -1,
      925, 804, 926, -1,
      926, 804, 601, -1,
      926, 601, 927, -1,
      927, 601, 693, -1,
      579, 928, 580, -1,
      580, 928, 929, -1,
      580, 929, 601, -1,
      601, 929, 930, -1,
      601, 930, 651, -1,
      931, 932, 933, -1,
      933, 932, 934, -1,
      933, 934, 701, -1,
      701, 934, 935, -1,
      701, 935, 744, -1,
      818, 936, 816, -1,
      816, 936, 937, -1,
      816, 937, 820, -1,
      820, 937, 938, -1,
      820, 938, 822, -1,
      939, 940, 828, -1,
      828, 940, 583, -1,
      828, 583, 941, -1,
      941, 583, 748, -1,
      941, 748, 942, -1,
      942, 748, 943, -1,
      942, 943, 944, -1,
      945, 946, 947, -1,
      853, 948, 851, -1,
      851, 948, 949, -1,
      851, 949, 855, -1,
      855, 949, 950, -1,
      855, 950, 857, -1,
      716, 951, 717, -1,
      717, 951, 861, -1,
      717, 861, 952, -1,
      952, 861, 863, -1,
      869, 953, 867, -1,
      867, 953, 954, -1,
      867, 954, 955, -1,
      955, 954, 956, -1,
      955, 956, 672, -1,
      672, 956, 957, -1,
      672, 957, 670, -1,
      880, 958, 881, -1,
      881, 958, 959, -1,
      881, 959, 960, -1,
      960, 959, 961, -1,
      960, 961, 962, -1,
      884, 883, 963, -1,
      891, 964, 889, -1,
      889, 964, 965, -1,
      889, 965, 966, -1,
      966, 965, 967, -1,
      966, 967, 586, -1,
      586, 967, 968, -1,
      586, 968, 584, -1,
      969, 970, 971, -1,
      773, 972, 569, -1,
      569, 972, 973, -1,
      569, 973, 779, -1,
      779, 973, 974, -1,
      779, 974, 896, -1,
      780, 897, 569, -1,
      569, 897, 571, -1,
      569, 571, 679, -1,
      679, 571, 975, -1,
      679, 975, 677, -1,
      976, 977, 978, -1,
      683, 979, 784, -1,
      784, 979, 980, -1,
      784, 980, 981, -1,
      981, 980, 982, -1,
      983, 984, 985, -1,
      985, 984, 986, -1,
      985, 986, 987, -1,
      911, 988, 912, -1,
      912, 988, 989, -1,
      912, 989, 990, -1,
      991, 992, 993, -1,
      921, 994, 629, -1,
      629, 994, 995, -1,
      629, 995, 575, -1,
      575, 995, 996, -1,
      575, 996, 573, -1,
      997, 998, 999, -1,
      1000, 1001, 926, -1,
      926, 1001, 1002, -1,
      926, 1002, 925, -1,
      1003, 1004, 1005, -1,
      1005, 1004, 1006, -1,
      1005, 1006, 1007, -1,
      1003, 1005, 1008, -1,
      1008, 1005, 1009, -1,
      1008, 1009, 1010, -1,
      699, 1011, 1012, -1,
      931, 596, 932, -1,
      932, 596, 598, -1,
      932, 598, 1013, -1,
      1013, 598, 810, -1,
      1013, 810, 1014, -1,
      1015, 1016, 1017, -1,
      1018, 1019, 1020, -1,
      1021, 1022, 1023, -1,
      1023, 1022, 1024, -1,
      1023, 1024, 1025, -1,
      667, 1026, 703, -1,
      703, 1026, 945, -1,
      703, 945, 1027, -1,
      1027, 945, 947, -1,
      1028, 1029, 1030, -1,
      1030, 1029, 1031, -1,
      1030, 1031, 749, -1,
      749, 1031, 1032, -1,
      749, 1032, 750, -1,
      1033, 1034, 1035, -1,
      1035, 1034, 833, -1,
      1035, 833, 1036, -1,
      1033, 1037, 1034, -1,
      1034, 1037, 1038, -1,
      1034, 1038, 1039, -1,
      849, 1040, 1041, -1,
      1041, 1040, 1042, -1,
      1041, 1042, 760, -1,
      760, 1042, 1043, -1,
      760, 1043, 690, -1,
      690, 1043, 1044, -1,
      690, 1044, 864, -1,
      864, 1044, 1045, -1,
      864, 1045, 1046, -1,
      1046, 1045, 1047, -1,
      1046, 1047, 1048, -1,
      1049, 1050, 1051, -1,
      1052, 1053, 1054, -1,
      1055, 1056, 1057, -1,
      1058, 1059, 720, -1,
      720, 1059, 1060, -1,
      726, 1061, 724, -1,
      724, 1061, 969, -1,
      724, 969, 1062, -1,
      1062, 969, 971, -1,
      1063, 1064, 1065, -1,
      1066, 1067, 1068, -1,
      978, 1069, 976, -1,
      976, 1069, 1070, -1,
      976, 1070, 980, -1,
      980, 1070, 1071, -1,
      980, 1071, 982, -1,
      1072, 1073, 1074, -1,
      788, 1075, 789, -1,
      789, 1075, 1076, -1,
      789, 1076, 1077, -1,
      1077, 1076, 1078, -1,
      1079, 1080, 1081, -1,
      1081, 1080, 1082, -1,
      1081, 1083, 1084, -1,
      1084, 1083, 1085, -1,
      1084, 1085, 1086, -1,
      1087, 1088, 583, -1,
      798, 1089, 796, -1,
      796, 1089, 991, -1,
      796, 991, 1090, -1,
      1090, 991, 993, -1,
      1091, 990, 1092, -1,
      1092, 990, 1093, -1,
      1092, 1093, 794, -1,
      644, 1094, 801, -1,
      801, 1094, 997, -1,
      801, 997, 1095, -1,
      1095, 997, 999, -1,
      1096, 1097, 1098, -1,
      1099, 1100, 1101, -1,
      1102, 1103, 1104, -1,
      1105, 1106, 1107, -1,
      1017, 1108, 1015, -1,
      1015, 1108, 1109, -1,
      1015, 1109, 661, -1,
      661, 1109, 1110, -1,
      661, 1110, 659, -1,
      944, 1111, 942, -1,
      942, 1111, 1112, -1,
      942, 1112, 1113, -1,
      1113, 1112, 1018, -1,
      1113, 1018, 1114, -1,
      1114, 1018, 1020, -1,
      1025, 1115, 1023, -1,
      1023, 1115, 1116, -1,
      1023, 1116, 1117, -1,
      1118, 939, 1119, -1,
      1119, 939, 828, -1,
      1119, 828, 1120, -1,
      1120, 828, 827, -1,
      1121, 1122, 1123, -1,
      1124, 1125, 1126, -1,
      1127, 1128, 1129, -1,
      1129, 1128, 1130, -1,
      1129, 1130, 1041, -1,
      850, 849, 1131, -1,
      1051, 1132, 1049, -1,
      1049, 1132, 1133, -1,
      1049, 1133, 1134, -1,
      1134, 1133, 1135, -1,
      1134, 1135, 1047, -1,
      1047, 1135, 1136, -1,
      1047, 1136, 1048, -1,
      1054, 1137, 1052, -1,
      1052, 1137, 1138, -1,
      1052, 1138, 1139, -1,
      1139, 1138, 1140, -1,
      1139, 1140, 764, -1,
      764, 1140, 1141, -1,
      764, 1141, 765, -1,
      1142, 1143, 1144, -1,
      883, 1145, 1146, -1,
      1146, 1145, 1147, -1,
      1146, 1147, 1148, -1,
      1149, 1150, 1151, -1,
      1152, 1153, 1154, -1,
      1155, 1156, 1157, -1,
      1158, 1159, 720, -1,
      1060, 1160, 720, -1,
      720, 1160, 1161, -1,
      720, 1161, 1162, -1,
      777, 1163, 775, -1,
      775, 1163, 1063, -1,
      775, 1063, 1164, -1,
      1164, 1063, 1065, -1,
      1068, 1165, 1066, -1,
      1066, 1165, 1166, -1,
      1066, 1166, 1167, -1,
      1167, 1166, 1168, -1,
      1167, 1168, 572, -1,
      572, 1168, 1169, -1,
      572, 1169, 570, -1,
      1074, 1170, 1072, -1,
      1072, 1170, 1171, -1,
      1072, 1171, 1076, -1,
      1076, 1171, 1172, -1,
      1076, 1172, 1078, -1,
      1173, 1174, 1175, -1,
      1079, 1081, 1176, -1,
      1176, 1081, 1084, -1,
      1176, 1084, 583, -1,
      583, 1084, 1177, -1,
      583, 1177, 983, -1,
      1178, 1179, 1180, -1,
      1180, 1179, 1181, -1,
      1182, 1183, 1184, -1,
      1184, 1183, 1185, -1,
      1184, 1185, 790, -1,
      790, 1185, 1186, -1,
      790, 1186, 791, -1,
      914, 912, 915, -1,
      915, 912, 990, -1,
      915, 990, 1187, -1,
      1187, 990, 1091, -1,
      1187, 1091, 909, -1,
      909, 1091, 1188, -1,
      909, 1188, 907, -1,
      687, 1189, 629, -1,
      629, 1189, 1190, -1,
      629, 1190, 688, -1,
      688, 1190, 1092, -1,
      688, 1092, 1191, -1,
      1191, 1092, 794, -1,
      1191, 794, 1192, -1,
      1192, 794, 796, -1,
      926, 1193, 1000, -1,
      1000, 1193, 1096, -1,
      1000, 1096, 1194, -1,
      1194, 1096, 1098, -1,
      699, 1195, 1011, -1,
      1011, 1195, 1196, -1,
      1011, 1196, 1197, -1,
      1197, 1196, 1099, -1,
      1197, 1099, 1198, -1,
      1198, 1099, 1101, -1,
      1104, 1199, 1102, -1,
      1102, 1199, 1200, -1,
      1102, 1200, 1201, -1,
      1201, 1200, 1202, -1,
      1201, 1202, 810, -1,
      810, 1202, 1203, -1,
      810, 1203, 1014, -1,
      702, 1204, 700, -1,
      700, 1204, 1105, -1,
      700, 1105, 1205, -1,
      1205, 1105, 1107, -1,
      1021, 1206, 1022, -1,
      1022, 1206, 1207, -1,
      1022, 1207, 1119, -1,
      1119, 1207, 1208, -1,
      1119, 1208, 1118, -1,
      838, 1209, 836, -1,
      836, 1209, 1121, -1,
      836, 1121, 1210, -1,
      1210, 1121, 1123, -1,
      1126, 1211, 1124, -1,
      1124, 1211, 1212, -1,
      1124, 1212, 1213, -1,
      1213, 1212, 1214, -1,
      1213, 1214, 847, -1,
      847, 1214, 1215, -1,
      847, 1215, 833, -1,
      833, 1215, 1216, -1,
      833, 1216, 1036, -1,
      1217, 1129, 1218, -1,
      1218, 1129, 1034, -1,
      1218, 1034, 1219, -1,
      1219, 1034, 1039, -1,
      1219, 1039, 1220, -1,
      1220, 1039, 1221, -1,
      1217, 1222, 1129, -1,
      1129, 1222, 1223, -1,
      1129, 1223, 1127, -1,
      1130, 1224, 1041, -1,
      1041, 1224, 1225, -1,
      1041, 1225, 849, -1,
      849, 1225, 1226, -1,
      849, 1226, 1131, -1,
      1144, 1227, 1142, -1,
      1142, 1227, 1228, -1,
      1142, 1228, 1229, -1,
      1229, 1228, 1230, -1,
      1229, 1230, 878, -1,
      878, 1230, 1231, -1,
      878, 1231, 879, -1,
      1232, 1233, 1234, -1,
      1057, 1056, 1235, -1,
      1236, 1237, 1238, -1,
      1239, 1240, 722, -1,
      722, 1240, 1241, -1,
      722, 1241, 1152, -1,
      1153, 1242, 1154, -1,
      1154, 1242, 1243, -1,
      1154, 1243, 1244, -1,
      1244, 1243, 1157, -1,
      1156, 1245, 1157, -1,
      1157, 1245, 1246, -1,
      1157, 1246, 1244, -1,
      1158, 720, 1154, -1,
      1247, 1248, 1249, -1,
      1250, 1251, 720, -1,
      1252, 1162, 1253, -1,
      1254, 1255, 1256, -1,
      1256, 1255, 1257, -1,
      720, 1258, 1259, -1,
      1259, 1258, 1260, -1,
      1259, 1260, 1261, -1,
      786, 787, 679, -1,
      679, 787, 789, -1,
      679, 789, 1262, -1,
      1262, 789, 1263, -1,
      1262, 1263, 1082, -1,
      1082, 1263, 1264, -1,
      1082, 1264, 1081, -1,
      987, 1265, 985, -1,
      985, 1265, 1173, -1,
      985, 1173, 1266, -1,
      1266, 1173, 1175, -1,
      985, 1267, 983, -1,
      983, 1267, 1268, -1,
      983, 1268, 583, -1,
      583, 1268, 1269, -1,
      583, 1269, 1270, -1,
      1271, 1272, 1178, -1,
      1178, 1272, 1273, -1,
      1178, 1273, 1274, -1,
      1275, 1276, 1179, -1,
      1277, 1278, 1279, -1,
      1280, 1281, 1282, -1,
      1282, 1281, 1283, -1,
      1282, 1283, 1007, -1,
      1007, 1283, 1284, -1,
      1007, 1284, 1005, -1,
      647, 1010, 598, -1,
      1285, 1286, 1287, -1,
      1287, 1286, 1288, -1,
      1287, 1288, 1289, -1,
      1289, 1288, 1290, -1,
      1289, 1290, 1039, -1,
      1039, 1290, 1291, -1,
      1039, 1291, 1221, -1,
      1223, 1292, 1127, -1,
      1127, 1292, 1293, -1,
      1127, 1293, 1294, -1,
      1294, 1293, 1295, -1,
      1234, 1296, 1232, -1,
      1232, 1296, 1297, -1,
      1232, 1297, 1298, -1,
      1298, 1297, 1299, -1,
      1298, 1299, 961, -1,
      961, 1299, 1300, -1,
      961, 1300, 962, -1,
      882, 884, 1056, -1,
      1056, 884, 1301, -1,
      1056, 1301, 1235, -1,
      1151, 1150, 1302, -1,
      1152, 1154, 722, -1,
      722, 1154, 720, -1,
      722, 720, 761, -1,
      761, 720, 719, -1,
      761, 719, 865, -1,
      1247, 1303, 1248, -1,
      1248, 1303, 1304, -1,
      1248, 1304, 1305, -1,
      1306, 1307, 720, -1,
      720, 1307, 1308, -1,
      1309, 1310, 720, -1,
      720, 1310, 1311, -1,
      720, 1311, 1058, -1,
      1058, 1311, 1312, -1,
      1313, 1314, 1315, -1,
      1316, 1317, 1318, -1,
      1319, 1320, 1321, -1,
      1321, 1320, 1322, -1,
      1274, 1323, 1178, -1,
      1178, 1323, 1324, -1,
      1178, 1324, 1179, -1,
      1179, 1324, 1325, -1,
      1179, 1325, 1275, -1,
      1326, 656, 1327, -1,
      1327, 656, 583, -1,
      1327, 583, 1328, -1,
      1328, 583, 1088, -1,
      918, 1329, 916, -1,
      916, 1329, 1330, -1,
      916, 1330, 1331, -1,
      1331, 1330, 1277, -1,
      1331, 1277, 1332, -1,
      1332, 1277, 1279, -1,
      1012, 1333, 699, -1,
      699, 1333, 1334, -1,
      699, 1334, 598, -1,
      598, 1334, 1335, -1,
      598, 1335, 647, -1,
      647, 1335, 1336, -1,
      647, 1336, 645, -1,
      1009, 1337, 1010, -1,
      1010, 1337, 1338, -1,
      1010, 1338, 598, -1,
      598, 1338, 1339, -1,
      598, 1339, 807, -1,
      1116, 1340, 1117, -1,
      1117, 1340, 1341, -1,
      1117, 1341, 1342, -1,
      1343, 1344, 1345, -1,
      1148, 1147, 1150, -1,
      1150, 1147, 1346, -1,
      1150, 1346, 1302, -1,
      1237, 1236, 1347, -1,
      1347, 1236, 1239, -1,
      1347, 1239, 1146, -1,
      1146, 1239, 722, -1,
      1146, 722, 883, -1,
      883, 722, 881, -1,
      883, 881, 963, -1,
      1306, 720, 1348, -1,
      1348, 720, 1159, -1,
      1348, 1159, 1305, -1,
      1305, 1159, 1349, -1,
      1305, 1349, 1248, -1,
      1350, 1351, 1352, -1,
      1352, 1351, 1353, -1,
      720, 1354, 1355, -1,
      1356, 1357, 1358, -1,
      1252, 1359, 1162, -1,
      1162, 1359, 1360, -1,
      1162, 1360, 720, -1,
      720, 1360, 1361, -1,
      720, 1361, 1258, -1,
      1257, 1362, 1256, -1,
      1256, 1362, 1313, -1,
      1256, 1313, 1363, -1,
      1363, 1313, 1315, -1,
      1318, 1364, 1316, -1,
      1316, 1364, 1365, -1,
      1316, 1365, 1366, -1,
      1366, 1365, 1367, -1,
      1366, 1367, 1085, -1,
      1085, 1367, 1368, -1,
      1085, 1368, 1086, -1,
      1369, 1370, 1178, -1,
      1178, 1370, 1371, -1,
      1178, 1371, 1271, -1,
      1322, 1372, 1321, -1,
      1321, 1372, 1370, -1,
      1321, 1370, 1373, -1,
      1373, 1370, 1369, -1,
      1274, 1374, 1323, -1,
      1323, 1374, 1375, -1,
      1323, 1375, 1376, -1,
      1376, 1375, 1377, -1,
      1376, 1377, 1378, -1,
      1379, 1380, 1381, -1,
      1381, 1380, 656, -1,
      1381, 656, 1382, -1,
      1382, 656, 1326, -1,
      1383, 1384, 1385, -1,
      1385, 1384, 1386, -1,
      1385, 1386, 1293, -1,
      1293, 1386, 1387, -1,
      1293, 1387, 1295, -1,
      1345, 1388, 1343, -1,
      1343, 1388, 1389, -1,
      1343, 1389, 850, -1,
      850, 1389, 1390, -1,
      850, 1390, 848, -1,
      1391, 1392, 1393, -1,
      1394, 1395, 1396, -1,
      1353, 1397, 1352, -1,
      1352, 1397, 1398, -1,
      1352, 1398, 1308, -1,
      1308, 1398, 1399, -1,
      1308, 1399, 720, -1,
      720, 1399, 1400, -1,
      720, 1400, 1354, -1,
      1401, 1402, 1403, -1,
      1403, 1402, 1404, -1,
      1405, 1406, 1407, -1,
      1358, 1408, 1356, -1,
      1356, 1408, 1409, -1,
      1356, 1409, 1410, -1,
      1410, 1409, 1411, -1,
      1410, 1411, 1311, -1,
      1311, 1411, 1412, -1,
      1311, 1412, 1312, -1,
      1314, 1313, 1413, -1,
      1413, 1313, 1414, -1,
      1413, 1414, 1261, -1,
      1261, 1414, 1415, -1,
      1261, 1415, 1259, -1,
      1416, 1417, 1418, -1,
      1181, 1179, 1419, -1,
      1419, 1179, 1420, -1,
      1419, 1420, 1421, -1,
      1421, 1420, 1422, -1,
      1421, 1422, 1270, -1,
      1270, 1422, 1423, -1,
      1270, 1423, 583, -1,
      583, 1423, 1424, -1,
      583, 1424, 1087, -1,
      1342, 1425, 1117, -1,
      1117, 1425, 1426, -1,
      1117, 1426, 1427, -1,
      1393, 1428, 1391, -1,
      1391, 1428, 1429, -1,
      1391, 1429, 1057, -1,
      1057, 1429, 1430, -1,
      1057, 1430, 1055, -1,
      1431, 1432, 1433, -1,
      1434, 1435, 1436, -1,
      1157, 1437, 1155, -1,
      1155, 1437, 1394, -1,
      1155, 1394, 1438, -1,
      1438, 1394, 1396, -1,
      1439, 1440, 1441, -1,
      1441, 1440, 1442, -1,
      1441, 1442, 1249, -1,
      1249, 1442, 1443, -1,
      1249, 1443, 1247, -1,
      1404, 1444, 1403, -1,
      1403, 1444, 1445, -1,
      1403, 1445, 1355, -1,
      1355, 1445, 1446, -1,
      1355, 1446, 720, -1,
      720, 1446, 1447, -1,
      720, 1447, 1448, -1,
      1449, 1250, 1450, -1,
      1450, 1250, 720, -1,
      1450, 720, 1451, -1,
      1451, 720, 1448, -1,
      1452, 1453, 1454, -1,
      1454, 1453, 1455, -1,
      1454, 1455, 1456, -1,
      1454, 1457, 1452, -1,
      1452, 1457, 1458, -1,
      1452, 1458, 720, -1,
      720, 1458, 1459, -1,
      720, 1459, 1309, -1,
      1460, 1461, 1462, -1,
      1462, 1461, 1463, -1,
      1462, 1463, 1253, -1,
      1253, 1463, 1464, -1,
      1253, 1464, 1252, -1,
      1276, 1465, 1179, -1,
      1179, 1465, 1416, -1,
      1179, 1416, 1466, -1,
      1466, 1416, 1418, -1,
      1433, 1467, 1431, -1,
      1431, 1467, 1468, -1,
      1431, 1468, 1151, -1,
      1151, 1468, 1469, -1,
      1151, 1469, 1149, -1,
      1238, 1470, 1236, -1,
      1236, 1470, 1471, -1,
      1236, 1471, 1472, -1,
      1472, 1471, 1434, -1,
      1472, 1434, 1473, -1,
      1473, 1434, 1436, -1,
      1474, 1475, 1476, -1,
      1477, 1478, 1450, -1,
      1450, 1478, 1479, -1,
      1450, 1479, 1449, -1,
      1407, 1406, 1480, -1,
      1251, 1481, 720, -1,
      720, 1481, 1482, -1,
      720, 1482, 1452, -1,
      1452, 1482, 1483, -1,
      1484, 1485, 1486, -1,
      1352, 1487, 1350, -1,
      1350, 1487, 1474, -1,
      1350, 1474, 1488, -1,
      1488, 1474, 1476, -1,
      1489, 1490, 1491, -1,
      1491, 1490, 1492, -1,
      1491, 1492, 1401, -1,
      1401, 1492, 1493, -1,
      1401, 1493, 1402, -1,
      1494, 1495, 1496, -1,
      1483, 1482, 1406, -1,
      1406, 1482, 1497, -1,
      1406, 1497, 1480, -1,
      1486, 1498, 1484, -1,
      1484, 1498, 1499, -1,
      1484, 1499, 1500, -1,
      1500, 1499, 1501, -1,
      1500, 1501, 1377, -1,
      1377, 1501, 1502, -1,
      1377, 1502, 1378, -1,
      1450, 1503, 1477, -1,
      1477, 1503, 1494, -1,
      1477, 1494, 1504, -1,
      1504, 1494, 1496, -1,
      1456, 1505, 1454, -1,
      1454, 1505, 1506, -1,
      1454, 1506, 1507, -1,
      1507, 1506, 1508, -1,
      1509, 1510, 1511, -1,
      1511, 1512, 1509, -1,
      1509, 1512, 1513, -1,
      1509, 1513, 1407, -1,
      1407, 1513, 1514, -1,
      1407, 1514, 1405, -1,
      1515, 1516, 1517, -1,
      1517, 1516, 1518, -1,
      1517, 1518, 1506, -1,
      1506, 1518, 1519, -1,
      1506, 1519, 1508, -1,
      560, 612, 611, -1,
      1279, 1278, 1520, -1,
      1520, 1278, 1521, -1,
      611, 1522, 560, -1,
      560, 1522, 1520, -1,
      560, 1520, 1, -1,
      1, 1520, 1521, -1,
      1, 1521, 1523, -1,
      1524, 635, 634, -1,
      1525, 1526, 1, -1,
      634, 1525, 1524, -1,
      1524, 1525, 1, -1,
      1524, 1, 1527, -1,
      1527, 1, 1523, -1,
      1527, 1523, 1182, -1,
      1182, 1523, 1183, -1,
      1528, 1107, 1106, -1,
      1529, 1530, 1, -1,
      1106, 1529, 1528, -1,
      1528, 1529, 1, -1,
      1528, 1, 1531, -1,
      1531, 1, 1526, -1,
      1531, 1526, 588, -1,
      588, 1526, 589, -1,
      1532, 1281, 1280, -1,
      1533, 1534, 1, -1,
      1280, 1533, 1532, -1,
      1532, 1533, 1, -1,
      1532, 1, 1535, -1,
      1535, 1, 1530, -1,
      1535, 1530, 1103, -1,
      1103, 1530, 1104, -1,
      1536, 1101, 1100, -1,
      1537, 1538, 1, -1,
      1100, 1537, 1536, -1,
      1536, 1537, 1, -1,
      1536, 1, 1539, -1,
      1539, 1, 1534, -1,
      1539, 1534, 742, -1,
      742, 1534, 743, -1,
      1540, 1098, 1097, -1,
      1541, 1542, 1, -1,
      1097, 1541, 1540, -1,
      1540, 1541, 1, -1,
      1540, 1, 1543, -1,
      1543, 1, 1538, -1,
      1543, 1538, 736, -1,
      736, 1538, 737, -1,
      1544, 695, 694, -1,
      1545, 1546, 1, -1,
      694, 1545, 1544, -1,
      1544, 1545, 1, -1,
      1544, 1, 1547, -1,
      1547, 1, 1542, -1,
      1547, 1542, 998, -1,
      998, 1542, 999, -1,
      1255, 1254, 1548, -1,
      1548, 1254, 1, -1,
      1548, 1, 1549, -1,
      1549, 1, 1546, -1,
      1549, 1546, 862, -1,
      862, 1546, 863, -1,
      1, 1254, 1256, -1,
      1550, 1551, 492, -1,
      1256, 1552, 1, -1,
      1, 1552, 1553, -1,
      1, 1553, 492, -1,
      1554, 1490, 1489, -1,
      1555, 1358, 1357, -1,
      1556, 1557, 492, -1,
      1357, 1550, 1555, -1,
      1555, 1550, 492, -1,
      1555, 492, 1558, -1,
      1558, 492, 1553, -1,
      1558, 1553, 1460, -1,
      1460, 1553, 1461, -1,
      1559, 1511, 1510, -1,
      1560, 1561, 492, -1,
      1510, 1560, 1559, -1,
      1559, 1560, 492, -1,
      1559, 492, 1562, -1,
      1562, 492, 1551, -1,
      1562, 1551, 1515, -1,
      1515, 1551, 1516, -1,
      1563, 492, 1564, -1,
      1564, 492, 1557, -1,
      1564, 1557, 1475, -1,
      1475, 1557, 1476, -1,
      1489, 1556, 1554, -1,
      1554, 1556, 492, -1,
      1554, 492, 1565, -1,
      1565, 492, 1561, -1,
      1565, 1561, 1495, -1,
      1495, 1561, 1496, -1,
      1566, 1396, 1395, -1,
      1567, 1568, 492, -1,
      1395, 1567, 1566, -1,
      1566, 1567, 492, -1,
      1566, 492, 1569, -1,
      1569, 492, 1563, -1,
      1569, 1563, 1439, -1,
      1439, 1563, 1440, -1,
      1570, 1433, 1432, -1,
      1571, 1572, 492, -1,
      1432, 1571, 1570, -1,
      1570, 1571, 492, -1,
      1570, 492, 1573, -1,
      1573, 492, 1568, -1,
      1573, 1568, 1435, -1,
      1435, 1568, 1436, -1,
      1574, 1234, 1233, -1,
      1575, 1576, 492, -1,
      1233, 1575, 1574, -1,
      1574, 1575, 492, -1,
      1574, 492, 1577, -1,
      1577, 492, 1572, -1,
      1577, 1572, 1392, -1,
      1392, 1572, 1393, -1,
      868, 871, 1578, -1,
      1578, 871, 492, -1,
      1578, 492, 1579, -1,
      1579, 492, 1576, -1,
      1579, 1576, 1143, -1,
      1143, 1576, 1144, -1,
      1580, 1581, 566, -1,
      492, 871, 870, -1,
      1582, 1418, 1417, -1,
      1054, 1053, 1583, -1,
      1583, 1053, 1584, -1,
      1585, 566, 1586, -1,
      1586, 566, 1581, -1,
      1586, 1581, 946, -1,
      946, 1581, 947, -1,
      1587, 1588, 566, -1,
      870, 1589, 492, -1,
      492, 1589, 1583, -1,
      492, 1583, 566, -1,
      566, 1583, 1584, -1,
      566, 1584, 1590, -1,
      1591, 1017, 1016, -1,
      1320, 1319, 1592, -1,
      1592, 1319, 566, -1,
      1592, 566, 1593, -1,
      1593, 566, 1588, -1,
      1593, 1588, 1485, -1,
      1485, 1588, 1486, -1,
      1594, 1345, 1344, -1,
      1595, 1596, 566, -1,
      1597, 1598, 566, -1,
      1016, 1595, 1591, -1,
      1591, 1595, 566, -1,
      1591, 566, 1599, -1,
      1599, 566, 1585, -1,
      1599, 1585, 1019, -1,
      1019, 1585, 1020, -1,
      1344, 1597, 1594, -1,
      1594, 1597, 566, -1,
      1594, 566, 1600, -1,
      1600, 566, 1590, -1,
      1600, 1590, 1050, -1,
      1050, 1590, 1051, -1,
      1417, 1587, 1582, -1,
      1582, 1587, 566, -1,
      1582, 566, 1601, -1,
      1601, 566, 1596, -1,
      1601, 1596, 1379, -1,
      1379, 1596, 1380, -1,
      1602, 1286, 1285, -1,
      1603, 1604, 566, -1,
      1285, 1603, 1602, -1,
      1602, 1603, 566, -1,
      1602, 566, 1605, -1,
      1605, 566, 1598, -1,
      1605, 1598, 1383, -1,
      1383, 1598, 1384, -1,
      1606, 1029, 1028, -1,
      1126, 1125, 1604, -1,
      1604, 1125, 1607, -1,
      1604, 1607, 566, -1,
      566, 1607, 1608, -1,
      1123, 1122, 1608, -1,
      1608, 1122, 1609, -1,
      1608, 1609, 566, -1,
      566, 1609, 1606, -1,
      566, 1606, 1580, -1,
      1580, 1606, 1028, -1,
      1610, 768, 767, -1,
      1611, 1612, 560, -1,
      1613, 783, 782, -1,
      1614, 560, 1615, -1,
      1615, 560, 1612, -1,
      1615, 1612, 852, -1,
      852, 1612, 853, -1,
      1319, 1321, 566, -1,
      566, 1321, 1616, -1,
      566, 1616, 1617, -1,
      1618, 971, 970, -1,
      1619, 575, 574, -1,
      1620, 1621, 560, -1,
      1175, 1174, 1617, -1,
      1617, 1174, 1622, -1,
      1617, 1622, 566, -1,
      566, 1622, 1623, -1,
      574, 1620, 1619, -1,
      1619, 1620, 560, -1,
      1619, 560, 1624, -1,
      1624, 560, 1614, -1,
      1624, 1614, 817, -1,
      817, 1614, 818, -1,
      566, 1625, 1626, -1,
      891, 890, 1627, -1,
      1627, 890, 1628, -1,
      1318, 1317, 1623, -1,
      1623, 1317, 1629, -1,
      1623, 1629, 566, -1,
      566, 1629, 1630, -1,
      614, 612, 1631, -1,
      1631, 612, 560, -1,
      1631, 560, 1632, -1,
      1632, 560, 1621, -1,
      1632, 1621, 992, -1,
      992, 1621, 993, -1,
      1068, 1067, 1626, -1,
      1626, 1067, 1633, -1,
      1626, 1633, 566, -1,
      566, 1633, 1634, -1,
      1074, 1073, 1630, -1,
      1630, 1073, 1635, -1,
      1630, 1635, 566, -1,
      566, 1635, 1636, -1,
      978, 977, 1636, -1,
      1636, 977, 1637, -1,
      1636, 1637, 566, -1,
      566, 1637, 1613, -1,
      566, 1613, 1625, -1,
      1625, 1613, 782, -1,
      970, 1638, 1618, -1,
      1618, 1638, 566, -1,
      1618, 566, 1639, -1,
      1639, 566, 1634, -1,
      1639, 1634, 1064, -1,
      1064, 1634, 1065, -1,
      767, 1611, 1610, -1,
      1610, 1611, 560, -1,
      1610, 560, 1628, -1,
      1628, 560, 566, -1,
      1628, 566, 1627, -1,
      1627, 566, 1638, -1,
    ]
  }
}

Shape {
  appearance Appearance {
    material Material {
      diffuseColor 1.0000 1.0000 1.0000
      specularColor 0.5020 0.5020 0.5020
      ambientIntensity 0.2
      transparency 0.0000
      shininess 0.5
    }
  }
  geometry IndexedFaceSet {
    ccw TRUE
    solid FALSE
    coord DEF co Coordinate {
      point [
        -0.983154 0.891871 0.338583,
        -1.017227 0.887385 0.338583,
        -0.951402 1.133050 0.338583,
        -0.924135 1.112128 0.338583,
        -0.903214 1.084862 0.338583,
        -0.903214 0.953211 0.338583,
        -0.924135 0.925944 0.338583,
        -0.951402 0.905023 0.338583,
        -1.051301 0.891871 0.338583,
        -1.083053 0.905023 0.338583,
        -1.110319 0.925944 0.338583,
        -0.890061 1.053110 0.338583,
        -0.885576 1.019036 0.338583,
        -0.890061 0.984963 0.338583,
        -1.131241 0.953211 0.338583,
        -1.144393 0.984963 0.338583,
        -1.148879 1.019036 0.338583,
        -1.144393 1.053110 0.338583,
        -1.131241 1.084862 0.338583,
        -1.110319 1.112128 0.338583,
        -1.083053 1.133050 0.338583,
        -1.051301 1.146202 0.338583,
        -1.017227 1.150688 0.338583,
        -0.983154 1.146202 0.338583,
        -0.885576 1.019036 0.334646,
        -0.890061 1.053110 0.334646,
        -0.903214 1.084862 0.334646,
        -0.924135 1.112128 0.334646,
        -0.951402 1.133050 0.334646,
        -0.983154 1.146202 0.334646,
        -1.017227 1.150688 0.334646,
        -1.051301 1.146202 0.334646,
        -1.083053 1.133050 0.334646,
        -1.110319 1.112128 0.334646,
        -1.131241 1.084862 0.334646,
        -1.144393 1.053110 0.334646,
        -1.148879 1.019036 0.334646,
        -1.144393 0.984963 0.334646,
        -1.131241 0.953211 0.334646,
        -1.110319 0.925944 0.334646,
        -1.083053 0.905023 0.334646,
        -1.051301 0.891871 0.334646,
        -1.017227 0.887385 0.334646,
        -0.983154 0.891871 0.334646,
        -0.951402 0.905023 0.334646,
        -0.924135 0.925944 0.334646,
        -0.903214 0.953211 0.334646,
        -0.890061 0.984963 0.334646,
        -1.017227 1.019036 0.334646,
      ]
    }
    coordIndex [
      24, 12, 25, -1,
      25, 12, 11, -1,
      25, 11, 26, -1,
      26, 11, 4, -1,
      26, 4, 27, -1,
      27, 4, 3, -1,
      27, 3, 28, -1,
      28, 3, 2, -1,
      28, 2, 29, -1,
      29, 2, 23, -1,
      29, 23, 30, -1,
      30, 23, 22, -1,
      30, 22, 31, -1,
      31, 22, 21, -1,
      31, 21, 32, -1,
      32, 21, 20, -1,
      32, 20, 33, -1,
      33, 20, 19, -1,
      33, 19, 34, -1,
      34, 19, 18, -1,
      34, 18, 35, -1,
      35, 18, 17, -1,
      35, 17, 36, -1,
      36, 17, 16, -1,
      36, 16, 37, -1,
      37, 16, 15, -1,
      37, 15, 38, -1,
      38, 15, 14, -1,
      38, 14, 39, -1,
      39, 14, 10, -1,
      39, 10, 40, -1,
      40, 10, 9, -1,
      40, 9, 41, -1,
      41, 9, 8, -1,
      41, 8, 42, -1,
      42, 8, 1, -1,
      42, 1, 43, -1,
      43, 1, 0, -1,
      43, 0, 44, -1,
      44, 0, 7, -1,
      44, 7, 45, -1,
      45, 7, 6, -1,
      45, 6, 46, -1,
      46, 6, 5, -1,
      46, 5, 47, -1,
      47, 5, 13, -1,
      47, 13, 24, -1,
      24, 13, 12, -1,
      46, 47, 48, -1,
      48, 47, 24, -1,
      48, 24, 25, -1,
      43, 44, 48, -1,
      48, 44, 45, -1,
      48, 45, 46, -1,
      40, 41, 48, -1,
      48, 41, 42, -1,
      48, 42, 43, -1,
      37, 38, 48, -1,
      48, 38, 39, -1,
      48, 39, 40, -1,
      34, 35, 48, -1,
      48, 35, 36, -1,
      48, 36, 37, -1,
      31, 32, 48, -1,
      48, 32, 33, -1,
      48, 33, 34, -1,
      28, 29, 48, -1,
      48, 29, 30, -1,
      48, 30, 31, -1,
      25, 26, 48, -1,
      48, 26, 27, -1,
      48, 27, 28, -1,
    ]
  }
}

Shape {
  appearance Appearance {
    material Material {
      diffuseColor 0.8510 0.8510 0.8510
      specularColor 0.4235 0.4235 0.4235
      ambientIntensity 0.2
      transparency 0.0000
      shininess 0.5
    }
  }
  geometry IndexedFaceSet {
    ccw TRUE
    solid FALSE
    coord DEF co Coordinate {
      point [
        0.332677 -1.225613 0.003937,
        0.324131 -1.222074 0.003937,
        0.629921 -0.669291 0.003937,
        -0.297244 -1.225613 0.003937,
        -0.305790 -1.222074 0.003937,
        -0.188166 -1.238583 0.003937,
        0.909449 -1.256299 0.003937,
        0.909449 -1.377953 0.003937,
        0.822835 -1.377953 0.003937,
        1.225613 0.454724 0.003937,
        1.238583 0.345646 0.003937,
        1.222074 0.463270 0.003937,
        1.231244 0.340016 0.003937,
        1.220866 0.472441 0.003937,
        -1.222074 -0.639092 0.003937,
        -1.220866 -0.629921 0.003937,
        -0.669291 -0.629921 0.003937,
        0.175197 -1.225613 0.003937,
        0.166651 -1.222074 0.003937,
        0.284275 -1.238583 0.003937,
        1.256299 -0.507874 0.003937,
        1.377953 -0.507874 0.003937,
        1.377953 -0.594488 0.003937,
        1.231244 0.447386 0.003937,
        1.238583 0.441755 0.003937,
        1.247128 0.349186 0.003937,
        1.256299 0.822835 0.003937,
        1.231244 0.919827 0.003937,
        1.238583 0.914196 0.003937,
        1.222074 -0.463270 0.003937,
        1.220866 -0.472441 0.003937,
        0.796572 -1.222074 0.003937,
        0.649606 -0.664017 0.003937,
        0.657760 -0.657760 0.003937,
        0.639092 -1.222074 0.003937,
        0.289906 -1.231244 0.003937,
        1.256299 -0.594488 0.003937,
        1.247128 -0.595696 0.003937,
        1.247128 -0.506667 0.003937,
        1.238583 -0.599235 0.003937,
        1.238583 -0.503127 0.003937,
        0.818087 -1.238583 0.003937,
        1.220866 -0.629921 0.003937,
        1.222074 -0.639092 0.003937,
        1.377953 -1.137795 0.003937,
        1.256299 -1.137795 0.003937,
        1.137795 -1.377953 0.003937,
        1.247128 0.821627 0.003937,
        1.222074 0.935711 0.003937,
        1.225613 0.927165 0.003937,
        1.247128 0.034226 0.003937,
        1.238583 0.030686 0.003937,
        1.238583 0.126794 0.003937,
        1.231244 0.025055 0.003937,
        0.481612 -1.222074 0.003937,
        0.472441 -1.220866 0.003937,
        0.463270 -1.222074 0.003937,
        1.231244 -0.604866 0.003937,
        1.225613 -0.612205 0.003937,
        1.222074 -0.620750 0.003937,
        0.822835 -1.256299 0.003937,
        1.238583 -0.660607 0.003937,
        0.821627 -1.247128 0.003937,
        1.231244 -0.654976 0.003937,
        1.225613 -0.647638 0.003937,
        1.256299 -0.665354 0.003937,
        1.377953 -0.665354 0.003937,
        1.377953 -0.751969 0.003937,
        1.220866 -1.102362 0.003937,
        1.222074 -1.111533 0.003937,
        1.136588 -1.247128 0.003937,
        1.238583 0.818087 0.003937,
        1.231244 0.812457 0.003937,
        1.220866 0.944882 0.003937,
        1.225613 0.805118 0.003937,
        1.231244 0.762346 0.003937,
        1.238583 0.756716 0.003937,
        1.225613 0.139764 0.003937,
        1.231244 0.132425 0.003937,
        1.222074 0.009171 0.003937,
        1.225613 0.017717 0.003937,
        0.787402 -1.220866 0.003937,
        0.778231 -1.222074 0.003937,
        1.222074 0.305790 0.003937,
        0.769685 -1.225613 0.003937,
        0.762346 -1.231244 0.003937,
        -1.238583 -0.660607 0.003937,
        -1.247128 -0.664147 0.003937,
        -1.256299 -0.665354 0.003937,
        -1.231244 -0.654976 0.003937,
        -1.225613 -0.647638 0.003937,
        -1.231244 -0.497496 0.003937,
        -1.225613 -0.490157 0.003937,
        -1.247128 -0.595696 0.003937,
        -0.664017 0.649606 0.003937,
        -1.220866 -0.314961 0.003937,
        -1.222074 -0.305790 0.003937,
        -1.225613 -0.297244 0.003937,
        -1.231244 -0.289906 0.003937,
        -1.238583 -0.284275 0.003937,
        -1.222074 -0.148309 0.003937,
        -1.225613 -0.139764 0.003937,
        -1.111533 1.222074 0.003937,
        -1.102362 1.220866 0.003937,
        -1.225613 1.120079 0.003937,
        0.340016 -1.231244 0.003937,
        0.345646 -1.238583 0.003937,
        0.454724 -1.225613 0.003937,
        0.447386 -1.231244 0.003937,
        -0.324131 -1.222074 0.003937,
        -0.332677 -1.225613 0.003937,
        -0.629921 -0.669291 0.003937,
        -0.340016 -1.231244 0.003937,
        -0.481612 -1.222074 0.003937,
        -0.490157 -1.225613 0.003937,
        -0.497496 -1.231244 0.003937,
        1.256299 -0.751969 0.003937,
        1.247128 -0.753176 0.003937,
        1.247128 -0.664147 0.003937,
        1.238583 -0.756716 0.003937,
        0.962598 -1.225613 0.003937,
        0.954053 -1.222074 0.003937,
        1.222074 0.954053 0.003937,
        1.225613 0.769685 0.003937,
        1.222074 0.620750 0.003937,
        1.225613 0.612205 0.003937,
        1.377953 0.909449 0.003937,
        1.377953 0.822835 0.003937,
        1.256299 0.909449 0.003937,
        1.247128 0.910656 0.003937,
        1.225613 0.297244 0.003937,
        1.231244 0.289906 0.003937,
        1.247128 -0.438215 0.003937,
        1.238583 -0.441755 0.003937,
        1.238583 -0.345646 0.003937,
        -1.247128 -0.191706 0.003937,
        -1.238583 -0.188166 0.003937,
        -1.231244 -0.182535 0.003937,
        -1.225613 -0.175197 0.003937,
        -1.222074 -0.166651 0.003937,
        -1.220866 -0.157480 0.003937,
        0.669291 0.629921 0.003937,
        0.667950 0.640111 0.003937,
        0.664017 0.649606 0.003937,
        0.657760 0.657760 0.003937,
        1.225613 1.084646 0.003937,
        1.231244 1.077307 0.003937,
        1.238583 0.975568 0.003937,
        1.238583 1.071676 0.003937,
        1.247128 0.979107 0.003937,
        1.222074 1.093191 0.003937,
        1.231244 0.969937 0.003937,
        1.220866 1.102362 0.003937,
        -1.093191 1.222074 0.003937,
        -1.220866 1.102362 0.003937,
        -1.222074 1.111533 0.003937,
        0.034226 -1.247128 0.003937,
        0.030686 -1.238583 0.003937,
        0.126794 -1.238583 0.003937,
        0.025055 -1.231244 0.003937,
        -0.447386 -1.231244 0.003937,
        -0.345646 -1.238583 0.003937,
        -0.441755 -1.238583 0.003937,
        -0.438215 -1.247128 0.003937,
        -0.454724 -1.225613 0.003937,
        -0.463270 -1.222074 0.003937,
        -0.472441 -1.220866 0.003937,
        1.256299 0.437008 0.003937,
        1.377953 0.437008 0.003937,
        1.377953 0.350394 0.003937,
        1.222074 0.796572 0.003937,
        1.220866 0.787402 0.003937,
        1.222074 0.778231 0.003937,
        1.256299 0.122047 0.003937,
        1.377953 0.122047 0.003937,
        1.377953 0.035433 0.003937,
        1.231244 -0.340016 0.003937,
        -1.238583 -0.599235 0.003937,
        -1.222074 -0.481612 0.003937,
        -1.220866 -0.472441 0.003937,
        -1.222074 -0.463270 0.003937,
        -1.247128 -0.123255 0.003937,
        -1.238583 -0.030686 0.003937,
        -1.238583 -0.126794 0.003937,
        -1.231244 -0.025055 0.003937,
        0.629921 -1.220866 0.003937,
        0.640111 -0.667950 0.003937,
        0.604866 -1.231244 0.003937,
        0.612205 -1.225613 0.003937,
        0.620750 -1.222074 0.003937,
        0.649606 0.664017 0.003937,
        0.640111 0.667950 0.003937,
        0.629921 0.669291 0.003937,
        -1.225613 0.962598 0.003937,
        -1.231244 0.969937 0.003937,
        -1.222074 1.093191 0.003937,
        -1.238583 0.975568 0.003937,
        -1.225613 1.084646 0.003937,
        0.437008 -1.256299 0.003937,
        0.437008 -1.377953 0.003937,
        0.350394 -1.377953 0.003937,
        0.314961 -1.220866 0.003937,
        0.305790 -1.222074 0.003937,
        0.297244 -1.225613 0.003937,
        0.017717 -1.225613 0.003937,
        0.009171 -1.222074 0.003937,
        0.132425 -1.231244 0.003937,
        -0.123255 -1.247128 0.003937,
        -0.126794 -1.238583 0.003937,
        -0.030686 -1.238583 0.003937,
        -0.132425 -1.231244 0.003937,
        -0.148309 -1.222074 0.003937,
        -0.157480 -1.220866 0.003937,
        -0.350394 -1.256299 0.003937,
        -0.350394 -1.377953 0.003937,
        -0.437008 -1.377953 0.003937,
        -0.620750 -1.222074 0.003937,
        -0.629921 -1.220866 0.003937,
        -0.639092 -1.222074 0.003937,
        -0.647638 -1.225613 0.003937,
        -0.654976 -1.231244 0.003937,
        -0.778231 -1.222074 0.003937,
        1.247128 -0.821627 0.003937,
        1.238583 -0.914196 0.003937,
        1.238583 -0.818087 0.003937,
        1.231244 -0.919827 0.003937,
        1.093191 -1.222074 0.003937,
        1.084646 -1.225613 0.003937,
        0.979107 -1.247128 0.003937,
        1.077307 -1.231244 0.003937,
        1.071676 -1.238583 0.003937,
        1.247128 0.438215 0.003937,
        1.256299 0.350394 0.003937,
        1.247128 0.664147 0.003937,
        1.238583 0.660607 0.003937,
        1.231244 0.654976 0.003937,
        1.222074 0.481612 0.003937,
        1.247128 0.123255 0.003937,
        1.256299 0.035433 0.003937,
        1.222074 -0.166651 0.003937,
        1.225613 -0.175197 0.003937,
        1.231244 -0.182535 0.003937,
        1.238583 -0.188166 0.003937,
        1.222074 -0.481612 0.003937,
        1.225613 -0.490157 0.003937,
        0.805118 -1.225613 0.003937,
        1.231244 -0.497496 0.003937,
        0.812457 -1.231244 0.003937,
        0.751969 -1.256299 0.003937,
        0.751969 -1.377953 0.003937,
        0.665354 -1.377953 0.003937,
        0.756716 -1.238583 0.003937,
        0.753176 -1.247128 0.003937,
        0.647638 -1.225613 0.003937,
        0.654976 -1.231244 0.003937,
        -1.222074 -0.620750 0.003937,
        -1.225613 -0.612205 0.003937,
        -1.231244 -0.604866 0.003937,
        -1.222074 -0.324131 0.003937,
        -0.667950 0.640111 0.003937,
        -1.225613 -0.332677 0.003937,
        -1.225613 -0.017717 0.003937,
        -1.231244 -0.132425 0.003937,
        -1.222074 -0.009171 0.003937,
        -1.220866 0.000000 0.003937,
        -0.657760 0.657760 0.003937,
        -1.222074 0.009171 0.003937,
        -1.225613 0.017717 0.003937,
        -1.247128 0.123255 0.003937,
        -1.238583 0.126794 0.003937,
        -1.238583 0.030686 0.003937,
        -1.231244 0.132425 0.003937,
        -1.225613 0.139764 0.003937,
        -1.231244 0.025055 0.003937,
        -1.222074 0.148309 0.003937,
        -1.220866 0.157480 0.003937,
        -1.222074 0.166651 0.003937,
        -1.225613 0.175197 0.003937,
        -1.231244 0.182535 0.003937,
        -1.238583 0.188166 0.003937,
        -1.231244 0.762346 0.003937,
        -1.225613 0.769685 0.003937,
        -1.247128 0.664147 0.003937,
        0.594488 -1.256299 0.003937,
        0.594488 -1.377953 0.003937,
        0.507874 -1.377953 0.003937,
        0.599235 -1.238583 0.003937,
        0.595696 -1.247128 0.003937,
        0.490157 -1.225613 0.003937,
        0.497496 -1.231244 0.003937,
        0.664017 -0.649606 0.003937,
        0.667950 -0.640111 0.003937,
        0.669291 -0.629921 0.003937,
        1.256299 1.066929 0.003937,
        1.377953 1.066929 0.003937,
        1.377953 0.980315 0.003937,
        -1.220866 0.944882 0.003937,
        1.225613 0.962598 0.003937,
        -1.222074 0.954053 0.003937,
        -1.238583 1.133048 0.003937,
        -1.137795 1.377953 0.003937,
        -1.137795 1.256299 0.003937,
        -1.377953 1.137795 0.003937,
        -1.256299 1.137795 0.003937,
        -1.247128 1.136588 0.003937,
        -1.084646 1.225613 0.003937,
        -0.944882 1.220866 0.003937,
        -1.077307 1.231244 0.003937,
        -0.954053 1.222074 0.003937,
        -1.071676 1.238583 0.003937,
        -0.962598 1.225613 0.003937,
        -0.935711 1.222074 0.003937,
        -0.787402 1.220866 0.003937,
        -0.639092 1.222074 0.003937,
        -0.629921 1.220866 0.003937,
        -0.769685 1.225613 0.003937,
        0.441755 -1.238583 0.003937,
        0.438215 -1.247128 0.003937,
        0.349186 -1.247128 0.003937,
        0.350394 -1.256299 0.003937,
        0.279528 -1.256299 0.003937,
        0.279528 -1.377953 0.003937,
        0.192913 -1.377953 0.003937,
        0.157480 -1.220866 0.003937,
        0.148309 -1.222074 0.003937,
        0.139764 -1.225613 0.003937,
        -0.139764 -1.225613 0.003937,
        -0.025055 -1.231244 0.003937,
        -0.166651 -1.222074 0.003937,
        -0.175197 -1.225613 0.003937,
        -0.182535 -1.231244 0.003937,
        -0.349186 -1.247128 0.003937,
        -0.437008 -1.256299 0.003937,
        1.225613 -1.120079 0.003937,
        1.231244 -1.127417 0.003937,
        1.137795 -1.256299 0.003937,
        1.238583 -1.133048 0.003937,
        1.247128 -1.136588 0.003937,
        1.225613 -0.805118 0.003937,
        1.231244 -0.812457 0.003937,
        1.222074 -0.935711 0.003937,
        1.225613 -0.927165 0.003937,
        1.133048 -1.238583 0.003937,
        1.225613 -1.084646 0.003937,
        1.222074 -1.093191 0.003937,
        1.231244 -1.077307 0.003937,
        1.222074 -0.954053 0.003937,
        1.238583 -1.071676 0.003937,
        1.225613 -0.962598 0.003937,
        1.231244 -0.969937 0.003937,
        0.944882 -1.220866 0.003937,
        0.935711 -1.222074 0.003937,
        0.927165 -1.225613 0.003937,
        1.225613 0.647638 0.003937,
        1.222074 0.639092 0.003937,
        1.220866 0.629921 0.003937,
        1.225613 0.490157 0.003937,
        1.238583 0.599235 0.003937,
        1.231244 0.604866 0.003937,
        1.225613 0.332677 0.003937,
        1.222074 0.324131 0.003937,
        1.220866 0.314961 0.003937,
        1.225613 -0.454724 0.003937,
        1.220866 -0.314961 0.003937,
        1.231244 -0.447386 0.003937,
        1.222074 -0.324131 0.003937,
        1.225613 -0.332677 0.003937,
        0.665354 -1.256299 0.003937,
        0.664147 -1.247128 0.003937,
        0.660607 -1.238583 0.003937,
        -0.668095 0.290265 0.003937,
        -0.669291 0.280633 0.003937,
        -1.231244 -0.340016 0.003937,
        -1.238583 -0.345646 0.003937,
        -1.225613 -0.454724 0.003937,
        -1.231244 -0.447386 0.003937,
        -1.256299 -0.279528 0.003937,
        -1.377953 -0.279528 0.003937,
        -1.377953 -0.192913 0.003937,
        0.507874 -1.256299 0.003937,
        0.506667 -1.247128 0.003937,
        0.503127 -1.238583 0.003937,
        1.247128 1.068137 0.003937,
        1.256299 0.980315 0.003937,
        -1.136588 1.247128 0.003937,
        -1.133048 1.238583 0.003937,
        -1.231244 1.127417 0.003937,
        -1.127417 1.231244 0.003937,
        -1.120079 1.225613 0.003937,
        -0.927165 1.225613 0.003937,
        -0.919827 1.231244 0.003937,
        -0.796572 1.222074 0.003937,
        -0.914196 1.238583 0.003937,
        -0.805118 1.225613 0.003937,
        -0.778231 1.222074 0.003937,
        0.192913 -1.256299 0.003937,
        0.191706 -1.247128 0.003937,
        0.280735 -1.247128 0.003937,
        0.188166 -1.238583 0.003937,
        0.182535 -1.231244 0.003937,
        0.122047 -1.256299 0.003937,
        0.122047 -1.377953 0.003937,
        0.035433 -1.377953 0.003937,
        -0.000000 -1.220866 0.003937,
        -0.009171 -1.222074 0.003937,
        -0.017717 -1.225613 0.003937,
        -0.314961 -1.220866 0.003937,
        -0.507874 -1.256299 0.003937,
        -0.507874 -1.377953 0.003937,
        -0.594488 -1.377953 0.003937,
        -0.503127 -1.238583 0.003937,
        -0.506667 -1.247128 0.003937,
        -0.612205 -1.225613 0.003937,
        -0.604866 -1.231244 0.003937,
        -0.954053 -1.222074 0.003937,
        -0.962598 -1.225613 0.003937,
        -1.068137 -1.247128 0.003937,
        -0.969937 -1.231244 0.003937,
        -0.975568 -1.238583 0.003937,
        1.127417 -1.231244 0.003937,
        1.120079 -1.225613 0.003937,
        1.111533 -1.222074 0.003937,
        1.066929 -1.256299 0.003937,
        1.066929 -1.377953 0.003937,
        0.980315 -1.377953 0.003937,
        0.919827 -1.231244 0.003937,
        0.914196 -1.238583 0.003937,
        0.910656 -1.247128 0.003937,
        1.256299 0.751969 0.003937,
        1.377953 0.751969 0.003937,
        1.377953 0.665354 0.003937,
        1.247128 0.506667 0.003937,
        1.238583 0.503127 0.003937,
        1.231244 0.497496 0.003937,
        1.225613 -0.017717 0.003937,
        1.231244 -0.025055 0.003937,
        1.238583 -0.126794 0.003937,
        1.238583 -0.030686 0.003937,
        1.247128 -0.034226 0.003937,
        1.222074 -0.009171 0.003937,
        1.231244 -0.132425 0.003937,
        1.220866 0.000000 0.003937,
        1.238583 0.188166 0.003937,
        1.231244 0.182535 0.003937,
        1.222074 -0.305790 0.003937,
        1.225613 -0.297244 0.003937,
        -1.256299 -0.594488 0.003937,
        -1.377953 -0.594488 0.003937,
        -1.377953 -0.507874 0.003937,
        -1.256299 -0.437008 0.003937,
        -1.377953 -0.437008 0.003937,
        -1.377953 -0.350394 0.003937,
        -0.625106 0.326584 0.003937,
        -0.668095 0.497137 0.003937,
        -0.610029 0.339433 0.003937,
        -0.664579 0.488091 0.003937,
        -0.658957 0.480180 0.003937,
        -1.247128 -0.280735 0.003937,
        -1.256299 -0.192913 0.003937,
        -1.377953 -0.122047 0.003937,
        -1.377953 -0.035433 0.003937,
        -1.256299 -0.122047 0.003937,
        -1.256299 -0.035433 0.003937,
        -1.247128 -0.034226 0.003937,
        -1.222074 0.324131 0.003937,
        -0.649606 0.664017 0.003937,
        -1.220866 0.314961 0.003937,
        -1.222074 0.305790 0.003937,
        -1.225613 0.332677 0.003937,
        -1.231244 0.340016 0.003937,
        -1.238583 0.345646 0.003937,
        -1.222074 0.778231 0.003937,
        -0.629921 0.669291 0.003937,
        -1.220866 0.787402 0.003937,
        -1.222074 0.796572 0.003937,
        -1.225613 0.805118 0.003937,
        -1.231244 0.812457 0.003937,
        -1.222074 0.935711 0.003937,
        -1.238583 0.818087 0.003937,
        -1.225613 0.927165 0.003937,
        -1.256299 0.822835 0.003937,
        -1.377953 0.822835 0.003937,
        -1.377953 0.909449 0.003937,
        -1.256299 0.980315 0.003937,
        -1.377953 0.980315 0.003937,
        -1.377953 1.066929 0.003937,
        -0.654976 1.231244 0.003937,
        -0.647638 1.225613 0.003937,
        -0.753176 1.247128 0.003937,
        0.935711 1.222074 0.003937,
        0.944882 1.220866 0.003937,
        0.954053 1.222074 0.003937,
        0.123255 -1.247128 0.003937,
        0.035433 -1.256299 0.003937,
        -0.035433 -1.256299 0.003937,
        -0.035433 -1.377953 0.003937,
        -0.122047 -1.377953 0.003937,
        -0.192913 -1.256299 0.003937,
        -0.192913 -1.377953 0.003937,
        -0.279528 -1.377953 0.003937,
        -0.594488 -1.256299 0.003937,
        -0.595696 -1.247128 0.003937,
        -0.599235 -1.238583 0.003937,
        -0.665354 -1.256299 0.003937,
        -0.665354 -1.377953 0.003937,
        -0.751969 -1.377953 0.003937,
        -0.660607 -1.238583 0.003937,
        -0.664147 -1.247128 0.003937,
        -0.769685 -1.225613 0.003937,
        -0.762346 -1.231244 0.003937,
        -0.664017 -0.649606 0.003937,
        -0.657760 -0.657760 0.003937,
        -0.805118 -1.225613 0.003937,
        -0.649606 -0.664017 0.003937,
        -0.812457 -1.231244 0.003937,
        -0.935711 -1.222074 0.003937,
        -0.818087 -1.238583 0.003937,
        -0.927165 -1.225613 0.003937,
        -1.220866 -0.787402 0.003937,
        -1.222074 -0.778231 0.003937,
        1.068137 -1.247128 0.003937,
        0.980315 -1.256299 0.003937,
        1.220866 -0.787402 0.003937,
        1.222074 -0.778231 0.003937,
        1.102362 -1.220866 0.003937,
        1.247128 0.753176 0.003937,
        1.256299 0.665354 0.003937,
        1.256299 0.594488 0.003937,
        1.377953 0.594488 0.003937,
        1.377953 0.507874 0.003937,
        1.256299 0.279528 0.003937,
        1.377953 0.279528 0.003937,
        1.377953 0.192913 0.003937,
        1.256299 -0.192913 0.003937,
        1.377953 -0.192913 0.003937,
        1.377953 -0.279528 0.003937,
        1.256299 -0.350394 0.003937,
        1.377953 -0.350394 0.003937,
        1.377953 -0.437008 0.003937,
        -1.256299 -0.507874 0.003937,
        -1.247128 -0.506667 0.003937,
        -1.238583 -0.503127 0.003937,
        -1.238583 -0.441755 0.003937,
        -1.247128 -0.438215 0.003937,
        -1.247128 -0.349186 0.003937,
        -1.256299 -0.350394 0.003937,
        -0.651570 0.473885 0.003937,
        -0.642868 0.469588 0.003937,
        -0.598554 0.355580 0.003937,
        -0.664579 0.299311 0.003937,
        -0.669291 0.506769 0.003937,
        -0.669291 0.629921 0.003937,
        -1.256299 0.035433 0.003937,
        -1.377953 0.035433 0.003937,
        -1.377953 0.122047 0.003937,
        -1.256299 0.192913 0.003937,
        -1.377953 0.192913 0.003937,
        -1.377953 0.279528 0.003937,
        -1.225613 0.612205 0.003937,
        -1.222074 0.620750 0.003937,
        -0.640111 0.667950 0.003937,
        -1.220866 0.629921 0.003937,
        -1.238583 0.660607 0.003937,
        -1.256299 0.909449 0.003937,
        -1.247128 0.910656 0.003937,
        -1.247128 0.821627 0.003937,
        -1.238583 0.914196 0.003937,
        -1.231244 0.919827 0.003937,
        -1.256299 1.066929 0.003937,
        -1.247128 1.068137 0.003937,
        -1.247128 0.979107 0.003937,
        -1.238583 1.071676 0.003937,
        -1.231244 1.077307 0.003937,
        -1.066929 1.256299 0.003937,
        -1.066929 1.377953 0.003937,
        -0.980315 1.377953 0.003937,
        -0.620750 1.222074 0.003937,
        -0.472441 1.220866 0.003937,
        -0.612205 1.225613 0.003937,
        -0.481612 1.222074 0.003937,
        -0.497496 1.231244 0.003937,
        -0.490157 1.225613 0.003937,
        -0.595696 1.247128 0.003937,
        -0.314961 1.220866 0.003937,
        -0.305790 1.222074 0.003937,
        -0.157480 1.220866 0.003937,
        -0.191706 1.247128 0.003937,
        -0.188166 1.238583 0.003937,
        -0.284275 1.238583 0.003937,
        -0.148309 1.222074 0.003937,
        -0.139764 1.225613 0.003937,
        0.962598 1.225613 0.003937,
        0.969937 1.231244 0.003937,
        0.975568 1.238583 0.003937,
        -0.034226 -1.247128 0.003937,
        -0.122047 -1.256299 0.003937,
        -0.279528 -1.256299 0.003937,
        -0.280735 -1.247128 0.003937,
        -0.191706 -1.247128 0.003937,
        -0.284275 -1.238583 0.003937,
        -0.289906 -1.231244 0.003937,
        -0.751969 -1.256299 0.003937,
        -0.753176 -1.247128 0.003937,
        -0.756716 -1.238583 0.003937,
        -0.980315 -1.256299 0.003937,
        -0.980315 -1.377953 0.003937,
        -1.066929 -1.377953 0.003937,
        -0.667950 -0.640111 0.003937,
        -0.944882 -1.220866 0.003937,
        -1.133048 -1.238583 0.003937,
        -1.247128 -0.821627 0.003937,
        -1.127417 -1.231244 0.003937,
        -1.120079 -1.225613 0.003937,
        1.377953 -0.822835 0.003937,
        1.377953 -0.909449 0.003937,
        1.256299 -0.822835 0.003937,
        1.256299 -0.909449 0.003937,
        1.247128 -0.910656 0.003937,
        1.220866 -0.944882 0.003937,
        1.222074 -0.796572 0.003937,
        1.231244 -0.762346 0.003937,
        1.225613 -0.769685 0.003937,
        0.969937 -1.231244 0.003937,
        0.975568 -1.238583 0.003937,
        1.247128 0.595696 0.003937,
        1.256299 0.507874 0.003937,
        1.238583 0.284275 0.003937,
        1.247128 0.280735 0.003937,
        1.247128 0.191706 0.003937,
        1.256299 0.192913 0.003937,
        1.256299 -0.279528 0.003937,
        1.247128 -0.280735 0.003937,
        1.247128 -0.191706 0.003937,
        1.238583 -0.284275 0.003937,
        1.231244 -0.289906 0.003937,
        1.247128 -0.349186 0.003937,
        1.256299 -0.437008 0.003937,
        -0.642868 0.317814 0.003937,
        -0.651570 0.313517 0.003937,
        -0.658957 0.307222 0.003937,
        -1.247128 0.034226 0.003937,
        -1.256299 0.122047 0.003937,
        -1.256299 0.279528 0.003937,
        -1.247128 0.280735 0.003937,
        -1.247128 0.191706 0.003937,
        -1.238583 0.284275 0.003937,
        -1.231244 0.289906 0.003937,
        -1.225613 0.297244 0.003937,
        -1.222074 0.481612 0.003937,
        -1.220866 0.472441 0.003937,
        -1.222074 0.463270 0.003937,
        -1.225613 0.454724 0.003937,
        -1.231244 0.447386 0.003937,
        -1.225613 0.490157 0.003937,
        -1.231244 0.497496 0.003937,
        -1.222074 0.639092 0.003937,
        -1.225613 0.647638 0.003937,
        -1.231244 0.654976 0.003937,
        -0.980315 1.256299 0.003937,
        -0.979107 1.247128 0.003937,
        -1.068137 1.247128 0.003937,
        -0.975568 1.238583 0.003937,
        -0.969937 1.231244 0.003937,
        -0.909449 1.256299 0.003937,
        -0.909449 1.377953 0.003937,
        -0.822835 1.377953 0.003937,
        -0.756716 1.238583 0.003937,
        -0.345646 1.238583 0.003937,
        -0.454724 1.225613 0.003937,
        -0.447386 1.231244 0.003937,
        -0.340016 1.231244 0.003937,
        -0.332677 1.225613 0.003937,
        -0.324131 1.222074 0.003937,
        -0.297244 1.225613 0.003937,
        -0.289906 1.231244 0.003937,
        -0.166651 1.222074 0.003937,
        -0.182535 1.231244 0.003937,
        -0.175197 1.225613 0.003937,
        -0.030686 1.238583 0.003937,
        -0.126794 1.238583 0.003937,
        -0.123255 1.247128 0.003937,
        0.463270 1.222074 0.003937,
        0.472441 1.220866 0.003937,
        1.071676 1.238583 0.003937,
        0.979107 1.247128 0.003937,
        1.377953 1.137795 0.003937,
        1.137795 1.377953 0.003937,
        1.256299 1.137795 0.003937,
        1.102362 1.220866 0.003937,
        1.222074 1.111533 0.003937,
        1.111533 1.222074 0.003937,
        1.120079 1.225613 0.003937,
        -0.640111 -0.667950 0.003937,
        -0.787402 -1.220866 0.003937,
        -0.796572 -1.222074 0.003937,
        -0.979107 -1.247128 0.003937,
        -1.066929 -1.256299 0.003937,
        -1.071676 -1.238583 0.003937,
        -1.077307 -1.231244 0.003937,
        -1.084646 -1.225613 0.003937,
        -1.093191 -1.222074 0.003937,
        -1.225613 -1.120079 0.003937,
        -1.222074 -1.111533 0.003937,
        -1.220866 -1.102362 0.003937,
        -1.222074 -1.093191 0.003937,
        -1.231244 -0.919827 0.003937,
        -1.238583 -0.914196 0.003937,
        1.256299 -0.980315 0.003937,
        1.377953 -0.980315 0.003937,
        1.377953 -1.066929 0.003937,
        1.377953 -0.035433 0.003937,
        1.377953 -0.122047 0.003937,
        1.256299 -0.035433 0.003937,
        1.256299 -0.122047 0.003937,
        1.247128 -0.123255 0.003937,
        -1.377953 0.350394 0.003937,
        -1.377953 0.437008 0.003937,
        -1.256299 0.350394 0.003937,
        -1.256299 0.437008 0.003937,
        -1.247128 0.349186 0.003937,
        -1.247128 0.438215 0.003937,
        -1.238583 0.441755 0.003937,
        -1.238583 0.503127 0.003937,
        -1.247128 0.506667 0.003937,
        -1.231244 0.604866 0.003937,
        -1.238583 0.599235 0.003937,
        -0.822835 1.256299 0.003937,
        -0.821627 1.247128 0.003937,
        -0.910656 1.247128 0.003937,
        -0.818087 1.238583 0.003937,
        -0.812457 1.231244 0.003937,
        -0.762346 1.231244 0.003937,
        -0.599235 1.238583 0.003937,
        -0.025055 1.231244 0.003937,
        -0.017717 1.225613 0.003937,
        -0.009171 1.222074 0.003937,
        0.009171 1.222074 0.003937,
        0.017717 1.225613 0.003937,
        0.025055 1.231244 0.003937,
        0.805118 1.225613 0.003937,
        0.812457 1.231244 0.003937,
        0.818087 1.238583 0.003937,
        0.927165 1.225613 0.003937,
        1.238583 1.133048 0.003937,
        1.133048 1.238583 0.003937,
        1.136588 1.247128 0.003937,
        -0.822835 -1.256299 0.003937,
        -0.822835 -1.377953 0.003937,
        -0.909449 -1.377953 0.003937,
        -1.377953 -1.137795 0.003937,
        -1.137795 -1.377953 0.003937,
        -1.256299 -1.137795 0.003937,
        -1.220866 -0.944882 0.003937,
        -1.222074 -0.935711 0.003937,
        -1.225613 -0.927165 0.003937,
        -1.238583 -0.756716 0.003937,
        -1.231244 -0.762346 0.003937,
        -1.225613 -0.769685 0.003937,
        1.238583 -0.975568 0.003937,
        1.247128 -0.979107 0.003937,
        1.247128 -1.068137 0.003937,
        1.256299 -1.066929 0.003937,
        1.225613 0.175197 0.003937,
        1.222074 0.166651 0.003937,
        1.220866 0.157480 0.003937,
        1.222074 0.148309 0.003937,
        1.225613 -0.139764 0.003937,
        1.222074 -0.148309 0.003937,
        1.220866 -0.157480 0.003937,
        -0.625106 0.460818 0.003937,
        -0.610029 0.447969 0.003937,
        -0.598554 0.431822 0.003937,
        -1.256299 0.665354 0.003937,
        -1.377953 0.665354 0.003937,
        -1.377953 0.751969 0.003937,
        -0.604866 1.231244 0.003937,
        -0.463270 1.222074 0.003937,
        0.000000 1.220866 0.003937,
        -0.132425 1.231244 0.003937,
        0.123255 1.247128 0.003937,
        0.126794 1.238583 0.003937,
        0.030686 1.238583 0.003937,
        0.132425 1.231244 0.003937,
        0.175197 1.225613 0.003937,
        0.182535 1.231244 0.003937,
        0.822835 1.256299 0.003937,
        0.822835 1.377953 0.003937,
        0.909449 1.377953 0.003937,
        1.077307 1.231244 0.003937,
        1.084646 1.225613 0.003937,
        1.093191 1.222074 0.003937,
        1.247128 1.136588 0.003937,
        1.137795 1.256299 0.003937,
        -0.909449 -1.256299 0.003937,
        -0.910656 -1.247128 0.003937,
        -0.821627 -1.247128 0.003937,
        -0.914196 -1.238583 0.003937,
        -0.919827 -1.231244 0.003937,
        -1.136588 -1.247128 0.003937,
        -1.238583 -1.133048 0.003937,
        -1.231244 -1.127417 0.003937,
        -1.247128 -1.136588 0.003937,
        -1.137795 -1.256299 0.003937,
        -1.225613 -1.084646 0.003937,
        -1.231244 -1.077307 0.003937,
        -1.222074 -0.954053 0.003937,
        -1.238583 -1.071676 0.003937,
        -1.225613 -0.962598 0.003937,
        -1.377953 -0.751969 0.003937,
        -1.377953 -0.665354 0.003937,
        -1.256299 -0.751969 0.003937,
        -1.247128 -0.753176 0.003937,
        -1.377953 0.507874 0.003937,
        -1.377953 0.594488 0.003937,
        -1.256299 0.507874 0.003937,
        -1.256299 0.594488 0.003937,
        -1.247128 0.595696 0.003937,
        -1.256299 0.751969 0.003937,
        -1.247128 0.753176 0.003937,
        -1.238583 0.756716 0.003937,
        -0.751969 1.256299 0.003937,
        -0.751969 1.377953 0.003937,
        -0.665354 1.377953 0.003937,
        -0.279528 1.256299 0.003937,
        -0.279528 1.377953 0.003937,
        -0.192913 1.377953 0.003937,
        0.139764 1.225613 0.003937,
        0.148309 1.222074 0.003937,
        0.157480 1.220866 0.003937,
        0.166651 1.222074 0.003937,
        0.191706 1.247128 0.003937,
        0.284275 1.238583 0.003937,
        0.188166 1.238583 0.003937,
        0.289906 1.231244 0.003937,
        0.604866 1.231244 0.003937,
        0.612205 1.225613 0.003937,
        0.506667 1.247128 0.003937,
        0.909449 1.256299 0.003937,
        0.910656 1.247128 0.003937,
        0.821627 1.247128 0.003937,
        0.914196 1.238583 0.003937,
        0.919827 1.231244 0.003937,
        1.127417 1.231244 0.003937,
        1.231244 1.127417 0.003937,
        1.225613 1.120079 0.003937,
        -1.256299 -0.909449 0.003937,
        -1.377953 -0.909449 0.003937,
        -1.377953 -0.822835 0.003937,
        -1.111533 -1.222074 0.003937,
        -1.238583 -0.818087 0.003937,
        -1.102362 -1.220866 0.003937,
        -1.231244 -0.812457 0.003937,
        -1.225613 -0.805118 0.003937,
        -1.222074 -0.796572 0.003937,
        -0.591377 0.413359 0.003937,
        -0.588935 0.393701 0.003937,
        -0.591377 0.374043 0.003937,
        -0.665354 1.256299 0.003937,
        -0.664147 1.247128 0.003937,
        -0.660607 1.238583 0.003937,
        -0.594488 1.256299 0.003937,
        -0.594488 1.377953 0.003937,
        -0.507874 1.377953 0.003937,
        -0.437008 1.256299 0.003937,
        -0.437008 1.377953 0.003937,
        -0.350394 1.377953 0.003937,
        -0.280735 1.247128 0.003937,
        -0.192913 1.256299 0.003937,
        -0.122047 1.377953 0.003937,
        -0.035433 1.377953 0.003937,
        -0.122047 1.256299 0.003937,
        -0.035433 1.256299 0.003937,
        -0.034226 1.247128 0.003937,
        0.297244 1.225613 0.003937,
        0.305790 1.222074 0.003937,
        0.314961 1.220866 0.003937,
        0.324131 1.222074 0.003937,
        0.332677 1.225613 0.003937,
        0.454724 1.225613 0.003937,
        0.345646 1.238583 0.003937,
        0.340016 1.231244 0.003937,
        0.629921 1.220866 0.003937,
        0.639092 1.222074 0.003937,
        0.769685 1.225613 0.003937,
        0.647638 1.225613 0.003937,
        0.654976 1.231244 0.003937,
        0.778231 1.222074 0.003937,
        0.787402 1.220866 0.003937,
        0.796572 1.222074 0.003937,
        0.980315 1.377953 0.003937,
        1.066929 1.377953 0.003937,
        0.980315 1.256299 0.003937,
        1.066929 1.256299 0.003937,
        1.068137 1.247128 0.003937,
        -1.247128 -0.910656 0.003937,
        -1.256299 -0.822835 0.003937,
        -0.507874 1.256299 0.003937,
        -0.506667 1.247128 0.003937,
        -0.503127 1.238583 0.003937,
        -0.441755 1.238583 0.003937,
        -0.438215 1.247128 0.003937,
        -0.349186 1.247128 0.003937,
        -0.350394 1.256299 0.003937,
        0.035433 1.256299 0.003937,
        0.035433 1.377953 0.003937,
        0.122047 1.377953 0.003937,
        0.438215 1.247128 0.003937,
        0.441755 1.238583 0.003937,
        0.447386 1.231244 0.003937,
        0.503127 1.238583 0.003937,
        0.481612 1.222074 0.003937,
        0.490157 1.225613 0.003937,
        0.620750 1.222074 0.003937,
        -1.256299 -1.066929 0.003937,
        -1.377953 -1.066929 0.003937,
        -1.377953 -0.980315 0.003937,
        0.034226 1.247128 0.003937,
        0.122047 1.256299 0.003937,
        0.192913 1.377953 0.003937,
        0.279528 1.377953 0.003937,
        0.192913 1.256299 0.003937,
        0.279528 1.256299 0.003937,
        0.280735 1.247128 0.003937,
        0.350394 1.256299 0.003937,
        0.350394 1.377953 0.003937,
        0.437008 1.377953 0.003937,
        0.497496 1.231244 0.003937,
        -1.256299 -0.980315 0.003937,
        -1.247128 -0.979107 0.003937,
        -1.247128 -1.068137 0.003937,
        -1.238583 -0.975568 0.003937,
        -1.231244 -0.969937 0.003937,
        0.349186 1.247128 0.003937,
        0.437008 1.256299 0.003937,
        0.660607 1.238583 0.003937,
        0.664147 1.247128 0.003937,
        0.762346 1.231244 0.003937,
        0.756716 1.238583 0.003937,
        0.507874 1.256299 0.003937,
        0.507874 1.377953 0.003937,
        0.594488 1.377953 0.003937,
        0.594488 1.256299 0.003937,
        0.595696 1.247128 0.003937,
        0.599235 1.238583 0.003937,
        0.665354 1.377953 0.003937,
        0.751969 1.377953 0.003937,
        0.665354 1.256299 0.003937,
        0.751969 1.256299 0.003937,
        0.753176 1.247128 0.003937,
        1.377953 -1.066929 0.078740,
        1.377953 -0.980315 0.078740,
        1.377953 -1.137795 0.078740,
        1.377953 -0.909449 0.078740,
        1.377953 -0.751969 0.078740,
        1.377953 -0.665354 0.078740,
        1.377953 -0.594488 0.078740,
        1.377953 -0.822835 0.078740,
        1.377953 -0.437008 0.078740,
        1.377953 -0.350394 0.078740,
        1.377953 -0.279528 0.078740,
        1.377953 -0.507874 0.078740,
        1.377953 -0.122047 0.078740,
        1.377953 -0.035433 0.078740,
        1.377953 0.035433 0.078740,
        1.377953 -0.192913 0.078740,
        1.377953 0.192913 0.078740,
        1.377953 0.279528 0.078740,
        1.377953 0.350394 0.078740,
        1.377953 0.122047 0.078740,
        1.377953 0.507874 0.078740,
        1.377953 0.594488 0.078740,
        1.377953 0.665354 0.078740,
        1.377953 0.437008 0.078740,
        1.377953 0.822835 0.078740,
        1.377953 0.909449 0.078740,
        1.377953 0.980315 0.078740,
        1.377953 0.751969 0.078740,
        1.377953 1.137795 0.078740,
        1.377953 1.066929 0.078740,
        0.822835 1.377953 0.078740,
        0.751969 1.377953 0.078740,
        1.137795 1.377953 0.078740,
        1.066929 1.377953 0.078740,
        0.279528 1.377953 0.078740,
        0.909449 1.377953 0.078740,
        0.192913 1.377953 0.078740,
        0.122047 1.377953 0.078740,
        0.980315 1.377953 0.078740,
        0.594488 1.377953 0.078740,
        0.507874 1.377953 0.078740,
        0.437008 1.377953 0.078740,
        0.665354 1.377953 0.078740,
        -0.035433 1.377953 0.078740,
        0.035433 1.377953 0.078740,
        0.350394 1.377953 0.078740,
        -0.192913 1.377953 0.078740,
        -0.279528 1.377953 0.078740,
        -0.350394 1.377953 0.078740,
        -0.122047 1.377953 0.078740,
        -0.507874 1.377953 0.078740,
        -0.594488 1.377953 0.078740,
        -0.665354 1.377953 0.078740,
        -0.437008 1.377953 0.078740,
        -0.822835 1.377953 0.078740,
        -0.909449 1.377953 0.078740,
        -0.980315 1.377953 0.078740,
        -0.751969 1.377953 0.078740,
        -1.137795 1.377953 0.078740,
        -1.066929 1.377953 0.078740,
        -1.377953 -0.122047 0.078740,
        -1.377953 -0.192913 0.078740,
        -1.377953 -0.822835 0.078740,
        -1.377953 1.066929 0.078740,
        -1.377953 0.980315 0.078740,
        -1.377953 -0.350394 0.078740,
        -1.377953 -0.279528 0.078740,
        -1.377953 -0.909449 0.078740,
        -1.377953 -0.980315 0.078740,
        -1.377953 1.137795 0.078740,
        -1.377953 0.909449 0.078740,
        -1.377953 -0.507874 0.078740,
        -1.377953 -1.137795 0.078740,
        -1.377953 -1.066929 0.078740,
        -1.377953 0.751969 0.078740,
        -1.377953 -0.594488 0.078740,
        -1.377953 -0.665354 0.078740,
        -1.377953 0.665354 0.078740,
        -1.377953 0.594488 0.078740,
        -1.377953 -0.437008 0.078740,
        -1.377953 0.822835 0.078740,
        -1.377953 -0.751969 0.078740,
        -1.377953 0.437008 0.078740,
        -1.377953 0.350394 0.078740,
        -1.377953 0.279528 0.078740,
        -1.377953 0.507874 0.078740,
        -1.377953 -0.035433 0.078740,
        -1.377953 0.192913 0.078740,
        -1.377953 0.122047 0.078740,
        -1.377953 0.035433 0.078740,
        0.350394 -1.377953 0.078740,
        0.437008 -1.377953 0.078740,
        0.507874 -1.377953 0.078740,
        -0.437008 -1.377953 0.078740,
        0.665354 -1.377953 0.078740,
        0.594488 -1.377953 0.078740,
        -1.137795 -1.377953 0.078740,
        -1.066929 -1.377953 0.078740,
        0.035433 -1.377953 0.078740,
        0.822835 -1.377953 0.078740,
        0.909449 -1.377953 0.078740,
        0.980315 -1.377953 0.078740,
        -0.980315 -1.377953 0.078740,
        -0.909449 -1.377953 0.078740,
        0.751969 -1.377953 0.078740,
        -0.350394 -1.377953 0.078740,
        -0.279528 -1.377953 0.078740,
        0.192913 -1.377953 0.078740,
        0.279528 -1.377953 0.078740,
        -0.822835 -1.377953 0.078740,
        -0.751969 -1.377953 0.078740,
        1.137795 -1.377953 0.078740,
        1.066929 -1.377953 0.078740,
        -0.192913 -1.377953 0.078740,
        -0.122047 -1.377953 0.078740,
        -0.665354 -1.377953 0.078740,
        -0.594488 -1.377953 0.078740,
        -0.507874 -1.377953 0.078740,
        0.122047 -1.377953 0.078740,
        -0.035433 -1.377953 0.078740,
        -1.137795 -1.378346 0.078740,
        -1.066929 -1.378346 0.078740,
        -1.066929 -1.378346 0.000000,
        -1.066929 -1.256299 0.000000,
        -1.068137 -1.247128 0.000000,
        -1.071676 -1.238583 0.000000,
        -1.077307 -1.231244 0.000000,
        -1.084646 -1.225613 0.000000,
        -1.093191 -1.222074 0.000000,
        -1.102362 -1.220866 0.000000,
        -1.111533 -1.222074 0.000000,
        -1.120079 -1.225613 0.000000,
        -1.127417 -1.231244 0.000000,
        -1.133048 -1.238583 0.000000,
        -1.136588 -1.247128 0.000000,
        -1.137795 -1.256299 0.000000,
        -1.137795 -1.378346 0.000000,
        -0.980315 -1.378346 0.078740,
        -0.909449 -1.378346 0.078740,
        -0.909449 -1.378346 0.000000,
        -0.909449 -1.256299 0.000000,
        -0.910656 -1.247128 0.000000,
        -0.914196 -1.238583 0.000000,
        -0.919827 -1.231244 0.000000,
        -0.927165 -1.225613 0.000000,
        -0.935711 -1.222074 0.000000,
        -0.944882 -1.220866 0.000000,
        -0.954053 -1.222074 0.000000,
        -0.962598 -1.225613 0.000000,
        -0.969937 -1.231244 0.000000,
        -0.975568 -1.238583 0.000000,
        -0.979107 -1.247128 0.000000,
        -0.980315 -1.256299 0.000000,
        -0.980315 -1.378346 0.000000,
        -0.822835 -1.378346 0.078740,
        -0.751969 -1.378346 0.078740,
        -0.751969 -1.378346 0.000000,
        -0.751969 -1.256299 0.000000,
        -0.753176 -1.247128 0.000000,
        -0.756716 -1.238583 0.000000,
        -0.762346 -1.231244 0.000000,
        -0.769685 -1.225613 0.000000,
        -0.778231 -1.222074 0.000000,
        -0.787402 -1.220866 0.000000,
        -0.796572 -1.222074 0.000000,
        -0.805118 -1.225613 0.000000,
        -0.812457 -1.231244 0.000000,
        -0.818087 -1.238583 0.000000,
        -0.821627 -1.247128 0.000000,
        -0.822835 -1.256299 0.000000,
        -0.822835 -1.378346 0.000000,
        -0.665354 -1.378346 0.078740,
        -0.594488 -1.378346 0.078740,
        -0.594488 -1.378346 0.000000,
        -0.594488 -1.256299 0.000000,
        -0.595696 -1.247128 0.000000,
        -0.599235 -1.238583 0.000000,
        -0.604866 -1.231244 0.000000,
        -0.612205 -1.225613 0.000000,
        -0.620750 -1.222074 0.000000,
        -0.629921 -1.220866 0.000000,
        -0.639092 -1.222074 0.000000,
        -0.647638 -1.225613 0.000000,
        -0.654976 -1.231244 0.000000,
        -0.660607 -1.238583 0.000000,
        -0.664147 -1.247128 0.000000,
        -0.665354 -1.256299 0.000000,
        -0.665354 -1.378346 0.000000,
        -0.507874 -1.378346 0.078740,
        -0.437008 -1.378346 0.078740,
        -0.437008 -1.378346 0.000000,
        -0.437008 -1.256299 0.000000,
        -0.438215 -1.247128 0.000000,
        -0.441755 -1.238583 0.000000,
        -0.447386 -1.231244 0.000000,
        -0.454724 -1.225613 0.000000,
        -0.463270 -1.222074 0.000000,
        -0.472441 -1.220866 0.000000,
        -0.481612 -1.222074 0.000000,
        -0.490157 -1.225613 0.000000,
        -0.497496 -1.231244 0.000000,
        -0.503127 -1.238583 0.000000,
        -0.506667 -1.247128 0.000000,
        -0.507874 -1.256299 0.000000,
        -0.507874 -1.378346 0.000000,
        -0.350394 -1.378346 0.078740,
        -0.279528 -1.378346 0.078740,
        -0.279528 -1.378346 0.000000,
        -0.279528 -1.256299 0.000000,
        -0.280735 -1.247128 0.000000,
        -0.284275 -1.238583 0.000000,
        -0.289906 -1.231244 0.000000,
        -0.297244 -1.225613 0.000000,
        -0.305790 -1.222074 0.000000,
        -0.314961 -1.220866 0.000000,
        -0.324131 -1.222074 0.000000,
        -0.332677 -1.225613 0.000000,
        -0.340016 -1.231244 0.000000,
        -0.345646 -1.238583 0.000000,
        -0.349186 -1.247128 0.000000,
        -0.350394 -1.256299 0.000000,
        -0.350394 -1.378346 0.000000,
        -0.192913 -1.378346 0.078740,
        -0.122047 -1.378346 0.078740,
        -0.122047 -1.378346 0.000000,
        -0.122047 -1.256299 0.000000,
        -0.123255 -1.247128 0.000000,
        -0.126794 -1.238583 0.000000,
        -0.132425 -1.231244 0.000000,
        -0.139764 -1.225613 0.000000,
        -0.148309 -1.222074 0.000000,
        -0.157480 -1.220866 0.000000,
        -0.166651 -1.222074 0.000000,
        -0.175197 -1.225613 0.000000,
        -0.182535 -1.231244 0.000000,
        -0.188166 -1.238583 0.000000,
        -0.191706 -1.247128 0.000000,
        -0.192913 -1.256299 0.000000,
        -0.192913 -1.378346 0.000000,
        -0.035433 -1.378346 0.078740,
        0.035433 -1.378346 0.078740,
        0.035433 -1.378346 0.000000,
        0.035433 -1.256299 0.000000,
        0.034226 -1.247128 0.000000,
        0.030686 -1.238583 0.000000,
        0.025055 -1.231244 0.000000,
        0.017717 -1.225613 0.000000,
        0.009171 -1.222074 0.000000,
        -0.000000 -1.220866 0.000000,
        -0.009171 -1.222074 0.000000,
        -0.017717 -1.225613 0.000000,
        -0.025055 -1.231244 0.000000,
        -0.030686 -1.238583 0.000000,
        -0.034226 -1.247128 0.000000,
        -0.035433 -1.256299 0.000000,
        -0.035433 -1.378346 0.000000,
        0.122047 -1.378346 0.078740,
        0.192913 -1.378346 0.078740,
        0.192913 -1.378346 0.000000,
        0.192913 -1.256299 0.000000,
        0.191706 -1.247128 0.000000,
        0.188166 -1.238583 0.000000,
        0.182535 -1.231244 0.000000,
        0.175197 -1.225613 0.000000,
        0.166651 -1.222074 0.000000,
        0.157480 -1.220866 0.000000,
        0.148309 -1.222074 0.000000,
        0.139764 -1.225613 0.000000,
        0.132425 -1.231244 0.000000,
        0.126794 -1.238583 0.000000,
        0.123255 -1.247128 0.000000,
        0.122047 -1.256299 0.000000,
        0.122047 -1.378346 0.000000,
        0.279528 -1.378346 0.078740,
        0.350394 -1.378346 0.078740,
        0.350394 -1.378346 0.000000,
        0.350394 -1.256299 0.000000,
        0.349186 -1.247128 0.000000,
        0.345646 -1.238583 0.000000,
        0.340016 -1.231244 0.000000,
        0.332677 -1.225613 0.000000,
        0.324131 -1.222074 0.000000,
        0.314961 -1.220866 0.000000,
        0.305790 -1.222074 0.000000,
        0.297244 -1.225613 0.000000,
        0.289906 -1.231244 0.000000,
        0.284275 -1.238583 0.000000,
        0.280735 -1.247128 0.000000,
        0.279528 -1.256299 0.000000,
        0.279528 -1.378346 0.000000,
        0.437008 -1.378346 0.078740,
        0.507874 -1.378346 0.078740,
        0.507874 -1.378346 0.000000,
        0.507874 -1.256299 0.000000,
        0.506667 -1.247128 0.000000,
        0.503127 -1.238583 0.000000,
        0.497496 -1.231244 0.000000,
        0.490157 -1.225613 0.000000,
        0.481612 -1.222074 0.000000,
        0.472441 -1.220866 0.000000,
        0.463270 -1.222074 0.000000,
        0.454724 -1.225613 0.000000,
        0.447386 -1.231244 0.000000,
        0.441755 -1.238583 0.000000,
        0.438215 -1.247128 0.000000,
        0.437008 -1.256299 0.000000,
        0.437008 -1.378346 0.000000,
        0.594488 -1.378346 0.078740,
        0.665354 -1.378346 0.078740,
        0.665354 -1.378346 0.000000,
        0.665354 -1.256299 0.000000,
        0.664147 -1.247128 0.000000,
        0.660607 -1.238583 0.000000,
        0.654976 -1.231244 0.000000,
        0.647638 -1.225613 0.000000,
        0.639092 -1.222074 0.000000,
        0.629921 -1.220866 0.000000,
        0.620750 -1.222074 0.000000,
        0.612205 -1.225613 0.000000,
        0.604866 -1.231244 0.000000,
        0.599235 -1.238583 0.000000,
        0.595696 -1.247128 0.000000,
        0.594488 -1.256299 0.000000,
        0.594488 -1.378346 0.000000,
        0.751969 -1.378346 0.078740,
        0.822835 -1.378346 0.078740,
        0.822835 -1.378346 0.000000,
        0.822835 -1.256299 0.000000,
        0.821627 -1.247128 0.000000,
        0.818087 -1.238583 0.000000,
        0.812457 -1.231244 0.000000,
        0.805118 -1.225613 0.000000,
        0.796572 -1.222074 0.000000,
        0.787402 -1.220866 0.000000,
        0.778231 -1.222074 0.000000,
        0.769685 -1.225613 0.000000,
        0.762346 -1.231244 0.000000,
        0.756716 -1.238583 0.000000,
        0.753176 -1.247128 0.000000,
        0.751969 -1.256299 0.000000,
        0.751969 -1.378346 0.000000,
        0.909449 -1.378346 0.078740,
        0.980315 -1.378346 0.078740,
        0.980315 -1.378346 0.000000,
        0.980315 -1.256299 0.000000,
        0.979107 -1.247128 0.000000,
        0.975568 -1.238583 0.000000,
        0.969937 -1.231244 0.000000,
        0.962598 -1.225613 0.000000,
        0.954053 -1.222074 0.000000,
        0.944882 -1.220866 0.000000,
        0.935711 -1.222074 0.000000,
        0.927165 -1.225613 0.000000,
        0.919827 -1.231244 0.000000,
        0.914196 -1.238583 0.000000,
        0.910656 -1.247128 0.000000,
        0.909449 -1.256299 0.000000,
        0.909449 -1.378346 0.000000,
        1.066929 -1.378346 0.078740,
        1.137795 -1.378346 0.078740,
        1.137795 -1.378346 0.000000,
        1.137795 -1.256299 0.000000,
        1.136588 -1.247128 0.000000,
        1.133048 -1.238583 0.000000,
        1.127417 -1.231244 0.000000,
        1.120079 -1.225613 0.000000,
        1.111533 -1.222074 0.000000,
        1.102362 -1.220866 0.000000,
        1.093191 -1.222074 0.000000,
        1.084646 -1.225613 0.000000,
        1.077307 -1.231244 0.000000,
        1.071676 -1.238583 0.000000,
        1.068137 -1.247128 0.000000,
        1.066929 -1.256299 0.000000,
        1.066929 -1.378346 0.000000,
        -0.669291 0.280633 0.000000,
        -0.669291 -0.629921 0.000000,
        0.629921 -0.669291 0.000000,
        -0.629921 -0.669291 0.000000,
        0.669291 0.629921 0.000000,
        0.669291 -0.629921 0.000000,
        -0.629921 0.669291 0.000000,
        0.629921 0.669291 0.000000,
        -0.669291 0.506769 0.000000,
        -0.669291 0.629921 0.000000,
        -0.642868 0.469588 0.000000,
        -0.625106 0.460818 0.000000,
        -0.610029 0.447969 0.000000,
        -0.598554 0.431822 0.000000,
        -0.591377 0.413359 0.000000,
        -0.588935 0.393701 0.000000,
        -0.591377 0.374043 0.000000,
        -0.598554 0.355580 0.000000,
        -0.610029 0.339433 0.000000,
        -0.625106 0.326584 0.000000,
        -0.642868 0.317814 0.000000,
        0.667950 0.640111 0.000000,
        -0.649606 -0.664017 0.000000,
        -0.657760 -0.657760 0.000000,
        -0.664017 -0.649606 0.000000,
        -0.667950 -0.640111 0.000000,
        -0.668095 0.290265 0.000000,
        -0.664579 0.299311 0.000000,
        -0.651570 0.313517 0.000000,
        -0.658957 0.307222 0.000000,
        0.664017 -0.649606 0.000000,
        0.657760 -0.657760 0.000000,
        -0.664579 0.488091 0.000000,
        -0.658957 0.480180 0.000000,
        -0.651570 0.473885 0.000000,
        -0.667950 0.640111 0.000000,
        -0.664017 0.649606 0.000000,
        -0.657760 0.657760 0.000000,
        -0.640111 0.667950 0.000000,
        -0.649606 0.664017 0.000000,
        -0.640111 -0.667950 0.000000,
        0.667950 -0.640111 0.000000,
        -0.668095 0.497137 0.000000,
        0.640111 -0.667950 0.000000,
        0.649606 -0.664017 0.000000,
        0.640111 0.667950 0.000000,
        0.649606 0.664017 0.000000,
        0.657760 0.657760 0.000000,
        0.664017 0.649606 0.000000,
        -1.256299 1.066929 0.000000,
        -1.247128 1.068137 0.000000,
        -1.238583 1.071676 0.000000,
        -1.231244 1.077307 0.000000,
        -1.225613 1.084646 0.000000,
        -1.222074 1.093191 0.000000,
        -1.220866 1.102362 0.000000,
        -1.222074 1.111533 0.000000,
        -1.225613 1.120079 0.000000,
        -1.231244 1.127417 0.000000,
        -1.238583 1.133048 0.000000,
        -1.247128 1.136588 0.000000,
        -1.256299 1.137795 0.000000,
        -1.378346 1.066929 0.078740,
        -1.378346 1.066929 0.000000,
        -1.378346 1.137795 0.078740,
        -1.378346 1.137795 0.000000,
        -1.256299 0.909449 0.000000,
        -1.247128 0.910656 0.000000,
        -1.238583 0.914196 0.000000,
        -1.231244 0.919827 0.000000,
        -1.225613 0.927165 0.000000,
        -1.222074 0.935711 0.000000,
        -1.220866 0.944882 0.000000,
        -1.222074 0.954053 0.000000,
        -1.225613 0.962598 0.000000,
        -1.231244 0.969937 0.000000,
        -1.238583 0.975568 0.000000,
        -1.247128 0.979107 0.000000,
        -1.256299 0.980315 0.000000,
        -1.378346 0.909449 0.078740,
        -1.378346 0.909449 0.000000,
        -1.378346 0.980315 0.078740,
        -1.378346 0.980315 0.000000,
        -1.256299 0.751969 0.000000,
        -1.247128 0.753176 0.000000,
        -1.238583 0.756716 0.000000,
        -1.231244 0.762346 0.000000,
        -1.225613 0.769685 0.000000,
        -1.222074 0.778231 0.000000,
        -1.220866 0.787402 0.000000,
        -1.222074 0.796572 0.000000,
        -1.225613 0.805118 0.000000,
        -1.231244 0.812457 0.000000,
        -1.238583 0.818087 0.000000,
        -1.247128 0.821627 0.000000,
        -1.256299 0.822835 0.000000,
        -1.378346 0.751969 0.078740,
        -1.378346 0.751969 0.000000,
        -1.378346 0.822835 0.078740,
        -1.378346 0.822835 0.000000,
        -1.256299 0.594488 0.000000,
        -1.247128 0.595696 0.000000,
        -1.238583 0.599235 0.000000,
        -1.231244 0.604866 0.000000,
        -1.225613 0.612205 0.000000,
        -1.222074 0.620750 0.000000,
        -1.220866 0.629921 0.000000,
        -1.222074 0.639092 0.000000,
        -1.225613 0.647638 0.000000,
        -1.231244 0.654976 0.000000,
        -1.238583 0.660607 0.000000,
        -1.247128 0.664147 0.000000,
        -1.256299 0.665354 0.000000,
        -1.378346 0.594488 0.078740,
        -1.378346 0.594488 0.000000,
        -1.378346 0.665354 0.078740,
        -1.378346 0.665354 0.000000,
        -1.256299 0.437008 0.000000,
        -1.247128 0.438215 0.000000,
        -1.238583 0.441755 0.000000,
        -1.231244 0.447386 0.000000,
        -1.225613 0.454724 0.000000,
        -1.222074 0.463270 0.000000,
        -1.220866 0.472441 0.000000,
        -1.222074 0.481612 0.000000,
        -1.225613 0.490157 0.000000,
        -1.231244 0.497496 0.000000,
        -1.238583 0.503127 0.000000,
        -1.247128 0.506667 0.000000,
        -1.256299 0.507874 0.000000,
        -1.378346 0.437008 0.078740,
        -1.378346 0.437008 0.000000,
        -1.378346 0.507874 0.078740,
        -1.378346 0.507874 0.000000,
        -1.256299 0.279528 0.000000,
        -1.247128 0.280735 0.000000,
        -1.238583 0.284275 0.000000,
        -1.231244 0.289906 0.000000,
        -1.225613 0.297244 0.000000,
        -1.222074 0.305790 0.000000,
        -1.220866 0.314961 0.000000,
        -1.222074 0.324131 0.000000,
        -1.225613 0.332677 0.000000,
        -1.231244 0.340016 0.000000,
        -1.238583 0.345646 0.000000,
        -1.247128 0.349186 0.000000,
        -1.256299 0.350394 0.000000,
        -1.378346 0.279528 0.078740,
        -1.378346 0.279528 0.000000,
        -1.378346 0.350394 0.078740,
        -1.378346 0.350394 0.000000,
        -1.256299 0.122047 0.000000,
        -1.247128 0.123255 0.000000,
        -1.238583 0.126794 0.000000,
        -1.231244 0.132425 0.000000,
        -1.225613 0.139764 0.000000,
        -1.222074 0.148309 0.000000,
        -1.220866 0.157480 0.000000,
        -1.222074 0.166651 0.000000,
        -1.225613 0.175197 0.000000,
        -1.231244 0.182535 0.000000,
        -1.238583 0.188166 0.000000,
        -1.247128 0.191706 0.000000,
        -1.256299 0.192913 0.000000,
        -1.378346 0.122047 0.078740,
        -1.378346 0.122047 0.000000,
        -1.378346 0.192913 0.078740,
        -1.378346 0.192913 0.000000,
        -1.256299 -0.035433 0.000000,
        -1.247128 -0.034226 0.000000,
        -1.238583 -0.030686 0.000000,
        -1.231244 -0.025055 0.000000,
        -1.225613 -0.017717 0.000000,
        -1.222074 -0.009171 0.000000,
        -1.220866 0.000000 0.000000,
        -1.222074 0.009171 0.000000,
        -1.225613 0.017717 0.000000,
        -1.231244 0.025055 0.000000,
        -1.238583 0.030686 0.000000,
        -1.247128 0.034226 0.000000,
        -1.256299 0.035433 0.000000,
        -1.378346 -0.035433 0.078740,
        -1.378346 -0.035433 0.000000,
        -1.378346 0.035433 0.078740,
        -1.378346 0.035433 0.000000,
        -1.256299 -0.192913 0.000000,
        -1.247128 -0.191706 0.000000,
        -1.238583 -0.188166 0.000000,
        -1.231244 -0.182535 0.000000,
        -1.225613 -0.175197 0.000000,
        -1.222074 -0.166651 0.000000,
        -1.220866 -0.157480 0.000000,
        -1.222074 -0.148309 0.000000,
        -1.225613 -0.139764 0.000000,
        -1.231244 -0.132425 0.000000,
        -1.238583 -0.126794 0.000000,
        -1.247128 -0.123255 0.000000,
        -1.256299 -0.122047 0.000000,
        -1.378346 -0.192913 0.078740,
        -1.378346 -0.192913 0.000000,
        -1.378346 -0.122047 0.078740,
        -1.378346 -0.122047 0.000000,
        -1.256299 -0.350394 0.000000,
        -1.247128 -0.349186 0.000000,
        -1.238583 -0.345646 0.000000,
        -1.231244 -0.340016 0.000000,
        -1.225613 -0.332677 0.000000,
        -1.222074 -0.324131 0.000000,
        -1.220866 -0.314961 0.000000,
        -1.222074 -0.305790 0.000000,
        -1.225613 -0.297244 0.000000,
        -1.231244 -0.289906 0.000000,
        -1.238583 -0.284275 0.000000,
        -1.247128 -0.280735 0.000000,
        -1.256299 -0.279528 0.000000,
        -1.378346 -0.350394 0.078740,
        -1.378346 -0.350394 0.000000,
        -1.378346 -0.279528 0.078740,
        -1.378346 -0.279528 0.000000,
        -1.256299 -0.507874 0.000000,
        -1.247128 -0.506667 0.000000,
        -1.238583 -0.503127 0.000000,
        -1.231244 -0.497496 0.000000,
        -1.225613 -0.490157 0.000000,
        -1.222074 -0.481612 0.000000,
        -1.220866 -0.472441 0.000000,
        -1.222074 -0.463270 0.000000,
        -1.225613 -0.454724 0.000000,
        -1.231244 -0.447386 0.000000,
        -1.238583 -0.441755 0.000000,
        -1.247128 -0.438215 0.000000,
        -1.256299 -0.437008 0.000000,
        -1.378346 -0.507874 0.078740,
        -1.378346 -0.507874 0.000000,
        -1.378346 -0.437008 0.078740,
        -1.378346 -0.437008 0.000000,
        -1.256299 -0.665354 0.000000,
        -1.247128 -0.664147 0.000000,
        -1.238583 -0.660607 0.000000,
        -1.231244 -0.654976 0.000000,
        -1.225613 -0.647638 0.000000,
        -1.222074 -0.639092 0.000000,
        -1.220866 -0.629921 0.000000,
        -1.222074 -0.620750 0.000000,
        -1.225613 -0.612205 0.000000,
        -1.231244 -0.604866 0.000000,
        -1.238583 -0.599235 0.000000,
        -1.247128 -0.595696 0.000000,
        -1.256299 -0.594488 0.000000,
        -1.378346 -0.665354 0.078740,
        -1.378346 -0.665354 0.000000,
        -1.378346 -0.594488 0.078740,
        -1.378346 -0.594488 0.000000,
        -1.256299 -0.822835 0.000000,
        -1.247128 -0.821627 0.000000,
        -1.238583 -0.818087 0.000000,
        -1.231244 -0.812457 0.000000,
        -1.225613 -0.805118 0.000000,
        -1.222074 -0.796572 0.000000,
        -1.220866 -0.787402 0.000000,
        -1.222074 -0.778231 0.000000,
        -1.225613 -0.769685 0.000000,
        -1.231244 -0.762346 0.000000,
        -1.238583 -0.756716 0.000000,
        -1.247128 -0.753176 0.000000,
        -1.256299 -0.751969 0.000000,
        -1.378346 -0.822835 0.078740,
        -1.378346 -0.822835 0.000000,
        -1.378346 -0.751969 0.078740,
        -1.378346 -0.751969 0.000000,
        -1.256299 -0.980315 0.000000,
        -1.247128 -0.979107 0.000000,
        -1.238583 -0.975568 0.000000,
        -1.231244 -0.969937 0.000000,
        -1.225613 -0.962598 0.000000,
        -1.222074 -0.954053 0.000000,
        -1.220866 -0.944882 0.000000,
        -1.222074 -0.935711 0.000000,
        -1.225613 -0.927165 0.000000,
        -1.231244 -0.919827 0.000000,
        -1.238583 -0.914196 0.000000,
        -1.247128 -0.910656 0.000000,
        -1.256299 -0.909449 0.000000,
        -1.378346 -0.980315 0.078740,
        -1.378346 -0.980315 0.000000,
        -1.378346 -0.909449 0.078740,
        -1.378346 -0.909449 0.000000,
        -1.256299 -1.137795 0.000000,
        -1.247128 -1.136588 0.000000,
        -1.238583 -1.133048 0.000000,
        -1.231244 -1.127417 0.000000,
        -1.225613 -1.120079 0.000000,
        -1.222074 -1.111533 0.000000,
        -1.220866 -1.102362 0.000000,
        -1.222074 -1.093191 0.000000,
        -1.225613 -1.084646 0.000000,
        -1.231244 -1.077307 0.000000,
        -1.238583 -1.071676 0.000000,
        -1.247128 -1.068137 0.000000,
        -1.256299 -1.066929 0.000000,
        -1.378346 -1.137795 0.078740,
        -1.378346 -1.137795 0.000000,
        -1.378346 -1.066929 0.078740,
        -1.378346 -1.066929 0.000000,
        1.066929 1.256299 0.000000,
        1.068137 1.247128 0.000000,
        1.071676 1.238583 0.000000,
        1.077307 1.231244 0.000000,
        1.084646 1.225613 0.000000,
        1.093191 1.222074 0.000000,
        1.102362 1.220866 0.000000,
        1.111533 1.222074 0.000000,
        1.120079 1.225613 0.000000,
        1.127417 1.231244 0.000000,
        1.133048 1.238583 0.000000,
        1.136588 1.247128 0.000000,
        1.137795 1.256299 0.000000,
        1.066929 1.378346 0.078740,
        1.066929 1.378346 0.000000,
        1.137795 1.378346 0.078740,
        1.137795 1.378346 0.000000,
        0.909449 1.256299 0.000000,
        0.910656 1.247128 0.000000,
        0.914196 1.238583 0.000000,
        0.919827 1.231244 0.000000,
        0.927165 1.225613 0.000000,
        0.935711 1.222074 0.000000,
        0.944882 1.220866 0.000000,
        0.954053 1.222074 0.000000,
        0.962598 1.225613 0.000000,
        0.969937 1.231244 0.000000,
        0.975568 1.238583 0.000000,
        0.979107 1.247128 0.000000,
        0.980315 1.256299 0.000000,
        0.909449 1.378346 0.078740,
        0.909449 1.378346 0.000000,
        0.980315 1.378346 0.078740,
        0.980315 1.378346 0.000000,
        0.751969 1.256299 0.000000,
        0.753176 1.247128 0.000000,
        0.756716 1.238583 0.000000,
        0.762346 1.231244 0.000000,
        0.769685 1.225613 0.000000,
        0.778231 1.222074 0.000000,
        0.787402 1.220866 0.000000,
        0.796572 1.222074 0.000000,
        0.805118 1.225613 0.000000,
        0.812457 1.231244 0.000000,
        0.818087 1.238583 0.000000,
        0.821627 1.247128 0.000000,
        0.822835 1.256299 0.000000,
        0.751969 1.378346 0.078740,
        0.751969 1.378346 0.000000,
        0.822835 1.378346 0.078740,
        0.822835 1.378346 0.000000,
        0.594488 1.256299 0.000000,
        0.595696 1.247128 0.000000,
        0.599235 1.238583 0.000000,
        0.604866 1.231244 0.000000,
        0.612205 1.225613 0.000000,
        0.620750 1.222074 0.000000,
        0.629921 1.220866 0.000000,
        0.639092 1.222074 0.000000,
        0.647638 1.225613 0.000000,
        0.654976 1.231244 0.000000,
        0.660607 1.238583 0.000000,
        0.664147 1.247128 0.000000,
        0.665354 1.256299 0.000000,
        0.594488 1.378346 0.078740,
        0.594488 1.378346 0.000000,
        0.665354 1.378346 0.078740,
        0.665354 1.378346 0.000000,
        0.437008 1.256299 0.000000,
        0.438215 1.247128 0.000000,
        0.441755 1.238583 0.000000,
        0.447386 1.231244 0.000000,
        0.454724 1.225613 0.000000,
        0.463270 1.222074 0.000000,
        0.472441 1.220866 0.000000,
        0.481612 1.222074 0.000000,
        0.490157 1.225613 0.000000,
        0.497496 1.231244 0.000000,
        0.503127 1.238583 0.000000,
        0.506667 1.247128 0.000000,
        0.507874 1.256299 0.000000,
        0.437008 1.378346 0.078740,
        0.437008 1.378346 0.000000,
        0.507874 1.378346 0.078740,
        0.507874 1.378346 0.000000,
        0.279528 1.256299 0.000000,
        0.280735 1.247128 0.000000,
        0.284275 1.238583 0.000000,
        0.289906 1.231244 0.000000,
        0.297244 1.225613 0.000000,
        0.305790 1.222074 0.000000,
        0.314961 1.220866 0.000000,
        0.324131 1.222074 0.000000,
        0.332677 1.225613 0.000000,
        0.340016 1.231244 0.000000,
        0.345646 1.238583 0.000000,
        0.349186 1.247128 0.000000,
        0.350394 1.256299 0.000000,
        0.279528 1.378346 0.078740,
        0.279528 1.378346 0.000000,
        0.350394 1.378346 0.078740,
        0.350394 1.378346 0.000000,
        0.122047 1.256299 0.000000,
        0.123255 1.247128 0.000000,
        0.126794 1.238583 0.000000,
        0.132425 1.231244 0.000000,
        0.139764 1.225613 0.000000,
        0.148309 1.222074 0.000000,
        0.157480 1.220866 0.000000,
        0.166651 1.222074 0.000000,
        0.175197 1.225613 0.000000,
        0.182535 1.231244 0.000000,
        0.188166 1.238583 0.000000,
        0.191706 1.247128 0.000000,
        0.192913 1.256299 0.000000,
        0.122047 1.378346 0.078740,
        0.122047 1.378346 0.000000,
        0.192913 1.378346 0.078740,
        0.192913 1.378346 0.000000,
        -0.035433 1.256299 0.000000,
        -0.034226 1.247128 0.000000,
        -0.030686 1.238583 0.000000,
        -0.025055 1.231244 0.000000,
        -0.017717 1.225613 0.000000,
        -0.009171 1.222074 0.000000,
        0.000000 1.220866 0.000000,
        0.009171 1.222074 0.000000,
        0.017717 1.225613 0.000000,
        0.025055 1.231244 0.000000,
        0.030686 1.238583 0.000000,
        0.034226 1.247128 0.000000,
        0.035433 1.256299 0.000000,
        -0.035433 1.378346 0.078740,
        -0.035433 1.378346 0.000000,
        0.035433 1.378346 0.078740,
        0.035433 1.378346 0.000000,
        -0.192913 1.256299 0.000000,
        -0.191706 1.247128 0.000000,
        -0.188166 1.238583 0.000000,
        -0.182535 1.231244 0.000000,
        -0.175197 1.225613 0.000000,
        -0.166651 1.222074 0.000000,
        -0.157480 1.220866 0.000000,
        -0.148309 1.222074 0.000000,
        -0.139764 1.225613 0.000000,
        -0.132425 1.231244 0.000000,
        -0.126794 1.238583 0.000000,
        -0.123255 1.247128 0.000000,
        -0.122047 1.256299 0.000000,
        -0.192913 1.378346 0.078740,
        -0.192913 1.378346 0.000000,
        -0.122047 1.378346 0.078740,
        -0.122047 1.378346 0.000000,
        -0.350394 1.256299 0.000000,
        -0.349186 1.247128 0.000000,
        -0.345646 1.238583 0.000000,
        -0.340016 1.231244 0.000000,
        -0.332677 1.225613 0.000000,
        -0.324131 1.222074 0.000000,
        -0.314961 1.220866 0.000000,
        -0.305790 1.222074 0.000000,
        -0.297244 1.225613 0.000000,
        -0.289906 1.231244 0.000000,
        -0.284275 1.238583 0.000000,
        -0.280735 1.247128 0.000000,
        -0.279528 1.256299 0.000000,
        -0.350394 1.378346 0.078740,
        -0.350394 1.378346 0.000000,
        -0.279528 1.378346 0.078740,
        -0.279528 1.378346 0.000000,
        -0.507874 1.256299 0.000000,
        -0.506667 1.247128 0.000000,
        -0.503127 1.238583 0.000000,
        -0.497496 1.231244 0.000000,
        -0.490157 1.225613 0.000000,
        -0.481612 1.222074 0.000000,
        -0.472441 1.220866 0.000000,
        -0.463270 1.222074 0.000000,
        -0.454724 1.225613 0.000000,
        -0.447386 1.231244 0.000000,
        -0.441755 1.238583 0.000000,
        -0.438215 1.247128 0.000000,
        -0.437008 1.256299 0.000000,
        -0.507874 1.378346 0.078740,
        -0.507874 1.378346 0.000000,
        -0.437008 1.378346 0.078740,
        -0.437008 1.378346 0.000000,
        -0.665354 1.256299 0.000000,
        -0.664147 1.247128 0.000000,
        -0.660607 1.238583 0.000000,
        -0.654976 1.231244 0.000000,
        -0.647638 1.225613 0.000000,
        -0.639092 1.222074 0.000000,
        -0.629921 1.220866 0.000000,
        -0.620750 1.222074 0.000000,
        -0.612205 1.225613 0.000000,
        -0.604866 1.231244 0.000000,
        -0.599235 1.238583 0.000000,
        -0.595696 1.247128 0.000000,
        -0.594488 1.256299 0.000000,
        -0.665354 1.378346 0.078740,
        -0.665354 1.378346 0.000000,
        -0.594488 1.378346 0.078740,
        -0.594488 1.378346 0.000000,
        -0.822835 1.256299 0.000000,
        -0.821627 1.247128 0.000000,
        -0.818087 1.238583 0.000000,
        -0.812457 1.231244 0.000000,
        -0.805118 1.225613 0.000000,
        -0.796572 1.222074 0.000000,
        -0.787402 1.220866 0.000000,
        -0.778231 1.222074 0.000000,
        -0.769685 1.225613 0.000000,
        -0.762346 1.231244 0.000000,
        -0.756716 1.238583 0.000000,
        -0.753176 1.247128 0.000000,
        -0.751969 1.256299 0.000000,
        -0.822835 1.378346 0.078740,
        -0.822835 1.378346 0.000000,
        -0.751969 1.378346 0.078740,
        -0.751969 1.378346 0.000000,
        -0.980315 1.256299 0.000000,
        -0.979107 1.247128 0.000000,
        -0.975568 1.238583 0.000000,
        -0.969937 1.231244 0.000000,
        -0.962598 1.225613 0.000000,
        -0.954053 1.222074 0.000000,
        -0.944882 1.220866 0.000000,
        -0.935711 1.222074 0.000000,
        -0.927165 1.225613 0.000000,
        -0.919827 1.231244 0.000000,
        -0.914196 1.238583 0.000000,
        -0.910656 1.247128 0.000000,
        -0.909449 1.256299 0.000000,
        -0.980315 1.378346 0.078740,
        -0.980315 1.378346 0.000000,
        -0.909449 1.378346 0.078740,
        -0.909449 1.378346 0.000000,
        -1.137795 1.256299 0.000000,
        -1.136588 1.247128 0.000000,
        -1.133048 1.238583 0.000000,
        -1.127417 1.231244 0.000000,
        -1.120079 1.225613 0.000000,
        -1.111533 1.222074 0.000000,
        -1.102362 1.220866 0.000000,
        -1.093191 1.222074 0.000000,
        -1.084646 1.225613 0.000000,
        -1.077307 1.231244 0.000000,
        -1.071676 1.238583 0.000000,
        -1.068137 1.247128 0.000000,
        -1.066929 1.256299 0.000000,
        -1.137795 1.378346 0.078740,
        -1.137795 1.378346 0.000000,
        -1.066929 1.378346 0.078740,
        -1.066929 1.378346 0.000000,
        1.256299 -1.066929 0.000000,
        1.247128 -1.068137 0.000000,
        1.238583 -1.071676 0.000000,
        1.231244 -1.077307 0.000000,
        1.225613 -1.084646 0.000000,
        1.222074 -1.093191 0.000000,
        1.220866 -1.102362 0.000000,
        1.222074 -1.111533 0.000000,
        1.225613 -1.120079 0.000000,
        1.231244 -1.127417 0.000000,
        1.238583 -1.133048 0.000000,
        1.247128 -1.136588 0.000000,
        1.256299 -1.137795 0.000000,
        1.378346 -1.066929 0.078740,
        1.378346 -1.066929 0.000000,
        1.378346 -1.137795 0.078740,
        1.378346 -1.137795 0.000000,
        1.256299 -0.909449 0.000000,
        1.247128 -0.910656 0.000000,
        1.238583 -0.914196 0.000000,
        1.231244 -0.919827 0.000000,
        1.225613 -0.927165 0.000000,
        1.222074 -0.935711 0.000000,
        1.220866 -0.944882 0.000000,
        1.222074 -0.954053 0.000000,
        1.225613 -0.962598 0.000000,
        1.231244 -0.969937 0.000000,
        1.238583 -0.975568 0.000000,
        1.247128 -0.979107 0.000000,
        1.256299 -0.980315 0.000000,
        1.378346 -0.909449 0.078740,
        1.378346 -0.909449 0.000000,
        1.378346 -0.980315 0.078740,
        1.378346 -0.980315 0.000000,
        1.256299 -0.751969 0.000000,
        1.247128 -0.753176 0.000000,
        1.238583 -0.756716 0.000000,
        1.231244 -0.762346 0.000000,
        1.225613 -0.769685 0.000000,
        1.222074 -0.778231 0.000000,
        1.220866 -0.787402 0.000000,
        1.222074 -0.796572 0.000000,
        1.225613 -0.805118 0.000000,
        1.231244 -0.812457 0.000000,
        1.238583 -0.818087 0.000000,
        1.247128 -0.821627 0.000000,
        1.256299 -0.822835 0.000000,
        1.378346 -0.751969 0.078740,
        1.378346 -0.751969 0.000000,
        1.378346 -0.822835 0.078740,
        1.378346 -0.822835 0.000000,
        1.256299 -0.594488 0.000000,
        1.247128 -0.595696 0.000000,
        1.238583 -0.599235 0.000000,
        1.231244 -0.604866 0.000000,
        1.225613 -0.612205 0.000000,
        1.222074 -0.620750 0.000000,
        1.220866 -0.629921 0.000000,
        1.222074 -0.639092 0.000000,
        1.225613 -0.647638 0.000000,
        1.231244 -0.654976 0.000000,
        1.238583 -0.660607 0.000000,
        1.247128 -0.664147 0.000000,
        1.256299 -0.665354 0.000000,
        1.378346 -0.594488 0.078740,
        1.378346 -0.594488 0.000000,
        1.378346 -0.665354 0.078740,
        1.378346 -0.665354 0.000000,
        1.256299 -0.437008 0.000000,
        1.247128 -0.438215 0.000000,
        1.238583 -0.441755 0.000000,
        1.231244 -0.447386 0.000000,
        1.225613 -0.454724 0.000000,
        1.222074 -0.463270 0.000000,
        1.220866 -0.472441 0.000000,
        1.222074 -0.481612 0.000000,
        1.225613 -0.490157 0.000000,
        1.231244 -0.497496 0.000000,
        1.238583 -0.503127 0.000000,
        1.247128 -0.506667 0.000000,
        1.256299 -0.507874 0.000000,
        1.378346 -0.437008 0.078740,
        1.378346 -0.437008 0.000000,
        1.378346 -0.507874 0.078740,
        1.378346 -0.507874 0.000000,
        1.256299 -0.279528 0.000000,
        1.247128 -0.280735 0.000000,
        1.238583 -0.284275 0.000000,
        1.231244 -0.289906 0.000000,
        1.225613 -0.297244 0.000000,
        1.222074 -0.305790 0.000000,
        1.220866 -0.314961 0.000000,
        1.222074 -0.324131 0.000000,
        1.225613 -0.332677 0.000000,
        1.231244 -0.340016 0.000000,
        1.238583 -0.345646 0.000000,
        1.247128 -0.349186 0.000000,
        1.256299 -0.350394 0.000000,
        1.378346 -0.279528 0.078740,
        1.378346 -0.279528 0.000000,
        1.378346 -0.350394 0.078740,
        1.378346 -0.350394 0.000000,
        1.256299 -0.122047 0.000000,
        1.247128 -0.123255 0.000000,
        1.238583 -0.126794 0.000000,
        1.231244 -0.132425 0.000000,
        1.225613 -0.139764 0.000000,
        1.222074 -0.148309 0.000000,
        1.220866 -0.157480 0.000000,
        1.222074 -0.166651 0.000000,
        1.225613 -0.175197 0.000000,
        1.231244 -0.182535 0.000000,
        1.238583 -0.188166 0.000000,
        1.247128 -0.191706 0.000000,
        1.256299 -0.192913 0.000000,
        1.378346 -0.122047 0.078740,
        1.378346 -0.122047 0.000000,
        1.378346 -0.192913 0.078740,
        1.378346 -0.192913 0.000000,
        1.256299 0.035433 0.000000,
        1.247128 0.034226 0.000000,
        1.238583 0.030686 0.000000,
        1.231244 0.025055 0.000000,
        1.225613 0.017717 0.000000,
        1.222074 0.009171 0.000000,
        1.220866 0.000000 0.000000,
        1.222074 -0.009171 0.000000,
        1.225613 -0.017717 0.000000,
        1.231244 -0.025055 0.000000,
        1.238583 -0.030686 0.000000,
        1.247128 -0.034226 0.000000,
        1.256299 -0.035433 0.000000,
        1.378346 0.035433 0.078740,
        1.378346 0.035433 0.000000,
        1.378346 -0.035433 0.078740,
        1.378346 -0.035433 0.000000,
        1.256299 0.192913 0.000000,
        1.247128 0.191706 0.000000,
        1.238583 0.188166 0.000000,
        1.231244 0.182535 0.000000,
        1.225613 0.175197 0.000000,
        1.222074 0.166651 0.000000,
        1.220866 0.157480 0.000000,
        1.222074 0.148309 0.000000,
        1.225613 0.139764 0.000000,
        1.231244 0.132425 0.000000,
        1.238583 0.126794 0.000000,
        1.247128 0.123255 0.000000,
        1.256299 0.122047 0.000000,
        1.378346 0.192913 0.078740,
        1.378346 0.192913 0.000000,
        1.378346 0.122047 0.078740,
        1.378346 0.122047 0.000000,
        1.256299 0.350394 0.000000,
        1.247128 0.349186 0.000000,
        1.238583 0.345646 0.000000,
        1.231244 0.340016 0.000000,
        1.225613 0.332677 0.000000,
        1.222074 0.324131 0.000000,
        1.220866 0.314961 0.000000,
        1.222074 0.305790 0.000000,
        1.225613 0.297244 0.000000,
        1.231244 0.289906 0.000000,
        1.238583 0.284275 0.000000,
        1.247128 0.280735 0.000000,
        1.256299 0.279528 0.000000,
        1.378346 0.350394 0.078740,
        1.378346 0.350394 0.000000,
        1.378346 0.279528 0.078740,
        1.378346 0.279528 0.000000,
        1.256299 0.507874 0.000000,
        1.247128 0.506667 0.000000,
        1.238583 0.503127 0.000000,
        1.231244 0.497496 0.000000,
        1.225613 0.490157 0.000000,
        1.222074 0.481612 0.000000,
        1.220866 0.472441 0.000000,
        1.222074 0.463270 0.000000,
        1.225613 0.454724 0.000000,
        1.231244 0.447386 0.000000,
        1.238583 0.441755 0.000000,
        1.247128 0.438215 0.000000,
        1.256299 0.437008 0.000000,
        1.378346 0.507874 0.078740,
        1.378346 0.507874 0.000000,
        1.378346 0.437008 0.078740,
        1.378346 0.437008 0.000000,
        1.256299 0.665354 0.000000,
        1.247128 0.664147 0.000000,
        1.238583 0.660607 0.000000,
        1.231244 0.654976 0.000000,
        1.225613 0.647638 0.000000,
        1.222074 0.639092 0.000000,
        1.220866 0.629921 0.000000,
        1.222074 0.620750 0.000000,
        1.225613 0.612205 0.000000,
        1.231244 0.604866 0.000000,
        1.238583 0.599235 0.000000,
        1.247128 0.595696 0.000000,
        1.256299 0.594488 0.000000,
        1.378346 0.665354 0.078740,
        1.378346 0.665354 0.000000,
        1.378346 0.594488 0.078740,
        1.378346 0.594488 0.000000,
        1.256299 0.822835 0.000000,
        1.247128 0.821627 0.000000,
        1.238583 0.818087 0.000000,
        1.231244 0.812457 0.000000,
        1.225613 0.805118 0.000000,
        1.222074 0.796572 0.000000,
        1.220866 0.787402 0.000000,
        1.222074 0.778231 0.000000,
        1.225613 0.769685 0.000000,
        1.231244 0.762346 0.000000,
        1.238583 0.756716 0.000000,
        1.247128 0.753176 0.000000,
        1.256299 0.751969 0.000000,
        1.378346 0.822835 0.078740,
        1.378346 0.822835 0.000000,
        1.378346 0.751969 0.078740,
        1.378346 0.751969 0.000000,
        1.256299 0.980315 0.000000,
        1.247128 0.979107 0.000000,
        1.238583 0.975568 0.000000,
        1.231244 0.969937 0.000000,
        1.225613 0.962598 0.000000,
        1.222074 0.954053 0.000000,
        1.220866 0.944882 0.000000,
        1.222074 0.935711 0.000000,
        1.225613 0.927165 0.000000,
        1.231244 0.919827 0.000000,
        1.238583 0.914196 0.000000,
        1.247128 0.910656 0.000000,
        1.256299 0.909449 0.000000,
        1.378346 0.980315 0.078740,
        1.378346 0.980315 0.000000,
        1.378346 0.909449 0.078740,
        1.378346 0.909449 0.000000,
        1.256299 1.137795 0.000000,
        1.247128 1.136588 0.000000,
        1.238583 1.133048 0.000000,
        1.231244 1.127417 0.000000,
        1.225613 1.120079 0.000000,
        1.222074 1.111533 0.000000,
        1.220866 1.102362 0.000000,
        1.222074 1.093191 0.000000,
        1.225613 1.084646 0.000000,
        1.231244 1.077307 0.000000,
        1.238583 1.071676 0.000000,
        1.247128 1.068137 0.000000,
        1.256299 1.066929 0.000000,
        1.378346 1.137795 0.078740,
        1.378346 1.137795 0.000000,
        1.378346 1.066929 0.078740,
        1.378346 1.066929 0.000000,
      ]
    }
    coordIndex [
      1045, 1069, 1046, -1,
      1046, 1069, 1070, -1,
      1046, 1070, 606, -1,
      606, 1070, 1071, -1,
      606, 1071, 696, -1,
      696, 1071, 1072, -1,
      696, 1072, 1073, -1,
      696, 1073, 416, -1,
      416, 1073, 1074, -1,
      416, 1074, 697, -1,
      697, 1074, 1075, -1,
      697, 1075, 698, -1,
      698, 1075, 1076, -1,
      698, 1076, 699, -1,
      699, 1076, 1077, -1,
      699, 1077, 700, -1,
      700, 1077, 1078, -1,
      700, 1078, 850, -1,
      850, 1078, 1079, -1,
      850, 1079, 848, -1,
      848, 1079, 1080, -1,
      848, 1080, 612, -1,
      612, 1080, 1081, -1,
      612, 1081, 611, -1,
      611, 1081, 1082, -1,
      611, 1082, 609, -1,
      609, 1082, 1083, -1,
      609, 1083, 798, -1,
      798, 1083, 1084, -1,
      798, 1084, 802, -1,
      1069, 1045, 750, -1,
      802, 1084, 750, -1,
      750, 1084, 1085, -1,
      750, 1085, 1069, -1,
      1070, 1069, 1071, -1,
      1071, 1069, 1085, -1,
      1077, 1076, 1072, -1,
      1071, 1085, 1072, -1,
      1072, 1085, 1084, -1,
      1072, 1084, 1083, -1,
      1083, 1082, 1072, -1,
      1072, 1082, 1081, -1,
      1072, 1081, 1080, -1,
      1080, 1079, 1072, -1,
      1072, 1079, 1078, -1,
      1072, 1078, 1077, -1,
      1076, 1075, 1072, -1,
      1072, 1075, 1074, -1,
      1072, 1074, 1073, -1,
      1051, 1086, 1052, -1,
      1052, 1086, 1087, -1,
      1052, 1087, 748, -1,
      748, 1087, 1088, -1,
      748, 1088, 793, -1,
      793, 1088, 1089, -1,
      793, 1089, 1090, -1,
      793, 1090, 794, -1,
      794, 1090, 1091, -1,
      794, 1091, 796, -1,
      796, 1091, 1092, -1,
      796, 1092, 797, -1,
      797, 1092, 1093, -1,
      797, 1093, 517, -1,
      517, 1093, 1094, -1,
      517, 1094, 515, -1,
      515, 1094, 1095, -1,
      515, 1095, 608, -1,
      608, 1095, 1096, -1,
      608, 1096, 414, -1,
      414, 1096, 1097, -1,
      414, 1097, 415, -1,
      415, 1097, 1098, -1,
      415, 1098, 417, -1,
      417, 1098, 1099, -1,
      417, 1099, 418, -1,
      418, 1099, 1100, -1,
      418, 1100, 695, -1,
      695, 1100, 1101, -1,
      695, 1101, 604, -1,
      1086, 1051, 605, -1,
      604, 1101, 605, -1,
      605, 1101, 1102, -1,
      605, 1102, 1086, -1,
      1087, 1086, 1088, -1,
      1088, 1086, 1102, -1,
      1088, 1102, 1089, -1,
      1089, 1102, 1101, -1,
      1089, 1101, 1100, -1,
      1097, 1096, 1089, -1,
      1089, 1096, 1095, -1,
      1089, 1095, 1090, -1,
      1090, 1095, 1094, -1,
      1094, 1093, 1090, -1,
      1090, 1093, 1092, -1,
      1090, 1092, 1091, -1,
      1100, 1099, 1089, -1,
      1089, 1099, 1098, -1,
      1089, 1098, 1097, -1,
      1058, 1103, 1059, -1,
      1059, 1103, 1104, -1,
      1059, 1104, 505, -1,
      505, 1104, 1105, -1,
      505, 1105, 601, -1,
      601, 1105, 1106, -1,
      601, 1106, 1107, -1,
      601, 1107, 602, -1,
      602, 1107, 1108, -1,
      602, 1108, 603, -1,
      603, 1108, 1109, -1,
      603, 1109, 509, -1,
      509, 1109, 1110, -1,
      509, 1110, 508, -1,
      508, 1110, 1111, -1,
      508, 1111, 221, -1,
      221, 1111, 1112, -1,
      221, 1112, 693, -1,
      693, 1112, 1113, -1,
      693, 1113, 694, -1,
      694, 1113, 1114, -1,
      694, 1114, 512, -1,
      512, 1114, 1115, -1,
      512, 1115, 514, -1,
      514, 1115, 1116, -1,
      514, 1116, 516, -1,
      516, 1116, 1117, -1,
      516, 1117, 795, -1,
      795, 1117, 1118, -1,
      795, 1118, 746, -1,
      1103, 1058, 747, -1,
      746, 1118, 747, -1,
      747, 1118, 1119, -1,
      747, 1119, 1103, -1,
      1104, 1103, 1105, -1,
      1105, 1103, 1119, -1,
      1105, 1119, 1106, -1,
      1106, 1119, 1118, -1,
      1106, 1118, 1117, -1,
      1110, 1109, 1108, -1,
      1112, 1106, 1113, -1,
      1113, 1106, 1114, -1,
      1112, 1111, 1106, -1,
      1106, 1111, 1110, -1,
      1106, 1110, 1107, -1,
      1107, 1110, 1108, -1,
      1117, 1116, 1106, -1,
      1106, 1116, 1115, -1,
      1106, 1115, 1114, -1,
      1064, 1120, 1065, -1,
      1065, 1120, 1121, -1,
      1065, 1121, 409, -1,
      409, 1121, 1122, -1,
      409, 1122, 500, -1,
      500, 1122, 1123, -1,
      500, 1123, 1124, -1,
      500, 1124, 501, -1,
      501, 1124, 1125, -1,
      501, 1125, 502, -1,
      502, 1125, 1126, -1,
      502, 1126, 413, -1,
      413, 1126, 1127, -1,
      413, 1127, 412, -1,
      412, 1127, 1128, -1,
      412, 1128, 216, -1,
      216, 1128, 1129, -1,
      216, 1129, 217, -1,
      217, 1129, 1130, -1,
      217, 1130, 218, -1,
      218, 1130, 1131, -1,
      218, 1131, 219, -1,
      219, 1131, 1132, -1,
      219, 1132, 220, -1,
      220, 1132, 1133, -1,
      220, 1133, 506, -1,
      506, 1133, 1134, -1,
      506, 1134, 507, -1,
      507, 1134, 1135, -1,
      507, 1135, 503, -1,
      1120, 1064, 504, -1,
      503, 1135, 504, -1,
      504, 1135, 1136, -1,
      504, 1136, 1120, -1,
      1121, 1120, 1122, -1,
      1122, 1120, 1136, -1,
      1123, 1122, 1136, -1,
      1136, 1135, 1123, -1,
      1123, 1135, 1134, -1,
      1123, 1134, 1133, -1,
      1133, 1132, 1123, -1,
      1123, 1132, 1131, -1,
      1123, 1131, 1130, -1,
      1125, 1128, 1126, -1,
      1126, 1128, 1127, -1,
      1130, 1129, 1123, -1,
      1123, 1129, 1128, -1,
      1123, 1128, 1124, -1,
      1124, 1128, 1125, -1,
      1066, 1137, 1042, -1,
      1042, 1137, 1138, -1,
      1042, 1138, 215, -1,
      215, 1138, 1139, -1,
      215, 1139, 332, -1,
      332, 1139, 1140, -1,
      332, 1140, 1141, -1,
      332, 1141, 163, -1,
      163, 1141, 1142, -1,
      163, 1142, 162, -1,
      162, 1142, 1143, -1,
      162, 1143, 160, -1,
      160, 1143, 1144, -1,
      160, 1144, 164, -1,
      164, 1144, 1145, -1,
      164, 1145, 165, -1,
      165, 1145, 1146, -1,
      165, 1146, 166, -1,
      166, 1146, 1147, -1,
      166, 1147, 113, -1,
      113, 1147, 1148, -1,
      113, 1148, 114, -1,
      114, 1148, 1149, -1,
      114, 1149, 115, -1,
      115, 1149, 1150, -1,
      115, 1150, 410, -1,
      410, 1150, 1151, -1,
      410, 1151, 411, -1,
      411, 1151, 1152, -1,
      411, 1152, 407, -1,
      1137, 1066, 408, -1,
      407, 1152, 408, -1,
      408, 1152, 1153, -1,
      408, 1153, 1137, -1,
      1138, 1137, 1139, -1,
      1139, 1137, 1153, -1,
      1140, 1139, 1153, -1,
      1153, 1152, 1140, -1,
      1140, 1152, 1151, -1,
      1140, 1151, 1150, -1,
      1150, 1149, 1140, -1,
      1140, 1149, 1148, -1,
      1140, 1148, 1147, -1,
      1142, 1145, 1143, -1,
      1143, 1145, 1144, -1,
      1147, 1146, 1140, -1,
      1140, 1146, 1145, -1,
      1140, 1145, 1141, -1,
      1141, 1145, 1142, -1,
      1054, 1154, 1055, -1,
      1055, 1154, 1155, -1,
      1055, 1155, 499, -1,
      499, 1155, 1156, -1,
      499, 1156, 596, -1,
      596, 1156, 1157, -1,
      596, 1157, 1158, -1,
      596, 1158, 597, -1,
      597, 1158, 1159, -1,
      597, 1159, 599, -1,
      599, 1159, 1160, -1,
      599, 1160, 600, -1,
      600, 1160, 1161, -1,
      600, 1161, 3, -1,
      3, 1161, 1162, -1,
      3, 1162, 4, -1,
      4, 1162, 1163, -1,
      4, 1163, 406, -1,
      406, 1163, 1164, -1,
      406, 1164, 109, -1,
      109, 1164, 1165, -1,
      109, 1165, 110, -1,
      110, 1165, 1166, -1,
      110, 1166, 112, -1,
      112, 1166, 1167, -1,
      112, 1167, 161, -1,
      161, 1167, 1168, -1,
      161, 1168, 331, -1,
      331, 1168, 1169, -1,
      331, 1169, 213, -1,
      1154, 1054, 214, -1,
      213, 1169, 214, -1,
      214, 1169, 1170, -1,
      214, 1170, 1154, -1,
      1155, 1154, 1156, -1,
      1156, 1154, 1170, -1,
      1156, 1170, 1157, -1,
      1157, 1170, 1169, -1,
      1168, 1167, 1166, -1,
      1160, 1169, 1161, -1,
      1161, 1169, 1162, -1,
      1160, 1159, 1169, -1,
      1169, 1159, 1158, -1,
      1169, 1158, 1157, -1,
      1166, 1165, 1168, -1,
      1168, 1165, 1164, -1,
      1168, 1164, 1169, -1,
      1169, 1164, 1163, -1,
      1169, 1163, 1162, -1,
      1062, 1171, 1063, -1,
      1063, 1171, 1172, -1,
      1063, 1172, 496, -1,
      496, 1172, 1173, -1,
      496, 1173, 595, -1,
      595, 1173, 1174, -1,
      595, 1174, 1175, -1,
      595, 1175, 207, -1,
      207, 1175, 1176, -1,
      207, 1176, 208, -1,
      208, 1176, 1177, -1,
      208, 1177, 210, -1,
      210, 1177, 1178, -1,
      210, 1178, 326, -1,
      326, 1178, 1179, -1,
      326, 1179, 211, -1,
      211, 1179, 1180, -1,
      211, 1180, 212, -1,
      212, 1180, 1181, -1,
      212, 1181, 328, -1,
      328, 1181, 1182, -1,
      328, 1182, 329, -1,
      329, 1182, 1183, -1,
      329, 1183, 330, -1,
      330, 1183, 1184, -1,
      330, 1184, 5, -1,
      5, 1184, 1185, -1,
      5, 1185, 598, -1,
      598, 1185, 1186, -1,
      598, 1186, 497, -1,
      1171, 1062, 498, -1,
      497, 1186, 498, -1,
      498, 1186, 1187, -1,
      498, 1187, 1171, -1,
      1172, 1171, 1173, -1,
      1173, 1171, 1187, -1,
      1174, 1173, 1187, -1,
      1177, 1176, 1175, -1,
      1187, 1186, 1174, -1,
      1174, 1186, 1185, -1,
      1174, 1185, 1184, -1,
      1184, 1183, 1174, -1,
      1174, 1183, 1182, -1,
      1174, 1182, 1181, -1,
      1181, 1180, 1174, -1,
      1174, 1180, 1179, -1,
      1174, 1179, 1175, -1,
      1175, 1179, 1178, -1,
      1175, 1178, 1177, -1,
      1068, 1188, 1047, -1,
      1047, 1188, 1189, -1,
      1047, 1189, 402, -1,
      402, 1189, 1190, -1,
      402, 1190, 493, -1,
      493, 1190, 1191, -1,
      493, 1191, 1192, -1,
      493, 1192, 156, -1,
      156, 1192, 1193, -1,
      156, 1193, 157, -1,
      157, 1193, 1194, -1,
      157, 1194, 159, -1,
      159, 1194, 1195, -1,
      159, 1195, 204, -1,
      204, 1195, 1196, -1,
      204, 1196, 205, -1,
      205, 1196, 1197, -1,
      205, 1197, 403, -1,
      403, 1197, 1198, -1,
      403, 1198, 404, -1,
      404, 1198, 1199, -1,
      404, 1199, 405, -1,
      405, 1199, 1200, -1,
      405, 1200, 327, -1,
      327, 1200, 1201, -1,
      327, 1201, 209, -1,
      209, 1201, 1202, -1,
      209, 1202, 594, -1,
      594, 1202, 1203, -1,
      594, 1203, 494, -1,
      1188, 1068, 495, -1,
      494, 1203, 495, -1,
      495, 1203, 1204, -1,
      495, 1204, 1188, -1,
      1189, 1188, 1190, -1,
      1190, 1188, 1204, -1,
      1191, 1190, 1204, -1,
      1194, 1193, 1192, -1,
      1204, 1203, 1191, -1,
      1191, 1203, 1202, -1,
      1191, 1202, 1201, -1,
      1201, 1200, 1191, -1,
      1191, 1200, 1199, -1,
      1191, 1199, 1198, -1,
      1198, 1197, 1191, -1,
      1191, 1197, 1196, -1,
      1191, 1196, 1192, -1,
      1192, 1196, 1195, -1,
      1192, 1195, 1194, -1,
      1067, 1205, 1056, -1,
      1056, 1205, 1206, -1,
      1056, 1206, 322, -1,
      322, 1206, 1207, -1,
      322, 1207, 395, -1,
      395, 1207, 1208, -1,
      395, 1208, 1209, -1,
      395, 1209, 396, -1,
      396, 1209, 1210, -1,
      396, 1210, 398, -1,
      398, 1210, 1211, -1,
      398, 1211, 399, -1,
      399, 1211, 1212, -1,
      399, 1212, 17, -1,
      17, 1212, 1213, -1,
      17, 1213, 18, -1,
      18, 1213, 1214, -1,
      18, 1214, 323, -1,
      323, 1214, 1215, -1,
      323, 1215, 324, -1,
      324, 1215, 1216, -1,
      324, 1216, 325, -1,
      325, 1216, 1217, -1,
      325, 1217, 206, -1,
      206, 1217, 1218, -1,
      206, 1218, 158, -1,
      158, 1218, 1219, -1,
      158, 1219, 492, -1,
      492, 1219, 1220, -1,
      492, 1220, 400, -1,
      1205, 1067, 401, -1,
      400, 1220, 401, -1,
      401, 1220, 1221, -1,
      401, 1221, 1205, -1,
      1206, 1205, 1207, -1,
      1207, 1205, 1221, -1,
      1208, 1207, 1221, -1,
      1211, 1210, 1209, -1,
      1221, 1220, 1208, -1,
      1208, 1220, 1219, -1,
      1208, 1219, 1218, -1,
      1218, 1217, 1208, -1,
      1208, 1217, 1216, -1,
      1208, 1216, 1215, -1,
      1215, 1214, 1208, -1,
      1208, 1214, 1213, -1,
      1208, 1213, 1209, -1,
      1209, 1213, 1212, -1,
      1209, 1212, 1211, -1,
      1057, 1222, 1039, -1,
      1039, 1222, 1223, -1,
      1039, 1223, 200, -1,
      200, 1223, 1224, -1,
      200, 1224, 319, -1,
      319, 1224, 1225, -1,
      319, 1225, 1226, -1,
      319, 1226, 318, -1,
      318, 1226, 1227, -1,
      318, 1227, 106, -1,
      106, 1227, 1228, -1,
      106, 1228, 105, -1,
      105, 1228, 1229, -1,
      105, 1229, 0, -1,
      0, 1229, 1230, -1,
      0, 1230, 1, -1,
      1, 1230, 1231, -1,
      1, 1231, 201, -1,
      201, 1231, 1232, -1,
      201, 1232, 202, -1,
      202, 1232, 1233, -1,
      202, 1233, 203, -1,
      203, 1233, 1234, -1,
      203, 1234, 35, -1,
      35, 1234, 1235, -1,
      35, 1235, 19, -1,
      19, 1235, 1236, -1,
      19, 1236, 397, -1,
      397, 1236, 1237, -1,
      397, 1237, 320, -1,
      1222, 1057, 321, -1,
      320, 1237, 321, -1,
      321, 1237, 1238, -1,
      321, 1238, 1222, -1,
      1223, 1222, 1224, -1,
      1224, 1222, 1238, -1,
      1224, 1238, 1225, -1,
      1225, 1238, 1237, -1,
      1236, 1235, 1234, -1,
      1228, 1237, 1229, -1,
      1229, 1237, 1230, -1,
      1228, 1227, 1237, -1,
      1237, 1227, 1226, -1,
      1237, 1226, 1225, -1,
      1234, 1233, 1236, -1,
      1236, 1233, 1232, -1,
      1236, 1232, 1237, -1,
      1237, 1232, 1231, -1,
      1237, 1231, 1230, -1,
      1040, 1239, 1041, -1,
      1041, 1239, 1240, -1,
      1041, 1240, 285, -1,
      285, 1240, 1241, -1,
      285, 1241, 379, -1,
      379, 1241, 1242, -1,
      379, 1242, 1243, -1,
      379, 1243, 380, -1,
      380, 1243, 1244, -1,
      380, 1244, 381, -1,
      381, 1244, 1245, -1,
      381, 1245, 289, -1,
      289, 1245, 1246, -1,
      289, 1246, 288, -1,
      288, 1246, 1247, -1,
      288, 1247, 54, -1,
      54, 1247, 1248, -1,
      54, 1248, 55, -1,
      55, 1248, 1249, -1,
      55, 1249, 56, -1,
      56, 1249, 1250, -1,
      56, 1250, 107, -1,
      107, 1250, 1251, -1,
      107, 1251, 108, -1,
      108, 1251, 1252, -1,
      108, 1252, 316, -1,
      316, 1252, 1253, -1,
      316, 1253, 317, -1,
      317, 1253, 1254, -1,
      317, 1254, 198, -1,
      1239, 1040, 199, -1,
      198, 1254, 199, -1,
      199, 1254, 1255, -1,
      199, 1255, 1239, -1,
      1240, 1239, 1241, -1,
      1241, 1239, 1255, -1,
      1242, 1241, 1255, -1,
      1255, 1254, 1242, -1,
      1242, 1254, 1253, -1,
      1242, 1253, 1252, -1,
      1252, 1251, 1242, -1,
      1242, 1251, 1250, -1,
      1242, 1250, 1249, -1,
      1244, 1247, 1245, -1,
      1245, 1247, 1246, -1,
      1249, 1248, 1242, -1,
      1242, 1248, 1247, -1,
      1242, 1247, 1243, -1,
      1243, 1247, 1244, -1,
      1044, 1256, 1043, -1,
      1043, 1256, 1257, -1,
      1043, 1257, 250, -1,
      250, 1257, 1258, -1,
      250, 1258, 367, -1,
      367, 1258, 1259, -1,
      367, 1259, 1260, -1,
      367, 1260, 368, -1,
      368, 1260, 1261, -1,
      368, 1261, 369, -1,
      369, 1261, 1262, -1,
      369, 1262, 254, -1,
      254, 1262, 1263, -1,
      254, 1263, 253, -1,
      253, 1263, 1264, -1,
      253, 1264, 34, -1,
      34, 1264, 1265, -1,
      34, 1265, 185, -1,
      185, 1265, 1266, -1,
      185, 1266, 189, -1,
      189, 1266, 1267, -1,
      189, 1267, 188, -1,
      188, 1267, 1268, -1,
      188, 1268, 187, -1,
      187, 1268, 1269, -1,
      187, 1269, 286, -1,
      286, 1269, 1270, -1,
      286, 1270, 287, -1,
      287, 1270, 1271, -1,
      287, 1271, 283, -1,
      1256, 1044, 284, -1,
      283, 1271, 284, -1,
      284, 1271, 1272, -1,
      284, 1272, 1256, -1,
      1257, 1256, 1258, -1,
      1258, 1256, 1272, -1,
      1259, 1258, 1272, -1,
      1272, 1271, 1259, -1,
      1259, 1271, 1270, -1,
      1259, 1270, 1269, -1,
      1269, 1268, 1259, -1,
      1259, 1268, 1267, -1,
      1259, 1267, 1266, -1,
      1261, 1264, 1262, -1,
      1262, 1264, 1263, -1,
      1266, 1265, 1259, -1,
      1259, 1265, 1264, -1,
      1259, 1264, 1260, -1,
      1260, 1264, 1261, -1,
      1053, 1273, 1048, -1,
      1048, 1273, 1274, -1,
      1048, 1274, 8, -1,
      8, 1274, 1275, -1,
      8, 1275, 60, -1,
      60, 1275, 1276, -1,
      60, 1276, 1277, -1,
      60, 1277, 62, -1,
      62, 1277, 1278, -1,
      62, 1278, 41, -1,
      41, 1278, 1279, -1,
      41, 1279, 247, -1,
      247, 1279, 1280, -1,
      247, 1280, 245, -1,
      245, 1280, 1281, -1,
      245, 1281, 31, -1,
      31, 1281, 1282, -1,
      31, 1282, 81, -1,
      81, 1282, 1283, -1,
      81, 1283, 82, -1,
      82, 1283, 1284, -1,
      82, 1284, 84, -1,
      84, 1284, 1285, -1,
      84, 1285, 85, -1,
      85, 1285, 1286, -1,
      85, 1286, 251, -1,
      251, 1286, 1287, -1,
      251, 1287, 252, -1,
      252, 1287, 1288, -1,
      252, 1288, 248, -1,
      1273, 1053, 249, -1,
      248, 1288, 249, -1,
      249, 1288, 1289, -1,
      249, 1289, 1273, -1,
      1274, 1273, 1275, -1,
      1275, 1273, 1289, -1,
      1276, 1275, 1289, -1,
      1283, 1282, 1276, -1,
      1276, 1282, 1281, -1,
      1276, 1281, 1280, -1,
      1289, 1288, 1276, -1,
      1276, 1288, 1287, -1,
      1276, 1287, 1286, -1,
      1286, 1285, 1276, -1,
      1276, 1285, 1284, -1,
      1276, 1284, 1283, -1,
      1280, 1279, 1276, -1,
      1276, 1279, 1278, -1,
      1276, 1278, 1277, -1,
      1049, 1290, 1050, -1,
      1050, 1290, 1291, -1,
      1050, 1291, 424, -1,
      424, 1291, 1292, -1,
      424, 1292, 521, -1,
      521, 1292, 1293, -1,
      521, 1293, 1294, -1,
      521, 1294, 228, -1,
      228, 1294, 1295, -1,
      228, 1295, 623, -1,
      623, 1295, 1296, -1,
      623, 1296, 622, -1,
      622, 1296, 1297, -1,
      622, 1297, 120, -1,
      120, 1297, 1298, -1,
      120, 1298, 121, -1,
      121, 1298, 1299, -1,
      121, 1299, 350, -1,
      350, 1299, 1300, -1,
      350, 1300, 351, -1,
      351, 1300, 1301, -1,
      351, 1301, 352, -1,
      352, 1301, 1302, -1,
      352, 1302, 425, -1,
      425, 1302, 1303, -1,
      425, 1303, 426, -1,
      426, 1303, 1304, -1,
      426, 1304, 427, -1,
      427, 1304, 1305, -1,
      427, 1305, 6, -1,
      1290, 1049, 7, -1,
      6, 1305, 7, -1,
      7, 1305, 1306, -1,
      7, 1306, 1290, -1,
      1291, 1290, 1292, -1,
      1292, 1290, 1306, -1,
      1298, 1297, 1293, -1,
      1292, 1306, 1293, -1,
      1293, 1306, 1305, -1,
      1293, 1305, 1304, -1,
      1304, 1303, 1293, -1,
      1293, 1303, 1302, -1,
      1293, 1302, 1301, -1,
      1301, 1300, 1293, -1,
      1293, 1300, 1299, -1,
      1293, 1299, 1298, -1,
      1297, 1296, 1293, -1,
      1293, 1296, 1295, -1,
      1293, 1295, 1294, -1,
      1061, 1307, 1060, -1,
      1060, 1307, 1308, -1,
      1060, 1308, 46, -1,
      46, 1308, 1309, -1,
      46, 1309, 335, -1,
      335, 1309, 1310, -1,
      335, 1310, 1311, -1,
      335, 1311, 70, -1,
      70, 1311, 1312, -1,
      70, 1312, 342, -1,
      342, 1312, 1313, -1,
      342, 1313, 419, -1,
      419, 1313, 1314, -1,
      419, 1314, 420, -1,
      420, 1314, 1315, -1,
      420, 1315, 421, -1,
      421, 1315, 1316, -1,
      421, 1316, 524, -1,
      524, 1316, 1317, -1,
      524, 1317, 226, -1,
      226, 1317, 1318, -1,
      226, 1318, 227, -1,
      227, 1318, 1319, -1,
      227, 1319, 229, -1,
      229, 1319, 1320, -1,
      229, 1320, 230, -1,
      230, 1320, 1321, -1,
      230, 1321, 520, -1,
      520, 1321, 1322, -1,
      520, 1322, 422, -1,
      1307, 1061, 423, -1,
      422, 1322, 423, -1,
      423, 1322, 1323, -1,
      423, 1323, 1307, -1,
      1308, 1307, 1309, -1,
      1309, 1307, 1323, -1,
      1315, 1314, 1310, -1,
      1309, 1323, 1310, -1,
      1310, 1323, 1322, -1,
      1310, 1322, 1321, -1,
      1321, 1320, 1310, -1,
      1310, 1320, 1319, -1,
      1310, 1319, 1318, -1,
      1318, 1317, 1310, -1,
      1310, 1317, 1316, -1,
      1310, 1316, 1315, -1,
      1314, 1313, 1310, -1,
      1310, 1313, 1312, -1,
      1310, 1312, 1311, -1,
      1324, 1325, 371, -1,
      371, 1325, 16, -1,
      2, 111, 1326, -1,
      1326, 111, 1327, -1,
      141, 292, 1328, -1,
      1328, 292, 1329, -1,
      472, 192, 1330, -1,
      1330, 192, 1331, -1,
      550, 551, 1332, -1,
      1332, 551, 1333, -1,
      547, 1334, 769, -1,
      769, 1334, 1335, -1,
      769, 1335, 770, -1,
      770, 1335, 1336, -1,
      770, 1336, 771, -1,
      771, 1336, 1337, -1,
      771, 1337, 854, -1,
      854, 1337, 1338, -1,
      854, 1338, 855, -1,
      855, 1338, 1339, -1,
      855, 1339, 856, -1,
      856, 1339, 1340, -1,
      856, 1340, 548, -1,
      548, 1340, 1341, -1,
      548, 1341, 454, -1,
      454, 1341, 1342, -1,
      454, 1342, 452, -1,
      452, 1342, 1343, -1,
      452, 1343, 637, -1,
      637, 1343, 1344, -1,
      1345, 1328, 1339, -1,
      1326, 1327, 1344, -1,
      1338, 1337, 1331, -1,
      1331, 1337, 1336, -1,
      1331, 1336, 1330, -1,
      1330, 1336, 1335, -1,
      1330, 1335, 1334, -1,
      1346, 1347, 1348, -1,
      1324, 1344, 1325, -1,
      1325, 1344, 1327, -1,
      1325, 1327, 1349, -1,
      1324, 1350, 1344, -1,
      1344, 1350, 1351, -1,
      1344, 1351, 1352, -1,
      1352, 1351, 1353, -1,
      1354, 1355, 1341, -1,
      1356, 1334, 1357, -1,
      1357, 1334, 1358, -1,
      1359, 1360, 1330, -1,
      1330, 1360, 1361, -1,
      1330, 1361, 1362, -1,
      1362, 1361, 1363, -1,
      1349, 1327, 1348, -1,
      1348, 1327, 1364, -1,
      1348, 1364, 1346, -1,
      1339, 1328, 1340, -1,
      1340, 1328, 1329, -1,
      1340, 1329, 1341, -1,
      1341, 1329, 1365, -1,
      1341, 1365, 1354, -1,
      1356, 1366, 1334, -1,
      1334, 1366, 1332, -1,
      1334, 1332, 1330, -1,
      1330, 1332, 1333, -1,
      1330, 1333, 1359, -1,
      1344, 1343, 1326, -1,
      1326, 1343, 1342, -1,
      1326, 1342, 1367, -1,
      1367, 1342, 1341, -1,
      1367, 1341, 1368, -1,
      1368, 1341, 1355, -1,
      1338, 1331, 1339, -1,
      1339, 1331, 1369, -1,
      1339, 1369, 1370, -1,
      1370, 1371, 1339, -1,
      1339, 1371, 1372, -1,
      1339, 1372, 1345, -1,
      568, 1373, 1374, -1,
      568, 1374, 569, -1,
      569, 1374, 1375, -1,
      569, 1375, 571, -1,
      571, 1375, 1376, -1,
      571, 1376, 572, -1,
      572, 1376, 1377, -1,
      572, 1377, 197, -1,
      197, 1377, 1378, -1,
      197, 1378, 195, -1,
      195, 1378, 1379, -1,
      195, 1379, 154, -1,
      154, 1379, 1380, -1,
      154, 1380, 155, -1,
      155, 1380, 1381, -1,
      155, 1381, 104, -1,
      104, 1381, 1382, -1,
      104, 1382, 386, -1,
      386, 1382, 1383, -1,
      386, 1383, 299, -1,
      299, 1383, 1384, -1,
      299, 1384, 304, -1,
      304, 1384, 1385, -1,
      304, 1385, 303, -1,
      1012, 1386, 485, -1,
      485, 1386, 1387, -1,
      485, 1387, 568, -1,
      568, 1387, 1373, -1,
      1388, 1018, 302, -1,
      303, 1385, 302, -1,
      302, 1385, 1389, -1,
      302, 1389, 1388, -1,
      1018, 1388, 1012, -1,
      1012, 1388, 1386, -1,
      1386, 1388, 1387, -1,
      1387, 1388, 1389, -1,
      1373, 1387, 1389, -1,
      1389, 1385, 1373, -1,
      1373, 1385, 1384, -1,
      1373, 1384, 1383, -1,
      1383, 1382, 1373, -1,
      1373, 1382, 1381, -1,
      1373, 1381, 1380, -1,
      1375, 1378, 1376, -1,
      1376, 1378, 1377, -1,
      1380, 1379, 1373, -1,
      1373, 1379, 1378, -1,
      1373, 1378, 1374, -1,
      1374, 1378, 1375, -1,
      563, 1390, 1391, -1,
      563, 1391, 564, -1,
      564, 1391, 1392, -1,
      564, 1392, 566, -1,
      566, 1392, 1393, -1,
      566, 1393, 567, -1,
      567, 1393, 1394, -1,
      567, 1394, 479, -1,
      479, 1394, 1395, -1,
      479, 1395, 477, -1,
      477, 1395, 1396, -1,
      477, 1396, 296, -1,
      296, 1396, 1397, -1,
      296, 1397, 298, -1,
      298, 1397, 1398, -1,
      298, 1398, 193, -1,
      193, 1398, 1399, -1,
      193, 1399, 194, -1,
      194, 1399, 1400, -1,
      194, 1400, 196, -1,
      196, 1400, 1401, -1,
      196, 1401, 570, -1,
      570, 1401, 1402, -1,
      570, 1402, 483, -1,
      1019, 1403, 482, -1,
      482, 1403, 1404, -1,
      482, 1404, 563, -1,
      563, 1404, 1390, -1,
      1405, 1013, 484, -1,
      483, 1402, 484, -1,
      484, 1402, 1406, -1,
      484, 1406, 1405, -1,
      1013, 1405, 1019, -1,
      1019, 1405, 1403, -1,
      1403, 1405, 1404, -1,
      1404, 1405, 1406, -1,
      1390, 1404, 1406, -1,
      1406, 1402, 1390, -1,
      1390, 1402, 1401, -1,
      1390, 1401, 1400, -1,
      1400, 1399, 1390, -1,
      1390, 1399, 1398, -1,
      1390, 1398, 1397, -1,
      1393, 1392, 1391, -1,
      1397, 1396, 1390, -1,
      1390, 1396, 1395, -1,
      1390, 1395, 1391, -1,
      1391, 1395, 1394, -1,
      1391, 1394, 1393, -1,
      817, 1407, 1408, -1,
      817, 1408, 818, -1,
      818, 1408, 1409, -1,
      818, 1409, 819, -1,
      819, 1409, 1410, -1,
      819, 1410, 280, -1,
      280, 1410, 1411, -1,
      280, 1411, 281, -1,
      281, 1411, 1412, -1,
      281, 1412, 471, -1,
      471, 1412, 1413, -1,
      471, 1413, 473, -1,
      473, 1413, 1414, -1,
      473, 1414, 474, -1,
      474, 1414, 1415, -1,
      474, 1415, 475, -1,
      475, 1415, 1416, -1,
      475, 1416, 476, -1,
      476, 1416, 1417, -1,
      476, 1417, 478, -1,
      478, 1417, 1418, -1,
      478, 1418, 565, -1,
      565, 1418, 1419, -1,
      565, 1419, 480, -1,
      1023, 1420, 774, -1,
      774, 1420, 1421, -1,
      774, 1421, 817, -1,
      817, 1421, 1407, -1,
      1422, 1029, 481, -1,
      480, 1419, 481, -1,
      481, 1419, 1423, -1,
      481, 1423, 1422, -1,
      1029, 1422, 1023, -1,
      1023, 1422, 1420, -1,
      1420, 1422, 1421, -1,
      1421, 1422, 1423, -1,
      1421, 1423, 1407, -1,
      1407, 1423, 1419, -1,
      1407, 1419, 1418, -1,
      1411, 1410, 1409, -1,
      1413, 1407, 1414, -1,
      1414, 1407, 1415, -1,
      1413, 1412, 1407, -1,
      1407, 1412, 1411, -1,
      1407, 1411, 1408, -1,
      1408, 1411, 1409, -1,
      1418, 1417, 1407, -1,
      1407, 1417, 1416, -1,
      1407, 1416, 1415, -1,
      815, 1424, 1425, -1,
      815, 1425, 816, -1,
      816, 1425, 1426, -1,
      816, 1426, 725, -1,
      725, 1426, 1427, -1,
      725, 1427, 724, -1,
      724, 1427, 1428, -1,
      724, 1428, 558, -1,
      558, 1428, 1429, -1,
      558, 1429, 559, -1,
      559, 1429, 1430, -1,
      559, 1430, 561, -1,
      561, 1430, 1431, -1,
      561, 1431, 655, -1,
      655, 1431, 1432, -1,
      655, 1432, 656, -1,
      656, 1432, 1433, -1,
      656, 1433, 657, -1,
      657, 1433, 1434, -1,
      657, 1434, 562, -1,
      562, 1434, 1435, -1,
      562, 1435, 282, -1,
      282, 1435, 1436, -1,
      282, 1436, 772, -1,
      1027, 1437, 813, -1,
      813, 1437, 1438, -1,
      813, 1438, 815, -1,
      815, 1438, 1424, -1,
      1439, 1026, 773, -1,
      772, 1436, 773, -1,
      773, 1436, 1440, -1,
      773, 1440, 1439, -1,
      1026, 1439, 1027, -1,
      1027, 1439, 1437, -1,
      1437, 1439, 1438, -1,
      1438, 1439, 1440, -1,
      1424, 1438, 1440, -1,
      1440, 1436, 1424, -1,
      1424, 1436, 1435, -1,
      1424, 1435, 1434, -1,
      1434, 1433, 1424, -1,
      1424, 1433, 1432, -1,
      1424, 1432, 1431, -1,
      1426, 1429, 1427, -1,
      1427, 1429, 1428, -1,
      1431, 1430, 1424, -1,
      1424, 1430, 1429, -1,
      1424, 1429, 1425, -1,
      1425, 1429, 1426, -1,
      718, 1441, 1442, -1,
      718, 1442, 720, -1,
      720, 1442, 1443, -1,
      720, 1443, 721, -1,
      721, 1443, 1444, -1,
      721, 1444, 652, -1,
      652, 1444, 1445, -1,
      652, 1445, 651, -1,
      651, 1445, 1446, -1,
      651, 1446, 650, -1,
      650, 1446, 1447, -1,
      650, 1447, 649, -1,
      649, 1447, 1448, -1,
      649, 1448, 648, -1,
      648, 1448, 1449, -1,
      648, 1449, 653, -1,
      653, 1449, 1450, -1,
      653, 1450, 654, -1,
      654, 1450, 1451, -1,
      654, 1451, 722, -1,
      722, 1451, 1452, -1,
      722, 1452, 723, -1,
      723, 1452, 1453, -1,
      723, 1453, 814, -1,
      1031, 1454, 716, -1,
      716, 1454, 1455, -1,
      716, 1455, 718, -1,
      718, 1455, 1441, -1,
      1456, 1034, 812, -1,
      814, 1453, 812, -1,
      812, 1453, 1457, -1,
      812, 1457, 1456, -1,
      1034, 1456, 1031, -1,
      1031, 1456, 1454, -1,
      1454, 1456, 1455, -1,
      1455, 1456, 1457, -1,
      1441, 1455, 1457, -1,
      1457, 1453, 1441, -1,
      1441, 1453, 1452, -1,
      1441, 1452, 1451, -1,
      1451, 1450, 1441, -1,
      1441, 1450, 1449, -1,
      1441, 1449, 1448, -1,
      1443, 1446, 1444, -1,
      1444, 1446, 1445, -1,
      1448, 1447, 1441, -1,
      1441, 1447, 1446, -1,
      1441, 1446, 1442, -1,
      1442, 1446, 1443, -1,
      642, 1458, 1459, -1,
      642, 1459, 643, -1,
      643, 1459, 1460, -1,
      643, 1460, 645, -1,
      645, 1460, 1461, -1,
      645, 1461, 646, -1,
      646, 1461, 1462, -1,
      646, 1462, 647, -1,
      647, 1462, 1463, -1,
      647, 1463, 467, -1,
      467, 1463, 1464, -1,
      467, 1464, 466, -1,
      466, 1464, 1465, -1,
      466, 1465, 464, -1,
      464, 1465, 1466, -1,
      464, 1466, 468, -1,
      468, 1466, 1467, -1,
      468, 1467, 469, -1,
      469, 1467, 1468, -1,
      469, 1468, 470, -1,
      470, 1468, 1469, -1,
      470, 1469, 719, -1,
      719, 1469, 1470, -1,
      719, 1470, 717, -1,
      1033, 1471, 557, -1,
      557, 1471, 1472, -1,
      557, 1472, 642, -1,
      642, 1472, 1458, -1,
      1473, 1032, 715, -1,
      717, 1470, 715, -1,
      715, 1470, 1474, -1,
      715, 1474, 1473, -1,
      1032, 1473, 1033, -1,
      1033, 1473, 1471, -1,
      1471, 1473, 1472, -1,
      1472, 1473, 1474, -1,
      1472, 1474, 1458, -1,
      1458, 1474, 1470, -1,
      1458, 1470, 1459, -1,
      1459, 1470, 1460, -1,
      1469, 1468, 1467, -1,
      1463, 1462, 1470, -1,
      1470, 1462, 1461, -1,
      1470, 1461, 1460, -1,
      1467, 1466, 1469, -1,
      1469, 1466, 1465, -1,
      1469, 1465, 1470, -1,
      1470, 1465, 1464, -1,
      1470, 1464, 1463, -1,
      641, 1475, 1476, -1,
      641, 1476, 268, -1,
      268, 1476, 1477, -1,
      268, 1477, 269, -1,
      269, 1477, 1478, -1,
      269, 1478, 271, -1,
      271, 1478, 1479, -1,
      271, 1479, 272, -1,
      272, 1479, 1480, -1,
      272, 1480, 274, -1,
      274, 1480, 1481, -1,
      274, 1481, 275, -1,
      275, 1481, 1482, -1,
      275, 1482, 276, -1,
      276, 1482, 1483, -1,
      276, 1483, 277, -1,
      277, 1483, 1484, -1,
      277, 1484, 278, -1,
      278, 1484, 1485, -1,
      278, 1485, 279, -1,
      279, 1485, 1486, -1,
      279, 1486, 644, -1,
      644, 1486, 1487, -1,
      644, 1487, 555, -1,
      1037, 1488, 554, -1,
      554, 1488, 1489, -1,
      554, 1489, 641, -1,
      641, 1489, 1475, -1,
      1490, 1036, 556, -1,
      555, 1487, 556, -1,
      556, 1487, 1491, -1,
      556, 1491, 1490, -1,
      1036, 1490, 1037, -1,
      1037, 1490, 1488, -1,
      1488, 1490, 1489, -1,
      1489, 1490, 1491, -1,
      1489, 1491, 1475, -1,
      1475, 1491, 1487, -1,
      1486, 1485, 1484, -1,
      1478, 1487, 1479, -1,
      1479, 1487, 1480, -1,
      1478, 1477, 1487, -1,
      1487, 1477, 1476, -1,
      1487, 1476, 1475, -1,
      1484, 1483, 1486, -1,
      1486, 1483, 1482, -1,
      1486, 1482, 1487, -1,
      1487, 1482, 1481, -1,
      1487, 1481, 1480, -1,
      462, 1492, 1493, -1,
      462, 1493, 463, -1,
      463, 1493, 1494, -1,
      463, 1494, 182, -1,
      182, 1494, 1495, -1,
      182, 1495, 184, -1,
      184, 1495, 1496, -1,
      184, 1496, 261, -1,
      261, 1496, 1497, -1,
      261, 1497, 263, -1,
      263, 1497, 1498, -1,
      263, 1498, 264, -1,
      264, 1498, 1499, -1,
      264, 1499, 266, -1,
      266, 1499, 1500, -1,
      266, 1500, 267, -1,
      267, 1500, 1501, -1,
      267, 1501, 273, -1,
      273, 1501, 1502, -1,
      273, 1502, 270, -1,
      270, 1502, 1503, -1,
      270, 1503, 640, -1,
      640, 1503, 1504, -1,
      640, 1504, 552, -1,
      1035, 1505, 460, -1,
      460, 1505, 1506, -1,
      460, 1506, 462, -1,
      462, 1506, 1492, -1,
      1507, 1038, 553, -1,
      552, 1504, 553, -1,
      553, 1504, 1508, -1,
      553, 1508, 1507, -1,
      1038, 1507, 1035, -1,
      1035, 1507, 1505, -1,
      1505, 1507, 1506, -1,
      1506, 1507, 1508, -1,
      1506, 1508, 1492, -1,
      1492, 1508, 1504, -1,
      1492, 1504, 1493, -1,
      1499, 1504, 1503, -1,
      1499, 1498, 1504, -1,
      1504, 1498, 1497, -1,
      1504, 1497, 1496, -1,
      1503, 1502, 1499, -1,
      1499, 1502, 1501, -1,
      1499, 1501, 1500, -1,
      1496, 1495, 1504, -1,
      1504, 1495, 1494, -1,
      1504, 1494, 1493, -1,
      458, 1509, 1510, -1,
      458, 1510, 135, -1,
      135, 1510, 1511, -1,
      135, 1511, 136, -1,
      136, 1511, 1512, -1,
      136, 1512, 137, -1,
      137, 1512, 1513, -1,
      137, 1513, 138, -1,
      138, 1513, 1514, -1,
      138, 1514, 139, -1,
      139, 1514, 1515, -1,
      139, 1515, 140, -1,
      140, 1515, 1516, -1,
      140, 1516, 100, -1,
      100, 1516, 1517, -1,
      100, 1517, 101, -1,
      101, 1517, 1518, -1,
      101, 1518, 262, -1,
      262, 1518, 1519, -1,
      262, 1519, 183, -1,
      183, 1519, 1520, -1,
      183, 1520, 181, -1,
      181, 1520, 1521, -1,
      181, 1521, 461, -1,
      1010, 1522, 378, -1,
      378, 1522, 1523, -1,
      378, 1523, 458, -1,
      458, 1523, 1509, -1,
      1524, 1009, 459, -1,
      461, 1521, 459, -1,
      459, 1521, 1525, -1,
      459, 1525, 1524, -1,
      1009, 1524, 1010, -1,
      1010, 1524, 1522, -1,
      1522, 1524, 1523, -1,
      1523, 1524, 1525, -1,
      1523, 1525, 1509, -1,
      1509, 1525, 1521, -1,
      1520, 1519, 1518, -1,
      1512, 1521, 1513, -1,
      1513, 1521, 1514, -1,
      1512, 1511, 1521, -1,
      1521, 1511, 1510, -1,
      1521, 1510, 1509, -1,
      1518, 1517, 1520, -1,
      1520, 1517, 1516, -1,
      1520, 1516, 1521, -1,
      1521, 1516, 1515, -1,
      1521, 1515, 1514, -1,
      545, 1526, 1527, -1,
      545, 1527, 544, -1,
      544, 1527, 1528, -1,
      544, 1528, 373, -1,
      373, 1528, 1529, -1,
      373, 1529, 372, -1,
      372, 1529, 1530, -1,
      372, 1530, 260, -1,
      260, 1530, 1531, -1,
      260, 1531, 258, -1,
      258, 1531, 1532, -1,
      258, 1532, 95, -1,
      95, 1532, 1533, -1,
      95, 1533, 96, -1,
      96, 1533, 1534, -1,
      96, 1534, 97, -1,
      97, 1534, 1535, -1,
      97, 1535, 98, -1,
      98, 1535, 1536, -1,
      98, 1536, 99, -1,
      99, 1536, 1537, -1,
      99, 1537, 457, -1,
      457, 1537, 1538, -1,
      457, 1538, 376, -1,
      1014, 1539, 451, -1,
      451, 1539, 1540, -1,
      451, 1540, 545, -1,
      545, 1540, 1526, -1,
      1541, 1015, 377, -1,
      376, 1538, 377, -1,
      377, 1538, 1542, -1,
      377, 1542, 1541, -1,
      1015, 1541, 1014, -1,
      1014, 1541, 1539, -1,
      1539, 1541, 1540, -1,
      1540, 1541, 1542, -1,
      1540, 1542, 1526, -1,
      1526, 1542, 1538, -1,
      1526, 1538, 1527, -1,
      1527, 1538, 1528, -1,
      1537, 1536, 1535, -1,
      1531, 1530, 1538, -1,
      1538, 1530, 1529, -1,
      1538, 1529, 1528, -1,
      1535, 1534, 1537, -1,
      1537, 1534, 1533, -1,
      1537, 1533, 1538, -1,
      1538, 1533, 1532, -1,
      1538, 1532, 1531, -1,
      539, 1543, 1544, -1,
      539, 1544, 540, -1,
      540, 1544, 1545, -1,
      540, 1545, 541, -1,
      541, 1545, 1546, -1,
      541, 1546, 91, -1,
      91, 1546, 1547, -1,
      91, 1547, 92, -1,
      92, 1547, 1548, -1,
      92, 1548, 178, -1,
      178, 1548, 1549, -1,
      178, 1549, 179, -1,
      179, 1549, 1550, -1,
      179, 1550, 180, -1,
      180, 1550, 1551, -1,
      180, 1551, 374, -1,
      374, 1551, 1552, -1,
      374, 1552, 375, -1,
      375, 1552, 1553, -1,
      375, 1553, 542, -1,
      542, 1553, 1554, -1,
      542, 1554, 543, -1,
      543, 1554, 1555, -1,
      543, 1555, 449, -1,
      1020, 1556, 448, -1,
      448, 1556, 1557, -1,
      448, 1557, 539, -1,
      539, 1557, 1543, -1,
      1558, 1028, 450, -1,
      449, 1555, 450, -1,
      450, 1555, 1559, -1,
      450, 1559, 1558, -1,
      1028, 1558, 1020, -1,
      1020, 1558, 1556, -1,
      1556, 1558, 1557, -1,
      1557, 1558, 1559, -1,
      1543, 1557, 1559, -1,
      1559, 1555, 1543, -1,
      1543, 1555, 1554, -1,
      1543, 1554, 1553, -1,
      1553, 1552, 1543, -1,
      1543, 1552, 1551, -1,
      1543, 1551, 1550, -1,
      1545, 1548, 1546, -1,
      1546, 1548, 1547, -1,
      1550, 1549, 1543, -1,
      1543, 1549, 1548, -1,
      1543, 1548, 1544, -1,
      1544, 1548, 1545, -1,
      88, 1560, 1561, -1,
      88, 1561, 87, -1,
      87, 1561, 1562, -1,
      87, 1562, 86, -1,
      86, 1562, 1563, -1,
      86, 1563, 89, -1,
      89, 1563, 1564, -1,
      89, 1564, 90, -1,
      90, 1564, 1565, -1,
      90, 1565, 14, -1,
      14, 1565, 1566, -1,
      14, 1566, 15, -1,
      15, 1566, 1567, -1,
      15, 1567, 255, -1,
      255, 1567, 1568, -1,
      255, 1568, 256, -1,
      256, 1568, 1569, -1,
      256, 1569, 257, -1,
      257, 1569, 1570, -1,
      257, 1570, 177, -1,
      177, 1570, 1571, -1,
      177, 1571, 93, -1,
      93, 1571, 1572, -1,
      93, 1572, 446, -1,
      1025, 1573, 809, -1,
      809, 1573, 1574, -1,
      809, 1574, 88, -1,
      88, 1574, 1560, -1,
      1575, 1024, 447, -1,
      446, 1572, 447, -1,
      447, 1572, 1576, -1,
      447, 1576, 1575, -1,
      1024, 1575, 1025, -1,
      1025, 1575, 1573, -1,
      1573, 1575, 1574, -1,
      1574, 1575, 1576, -1,
      1560, 1574, 1576, -1,
      1576, 1572, 1560, -1,
      1560, 1572, 1571, -1,
      1560, 1571, 1570, -1,
      1570, 1569, 1560, -1,
      1560, 1569, 1568, -1,
      1560, 1568, 1567, -1,
      1562, 1565, 1563, -1,
      1563, 1565, 1564, -1,
      1567, 1566, 1560, -1,
      1560, 1566, 1565, -1,
      1560, 1565, 1561, -1,
      1561, 1565, 1562, -1,
      895, 1577, 1578, -1,
      895, 1578, 610, -1,
      610, 1578, 1579, -1,
      610, 1579, 849, -1,
      849, 1579, 1580, -1,
      849, 1580, 851, -1,
      851, 1580, 1581, -1,
      851, 1581, 852, -1,
      852, 1581, 1582, -1,
      852, 1582, 853, -1,
      853, 1582, 1583, -1,
      853, 1583, 518, -1,
      518, 1583, 1584, -1,
      518, 1584, 519, -1,
      519, 1584, 1585, -1,
      519, 1585, 757, -1,
      757, 1585, 1586, -1,
      757, 1586, 756, -1,
      756, 1586, 1587, -1,
      756, 1587, 755, -1,
      755, 1587, 1588, -1,
      755, 1588, 811, -1,
      811, 1588, 1589, -1,
      811, 1589, 810, -1,
      1011, 1590, 847, -1,
      847, 1590, 1591, -1,
      847, 1591, 895, -1,
      895, 1591, 1577, -1,
      1592, 1030, 808, -1,
      810, 1589, 808, -1,
      808, 1589, 1593, -1,
      808, 1593, 1592, -1,
      1030, 1592, 1011, -1,
      1011, 1592, 1590, -1,
      1590, 1592, 1591, -1,
      1591, 1592, 1593, -1,
      1577, 1591, 1593, -1,
      1578, 1577, 1583, -1,
      1583, 1577, 1584, -1,
      1583, 1582, 1581, -1,
      1593, 1589, 1577, -1,
      1577, 1589, 1588, -1,
      1577, 1588, 1587, -1,
      1587, 1586, 1577, -1,
      1577, 1586, 1585, -1,
      1577, 1585, 1584, -1,
      1581, 1580, 1583, -1,
      1583, 1580, 1579, -1,
      1583, 1579, 1578, -1,
      927, 1594, 1595, -1,
      927, 1595, 928, -1,
      928, 1595, 1596, -1,
      928, 1596, 930, -1,
      930, 1596, 1597, -1,
      930, 1597, 931, -1,
      931, 1597, 1598, -1,
      931, 1598, 807, -1,
      807, 1598, 1599, -1,
      807, 1599, 805, -1,
      805, 1599, 1600, -1,
      805, 1600, 752, -1,
      752, 1600, 1601, -1,
      752, 1601, 753, -1,
      753, 1601, 1602, -1,
      753, 1602, 754, -1,
      754, 1602, 1603, -1,
      754, 1603, 705, -1,
      705, 1603, 1604, -1,
      705, 1604, 706, -1,
      706, 1604, 1605, -1,
      706, 1605, 894, -1,
      894, 1605, 1606, -1,
      894, 1606, 845, -1,
      1017, 1607, 915, -1,
      915, 1607, 1608, -1,
      915, 1608, 927, -1,
      927, 1608, 1594, -1,
      1609, 1016, 846, -1,
      845, 1606, 846, -1,
      846, 1606, 1610, -1,
      846, 1610, 1609, -1,
      1016, 1609, 1017, -1,
      1017, 1609, 1607, -1,
      1607, 1609, 1608, -1,
      1608, 1609, 1610, -1,
      1608, 1610, 1594, -1,
      1594, 1610, 1606, -1,
      1594, 1606, 1605, -1,
      1602, 1601, 1594, -1,
      1594, 1601, 1600, -1,
      1594, 1600, 1595, -1,
      1595, 1600, 1599, -1,
      1599, 1598, 1595, -1,
      1595, 1598, 1597, -1,
      1595, 1597, 1596, -1,
      1605, 1604, 1594, -1,
      1594, 1604, 1603, -1,
      1594, 1603, 1602, -1,
      751, 1611, 1612, -1,
      751, 1612, 801, -1,
      801, 1612, 1613, -1,
      801, 1613, 799, -1,
      799, 1613, 1614, -1,
      799, 1614, 800, -1,
      800, 1614, 1615, -1,
      800, 1615, 701, -1,
      701, 1615, 1616, -1,
      701, 1616, 702, -1,
      702, 1616, 1617, -1,
      702, 1617, 703, -1,
      703, 1617, 1618, -1,
      703, 1618, 704, -1,
      704, 1618, 1619, -1,
      704, 1619, 803, -1,
      803, 1619, 1620, -1,
      803, 1620, 804, -1,
      804, 1620, 1621, -1,
      804, 1621, 806, -1,
      806, 1621, 1622, -1,
      806, 1622, 929, -1,
      929, 1622, 1623, -1,
      929, 1623, 913, -1,
      1021, 1624, 749, -1,
      749, 1624, 1625, -1,
      749, 1625, 751, -1,
      751, 1625, 1611, -1,
      1626, 1022, 914, -1,
      913, 1623, 914, -1,
      914, 1623, 1627, -1,
      914, 1627, 1626, -1,
      1022, 1626, 1021, -1,
      1021, 1626, 1624, -1,
      1624, 1626, 1625, -1,
      1625, 1626, 1627, -1,
      1625, 1627, 1611, -1,
      1611, 1627, 1623, -1,
      1611, 1623, 1622, -1,
      1619, 1618, 1611, -1,
      1611, 1618, 1617, -1,
      1611, 1617, 1612, -1,
      1612, 1617, 1616, -1,
      1616, 1615, 1612, -1,
      1612, 1615, 1614, -1,
      1612, 1614, 1613, -1,
      1622, 1621, 1611, -1,
      1611, 1621, 1620, -1,
      1611, 1620, 1619, -1,
      892, 1628, 1629, -1,
      892, 1629, 893, -1,
      893, 1629, 1630, -1,
      893, 1630, 683, -1,
      683, 1630, 1631, -1,
      683, 1631, 788, -1,
      788, 1631, 1632, -1,
      788, 1632, 789, -1,
      789, 1632, 1633, -1,
      789, 1633, 790, -1,
      790, 1633, 1634, -1,
      790, 1634, 688, -1,
      688, 1634, 1635, -1,
      688, 1635, 690, -1,
      690, 1635, 1636, -1,
      690, 1636, 691, -1,
      691, 1636, 1637, -1,
      691, 1637, 842, -1,
      842, 1637, 1638, -1,
      842, 1638, 744, -1,
      744, 1638, 1639, -1,
      744, 1639, 745, -1,
      745, 1639, 1640, -1,
      745, 1640, 792, -1,
      982, 1641, 890, -1,
      890, 1641, 1642, -1,
      890, 1642, 892, -1,
      892, 1642, 1628, -1,
      1643, 981, 686, -1,
      792, 1640, 686, -1,
      686, 1640, 1644, -1,
      686, 1644, 1643, -1,
      981, 1643, 982, -1,
      982, 1643, 1641, -1,
      1641, 1643, 1642, -1,
      1642, 1643, 1644, -1,
      1628, 1642, 1644, -1,
      1644, 1640, 1628, -1,
      1628, 1640, 1639, -1,
      1628, 1639, 1638, -1,
      1638, 1637, 1628, -1,
      1628, 1637, 1636, -1,
      1628, 1636, 1635, -1,
      1630, 1633, 1631, -1,
      1631, 1633, 1632, -1,
      1635, 1634, 1628, -1,
      1628, 1634, 1633, -1,
      1628, 1633, 1629, -1,
      1629, 1633, 1630, -1,
      837, 1645, 1646, -1,
      837, 1646, 838, -1,
      838, 1646, 1647, -1,
      838, 1647, 840, -1,
      840, 1647, 1648, -1,
      840, 1648, 841, -1,
      841, 1648, 1649, -1,
      841, 1649, 742, -1,
      742, 1649, 1650, -1,
      742, 1650, 489, -1,
      489, 1650, 1651, -1,
      489, 1651, 490, -1,
      490, 1651, 1652, -1,
      490, 1652, 491, -1,
      491, 1652, 1653, -1,
      491, 1653, 591, -1,
      591, 1653, 1654, -1,
      591, 1654, 592, -1,
      592, 1654, 1655, -1,
      592, 1655, 593, -1,
      593, 1655, 1656, -1,
      593, 1656, 684, -1,
      684, 1656, 1657, -1,
      684, 1657, 891, -1,
      984, 1658, 787, -1,
      787, 1658, 1659, -1,
      787, 1659, 837, -1,
      837, 1659, 1645, -1,
      1660, 987, 889, -1,
      891, 1657, 889, -1,
      889, 1657, 1661, -1,
      889, 1661, 1660, -1,
      987, 1660, 984, -1,
      984, 1660, 1658, -1,
      1658, 1660, 1659, -1,
      1659, 1660, 1661, -1,
      1645, 1659, 1661, -1,
      1661, 1657, 1645, -1,
      1645, 1657, 1656, -1,
      1645, 1656, 1655, -1,
      1655, 1654, 1645, -1,
      1645, 1654, 1653, -1,
      1645, 1653, 1652, -1,
      1647, 1650, 1648, -1,
      1648, 1650, 1649, -1,
      1652, 1651, 1645, -1,
      1645, 1651, 1650, -1,
      1645, 1650, 1646, -1,
      1646, 1650, 1647, -1,
      947, 1662, 1663, -1,
      947, 1663, 948, -1,
      948, 1663, 1664, -1,
      948, 1664, 937, -1,
      937, 1664, 1665, -1,
      937, 1665, 936, -1,
      936, 1665, 1666, -1,
      936, 1666, 883, -1,
      883, 1666, 1667, -1,
      883, 1667, 886, -1,
      886, 1667, 1668, -1,
      886, 1668, 887, -1,
      887, 1668, 1669, -1,
      887, 1669, 888, -1,
      888, 1669, 1670, -1,
      888, 1670, 739, -1,
      739, 1670, 1671, -1,
      739, 1671, 740, -1,
      740, 1671, 1672, -1,
      740, 1672, 741, -1,
      741, 1672, 1673, -1,
      741, 1673, 839, -1,
      839, 1673, 1674, -1,
      839, 1674, 785, -1,
      980, 1675, 945, -1,
      945, 1675, 1676, -1,
      945, 1676, 947, -1,
      947, 1676, 1662, -1,
      1677, 979, 786, -1,
      785, 1674, 786, -1,
      786, 1674, 1678, -1,
      786, 1678, 1677, -1,
      979, 1677, 980, -1,
      980, 1677, 1675, -1,
      1675, 1677, 1676, -1,
      1676, 1677, 1678, -1,
      1662, 1676, 1678, -1,
      1678, 1674, 1662, -1,
      1662, 1674, 1673, -1,
      1662, 1673, 1672, -1,
      1672, 1671, 1662, -1,
      1662, 1671, 1670, -1,
      1662, 1670, 1669, -1,
      1664, 1667, 1665, -1,
      1665, 1667, 1666, -1,
      1669, 1668, 1662, -1,
      1662, 1668, 1667, -1,
      1662, 1667, 1663, -1,
      1663, 1667, 1664, -1,
      941, 1679, 1680, -1,
      941, 1680, 942, -1,
      942, 1680, 1681, -1,
      942, 1681, 943, -1,
      943, 1681, 1682, -1,
      943, 1682, 834, -1,
      834, 1682, 1683, -1,
      834, 1683, 835, -1,
      835, 1683, 1684, -1,
      835, 1684, 912, -1,
      912, 1684, 1685, -1,
      912, 1685, 881, -1,
      881, 1685, 1686, -1,
      881, 1686, 882, -1,
      882, 1686, 1687, -1,
      882, 1687, 884, -1,
      884, 1687, 1688, -1,
      884, 1688, 885, -1,
      885, 1688, 1689, -1,
      885, 1689, 934, -1,
      934, 1689, 1690, -1,
      934, 1690, 935, -1,
      935, 1690, 1691, -1,
      935, 1691, 946, -1,
      988, 1692, 940, -1,
      940, 1692, 1693, -1,
      940, 1693, 941, -1,
      941, 1693, 1679, -1,
      1694, 991, 944, -1,
      946, 1691, 944, -1,
      944, 1691, 1695, -1,
      944, 1695, 1694, -1,
      991, 1694, 988, -1,
      988, 1694, 1692, -1,
      1692, 1694, 1693, -1,
      1693, 1694, 1695, -1,
      1679, 1693, 1695, -1,
      1695, 1691, 1679, -1,
      1679, 1691, 1690, -1,
      1679, 1690, 1689, -1,
      1689, 1688, 1679, -1,
      1679, 1688, 1687, -1,
      1679, 1687, 1686, -1,
      1681, 1684, 1682, -1,
      1682, 1684, 1683, -1,
      1686, 1685, 1679, -1,
      1679, 1685, 1684, -1,
      1679, 1684, 1680, -1,
      1680, 1684, 1681, -1,
      933, 1696, 1697, -1,
      933, 1697, 906, -1,
      906, 1697, 1698, -1,
      906, 1698, 907, -1,
      907, 1698, 1699, -1,
      907, 1699, 908, -1,
      908, 1699, 1700, -1,
      908, 1700, 878, -1,
      878, 1700, 1701, -1,
      878, 1701, 681, -1,
      681, 1701, 1702, -1,
      681, 1702, 682, -1,
      682, 1702, 1703, -1,
      682, 1703, 910, -1,
      910, 1703, 1704, -1,
      910, 1704, 911, -1,
      911, 1704, 1705, -1,
      911, 1705, 926, -1,
      926, 1705, 1706, -1,
      926, 1706, 909, -1,
      909, 1706, 1707, -1,
      909, 1707, 836, -1,
      836, 1707, 1708, -1,
      836, 1708, 938, -1,
      990, 1709, 925, -1,
      925, 1709, 1710, -1,
      925, 1710, 933, -1,
      933, 1710, 1696, -1,
      1711, 989, 939, -1,
      938, 1708, 939, -1,
      939, 1708, 1712, -1,
      939, 1712, 1711, -1,
      989, 1711, 990, -1,
      990, 1711, 1709, -1,
      1709, 1711, 1710, -1,
      1710, 1711, 1712, -1,
      1696, 1710, 1712, -1,
      1712, 1708, 1696, -1,
      1696, 1708, 1707, -1,
      1696, 1707, 1706, -1,
      1706, 1705, 1696, -1,
      1696, 1705, 1704, -1,
      1696, 1704, 1703, -1,
      1698, 1701, 1699, -1,
      1699, 1701, 1700, -1,
      1703, 1702, 1696, -1,
      1696, 1702, 1701, -1,
      1696, 1701, 1697, -1,
      1697, 1701, 1698, -1,
      921, 1713, 1714, -1,
      921, 1714, 922, -1,
      922, 1714, 1715, -1,
      922, 1715, 831, -1,
      831, 1715, 1716, -1,
      831, 1716, 833, -1,
      833, 1716, 1717, -1,
      833, 1717, 873, -1,
      873, 1717, 1718, -1,
      873, 1718, 874, -1,
      874, 1718, 1719, -1,
      874, 1719, 875, -1,
      875, 1719, 1720, -1,
      875, 1720, 876, -1,
      876, 1720, 1721, -1,
      876, 1721, 877, -1,
      877, 1721, 1722, -1,
      877, 1722, 880, -1,
      880, 1722, 1723, -1,
      880, 1723, 879, -1,
      879, 1723, 1724, -1,
      879, 1724, 932, -1,
      932, 1724, 1725, -1,
      932, 1725, 923, -1,
      983, 1726, 919, -1,
      919, 1726, 1727, -1,
      919, 1727, 921, -1,
      921, 1727, 1713, -1,
      1728, 994, 924, -1,
      923, 1725, 924, -1,
      924, 1725, 1729, -1,
      924, 1729, 1728, -1,
      994, 1728, 983, -1,
      983, 1728, 1726, -1,
      1726, 1728, 1727, -1,
      1727, 1728, 1729, -1,
      1727, 1729, 1713, -1,
      1713, 1729, 1725, -1,
      1713, 1725, 1714, -1,
      1714, 1725, 1715, -1,
      1724, 1723, 1722, -1,
      1718, 1717, 1725, -1,
      1725, 1717, 1716, -1,
      1725, 1716, 1715, -1,
      1722, 1721, 1724, -1,
      1724, 1721, 1720, -1,
      1724, 1720, 1725, -1,
      1725, 1720, 1719, -1,
      1725, 1719, 1718, -1,
      917, 1730, 1731, -1,
      917, 1731, 779, -1,
      779, 1731, 1732, -1,
      779, 1732, 780, -1,
      780, 1732, 1733, -1,
      780, 1733, 782, -1,
      782, 1733, 1734, -1,
      782, 1734, 826, -1,
      826, 1734, 1735, -1,
      826, 1735, 827, -1,
      827, 1735, 1736, -1,
      827, 1736, 828, -1,
      828, 1736, 1737, -1,
      828, 1737, 829, -1,
      829, 1737, 1738, -1,
      829, 1738, 783, -1,
      783, 1738, 1739, -1,
      783, 1739, 784, -1,
      784, 1739, 1740, -1,
      784, 1740, 832, -1,
      832, 1740, 1741, -1,
      832, 1741, 830, -1,
      830, 1741, 1742, -1,
      830, 1742, 920, -1,
      986, 1743, 905, -1,
      905, 1743, 1744, -1,
      905, 1744, 917, -1,
      917, 1744, 1730, -1,
      1745, 985, 918, -1,
      920, 1742, 918, -1,
      918, 1742, 1746, -1,
      918, 1746, 1745, -1,
      985, 1745, 986, -1,
      986, 1745, 1743, -1,
      1743, 1745, 1744, -1,
      1744, 1745, 1746, -1,
      1744, 1746, 1730, -1,
      1730, 1746, 1742, -1,
      1736, 1735, 1730, -1,
      1742, 1741, 1730, -1,
      1730, 1741, 1740, -1,
      1730, 1740, 1739, -1,
      1739, 1738, 1730, -1,
      1730, 1738, 1737, -1,
      1730, 1737, 1736, -1,
      1735, 1734, 1733, -1,
      1733, 1732, 1735, -1,
      1735, 1732, 1731, -1,
      1735, 1731, 1730, -1,
      871, 1747, 1748, -1,
      871, 1748, 872, -1,
      872, 1748, 1749, -1,
      872, 1749, 678, -1,
      678, 1749, 1750, -1,
      678, 1750, 733, -1,
      733, 1750, 1751, -1,
      733, 1751, 734, -1,
      734, 1751, 1752, -1,
      734, 1752, 735, -1,
      735, 1752, 1753, -1,
      735, 1753, 777, -1,
      777, 1753, 1754, -1,
      777, 1754, 736, -1,
      736, 1754, 1755, -1,
      736, 1755, 737, -1,
      737, 1755, 1756, -1,
      737, 1756, 738, -1,
      738, 1756, 1757, -1,
      738, 1757, 781, -1,
      781, 1757, 1758, -1,
      781, 1758, 916, -1,
      916, 1758, 1759, -1,
      916, 1759, 903, -1,
      992, 1760, 869, -1,
      869, 1760, 1761, -1,
      869, 1761, 871, -1,
      871, 1761, 1747, -1,
      1762, 993, 904, -1,
      903, 1759, 904, -1,
      904, 1759, 1763, -1,
      904, 1763, 1762, -1,
      993, 1762, 992, -1,
      992, 1762, 1760, -1,
      1760, 1762, 1761, -1,
      1761, 1762, 1763, -1,
      1761, 1763, 1747, -1,
      1747, 1763, 1759, -1,
      1756, 1755, 1754, -1,
      1753, 1752, 1759, -1,
      1759, 1752, 1751, -1,
      1759, 1751, 1750, -1,
      1756, 1754, 1757, -1,
      1750, 1749, 1759, -1,
      1759, 1749, 1748, -1,
      1759, 1748, 1747, -1,
      1753, 1759, 1754, -1,
      1754, 1759, 1758, -1,
      1754, 1758, 1757, -1,
      867, 1764, 1765, -1,
      867, 1765, 586, -1,
      586, 1765, 1766, -1,
      586, 1766, 587, -1,
      587, 1766, 1767, -1,
      587, 1767, 676, -1,
      676, 1767, 1768, -1,
      676, 1768, 677, -1,
      677, 1768, 1769, -1,
      677, 1769, 675, -1,
      675, 1769, 1770, -1,
      675, 1770, 585, -1,
      585, 1770, 1771, -1,
      585, 1771, 589, -1,
      589, 1771, 1772, -1,
      589, 1772, 590, -1,
      590, 1772, 1773, -1,
      590, 1773, 778, -1,
      778, 1773, 1774, -1,
      778, 1774, 679, -1,
      679, 1774, 1775, -1,
      679, 1775, 680, -1,
      680, 1775, 1776, -1,
      680, 1776, 870, -1,
      995, 1777, 825, -1,
      825, 1777, 1778, -1,
      825, 1778, 867, -1,
      867, 1778, 1764, -1,
      1779, 998, 868, -1,
      870, 1776, 868, -1,
      868, 1776, 1780, -1,
      868, 1780, 1779, -1,
      998, 1779, 995, -1,
      995, 1779, 1777, -1,
      1777, 1779, 1778, -1,
      1778, 1779, 1780, -1,
      1778, 1780, 1764, -1,
      1764, 1780, 1776, -1,
      1770, 1769, 1764, -1,
      1776, 1775, 1764, -1,
      1764, 1775, 1774, -1,
      1764, 1774, 1773, -1,
      1773, 1772, 1764, -1,
      1764, 1772, 1771, -1,
      1764, 1771, 1770, -1,
      1769, 1768, 1767, -1,
      1767, 1766, 1769, -1,
      1769, 1766, 1765, -1,
      1769, 1765, 1764, -1,
      902, 1781, 1782, -1,
      902, 1782, 901, -1,
      901, 1782, 1783, -1,
      901, 1783, 667, -1,
      667, 1783, 1784, -1,
      667, 1784, 670, -1,
      670, 1784, 1785, -1,
      670, 1785, 671, -1,
      671, 1785, 1786, -1,
      671, 1786, 672, -1,
      672, 1786, 1787, -1,
      672, 1787, 583, -1,
      583, 1787, 1788, -1,
      583, 1788, 584, -1,
      584, 1788, 1789, -1,
      584, 1789, 673, -1,
      673, 1789, 1790, -1,
      673, 1790, 674, -1,
      674, 1790, 1791, -1,
      674, 1791, 588, -1,
      588, 1791, 1792, -1,
      588, 1792, 866, -1,
      866, 1792, 1793, -1,
      866, 1793, 823, -1,
      997, 1794, 865, -1,
      865, 1794, 1795, -1,
      865, 1795, 902, -1,
      902, 1795, 1781, -1,
      1796, 996, 824, -1,
      823, 1793, 824, -1,
      824, 1793, 1797, -1,
      824, 1797, 1796, -1,
      996, 1796, 997, -1,
      997, 1796, 1794, -1,
      1794, 1796, 1795, -1,
      1795, 1796, 1797, -1,
      1795, 1797, 1781, -1,
      1781, 1797, 1793, -1,
      1781, 1793, 1782, -1,
      1782, 1793, 1783, -1,
      1792, 1791, 1790, -1,
      1786, 1785, 1793, -1,
      1793, 1785, 1784, -1,
      1793, 1784, 1783, -1,
      1790, 1789, 1792, -1,
      1792, 1789, 1788, -1,
      1792, 1788, 1793, -1,
      1793, 1788, 1787, -1,
      1793, 1787, 1786, -1,
      896, 1798, 1799, -1,
      896, 1799, 897, -1,
      897, 1799, 1800, -1,
      897, 1800, 898, -1,
      898, 1800, 1801, -1,
      898, 1801, 580, -1,
      580, 1801, 1802, -1,
      580, 1802, 581, -1,
      581, 1802, 1803, -1,
      581, 1803, 579, -1,
      579, 1803, 1804, -1,
      579, 1804, 577, -1,
      577, 1804, 1805, -1,
      577, 1805, 776, -1,
      776, 1805, 1806, -1,
      776, 1806, 668, -1,
      668, 1806, 1807, -1,
      668, 1807, 669, -1,
      669, 1807, 1808, -1,
      669, 1808, 899, -1,
      899, 1808, 1809, -1,
      899, 1809, 900, -1,
      900, 1809, 1810, -1,
      900, 1810, 863, -1,
      999, 1811, 862, -1,
      862, 1811, 1812, -1,
      862, 1812, 896, -1,
      896, 1812, 1798, -1,
      1813, 1002, 864, -1,
      863, 1810, 864, -1,
      864, 1810, 1814, -1,
      864, 1814, 1813, -1,
      1002, 1813, 999, -1,
      999, 1813, 1811, -1,
      1811, 1813, 1812, -1,
      1812, 1813, 1814, -1,
      1798, 1812, 1814, -1,
      1814, 1810, 1798, -1,
      1798, 1810, 1809, -1,
      1798, 1809, 1808, -1,
      1808, 1807, 1798, -1,
      1798, 1807, 1806, -1,
      1798, 1806, 1805, -1,
      1800, 1803, 1801, -1,
      1801, 1803, 1802, -1,
      1805, 1804, 1798, -1,
      1798, 1804, 1803, -1,
      1798, 1803, 1799, -1,
      1799, 1803, 1800, -1,
      857, 1815, 1816, -1,
      857, 1816, 858, -1,
      858, 1816, 1817, -1,
      858, 1817, 859, -1,
      859, 1817, 1818, -1,
      859, 1818, 486, -1,
      486, 1818, 1819, -1,
      486, 1819, 487, -1,
      487, 1819, 1820, -1,
      487, 1820, 313, -1,
      313, 1820, 1821, -1,
      313, 1821, 314, -1,
      314, 1821, 1822, -1,
      314, 1822, 576, -1,
      576, 1822, 1823, -1,
      576, 1823, 578, -1,
      578, 1823, 1824, -1,
      578, 1824, 775, -1,
      775, 1824, 1825, -1,
      775, 1825, 732, -1,
      732, 1825, 1826, -1,
      732, 1826, 582, -1,
      582, 1826, 1827, -1,
      582, 1827, 860, -1,
      1001, 1828, 822, -1,
      822, 1828, 1829, -1,
      822, 1829, 857, -1,
      857, 1829, 1815, -1,
      1830, 1000, 861, -1,
      860, 1827, 861, -1,
      861, 1827, 1831, -1,
      861, 1831, 1830, -1,
      1000, 1830, 1001, -1,
      1001, 1830, 1828, -1,
      1828, 1830, 1829, -1,
      1829, 1830, 1831, -1,
      1815, 1829, 1831, -1,
      1831, 1827, 1815, -1,
      1815, 1827, 1826, -1,
      1815, 1826, 1825, -1,
      1825, 1824, 1815, -1,
      1815, 1824, 1823, -1,
      1815, 1823, 1822, -1,
      1817, 1820, 1818, -1,
      1818, 1820, 1819, -1,
      1822, 1821, 1815, -1,
      1815, 1821, 1820, -1,
      1815, 1820, 1816, -1,
      1816, 1820, 1817, -1,
      726, 1832, 1833, -1,
      726, 1833, 727, -1,
      727, 1833, 1834, -1,
      727, 1834, 729, -1,
      729, 1834, 1835, -1,
      729, 1835, 730, -1,
      730, 1835, 1836, -1,
      730, 1836, 393, -1,
      393, 1836, 1837, -1,
      393, 1837, 391, -1,
      391, 1837, 1838, -1,
      391, 1838, 312, -1,
      312, 1838, 1839, -1,
      312, 1839, 394, -1,
      394, 1839, 1840, -1,
      394, 1840, 315, -1,
      315, 1840, 1841, -1,
      315, 1841, 731, -1,
      731, 1841, 1842, -1,
      731, 1842, 666, -1,
      666, 1842, 1843, -1,
      666, 1843, 488, -1,
      488, 1843, 1844, -1,
      488, 1844, 820, -1,
      1003, 1845, 665, -1,
      665, 1845, 1846, -1,
      665, 1846, 726, -1,
      726, 1846, 1832, -1,
      1847, 1006, 821, -1,
      820, 1844, 821, -1,
      821, 1844, 1848, -1,
      821, 1848, 1847, -1,
      1006, 1847, 1003, -1,
      1003, 1847, 1845, -1,
      1845, 1847, 1846, -1,
      1846, 1847, 1848, -1,
      1846, 1848, 1832, -1,
      1832, 1848, 1844, -1,
      1832, 1844, 1843, -1,
      1843, 1842, 1832, -1,
      1832, 1842, 1841, -1,
      1832, 1841, 1840, -1,
      1840, 1839, 1832, -1,
      1832, 1839, 1838, -1,
      1832, 1838, 1833, -1,
      1833, 1838, 1837, -1,
      1837, 1836, 1833, -1,
      1833, 1836, 1835, -1,
      1833, 1835, 1834, -1,
      658, 1849, 1850, -1,
      658, 1850, 659, -1,
      659, 1850, 1851, -1,
      659, 1851, 661, -1,
      661, 1851, 1852, -1,
      661, 1852, 662, -1,
      662, 1852, 1853, -1,
      662, 1853, 310, -1,
      310, 1853, 1854, -1,
      310, 1854, 308, -1,
      308, 1854, 1855, -1,
      308, 1855, 306, -1,
      306, 1855, 1856, -1,
      306, 1856, 311, -1,
      311, 1856, 1857, -1,
      311, 1857, 389, -1,
      389, 1857, 1858, -1,
      389, 1858, 390, -1,
      390, 1858, 1859, -1,
      390, 1859, 392, -1,
      392, 1859, 1860, -1,
      392, 1860, 728, -1,
      728, 1860, 1861, -1,
      728, 1861, 663, -1,
      1005, 1862, 575, -1,
      575, 1862, 1863, -1,
      575, 1863, 658, -1,
      658, 1863, 1849, -1,
      1864, 1004, 664, -1,
      663, 1861, 664, -1,
      664, 1861, 1865, -1,
      664, 1865, 1864, -1,
      1004, 1864, 1005, -1,
      1005, 1864, 1862, -1,
      1862, 1864, 1863, -1,
      1863, 1864, 1865, -1,
      1863, 1865, 1849, -1,
      1849, 1865, 1861, -1,
      1849, 1861, 1860, -1,
      1857, 1856, 1849, -1,
      1849, 1856, 1855, -1,
      1849, 1855, 1850, -1,
      1850, 1855, 1854, -1,
      1854, 1853, 1850, -1,
      1850, 1853, 1852, -1,
      1850, 1852, 1851, -1,
      1860, 1859, 1849, -1,
      1849, 1859, 1858, -1,
      1849, 1858, 1857, -1,
      301, 1866, 1867, -1,
      301, 1867, 384, -1,
      384, 1867, 1868, -1,
      384, 1868, 385, -1,
      385, 1868, 1869, -1,
      385, 1869, 387, -1,
      387, 1869, 1870, -1,
      387, 1870, 388, -1,
      388, 1870, 1871, -1,
      388, 1871, 102, -1,
      102, 1871, 1872, -1,
      102, 1872, 103, -1,
      103, 1872, 1873, -1,
      103, 1873, 153, -1,
      153, 1873, 1874, -1,
      153, 1874, 305, -1,
      305, 1874, 1875, -1,
      305, 1875, 307, -1,
      307, 1875, 1876, -1,
      307, 1876, 309, -1,
      309, 1876, 1877, -1,
      309, 1877, 660, -1,
      660, 1877, 1878, -1,
      660, 1878, 573, -1,
      1007, 1879, 300, -1,
      300, 1879, 1880, -1,
      300, 1880, 301, -1,
      301, 1880, 1866, -1,
      1881, 1008, 574, -1,
      573, 1878, 574, -1,
      574, 1878, 1882, -1,
      574, 1882, 1881, -1,
      1008, 1881, 1007, -1,
      1007, 1881, 1879, -1,
      1879, 1881, 1880, -1,
      1880, 1881, 1882, -1,
      1880, 1882, 1866, -1,
      1866, 1882, 1878, -1,
      1866, 1878, 1877, -1,
      1874, 1873, 1866, -1,
      1866, 1873, 1872, -1,
      1866, 1872, 1867, -1,
      1867, 1872, 1871, -1,
      1871, 1870, 1867, -1,
      1867, 1870, 1869, -1,
      1867, 1869, 1868, -1,
      1877, 1876, 1866, -1,
      1866, 1876, 1875, -1,
      1866, 1875, 1874, -1,
      761, 1883, 1884, -1,
      761, 1884, 760, -1,
      760, 1884, 1885, -1,
      760, 1885, 347, -1,
      347, 1885, 1886, -1,
      347, 1886, 345, -1,
      345, 1886, 1887, -1,
      345, 1887, 343, -1,
      343, 1887, 1888, -1,
      343, 1888, 344, -1,
      344, 1888, 1889, -1,
      344, 1889, 68, -1,
      68, 1889, 1890, -1,
      68, 1890, 69, -1,
      69, 1890, 1891, -1,
      69, 1891, 333, -1,
      333, 1891, 1892, -1,
      333, 1892, 334, -1,
      334, 1892, 1893, -1,
      334, 1893, 336, -1,
      336, 1893, 1894, -1,
      336, 1894, 337, -1,
      337, 1894, 1895, -1,
      337, 1895, 45, -1,
      949, 1896, 709, -1,
      709, 1896, 1897, -1,
      709, 1897, 761, -1,
      761, 1897, 1883, -1,
      1898, 951, 44, -1,
      45, 1895, 44, -1,
      44, 1895, 1899, -1,
      44, 1899, 1898, -1,
      951, 1898, 949, -1,
      949, 1898, 1896, -1,
      1896, 1898, 1897, -1,
      1897, 1898, 1899, -1,
      1883, 1897, 1899, -1,
      1899, 1895, 1883, -1,
      1883, 1895, 1894, -1,
      1883, 1894, 1893, -1,
      1888, 1884, 1889, -1,
      1889, 1884, 1883, -1,
      1889, 1883, 1890, -1,
      1888, 1887, 1884, -1,
      1884, 1887, 1886, -1,
      1884, 1886, 1885, -1,
      1893, 1892, 1883, -1,
      1883, 1892, 1891, -1,
      1883, 1891, 1890, -1,
      616, 1900, 1901, -1,
      616, 1901, 617, -1,
      617, 1901, 1902, -1,
      617, 1902, 223, -1,
      223, 1902, 1903, -1,
      223, 1903, 225, -1,
      225, 1903, 1904, -1,
      225, 1904, 341, -1,
      341, 1904, 1905, -1,
      341, 1905, 340, -1,
      340, 1905, 1906, -1,
      340, 1906, 618, -1,
      618, 1906, 1907, -1,
      618, 1907, 346, -1,
      346, 1907, 1908, -1,
      346, 1908, 348, -1,
      348, 1908, 1909, -1,
      348, 1909, 349, -1,
      349, 1909, 1910, -1,
      349, 1910, 758, -1,
      758, 1910, 1911, -1,
      758, 1911, 759, -1,
      759, 1911, 1912, -1,
      759, 1912, 707, -1,
      952, 1913, 614, -1,
      614, 1913, 1914, -1,
      614, 1914, 616, -1,
      616, 1914, 1900, -1,
      1915, 950, 708, -1,
      707, 1912, 708, -1,
      708, 1912, 1916, -1,
      708, 1916, 1915, -1,
      950, 1915, 952, -1,
      952, 1915, 1913, -1,
      1913, 1915, 1914, -1,
      1914, 1915, 1916, -1,
      1900, 1914, 1916, -1,
      1916, 1912, 1900, -1,
      1900, 1912, 1911, -1,
      1900, 1911, 1910, -1,
      1905, 1901, 1906, -1,
      1906, 1901, 1900, -1,
      1906, 1900, 1907, -1,
      1905, 1904, 1901, -1,
      1901, 1904, 1903, -1,
      1901, 1903, 1902, -1,
      1910, 1909, 1900, -1,
      1900, 1909, 1908, -1,
      1900, 1908, 1907, -1,
      116, 1917, 1918, -1,
      116, 1918, 117, -1,
      117, 1918, 1919, -1,
      117, 1919, 119, -1,
      119, 1919, 1920, -1,
      119, 1920, 620, -1,
      620, 1920, 1921, -1,
      620, 1921, 621, -1,
      621, 1921, 1922, -1,
      621, 1922, 523, -1,
      523, 1922, 1923, -1,
      523, 1923, 522, -1,
      522, 1923, 1924, -1,
      522, 1924, 619, -1,
      619, 1924, 1925, -1,
      619, 1925, 338, -1,
      338, 1925, 1926, -1,
      338, 1926, 339, -1,
      339, 1926, 1927, -1,
      339, 1927, 224, -1,
      224, 1927, 1928, -1,
      224, 1928, 222, -1,
      222, 1928, 1929, -1,
      222, 1929, 615, -1,
      953, 1930, 67, -1,
      67, 1930, 1931, -1,
      67, 1931, 116, -1,
      116, 1931, 1917, -1,
      1932, 956, 613, -1,
      615, 1929, 613, -1,
      613, 1929, 1933, -1,
      613, 1933, 1932, -1,
      956, 1932, 953, -1,
      953, 1932, 1930, -1,
      1930, 1932, 1931, -1,
      1931, 1932, 1933, -1,
      1931, 1933, 1917, -1,
      1917, 1933, 1929, -1,
      1917, 1929, 1918, -1,
      1921, 1920, 1929, -1,
      1929, 1920, 1919, -1,
      1929, 1919, 1918, -1,
      1925, 1928, 1926, -1,
      1926, 1928, 1927, -1,
      1925, 1924, 1928, -1,
      1928, 1924, 1923, -1,
      1928, 1923, 1929, -1,
      1929, 1923, 1922, -1,
      1929, 1922, 1921, -1,
      36, 1934, 1935, -1,
      36, 1935, 37, -1,
      37, 1935, 1936, -1,
      37, 1936, 39, -1,
      39, 1936, 1937, -1,
      39, 1937, 57, -1,
      57, 1937, 1938, -1,
      57, 1938, 58, -1,
      58, 1938, 1939, -1,
      58, 1939, 59, -1,
      59, 1939, 1940, -1,
      59, 1940, 42, -1,
      42, 1940, 1941, -1,
      42, 1941, 43, -1,
      43, 1941, 1942, -1,
      43, 1942, 64, -1,
      64, 1942, 1943, -1,
      64, 1943, 63, -1,
      63, 1943, 1944, -1,
      63, 1944, 61, -1,
      61, 1944, 1945, -1,
      61, 1945, 118, -1,
      118, 1945, 1946, -1,
      118, 1946, 65, -1,
      955, 1947, 22, -1,
      22, 1947, 1948, -1,
      22, 1948, 36, -1,
      36, 1948, 1934, -1,
      1949, 954, 66, -1,
      65, 1946, 66, -1,
      66, 1946, 1950, -1,
      66, 1950, 1949, -1,
      954, 1949, 955, -1,
      955, 1949, 1947, -1,
      1947, 1949, 1948, -1,
      1948, 1949, 1950, -1,
      1948, 1950, 1934, -1,
      1934, 1950, 1946, -1,
      1934, 1946, 1935, -1,
      1939, 1938, 1946, -1,
      1945, 1944, 1941, -1,
      1941, 1944, 1943, -1,
      1941, 1943, 1942, -1,
      1945, 1941, 1946, -1,
      1946, 1941, 1940, -1,
      1946, 1940, 1939, -1,
      1938, 1937, 1946, -1,
      1946, 1937, 1936, -1,
      1946, 1936, 1935, -1,
      636, 1951, 1952, -1,
      636, 1952, 132, -1,
      132, 1952, 1953, -1,
      132, 1953, 133, -1,
      133, 1953, 1954, -1,
      133, 1954, 364, -1,
      364, 1954, 1955, -1,
      364, 1955, 362, -1,
      362, 1955, 1956, -1,
      362, 1956, 29, -1,
      29, 1956, 1957, -1,
      29, 1957, 30, -1,
      30, 1957, 1958, -1,
      30, 1958, 243, -1,
      243, 1958, 1959, -1,
      243, 1959, 244, -1,
      244, 1959, 1960, -1,
      244, 1960, 246, -1,
      246, 1960, 1961, -1,
      246, 1961, 40, -1,
      40, 1961, 1962, -1,
      40, 1962, 38, -1,
      38, 1962, 1963, -1,
      38, 1963, 20, -1,
      957, 1964, 538, -1,
      538, 1964, 1965, -1,
      538, 1965, 636, -1,
      636, 1965, 1951, -1,
      1966, 960, 21, -1,
      20, 1963, 21, -1,
      21, 1963, 1967, -1,
      21, 1967, 1966, -1,
      960, 1966, 957, -1,
      957, 1966, 1964, -1,
      1964, 1966, 1965, -1,
      1965, 1966, 1967, -1,
      1956, 1955, 1963, -1,
      1963, 1955, 1954, -1,
      1963, 1954, 1953, -1,
      1965, 1967, 1951, -1,
      1951, 1967, 1963, -1,
      1951, 1963, 1952, -1,
      1952, 1963, 1953, -1,
      1962, 1961, 1958, -1,
      1958, 1961, 1960, -1,
      1958, 1960, 1959, -1,
      1962, 1958, 1963, -1,
      1963, 1958, 1957, -1,
      1963, 1957, 1956, -1,
      630, 1968, 1969, -1,
      630, 1969, 631, -1,
      631, 1969, 1970, -1,
      631, 1970, 633, -1,
      633, 1970, 1971, -1,
      633, 1971, 634, -1,
      634, 1971, 1972, -1,
      634, 1972, 445, -1,
      445, 1972, 1973, -1,
      445, 1973, 444, -1,
      444, 1973, 1974, -1,
      444, 1974, 363, -1,
      363, 1974, 1975, -1,
      363, 1975, 365, -1,
      365, 1975, 1976, -1,
      365, 1976, 366, -1,
      366, 1976, 1977, -1,
      366, 1977, 176, -1,
      176, 1977, 1978, -1,
      176, 1978, 134, -1,
      134, 1978, 1979, -1,
      134, 1979, 635, -1,
      635, 1979, 1980, -1,
      635, 1980, 536, -1,
      959, 1981, 535, -1,
      535, 1981, 1982, -1,
      535, 1982, 630, -1,
      630, 1982, 1968, -1,
      1983, 958, 537, -1,
      536, 1980, 537, -1,
      537, 1980, 1984, -1,
      537, 1984, 1983, -1,
      958, 1983, 959, -1,
      959, 1983, 1981, -1,
      1981, 1983, 1982, -1,
      1982, 1983, 1984, -1,
      1982, 1984, 1968, -1,
      1968, 1984, 1980, -1,
      1979, 1978, 1977, -1,
      1980, 1975, 1974, -1,
      1979, 1977, 1980, -1,
      1980, 1977, 1976, -1,
      1980, 1976, 1975, -1,
      1974, 1973, 1980, -1,
      1980, 1973, 1972, -1,
      1980, 1972, 1971, -1,
      1971, 1970, 1980, -1,
      1980, 1970, 1969, -1,
      1980, 1969, 1968, -1,
      713, 1985, 1986, -1,
      713, 1986, 714, -1,
      714, 1986, 1987, -1,
      714, 1987, 436, -1,
      436, 1987, 1988, -1,
      436, 1988, 440, -1,
      440, 1988, 1989, -1,
      440, 1989, 766, -1,
      766, 1989, 1990, -1,
      766, 1990, 767, -1,
      767, 1990, 1991, -1,
      767, 1991, 768, -1,
      768, 1991, 1992, -1,
      768, 1992, 239, -1,
      239, 1992, 1993, -1,
      239, 1993, 240, -1,
      240, 1993, 1994, -1,
      240, 1994, 241, -1,
      241, 1994, 1995, -1,
      241, 1995, 242, -1,
      242, 1995, 1996, -1,
      242, 1996, 632, -1,
      632, 1996, 1997, -1,
      632, 1997, 533, -1,
      961, 1998, 711, -1,
      711, 1998, 1999, -1,
      711, 1999, 713, -1,
      713, 1999, 1985, -1,
      2000, 964, 534, -1,
      533, 1997, 534, -1,
      534, 1997, 2001, -1,
      534, 2001, 2000, -1,
      964, 2000, 961, -1,
      961, 2000, 1998, -1,
      1998, 2000, 1999, -1,
      1999, 2000, 2001, -1,
      1999, 2001, 1985, -1,
      1985, 2001, 1997, -1,
      1985, 1997, 1986, -1,
      1996, 1995, 1994, -1,
      1996, 1994, 1997, -1,
      1997, 1994, 1993, -1,
      1997, 1993, 1992, -1,
      1992, 1991, 1997, -1,
      1997, 1991, 1990, -1,
      1997, 1990, 1989, -1,
      1989, 1988, 1997, -1,
      1997, 1988, 1987, -1,
      1997, 1987, 1986, -1,
      238, 2002, 2003, -1,
      238, 2003, 50, -1,
      50, 2003, 2004, -1,
      50, 2004, 51, -1,
      51, 2004, 2005, -1,
      51, 2005, 53, -1,
      53, 2005, 2006, -1,
      53, 2006, 80, -1,
      80, 2006, 2007, -1,
      80, 2007, 79, -1,
      79, 2007, 2008, -1,
      79, 2008, 441, -1,
      441, 2008, 2009, -1,
      441, 2009, 439, -1,
      439, 2009, 2010, -1,
      439, 2010, 434, -1,
      434, 2010, 2011, -1,
      434, 2011, 435, -1,
      435, 2011, 2012, -1,
      435, 2012, 437, -1,
      437, 2012, 2013, -1,
      437, 2013, 438, -1,
      438, 2013, 2014, -1,
      438, 2014, 712, -1,
      963, 2015, 175, -1,
      175, 2015, 2016, -1,
      175, 2016, 238, -1,
      238, 2016, 2002, -1,
      2017, 962, 710, -1,
      712, 2014, 710, -1,
      710, 2014, 2018, -1,
      710, 2018, 2017, -1,
      962, 2017, 963, -1,
      963, 2017, 2015, -1,
      2015, 2017, 2016, -1,
      2016, 2017, 2018, -1,
      2016, 2018, 2002, -1,
      2002, 2018, 2014, -1,
      2008, 2007, 2002, -1,
      2014, 2013, 2002, -1,
      2002, 2013, 2012, -1,
      2002, 2012, 2011, -1,
      2011, 2010, 2002, -1,
      2002, 2010, 2009, -1,
      2002, 2009, 2008, -1,
      2007, 2006, 2005, -1,
      2005, 2004, 2007, -1,
      2007, 2004, 2003, -1,
      2007, 2003, 2002, -1,
      629, 2019, 2020, -1,
      629, 2020, 628, -1,
      628, 2020, 2021, -1,
      628, 2021, 442, -1,
      442, 2021, 2022, -1,
      442, 2022, 443, -1,
      443, 2022, 2023, -1,
      443, 2023, 762, -1,
      762, 2023, 2024, -1,
      762, 2024, 763, -1,
      763, 2024, 2025, -1,
      763, 2025, 764, -1,
      764, 2025, 2026, -1,
      764, 2026, 765, -1,
      765, 2026, 2027, -1,
      765, 2027, 77, -1,
      77, 2027, 2028, -1,
      77, 2028, 78, -1,
      78, 2028, 2029, -1,
      78, 2029, 52, -1,
      52, 2029, 2030, -1,
      52, 2030, 237, -1,
      237, 2030, 2031, -1,
      237, 2031, 173, -1,
      965, 2032, 532, -1,
      532, 2032, 2033, -1,
      532, 2033, 629, -1,
      629, 2033, 2019, -1,
      2034, 968, 174, -1,
      173, 2031, 174, -1,
      174, 2031, 2035, -1,
      174, 2035, 2034, -1,
      968, 2034, 965, -1,
      965, 2034, 2032, -1,
      2032, 2034, 2033, -1,
      2033, 2034, 2035, -1,
      2033, 2035, 2019, -1,
      2019, 2035, 2031, -1,
      2030, 2026, 2031, -1,
      2031, 2026, 2025, -1,
      2025, 2024, 2031, -1,
      2031, 2024, 2023, -1,
      2031, 2023, 2022, -1,
      2022, 2021, 2031, -1,
      2031, 2021, 2020, -1,
      2031, 2020, 2019, -1,
      2030, 2029, 2026, -1,
      2026, 2029, 2028, -1,
      2026, 2028, 2027, -1,
      232, 2036, 2037, -1,
      232, 2037, 25, -1,
      25, 2037, 2038, -1,
      25, 2038, 10, -1,
      10, 2038, 2039, -1,
      10, 2039, 12, -1,
      12, 2039, 2040, -1,
      12, 2040, 359, -1,
      359, 2040, 2041, -1,
      359, 2041, 360, -1,
      360, 2041, 2042, -1,
      360, 2042, 361, -1,
      361, 2042, 2043, -1,
      361, 2043, 83, -1,
      83, 2043, 2044, -1,
      83, 2044, 130, -1,
      130, 2044, 2045, -1,
      130, 2045, 131, -1,
      131, 2045, 2046, -1,
      131, 2046, 626, -1,
      626, 2046, 2047, -1,
      626, 2047, 627, -1,
      627, 2047, 2048, -1,
      627, 2048, 530, -1,
      967, 2049, 169, -1,
      169, 2049, 2050, -1,
      169, 2050, 232, -1,
      232, 2050, 2036, -1,
      2051, 966, 531, -1,
      530, 2048, 531, -1,
      531, 2048, 2052, -1,
      531, 2052, 2051, -1,
      966, 2051, 967, -1,
      967, 2051, 2049, -1,
      2049, 2051, 2050, -1,
      2050, 2051, 2052, -1,
      2050, 2052, 2036, -1,
      2036, 2052, 2048, -1,
      2042, 2041, 2048, -1,
      2048, 2041, 2040, -1,
      2048, 2040, 2039, -1,
      2039, 2038, 2048, -1,
      2048, 2038, 2037, -1,
      2048, 2037, 2036, -1,
      2046, 2045, 2047, -1,
      2047, 2045, 2044, -1,
      2047, 2044, 2048, -1,
      2048, 2044, 2043, -1,
      2048, 2043, 2042, -1,
      625, 2053, 2054, -1,
      625, 2054, 431, -1,
      431, 2054, 2055, -1,
      431, 2055, 432, -1,
      432, 2055, 2056, -1,
      432, 2056, 433, -1,
      433, 2056, 2057, -1,
      433, 2057, 356, -1,
      356, 2057, 2058, -1,
      356, 2058, 236, -1,
      236, 2058, 2059, -1,
      236, 2059, 13, -1,
      13, 2059, 2060, -1,
      13, 2060, 11, -1,
      11, 2060, 2061, -1,
      11, 2061, 9, -1,
      9, 2061, 2062, -1,
      9, 2062, 23, -1,
      23, 2062, 2063, -1,
      23, 2063, 24, -1,
      24, 2063, 2064, -1,
      24, 2064, 231, -1,
      231, 2064, 2065, -1,
      231, 2065, 167, -1,
      969, 2066, 529, -1,
      529, 2066, 2067, -1,
      529, 2067, 625, -1,
      625, 2067, 2053, -1,
      2068, 972, 168, -1,
      167, 2065, 168, -1,
      168, 2065, 2069, -1,
      168, 2069, 2068, -1,
      972, 2068, 969, -1,
      969, 2068, 2066, -1,
      2066, 2068, 2067, -1,
      2067, 2068, 2069, -1,
      2067, 2069, 2053, -1,
      2053, 2069, 2065, -1,
      2060, 2059, 2065, -1,
      2063, 2062, 2061, -1,
      2060, 2065, 2061, -1,
      2061, 2065, 2064, -1,
      2061, 2064, 2063, -1,
      2059, 2058, 2065, -1,
      2065, 2058, 2057, -1,
      2065, 2057, 2056, -1,
      2056, 2055, 2065, -1,
      2065, 2055, 2054, -1,
      2065, 2054, 2053, -1,
      526, 2070, 2071, -1,
      526, 2071, 233, -1,
      233, 2071, 2072, -1,
      233, 2072, 234, -1,
      234, 2072, 2073, -1,
      234, 2073, 235, -1,
      235, 2073, 2074, -1,
      235, 2074, 353, -1,
      353, 2074, 2075, -1,
      353, 2075, 354, -1,
      354, 2075, 2076, -1,
      354, 2076, 355, -1,
      355, 2076, 2077, -1,
      355, 2077, 124, -1,
      124, 2077, 2078, -1,
      124, 2078, 125, -1,
      125, 2078, 2079, -1,
      125, 2079, 358, -1,
      358, 2079, 2080, -1,
      358, 2080, 357, -1,
      357, 2080, 2081, -1,
      357, 2081, 624, -1,
      624, 2081, 2082, -1,
      624, 2082, 527, -1,
      971, 2083, 430, -1,
      430, 2083, 2084, -1,
      430, 2084, 526, -1,
      526, 2084, 2070, -1,
      2085, 970, 528, -1,
      527, 2082, 528, -1,
      528, 2082, 2086, -1,
      528, 2086, 2085, -1,
      970, 2085, 971, -1,
      971, 2085, 2083, -1,
      2083, 2085, 2084, -1,
      2084, 2085, 2086, -1,
      2084, 2086, 2070, -1,
      2070, 2086, 2082, -1,
      2076, 2075, 2081, -1,
      2081, 2075, 2082, -1,
      2082, 2075, 2074, -1,
      2082, 2074, 2073, -1,
      2081, 2080, 2079, -1,
      2073, 2072, 2082, -1,
      2082, 2072, 2071, -1,
      2082, 2071, 2070, -1,
      2079, 2078, 2081, -1,
      2081, 2078, 2077, -1,
      2081, 2077, 2076, -1,
      26, 2087, 2088, -1,
      26, 2088, 47, -1,
      47, 2088, 2089, -1,
      47, 2089, 71, -1,
      71, 2089, 2090, -1,
      71, 2090, 72, -1,
      72, 2090, 2091, -1,
      72, 2091, 74, -1,
      74, 2091, 2092, -1,
      74, 2092, 170, -1,
      170, 2092, 2093, -1,
      170, 2093, 171, -1,
      171, 2093, 2094, -1,
      171, 2094, 172, -1,
      172, 2094, 2095, -1,
      172, 2095, 123, -1,
      123, 2095, 2096, -1,
      123, 2096, 75, -1,
      75, 2096, 2097, -1,
      75, 2097, 76, -1,
      76, 2097, 2098, -1,
      76, 2098, 525, -1,
      525, 2098, 2099, -1,
      525, 2099, 428, -1,
      973, 2100, 127, -1,
      127, 2100, 2101, -1,
      127, 2101, 26, -1,
      26, 2101, 2087, -1,
      2102, 976, 429, -1,
      428, 2099, 429, -1,
      429, 2099, 2103, -1,
      429, 2103, 2102, -1,
      976, 2102, 973, -1,
      973, 2102, 2100, -1,
      2100, 2102, 2101, -1,
      2101, 2102, 2103, -1,
      2101, 2103, 2087, -1,
      2087, 2103, 2099, -1,
      2087, 2099, 2098, -1,
      2098, 2097, 2087, -1,
      2087, 2097, 2096, -1,
      2087, 2096, 2095, -1,
      2095, 2094, 2087, -1,
      2087, 2094, 2093, -1,
      2087, 2093, 2088, -1,
      2088, 2093, 2092, -1,
      2092, 2091, 2088, -1,
      2088, 2091, 2090, -1,
      2088, 2090, 2089, -1,
      383, 2104, 2105, -1,
      383, 2105, 149, -1,
      149, 2105, 2106, -1,
      149, 2106, 147, -1,
      147, 2106, 2107, -1,
      147, 2107, 151, -1,
      151, 2107, 2108, -1,
      151, 2108, 297, -1,
      297, 2108, 2109, -1,
      297, 2109, 122, -1,
      122, 2109, 2110, -1,
      122, 2110, 73, -1,
      73, 2110, 2111, -1,
      73, 2111, 48, -1,
      48, 2111, 2112, -1,
      48, 2112, 49, -1,
      49, 2112, 2113, -1,
      49, 2113, 27, -1,
      27, 2113, 2114, -1,
      27, 2114, 28, -1,
      28, 2114, 2115, -1,
      28, 2115, 129, -1,
      129, 2115, 2116, -1,
      129, 2116, 128, -1,
      975, 2117, 295, -1,
      295, 2117, 2118, -1,
      295, 2118, 383, -1,
      383, 2118, 2104, -1,
      2119, 974, 126, -1,
      128, 2116, 126, -1,
      126, 2116, 2120, -1,
      126, 2120, 2119, -1,
      974, 2119, 975, -1,
      975, 2119, 2117, -1,
      2117, 2119, 2118, -1,
      2118, 2119, 2120, -1,
      2104, 2118, 2120, -1,
      2120, 2116, 2104, -1,
      2104, 2116, 2115, -1,
      2104, 2115, 2114, -1,
      2109, 2105, 2110, -1,
      2110, 2105, 2104, -1,
      2110, 2104, 2111, -1,
      2109, 2108, 2105, -1,
      2105, 2108, 2107, -1,
      2105, 2107, 2106, -1,
      2114, 2113, 2104, -1,
      2104, 2113, 2112, -1,
      2104, 2112, 2111, -1,
      687, 2121, 2122, -1,
      687, 2122, 791, -1,
      791, 2122, 2123, -1,
      791, 2123, 743, -1,
      743, 2123, 2124, -1,
      743, 2124, 843, -1,
      843, 2124, 2125, -1,
      843, 2125, 844, -1,
      844, 2125, 2126, -1,
      844, 2126, 689, -1,
      689, 2126, 2127, -1,
      689, 2127, 152, -1,
      152, 2127, 2128, -1,
      152, 2128, 150, -1,
      150, 2128, 2129, -1,
      150, 2129, 145, -1,
      145, 2129, 2130, -1,
      145, 2130, 146, -1,
      146, 2130, 2131, -1,
      146, 2131, 148, -1,
      148, 2131, 2132, -1,
      148, 2132, 382, -1,
      382, 2132, 2133, -1,
      382, 2133, 293, -1,
      977, 2134, 685, -1,
      685, 2134, 2135, -1,
      685, 2135, 687, -1,
      687, 2135, 2121, -1,
      2136, 978, 294, -1,
      293, 2133, 294, -1,
      294, 2133, 2137, -1,
      294, 2137, 2136, -1,
      978, 2136, 977, -1,
      977, 2136, 2134, -1,
      2134, 2136, 2135, -1,
      2135, 2136, 2137, -1,
      2127, 2121, 2128, -1,
      2128, 2121, 2129, -1,
      2121, 2124, 2122, -1,
      2122, 2124, 2123, -1,
      2135, 2137, 2121, -1,
      2121, 2137, 2133, -1,
      2121, 2133, 2132, -1,
      2127, 2126, 2121, -1,
      2121, 2126, 2125, -1,
      2121, 2125, 2124, -1,
      2132, 2131, 2121, -1,
      2121, 2131, 2130, -1,
      2121, 2130, 2129, -1,
      637, 1344, 1352, -1,
      637, 1352, 638, -1,
      638, 1352, 1353, -1,
      638, 1353, 639, -1,
      639, 1353, 1351, -1,
      639, 1351, 549, -1,
      549, 1351, 1350, -1,
      549, 1350, 370, -1,
      370, 1350, 1324, -1,
      370, 1324, 371, -1,
      550, 1332, 1366, -1,
      550, 1366, 453, -1,
      453, 1366, 1356, -1,
      453, 1356, 455, -1,
      455, 1356, 1357, -1,
      455, 1357, 456, -1,
      456, 1357, 1358, -1,
      456, 1358, 546, -1,
      546, 1358, 1334, -1,
      546, 1334, 547, -1,
      472, 1330, 1362, -1,
      472, 1362, 560, -1,
      560, 1362, 1363, -1,
      560, 1363, 465, -1,
      465, 1363, 1361, -1,
      465, 1361, 265, -1,
      265, 1361, 1360, -1,
      265, 1360, 94, -1,
      94, 1360, 1359, -1,
      94, 1359, 259, -1,
      259, 1359, 1333, -1,
      259, 1333, 551, -1,
      141, 1328, 1345, -1,
      141, 1345, 142, -1,
      142, 1345, 1372, -1,
      142, 1372, 143, -1,
      143, 1372, 1371, -1,
      143, 1371, 144, -1,
      144, 1371, 1370, -1,
      144, 1370, 190, -1,
      190, 1370, 1369, -1,
      190, 1369, 191, -1,
      191, 1369, 1331, -1,
      191, 1331, 192, -1,
      2, 1326, 1367, -1,
      2, 1367, 186, -1,
      186, 1367, 1368, -1,
      186, 1368, 32, -1,
      32, 1368, 1355, -1,
      32, 1355, 33, -1,
      33, 1355, 1354, -1,
      33, 1354, 290, -1,
      290, 1354, 1365, -1,
      290, 1365, 291, -1,
      291, 1365, 1329, -1,
      291, 1329, 292, -1,
      16, 1325, 1349, -1,
      16, 1349, 607, -1,
      607, 1349, 1348, -1,
      607, 1348, 510, -1,
      510, 1348, 1347, -1,
      510, 1347, 511, -1,
      511, 1347, 1346, -1,
      511, 1346, 513, -1,
      513, 1346, 1364, -1,
      513, 1364, 692, -1,
      692, 1364, 1327, -1,
      692, 1327, 111, -1,
    ]
  }
}

Shape {
  appearance Appearance {
    material Material {
      diffuseColor 1.0000 1.0000 1.0000
      specularColor 0.5020 0.5020 0.5020
      ambientIntensity 0.2
      transparency 0.0000
      shininess 0.5
    }
  }
  geometry IndexedFaceSet {
    ccw TRUE
    solid FALSE
    coord DEF co Coordinate {
      point [
        0.781429 -0.914111 0.338583,
        0.787531 -0.913365 0.338583,
        0.802070 -0.994294 0.338583,
        0.796932 -0.994786 0.338583,
        0.860020 -0.958046 0.338583,
        0.838395 -0.958046 0.338583,
        0.860020 -0.984982 0.338583,
        0.838395 -0.984982 0.338583,
        0.869302 -0.914041 0.338583,
        0.860020 -0.914041 0.338583,
        0.869302 -0.923251 0.338583,
        0.871123 -0.984982 0.338583,
        0.871123 -0.994110 0.338583,
        0.867030 -0.958046 0.338583,
        0.867030 -0.948877 0.338583,
        0.860020 -0.948877 0.338583,
        0.860020 -0.923251 0.338583,
        0.838395 -0.923251 0.338583,
        0.838395 -0.948877 0.338583,
        0.828059 -0.914041 0.338583,
        0.828059 -0.994110 0.338583,
        0.812033 -0.915965 0.338583,
        0.803611 -0.913526 0.338583,
        0.801605 -0.913365 0.338583,
        0.860020 -0.994110 0.338583,
        0.812033 -0.926772 0.338583,
        0.810667 -0.991475 0.338583,
        0.795119 -0.986110 0.338583,
        0.804172 -0.984421 0.338583,
        0.812033 -0.980888 0.338583,
        0.812033 -0.990794 0.338583,
        0.803020 -0.923200 0.338583,
        0.793162 -0.922023 0.338583,
        0.762931 -0.954976 0.338583,
        0.766884 -0.972392 0.338583,
        0.770791 -0.977818 0.338583,
        0.772369 -0.979379 0.338583,
        0.777601 -0.983076 0.338583,
        0.783307 -0.985280 0.338583,
        0.791361 -0.986251 0.338583,
        0.771343 -0.930906 0.338583,
        0.766967 -0.936996 0.338583,
        0.776794 -0.926406 0.338583,
        0.783090 -0.923490 0.338583,
        0.790055 -0.922148 0.338583,
        0.764272 -0.943892 0.338583,
        0.811141 -0.926291 0.338583,
        0.763017 -0.957919 0.338583,
        0.764298 -0.965934 0.338583,
        0.793059 -0.912690 0.338583,
        0.793141 -0.912690 0.338583,
        0.754039 -0.940959 0.338583,
        0.755665 -0.937156 0.338583,
        0.757842 -0.932065 0.338583,
        0.763648 -0.924480 0.338583,
        0.765581 -0.922631 0.338583,
        0.773070 -0.917369 0.338583,
        0.755665 -0.973753 0.338583,
        0.753685 -0.968713 0.338583,
        0.752083 -0.955590 0.338583,
        0.752224 -0.951413 0.338583,
        0.776356 -0.993446 0.338583,
        0.768799 -0.989883 0.338583,
        0.762358 -0.984531 0.338583,
        0.756959 -0.977049 0.338583,
        0.782861 -0.994786 0.338583,
        0.785033 -0.995233 0.338583,
        0.789867 -0.995461 0.338583,
        0.949262 -0.967516 0.338583,
        0.945321 -0.975799 0.338583,
        0.922927 -0.915980 0.338583,
        0.930978 -0.918920 0.338583,
        0.922927 -0.992050 0.338583,
        0.931059 -0.988858 0.338583,
        0.939363 -0.982894 0.338583,
        0.939363 -0.924643 0.338583,
        0.942150 -0.927365 0.338583,
        0.947116 -0.934335 0.338583,
        0.950089 -0.941961 0.338583,
        0.951439 -0.953052 0.338583,
        0.951199 -0.958139 0.338583,
        0.909091 -0.914041 0.338583,
        0.921314 -0.915391 0.338583,
        0.921946 -0.992435 0.338583,
        0.908272 -0.994110 0.338583,
        0.886249 -0.994110 0.338583,
        0.886249 -0.914041 0.338583,
        0.748808 -0.984982 0.338583,
        0.748808 -0.994110 0.338583,
        0.706583 -0.994110 0.338583,
        0.706583 -0.914041 0.338583,
        0.716920 -0.914041 0.338583,
        0.716920 -0.984982 0.338583,
        0.748808 -0.984982 0.338976,
        0.748808 -0.994110 0.338976,
        0.716920 -0.984982 0.338976,
        0.716920 -0.914041 0.338976,
        0.706583 -0.914041 0.338976,
        0.706583 -0.994110 0.338976,
        0.802070 -0.994294 0.338976,
        0.789867 -0.995461 0.338976,
        0.810667 -0.991475 0.338976,
        0.812033 -0.990794 0.338976,
        0.812033 -0.980888 0.338976,
        0.804172 -0.984421 0.338976,
        0.795119 -0.986110 0.338976,
        0.791361 -0.986251 0.338976,
        0.783307 -0.985280 0.338976,
        0.777601 -0.983076 0.338976,
        0.772369 -0.979379 0.338976,
        0.770791 -0.977818 0.338976,
        0.766884 -0.972392 0.338976,
        0.764298 -0.965934 0.338976,
        0.763017 -0.957919 0.338976,
        0.762931 -0.954976 0.338976,
        0.764272 -0.943892 0.338976,
        0.766967 -0.936996 0.338976,
        0.771343 -0.930906 0.338976,
        0.776794 -0.926406 0.338976,
        0.783090 -0.923490 0.338976,
        0.790055 -0.922148 0.338976,
        0.793162 -0.922023 0.338976,
        0.803020 -0.923200 0.338976,
        0.811141 -0.926291 0.338976,
        0.812033 -0.926772 0.338976,
        0.812033 -0.915965 0.338976,
        0.793059 -0.912690 0.338976,
        0.793141 -0.912690 0.338976,
        0.803611 -0.913526 0.338976,
        0.781429 -0.914111 0.338976,
        0.773070 -0.917369 0.338976,
        0.765581 -0.922631 0.338976,
        0.763648 -0.924480 0.338976,
        0.757842 -0.932065 0.338976,
        0.754039 -0.940959 0.338976,
        0.752224 -0.951413 0.338976,
        0.752083 -0.955590 0.338976,
        0.762358 -0.984531 0.338976,
        0.756959 -0.977049 0.338976,
        0.753685 -0.968713 0.338976,
        0.785033 -0.995233 0.338976,
        0.768799 -0.989883 0.338976,
        0.776356 -0.993446 0.338976,
        0.871123 -0.984982 0.338976,
        0.871123 -0.994110 0.338976,
        0.838395 -0.984982 0.338976,
        0.838395 -0.958046 0.338976,
        0.867030 -0.958046 0.338976,
        0.867030 -0.948877 0.338976,
        0.838395 -0.948877 0.338976,
        0.838395 -0.923251 0.338976,
        0.869302 -0.923251 0.338976,
        0.869302 -0.914041 0.338976,
        0.828059 -0.914041 0.338976,
        0.828059 -0.994110 0.338976,
        0.939363 -0.982894 0.338976,
        0.931137 -0.977452 0.338976,
        0.931059 -0.988858 0.338976,
        0.925987 -0.981053 0.338976,
        0.921946 -0.992435 0.338976,
        0.919399 -0.983631 0.338976,
        0.908272 -0.994110 0.338976,
        0.908211 -0.984982 0.338976,
        0.886249 -0.994110 0.338976,
        0.896585 -0.984982 0.338976,
        0.886249 -0.914041 0.338976,
        0.896585 -0.923251 0.338976,
        0.909091 -0.914041 0.338976,
        0.908681 -0.923251 0.338976,
        0.921314 -0.915391 0.338976,
        0.918976 -0.924386 0.338976,
        0.930978 -0.918920 0.338976,
        0.925924 -0.926888 0.338976,
        0.939363 -0.924643 0.338976,
        0.931789 -0.930783 0.338976,
        0.942150 -0.927365 0.338976,
        0.933974 -0.932930 0.338976,
        0.947116 -0.934335 0.338976,
        0.937090 -0.937404 0.338976,
        0.950089 -0.941961 0.338976,
        0.939359 -0.943227 0.338976,
        0.951439 -0.953052 0.338976,
        0.940570 -0.953339 0.338976,
        0.951199 -0.958139 0.338976,
        0.940160 -0.959586 0.338976,
        0.949262 -0.967516 0.338976,
        0.938432 -0.966662 0.338976,
        0.945321 -0.975799 0.338976,
        0.935509 -0.972449 0.338976,
        0.932015 -0.976631 0.338976,
        0.908681 -0.923251 0.338583,
        0.896585 -0.923251 0.338583,
        0.896585 -0.984982 0.338583,
        0.908211 -0.984982 0.338583,
        0.932015 -0.976631 0.338583,
        0.931137 -0.977452 0.338583,
        0.925987 -0.981053 0.338583,
        0.919399 -0.983631 0.338583,
        0.940570 -0.953339 0.338583,
        0.940160 -0.959586 0.338583,
        0.938432 -0.966662 0.338583,
        0.935509 -0.972449 0.338583,
        0.931789 -0.930783 0.338583,
        0.933974 -0.932930 0.338583,
        0.937090 -0.937404 0.338583,
        0.939359 -0.943227 0.338583,
        0.918976 -0.924386 0.338583,
        0.925924 -0.926888 0.338583,
      ]
    }
    coordIndex [
      93, 94, 87, -1,
      87, 94, 88, -1,
      95, 93, 92, -1,
      92, 93, 87, -1,
      96, 95, 91, -1,
      91, 95, 92, -1,
      97, 96, 90, -1,
      90, 96, 91, -1,
      98, 97, 89, -1,
      89, 97, 90, -1,
      94, 98, 88, -1,
      88, 98, 89, -1,
      96, 97, 95, -1,
      95, 97, 98, -1,
      95, 98, 93, -1,
      93, 98, 94, -1,
      99, 100, 3, -1,
      3, 100, 67, -1,
      3, 2, 99, -1,
      99, 2, 26, -1,
      99, 26, 101, -1,
      101, 26, 30, -1,
      101, 30, 102, -1,
      103, 102, 29, -1,
      29, 102, 30, -1,
      103, 29, 28, -1,
      103, 28, 104, -1,
      104, 28, 27, -1,
      104, 27, 105, -1,
      105, 27, 39, -1,
      105, 39, 106, -1,
      106, 39, 38, -1,
      106, 38, 107, -1,
      107, 38, 37, -1,
      107, 37, 108, -1,
      108, 37, 36, -1,
      108, 36, 109, -1,
      109, 36, 35, -1,
      109, 35, 110, -1,
      110, 35, 34, -1,
      110, 34, 111, -1,
      111, 34, 48, -1,
      111, 48, 112, -1,
      112, 48, 47, -1,
      112, 47, 113, -1,
      113, 47, 33, -1,
      113, 33, 114, -1,
      114, 33, 45, -1,
      114, 45, 115, -1,
      115, 45, 41, -1,
      115, 41, 116, -1,
      116, 41, 40, -1,
      116, 40, 117, -1,
      117, 40, 42, -1,
      117, 42, 118, -1,
      118, 42, 43, -1,
      118, 43, 119, -1,
      119, 43, 44, -1,
      119, 44, 120, -1,
      120, 44, 32, -1,
      120, 32, 121, -1,
      121, 32, 31, -1,
      121, 31, 122, -1,
      122, 31, 46, -1,
      122, 46, 123, -1,
      123, 46, 25, -1,
      123, 25, 124, -1,
      125, 124, 21, -1,
      21, 124, 25, -1,
      49, 126, 127, -1,
      125, 21, 22, -1,
      125, 22, 128, -1,
      128, 22, 23, -1,
      128, 23, 127, -1,
      127, 23, 50, -1,
      127, 50, 49, -1,
      126, 49, 1, -1,
      126, 1, 129, -1,
      1, 0, 129, -1,
      129, 0, 56, -1,
      129, 56, 130, -1,
      130, 56, 55, -1,
      130, 55, 131, -1,
      131, 55, 54, -1,
      131, 54, 132, -1,
      132, 54, 53, -1,
      132, 53, 133, -1,
      133, 53, 52, -1,
      133, 52, 134, -1,
      52, 51, 134, -1,
      134, 51, 60, -1,
      134, 60, 135, -1,
      135, 60, 59, -1,
      135, 59, 136, -1,
      63, 137, 138, -1,
      136, 59, 58, -1,
      136, 58, 139, -1,
      139, 58, 57, -1,
      139, 57, 138, -1,
      138, 57, 64, -1,
      138, 64, 63, -1,
      67, 100, 140, -1,
      137, 63, 62, -1,
      137, 62, 141, -1,
      141, 62, 61, -1,
      141, 61, 142, -1,
      142, 61, 65, -1,
      142, 65, 140, -1,
      140, 65, 66, -1,
      140, 66, 67, -1,
      123, 124, 125, -1,
      118, 131, 117, -1,
      117, 131, 132, -1,
      117, 132, 116, -1,
      116, 132, 133, -1,
      116, 133, 115, -1,
      123, 125, 122, -1,
      122, 125, 128, -1,
      122, 128, 121, -1,
      121, 128, 127, -1,
      121, 127, 120, -1,
      120, 127, 126, -1,
      120, 126, 119, -1,
      119, 126, 129, -1,
      119, 129, 118, -1,
      118, 129, 130, -1,
      118, 130, 131, -1,
      136, 114, 135, -1,
      135, 114, 115, -1,
      135, 115, 134, -1,
      134, 115, 133, -1,
      102, 103, 101, -1,
      101, 103, 104, -1,
      101, 104, 99, -1,
      99, 104, 105, -1,
      99, 105, 100, -1,
      100, 105, 106, -1,
      100, 106, 140, -1,
      140, 106, 107, -1,
      140, 107, 142, -1,
      142, 107, 108, -1,
      142, 108, 141, -1,
      141, 108, 109, -1,
      141, 109, 137, -1,
      137, 109, 110, -1,
      137, 110, 138, -1,
      138, 110, 111, -1,
      138, 111, 139, -1,
      139, 111, 112, -1,
      139, 112, 136, -1,
      136, 112, 113, -1,
      136, 113, 114, -1,
      143, 144, 11, -1,
      11, 144, 12, -1,
      7, 145, 6, -1,
      6, 145, 143, -1,
      6, 143, 11, -1,
      146, 145, 5, -1,
      5, 145, 7, -1,
      13, 147, 4, -1,
      4, 147, 146, -1,
      4, 146, 5, -1,
      148, 147, 14, -1,
      14, 147, 13, -1,
      18, 149, 15, -1,
      15, 149, 148, -1,
      15, 148, 14, -1,
      150, 149, 17, -1,
      17, 149, 18, -1,
      10, 151, 16, -1,
      16, 151, 150, -1,
      16, 150, 17, -1,
      152, 151, 8, -1,
      8, 151, 10, -1,
      19, 153, 9, -1,
      9, 153, 152, -1,
      9, 152, 8, -1,
      154, 153, 20, -1,
      20, 153, 19, -1,
      12, 144, 24, -1,
      24, 144, 154, -1,
      24, 154, 20, -1,
      154, 144, 143, -1,
      143, 145, 154, -1,
      154, 145, 146, -1,
      154, 146, 153, -1,
      151, 152, 150, -1,
      150, 152, 153, -1,
      150, 153, 149, -1,
      149, 153, 146, -1,
      149, 146, 148, -1,
      148, 146, 147, -1,
      155, 156, 157, -1,
      157, 156, 158, -1,
      157, 158, 159, -1,
      159, 158, 160, -1,
      159, 160, 161, -1,
      161, 160, 162, -1,
      161, 162, 163, -1,
      163, 162, 164, -1,
      163, 164, 165, -1,
      165, 164, 166, -1,
      165, 166, 167, -1,
      167, 166, 168, -1,
      167, 168, 169, -1,
      169, 168, 170, -1,
      169, 170, 171, -1,
      171, 170, 172, -1,
      171, 172, 173, -1,
      173, 172, 174, -1,
      173, 174, 175, -1,
      175, 174, 176, -1,
      175, 176, 177, -1,
      177, 176, 178, -1,
      177, 178, 179, -1,
      179, 178, 180, -1,
      179, 180, 181, -1,
      181, 180, 182, -1,
      181, 182, 183, -1,
      183, 182, 184, -1,
      183, 184, 185, -1,
      185, 184, 186, -1,
      185, 186, 187, -1,
      187, 186, 188, -1,
      187, 188, 155, -1,
      155, 188, 189, -1,
      155, 189, 156, -1,
      161, 163, 84, -1,
      84, 163, 85, -1,
      74, 155, 157, -1,
      161, 84, 83, -1,
      161, 83, 159, -1,
      159, 83, 72, -1,
      159, 72, 157, -1,
      157, 72, 73, -1,
      157, 73, 74, -1,
      155, 74, 69, -1,
      155, 69, 187, -1,
      187, 69, 68, -1,
      187, 68, 185, -1,
      185, 68, 80, -1,
      185, 80, 183, -1,
      183, 80, 79, -1,
      183, 79, 181, -1,
      181, 79, 78, -1,
      181, 78, 179, -1,
      179, 78, 77, -1,
      179, 77, 177, -1,
      177, 77, 76, -1,
      177, 76, 175, -1,
      175, 76, 75, -1,
      175, 75, 173, -1,
      81, 167, 169, -1,
      173, 75, 71, -1,
      173, 71, 171, -1,
      171, 71, 70, -1,
      171, 70, 169, -1,
      169, 70, 82, -1,
      169, 82, 81, -1,
      165, 167, 86, -1,
      86, 167, 81, -1,
      163, 165, 85, -1,
      85, 165, 86, -1,
      168, 166, 190, -1,
      190, 166, 191, -1,
      166, 164, 191, -1,
      191, 164, 192, -1,
      164, 162, 192, -1,
      192, 162, 193, -1,
      189, 194, 195, -1,
      189, 195, 156, -1,
      156, 195, 196, -1,
      156, 196, 158, -1,
      158, 196, 197, -1,
      158, 197, 160, -1,
      160, 197, 193, -1,
      160, 193, 162, -1,
      182, 198, 199, -1,
      182, 199, 184, -1,
      184, 199, 200, -1,
      184, 200, 186, -1,
      186, 200, 201, -1,
      186, 201, 188, -1,
      188, 201, 194, -1,
      188, 194, 189, -1,
      174, 202, 203, -1,
      174, 203, 176, -1,
      176, 203, 204, -1,
      176, 204, 178, -1,
      178, 204, 205, -1,
      178, 205, 180, -1,
      180, 205, 198, -1,
      180, 198, 182, -1,
      168, 190, 206, -1,
      168, 206, 170, -1,
      170, 206, 207, -1,
      170, 207, 172, -1,
      172, 207, 202, -1,
      172, 202, 174, -1,
    ]
  }
}

Shape {
  appearance Appearance {
    material Material {
      diffuseColor 0.2235 0.2235 0.2235
      specularColor 0.1137 0.1137 0.1137
      ambientIntensity 0.2
      transparency 0.0000
      shininess 0.5
    }
  }
  geometry IndexedFaceSet {
    ccw TRUE
    solid FALSE
    coord DEF co Coordinate {
      point [
        0.908681 -0.923251 0.338583,
        0.896585 -0.923251 0.338583,
        0.896585 -0.984982 0.338583,
        0.908211 -0.984982 0.338583,
        0.932015 -0.976631 0.338583,
        0.931137 -0.977452 0.338583,
        0.925987 -0.981053 0.338583,
        0.919399 -0.983631 0.338583,
        0.940570 -0.953339 0.338583,
        0.940160 -0.959586 0.338583,
        0.938432 -0.966662 0.338583,
        0.935509 -0.972449 0.338583,
        0.931789 -0.930783 0.338583,
        0.933974 -0.932930 0.338583,
        0.937090 -0.937404 0.338583,
        0.939359 -0.943227 0.338583,
        0.918976 -0.924386 0.338583,
        0.925924 -0.926888 0.338583,
      ]
    }
    coordIndex [
      5, 4, 0, -1,
      1, 2, 0, -1,
      0, 2, 3, -1,
      3, 7, 0, -1,
      0, 7, 6, -1,
      0, 6, 5, -1,
      4, 11, 0, -1,
      0, 11, 10, -1,
      0, 10, 9, -1,
      9, 8, 0, -1,
      0, 8, 15, -1,
      0, 15, 14, -1,
      14, 13, 0, -1,
      0, 13, 12, -1,
      0, 12, 16, -1,
      16, 12, 17, -1,
    ]
  }
}

Shape {
  appearance Appearance {
    material Material {
      diffuseColor 1.0000 1.0000 1.0000
      specularColor 0.5020 0.5020 0.5020
      ambientIntensity 0.2
      transparency 0.0000
      shininess 0.5
    }
  }
  geometry IndexedFaceSet {
    ccw TRUE
    solid FALSE
    coord DEF co Coordinate {
      point [
        1.008339 -0.972210 0.338583,
        0.978957 -0.972210 0.338583,
        1.016505 -0.994110 0.338583,
        1.027926 -0.994110 0.338583,
        0.997429 -0.914041 0.338583,
        0.974997 -0.972210 0.338583,
        0.967301 -0.994110 0.338583,
        0.955880 -0.994110 0.338583,
        0.978957 -0.933521 0.338583,
        0.986377 -0.914041 0.338583,
        0.978272 -0.963163 0.338976,
        0.974997 -0.972210 0.338976,
        1.005146 -0.963163 0.338976,
        1.008339 -0.972210 0.338976,
        0.990245 -0.929883 0.338976,
        0.986377 -0.914041 0.338976,
        0.955880 -0.994110 0.338976,
        0.967301 -0.994110 0.338976,
        0.990939 -0.927493 0.338976,
        0.991555 -0.924275 0.338976,
        0.997429 -0.914041 0.338976,
        0.991801 -0.924275 0.338976,
        0.992448 -0.927662 0.338976,
        0.993049 -0.929883 0.338976,
        1.027926 -0.994110 0.338976,
        1.016505 -0.994110 0.338976,
        0.978272 -0.963163 0.338583,
        1.005146 -0.963163 0.338583,
        0.993049 -0.929883 0.338583,
        0.991801 -0.924275 0.338583,
        0.992448 -0.927662 0.338583,
        0.991555 -0.924275 0.338583,
        0.990245 -0.929883 0.338583,
        0.990939 -0.927493 0.338583,
      ]
    }
    coordIndex [
      10, 11, 12, -1,
      12, 11, 13, -1,
      14, 15, 10, -1,
      10, 15, 16, -1,
      10, 16, 11, -1,
      11, 16, 17, -1,
      14, 18, 15, -1,
      15, 18, 19, -1,
      15, 19, 20, -1,
      20, 19, 21, -1,
      20, 21, 22, -1,
      22, 23, 20, -1,
      20, 23, 12, -1,
      20, 12, 24, -1,
      24, 12, 13, -1,
      24, 13, 25, -1,
      20, 24, 4, -1,
      4, 24, 3, -1,
      15, 20, 9, -1,
      9, 20, 4, -1,
      7, 16, 8, -1,
      8, 16, 15, -1,
      8, 15, 9, -1,
      17, 16, 6, -1,
      6, 16, 7, -1,
      11, 17, 5, -1,
      5, 17, 6, -1,
      0, 13, 1, -1,
      1, 13, 11, -1,
      1, 11, 5, -1,
      25, 13, 2, -1,
      2, 13, 0, -1,
      24, 25, 3, -1,
      3, 25, 2, -1,
      10, 12, 26, -1,
      26, 12, 27, -1,
      12, 23, 27, -1,
      27, 23, 28, -1,
      21, 29, 30, -1,
      21, 30, 22, -1,
      22, 30, 28, -1,
      22, 28, 23, -1,
      21, 19, 29, -1,
      29, 19, 31, -1,
      14, 32, 33, -1,
      14, 33, 18, -1,
      18, 33, 31, -1,
      18, 31, 19, -1,
      14, 10, 32, -1,
      32, 10, 26, -1,
    ]
  }
}

Shape {
  appearance Appearance {
    material Material {
      diffuseColor 0.2235 0.2235 0.2235
      specularColor 0.1137 0.1137 0.1137
      ambientIntensity 0.2
      transparency 0.0000
      shininess 0.5
    }
  }
  geometry IndexedFaceSet {
    ccw TRUE
    solid FALSE
    coord DEF co Coordinate {
      point [
        0.978272 -0.963163 0.338583,
        1.005146 -0.963163 0.338583,
        0.993049 -0.929883 0.338583,
        0.991801 -0.924275 0.338583,
        0.992448 -0.927662 0.338583,
        0.991555 -0.924275 0.338583,
        0.990245 -0.929883 0.338583,
        0.990939 -0.927493 0.338583,
      ]
    }
    coordIndex [
      3, 5, 4, -1,
      4, 5, 7, -1,
      4, 7, 2, -1,
      2, 7, 6, -1,
      2, 6, 1, -1,
      1, 6, 0, -1,
    ]
  }
}

Shape {
  appearance Appearance {
    material Material {
      diffuseColor 1.0000 1.0000 1.0000
      specularColor 0.5020 0.5020 0.5020
      ambientIntensity 0.2
      transparency 0.0000
      shininess 0.5
    }
  }
  geometry IndexedFaceSet {
    ccw TRUE
    solid FALSE
    coord DEF co Coordinate {
      point [
        0.786632 -1.120435 0.338583,
        0.782843 -1.121808 0.338583,
        0.795168 -1.121133 0.338583,
        0.762961 -1.094261 0.338583,
        0.764835 -1.077700 0.338583,
        0.760903 -1.097523 0.338583,
        0.759697 -1.101204 0.338583,
        0.787009 -1.071145 0.338583,
        0.783583 -1.070782 0.338583,
        0.778220 -1.087157 0.338583,
        0.790137 -1.118109 0.338583,
        0.771382 -1.121787 0.338583,
        0.767537 -1.120337 0.338583,
        0.765884 -1.091548 0.338583,
        0.769899 -1.089322 0.338583,
        0.771765 -1.073346 0.338583,
        0.778048 -1.071313 0.338583,
        0.764835 -1.067958 0.338583,
        0.766870 -1.066777 0.338583,
        0.764159 -1.117981 0.338583,
        0.763211 -1.117037 0.338583,
        0.761087 -1.114021 0.338583,
        0.795168 -1.112291 0.338583,
        0.794902 -1.112291 0.338583,
        0.793308 -1.114711 0.338583,
        0.759820 -1.110695 0.338583,
        0.759247 -1.105823 0.338583,
        0.805197 -1.084332 0.338583,
        0.804209 -1.075874 0.338583,
        0.795168 -1.084782 0.338583,
        0.794826 -1.080387 0.338583,
        0.793792 -1.076800 0.338583,
        0.792617 -1.074729 0.338583,
        0.774322 -1.063880 0.338583,
        0.784524 -1.062636 0.338583,
        0.791539 -1.063394 0.338583,
        0.795535 -1.064803 0.338583,
        0.798709 -1.066826 0.338583,
        0.791104 -1.073112 0.338583,
        0.789328 -1.071961 0.338583,
        0.802556 -1.071585 0.338583,
        0.800432 -1.068493 0.338583,
        0.782569 -1.121907 0.338583,
        0.777381 -1.122484 0.338583,
        0.771565 -1.121808 0.338583,
        0.805197 -1.121133 0.338583,
        0.706583 -1.121133 0.338583,
        0.749648 -1.121133 0.338583,
        0.749648 -1.112004 0.338583,
        0.747826 -1.050274 0.338583,
        0.706583 -1.041063 0.338583,
        0.747826 -1.041063 0.338583,
        0.716920 -1.085069 0.338583,
        0.716920 -1.112004 0.338583,
        0.745554 -1.085069 0.338583,
        0.745554 -1.075899 0.338583,
        0.716920 -1.075899 0.338583,
        0.716920 -1.050274 0.338583,
        0.749648 -1.112004 0.338976,
        0.749648 -1.121133 0.338976,
        0.716920 -1.112004 0.338976,
        0.716920 -1.085069 0.338976,
        0.745554 -1.085069 0.338976,
        0.745554 -1.075899 0.338976,
        0.716920 -1.075899 0.338976,
        0.716920 -1.050274 0.338976,
        0.747826 -1.050274 0.338976,
        0.747826 -1.041063 0.338976,
        0.706583 -1.041063 0.338976,
        0.706583 -1.121133 0.338976,
        0.795168 -1.121133 0.338976,
        0.805197 -1.121133 0.338976,
        0.795168 -1.112291 0.338976,
        0.805197 -1.084332 0.338976,
        0.794902 -1.112291 0.338976,
        0.789619 -1.110812 0.338976,
        0.793308 -1.114711 0.338976,
        0.786786 -1.112726 0.338976,
        0.775513 -1.095722 0.338976,
        0.781782 -1.094238 0.338976,
        0.795168 -1.092437 0.338976,
        0.795168 -1.097922 0.338976,
        0.795158 -1.098588 0.338976,
        0.794512 -1.103063 0.338976,
        0.793041 -1.106641 0.338976,
        0.790870 -1.109589 0.338976,
        0.791539 -1.063394 0.338976,
        0.789328 -1.071961 0.338976,
        0.795535 -1.064803 0.338976,
        0.791104 -1.073112 0.338976,
        0.773238 -1.096850 0.338976,
        0.795168 -1.084782 0.338976,
        0.794826 -1.080387 0.338976,
        0.804209 -1.075874 0.338976,
        0.793792 -1.076800 0.338976,
        0.802556 -1.071585 0.338976,
        0.792617 -1.074729 0.338976,
        0.800432 -1.068493 0.338976,
        0.798709 -1.066826 0.338976,
        0.764835 -1.067958 0.338976,
        0.764835 -1.077700 0.338976,
        0.766870 -1.066777 0.338976,
        0.771765 -1.073346 0.338976,
        0.774322 -1.063880 0.338976,
        0.778048 -1.071313 0.338976,
        0.784524 -1.062636 0.338976,
        0.783583 -1.070782 0.338976,
        0.787009 -1.071145 0.338976,
        0.771473 -1.110819 0.338976,
        0.764159 -1.117981 0.338976,
        0.772326 -1.111677 0.338976,
        0.767537 -1.120337 0.338976,
        0.774324 -1.113042 0.338976,
        0.771382 -1.121787 0.338976,
        0.776593 -1.113874 0.338976,
        0.777381 -1.122484 0.338976,
        0.779981 -1.114256 0.338976,
        0.782569 -1.121907 0.338976,
        0.783745 -1.113833 0.338976,
        0.786632 -1.120435 0.338976,
        0.790137 -1.118109 0.338976,
        0.778220 -1.087157 0.338976,
        0.769899 -1.089322 0.338976,
        0.772080 -1.097759 0.338976,
        0.765884 -1.091548 0.338976,
        0.770880 -1.099245 0.338976,
        0.762961 -1.094261 0.338976,
        0.770000 -1.101116 0.338976,
        0.760903 -1.097523 0.338976,
        0.769504 -1.103413 0.338976,
        0.759697 -1.101204 0.338976,
        0.769419 -1.105004 0.338976,
        0.759247 -1.105823 0.338976,
        0.769674 -1.107307 0.338976,
        0.759820 -1.110695 0.338976,
        0.770333 -1.109129 0.338976,
        0.761087 -1.114021 0.338976,
        0.763211 -1.117037 0.338976,
        0.772080 -1.097759 0.338583,
        0.773238 -1.096850 0.338583,
        0.775513 -1.095722 0.338583,
        0.781782 -1.094238 0.338583,
        0.769419 -1.105004 0.338583,
        0.769504 -1.103413 0.338583,
        0.770000 -1.101116 0.338583,
        0.770880 -1.099245 0.338583,
        0.772326 -1.111677 0.338583,
        0.771473 -1.110819 0.338583,
        0.770333 -1.109129 0.338583,
        0.769674 -1.107307 0.338583,
        0.779981 -1.114256 0.338583,
        0.776593 -1.113874 0.338583,
        0.774324 -1.113042 0.338583,
        0.790870 -1.109589 0.338583,
        0.789619 -1.110812 0.338583,
        0.786786 -1.112726 0.338583,
        0.783745 -1.113833 0.338583,
        0.795168 -1.097922 0.338583,
        0.795158 -1.098588 0.338583,
        0.794512 -1.103063 0.338583,
        0.793041 -1.106641 0.338583,
        0.795168 -1.092437 0.338583,
      ]
    }
    coordIndex [
      58, 59, 48, -1,
      48, 59, 47, -1,
      60, 58, 53, -1,
      53, 58, 48, -1,
      61, 60, 52, -1,
      52, 60, 53, -1,
      62, 61, 54, -1,
      54, 61, 52, -1,
      63, 62, 55, -1,
      55, 62, 54, -1,
      64, 63, 56, -1,
      56, 63, 55, -1,
      65, 64, 57, -1,
      57, 64, 56, -1,
      66, 65, 49, -1,
      49, 65, 57, -1,
      67, 66, 51, -1,
      51, 66, 49, -1,
      68, 67, 50, -1,
      50, 67, 51, -1,
      69, 68, 46, -1,
      46, 68, 50, -1,
      59, 69, 47, -1,
      47, 69, 46, -1,
      69, 59, 58, -1,
      58, 60, 69, -1,
      69, 60, 61, -1,
      69, 61, 68, -1,
      66, 67, 65, -1,
      65, 67, 68, -1,
      65, 68, 64, -1,
      64, 68, 61, -1,
      64, 61, 63, -1,
      63, 61, 62, -1,
      70, 71, 72, -1,
      72, 71, 73, -1,
      74, 75, 76, -1,
      76, 75, 77, -1,
      78, 79, 73, -1,
      73, 79, 80, -1,
      73, 80, 81, -1,
      81, 82, 73, -1,
      73, 82, 83, -1,
      73, 83, 72, -1,
      72, 83, 84, -1,
      72, 84, 74, -1,
      74, 84, 85, -1,
      74, 85, 75, -1,
      86, 87, 88, -1,
      88, 87, 89, -1,
      90, 78, 91, -1,
      91, 78, 73, -1,
      91, 73, 92, -1,
      92, 73, 93, -1,
      92, 93, 94, -1,
      94, 93, 95, -1,
      94, 95, 96, -1,
      96, 95, 97, -1,
      96, 97, 89, -1,
      89, 97, 98, -1,
      89, 98, 88, -1,
      99, 100, 101, -1,
      101, 100, 102, -1,
      101, 102, 103, -1,
      103, 102, 104, -1,
      103, 104, 105, -1,
      105, 104, 106, -1,
      105, 106, 86, -1,
      86, 106, 107, -1,
      86, 107, 87, -1,
      108, 109, 110, -1,
      110, 109, 111, -1,
      110, 111, 112, -1,
      112, 111, 113, -1,
      112, 113, 114, -1,
      114, 113, 115, -1,
      114, 115, 116, -1,
      116, 115, 117, -1,
      116, 117, 118, -1,
      118, 117, 119, -1,
      118, 119, 77, -1,
      77, 119, 120, -1,
      77, 120, 76, -1,
      91, 121, 90, -1,
      90, 121, 122, -1,
      90, 122, 123, -1,
      123, 122, 124, -1,
      123, 124, 125, -1,
      125, 124, 126, -1,
      125, 126, 127, -1,
      127, 126, 128, -1,
      127, 128, 129, -1,
      129, 128, 130, -1,
      129, 130, 131, -1,
      131, 130, 132, -1,
      131, 132, 133, -1,
      133, 132, 134, -1,
      133, 134, 135, -1,
      135, 134, 136, -1,
      135, 136, 108, -1,
      108, 136, 137, -1,
      108, 137, 109, -1,
      105, 34, 33, -1,
      105, 33, 103, -1,
      103, 33, 18, -1,
      103, 18, 101, -1,
      101, 18, 17, -1,
      101, 17, 99, -1,
      100, 99, 4, -1,
      4, 99, 17, -1,
      100, 4, 15, -1,
      100, 15, 102, -1,
      102, 15, 16, -1,
      102, 16, 104, -1,
      104, 16, 8, -1,
      104, 8, 106, -1,
      106, 8, 7, -1,
      106, 7, 107, -1,
      107, 7, 39, -1,
      107, 39, 87, -1,
      87, 39, 38, -1,
      87, 38, 89, -1,
      89, 38, 32, -1,
      89, 32, 96, -1,
      96, 32, 31, -1,
      96, 31, 94, -1,
      94, 31, 30, -1,
      94, 30, 92, -1,
      92, 30, 29, -1,
      92, 29, 91, -1,
      121, 91, 9, -1,
      9, 91, 29, -1,
      121, 9, 14, -1,
      121, 14, 122, -1,
      122, 14, 13, -1,
      122, 13, 124, -1,
      124, 13, 3, -1,
      124, 3, 126, -1,
      126, 3, 5, -1,
      126, 5, 128, -1,
      128, 5, 6, -1,
      128, 6, 130, -1,
      130, 6, 26, -1,
      130, 26, 132, -1,
      132, 26, 25, -1,
      132, 25, 134, -1,
      134, 25, 21, -1,
      134, 21, 136, -1,
      136, 21, 20, -1,
      136, 20, 137, -1,
      137, 20, 19, -1,
      137, 19, 109, -1,
      43, 115, 44, -1,
      44, 115, 113, -1,
      44, 113, 11, -1,
      11, 113, 111, -1,
      11, 111, 12, -1,
      12, 111, 109, -1,
      12, 109, 19, -1,
      115, 43, 42, -1,
      115, 42, 117, -1,
      117, 42, 1, -1,
      117, 1, 119, -1,
      1, 0, 119, -1,
      119, 0, 10, -1,
      119, 10, 120, -1,
      120, 10, 24, -1,
      120, 24, 76, -1,
      76, 24, 23, -1,
      76, 23, 74, -1,
      72, 74, 22, -1,
      22, 74, 23, -1,
      70, 72, 2, -1,
      2, 72, 22, -1,
      71, 70, 45, -1,
      45, 70, 2, -1,
      73, 71, 27, -1,
      27, 71, 45, -1,
      73, 27, 28, -1,
      73, 28, 93, -1,
      93, 28, 40, -1,
      93, 40, 95, -1,
      95, 40, 41, -1,
      95, 41, 97, -1,
      97, 41, 37, -1,
      97, 37, 98, -1,
      98, 37, 36, -1,
      98, 36, 88, -1,
      88, 36, 35, -1,
      88, 35, 86, -1,
      86, 35, 34, -1,
      86, 34, 105, -1,
      123, 138, 139, -1,
      123, 139, 90, -1,
      90, 139, 140, -1,
      90, 140, 78, -1,
      78, 140, 141, -1,
      78, 141, 79, -1,
      131, 142, 143, -1,
      131, 143, 129, -1,
      129, 143, 144, -1,
      129, 144, 127, -1,
      127, 144, 145, -1,
      127, 145, 125, -1,
      125, 145, 138, -1,
      125, 138, 123, -1,
      110, 146, 147, -1,
      110, 147, 108, -1,
      108, 147, 148, -1,
      108, 148, 135, -1,
      135, 148, 149, -1,
      135, 149, 133, -1,
      133, 149, 142, -1,
      133, 142, 131, -1,
      116, 150, 151, -1,
      116, 151, 114, -1,
      114, 151, 152, -1,
      114, 152, 112, -1,
      112, 152, 146, -1,
      112, 146, 110, -1,
      85, 153, 154, -1,
      85, 154, 75, -1,
      75, 154, 155, -1,
      75, 155, 77, -1,
      77, 155, 156, -1,
      77, 156, 118, -1,
      118, 156, 150, -1,
      118, 150, 116, -1,
      81, 157, 158, -1,
      81, 158, 82, -1,
      82, 158, 159, -1,
      82, 159, 83, -1,
      83, 159, 160, -1,
      83, 160, 84, -1,
      84, 160, 153, -1,
      84, 153, 85, -1,
      81, 80, 157, -1,
      157, 80, 161, -1,
      80, 79, 161, -1,
      161, 79, 141, -1,
    ]
  }
}

Shape {
  appearance Appearance {
    material Material {
      diffuseColor 0.2235 0.2235 0.2235
      specularColor 0.1137 0.1137 0.1137
      ambientIntensity 0.2
      transparency 0.0000
      shininess 0.5
    }
  }
  geometry IndexedFaceSet {
    ccw TRUE
    solid FALSE
    coord DEF co Coordinate {
      point [
        0.772080 -1.097759 0.338583,
        0.773238 -1.096850 0.338583,
        0.775513 -1.095722 0.338583,
        0.781782 -1.094238 0.338583,
        0.769419 -1.105004 0.338583,
        0.769504 -1.103413 0.338583,
        0.770000 -1.101116 0.338583,
        0.770880 -1.099245 0.338583,
        0.772326 -1.111677 0.338583,
        0.771473 -1.110819 0.338583,
        0.770333 -1.109129 0.338583,
        0.769674 -1.107307 0.338583,
        0.779981 -1.114256 0.338583,
        0.776593 -1.113874 0.338583,
        0.774324 -1.113042 0.338583,
        0.790870 -1.109589 0.338583,
        0.789619 -1.110812 0.338583,
        0.786786 -1.112726 0.338583,
        0.783745 -1.113833 0.338583,
        0.795168 -1.097922 0.338583,
        0.795158 -1.098588 0.338583,
        0.794512 -1.103063 0.338583,
        0.793041 -1.106641 0.338583,
        0.795168 -1.092437 0.338583,
      ]
    }
    coordIndex [
      20, 19, 0, -1,
      19, 23, 3, -1,
      3, 2, 19, -1,
      19, 2, 1, -1,
      19, 1, 0, -1,
      20, 0, 21, -1,
      21, 0, 7, -1,
      21, 7, 22, -1,
      9, 8, 16, -1,
      9, 16, 10, -1,
      17, 16, 18, -1,
      18, 16, 12, -1,
      7, 6, 22, -1,
      22, 6, 5, -1,
      22, 5, 15, -1,
      15, 5, 4, -1,
      15, 4, 16, -1,
      16, 4, 11, -1,
      16, 11, 10, -1,
      8, 14, 16, -1,
      16, 14, 13, -1,
      16, 13, 12, -1,
    ]
  }
}

Shape {
  appearance Appearance {
    material Material {
      diffuseColor 1.0000 1.0000 1.0000
      specularColor 0.5020 0.5020 0.5020
      ambientIntensity 0.2
      transparency 0.0000
      shininess 0.5
    }
  }
  geometry IndexedFaceSet {
    ccw TRUE
    solid FALSE
    coord DEF co Coordinate {
      point [
        0.843383 -1.121402 0.338583,
        0.839971 -1.121808 0.338583,
        0.821694 -1.088426 0.338583,
        0.820394 -1.086352 0.338583,
        0.819285 -1.083293 0.338583,
        0.818849 -1.079379 0.338583,
        0.823335 -1.090141 0.338583,
        0.818787 -1.108770 0.338583,
        0.823423 -1.090200 0.338583,
        0.822394 -1.111029 0.338583,
        0.823423 -1.111431 0.338583,
        0.822285 -1.069874 0.338583,
        0.819239 -1.075815 0.338583,
        0.820428 -1.072585 0.338583,
        0.818787 -1.119127 0.338583,
        0.823423 -1.120756 0.338583,
        0.825830 -1.121602 0.338583,
        0.827812 -1.121808 0.338583,
        0.834302 -1.122484 0.338583,
        0.854667 -1.065174 0.338583,
        0.854667 -1.074917 0.338583,
        0.825276 -1.067180 0.338583,
        0.827731 -1.065671 0.338583,
        0.823423 -1.068848 0.338583,
        0.856935 -1.109596 0.338583,
        0.855707 -1.112775 0.338583,
        0.853840 -1.115421 0.338583,
        0.833103 -1.063596 0.338583,
        0.841118 -1.062636 0.338583,
        0.848154 -1.063260 0.338583,
        0.854053 -1.096121 0.338583,
        0.855920 -1.098873 0.338583,
        0.856992 -1.101828 0.338583,
        0.857410 -1.105578 0.338583,
        0.850963 -1.117940 0.338583,
        0.848652 -1.119363 0.338583,
        0.840135 -1.070782 0.338583,
        0.837167 -1.071005 0.338583,
        0.829185 -1.078478 0.338583,
        0.834483 -1.071715 0.338583,
        0.832235 -1.072911 0.338583,
        0.829276 -1.079812 0.338583,
        0.829674 -1.081370 0.338583,
        0.830397 -1.082723 0.338583,
        0.831375 -1.083800 0.338583,
        0.834911 -1.086010 0.338583,
        0.847135 -1.071633 0.338583,
        0.841118 -1.088712 0.338583,
        0.852810 -1.073830 0.338583,
        0.845001 -1.090283 0.338583,
        0.851662 -1.093988 0.338583,
        0.830722 -1.074248 0.338583,
        0.829861 -1.075525 0.338583,
        0.829367 -1.076879 0.338583,
        0.828667 -1.113480 0.338583,
        0.834036 -1.095998 0.338583,
        0.828058 -1.093258 0.338583,
        0.835284 -1.114296 0.338583,
        0.835727 -1.114294 0.338583,
        0.840621 -1.098757 0.338583,
        0.840869 -1.113718 0.338583,
        0.847115 -1.106560 0.338583,
        0.847017 -1.105312 0.338583,
        0.843456 -1.112770 0.338583,
        0.844371 -1.112216 0.338583,
        0.845522 -1.111194 0.338583,
        0.846397 -1.109899 0.338583,
        0.846907 -1.108473 0.338583,
        0.846561 -1.103746 0.338583,
        0.845785 -1.102417 0.338583,
        0.844536 -1.101115 0.338583,
        0.907126 -1.063946 0.338583,
        0.917524 -1.063946 0.338583,
        0.888787 -1.106928 0.338583,
        0.890015 -1.111636 0.338583,
        0.890281 -1.111636 0.338583,
        0.878686 -1.077871 0.338583,
        0.891509 -1.107010 0.338583,
        0.890742 -1.109676 0.338583,
        0.878686 -1.104792 0.338583,
        0.862629 -1.063946 0.338583,
        0.873846 -1.063946 0.338583,
        0.885062 -1.121010 0.338583,
        0.884724 -1.121808 0.338583,
        0.880661 -1.131407 0.338583,
        0.864696 -1.147250 0.338583,
        0.864696 -1.138326 0.338583,
        0.876758 -1.137165 0.338583,
        0.878627 -1.135108 0.338583,
        0.878686 -1.135001 0.338583,
        0.866748 -1.138998 0.338583,
        0.870386 -1.139472 0.338583,
        0.878686 -1.146244 0.338583,
        0.875611 -1.147503 0.338583,
        0.871164 -1.148068 0.338583,
        0.868950 -1.147989 0.338583,
        0.873069 -1.139133 0.338583,
        0.875236 -1.138243 0.338583,
        0.894710 -1.121808 0.338583,
        0.891570 -1.129770 0.338583,
        0.886975 -1.138694 0.338583,
        0.882849 -1.143494 0.338583,
        0.879530 -1.145898 0.338583,
        0.953659 -1.085069 0.338583,
        0.938667 -1.085069 0.338583,
        0.953659 -1.112004 0.338583,
        0.938667 -1.112004 0.338583,
        0.969573 -1.041063 0.338583,
        0.969573 -1.050274 0.338583,
        0.971394 -1.112004 0.338583,
        0.971394 -1.121133 0.338583,
        0.967301 -1.085069 0.338583,
        0.967301 -1.075899 0.338583,
        0.953659 -1.075899 0.338583,
        0.953659 -1.050274 0.338583,
        0.938667 -1.050274 0.338583,
        0.938667 -1.075899 0.338583,
        0.953659 -1.121133 0.338583,
        0.928330 -1.121133 0.338583,
        0.928330 -1.041063 0.338583,
        0.953659 -1.041063 0.338583,
        1.049533 -1.094538 0.338583,
        1.051470 -1.085162 0.338583,
        1.051709 -1.080075 0.338583,
        1.050360 -1.068983 0.338583,
        1.045593 -1.102821 0.338583,
        1.039634 -1.109917 0.338583,
        1.031330 -1.115881 0.338583,
        0.986520 -1.041063 0.338583,
        0.986520 -1.121133 0.338583,
        1.008543 -1.121133 0.338583,
        1.022217 -1.119457 0.338583,
        1.039634 -1.051665 0.338583,
        1.042421 -1.054388 0.338583,
        1.047387 -1.061357 0.338583,
        1.009362 -1.041063 0.338583,
        1.021585 -1.042413 0.338583,
        1.031249 -1.045942 0.338583,
        0.835284 -1.114296 0.338976,
        0.822394 -1.111029 0.338976,
        0.828667 -1.113480 0.338976,
        0.818787 -1.108770 0.338976,
        0.818787 -1.119127 0.338976,
        0.825830 -1.121602 0.338976,
        0.834302 -1.122484 0.338976,
        0.843383 -1.121402 0.338976,
        0.848652 -1.119363 0.338976,
        0.850963 -1.117940 0.338976,
        0.853840 -1.115421 0.338976,
        0.855707 -1.112775 0.338976,
        0.856935 -1.109596 0.338976,
        0.857410 -1.105578 0.338976,
        0.856992 -1.101828 0.338976,
        0.855920 -1.098873 0.338976,
        0.854053 -1.096121 0.338976,
        0.851662 -1.093988 0.338976,
        0.845001 -1.090283 0.338976,
        0.841118 -1.088712 0.338976,
        0.834911 -1.086010 0.338976,
        0.831375 -1.083800 0.338976,
        0.830397 -1.082723 0.338976,
        0.829674 -1.081370 0.338976,
        0.829276 -1.079812 0.338976,
        0.829185 -1.078478 0.338976,
        0.829367 -1.076879 0.338976,
        0.829861 -1.075525 0.338976,
        0.830722 -1.074248 0.338976,
        0.832235 -1.072911 0.338976,
        0.834483 -1.071715 0.338976,
        0.837167 -1.071005 0.338976,
        0.840135 -1.070782 0.338976,
        0.847135 -1.071633 0.338976,
        0.852810 -1.073830 0.338976,
        0.854667 -1.074917 0.338976,
        0.854667 -1.065174 0.338976,
        0.848154 -1.063260 0.338976,
        0.841118 -1.062636 0.338976,
        0.833103 -1.063596 0.338976,
        0.827731 -1.065671 0.338976,
        0.825276 -1.067180 0.338976,
        0.822285 -1.069874 0.338976,
        0.820428 -1.072585 0.338976,
        0.819239 -1.075815 0.338976,
        0.818849 -1.079379 0.338976,
        0.819285 -1.083293 0.338976,
        0.820394 -1.086352 0.338976,
        0.821694 -1.088426 0.338976,
        0.834036 -1.095998 0.338976,
        0.828058 -1.093258 0.338976,
        0.823335 -1.090141 0.338976,
        0.840621 -1.098757 0.338976,
        0.844536 -1.101115 0.338976,
        0.845785 -1.102417 0.338976,
        0.846561 -1.103746 0.338976,
        0.847017 -1.105312 0.338976,
        0.847115 -1.106560 0.338976,
        0.846907 -1.108473 0.338976,
        0.846397 -1.109899 0.338976,
        0.845522 -1.111194 0.338976,
        0.844371 -1.112216 0.338976,
        0.843456 -1.112770 0.338976,
        0.840869 -1.113718 0.338976,
        0.835727 -1.114294 0.338976,
        0.907126 -1.063946 0.338976,
        0.917524 -1.063946 0.338976,
        0.891509 -1.107010 0.338976,
        0.890742 -1.109676 0.338976,
        0.890281 -1.111636 0.338976,
        0.890015 -1.111636 0.338976,
        0.888787 -1.106928 0.338976,
        0.873846 -1.063946 0.338976,
        0.862629 -1.063946 0.338976,
        0.885062 -1.121010 0.338976,
        0.880661 -1.131407 0.338976,
        0.878627 -1.135108 0.338976,
        0.876758 -1.137165 0.338976,
        0.875236 -1.138243 0.338976,
        0.873069 -1.139133 0.338976,
        0.870386 -1.139472 0.338976,
        0.866748 -1.138998 0.338976,
        0.864696 -1.138326 0.338976,
        0.864696 -1.147250 0.338976,
        0.868950 -1.147989 0.338976,
        0.871164 -1.148068 0.338976,
        0.879530 -1.145898 0.338976,
        0.875611 -1.147503 0.338976,
        0.882849 -1.143494 0.338976,
        0.886975 -1.138694 0.338976,
        0.891570 -1.129770 0.338976,
        0.971394 -1.112004 0.338976,
        0.971394 -1.121133 0.338976,
        0.938667 -1.112004 0.338976,
        0.938667 -1.085069 0.338976,
        0.967301 -1.085069 0.338976,
        0.967301 -1.075899 0.338976,
        0.938667 -1.075899 0.338976,
        0.938667 -1.050274 0.338976,
        0.969573 -1.050274 0.338976,
        0.969573 -1.041063 0.338976,
        0.928330 -1.041063 0.338976,
        0.928330 -1.121133 0.338976,
        1.039634 -1.109917 0.338976,
        1.031408 -1.104474 0.338976,
        1.031330 -1.115881 0.338976,
        1.026259 -1.108076 0.338976,
        1.022217 -1.119457 0.338976,
        1.019670 -1.110654 0.338976,
        1.008543 -1.121133 0.338976,
        1.008482 -1.112004 0.338976,
        0.986520 -1.121133 0.338976,
        0.996856 -1.112004 0.338976,
        0.986520 -1.041063 0.338976,
        0.996856 -1.050274 0.338976,
        1.009362 -1.041063 0.338976,
        1.008953 -1.050274 0.338976,
        1.021585 -1.042413 0.338976,
        1.019247 -1.051408 0.338976,
        1.031249 -1.045942 0.338976,
        1.026195 -1.053911 0.338976,
        1.039634 -1.051665 0.338976,
        1.032061 -1.057806 0.338976,
        1.042421 -1.054388 0.338976,
        1.034246 -1.059952 0.338976,
        1.047387 -1.061357 0.338976,
        1.037361 -1.064427 0.338976,
        1.050360 -1.068983 0.338976,
        1.039630 -1.070249 0.338976,
        1.051709 -1.080075 0.338976,
        1.040841 -1.080361 0.338976,
        1.051470 -1.085162 0.338976,
        1.040431 -1.086608 0.338976,
        1.049533 -1.094538 0.338976,
        1.038704 -1.093685 0.338976,
        1.045593 -1.102821 0.338976,
        1.035780 -1.099471 0.338976,
        1.032286 -1.103654 0.338976,
        1.008953 -1.050274 0.338583,
        0.996856 -1.050274 0.338583,
        0.996856 -1.112004 0.338583,
        1.008482 -1.112004 0.338583,
        1.032286 -1.103654 0.338583,
        1.031408 -1.104474 0.338583,
        1.026259 -1.108076 0.338583,
        1.019670 -1.110654 0.338583,
        1.040841 -1.080361 0.338583,
        1.040431 -1.086608 0.338583,
        1.038704 -1.093685 0.338583,
        1.035780 -1.099471 0.338583,
        1.032061 -1.057806 0.338583,
        1.034246 -1.059952 0.338583,
        1.037361 -1.064427 0.338583,
        1.039630 -1.070249 0.338583,
        1.019247 -1.051408 0.338583,
        1.026195 -1.053911 0.338583,
      ]
    }
    coordIndex [
      138, 57, 54, -1,
      10, 139, 54, -1,
      54, 139, 140, -1,
      54, 140, 138, -1,
      10, 9, 139, -1,
      139, 9, 7, -1,
      139, 7, 141, -1,
      142, 141, 14, -1,
      14, 141, 7, -1,
      143, 142, 15, -1,
      15, 142, 14, -1,
      18, 144, 17, -1,
      17, 144, 143, -1,
      17, 143, 16, -1,
      16, 143, 15, -1,
      145, 144, 1, -1,
      1, 144, 18, -1,
      1, 0, 145, -1,
      145, 0, 35, -1,
      145, 35, 146, -1,
      146, 35, 34, -1,
      146, 34, 147, -1,
      147, 34, 26, -1,
      147, 26, 148, -1,
      148, 26, 25, -1,
      148, 25, 149, -1,
      149, 25, 24, -1,
      149, 24, 150, -1,
      150, 24, 33, -1,
      150, 33, 151, -1,
      151, 33, 32, -1,
      151, 32, 152, -1,
      152, 32, 31, -1,
      152, 31, 153, -1,
      153, 31, 30, -1,
      153, 30, 154, -1,
      154, 30, 50, -1,
      154, 50, 155, -1,
      155, 50, 49, -1,
      155, 49, 156, -1,
      156, 49, 47, -1,
      156, 47, 157, -1,
      157, 47, 45, -1,
      157, 45, 158, -1,
      158, 45, 44, -1,
      158, 44, 159, -1,
      159, 44, 43, -1,
      159, 43, 160, -1,
      160, 43, 42, -1,
      160, 42, 161, -1,
      161, 42, 41, -1,
      161, 41, 162, -1,
      162, 41, 38, -1,
      162, 38, 163, -1,
      163, 38, 53, -1,
      163, 53, 164, -1,
      164, 53, 52, -1,
      164, 52, 165, -1,
      165, 52, 51, -1,
      165, 51, 166, -1,
      166, 51, 40, -1,
      166, 40, 167, -1,
      167, 40, 39, -1,
      167, 39, 168, -1,
      168, 39, 37, -1,
      168, 37, 169, -1,
      169, 37, 36, -1,
      169, 36, 170, -1,
      170, 36, 46, -1,
      170, 46, 171, -1,
      171, 46, 48, -1,
      171, 48, 172, -1,
      172, 48, 20, -1,
      172, 20, 173, -1,
      174, 173, 19, -1,
      19, 173, 20, -1,
      174, 19, 29, -1,
      174, 29, 175, -1,
      175, 29, 28, -1,
      175, 28, 176, -1,
      176, 28, 27, -1,
      176, 27, 177, -1,
      177, 27, 22, -1,
      177, 22, 178, -1,
      178, 22, 21, -1,
      178, 21, 179, -1,
      180, 179, 23, -1,
      23, 179, 21, -1,
      23, 11, 180, -1,
      180, 11, 13, -1,
      180, 13, 181, -1,
      181, 13, 12, -1,
      181, 12, 182, -1,
      182, 12, 5, -1,
      182, 5, 183, -1,
      183, 5, 4, -1,
      183, 4, 184, -1,
      184, 4, 3, -1,
      184, 3, 185, -1,
      185, 3, 2, -1,
      185, 2, 186, -1,
      55, 187, 188, -1,
      186, 2, 6, -1,
      186, 6, 189, -1,
      189, 6, 8, -1,
      189, 8, 188, -1,
      188, 8, 56, -1,
      188, 56, 55, -1,
      187, 55, 59, -1,
      187, 59, 190, -1,
      190, 59, 70, -1,
      190, 70, 191, -1,
      191, 70, 69, -1,
      191, 69, 192, -1,
      192, 69, 68, -1,
      192, 68, 193, -1,
      193, 68, 62, -1,
      193, 62, 194, -1,
      194, 62, 61, -1,
      194, 61, 195, -1,
      195, 61, 67, -1,
      195, 67, 196, -1,
      196, 67, 66, -1,
      196, 66, 197, -1,
      197, 66, 65, -1,
      197, 65, 198, -1,
      198, 65, 64, -1,
      198, 64, 199, -1,
      199, 64, 63, -1,
      199, 63, 200, -1,
      200, 63, 60, -1,
      200, 60, 201, -1,
      201, 60, 58, -1,
      201, 58, 202, -1,
      202, 58, 57, -1,
      202, 57, 138, -1,
      165, 166, 179, -1,
      179, 166, 178, -1,
      178, 166, 167, -1,
      178, 167, 177, -1,
      190, 157, 187, -1,
      187, 157, 158, -1,
      146, 147, 198, -1,
      198, 147, 148, -1,
      198, 148, 197, -1,
      197, 148, 149, -1,
      197, 149, 196, -1,
      196, 149, 150, -1,
      196, 150, 195, -1,
      195, 150, 151, -1,
      195, 151, 194, -1,
      194, 151, 152, -1,
      194, 152, 193, -1,
      193, 152, 153, -1,
      193, 153, 192, -1,
      192, 153, 154, -1,
      192, 154, 191, -1,
      191, 154, 155, -1,
      191, 155, 190, -1,
      190, 155, 156, -1,
      190, 156, 157, -1,
      144, 138, 143, -1,
      143, 138, 140, -1,
      143, 140, 142, -1,
      142, 140, 139, -1,
      142, 139, 141, -1,
      167, 168, 177, -1,
      177, 168, 169, -1,
      177, 169, 176, -1,
      176, 169, 170, -1,
      176, 170, 175, -1,
      175, 170, 171, -1,
      175, 171, 174, -1,
      174, 171, 172, -1,
      174, 172, 173, -1,
      198, 199, 146, -1,
      146, 199, 200, -1,
      146, 200, 145, -1,
      145, 200, 201, -1,
      145, 201, 144, -1,
      144, 201, 202, -1,
      144, 202, 138, -1,
      179, 180, 165, -1,
      165, 180, 181, -1,
      165, 181, 164, -1,
      164, 181, 182, -1,
      164, 182, 163, -1,
      163, 182, 183, -1,
      163, 183, 162, -1,
      162, 183, 184, -1,
      162, 184, 161, -1,
      161, 184, 185, -1,
      161, 185, 160, -1,
      160, 185, 186, -1,
      160, 186, 159, -1,
      159, 186, 189, -1,
      159, 189, 158, -1,
      158, 189, 188, -1,
      158, 188, 187, -1,
      203, 204, 71, -1,
      71, 204, 72, -1,
      205, 203, 77, -1,
      77, 203, 71, -1,
      205, 77, 78, -1,
      205, 78, 206, -1,
      206, 78, 75, -1,
      206, 75, 207, -1,
      208, 207, 74, -1,
      74, 207, 75, -1,
      209, 208, 73, -1,
      73, 208, 74, -1,
      81, 210, 76, -1,
      76, 210, 209, -1,
      76, 209, 73, -1,
      211, 210, 80, -1,
      80, 210, 81, -1,
      82, 212, 79, -1,
      79, 212, 211, -1,
      79, 211, 80, -1,
      84, 213, 83, -1,
      83, 213, 212, -1,
      83, 212, 82, -1,
      84, 89, 213, -1,
      213, 89, 214, -1,
      89, 88, 214, -1,
      214, 88, 87, -1,
      214, 87, 215, -1,
      215, 87, 97, -1,
      215, 97, 216, -1,
      216, 97, 96, -1,
      216, 96, 217, -1,
      217, 96, 91, -1,
      217, 91, 218, -1,
      218, 91, 90, -1,
      218, 90, 219, -1,
      219, 90, 86, -1,
      219, 86, 220, -1,
      221, 220, 85, -1,
      85, 220, 86, -1,
      221, 85, 95, -1,
      221, 95, 222, -1,
      222, 95, 94, -1,
      222, 94, 223, -1,
      223, 94, 93, -1,
      92, 224, 93, -1,
      93, 224, 225, -1,
      93, 225, 223, -1,
      92, 102, 224, -1,
      224, 102, 101, -1,
      224, 101, 226, -1,
      226, 101, 100, -1,
      226, 100, 227, -1,
      227, 100, 99, -1,
      227, 99, 228, -1,
      72, 204, 98, -1,
      98, 204, 228, -1,
      98, 228, 99, -1,
      206, 207, 228, -1,
      204, 203, 228, -1,
      228, 203, 205, -1,
      228, 205, 206, -1,
      210, 211, 209, -1,
      209, 211, 212, -1,
      209, 212, 208, -1,
      207, 208, 228, -1,
      228, 208, 212, -1,
      228, 212, 227, -1,
      220, 221, 219, -1,
      219, 221, 222, -1,
      219, 222, 218, -1,
      218, 222, 223, -1,
      218, 223, 217, -1,
      217, 223, 225, -1,
      217, 225, 216, -1,
      216, 225, 224, -1,
      216, 224, 215, -1,
      215, 224, 226, -1,
      215, 226, 214, -1,
      214, 226, 227, -1,
      214, 227, 213, -1,
      213, 227, 212, -1,
      229, 230, 109, -1,
      109, 230, 110, -1,
      106, 231, 105, -1,
      105, 231, 229, -1,
      105, 229, 109, -1,
      232, 231, 104, -1,
      104, 231, 106, -1,
      111, 233, 103, -1,
      103, 233, 232, -1,
      103, 232, 104, -1,
      234, 233, 112, -1,
      112, 233, 111, -1,
      116, 235, 113, -1,
      113, 235, 234, -1,
      113, 234, 112, -1,
      236, 235, 115, -1,
      115, 235, 116, -1,
      108, 237, 114, -1,
      114, 237, 236, -1,
      114, 236, 115, -1,
      238, 237, 107, -1,
      107, 237, 108, -1,
      119, 239, 120, -1,
      120, 239, 238, -1,
      120, 238, 107, -1,
      240, 239, 118, -1,
      118, 239, 119, -1,
      110, 230, 117, -1,
      117, 230, 240, -1,
      117, 240, 118, -1,
      240, 230, 229, -1,
      229, 231, 240, -1,
      240, 231, 232, -1,
      240, 232, 239, -1,
      237, 238, 236, -1,
      236, 238, 239, -1,
      236, 239, 235, -1,
      235, 239, 232, -1,
      235, 232, 234, -1,
      234, 232, 233, -1,
      241, 242, 243, -1,
      243, 242, 244, -1,
      243, 244, 245, -1,
      245, 244, 246, -1,
      245, 246, 247, -1,
      247, 246, 248, -1,
      247, 248, 249, -1,
      249, 248, 250, -1,
      249, 250, 251, -1,
      251, 250, 252, -1,
      251, 252, 253, -1,
      253, 252, 254, -1,
      253, 254, 255, -1,
      255, 254, 256, -1,
      255, 256, 257, -1,
      257, 256, 258, -1,
      257, 258, 259, -1,
      259, 258, 260, -1,
      259, 260, 261, -1,
      261, 260, 262, -1,
      261, 262, 263, -1,
      263, 262, 264, -1,
      263, 264, 265, -1,
      265, 264, 266, -1,
      265, 266, 267, -1,
      267, 266, 268, -1,
      267, 268, 269, -1,
      269, 268, 270, -1,
      269, 270, 271, -1,
      271, 270, 272, -1,
      271, 272, 273, -1,
      273, 272, 274, -1,
      273, 274, 241, -1,
      241, 274, 275, -1,
      241, 275, 242, -1,
      247, 249, 130, -1,
      130, 249, 129, -1,
      247, 130, 131, -1,
      247, 131, 245, -1,
      245, 131, 127, -1,
      245, 127, 243, -1,
      243, 127, 126, -1,
      243, 126, 241, -1,
      241, 126, 125, -1,
      241, 125, 273, -1,
      273, 125, 121, -1,
      273, 121, 271, -1,
      271, 121, 122, -1,
      271, 122, 269, -1,
      269, 122, 123, -1,
      269, 123, 267, -1,
      267, 123, 124, -1,
      267, 124, 265, -1,
      265, 124, 134, -1,
      265, 134, 263, -1,
      263, 134, 133, -1,
      263, 133, 261, -1,
      261, 133, 132, -1,
      261, 132, 259, -1,
      259, 132, 137, -1,
      259, 137, 257, -1,
      257, 137, 136, -1,
      257, 136, 255, -1,
      255, 136, 135, -1,
      255, 135, 253, -1,
      251, 253, 128, -1,
      128, 253, 135, -1,
      249, 251, 129, -1,
      129, 251, 128, -1,
      254, 252, 276, -1,
      276, 252, 277, -1,
      252, 250, 277, -1,
      277, 250, 278, -1,
      250, 248, 278, -1,
      278, 248, 279, -1,
      275, 280, 281, -1,
      275, 281, 242, -1,
      242, 281, 282, -1,
      242, 282, 244, -1,
      244, 282, 283, -1,
      244, 283, 246, -1,
      246, 283, 279, -1,
      246, 279, 248, -1,
      268, 284, 285, -1,
      268, 285, 270, -1,
      270, 285, 286, -1,
      270, 286, 272, -1,
      272, 286, 287, -1,
      272, 287, 274, -1,
      274, 287, 280, -1,
      274, 280, 275, -1,
      260, 288, 289, -1,
      260, 289, 262, -1,
      262, 289, 290, -1,
      262, 290, 264, -1,
      264, 290, 291, -1,
      264, 291, 266, -1,
      266, 291, 284, -1,
      266, 284, 268, -1,
      254, 276, 292, -1,
      254, 292, 256, -1,
      256, 292, 293, -1,
      256, 293, 258, -1,
      258, 293, 288, -1,
      258, 288, 260, -1,
    ]
  }
}

Shape {
  appearance Appearance {
    material Material {
      diffuseColor 0.2235 0.2235 0.2235
      specularColor 0.1137 0.1137 0.1137
      ambientIntensity 0.2
      transparency 0.0000
      shininess 0.5
    }
  }
  geometry IndexedFaceSet {
    ccw TRUE
    solid FALSE
    coord DEF co Coordinate {
      point [
        1.008953 -1.050274 0.338583,
        0.996856 -1.050274 0.338583,
        0.996856 -1.112004 0.338583,
        1.008482 -1.112004 0.338583,
        1.032286 -1.103654 0.338583,
        1.031408 -1.104474 0.338583,
        1.026259 -1.108076 0.338583,
        1.019670 -1.110654 0.338583,
        1.040841 -1.080361 0.338583,
        1.040431 -1.086608 0.338583,
        1.038704 -1.093685 0.338583,
        1.035780 -1.099471 0.338583,
        1.032061 -1.057806 0.338583,
        1.034246 -1.059952 0.338583,
        1.037361 -1.064427 0.338583,
        1.039630 -1.070249 0.338583,
        1.019247 -1.051408 0.338583,
        1.026195 -1.053911 0.338583,
      ]
    }
    coordIndex [
      5, 4, 0, -1,
      1, 2, 0, -1,
      0, 2, 3, -1,
      3, 7, 0, -1,
      0, 7, 6, -1,
      0, 6, 5, -1,
      4, 11, 0, -1,
      0, 11, 10, -1,
      0, 10, 9, -1,
      9, 8, 0, -1,
      0, 8, 15, -1,
      0, 15, 14, -1,
      14, 13, 0, -1,
      0, 13, 12, -1,
      0, 12, 16, -1,
      16, 12, 17, -1,
    ]
  }
}

Shape {
  appearance Appearance {
    material Material {
      diffuseColor 1.0000 1.0000 1.0000
      specularColor 0.5020 0.5020 0.5020
      ambientIntensity 0.2
      transparency 0.0000
      shininess 0.5
    }
  }
  geometry IndexedFaceSet {
    ccw TRUE
    solid FALSE
    coord DEF co Coordinate {
      point [
        1.067572 -1.121133 0.338583,
        1.056151 -1.121133 0.338583,
        1.116776 -1.121133 0.338583,
        1.108610 -1.099232 0.338583,
        1.075268 -1.099232 0.338583,
        1.128197 -1.121133 0.338583,
        1.097700 -1.041063 0.338583,
        1.086648 -1.041063 0.338583,
        1.078543 -1.090186 0.338976,
        1.075268 -1.099232 0.338976,
        1.105417 -1.090186 0.338976,
        1.108610 -1.099232 0.338976,
        1.090517 -1.056905 0.338976,
        1.086648 -1.041063 0.338976,
        1.056151 -1.121133 0.338976,
        1.067572 -1.121133 0.338976,
        1.091209 -1.054516 0.338976,
        1.091826 -1.051297 0.338976,
        1.097700 -1.041063 0.338976,
        1.092072 -1.051297 0.338976,
        1.092719 -1.054685 0.338976,
        1.093320 -1.056905 0.338976,
        1.128197 -1.121133 0.338976,
        1.116776 -1.121133 0.338976,
        1.078543 -1.090186 0.338583,
        1.105417 -1.090186 0.338583,
        1.093320 -1.056905 0.338583,
        1.092072 -1.051297 0.338583,
        1.092719 -1.054685 0.338583,
        1.091826 -1.051297 0.338583,
        1.090517 -1.056905 0.338583,
        1.091209 -1.054516 0.338583,
      ]
    }
    coordIndex [
      8, 9, 10, -1,
      10, 9, 11, -1,
      12, 13, 8, -1,
      8, 13, 14, -1,
      8, 14, 9, -1,
      9, 14, 15, -1,
      12, 16, 13, -1,
      13, 16, 17, -1,
      13, 17, 18, -1,
      18, 17, 19, -1,
      18, 19, 20, -1,
      20, 21, 18, -1,
      18, 21, 10, -1,
      18, 10, 22, -1,
      22, 10, 11, -1,
      22, 11, 23, -1,
      18, 22, 6, -1,
      6, 22, 5, -1,
      13, 18, 7, -1,
      7, 18, 6, -1,
      14, 13, 1, -1,
      1, 13, 7, -1,
      15, 14, 0, -1,
      0, 14, 1, -1,
      9, 15, 4, -1,
      4, 15, 0, -1,
      11, 9, 3, -1,
      3, 9, 4, -1,
      23, 11, 2, -1,
      2, 11, 3, -1,
      22, 23, 5, -1,
      5, 23, 2, -1,
      8, 10, 24, -1,
      24, 10, 25, -1,
      10, 21, 25, -1,
      25, 21, 26, -1,
      19, 27, 28, -1,
      19, 28, 20, -1,
      20, 28, 26, -1,
      20, 26, 21, -1,
      19, 17, 27, -1,
      27, 17, 29, -1,
      12, 30, 31, -1,
      12, 31, 16, -1,
      16, 31, 29, -1,
      16, 29, 17, -1,
      12, 8, 30, -1,
      30, 8, 24, -1,
    ]
  }
}

Shape {
  appearance Appearance {
    material Material {
      diffuseColor 0.2235 0.2235 0.2235
      specularColor 0.1137 0.1137 0.1137
      ambientIntensity 0.2
      transparency 0.0000
      shininess 0.5
    }
  }
  geometry IndexedFaceSet {
    ccw TRUE
    solid FALSE
    coord DEF co Coordinate {
      point [
        1.078543 -1.090186 0.338583,
        1.105417 -1.090186 0.338583,
        1.093320 -1.056905 0.338583,
        1.092072 -1.051297 0.338583,
        1.092719 -1.054685 0.338583,
        1.091826 -1.051297 0.338583,
        1.090517 -1.056905 0.338583,
        1.091209 -1.054516 0.338583,
      ]
    }
    coordIndex [
      3, 5, 4, -1,
      4, 5, 7, -1,
      4, 7, 2, -1,
      2, 7, 6, -1,
      2, 6, 1, -1,
      1, 6, 0, -1,
    ]
  }
}

Shape {
  appearance Appearance {
    material Material {
      diffuseColor 1.0000 1.0000 1.0000
      specularColor 0.5020 0.5020 0.5020
      ambientIntensity 0.2
      transparency 0.0000
      shininess 0.5
    }
  }
  geometry IndexedFaceSet {
    ccw TRUE
    solid FALSE
    coord DEF co Coordinate {
      point [
        0.277998 -1.024887 0.338583,
        0.279267 -1.018262 0.338583,
        0.604423 -0.976506 0.338583,
        0.619856 -0.989574 0.338583,
        0.528516 -0.905089 0.338583,
        0.540826 -0.913365 0.338583,
        0.553907 -0.922160 0.338583,
        0.572473 -0.943553 0.338583,
        0.584649 -0.967134 0.338583,
        0.587486 -0.968089 0.338583,
        0.476485 -0.892557 0.338583,
        0.499947 -0.895022 0.338583,
        0.448211 -0.896054 0.338583,
        0.304560 -0.965995 0.338583,
        0.309141 -0.961704 0.338583,
        0.421967 -0.906204 0.338583,
        0.410419 -0.913365 0.338583,
        0.408170 -0.914759 0.338583,
        0.328164 -0.948760 0.338583,
        0.349371 -0.941014 0.338583,
        0.370028 -0.938670 0.338583,
        0.394792 -0.926217 0.338583,
        0.376575 -0.939026 0.338583,
        0.383122 -0.939808 0.338583,
        0.282305 -1.002387 0.338583,
        0.285845 -0.994786 0.338583,
        0.291747 -0.982112 0.338583,
        0.338041 -1.117403 0.338583,
        0.317721 -1.106915 0.338583,
        0.301714 -1.092946 0.338583,
        0.299996 -1.090983 0.338583,
        0.287856 -1.072736 0.338583,
        0.280139 -1.051444 0.338583,
        0.277804 -1.030894 0.338583,
        0.347256 -1.120272 0.338583,
        0.347974 -1.121808 0.338583,
        0.352953 -1.132467 0.338583,
        0.361415 -1.142918 0.338583,
        0.424912 -1.153526 0.338583,
        0.415098 -1.157291 0.338583,
        0.401339 -1.158983 0.338583,
        0.399120 -1.158942 0.338583,
        0.385680 -1.156840 0.338583,
        0.377801 -1.153526 0.338583,
        0.372548 -1.151316 0.338583,
        0.454691 -1.121808 0.338583,
        0.454654 -1.121965 0.338583,
        0.447933 -1.134663 0.338583,
        0.439138 -1.144533 0.338583,
        0.427796 -1.152419 0.338583,
        0.638415 -1.023166 0.338583,
        0.641008 -1.041711 0.338583,
        0.527466 -1.088174 0.338583,
        0.531380 -1.086655 0.338583,
        0.537967 -1.054235 0.338583,
        0.619944 -1.095793 0.338583,
        0.604299 -1.109006 0.338583,
        0.444035 -1.063913 0.338583,
        0.520320 -1.024063 0.338583,
        0.434102 -1.054865 0.338583,
        0.422025 -1.048387 0.338583,
        0.523953 -1.090631 0.338583,
        0.631131 -1.080258 0.338583,
        0.605441 -1.037351 0.338583,
        0.602781 -1.026413 0.338583,
        0.598402 -1.018262 0.338583,
        0.315082 -1.018262 0.338583,
        0.638334 -1.062263 0.338583,
        0.535690 -1.086115 0.338583,
        0.536244 -1.086155 0.338583,
        0.537952 -1.086533 0.338583,
        0.318403 -1.052397 0.338583,
        0.325228 -1.064021 0.338583,
        0.354134 -1.069867 0.338583,
        0.335438 -1.074503 0.338583,
        0.347826 -1.082130 0.338583,
        0.375195 -1.051029 0.338583,
        0.363551 -1.059111 0.338583,
        0.313669 -1.029756 0.338583,
        0.314338 -1.038456 0.338583,
        0.387772 -1.046226 0.338583,
        0.401339 -1.044557 0.338583,
        0.408285 -1.044970 0.338583,
        0.518043 -1.103763 0.338583,
        0.518147 -1.101852 0.338583,
        0.458267 -1.096362 0.338583,
        0.519205 -1.097499 0.338583,
        0.521325 -1.093565 0.338583,
        0.594168 -1.072379 0.338583,
        0.600428 -1.063497 0.338583,
        0.604349 -1.053350 0.338583,
        0.605713 -1.042280 0.338583,
        0.531376 -1.120902 0.338583,
        0.527609 -1.119427 0.338583,
        0.523911 -1.116809 0.338583,
        0.522556 -1.115431 0.338583,
        0.520077 -1.111854 0.338583,
        0.518580 -1.107993 0.338583,
        0.457967 -1.107907 0.338583,
        0.458267 -1.102055 0.338583,
        0.586913 -1.117464 0.338583,
        0.568140 -1.121411 0.338583,
        0.534552 -1.121411 0.338583,
        0.539106 -1.086684 0.338583,
        0.564724 -1.086684 0.338583,
        0.574896 -1.084741 0.338583,
        0.584946 -1.080098 0.338583,
        0.593372 -1.073233 0.338583,
        0.556754 -0.997875 0.338583,
        0.320233 -1.003298 0.338583,
        0.315361 -1.015996 0.338583,
        0.561308 -0.997875 0.338583,
        0.597499 -1.016582 0.338583,
        0.590887 -1.009192 0.338583,
        0.582055 -1.003029 0.338583,
        0.572118 -0.999207 0.338583,
        0.532446 -0.949097 0.338583,
        0.529928 -0.946782 0.338583,
        0.400769 -0.981366 0.338583,
        0.545083 -0.964619 0.338583,
        0.326152 -0.994786 0.338583,
        0.396617 -0.979100 0.338583,
        0.556098 -0.994786 0.338583,
        0.553612 -0.983087 0.338583,
        0.383850 -0.974457 0.338583,
        0.370597 -0.972827 0.338583,
        0.364745 -0.973128 0.338583,
        0.513892 -0.935760 0.338583,
        0.496013 -0.929002 0.338583,
        0.409184 -0.963799 0.338583,
        0.477054 -0.926715 0.338583,
        0.350687 -0.976440 0.338583,
        0.337989 -0.983161 0.338583,
        0.328119 -0.991956 0.338583,
        0.456356 -0.929346 0.338583,
        0.437711 -0.936833 0.338583,
        0.421846 -0.948469 0.338583,
        0.623590 -0.994786 0.338583,
        0.631466 -1.005776 0.338583,
        0.636455 -1.018262 0.338583,
        0.352953 -1.132467 0.338976,
        0.361415 -1.142918 0.338976,
        0.347826 -1.082130 0.338976,
        0.405604 -1.080958 0.338976,
        0.410881 -1.082873 0.338976,
        0.458267 -1.096362 0.338976,
        0.415446 -1.085983 0.338976,
        0.419097 -1.090093 0.338976,
        0.537967 -1.054235 0.338976,
        0.520320 -1.024063 0.338976,
        0.444035 -1.063913 0.338976,
        0.400769 -1.080422 0.338976,
        0.437711 -0.936833 0.338976,
        0.421967 -0.906204 0.338976,
        0.408170 -0.914759 0.338976,
        0.335438 -1.074503 0.338976,
        0.338041 -1.117403 0.338976,
        0.347256 -1.120272 0.338976,
        0.421549 -1.094777 0.338976,
        0.422826 -1.100061 0.338976,
        0.458267 -1.102055 0.338976,
        0.422834 -1.105085 0.338976,
        0.395864 -1.080974 0.338976,
        0.387772 -1.046226 0.338976,
        0.390847 -1.082777 0.338976,
        0.375195 -1.051029 0.338976,
        0.386313 -1.085791 0.338976,
        0.363551 -1.059111 0.338976,
        0.382596 -1.089872 0.338976,
        0.354134 -1.069867 0.338976,
        0.379971 -1.094826 0.338976,
        0.378686 -1.100304 0.338976,
        0.556754 -0.997875 0.338976,
        0.561308 -0.997875 0.338976,
        0.584649 -0.967134 0.338976,
        0.572118 -0.999207 0.338976,
        0.587486 -0.968089 0.338976,
        0.582055 -1.003029 0.338976,
        0.604423 -0.976506 0.338976,
        0.619856 -0.989574 0.338976,
        0.421846 -0.948469 0.338976,
        0.394792 -0.926217 0.338976,
        0.409184 -0.963799 0.338976,
        0.383122 -0.939808 0.338976,
        0.400769 -0.981366 0.338976,
        0.350687 -0.976440 0.338976,
        0.364745 -0.973128 0.338976,
        0.370028 -0.938670 0.338976,
        0.370597 -0.972827 0.338976,
        0.376575 -0.939026 0.338976,
        0.383850 -0.974457 0.338976,
        0.396617 -0.979100 0.338976,
        0.386570 -1.119674 0.338976,
        0.391234 -1.122661 0.338976,
        0.372548 -1.151316 0.338976,
        0.396570 -1.124423 0.338976,
        0.422025 -1.048387 0.338976,
        0.408285 -1.044970 0.338976,
        0.401339 -1.044557 0.338976,
        0.619944 -1.095793 0.338976,
        0.593372 -1.073233 0.338976,
        0.604299 -1.109006 0.338976,
        0.584946 -1.080098 0.338976,
        0.586913 -1.117464 0.338976,
        0.574896 -1.084741 0.338976,
        0.568140 -1.121411 0.338976,
        0.564724 -1.086684 0.338976,
        0.534552 -1.121411 0.338976,
        0.539106 -1.086684 0.338976,
        0.531376 -1.120902 0.338976,
        0.325228 -1.064021 0.338976,
        0.301714 -1.092946 0.338976,
        0.317721 -1.106915 0.338976,
        0.315361 -1.015996 0.338976,
        0.277998 -1.024887 0.338976,
        0.313669 -1.029756 0.338976,
        0.277804 -1.030894 0.338976,
        0.314338 -1.038456 0.338976,
        0.280139 -1.051444 0.338976,
        0.318403 -1.052397 0.338976,
        0.287856 -1.072736 0.338976,
        0.299996 -1.090983 0.338976,
        0.382809 -1.115672 0.338976,
        0.380222 -1.111059 0.338976,
        0.378802 -1.105877 0.338976,
        0.590887 -1.009192 0.338976,
        0.597499 -1.016582 0.338976,
        0.631466 -1.005776 0.338976,
        0.602781 -1.026413 0.338976,
        0.638415 -1.023166 0.338976,
        0.605441 -1.037351 0.338976,
        0.641008 -1.041711 0.338976,
        0.605713 -1.042280 0.338976,
        0.638334 -1.062263 0.338976,
        0.604349 -1.053350 0.338976,
        0.631131 -1.080258 0.338976,
        0.600428 -1.063497 0.338976,
        0.594168 -1.072379 0.338976,
        0.553907 -0.922160 0.338976,
        0.532446 -0.949097 0.338976,
        0.572473 -0.943553 0.338976,
        0.545083 -0.964619 0.338976,
        0.553612 -0.983087 0.338976,
        0.349371 -0.941014 0.338976,
        0.328164 -0.948760 0.338976,
        0.337989 -0.983161 0.338976,
        0.309141 -0.961704 0.338976,
        0.328119 -0.991956 0.338976,
        0.304560 -0.965995 0.338976,
        0.320233 -1.003298 0.338976,
        0.291747 -0.982112 0.338976,
        0.282305 -1.002387 0.338976,
        0.434102 -1.054865 0.338976,
        0.448211 -0.896054 0.338976,
        0.456356 -0.929346 0.338976,
        0.476485 -0.892557 0.338976,
        0.477054 -0.926715 0.338976,
        0.499947 -0.895022 0.338976,
        0.496013 -0.929002 0.338976,
        0.528516 -0.905089 0.338976,
        0.513892 -0.935760 0.338976,
        0.529928 -0.946782 0.338976,
        0.536244 -1.086155 0.338976,
        0.522556 -1.115431 0.338976,
        0.523911 -1.116809 0.338976,
        0.385680 -1.156840 0.338976,
        0.399120 -1.158942 0.338976,
        0.400769 -1.124826 0.338976,
        0.401339 -1.158983 0.338976,
        0.405719 -1.124276 0.338976,
        0.415098 -1.157291 0.338976,
        0.410719 -1.122480 0.338976,
        0.427796 -1.152419 0.338976,
        0.415138 -1.119541 0.338976,
        0.439138 -1.144533 0.338976,
        0.418863 -1.115465 0.338976,
        0.447933 -1.134663 0.338976,
        0.421497 -1.110555 0.338976,
        0.454654 -1.121965 0.338976,
        0.457967 -1.107907 0.338976,
        0.537952 -1.086533 0.338976,
        0.527609 -1.119427 0.338976,
        0.518043 -1.103763 0.338976,
        0.518580 -1.107993 0.338976,
        0.520077 -1.111854 0.338976,
        0.531380 -1.086655 0.338976,
        0.527466 -1.088174 0.338976,
        0.518147 -1.101852 0.338976,
        0.523953 -1.090631 0.338976,
        0.521325 -1.093565 0.338976,
        0.519205 -1.097499 0.338976,
        0.535690 -1.086115 0.338976,
        0.400769 -1.080422 0.338583,
        0.405604 -1.080958 0.338583,
        0.410881 -1.082873 0.338583,
        0.415446 -1.085983 0.338583,
        0.419097 -1.090093 0.338583,
        0.421549 -1.094777 0.338583,
        0.422826 -1.100061 0.338583,
        0.422834 -1.105085 0.338583,
        0.421497 -1.110555 0.338583,
        0.418863 -1.115465 0.338583,
        0.415138 -1.119541 0.338583,
        0.410719 -1.122480 0.338583,
        0.405719 -1.124276 0.338583,
        0.400769 -1.124826 0.338583,
        0.396570 -1.124423 0.338583,
        0.391234 -1.122661 0.338583,
        0.386570 -1.119674 0.338583,
        0.382809 -1.115672 0.338583,
        0.380222 -1.111059 0.338583,
        0.378802 -1.105877 0.338583,
        0.378686 -1.100304 0.338583,
        0.379971 -1.094826 0.338583,
        0.382596 -1.089872 0.338583,
        0.386313 -1.085791 0.338583,
        0.390847 -1.082777 0.338583,
        0.395864 -1.080974 0.338583,
      ]
    }
    coordIndex [
      140, 141, 142, -1,
      143, 144, 145, -1,
      145, 144, 146, -1,
      145, 146, 147, -1,
      148, 149, 145, -1,
      145, 149, 150, -1,
      145, 150, 143, -1,
      143, 150, 151, -1,
      152, 153, 154, -1,
      155, 156, 142, -1,
      142, 156, 157, -1,
      142, 157, 140, -1,
      147, 158, 145, -1,
      145, 158, 159, -1,
      145, 159, 160, -1,
      160, 159, 161, -1,
      162, 163, 164, -1,
      164, 163, 165, -1,
      164, 165, 166, -1,
      166, 165, 167, -1,
      166, 167, 168, -1,
      168, 167, 169, -1,
      168, 169, 170, -1,
      170, 169, 142, -1,
      170, 142, 171, -1,
      172, 173, 174, -1,
      174, 173, 175, -1,
      174, 175, 176, -1,
      176, 175, 177, -1,
      176, 177, 178, -1,
      178, 177, 179, -1,
      152, 154, 180, -1,
      180, 154, 181, -1,
      180, 181, 182, -1,
      182, 181, 183, -1,
      182, 183, 184, -1,
      185, 186, 187, -1,
      187, 186, 188, -1,
      187, 188, 189, -1,
      189, 188, 190, -1,
      189, 190, 183, -1,
      183, 190, 191, -1,
      183, 191, 184, -1,
      192, 141, 193, -1,
      193, 141, 194, -1,
      193, 194, 195, -1,
      196, 197, 162, -1,
      162, 197, 198, -1,
      162, 198, 163, -1,
      199, 200, 201, -1,
      201, 200, 202, -1,
      201, 202, 203, -1,
      203, 202, 204, -1,
      203, 204, 205, -1,
      205, 204, 206, -1,
      205, 206, 207, -1,
      207, 206, 208, -1,
      207, 208, 209, -1,
      210, 211, 155, -1,
      155, 211, 212, -1,
      155, 212, 156, -1,
      213, 214, 215, -1,
      215, 214, 216, -1,
      215, 216, 217, -1,
      217, 216, 218, -1,
      217, 218, 219, -1,
      219, 218, 220, -1,
      219, 220, 210, -1,
      210, 220, 221, -1,
      210, 221, 211, -1,
      192, 222, 141, -1,
      141, 222, 223, -1,
      141, 223, 142, -1,
      142, 223, 224, -1,
      142, 224, 171, -1,
      177, 225, 179, -1,
      179, 225, 226, -1,
      179, 226, 227, -1,
      227, 226, 228, -1,
      227, 228, 229, -1,
      229, 228, 230, -1,
      229, 230, 231, -1,
      231, 230, 232, -1,
      231, 232, 233, -1,
      233, 232, 234, -1,
      233, 234, 235, -1,
      235, 234, 236, -1,
      235, 236, 199, -1,
      199, 236, 237, -1,
      199, 237, 200, -1,
      238, 239, 240, -1,
      240, 239, 241, -1,
      240, 241, 174, -1,
      174, 241, 242, -1,
      174, 242, 172, -1,
      187, 243, 185, -1,
      185, 243, 244, -1,
      185, 244, 245, -1,
      245, 244, 246, -1,
      245, 246, 247, -1,
      247, 246, 248, -1,
      247, 248, 249, -1,
      249, 248, 250, -1,
      249, 250, 213, -1,
      213, 250, 251, -1,
      213, 251, 214, -1,
      151, 150, 162, -1,
      162, 150, 252, -1,
      162, 252, 196, -1,
      153, 152, 253, -1,
      253, 152, 254, -1,
      253, 254, 255, -1,
      255, 254, 256, -1,
      255, 256, 257, -1,
      257, 256, 258, -1,
      257, 258, 259, -1,
      259, 258, 260, -1,
      259, 260, 238, -1,
      238, 260, 261, -1,
      238, 261, 239, -1,
      262, 263, 264, -1,
      194, 265, 195, -1,
      195, 265, 266, -1,
      195, 266, 267, -1,
      267, 266, 268, -1,
      267, 268, 269, -1,
      269, 268, 270, -1,
      269, 270, 271, -1,
      271, 270, 272, -1,
      271, 272, 273, -1,
      273, 272, 274, -1,
      273, 274, 275, -1,
      275, 274, 276, -1,
      275, 276, 277, -1,
      277, 276, 278, -1,
      277, 278, 161, -1,
      161, 278, 279, -1,
      161, 279, 160, -1,
      208, 280, 209, -1,
      209, 280, 262, -1,
      209, 262, 281, -1,
      281, 262, 264, -1,
      282, 283, 262, -1,
      262, 283, 284, -1,
      262, 284, 263, -1,
      285, 286, 287, -1,
      286, 288, 287, -1,
      287, 288, 289, -1,
      287, 289, 290, -1,
      282, 262, 287, -1,
      287, 262, 291, -1,
      287, 291, 285, -1,
      231, 51, 50, -1,
      137, 179, 227, -1,
      231, 50, 229, -1,
      229, 50, 139, -1,
      229, 139, 227, -1,
      227, 139, 138, -1,
      227, 138, 137, -1,
      137, 3, 179, -1,
      179, 3, 2, -1,
      179, 2, 178, -1,
      178, 2, 9, -1,
      178, 9, 176, -1,
      176, 9, 8, -1,
      176, 8, 174, -1,
      174, 8, 7, -1,
      174, 7, 240, -1,
      240, 7, 6, -1,
      240, 6, 238, -1,
      259, 238, 5, -1,
      5, 238, 6, -1,
      5, 4, 259, -1,
      259, 4, 11, -1,
      259, 11, 257, -1,
      257, 11, 10, -1,
      257, 10, 255, -1,
      17, 154, 16, -1,
      16, 154, 153, -1,
      16, 153, 15, -1,
      15, 153, 253, -1,
      15, 253, 12, -1,
      12, 253, 255, -1,
      12, 255, 10, -1,
      154, 17, 21, -1,
      154, 21, 181, -1,
      181, 21, 23, -1,
      181, 23, 183, -1,
      183, 23, 22, -1,
      183, 22, 189, -1,
      189, 22, 20, -1,
      189, 20, 187, -1,
      187, 20, 19, -1,
      187, 19, 243, -1,
      243, 19, 18, -1,
      243, 18, 244, -1,
      244, 18, 14, -1,
      244, 14, 246, -1,
      246, 14, 13, -1,
      246, 13, 248, -1,
      33, 216, 214, -1,
      248, 13, 26, -1,
      248, 26, 250, -1,
      250, 26, 25, -1,
      250, 25, 251, -1,
      25, 24, 251, -1,
      251, 24, 1, -1,
      251, 1, 214, -1,
      214, 1, 0, -1,
      214, 0, 33, -1,
      216, 33, 32, -1,
      216, 32, 218, -1,
      218, 32, 31, -1,
      218, 31, 220, -1,
      220, 31, 30, -1,
      220, 30, 221, -1,
      221, 30, 29, -1,
      221, 29, 211, -1,
      211, 29, 28, -1,
      211, 28, 212, -1,
      212, 28, 27, -1,
      212, 27, 156, -1,
      156, 27, 34, -1,
      156, 34, 157, -1,
      157, 34, 35, -1,
      157, 35, 140, -1,
      35, 36, 140, -1,
      140, 36, 37, -1,
      140, 37, 141, -1,
      141, 37, 44, -1,
      141, 44, 194, -1,
      194, 44, 43, -1,
      194, 43, 265, -1,
      43, 42, 265, -1,
      265, 42, 41, -1,
      265, 41, 266, -1,
      266, 41, 40, -1,
      266, 40, 268, -1,
      99, 160, 279, -1,
      268, 40, 39, -1,
      268, 39, 270, -1,
      270, 39, 38, -1,
      270, 38, 272, -1,
      38, 49, 272, -1,
      272, 49, 48, -1,
      272, 48, 274, -1,
      274, 48, 47, -1,
      274, 47, 276, -1,
      276, 47, 46, -1,
      276, 46, 278, -1,
      278, 46, 45, -1,
      278, 45, 279, -1,
      279, 45, 98, -1,
      279, 98, 99, -1,
      145, 160, 85, -1,
      85, 160, 99, -1,
      148, 145, 54, -1,
      54, 145, 85, -1,
      149, 148, 58, -1,
      58, 148, 54, -1,
      150, 149, 57, -1,
      57, 149, 58, -1,
      150, 57, 59, -1,
      150, 59, 252, -1,
      252, 59, 60, -1,
      252, 60, 196, -1,
      196, 60, 82, -1,
      196, 82, 197, -1,
      197, 82, 81, -1,
      197, 81, 198, -1,
      198, 81, 80, -1,
      198, 80, 163, -1,
      163, 80, 76, -1,
      163, 76, 165, -1,
      165, 76, 77, -1,
      165, 77, 167, -1,
      167, 77, 73, -1,
      167, 73, 169, -1,
      169, 73, 75, -1,
      169, 75, 142, -1,
      142, 75, 74, -1,
      142, 74, 155, -1,
      155, 74, 72, -1,
      155, 72, 210, -1,
      210, 72, 71, -1,
      210, 71, 219, -1,
      219, 71, 79, -1,
      219, 79, 217, -1,
      217, 79, 78, -1,
      217, 78, 215, -1,
      213, 215, 66, -1,
      66, 215, 78, -1,
      66, 110, 213, -1,
      213, 110, 109, -1,
      213, 109, 249, -1,
      249, 109, 120, -1,
      249, 120, 247, -1,
      120, 133, 247, -1,
      247, 133, 132, -1,
      247, 132, 245, -1,
      245, 132, 131, -1,
      245, 131, 185, -1,
      185, 131, 126, -1,
      185, 126, 186, -1,
      186, 126, 125, -1,
      186, 125, 188, -1,
      188, 125, 124, -1,
      188, 124, 190, -1,
      190, 124, 121, -1,
      190, 121, 191, -1,
      191, 121, 118, -1,
      191, 118, 184, -1,
      184, 118, 129, -1,
      184, 129, 182, -1,
      182, 129, 136, -1,
      182, 136, 180, -1,
      180, 136, 135, -1,
      180, 135, 152, -1,
      152, 135, 134, -1,
      152, 134, 254, -1,
      254, 134, 130, -1,
      254, 130, 256, -1,
      108, 172, 122, -1,
      122, 172, 242, -1,
      122, 242, 123, -1,
      123, 242, 241, -1,
      123, 241, 119, -1,
      119, 241, 239, -1,
      119, 239, 116, -1,
      116, 239, 261, -1,
      116, 261, 117, -1,
      117, 261, 260, -1,
      117, 260, 127, -1,
      127, 260, 258, -1,
      127, 258, 128, -1,
      128, 258, 256, -1,
      128, 256, 130, -1,
      173, 172, 111, -1,
      111, 172, 108, -1,
      173, 111, 115, -1,
      173, 115, 175, -1,
      175, 115, 114, -1,
      175, 114, 177, -1,
      177, 114, 113, -1,
      177, 113, 225, -1,
      225, 113, 112, -1,
      225, 112, 226, -1,
      226, 112, 65, -1,
      226, 65, 228, -1,
      65, 64, 228, -1,
      228, 64, 63, -1,
      228, 63, 230, -1,
      230, 63, 91, -1,
      230, 91, 232, -1,
      232, 91, 90, -1,
      232, 90, 234, -1,
      234, 90, 89, -1,
      234, 89, 236, -1,
      236, 89, 88, -1,
      236, 88, 237, -1,
      237, 88, 107, -1,
      237, 107, 200, -1,
      200, 107, 106, -1,
      200, 106, 202, -1,
      202, 106, 105, -1,
      202, 105, 204, -1,
      204, 105, 104, -1,
      204, 104, 206, -1,
      208, 206, 103, -1,
      103, 206, 104, -1,
      208, 103, 70, -1,
      208, 70, 280, -1,
      280, 70, 69, -1,
      280, 69, 262, -1,
      262, 69, 68, -1,
      262, 68, 291, -1,
      291, 68, 53, -1,
      291, 53, 285, -1,
      285, 53, 52, -1,
      285, 52, 286, -1,
      286, 52, 61, -1,
      286, 61, 288, -1,
      288, 61, 87, -1,
      288, 87, 289, -1,
      289, 87, 86, -1,
      289, 86, 290, -1,
      290, 86, 84, -1,
      290, 84, 287, -1,
      287, 84, 83, -1,
      287, 83, 282, -1,
      282, 83, 97, -1,
      282, 97, 283, -1,
      283, 97, 96, -1,
      283, 96, 284, -1,
      284, 96, 95, -1,
      284, 95, 263, -1,
      263, 95, 94, -1,
      263, 94, 264, -1,
      264, 94, 93, -1,
      264, 93, 281, -1,
      281, 93, 92, -1,
      281, 92, 209, -1,
      209, 92, 102, -1,
      209, 102, 207, -1,
      205, 207, 101, -1,
      101, 207, 102, -1,
      205, 101, 100, -1,
      205, 100, 203, -1,
      203, 100, 56, -1,
      203, 56, 201, -1,
      201, 56, 55, -1,
      201, 55, 199, -1,
      199, 55, 62, -1,
      199, 62, 235, -1,
      235, 62, 67, -1,
      235, 67, 233, -1,
      233, 67, 51, -1,
      233, 51, 231, -1,
      151, 292, 293, -1,
      151, 293, 143, -1,
      143, 293, 294, -1,
      143, 294, 144, -1,
      144, 294, 295, -1,
      144, 295, 146, -1,
      146, 295, 296, -1,
      146, 296, 147, -1,
      147, 296, 297, -1,
      147, 297, 158, -1,
      158, 297, 298, -1,
      158, 298, 159, -1,
      159, 298, 299, -1,
      159, 299, 161, -1,
      161, 299, 300, -1,
      161, 300, 277, -1,
      277, 300, 301, -1,
      277, 301, 275, -1,
      275, 301, 302, -1,
      275, 302, 273, -1,
      273, 302, 303, -1,
      273, 303, 271, -1,
      271, 303, 304, -1,
      271, 304, 269, -1,
      269, 304, 305, -1,
      269, 305, 267, -1,
      267, 305, 306, -1,
      267, 306, 195, -1,
      195, 306, 307, -1,
      195, 307, 193, -1,
      193, 307, 308, -1,
      193, 308, 192, -1,
      192, 308, 309, -1,
      192, 309, 222, -1,
      222, 309, 310, -1,
      222, 310, 223, -1,
      223, 310, 311, -1,
      223, 311, 224, -1,
      224, 311, 312, -1,
      224, 312, 171, -1,
      171, 312, 313, -1,
      171, 313, 170, -1,
      170, 313, 314, -1,
      170, 314, 168, -1,
      168, 314, 315, -1,
      168, 315, 166, -1,
      166, 315, 316, -1,
      166, 316, 164, -1,
      164, 316, 317, -1,
      164, 317, 162, -1,
      162, 317, 292, -1,
      162, 292, 151, -1,
    ]
  }
}

Shape {
  appearance Appearance {
    material Material {
      diffuseColor 0.2235 0.2235 0.2235
      specularColor 0.1137 0.1137 0.1137
      ambientIntensity 0.2
      transparency 0.0000
      shininess 0.5
    }
  }
  geometry IndexedFaceSet {
    ccw TRUE
    solid FALSE
    coord DEF co Coordinate {
      point [
        0.400769 -1.080422 0.338583,
        0.405604 -1.080958 0.338583,
        0.410881 -1.082873 0.338583,
        0.415446 -1.085983 0.338583,
        0.419097 -1.090093 0.338583,
        0.421549 -1.094777 0.338583,
        0.422826 -1.100061 0.338583,
        0.422834 -1.105085 0.338583,
        0.421497 -1.110555 0.338583,
        0.418863 -1.115465 0.338583,
        0.415138 -1.119541 0.338583,
        0.410719 -1.122480 0.338583,
        0.405719 -1.124276 0.338583,
        0.400769 -1.124826 0.338583,
        0.396570 -1.124423 0.338583,
        0.391234 -1.122661 0.338583,
        0.386570 -1.119674 0.338583,
        0.382809 -1.115672 0.338583,
        0.380222 -1.111059 0.338583,
        0.378802 -1.105877 0.338583,
        0.378686 -1.100304 0.338583,
        0.379971 -1.094826 0.338583,
        0.382596 -1.089872 0.338583,
        0.386313 -1.085791 0.338583,
        0.390847 -1.082777 0.338583,
        0.395864 -1.080974 0.338583,
      ]
    }
    coordIndex [
      14, 13, 0, -1,
      0, 13, 12, -1,
      6, 12, 7, -1,
      7, 12, 11, -1,
      24, 17, 16, -1,
      6, 5, 12, -1,
      12, 5, 4, -1,
      12, 4, 3, -1,
      17, 24, 18, -1,
      18, 24, 23, -1,
      18, 23, 19, -1,
      0, 25, 14, -1,
      14, 25, 24, -1,
      14, 24, 15, -1,
      15, 24, 16, -1,
      11, 10, 7, -1,
      7, 10, 9, -1,
      7, 9, 8, -1,
      3, 2, 12, -1,
      12, 2, 1, -1,
      12, 1, 0, -1,
      19, 23, 20, -1,
      20, 23, 22, -1,
      20, 22, 21, -1,
    ]
  }
}
