#VRML V2.0 utf8

Shape {
  appearance Appearance {
    material Material {
      diffuseColor 0.6667 0.6667 0.6667
      specularColor 0.4667 0.4667 0.4667
      ambientIntensity 0.2
      transparency 0.0000
      shininess 0.5
    }
  }
  geometry IndexedFaceSet {
    ccw TRUE
    solid FALSE
    coord DEF co Coordinate {
      point [
        2.783465 -2.942913 0.118110,
        2.724409 -2.942913 0.118110,
        2.783465 -2.509843 0.118110,
        2.724409 -2.509843 0.118110,
        -2.724409 -2.155512 0.118110,
        -2.783465 -2.155512 0.118110,
        -2.724409 1.564961 0.118110,
        -2.783465 1.564961 0.118110,
        2.724409 2.883858 0.118110,
        2.783465 2.883858 0.118110,
        2.724409 2.293307 0.118110,
        2.783465 2.293307 0.118110,
        -2.724409 -2.942913 0.118110,
        -2.783465 -2.942913 0.118110,
        -2.724409 -2.824803 0.118110,
        -2.783465 -2.824803 0.118110,
        -1.389764 -2.942913 0.511811,
        -2.724409 -2.942913 0.511811,
        -1.389764 -2.706693 0.511811,
        -2.724409 2.883858 0.511811,
        2.724409 2.883858 0.511811,
        2.724409 -2.942913 0.511811,
        2.192913 -2.706693 0.511811,
        2.192913 -2.942913 0.511811,
        -2.145669 2.883858 0.511811,
        -2.145669 2.765748 0.511811,
        -1.988924 2.496689 0.511811,
        -1.800418 2.248844 0.511811,
        -1.582985 2.025944 0.511811,
        -1.339897 1.831341 0.511811,
        -1.074812 1.667964 0.511811,
        1.583991 1.831341 0.511811,
        1.827079 2.025944 0.511811,
        -0.791719 1.538272 0.511811,
        -0.494878 1.444215 0.511811,
        -1.314961 -2.706693 0.511811,
        -0.188754 1.387208 0.511811,
        -0.921260 -2.706693 0.511811,
        0.122047 1.368110 0.511811,
        1.748031 -2.706693 0.511811,
        2.044512 2.248844 0.511811,
        2.233019 2.496689 0.511811,
        2.389764 2.765748 0.511811,
        2.389764 2.883858 0.511811,
        0.432848 1.387208 0.511811,
        0.738972 1.444215 0.511811,
        2.141732 -2.706693 0.511811,
        1.035814 1.538272 0.511811,
        1.318907 1.667964 0.511811,
        -2.704724 2.883858 0.570866,
        -2.704724 -2.942913 0.570866,
        -1.389764 -2.706693 0.570866,
        -1.389764 -2.942913 0.570866,
        -2.145669 2.765748 0.570866,
        -2.145669 2.883858 0.570866,
        2.192913 -2.942913 0.570866,
        2.704724 -2.942913 0.570866,
        2.192913 -2.706693 0.570866,
        2.704724 2.883858 0.570866,
        0.985651 0.532895 0.570866,
        1.016934 0.492126 0.570866,
        2.233019 2.496689 0.570866,
        1.043307 0.393701 0.570866,
        1.036600 0.342752 0.570866,
        1.016934 0.295276 0.570866,
        1.036600 0.444650 0.570866,
        2.389764 2.765748 0.570866,
        2.389764 2.883858 0.570866,
        -0.985651 0.254507 0.570866,
        -1.016934 0.295276 0.570866,
        -1.036600 0.342752 0.570866,
        -1.043307 0.393701 0.570866,
        -1.036600 0.444650 0.570866,
        -1.016934 0.492126 0.570866,
        -0.985651 0.532895 0.570866,
        -0.944882 0.564178 0.570866,
        -1.988924 2.496689 0.570866,
        -1.800418 2.248844 0.570866,
        -0.897405 0.583844 0.570866,
        -0.846457 0.590551 0.570866,
        -0.791719 1.538272 0.570866,
        -0.494878 1.444215 0.570866,
        0.985651 0.254507 0.570866,
        0.944882 0.223223 0.570866,
        2.141732 -2.706693 0.570866,
        0.897405 0.203558 0.570866,
        1.748031 -2.706693 0.570866,
        0.846457 0.196850 0.570866,
        -0.921260 -2.706693 0.570866,
        -0.846457 0.196850 0.570866,
        -1.314961 -2.706693 0.570866,
        -0.897405 0.203558 0.570866,
        -0.944882 0.223223 0.570866,
        -1.074812 1.667964 0.570866,
        -1.339897 1.831341 0.570866,
        -1.582985 2.025944 0.570866,
        2.044512 2.248844 0.570866,
        1.827079 2.025944 0.570866,
        0.944882 0.564178 0.570866,
        1.583991 1.831341 0.570866,
        0.897405 0.583844 0.570866,
        1.318907 1.667964 0.570866,
        0.846457 0.590551 0.570866,
        1.035814 1.538272 0.570866,
        0.738972 1.444215 0.570866,
        0.432848 1.387208 0.570866,
        0.122047 1.368110 0.570866,
        -0.188754 1.387208 0.570866,
        2.783465 2.883858 0.492126,
        2.780781 2.883858 0.512506,
        2.772915 2.883858 0.531496,
        2.725104 2.883858 0.568183,
        2.744094 2.883858 0.560317,
        2.760402 2.883858 0.547804,
        -2.725104 -2.942913 0.568183,
        -2.783465 -2.942913 0.492126,
        -2.780781 -2.942913 0.512506,
        -2.772915 -2.942913 0.531496,
        -2.744094 -2.942913 0.560317,
        -2.760402 -2.942913 0.547804,
        2.725104 -2.942913 0.568183,
        2.744094 -2.942913 0.560317,
        2.783465 -2.942913 0.492126,
        2.780781 -2.942913 0.512506,
        2.772915 -2.942913 0.531496,
        2.760402 -2.942913 0.547804,
        -2.783465 2.352362 0.118110,
        -2.783465 2.883858 0.118110,
        -2.724409 2.352362 0.118110,
        -2.724409 2.883858 0.118110,
        -2.724409 1.564961 0.039370,
        -2.724409 2.352362 0.039370,
        -2.724409 -2.155512 0.039370,
        -2.724409 -2.824803 0.039370,
        2.724409 -2.234252 0.118110,
        2.724409 -2.234252 0.039370,
        2.724409 -2.509843 0.039370,
        2.724409 1.624016 0.118110,
        2.724409 1.624016 0.039370,
        2.724409 2.293307 0.039370,
        2.783465 -2.234252 0.118110,
        2.783465 1.624016 0.118110,
        2.783465 1.624016 0.039370,
        2.783465 2.293307 0.039370,
        2.783465 -2.234252 0.039370,
        2.783465 -2.509843 0.039370,
        -2.783465 2.352362 0.039370,
        -2.783465 1.564961 0.039370,
        -2.783465 -2.155512 0.039370,
        -2.783465 -2.824803 0.039370,
        -2.783465 2.883858 0.492126,
        -2.760402 2.883858 0.547804,
        -2.744094 2.883858 0.560317,
        -2.725104 2.883858 0.568183,
        -2.780781 2.883858 0.512506,
        -2.772915 2.883858 0.531496,
        2.141732 -2.706693 0.039370,
        1.748031 -2.706693 0.039370,
        2.141732 -2.903543 0.039370,
        2.141732 -2.765748 0.039370,
        1.748031 -2.903543 0.039370,
        1.748031 -2.765748 0.039370,
        2.141732 -2.903543 -0.019685,
        1.748031 -2.903543 -0.019685,
      ]
    }
    coordIndex [
      0, 1, 2, -1,
      2, 1, 3, -1,
      4, 5, 6, -1,
      6, 5, 7, -1,
      8, 9, 10, -1,
      10, 9, 11, -1,
      12, 13, 14, -1,
      14, 13, 15, -1,
      16, 17, 18, -1,
      18, 17, 19, -1,
      20, 21, 22, -1,
      22, 21, 23, -1,
      24, 25, 19, -1,
      19, 25, 26, -1,
      19, 26, 18, -1,
      18, 26, 27, -1,
      27, 28, 18, -1,
      18, 28, 29, -1,
      18, 29, 30, -1,
      22, 31, 32, -1,
      30, 33, 18, -1,
      18, 33, 34, -1,
      18, 34, 35, -1,
      35, 34, 36, -1,
      35, 36, 37, -1,
      37, 36, 38, -1,
      37, 38, 39, -1,
      32, 40, 22, -1,
      22, 40, 41, -1,
      22, 41, 20, -1,
      20, 41, 42, -1,
      20, 42, 43, -1,
      38, 44, 39, -1,
      39, 44, 45, -1,
      39, 45, 46, -1,
      46, 45, 47, -1,
      46, 47, 22, -1,
      22, 47, 48, -1,
      22, 48, 31, -1,
      49, 50, 51, -1,
      51, 50, 52, -1,
      53, 54, 49, -1,
      55, 56, 57, -1,
      57, 56, 58, -1,
      59, 60, 61, -1,
      58, 62, 57, -1,
      57, 62, 63, -1,
      57, 63, 64, -1,
      60, 65, 61, -1,
      61, 65, 62, -1,
      61, 62, 66, -1,
      66, 62, 58, -1,
      66, 58, 67, -1,
      68, 69, 51, -1,
      51, 69, 70, -1,
      51, 70, 49, -1,
      49, 70, 71, -1,
      49, 71, 72, -1,
      72, 73, 49, -1,
      49, 73, 74, -1,
      49, 74, 53, -1,
      53, 74, 75, -1,
      53, 75, 76, -1,
      76, 75, 77, -1,
      78, 79, 80, -1,
      80, 79, 81, -1,
      64, 82, 57, -1,
      57, 82, 83, -1,
      57, 83, 84, -1,
      84, 83, 85, -1,
      84, 85, 86, -1,
      86, 85, 87, -1,
      86, 87, 88, -1,
      88, 87, 89, -1,
      88, 89, 90, -1,
      90, 89, 91, -1,
      90, 91, 51, -1,
      51, 91, 92, -1,
      51, 92, 68, -1,
      80, 93, 78, -1,
      78, 93, 94, -1,
      78, 94, 75, -1,
      75, 94, 95, -1,
      75, 95, 77, -1,
      61, 96, 59, -1,
      59, 96, 97, -1,
      59, 97, 98, -1,
      98, 97, 99, -1,
      98, 99, 100, -1,
      100, 99, 101, -1,
      100, 101, 102, -1,
      102, 101, 103, -1,
      102, 103, 104, -1,
      104, 105, 102, -1,
      102, 105, 106, -1,
      102, 106, 79, -1,
      79, 106, 107, -1,
      79, 107, 81, -1,
      9, 8, 108, -1,
      108, 8, 20, -1,
      108, 20, 109, -1,
      109, 20, 110, -1,
      43, 67, 20, -1,
      20, 67, 58, -1,
      20, 58, 111, -1,
      111, 112, 20, -1,
      20, 112, 113, -1,
      20, 113, 110, -1,
      39, 86, 37, -1,
      37, 86, 88, -1,
      22, 57, 46, -1,
      46, 57, 84, -1,
      16, 52, 17, -1,
      17, 52, 50, -1,
      17, 50, 114, -1,
      13, 12, 115, -1,
      115, 12, 17, -1,
      115, 17, 116, -1,
      116, 17, 117, -1,
      114, 118, 17, -1,
      17, 118, 119, -1,
      17, 119, 117, -1,
      55, 23, 56, -1,
      56, 23, 21, -1,
      56, 21, 120, -1,
      120, 21, 121, -1,
      1, 0, 21, -1,
      21, 0, 122, -1,
      21, 122, 123, -1,
      123, 124, 21, -1,
      21, 124, 125, -1,
      21, 125, 121, -1,
      126, 127, 128, -1,
      128, 127, 129, -1,
      128, 129, 19, -1,
      6, 130, 131, -1,
      19, 17, 14, -1,
      14, 17, 12, -1,
      131, 128, 6, -1,
      6, 128, 19, -1,
      6, 19, 4, -1,
      4, 19, 14, -1,
      4, 14, 132, -1,
      132, 14, 133, -1,
      3, 1, 21, -1,
      21, 20, 10, -1,
      10, 20, 8, -1,
      134, 135, 136, -1,
      136, 3, 134, -1,
      134, 3, 21, -1,
      134, 21, 137, -1,
      137, 21, 10, -1,
      137, 10, 138, -1,
      138, 10, 139, -1,
      134, 137, 140, -1,
      140, 137, 141, -1,
      11, 9, 108, -1,
      108, 122, 2, -1,
      2, 122, 0, -1,
      141, 142, 143, -1,
      143, 11, 141, -1,
      141, 11, 108, -1,
      141, 108, 140, -1,
      140, 108, 2, -1,
      140, 2, 144, -1,
      144, 2, 145, -1,
      15, 13, 115, -1,
      146, 147, 126, -1,
      126, 147, 7, -1,
      5, 148, 149, -1,
      149, 15, 5, -1,
      5, 15, 115, -1,
      5, 115, 7, -1,
      7, 115, 150, -1,
      7, 150, 126, -1,
      126, 150, 127, -1,
      54, 24, 49, -1,
      49, 24, 19, -1,
      129, 127, 19, -1,
      19, 127, 150, -1,
      151, 152, 19, -1,
      19, 152, 153, -1,
      19, 153, 49, -1,
      150, 154, 19, -1,
      19, 154, 155, -1,
      19, 155, 151, -1,
      58, 56, 120, -1,
      58, 120, 111, -1,
      111, 120, 121, -1,
      111, 121, 112, -1,
      112, 121, 125, -1,
      112, 125, 113, -1,
      113, 125, 124, -1,
      113, 124, 110, -1,
      110, 124, 123, -1,
      110, 123, 109, -1,
      109, 123, 122, -1,
      109, 122, 108, -1,
      150, 115, 116, -1,
      150, 116, 154, -1,
      154, 116, 117, -1,
      154, 117, 155, -1,
      155, 117, 119, -1,
      155, 119, 151, -1,
      151, 119, 118, -1,
      151, 118, 152, -1,
      152, 118, 114, -1,
      152, 114, 153, -1,
      153, 114, 50, -1,
      153, 50, 49, -1,
      52, 16, 51, -1,
      51, 16, 18, -1,
      90, 51, 35, -1,
      35, 51, 18, -1,
      57, 22, 55, -1,
      55, 22, 23, -1,
      156, 157, 46, -1,
      46, 157, 39, -1,
      158, 159, 160, -1,
      160, 159, 161, -1,
      162, 158, 163, -1,
      163, 158, 160, -1,
    ]
  }
}

Shape {
  appearance Appearance {
    material Material {
      diffuseColor 0.8275 0.6667 0.1294
      specularColor 0.8275 0.6667 0.1294
      ambientIntensity 0.2
      transparency 0.0000
      shininess 0.5
    }
  }
  geometry IndexedFaceSet {
    ccw TRUE
    solid FALSE
    coord DEF co Coordinate {
      point [
        2.141732 -2.903543 -0.019685,
        1.748031 -2.903543 -0.019685,
        2.141732 -2.765748 -0.019685,
        1.748031 -2.765748 -0.019685,
      ]
    }
    coordIndex [
      2, 0, 3, -1,
      3, 0, 1, -1,
    ]
  }
}

Shape {
  appearance Appearance {
    material Material {
      diffuseColor 0.6667 0.6667 0.6667
      specularColor 0.4667 0.4667 0.4667
      ambientIntensity 0.2
      transparency 0.0000
      shininess 0.5
    }
  }
  geometry IndexedFaceSet {
    ccw TRUE
    solid FALSE
    coord DEF co Coordinate {
      point [
        -1.314961 -2.706693 0.511811,
        -0.921260 -2.706693 0.511811,
        1.748031 -2.706693 0.511811,
        2.141732 -2.706693 0.511811,
        2.141732 -2.706693 0.570866,
        1.748031 -2.706693 0.570866,
        2.141732 -2.706693 0.039370,
        1.748031 -2.706693 0.039370,
        2.141732 -2.903543 0.039370,
        2.141732 -2.765748 0.039370,
        1.748031 -2.903543 0.039370,
        1.748031 -2.765748 0.039370,
        2.141732 -2.903543 -0.019685,
        1.748031 -2.903543 -0.019685,
        2.141732 -2.765748 -0.019685,
        1.748031 -2.765748 -0.019685,
        1.748031 -2.752607 -0.018204,
        2.141732 -2.752607 -0.018204,
        1.748031 -2.740125 -0.013837,
        2.141732 -2.740125 -0.013837,
        1.748031 -2.728928 -0.006801,
        2.141732 -2.728928 -0.006801,
        1.748031 -2.719577 0.002550,
        2.141732 -2.719577 0.002550,
        1.748031 -2.712541 0.013747,
        2.141732 -2.712541 0.013747,
        1.748031 -2.708174 0.026229,
        2.141732 -2.708174 0.026229,
        1.748031 -2.765748 0.511811,
        2.141732 -2.765748 0.511811,
        2.141732 -2.763736 0.527096,
        2.141732 -2.736220 0.562954,
        2.141732 -2.721978 0.568854,
        2.141732 -2.748451 0.553569,
        2.141732 -2.757836 0.541339,
        1.748031 -2.763736 0.527096,
        1.748031 -2.757836 0.541339,
        1.748031 -2.748451 0.553569,
        1.748031 -2.736220 0.562954,
        1.748031 -2.721978 0.568854,
        -0.921260 -2.706693 0.039370,
        -1.314961 -2.706693 0.039370,
        -0.921260 -2.903543 0.039370,
        -0.921260 -2.765748 0.039370,
        -1.314961 -2.903543 0.039370,
        -1.314961 -2.765748 0.039370,
        -0.921260 -2.903543 -0.019685,
        -1.314961 -2.903543 -0.019685,
      ]
    }
    coordIndex [
      14, 15, 16, -1,
      14, 16, 17, -1,
      17, 16, 18, -1,
      17, 18, 19, -1,
      19, 18, 20, -1,
      19, 20, 21, -1,
      21, 20, 22, -1,
      21, 22, 23, -1,
      23, 22, 24, -1,
      23, 24, 25, -1,
      25, 24, 26, -1,
      25, 26, 27, -1,
      27, 26, 7, -1,
      27, 7, 6, -1,
      28, 11, 29, -1,
      29, 11, 9, -1,
      9, 6, 29, -1,
      29, 6, 3, -1,
      29, 3, 30, -1,
      8, 12, 9, -1,
      9, 12, 14, -1,
      9, 14, 17, -1,
      23, 25, 9, -1,
      9, 25, 27, -1,
      9, 27, 6, -1,
      31, 3, 32, -1,
      32, 3, 4, -1,
      31, 33, 3, -1,
      3, 33, 34, -1,
      3, 34, 30, -1,
      17, 19, 9, -1,
      9, 19, 21, -1,
      9, 21, 23, -1,
      11, 20, 18, -1,
      28, 2, 11, -1,
      11, 2, 7, -1,
      11, 7, 26, -1,
      13, 10, 15, -1,
      15, 10, 11, -1,
      15, 11, 16, -1,
      16, 11, 18, -1,
      28, 35, 2, -1,
      2, 35, 36, -1,
      2, 36, 37, -1,
      37, 38, 2, -1,
      2, 38, 39, -1,
      2, 39, 5, -1,
      26, 24, 11, -1,
      11, 24, 22, -1,
      11, 22, 20, -1,
      28, 29, 30, -1,
      28, 30, 35, -1,
      35, 30, 34, -1,
      35, 34, 36, -1,
      36, 34, 33, -1,
      36, 33, 37, -1,
      37, 33, 31, -1,
      37, 31, 38, -1,
      38, 31, 32, -1,
      38, 32, 39, -1,
      39, 32, 4, -1,
      39, 4, 5, -1,
      40, 41, 1, -1,
      1, 41, 0, -1,
      42, 43, 44, -1,
      44, 43, 45, -1,
      46, 42, 47, -1,
      47, 42, 44, -1,
    ]
  }
}

Shape {
  appearance Appearance {
    material Material {
      diffuseColor 0.8275 0.6667 0.1294
      specularColor 0.8275 0.6667 0.1294
      ambientIntensity 0.2
      transparency 0.0000
      shininess 0.5
    }
  }
  geometry IndexedFaceSet {
    ccw TRUE
    solid FALSE
    coord DEF co Coordinate {
      point [
        -0.921260 -2.903543 -0.019685,
        -1.314961 -2.903543 -0.019685,
        -0.921260 -2.765748 -0.019685,
        -1.314961 -2.765748 -0.019685,
      ]
    }
    coordIndex [
      2, 0, 3, -1,
      3, 0, 1, -1,
    ]
  }
}

Shape {
  appearance Appearance {
    material Material {
      diffuseColor 0.6667 0.6667 0.6667
      specularColor 0.4667 0.4667 0.4667
      ambientIntensity 0.2
      transparency 0.0000
      shininess 0.5
    }
  }
  geometry IndexedFaceSet {
    ccw TRUE
    solid FALSE
    coord DEF co Coordinate {
      point [
        -2.145669 2.883858 0.511811,
        -2.145669 2.765748 0.511811,
        -1.988924 2.496689 0.511811,
        -1.800418 2.248844 0.511811,
        -1.582985 2.025944 0.511811,
        -1.339897 1.831341 0.511811,
        -1.074812 1.667964 0.511811,
        1.583991 1.831341 0.511811,
        1.827079 2.025944 0.511811,
        -0.791719 1.538272 0.511811,
        -0.494878 1.444215 0.511811,
        -1.314961 -2.706693 0.511811,
        -0.188754 1.387208 0.511811,
        -0.921260 -2.706693 0.511811,
        0.122047 1.368110 0.511811,
        2.044512 2.248844 0.511811,
        2.233019 2.496689 0.511811,
        2.389764 2.765748 0.511811,
        2.389764 2.883858 0.511811,
        0.432848 1.387208 0.511811,
        0.738972 1.444215 0.511811,
        1.035814 1.538272 0.511811,
        1.318907 1.667964 0.511811,
        -2.145669 2.765748 0.570866,
        -2.145669 2.883858 0.570866,
        2.233019 2.496689 0.570866,
        2.389764 2.765748 0.570866,
        2.389764 2.883858 0.570866,
        -1.988924 2.496689 0.570866,
        -1.800418 2.248844 0.570866,
        -0.791719 1.538272 0.570866,
        -0.494878 1.444215 0.570866,
        -0.921260 -2.706693 0.570866,
        -1.314961 -2.706693 0.570866,
        -1.074812 1.667964 0.570866,
        -1.339897 1.831341 0.570866,
        -1.582985 2.025944 0.570866,
        2.044512 2.248844 0.570866,
        1.827079 2.025944 0.570866,
        1.583991 1.831341 0.570866,
        1.318907 1.667964 0.570866,
        1.035814 1.538272 0.570866,
        0.738972 1.444215 0.570866,
        0.432848 1.387208 0.570866,
        0.122047 1.368110 0.570866,
        -0.188754 1.387208 0.570866,
        -0.921260 -2.706693 0.039370,
        -1.314961 -2.706693 0.039370,
        -0.921260 -2.903543 0.039370,
        -0.921260 -2.765748 0.039370,
        -1.314961 -2.903543 0.039370,
        -1.314961 -2.765748 0.039370,
        -0.921260 -2.903543 -0.019685,
        -1.314961 -2.903543 -0.019685,
        -0.921260 -2.765748 -0.019685,
        -1.314961 -2.765748 -0.019685,
        -1.314961 -2.752607 -0.018204,
        -0.921260 -2.752607 -0.018204,
        -1.314961 -2.740125 -0.013837,
        -0.921260 -2.740125 -0.013837,
        -1.314961 -2.728928 -0.006801,
        -0.921260 -2.728928 -0.006801,
        -1.314961 -2.719577 0.002550,
        -0.921260 -2.719577 0.002550,
        -1.314961 -2.712541 0.013747,
        -0.921260 -2.712541 0.013747,
        -1.314961 -2.708174 0.026229,
        -0.921260 -2.708174 0.026229,
        -1.314961 -2.765748 0.511811,
        -0.921260 -2.765748 0.511811,
        -0.921260 -2.763736 0.527096,
        -0.921260 -2.736220 0.562954,
        -0.921260 -2.721978 0.568854,
        -0.921260 -2.748451 0.553569,
        -0.921260 -2.757836 0.541339,
        -1.314961 -2.763736 0.527096,
        -1.314961 -2.757836 0.541339,
        -1.314961 -2.748451 0.553569,
        -1.314961 -2.736220 0.562954,
        -1.314961 -2.721978 0.568854,
      ]
    }
    coordIndex [
      54, 55, 56, -1,
      54, 56, 57, -1,
      57, 56, 58, -1,
      57, 58, 59, -1,
      59, 58, 60, -1,
      59, 60, 61, -1,
      61, 60, 62, -1,
      61, 62, 63, -1,
      63, 62, 64, -1,
      63, 64, 65, -1,
      65, 64, 66, -1,
      65, 66, 67, -1,
      67, 66, 47, -1,
      67, 47, 46, -1,
      68, 51, 69, -1,
      69, 51, 49, -1,
      49, 46, 69, -1,
      69, 46, 13, -1,
      69, 13, 70, -1,
      48, 52, 49, -1,
      49, 52, 54, -1,
      49, 54, 57, -1,
      63, 65, 49, -1,
      49, 65, 67, -1,
      49, 67, 46, -1,
      71, 13, 72, -1,
      72, 13, 32, -1,
      71, 73, 13, -1,
      13, 73, 74, -1,
      13, 74, 70, -1,
      57, 59, 49, -1,
      49, 59, 61, -1,
      49, 61, 63, -1,
      51, 60, 58, -1,
      68, 11, 51, -1,
      51, 11, 47, -1,
      51, 47, 66, -1,
      53, 50, 55, -1,
      55, 50, 51, -1,
      55, 51, 56, -1,
      56, 51, 58, -1,
      68, 75, 11, -1,
      11, 75, 76, -1,
      11, 76, 77, -1,
      77, 78, 11, -1,
      11, 78, 79, -1,
      11, 79, 33, -1,
      66, 64, 51, -1,
      51, 64, 62, -1,
      51, 62, 60, -1,
      68, 69, 70, -1,
      68, 70, 75, -1,
      75, 70, 74, -1,
      75, 74, 76, -1,
      76, 74, 73, -1,
      76, 73, 77, -1,
      77, 73, 71, -1,
      77, 71, 78, -1,
      78, 71, 72, -1,
      78, 72, 79, -1,
      79, 72, 32, -1,
      79, 32, 33, -1,
      1, 23, 2, -1,
      2, 23, 28, -1,
      2, 28, 3, -1,
      3, 28, 29, -1,
      3, 29, 4, -1,
      4, 29, 36, -1,
      4, 36, 5, -1,
      5, 36, 35, -1,
      5, 35, 6, -1,
      6, 35, 34, -1,
      6, 34, 9, -1,
      9, 34, 30, -1,
      9, 30, 10, -1,
      10, 30, 31, -1,
      10, 31, 12, -1,
      12, 31, 45, -1,
      12, 45, 14, -1,
      14, 45, 44, -1,
      14, 44, 19, -1,
      19, 44, 43, -1,
      19, 43, 20, -1,
      20, 43, 42, -1,
      20, 42, 21, -1,
      21, 42, 41, -1,
      21, 41, 22, -1,
      22, 41, 40, -1,
      22, 40, 7, -1,
      7, 40, 39, -1,
      7, 39, 8, -1,
      8, 39, 38, -1,
      8, 38, 15, -1,
      15, 38, 37, -1,
      15, 37, 16, -1,
      16, 37, 25, -1,
      16, 25, 17, -1,
      17, 25, 26, -1,
      26, 27, 17, -1,
      17, 27, 18, -1,
      23, 1, 24, -1,
      24, 1, 0, -1,
    ]
  }
}

Shape {
  appearance Appearance {
    material Material {
      diffuseColor 0.8275 0.6667 0.1294
      specularColor 0.8275 0.6667 0.1294
      ambientIntensity 0.2
      transparency 0.0000
      shininess 0.5
    }
  }
  geometry IndexedFaceSet {
    ccw TRUE
    solid FALSE
    coord DEF co Coordinate {
      point [
        -2.940945 1.564961 -0.019685,
        -2.940945 2.352362 -0.019685,
        -2.783465 1.564961 -0.019685,
        -2.783465 2.352362 -0.019685,
      ]
    }
    coordIndex [
      0, 1, 2, -1,
      2, 1, 3, -1,
    ]
  }
}

Shape {
  appearance Appearance {
    material Material {
      diffuseColor 0.6667 0.6667 0.6667
      specularColor 0.4667 0.4667 0.4667
      ambientIntensity 0.2
      transparency 0.0000
      shininess 0.5
    }
  }
  geometry IndexedFaceSet {
    ccw TRUE
    solid FALSE
    coord DEF co Coordinate {
      point [
        -2.724409 1.564961 0.039370,
        -2.724409 2.352362 0.039370,
        -2.783465 2.352362 0.039370,
        -2.783465 1.564961 0.039370,
        -2.940945 1.564961 -0.019685,
        -2.940945 2.352362 -0.019685,
        -2.783465 1.564961 -0.019685,
        -2.783465 2.352362 -0.019685,
        -2.940945 1.564961 0.039370,
        -2.940945 2.352362 0.039370,
        -2.725890 1.564961 0.026229,
        -2.725890 2.352362 0.026229,
        -2.730258 1.564961 0.013747,
        -2.730258 2.352362 0.013747,
        -2.737293 1.564961 0.002550,
        -2.737293 2.352362 0.002550,
        -2.746644 1.564961 -0.006801,
        -2.746644 2.352362 -0.006801,
        -2.757842 1.564961 -0.013837,
        -2.757842 2.352362 -0.013837,
        -2.770324 1.564961 -0.018204,
        -2.770324 2.352362 -0.018204,
      ]
    }
    coordIndex [
      8, 9, 4, -1,
      4, 9, 5, -1,
      3, 2, 8, -1,
      8, 2, 9, -1,
      1, 0, 10, -1,
      1, 10, 11, -1,
      11, 10, 12, -1,
      11, 12, 13, -1,
      13, 12, 14, -1,
      13, 14, 15, -1,
      15, 14, 16, -1,
      15, 16, 17, -1,
      17, 16, 18, -1,
      17, 18, 19, -1,
      19, 18, 20, -1,
      19, 20, 21, -1,
      21, 20, 6, -1,
      21, 6, 7, -1,
    ]
  }
}

Shape {
  appearance Appearance {
    material Material {
      diffuseColor 0.8275 0.6667 0.1294
      specularColor 0.8275 0.6667 0.1294
      ambientIntensity 0.2
      transparency 0.0000
      shininess 0.5
    }
  }
  geometry IndexedFaceSet {
    ccw TRUE
    solid FALSE
    coord DEF co Coordinate {
      point [
        -2.940945 -2.155512 -0.019685,
        -2.783465 -2.155512 -0.019685,
        -2.940945 -2.824803 -0.019685,
        -2.783465 -2.824803 -0.019685,
      ]
    }
    coordIndex [
      0, 1, 2, -1,
      2, 1, 3, -1,
    ]
  }
}

Shape {
  appearance Appearance {
    material Material {
      diffuseColor 0.6667 0.6667 0.6667
      specularColor 0.4667 0.4667 0.4667
      ambientIntensity 0.2
      transparency 0.0000
      shininess 0.5
    }
  }
  geometry IndexedFaceSet {
    ccw TRUE
    solid FALSE
    coord DEF co Coordinate {
      point [
        -2.724409 -2.155512 0.118110,
        -2.783465 -2.155512 0.118110,
        -2.724409 -2.824803 0.118110,
        -2.783465 -2.824803 0.118110,
        -2.724409 -2.155512 0.039370,
        -2.724409 -2.824803 0.039370,
        -2.783465 -2.155512 0.039370,
        -2.783465 -2.824803 0.039370,
        -2.940945 -2.155512 -0.019685,
        -2.783465 -2.155512 -0.019685,
        -2.940945 -2.824803 -0.019685,
        -2.783465 -2.824803 -0.019685,
        -2.940945 -2.155512 0.039370,
        -2.940945 -2.824803 0.039370,
        -2.725890 -2.824803 0.026229,
        -2.725890 -2.155512 0.026229,
        -2.730258 -2.824803 0.013747,
        -2.730258 -2.155512 0.013747,
        -2.737293 -2.824803 0.002550,
        -2.737293 -2.155512 0.002550,
        -2.746644 -2.824803 -0.006801,
        -2.746644 -2.155512 -0.006801,
        -2.757842 -2.824803 -0.013837,
        -2.757842 -2.155512 -0.013837,
        -2.770324 -2.824803 -0.018204,
        -2.770324 -2.155512 -0.018204,
      ]
    }
    coordIndex [
      12, 8, 13, -1,
      13, 8, 10, -1,
      6, 12, 7, -1,
      7, 12, 13, -1,
      4, 5, 14, -1,
      4, 14, 15, -1,
      15, 14, 16, -1,
      15, 16, 17, -1,
      17, 16, 18, -1,
      17, 18, 19, -1,
      19, 18, 20, -1,
      19, 20, 21, -1,
      21, 20, 22, -1,
      21, 22, 23, -1,
      23, 22, 24, -1,
      23, 24, 25, -1,
      25, 24, 11, -1,
      25, 11, 9, -1,
      8, 12, 9, -1,
      9, 12, 6, -1,
      1, 0, 6, -1,
      6, 0, 4, -1,
      6, 4, 15, -1,
      15, 17, 6, -1,
      6, 17, 19, -1,
      6, 19, 21, -1,
      21, 23, 6, -1,
      6, 23, 25, -1,
      6, 25, 9, -1,
      2, 3, 5, -1,
      5, 3, 7, -1,
      13, 10, 7, -1,
      7, 10, 11, -1,
      7, 11, 24, -1,
      18, 16, 7, -1,
      7, 16, 14, -1,
      7, 14, 5, -1,
      24, 22, 7, -1,
      7, 22, 20, -1,
      7, 20, 18, -1,
    ]
  }
}

Shape {
  appearance Appearance {
    material Material {
      diffuseColor 0.8275 0.6667 0.1294
      specularColor 0.8275 0.6667 0.1294
      ambientIntensity 0.2
      transparency 0.0000
      shininess 0.5
    }
  }
  geometry IndexedFaceSet {
    ccw TRUE
    solid FALSE
    coord DEF co Coordinate {
      point [
        2.783465 2.293307 -0.019685,
        2.940945 2.293307 -0.019685,
        2.783465 1.624016 -0.019685,
        2.940945 1.624016 -0.019685,
      ]
    }
    coordIndex [
      0, 1, 2, -1,
      2, 1, 3, -1,
    ]
  }
}

Shape {
  appearance Appearance {
    material Material {
      diffuseColor 0.6667 0.6667 0.6667
      specularColor 0.4667 0.4667 0.4667
      ambientIntensity 0.2
      transparency 0.0000
      shininess 0.5
    }
  }
  geometry IndexedFaceSet {
    ccw TRUE
    solid FALSE
    coord DEF co Coordinate {
      point [
        -2.724409 1.564961 0.118110,
        -2.783465 1.564961 0.118110,
        2.724409 2.293307 0.118110,
        2.783465 2.293307 0.118110,
        0.985651 0.532895 0.570866,
        1.016934 0.492126 0.570866,
        1.043307 0.393701 0.570866,
        1.036600 0.342752 0.570866,
        1.016934 0.295276 0.570866,
        1.036600 0.444650 0.570866,
        -0.985651 0.254507 0.570866,
        -1.016934 0.295276 0.570866,
        -1.036600 0.342752 0.570866,
        -1.043307 0.393701 0.570866,
        -1.036600 0.444650 0.570866,
        -1.016934 0.492126 0.570866,
        -0.985651 0.532895 0.570866,
        -0.944882 0.564178 0.570866,
        -0.897405 0.583844 0.570866,
        -0.846457 0.590551 0.570866,
        0.985651 0.254507 0.570866,
        0.944882 0.223223 0.570866,
        0.897405 0.203558 0.570866,
        0.846457 0.196850 0.570866,
        -0.846457 0.196850 0.570866,
        -0.897405 0.203558 0.570866,
        -0.944882 0.223223 0.570866,
        0.944882 0.564178 0.570866,
        0.897405 0.583844 0.570866,
        0.846457 0.590551 0.570866,
        -2.783465 2.352362 0.118110,
        -2.724409 2.352362 0.118110,
        -2.724409 1.564961 0.039370,
        -2.724409 2.352362 0.039370,
        2.724409 1.624016 0.118110,
        2.724409 1.624016 0.039370,
        2.724409 2.293307 0.039370,
        2.783465 1.624016 0.118110,
        2.783465 1.624016 0.039370,
        2.783465 2.293307 0.039370,
        -2.783465 2.352362 0.039370,
        -2.783465 1.564961 0.039370,
        -2.940945 1.564961 -0.019685,
        -2.940945 2.352362 -0.019685,
        -2.783465 1.564961 -0.019685,
        -2.783465 2.352362 -0.019685,
        -2.940945 1.564961 0.039370,
        -2.940945 2.352362 0.039370,
        -2.725890 1.564961 0.026229,
        -2.725890 2.352362 0.026229,
        -2.730258 1.564961 0.013747,
        -2.730258 2.352362 0.013747,
        -2.737293 1.564961 0.002550,
        -2.737293 2.352362 0.002550,
        -2.746644 1.564961 -0.006801,
        -2.746644 2.352362 -0.006801,
        -2.757842 1.564961 -0.013837,
        -2.757842 2.352362 -0.013837,
        -2.770324 1.564961 -0.018204,
        -2.770324 2.352362 -0.018204,
        2.783465 2.293307 -0.019685,
        2.940945 2.293307 -0.019685,
        2.783465 1.624016 -0.019685,
        2.940945 1.624016 -0.019685,
        2.770324 1.624016 -0.018204,
        2.770324 2.293307 -0.018204,
        2.757842 1.624016 -0.013837,
        2.757842 2.293307 -0.013837,
        2.746644 1.624016 -0.006801,
        2.746644 2.293307 -0.006801,
        2.737293 1.624016 0.002550,
        2.737293 2.293307 0.002550,
        2.730258 1.624016 0.013747,
        2.730258 2.293307 0.013747,
        2.725890 1.624016 0.026229,
        2.725890 2.293307 0.026229,
        2.940945 2.293307 0.039370,
        2.940945 1.624016 0.039370,
        -0.846457 0.590551 0.531496,
        -0.897405 0.583844 0.531496,
        -0.944882 0.564178 0.531496,
        -0.985651 0.532895 0.531496,
        -1.016934 0.492126 0.531496,
        -1.036600 0.444650 0.531496,
        -1.043307 0.393701 0.531496,
        -1.036600 0.342752 0.531496,
        -1.016934 0.295276 0.531496,
        -0.985651 0.254507 0.531496,
        -0.944882 0.223223 0.531496,
        -0.897405 0.203558 0.531496,
        -0.846457 0.196850 0.531496,
        0.846457 0.590551 0.531496,
        0.846457 0.196850 0.531496,
        0.897405 0.203558 0.531496,
        0.944882 0.223223 0.531496,
        0.985651 0.254507 0.531496,
        1.016934 0.295276 0.531496,
        1.036600 0.342752 0.531496,
        1.043307 0.393701 0.531496,
        1.036600 0.444650 0.531496,
        1.016934 0.492126 0.531496,
        0.985651 0.532895 0.531496,
        0.944882 0.564178 0.531496,
        0.897405 0.583844 0.531496,
      ]
    }
    coordIndex [
      60, 62, 64, -1,
      60, 64, 65, -1,
      65, 64, 66, -1,
      65, 66, 67, -1,
      67, 66, 68, -1,
      67, 68, 69, -1,
      69, 68, 70, -1,
      69, 70, 71, -1,
      71, 70, 72, -1,
      71, 72, 73, -1,
      73, 72, 74, -1,
      73, 74, 75, -1,
      75, 74, 35, -1,
      75, 35, 36, -1,
      76, 39, 77, -1,
      77, 39, 38, -1,
      61, 76, 63, -1,
      63, 76, 77, -1,
      2, 3, 36, -1,
      36, 3, 39, -1,
      36, 39, 75, -1,
      76, 61, 39, -1,
      39, 61, 60, -1,
      60, 65, 39, -1,
      39, 65, 67, -1,
      39, 67, 69, -1,
      69, 71, 39, -1,
      39, 71, 73, -1,
      39, 73, 75, -1,
      38, 37, 34, -1,
      63, 77, 62, -1,
      62, 77, 38, -1,
      62, 38, 64, -1,
      64, 38, 66, -1,
      34, 35, 38, -1,
      38, 35, 74, -1,
      38, 74, 72, -1,
      72, 70, 38, -1,
      38, 70, 68, -1,
      38, 68, 66, -1,
      0, 1, 32, -1,
      32, 1, 41, -1,
      46, 42, 41, -1,
      41, 42, 44, -1,
      41, 44, 58, -1,
      52, 50, 41, -1,
      41, 50, 48, -1,
      41, 48, 32, -1,
      58, 56, 41, -1,
      41, 56, 54, -1,
      41, 54, 52, -1,
      43, 47, 45, -1,
      45, 47, 40, -1,
      30, 31, 40, -1,
      40, 31, 33, -1,
      40, 33, 49, -1,
      49, 51, 40, -1,
      40, 51, 53, -1,
      40, 53, 55, -1,
      55, 57, 40, -1,
      40, 57, 59, -1,
      40, 59, 45, -1,
      78, 19, 79, -1,
      79, 19, 18, -1,
      79, 18, 80, -1,
      80, 18, 17, -1,
      80, 17, 81, -1,
      81, 17, 16, -1,
      81, 16, 82, -1,
      82, 16, 15, -1,
      82, 15, 83, -1,
      83, 15, 14, -1,
      83, 14, 84, -1,
      84, 14, 13, -1,
      84, 13, 85, -1,
      85, 13, 12, -1,
      85, 12, 86, -1,
      86, 12, 11, -1,
      86, 11, 87, -1,
      87, 11, 10, -1,
      87, 10, 88, -1,
      88, 10, 26, -1,
      88, 26, 89, -1,
      89, 26, 25, -1,
      89, 25, 90, -1,
      90, 25, 24, -1,
      78, 91, 19, -1,
      19, 91, 29, -1,
      92, 23, 93, -1,
      93, 23, 22, -1,
      93, 22, 94, -1,
      94, 22, 21, -1,
      94, 21, 95, -1,
      95, 21, 20, -1,
      95, 20, 96, -1,
      96, 20, 8, -1,
      96, 8, 97, -1,
      97, 8, 7, -1,
      97, 7, 98, -1,
      98, 7, 6, -1,
      98, 6, 99, -1,
      99, 6, 9, -1,
      99, 9, 100, -1,
      100, 9, 5, -1,
      100, 5, 101, -1,
      101, 5, 4, -1,
      101, 4, 102, -1,
      102, 4, 27, -1,
      102, 27, 103, -1,
      103, 27, 28, -1,
      103, 28, 91, -1,
      91, 28, 29, -1,
      92, 90, 23, -1,
      23, 90, 24, -1,
      91, 78, 90, -1,
      85, 86, 87, -1,
      78, 79, 90, -1,
      90, 79, 80, -1,
      90, 80, 81, -1,
      85, 87, 84, -1,
      90, 92, 91, -1,
      91, 92, 93, -1,
      91, 93, 94, -1,
      94, 95, 91, -1,
      91, 95, 96, -1,
      91, 96, 97, -1,
      101, 102, 100, -1,
      100, 102, 99, -1,
      97, 98, 91, -1,
      91, 98, 99, -1,
      91, 99, 103, -1,
      103, 99, 102, -1,
      81, 82, 90, -1,
      90, 82, 83, -1,
      90, 83, 89, -1,
      84, 87, 83, -1,
      83, 87, 88, -1,
      83, 88, 89, -1,
    ]
  }
}

Shape {
  appearance Appearance {
    material Material {
      diffuseColor 0.8275 0.6667 0.1294
      specularColor 0.8275 0.6667 0.1294
      ambientIntensity 0.2
      transparency 0.0000
      shininess 0.5
    }
  }
  geometry IndexedFaceSet {
    ccw TRUE
    solid FALSE
    coord DEF co Coordinate {
      point [
        2.547244 -2.234252 -0.019685,
        2.724409 -2.234252 -0.019685,
        2.547244 -2.509843 -0.019685,
        2.724409 -2.509843 -0.019685,
      ]
    }
    coordIndex [
      0, 1, 2, -1,
      2, 1, 3, -1,
    ]
  }
}

Shape {
  appearance Appearance {
    material Material {
      diffuseColor 0.6667 0.6667 0.6667
      specularColor 0.4667 0.4667 0.4667
      ambientIntensity 0.2
      transparency 0.0000
      shininess 0.5
    }
  }
  geometry IndexedFaceSet {
    ccw TRUE
    solid FALSE
    coord DEF co Coordinate {
      point [
        2.783465 -2.509843 0.118110,
        2.724409 -2.509843 0.118110,
        2.724409 -2.234252 0.118110,
        2.724409 -2.234252 0.039370,
        2.724409 -2.509843 0.039370,
        2.783465 -2.234252 0.118110,
        2.783465 -2.234252 0.039370,
        2.783465 -2.509843 0.039370,
        2.547244 -2.234252 -0.019685,
        2.724409 -2.234252 -0.019685,
        2.547244 -2.509843 -0.019685,
        2.724409 -2.509843 -0.019685,
        2.547244 -2.234252 0.039370,
        2.547244 -2.509843 0.039370,
        2.781984 -2.509843 0.026229,
        2.781984 -2.234252 0.026229,
        2.777616 -2.509843 0.013747,
        2.777616 -2.234252 0.013747,
        2.770580 -2.509843 0.002550,
        2.770580 -2.234252 0.002550,
        2.761230 -2.509843 -0.006801,
        2.761230 -2.234252 -0.006801,
        2.750033 -2.509843 -0.013837,
        2.750033 -2.234252 -0.013837,
        2.737550 -2.509843 -0.018204,
        2.737550 -2.234252 -0.018204,
      ]
    }
    coordIndex [
      12, 8, 13, -1,
      13, 8, 10, -1,
      3, 12, 4, -1,
      4, 12, 13, -1,
      6, 7, 14, -1,
      6, 14, 15, -1,
      15, 14, 16, -1,
      15, 16, 17, -1,
      17, 16, 18, -1,
      17, 18, 19, -1,
      19, 18, 20, -1,
      19, 20, 21, -1,
      21, 20, 22, -1,
      21, 22, 23, -1,
      23, 22, 24, -1,
      23, 24, 25, -1,
      25, 24, 11, -1,
      25, 11, 9, -1,
      3, 2, 5, -1,
      8, 12, 9, -1,
      9, 12, 3, -1,
      9, 3, 25, -1,
      25, 3, 23, -1,
      5, 6, 3, -1,
      3, 6, 15, -1,
      3, 15, 17, -1,
      17, 19, 3, -1,
      3, 19, 21, -1,
      3, 21, 23, -1,
      0, 1, 7, -1,
      7, 1, 4, -1,
      7, 4, 14, -1,
      13, 10, 4, -1,
      4, 10, 11, -1,
      11, 24, 4, -1,
      4, 24, 22, -1,
      4, 22, 20, -1,
      20, 18, 4, -1,
      4, 18, 16, -1,
      4, 16, 14, -1,
    ]
  }
}

Shape {
  appearance Appearance {
    material Material {
      diffuseColor 0.2078 0.2078 0.2078
      specularColor 0.0157 0.0157 0.0157
      ambientIntensity 0.2
      transparency 0.0000
      shininess 0.5
    }
  }
  geometry IndexedFaceSet {
    ccw TRUE
    solid FALSE
    coord DEF co Coordinate {
      point [
        -1.389764 -2.942913 0.511811,
        -2.724409 -2.942913 0.511811,
        -1.389764 -2.706693 0.511811,
        2.724409 -2.942913 0.511811,
        2.192913 -2.706693 0.511811,
        2.192913 -2.942913 0.511811,
        0.770357 -2.706693 0.000000,
        0.770357 -2.283465 0.000000,
        0.829412 -2.283465 0.000000,
        -0.070818 -2.706693 0.000000,
        -0.070818 -2.283465 0.000000,
        -0.011763 -2.283465 0.000000,
        -1.389764 -2.706693 0.000000,
        -1.389764 -2.942913 0.000000,
        -2.724409 -2.942913 0.000000,
        0.571346 0.809139 0.000000,
        0.571346 0.765927 0.000000,
        0.554542 0.763527 0.000000,
        0.554542 1.162029 0.000000,
        0.770357 1.162029 0.000000,
        0.720184 1.159628 0.000000,
        0.770357 1.159628 0.000000,
        0.770357 0.763527 0.000000,
        0.770357 0.765927 0.000000,
        0.772998 0.765927 0.000000,
        0.772998 1.159628 0.000000,
        0.829412 1.162029 0.000000,
        0.829412 0.763527 0.000000,
        0.206453 1.162029 0.000000,
        0.244863 0.829544 0.000000,
        0.206453 0.763527 0.000000,
        0.244863 0.786333 0.000000,
        0.286829 0.769101 0.000000,
        0.302721 1.162029 0.000000,
        0.290381 1.161177 0.000000,
        0.244863 1.148825 0.000000,
        0.244863 1.096012 0.000000,
        0.289209 1.115001 0.000000,
        0.251919 0.825635 0.000000,
        0.337061 1.121218 0.000000,
        0.375828 1.116865 0.000000,
        0.405296 1.106230 0.000000,
        0.432546 1.088000 0.000000,
        0.456321 1.061753 0.000000,
        0.484924 0.958577 0.000000,
        0.480938 0.915956 0.000000,
        0.470242 0.882093 0.000000,
        0.382635 0.808456 0.000000,
        0.345913 0.804337 0.000000,
        0.411322 0.819017 0.000000,
        0.435484 0.835303 0.000000,
        0.453959 0.854793 0.000000,
        0.293653 0.810138 0.000000,
        0.472552 1.031356 0.000000,
        0.483046 0.989209 0.000000,
        0.493884 1.092741 0.000000,
        0.458340 1.126925 0.000000,
        0.376343 0.763527 0.000000,
        0.401708 0.766157 0.000000,
        0.439867 0.779291 0.000000,
        0.471536 0.799514 0.000000,
        0.537738 0.955351 0.000000,
        0.532074 1.011323 0.000000,
        0.516960 1.055933 0.000000,
        0.420944 1.148450 0.000000,
        0.377055 1.161201 0.000000,
        0.366917 1.162029 0.000000,
        0.501108 0.830647 0.000000,
        0.522081 0.868082 0.000000,
        0.533931 0.909755 0.000000,
        0.720184 0.809139 0.000000,
        0.326611 0.763527 0.000000,
        0.342426 0.761311 0.000000,
        0.206453 0.226378 0.000000,
        -0.011763 0.943573 0.000000,
        0.115230 0.943573 0.000000,
        -0.011763 0.809139 0.000000,
        0.115230 0.809139 0.000000,
        -0.043211 0.809139 0.000000,
        -0.043211 0.765927 0.000000,
        -0.070818 0.763527 0.000000,
        -0.033609 1.116417 0.000000,
        -0.070818 1.162029 0.000000,
        -0.033609 1.159628 0.000000,
        -0.011763 1.162029 0.000000,
        -0.011763 1.159628 0.000000,
        -0.024006 0.943573 0.000000,
        -0.024006 0.986784 0.000000,
        -0.011763 1.116417 0.000000,
        -0.011763 0.986784 0.000000,
        0.115230 1.116417 0.000000,
        0.115230 0.986784 0.000000,
        -0.011763 0.763527 0.000000,
        -0.011763 0.765927 0.000000,
        0.168043 0.765927 0.000000,
        0.168043 1.159628 0.000000,
        -2.724409 -2.283465 0.000000,
        -0.451315 -2.283465 0.000000,
        -0.451315 -2.706693 0.000000,
        -0.109228 -2.283465 0.000000,
        -0.109228 -2.706693 0.000000,
        -0.011763 -2.706693 0.000000,
        0.206453 -2.283465 0.000000,
        0.206453 -2.706693 0.000000,
        0.554542 -2.283465 0.000000,
        0.554542 -2.706693 0.000000,
        2.395669 -2.283465 0.000000,
        2.192913 -2.706693 0.000000,
        0.829412 -2.706693 0.000000,
        2.724409 -2.549213 0.000000,
        2.724409 -2.942913 0.000000,
        2.448819 -2.549213 0.000000,
        2.395669 -2.942913 0.000000,
        2.192913 -2.942913 0.000000,
        2.724409 0.763527 0.000000,
        2.724409 -2.194882 0.000000,
        2.395669 0.763527 0.000000,
        2.448819 -2.194882 0.000000,
        2.448819 -2.283465 0.000000,
        2.724409 0.935039 0.000000,
        2.488189 0.935039 0.000000,
        2.488189 1.162029 0.000000,
        2.395669 1.162029 0.000000,
        2.488189 1.407480 0.000000,
        2.430956 2.942913 0.000000,
        2.724409 2.942913 0.000000,
        2.395669 2.742793 0.000000,
        2.724409 1.407480 0.000000,
        2.222696 1.761811 0.000000,
        0.829412 1.761811 0.000000,
        0.206453 1.761811 0.000000,
        -0.011763 1.761811 0.000000,
        -0.070818 1.761811 0.000000,
        -0.109228 1.162029 0.000000,
        -0.109228 1.761811 0.000000,
        -0.451315 1.162029 0.000000,
        -0.451315 1.761811 0.000000,
        -2.724409 2.942913 0.000000,
        -1.682924 2.942913 0.000000,
        -2.724409 1.162029 0.000000,
        -1.474664 1.761811 0.000000,
        0.554542 -1.624016 0.000000,
        0.767717 -1.624016 0.000000,
        0.353191 0.761126 0.000000,
        0.554542 0.226378 0.000000,
        0.767717 0.226378 0.000000,
        0.206453 -1.624016 0.000000,
        0.019685 0.226378 0.000000,
        0.019685 -1.624016 0.000000,
        -0.109228 0.763527 0.000000,
        -0.109228 0.226378 0.000000,
        -0.451315 0.226378 0.000000,
        -0.109228 -1.624016 0.000000,
        -0.098425 -1.624016 0.000000,
        -0.451315 -1.624016 0.000000,
        -0.763395 0.765927 0.000000,
        -0.451315 0.763527 0.000000,
        -0.821010 0.765927 0.000000,
        -2.724409 0.763527 0.000000,
        -0.667371 1.159628 0.000000,
        -0.723560 0.876356 0.000000,
        -0.560919 0.876356 0.000000,
        -0.523334 0.765927 0.000000,
        -0.465719 0.765927 0.000000,
        -0.614557 1.159628 0.000000,
        -0.120031 0.765927 0.000000,
        -0.362270 0.807590 0.000000,
        -0.394675 0.838618 0.000000,
        -0.417252 0.873832 0.000000,
        -0.334077 1.137373 0.000000,
        -0.376928 1.108656 0.000000,
        -0.321162 0.783701 0.000000,
        -0.275796 0.770180 0.000000,
        -0.227083 0.765927 0.000000,
        -0.120031 1.159628 0.000000,
        -0.231134 1.159628 0.000000,
        -0.288013 1.153548 0.000000,
        -0.377339 1.108294 0.000000,
        -0.405180 1.077423 0.000000,
        -0.423476 1.043564 0.000000,
        -1.279528 -1.624016 0.000000,
        -1.279528 0.226378 0.000000,
        -0.434051 1.004774 0.000000,
        -0.436912 0.967729 0.000000,
        -0.431387 0.915041 0.000000,
        -0.098425 0.226378 0.000000,
        0.770357 1.761811 0.000000,
        0.554542 1.761811 0.000000,
        0.337511 1.164429 0.000000,
        0.885827 0.226378 0.000000,
        0.885827 -1.624016 0.000000,
        2.066929 0.226378 0.000000,
        2.066929 -1.624016 0.000000,
        -1.062992 1.761811 0.177165,
        -1.062992 0.265748 0.177165,
        -0.748031 1.761811 0.177165,
        -1.023622 0.265748 0.177165,
        -0.748031 0.265748 0.177165,
        -0.787402 0.265748 0.177165,
        -0.787402 0.226378 0.177165,
        -1.023622 0.226378 0.177165,
        -0.629921 1.761811 0.177165,
        -0.629921 0.265748 0.177165,
        -0.314961 1.761811 0.177165,
        -0.590551 0.265748 0.177165,
        -0.314961 0.265748 0.177165,
        -0.354331 0.265748 0.177165,
        -0.354331 0.226378 0.177165,
        -0.590551 0.226378 0.177165,
        0.236220 1.761811 0.177165,
        0.236220 0.265748 0.177165,
        0.551181 1.761811 0.177165,
        0.275591 0.265748 0.177165,
        0.551181 0.265748 0.177165,
        0.511811 0.265748 0.177165,
        0.511811 0.226378 0.177165,
        0.275591 0.226378 0.177165,
        1.102362 1.761811 0.177165,
        1.102362 0.265748 0.177165,
        1.417323 1.761811 0.177165,
        1.141732 0.265748 0.177165,
        1.417323 0.265748 0.177165,
        1.377953 0.265748 0.177165,
        1.377953 0.226378 0.177165,
        1.141732 0.226378 0.177165,
        1.535433 1.761811 0.177165,
        1.535433 0.265748 0.177165,
        1.850394 1.761811 0.177165,
        1.574803 0.265748 0.177165,
        1.850394 0.265748 0.177165,
        1.811024 0.265748 0.177165,
        1.811024 0.226378 0.177165,
        1.574803 0.226378 0.177165,
        -0.629921 1.761811 0.122047,
        1.850394 1.761811 0.122047,
        1.968504 1.761811 0.122047,
        0.236220 1.761811 0.122047,
        1.968504 1.761811 0.177165,
        2.186067 1.761811 0.177165,
        2.186067 1.761811 0.036072,
        1.102362 1.761811 0.122047,
        1.417323 1.761811 0.122047,
        1.535433 1.761811 0.122047,
        -1.354732 1.761811 0.177165,
        -1.181102 1.761811 0.177165,
        -1.354732 1.761811 0.118110,
        -1.181102 1.761811 0.122047,
        -1.062992 1.761811 0.122047,
        -0.314961 1.761811 0.122047,
        -0.196850 1.761811 0.122047,
        -0.748031 1.761811 0.122047,
        0.551181 1.761811 0.122047,
        0.669291 1.761811 0.122047,
        0.118110 1.761811 0.122047,
        0.118110 1.761811 0.177165,
        -0.196850 1.761811 0.177165,
        0.984252 1.761811 0.122047,
        0.984252 1.761811 0.177165,
        0.669291 1.761811 0.177165,
        -1.562992 2.942913 0.177165,
        -2.055118 2.942913 0.177165,
        -1.220472 0.265748 0.177165,
        -1.181102 0.265748 0.177165,
        -1.279528 0.226378 0.177165,
        -1.220472 0.226378 0.177165,
        2.007874 0.265748 0.177165,
        2.007874 0.226378 0.177165,
        2.066929 0.226378 0.177165,
        0.885827 -1.624016 0.177165,
        -2.055118 -2.411417 0.177165,
        2.409449 -2.411417 0.177165,
        2.409449 2.942913 0.177165,
        2.186067 2.234252 0.177165,
        2.311024 2.942913 0.177165,
        1.968504 0.265748 0.177165,
        2.066929 -1.624016 0.177165,
        0.669291 0.265748 0.177165,
        0.708661 0.265748 0.177165,
        0.984252 0.265748 0.177165,
        0.944882 0.265748 0.177165,
        0.767717 0.226378 0.177165,
        0.708661 0.226378 0.177165,
        0.019685 0.226378 0.177165,
        0.078740 0.226378 0.177165,
        0.078740 0.265748 0.177165,
        -0.098425 -1.624016 0.177165,
        -1.279528 -1.624016 0.177165,
        0.118110 0.265748 0.177165,
        -0.157480 0.265748 0.177165,
        -0.157480 0.226378 0.177165,
        -0.098425 0.226378 0.177165,
        0.944882 0.226378 0.177165,
        0.885827 0.226378 0.177165,
        0.767717 -1.624016 0.177165,
        0.019685 -1.624016 0.177165,
        -0.196850 0.265748 0.177165,
        -1.562992 2.942913 0.118110,
        -2.724409 2.942913 0.511811,
        -2.055118 2.942913 0.511811,
        2.724409 1.023622 0.039370,
        2.724409 0.935039 0.039370,
        2.566929 1.023622 0.039370,
        2.488189 0.935039 0.039370,
        2.566929 1.318898 0.039370,
        2.488189 1.407480 0.039370,
        2.724409 1.318898 0.039370,
        2.724409 1.407480 0.039370,
        2.724409 2.942913 0.511811,
        2.724409 -2.549213 0.393701,
        2.724409 -2.194882 0.393701,
        2.409449 2.942913 0.511811,
        2.311024 2.942913 0.118110,
        -2.055118 -2.411417 0.511811,
        2.409449 -2.411417 0.511811,
        2.448819 -2.194882 0.393701,
        2.448819 -2.549213 0.393701,
      ]
    }
    coordIndex [
      6, 7, 8, -1,
      9, 10, 11, -1,
      12, 13, 14, -1,
      15, 16, 17, -1,
      18, 19, 20, -1,
      20, 19, 21, -1,
      17, 16, 22, -1,
      22, 16, 23, -1,
      22, 23, 24, -1,
      21, 19, 25, -1,
      25, 19, 26, -1,
      25, 26, 24, -1,
      24, 26, 27, -1,
      24, 27, 22, -1,
      28, 29, 30, -1,
      30, 29, 31, -1,
      30, 31, 32, -1,
      28, 33, 34, -1,
      34, 35, 28, -1,
      28, 35, 36, -1,
      28, 36, 29, -1,
      29, 36, 37, -1,
      29, 37, 38, -1,
      38, 37, 39, -1,
      38, 39, 40, -1,
      40, 41, 38, -1,
      38, 41, 42, -1,
      38, 42, 43, -1,
      44, 45, 38, -1,
      38, 45, 46, -1,
      47, 48, 49, -1,
      49, 48, 50, -1,
      46, 51, 38, -1,
      38, 51, 50, -1,
      38, 50, 52, -1,
      52, 50, 48, -1,
      43, 53, 38, -1,
      38, 53, 54, -1,
      38, 54, 44, -1,
      18, 55, 56, -1,
      57, 58, 17, -1,
      17, 58, 59, -1,
      17, 59, 60, -1,
      61, 62, 18, -1,
      18, 62, 63, -1,
      18, 63, 55, -1,
      56, 64, 18, -1,
      18, 64, 65, -1,
      18, 65, 66, -1,
      60, 67, 17, -1,
      17, 67, 68, -1,
      17, 68, 69, -1,
      69, 61, 17, -1,
      17, 61, 18, -1,
      17, 18, 15, -1,
      15, 18, 20, -1,
      15, 20, 70, -1,
      71, 72, 73, -1,
      74, 75, 76, -1,
      76, 75, 77, -1,
      78, 79, 80, -1,
      81, 82, 83, -1,
      83, 82, 84, -1,
      83, 84, 85, -1,
      74, 76, 86, -1,
      86, 76, 78, -1,
      86, 78, 87, -1,
      81, 88, 89, -1,
      89, 88, 90, -1,
      89, 90, 91, -1,
      80, 79, 92, -1,
      92, 79, 93, -1,
      92, 93, 94, -1,
      85, 84, 95, -1,
      95, 84, 28, -1,
      95, 28, 94, -1,
      94, 28, 30, -1,
      94, 30, 92, -1,
      14, 96, 12, -1,
      12, 96, 97, -1,
      12, 97, 98, -1,
      98, 97, 99, -1,
      98, 99, 100, -1,
      9, 11, 101, -1,
      101, 11, 102, -1,
      101, 102, 103, -1,
      103, 102, 104, -1,
      103, 104, 105, -1,
      106, 107, 8, -1,
      8, 107, 108, -1,
      8, 108, 6, -1,
      109, 110, 111, -1,
      111, 110, 112, -1,
      111, 112, 106, -1,
      106, 112, 113, -1,
      106, 113, 107, -1,
      114, 115, 116, -1,
      116, 115, 117, -1,
      116, 117, 106, -1,
      106, 117, 118, -1,
      106, 118, 111, -1,
      119, 114, 120, -1,
      120, 114, 116, -1,
      120, 116, 121, -1,
      121, 116, 122, -1,
      121, 122, 123, -1,
      124, 125, 126, -1,
      126, 125, 127, -1,
      127, 123, 126, -1,
      126, 123, 122, -1,
      126, 122, 128, -1,
      128, 122, 129, -1,
      33, 28, 130, -1,
      130, 28, 84, -1,
      130, 84, 131, -1,
      131, 84, 82, -1,
      131, 82, 132, -1,
      132, 133, 134, -1,
      134, 133, 135, -1,
      134, 135, 136, -1,
      137, 138, 139, -1,
      139, 138, 140, -1,
      141, 142, 7, -1,
      72, 143, 73, -1,
      73, 143, 57, -1,
      73, 57, 144, -1,
      144, 57, 17, -1,
      144, 17, 145, -1,
      145, 17, 22, -1,
      6, 105, 7, -1,
      7, 105, 104, -1,
      7, 104, 141, -1,
      141, 104, 102, -1,
      141, 102, 146, -1,
      32, 71, 30, -1,
      30, 71, 73, -1,
      30, 73, 92, -1,
      92, 73, 147, -1,
      92, 147, 148, -1,
      149, 150, 151, -1,
      152, 153, 10, -1,
      9, 100, 10, -1,
      10, 100, 99, -1,
      10, 99, 152, -1,
      152, 99, 97, -1,
      152, 97, 154, -1,
      155, 156, 157, -1,
      157, 156, 158, -1,
      157, 158, 159, -1,
      159, 158, 139, -1,
      159, 139, 135, -1,
      135, 139, 140, -1,
      135, 140, 136, -1,
      160, 161, 155, -1,
      155, 161, 162, -1,
      155, 162, 156, -1,
      156, 162, 163, -1,
      156, 163, 135, -1,
      135, 163, 164, -1,
      135, 164, 159, -1,
      132, 82, 133, -1,
      133, 82, 149, -1,
      133, 149, 165, -1,
      166, 156, 167, -1,
      167, 156, 168, -1,
      135, 169, 170, -1,
      166, 171, 156, -1,
      156, 171, 172, -1,
      156, 172, 173, -1,
      165, 174, 133, -1,
      133, 174, 175, -1,
      133, 175, 135, -1,
      135, 175, 176, -1,
      135, 176, 169, -1,
      170, 177, 135, -1,
      135, 177, 178, -1,
      135, 178, 179, -1,
      154, 97, 180, -1,
      180, 97, 96, -1,
      180, 96, 181, -1,
      181, 96, 158, -1,
      181, 158, 151, -1,
      151, 158, 156, -1,
      151, 156, 149, -1,
      149, 156, 173, -1,
      149, 173, 165, -1,
      179, 182, 135, -1,
      135, 182, 183, -1,
      135, 183, 156, -1,
      156, 183, 184, -1,
      156, 184, 168, -1,
      89, 87, 81, -1,
      81, 87, 78, -1,
      81, 78, 82, -1,
      82, 78, 80, -1,
      82, 80, 149, -1,
      149, 80, 185, -1,
      149, 185, 150, -1,
      116, 27, 122, -1,
      122, 27, 26, -1,
      122, 26, 129, -1,
      129, 26, 19, -1,
      129, 19, 186, -1,
      186, 19, 18, -1,
      186, 18, 187, -1,
      187, 18, 66, -1,
      187, 66, 130, -1,
      130, 66, 188, -1,
      130, 188, 33, -1,
      146, 102, 148, -1,
      148, 102, 11, -1,
      148, 11, 92, -1,
      92, 11, 10, -1,
      92, 10, 80, -1,
      80, 10, 153, -1,
      80, 153, 185, -1,
      27, 189, 190, -1,
      189, 27, 191, -1,
      191, 27, 116, -1,
      191, 116, 192, -1,
      192, 116, 106, -1,
      192, 106, 190, -1,
      190, 106, 8, -1,
      190, 8, 27, -1,
      27, 8, 7, -1,
      27, 7, 22, -1,
      22, 7, 142, -1,
      22, 142, 145, -1,
      193, 194, 195, -1,
      195, 194, 196, -1,
      197, 195, 198, -1,
      198, 195, 196, -1,
      198, 196, 199, -1,
      199, 196, 200, -1,
      201, 202, 203, -1,
      203, 202, 204, -1,
      205, 203, 206, -1,
      206, 203, 204, -1,
      206, 204, 207, -1,
      207, 204, 208, -1,
      209, 210, 211, -1,
      211, 210, 212, -1,
      213, 211, 214, -1,
      214, 211, 212, -1,
      214, 212, 215, -1,
      215, 212, 216, -1,
      217, 218, 219, -1,
      219, 218, 220, -1,
      221, 219, 222, -1,
      222, 219, 220, -1,
      222, 220, 223, -1,
      223, 220, 224, -1,
      225, 226, 227, -1,
      227, 226, 228, -1,
      229, 227, 230, -1,
      230, 227, 228, -1,
      230, 228, 231, -1,
      231, 228, 232, -1,
      233, 201, 203, -1,
      234, 235, 128, -1,
      236, 209, 211, -1,
      237, 238, 235, -1,
      235, 238, 239, -1,
      235, 239, 128, -1,
      240, 217, 219, -1,
      140, 241, 242, -1,
      225, 227, 242, -1,
      242, 227, 234, -1,
      242, 234, 140, -1,
      140, 234, 128, -1,
      243, 244, 245, -1,
      245, 244, 246, -1,
      245, 246, 140, -1,
      140, 246, 247, -1,
      248, 249, 140, -1,
      203, 248, 233, -1,
      233, 248, 140, -1,
      233, 140, 250, -1,
      250, 140, 247, -1,
      250, 247, 195, -1,
      195, 247, 193, -1,
      251, 252, 140, -1,
      211, 251, 236, -1,
      236, 251, 140, -1,
      236, 140, 253, -1,
      253, 140, 249, -1,
      253, 249, 254, -1,
      254, 249, 255, -1,
      219, 241, 240, -1,
      240, 241, 140, -1,
      240, 140, 256, -1,
      256, 140, 252, -1,
      256, 252, 257, -1,
      257, 252, 258, -1,
      243, 259, 260, -1,
      261, 262, 244, -1,
      263, 264, 261, -1,
      265, 266, 267, -1,
      268, 269, 270, -1,
      238, 271, 272, -1,
      272, 271, 273, -1,
      237, 274, 238, -1,
      238, 274, 265, -1,
      238, 265, 271, -1,
      271, 265, 267, -1,
      271, 267, 270, -1,
      270, 267, 275, -1,
      270, 275, 268, -1,
      258, 276, 257, -1,
      257, 276, 277, -1,
      278, 257, 279, -1,
      279, 257, 277, -1,
      279, 277, 280, -1,
      280, 277, 281, -1,
      282, 283, 284, -1,
      285, 286, 269, -1,
      269, 286, 263, -1,
      269, 263, 260, -1,
      260, 263, 261, -1,
      260, 261, 243, -1,
      243, 261, 244, -1,
      287, 254, 284, -1,
      284, 254, 255, -1,
      288, 289, 290, -1,
      291, 279, 292, -1,
      292, 279, 280, -1,
      292, 280, 268, -1,
      268, 280, 293, -1,
      268, 293, 269, -1,
      269, 293, 294, -1,
      269, 294, 285, -1,
      285, 294, 282, -1,
      285, 282, 290, -1,
      290, 282, 284, -1,
      290, 284, 288, -1,
      288, 284, 255, -1,
      288, 255, 295, -1,
      260, 259, 296, -1,
      297, 298, 137, -1,
      137, 298, 260, -1,
      137, 260, 138, -1,
      138, 260, 296, -1,
      299, 300, 301, -1,
      301, 300, 302, -1,
      301, 302, 303, -1,
      303, 302, 304, -1,
      303, 304, 305, -1,
      305, 304, 306, -1,
      0, 1, 13, -1,
      13, 1, 14, -1,
      3, 110, 109, -1,
      127, 125, 306, -1,
      306, 125, 307, -1,
      306, 307, 305, -1,
      109, 308, 3, -1,
      3, 308, 309, -1,
      3, 309, 307, -1,
      115, 119, 309, -1,
      309, 119, 300, -1,
      309, 300, 307, -1,
      307, 300, 299, -1,
      307, 299, 305, -1,
      271, 310, 307, -1,
      311, 273, 124, -1,
      124, 273, 271, -1,
      124, 271, 125, -1,
      125, 271, 307, -1,
      1, 297, 14, -1,
      14, 297, 137, -1,
      113, 110, 5, -1,
      5, 110, 3, -1,
      312, 298, 297, -1,
      1, 0, 2, -1,
      307, 310, 3, -1,
      3, 310, 313, -1,
      5, 3, 4, -1,
      4, 3, 313, -1,
      4, 313, 2, -1,
      2, 313, 312, -1,
      2, 312, 1, -1,
      1, 312, 297, -1,
      12, 2, 13, -1,
      13, 2, 0, -1,
      107, 4, 12, -1,
      12, 4, 2, -1,
      113, 5, 107, -1,
      107, 5, 4, -1,
      309, 314, 115, -1,
      115, 314, 117, -1,
      314, 315, 117, -1,
      117, 315, 111, -1,
      315, 308, 111, -1,
      111, 308, 109, -1,
      315, 314, 308, -1,
      308, 314, 309, -1,
      306, 304, 127, -1,
      127, 304, 123, -1,
      304, 302, 123, -1,
      123, 302, 120, -1,
      302, 300, 120, -1,
      120, 300, 119, -1,
    ]
  }
}

Shape {
  appearance Appearance {
    material Material {
      diffuseColor 0.6667 0.6667 0.6667
      specularColor 0.4667 0.4667 0.4667
      ambientIntensity 0.2
      transparency 0.0000
      shininess 0.5
    }
  }
  geometry IndexedFaceSet {
    ccw TRUE
    solid FALSE
    coord DEF co Coordinate {
      point [
        2.724409 1.023622 0.039370,
        2.566929 1.023622 0.039370,
        2.566929 1.318898 0.039370,
        2.724409 1.318898 0.039370,
        2.783465 1.023622 0.039370,
        2.783465 1.318898 0.039370,
        2.783465 1.023622 -0.019685,
        2.783465 1.318898 -0.019685,
        2.625984 1.023622 -0.019685,
        2.568941 1.023622 0.024085,
        2.574841 1.023622 0.009843,
        2.584226 1.023622 -0.002388,
        2.610700 1.023622 -0.017673,
        2.596457 1.023622 -0.011773,
        2.625984 1.318898 -0.019685,
        2.596457 1.318898 -0.011773,
        2.584226 1.318898 -0.002388,
        2.610700 1.318898 -0.017673,
        2.574841 1.318898 0.009843,
        2.568941 1.318898 0.024085,
      ]
    }
    coordIndex [
      0, 4, 3, -1,
      3, 4, 5, -1,
      6, 7, 4, -1,
      4, 7, 5, -1,
      6, 4, 0, -1,
      6, 0, 8, -1,
      8, 0, 1, -1,
      8, 1, 9, -1,
      9, 10, 8, -1,
      8, 10, 11, -1,
      8, 11, 12, -1,
      12, 11, 13, -1,
      14, 2, 7, -1,
      7, 2, 3, -1,
      7, 3, 5, -1,
      15, 16, 17, -1,
      17, 16, 18, -1,
      17, 18, 14, -1,
      14, 18, 19, -1,
      14, 19, 2, -1,
    ]
  }
}

Shape {
  appearance Appearance {
    material Material {
      diffuseColor 0.8275 0.6667 0.1294
      specularColor 0.8275 0.6667 0.1294
      ambientIntensity 0.2
      transparency 0.0000
      shininess 0.5
    }
  }
  geometry IndexedFaceSet {
    ccw TRUE
    solid FALSE
    coord DEF co Coordinate {
      point [
        2.783465 1.023622 -0.019685,
        2.783465 1.318898 -0.019685,
        2.625984 1.023622 -0.019685,
        2.625984 1.318898 -0.019685,
      ]
    }
    coordIndex [
      3, 1, 2, -1,
      2, 1, 0, -1,
    ]
  }
}

Shape {
  appearance Appearance {
    material Material {
      diffuseColor 0.6667 0.6667 0.6667
      specularColor 0.4667 0.4667 0.4667
      ambientIntensity 0.2
      transparency 0.0000
      shininess 0.5
    }
  }
  geometry IndexedFaceSet {
    ccw TRUE
    solid FALSE
    coord DEF co Coordinate {
      point [
        2.566929 1.023622 0.039370,
        2.566929 1.318898 0.039370,
        2.625984 1.023622 -0.019685,
        2.568941 1.023622 0.024085,
        2.574841 1.023622 0.009843,
        2.584226 1.023622 -0.002388,
        2.610700 1.023622 -0.017673,
        2.596457 1.023622 -0.011773,
        2.625984 1.318898 -0.019685,
        2.596457 1.318898 -0.011773,
        2.584226 1.318898 -0.002388,
        2.610700 1.318898 -0.017673,
        2.574841 1.318898 0.009843,
        2.568941 1.318898 0.024085,
      ]
    }
    coordIndex [
      8, 2, 6, -1,
      8, 6, 11, -1,
      11, 6, 7, -1,
      11, 7, 9, -1,
      9, 7, 5, -1,
      9, 5, 10, -1,
      10, 5, 4, -1,
      10, 4, 12, -1,
      12, 4, 3, -1,
      12, 3, 13, -1,
      13, 3, 0, -1,
      13, 0, 1, -1,
    ]
  }
}

Shape {
  appearance Appearance {
    material Material {
      diffuseColor 0.2078 0.2078 0.2078
      specularColor 0.0157 0.0157 0.0157
      ambientIntensity 0.2
      transparency 0.0000
      shininess 0.5
    }
  }
  geometry IndexedFaceSet {
    ccw TRUE
    solid FALSE
    coord DEF co Coordinate {
      point [
        2.430956 2.942913 0.000000,
        2.222696 1.761811 0.000000,
        -1.682924 2.942913 0.000000,
        -1.474664 1.761811 0.000000,
        2.186067 1.761811 0.036072,
        -1.354732 1.761811 0.177165,
        -1.354732 1.761811 0.118110,
        -1.562992 2.942913 0.177165,
        -2.055118 2.942913 0.177165,
        -2.055118 -2.411417 0.177165,
        2.409449 -2.411417 0.177165,
        2.409449 2.942913 0.177165,
        2.186067 2.234252 0.177165,
        2.311024 2.942913 0.177165,
        -1.562992 2.942913 0.118110,
        -2.055118 2.942913 0.511811,
        2.409449 2.942913 0.511811,
        2.311024 2.942913 0.118110,
        -2.055118 -2.411417 0.511811,
        2.409449 -2.411417 0.511811,
        2.186067 2.234252 0.118110,
      ]
    }
    coordIndex [
      5, 6, 7, -1,
      7, 6, 14, -1,
      12, 13, 20, -1,
      20, 13, 17, -1,
      2, 14, 3, -1,
      3, 14, 6, -1,
      1, 4, 0, -1,
      0, 4, 20, -1,
      0, 20, 17, -1,
      10, 19, 11, -1,
      11, 19, 16, -1,
      18, 9, 15, -1,
      15, 9, 8, -1,
      9, 18, 10, -1,
      10, 18, 19, -1,
    ]
  }
}

Shape {
  appearance Appearance {
    material Material {
      diffuseColor 0.6667 0.6667 0.6667
      specularColor 0.4667 0.4667 0.4667
      ambientIntensity 0.2
      transparency 0.0000
      shininess 0.5
    }
  }
  geometry IndexedFaceSet {
    ccw TRUE
    solid FALSE
    coord DEF co Coordinate {
      point [
        1.850394 1.761811 0.177165,
        1.850394 0.265748 0.177165,
        1.850394 1.761811 0.122047,
        1.968504 1.761811 0.122047,
        1.968504 1.761811 0.177165,
        1.968504 0.265748 0.177165,
        1.850394 1.998031 0.122047,
        1.968504 1.998031 0.122047,
        1.968504 2.032780 0.181102,
        1.968504 0.265748 0.181102,
        1.968504 2.111520 0.039370,
        1.968504 2.076772 -0.019685,
        1.968504 2.352362 0.039370,
        1.968504 2.352362 -0.019685,
        1.850394 0.265748 0.181102,
        1.850394 2.032780 0.181102,
        1.850394 2.352362 0.039370,
        1.850394 2.352362 -0.019685,
        1.850394 2.111520 0.039370,
        1.850394 2.076772 -0.019685,
        1.811024 0.265748 0.181102,
        1.811024 0.010739 0.181102,
        2.007874 0.010739 0.181102,
        2.007874 0.265748 0.181102,
      ]
    }
    coordIndex [
      6, 7, 2, -1,
      2, 7, 3, -1,
      8, 9, 4, -1,
      4, 9, 5, -1,
      4, 3, 8, -1,
      8, 3, 7, -1,
      8, 7, 10, -1,
      10, 7, 11, -1,
      10, 11, 12, -1,
      12, 11, 13, -1,
      1, 14, 0, -1,
      0, 14, 15, -1,
      16, 17, 18, -1,
      18, 17, 19, -1,
      18, 19, 15, -1,
      15, 19, 6, -1,
      15, 6, 0, -1,
      0, 6, 2, -1,
      11, 7, 19, -1,
      19, 7, 6, -1,
      13, 11, 17, -1,
      17, 11, 19, -1,
      12, 13, 16, -1,
      16, 13, 17, -1,
      10, 12, 18, -1,
      18, 12, 16, -1,
      8, 10, 15, -1,
      15, 10, 18, -1,
      14, 20, 21, -1,
      22, 23, 9, -1,
      8, 15, 9, -1,
      9, 15, 14, -1,
      9, 14, 22, -1,
      22, 14, 21, -1,
    ]
  }
}

Shape {
  appearance Appearance {
    material Material {
      diffuseColor 0.2078 0.2078 0.2078
      specularColor 0.0157 0.0157 0.0157
      ambientIntensity 0.2
      transparency 0.0000
      shininess 0.5
    }
  }
  geometry IndexedFaceSet {
    ccw TRUE
    solid FALSE
    coord DEF co Coordinate {
      point [
        2.186067 1.761811 0.177165,
        2.186067 1.761811 0.036072,
        2.186067 2.234252 0.177165,
        2.186067 2.234252 0.118110,
      ]
    }
    coordIndex [
      1, 0, 3, -1,
      3, 0, 2, -1,
    ]
  }
}

Shape {
  appearance Appearance {
    material Material {
      diffuseColor 0.6667 0.6667 0.6667
      specularColor 0.4667 0.4667 0.4667
      ambientIntensity 0.2
      transparency 0.0000
      shininess 0.5
    }
  }
  geometry IndexedFaceSet {
    ccw TRUE
    solid FALSE
    coord DEF co Coordinate {
      point [
        -1.062992 1.761811 0.177165,
        -1.062992 0.265748 0.177165,
        -0.748031 1.761811 0.177165,
        -0.748031 0.265748 0.177165,
        -0.629921 1.761811 0.177165,
        -0.629921 0.265748 0.177165,
        -0.314961 1.761811 0.177165,
        -0.314961 0.265748 0.177165,
        0.236220 1.761811 0.177165,
        0.236220 0.265748 0.177165,
        0.551181 1.761811 0.177165,
        0.551181 0.265748 0.177165,
        1.102362 1.761811 0.177165,
        1.102362 0.265748 0.177165,
        1.417323 1.761811 0.177165,
        1.417323 0.265748 0.177165,
        1.535433 1.761811 0.177165,
        1.535433 0.265748 0.177165,
        -0.629921 1.761811 0.122047,
        0.236220 1.761811 0.122047,
        1.102362 1.761811 0.122047,
        1.417323 1.761811 0.122047,
        1.535433 1.761811 0.122047,
        -1.181102 1.761811 0.177165,
        -1.181102 1.761811 0.122047,
        -1.062992 1.761811 0.122047,
        -0.314961 1.761811 0.122047,
        -0.196850 1.761811 0.122047,
        -0.748031 1.761811 0.122047,
        0.551181 1.761811 0.122047,
        0.669291 1.761811 0.122047,
        0.118110 1.761811 0.122047,
        0.118110 1.761811 0.177165,
        -0.196850 1.761811 0.177165,
        0.984252 1.761811 0.122047,
        0.984252 1.761811 0.177165,
        0.669291 1.761811 0.177165,
        -1.181102 0.265748 0.177165,
        0.669291 0.265748 0.177165,
        0.984252 0.265748 0.177165,
        0.118110 0.265748 0.177165,
        -0.196850 0.265748 0.177165,
        1.417323 1.998031 0.122047,
        1.535433 1.998031 0.122047,
        1.535433 2.032780 0.181102,
        1.535433 0.265748 0.181102,
        1.535433 2.111520 0.039370,
        1.535433 2.076772 -0.019685,
        1.535433 2.352362 0.039370,
        1.535433 2.352362 -0.019685,
        1.417323 0.265748 0.181102,
        1.417323 2.032780 0.181102,
        1.417323 2.352362 0.039370,
        1.417323 2.352362 -0.019685,
        1.417323 2.111520 0.039370,
        1.417323 2.076772 -0.019685,
        1.377953 0.265748 0.181102,
        1.377953 0.010739 0.181102,
        1.574803 0.010739 0.181102,
        1.574803 0.265748 0.181102,
        0.984252 1.998031 0.122047,
        1.102362 1.998031 0.122047,
        1.102362 2.032780 0.181102,
        1.102362 0.265748 0.181102,
        1.102362 2.111520 0.039370,
        1.102362 2.076772 -0.019685,
        1.102362 2.352362 0.039370,
        1.102362 2.352362 -0.019685,
        0.984252 0.265748 0.181102,
        0.984252 2.032780 0.181102,
        0.984252 2.352362 0.039370,
        0.984252 2.352362 -0.019685,
        0.984252 2.111520 0.039370,
        0.984252 2.076772 -0.019685,
        0.944882 0.265748 0.181102,
        0.944882 0.010739 0.181102,
        1.141732 0.010739 0.181102,
        1.141732 0.265748 0.181102,
        0.551181 1.998031 0.122047,
        0.669291 1.998031 0.122047,
        0.669291 2.032780 0.181102,
        0.669291 0.265748 0.181102,
        0.669291 2.111520 0.039370,
        0.669291 2.076772 -0.019685,
        0.669291 2.352362 0.039370,
        0.669291 2.352362 -0.019685,
        0.551181 0.265748 0.181102,
        0.551181 2.032780 0.181102,
        0.551181 2.352362 0.039370,
        0.551181 2.352362 -0.019685,
        0.551181 2.111520 0.039370,
        0.551181 2.076772 -0.019685,
        0.511811 0.265748 0.181102,
        0.511811 0.010739 0.181102,
        0.708661 0.010739 0.181102,
        0.708661 0.265748 0.181102,
        0.118110 1.998031 0.122047,
        0.236220 1.998031 0.122047,
        0.236220 2.032780 0.181102,
        0.236220 0.265748 0.181102,
        0.236220 2.111520 0.039370,
        0.236220 2.076772 -0.019685,
        0.236220 2.352362 0.039370,
        0.236220 2.352362 -0.019685,
        0.118110 0.265748 0.181102,
        0.118110 2.032780 0.181102,
        0.118110 2.352362 0.039370,
        0.118110 2.352362 -0.019685,
        0.118110 2.111520 0.039370,
        0.118110 2.076772 -0.019685,
        0.078740 0.265748 0.181102,
        0.078740 0.010739 0.181102,
        0.275591 0.010739 0.181102,
        0.275591 0.265748 0.181102,
        -0.314961 1.998031 0.122047,
        -0.196850 1.998031 0.122047,
        -0.196850 2.032780 0.181102,
        -0.196850 0.265748 0.181102,
        -0.196850 2.111520 0.039370,
        -0.196850 2.076772 -0.019685,
        -0.196850 2.352362 0.039370,
        -0.196850 2.352362 -0.019685,
        -0.314961 0.265748 0.181102,
        -0.314961 2.032780 0.181102,
        -0.314961 2.352362 0.039370,
        -0.314961 2.352362 -0.019685,
        -0.314961 2.111520 0.039370,
        -0.314961 2.076772 -0.019685,
        -0.354331 0.265748 0.181102,
        -0.354331 0.010739 0.181102,
        -0.157480 0.010739 0.181102,
        -0.157480 0.265748 0.181102,
        -0.748031 1.998031 0.122047,
        -0.629921 1.998031 0.122047,
        -0.629921 2.032780 0.181102,
        -0.629921 0.265748 0.181102,
        -0.629921 2.111520 0.039370,
        -0.629921 2.076772 -0.019685,
        -0.629921 2.352362 0.039370,
        -0.629921 2.352362 -0.019685,
        -0.748031 0.265748 0.181102,
        -0.748031 2.032780 0.181102,
        -0.748031 2.352362 0.039370,
        -0.748031 2.352362 -0.019685,
        -0.748031 2.111520 0.039370,
        -0.748031 2.076772 -0.019685,
        -0.787402 0.265748 0.181102,
        -0.787402 0.010739 0.181102,
        -0.590551 0.010739 0.181102,
        -0.590551 0.265748 0.181102,
        -1.181102 1.998031 0.122047,
        -1.062992 1.998031 0.122047,
        -1.062992 2.032780 0.181102,
        -1.062992 0.265748 0.181102,
        -1.062992 2.111520 0.039370,
        -1.062992 2.076772 -0.019685,
        -1.062992 2.352362 0.039370,
        -1.062992 2.352362 -0.019685,
        -1.181102 0.265748 0.181102,
        -1.181102 2.032780 0.181102,
        -1.181102 2.352362 0.039370,
        -1.181102 2.352362 -0.019685,
        -1.181102 2.111520 0.039370,
        -1.181102 2.076772 -0.019685,
        -1.220472 0.265748 0.181102,
        -1.220472 0.010739 0.181102,
        -1.023622 0.010739 0.181102,
        -1.023622 0.265748 0.181102,
      ]
    }
    coordIndex [
      42, 43, 21, -1,
      21, 43, 22, -1,
      44, 45, 16, -1,
      16, 45, 17, -1,
      16, 22, 44, -1,
      44, 22, 43, -1,
      44, 43, 46, -1,
      46, 43, 47, -1,
      46, 47, 48, -1,
      48, 47, 49, -1,
      15, 50, 14, -1,
      14, 50, 51, -1,
      52, 53, 54, -1,
      54, 53, 55, -1,
      54, 55, 51, -1,
      51, 55, 42, -1,
      51, 42, 14, -1,
      14, 42, 21, -1,
      47, 43, 55, -1,
      55, 43, 42, -1,
      49, 47, 53, -1,
      53, 47, 55, -1,
      48, 49, 52, -1,
      52, 49, 53, -1,
      46, 48, 54, -1,
      54, 48, 52, -1,
      44, 46, 51, -1,
      51, 46, 54, -1,
      50, 56, 57, -1,
      58, 59, 45, -1,
      44, 51, 45, -1,
      45, 51, 50, -1,
      45, 50, 58, -1,
      58, 50, 57, -1,
      60, 61, 34, -1,
      34, 61, 20, -1,
      62, 63, 12, -1,
      12, 63, 13, -1,
      12, 20, 62, -1,
      62, 20, 61, -1,
      62, 61, 64, -1,
      64, 61, 65, -1,
      64, 65, 66, -1,
      66, 65, 67, -1,
      39, 68, 35, -1,
      35, 68, 69, -1,
      70, 71, 72, -1,
      72, 71, 73, -1,
      72, 73, 69, -1,
      69, 73, 60, -1,
      69, 60, 35, -1,
      35, 60, 34, -1,
      65, 61, 73, -1,
      73, 61, 60, -1,
      67, 65, 71, -1,
      71, 65, 73, -1,
      66, 67, 70, -1,
      70, 67, 71, -1,
      64, 66, 72, -1,
      72, 66, 70, -1,
      62, 64, 69, -1,
      69, 64, 72, -1,
      68, 74, 75, -1,
      76, 77, 63, -1,
      62, 69, 63, -1,
      63, 69, 68, -1,
      63, 68, 76, -1,
      76, 68, 75, -1,
      78, 79, 29, -1,
      29, 79, 30, -1,
      80, 81, 36, -1,
      36, 81, 38, -1,
      36, 30, 80, -1,
      80, 30, 79, -1,
      80, 79, 82, -1,
      82, 79, 83, -1,
      82, 83, 84, -1,
      84, 83, 85, -1,
      11, 86, 10, -1,
      10, 86, 87, -1,
      88, 89, 90, -1,
      90, 89, 91, -1,
      90, 91, 87, -1,
      87, 91, 78, -1,
      87, 78, 10, -1,
      10, 78, 29, -1,
      83, 79, 91, -1,
      91, 79, 78, -1,
      85, 83, 89, -1,
      89, 83, 91, -1,
      84, 85, 88, -1,
      88, 85, 89, -1,
      82, 84, 90, -1,
      90, 84, 88, -1,
      80, 82, 87, -1,
      87, 82, 90, -1,
      86, 92, 93, -1,
      94, 95, 81, -1,
      80, 87, 81, -1,
      81, 87, 86, -1,
      81, 86, 94, -1,
      94, 86, 93, -1,
      96, 97, 31, -1,
      31, 97, 19, -1,
      98, 99, 8, -1,
      8, 99, 9, -1,
      8, 19, 98, -1,
      98, 19, 97, -1,
      98, 97, 100, -1,
      100, 97, 101, -1,
      100, 101, 102, -1,
      102, 101, 103, -1,
      40, 104, 32, -1,
      32, 104, 105, -1,
      106, 107, 108, -1,
      108, 107, 109, -1,
      108, 109, 105, -1,
      105, 109, 96, -1,
      105, 96, 32, -1,
      32, 96, 31, -1,
      101, 97, 109, -1,
      109, 97, 96, -1,
      103, 101, 107, -1,
      107, 101, 109, -1,
      102, 103, 106, -1,
      106, 103, 107, -1,
      100, 102, 108, -1,
      108, 102, 106, -1,
      98, 100, 105, -1,
      105, 100, 108, -1,
      104, 110, 111, -1,
      112, 113, 99, -1,
      98, 105, 99, -1,
      99, 105, 104, -1,
      99, 104, 112, -1,
      112, 104, 111, -1,
      114, 115, 26, -1,
      26, 115, 27, -1,
      116, 117, 33, -1,
      33, 117, 41, -1,
      33, 27, 116, -1,
      116, 27, 115, -1,
      116, 115, 118, -1,
      118, 115, 119, -1,
      118, 119, 120, -1,
      120, 119, 121, -1,
      7, 122, 6, -1,
      6, 122, 123, -1,
      124, 125, 126, -1,
      126, 125, 127, -1,
      126, 127, 123, -1,
      123, 127, 114, -1,
      123, 114, 6, -1,
      6, 114, 26, -1,
      119, 115, 127, -1,
      127, 115, 114, -1,
      121, 119, 125, -1,
      125, 119, 127, -1,
      120, 121, 124, -1,
      124, 121, 125, -1,
      118, 120, 126, -1,
      126, 120, 124, -1,
      116, 118, 123, -1,
      123, 118, 126, -1,
      122, 128, 129, -1,
      130, 131, 117, -1,
      116, 123, 117, -1,
      117, 123, 122, -1,
      117, 122, 130, -1,
      130, 122, 129, -1,
      132, 133, 28, -1,
      28, 133, 18, -1,
      134, 135, 4, -1,
      4, 135, 5, -1,
      4, 18, 134, -1,
      134, 18, 133, -1,
      134, 133, 136, -1,
      136, 133, 137, -1,
      136, 137, 138, -1,
      138, 137, 139, -1,
      3, 140, 2, -1,
      2, 140, 141, -1,
      142, 143, 144, -1,
      144, 143, 145, -1,
      144, 145, 141, -1,
      141, 145, 132, -1,
      141, 132, 2, -1,
      2, 132, 28, -1,
      137, 133, 145, -1,
      145, 133, 132, -1,
      139, 137, 143, -1,
      143, 137, 145, -1,
      138, 139, 142, -1,
      142, 139, 143, -1,
      136, 138, 144, -1,
      144, 138, 142, -1,
      134, 136, 141, -1,
      141, 136, 144, -1,
      140, 146, 147, -1,
      148, 149, 135, -1,
      134, 141, 135, -1,
      135, 141, 140, -1,
      135, 140, 148, -1,
      148, 140, 147, -1,
      150, 151, 24, -1,
      24, 151, 25, -1,
      152, 153, 0, -1,
      0, 153, 1, -1,
      0, 25, 152, -1,
      152, 25, 151, -1,
      152, 151, 154, -1,
      154, 151, 155, -1,
      154, 155, 156, -1,
      156, 155, 157, -1,
      37, 158, 23, -1,
      23, 158, 159, -1,
      160, 161, 162, -1,
      162, 161, 163, -1,
      162, 163, 159, -1,
      159, 163, 150, -1,
      159, 150, 23, -1,
      23, 150, 24, -1,
      155, 151, 163, -1,
      163, 151, 150, -1,
      157, 155, 161, -1,
      161, 155, 163, -1,
      156, 157, 160, -1,
      160, 157, 161, -1,
      154, 156, 162, -1,
      162, 156, 160, -1,
      152, 154, 159, -1,
      159, 154, 162, -1,
      158, 164, 165, -1,
      166, 167, 153, -1,
      152, 159, 153, -1,
      153, 159, 158, -1,
      153, 158, 166, -1,
      166, 158, 165, -1,
    ]
  }
}

Shape {
  appearance Appearance {
    material Material {
      diffuseColor 0.2078 0.2078 0.2078
      specularColor 0.0157 0.0157 0.0157
      ambientIntensity 0.2
      transparency 0.0000
      shininess 0.5
    }
  }
  geometry IndexedFaceSet {
    ccw TRUE
    solid FALSE
    coord DEF co Coordinate {
      point [
        0.767717 -1.624016 0.000000,
        0.767717 0.226378 0.000000,
        0.019685 0.226378 0.000000,
        0.019685 -1.624016 0.000000,
        -0.098425 -1.624016 0.000000,
        -1.279528 -1.624016 0.000000,
        -1.279528 0.226378 0.000000,
        -0.098425 0.226378 0.000000,
        0.885827 0.226378 0.000000,
        0.885827 -1.624016 0.000000,
        2.066929 0.226378 0.000000,
        2.066929 -1.624016 0.000000,
        -0.787402 0.226378 0.177165,
        -1.023622 0.226378 0.177165,
        -0.354331 0.226378 0.177165,
        -0.590551 0.226378 0.177165,
        0.511811 0.226378 0.177165,
        0.275591 0.226378 0.177165,
        1.377953 0.226378 0.177165,
        1.141732 0.226378 0.177165,
        1.811024 0.226378 0.177165,
        1.574803 0.226378 0.177165,
        -1.279528 0.226378 0.177165,
        -1.220472 0.226378 0.177165,
        2.007874 0.226378 0.177165,
        2.066929 0.226378 0.177165,
        0.885827 -1.624016 0.177165,
        2.066929 -1.624016 0.177165,
        0.767717 0.226378 0.177165,
        0.708661 0.226378 0.177165,
        0.019685 0.226378 0.177165,
        0.078740 0.226378 0.177165,
        -0.098425 -1.624016 0.177165,
        -1.279528 -1.624016 0.177165,
        -0.157480 0.226378 0.177165,
        -0.098425 0.226378 0.177165,
        0.944882 0.226378 0.177165,
        0.885827 0.226378 0.177165,
        0.767717 -1.624016 0.177165,
        0.019685 -1.624016 0.177165,
        0.078740 0.226378 0.122047,
        0.275591 0.226378 0.122047,
        0.708661 0.226378 0.122047,
        0.511811 0.226378 0.122047,
        -0.354331 0.226378 0.122047,
        -0.590551 0.226378 0.122047,
        -0.157480 0.226378 0.122047,
        -0.787402 0.226378 0.122047,
        -1.220472 0.226378 0.122047,
        -1.023622 0.226378 0.122047,
        1.377953 0.226378 0.122047,
        0.944882 0.226378 0.122047,
        1.141732 0.226378 0.122047,
        2.007874 0.226378 0.122047,
        1.811024 0.226378 0.122047,
        1.574803 0.226378 0.122047,
      ]
    }
    coordIndex [
      0, 38, 1, -1,
      1, 38, 28, -1,
      31, 30, 40, -1,
      40, 30, 2, -1,
      40, 2, 41, -1,
      28, 29, 1, -1,
      1, 29, 42, -1,
      1, 42, 43, -1,
      16, 17, 43, -1,
      43, 17, 41, -1,
      43, 41, 1, -1,
      1, 41, 2, -1,
      2, 30, 3, -1,
      3, 30, 39, -1,
      3, 39, 0, -1,
      0, 39, 38, -1,
      6, 22, 5, -1,
      5, 22, 33, -1,
      5, 33, 4, -1,
      4, 33, 32, -1,
      4, 32, 7, -1,
      7, 32, 35, -1,
      7, 35, 34, -1,
      14, 15, 44, -1,
      44, 15, 45, -1,
      34, 46, 7, -1,
      7, 46, 44, -1,
      7, 44, 6, -1,
      6, 44, 45, -1,
      6, 45, 47, -1,
      23, 22, 48, -1,
      48, 22, 6, -1,
      48, 6, 49, -1,
      49, 6, 47, -1,
      49, 47, 13, -1,
      13, 47, 12, -1,
      11, 27, 10, -1,
      10, 27, 25, -1,
      50, 18, 19, -1,
      36, 37, 51, -1,
      51, 37, 8, -1,
      51, 8, 52, -1,
      52, 8, 10, -1,
      25, 24, 10, -1,
      10, 24, 53, -1,
      10, 53, 54, -1,
      20, 21, 54, -1,
      54, 21, 55, -1,
      54, 55, 10, -1,
      10, 55, 50, -1,
      10, 50, 52, -1,
      52, 50, 19, -1,
      8, 37, 9, -1,
      9, 37, 26, -1,
      9, 26, 11, -1,
      11, 26, 27, -1,
    ]
  }
}

Shape {
  appearance Appearance {
    material Material {
      diffuseColor 0.6667 0.6667 0.6667
      specularColor 0.4667 0.4667 0.4667
      ambientIntensity 0.2
      transparency 0.0000
      shininess 0.5
    }
  }
  geometry IndexedFaceSet {
    ccw TRUE
    solid FALSE
    coord DEF co Coordinate {
      point [
        1.850394 0.265748 0.177165,
        1.811024 0.265748 0.177165,
        1.811024 0.226378 0.177165,
        2.007874 0.265748 0.177165,
        2.007874 0.226378 0.177165,
        1.968504 0.265748 0.177165,
        1.968504 0.265748 0.181102,
        1.850394 0.265748 0.181102,
        1.811024 0.265748 0.181102,
        1.811024 0.010739 0.181102,
        2.007874 0.010739 0.181102,
        2.007874 0.265748 0.181102,
        2.007874 0.226378 0.122047,
        1.811024 0.226378 0.122047,
        2.007874 0.006255 0.122047,
        1.811024 0.006255 0.122047,
        2.007874 -0.922100 0.323596,
        2.007874 -0.955506 0.268959,
        2.007874 -1.259029 0.323596,
        2.007874 -1.213343 0.286176,
        2.007874 -1.219176 0.361337,
        2.007874 -1.186198 0.312269,
        2.007874 -1.171152 0.387913,
        2.007874 -1.153670 0.331232,
        2.007874 -1.118008 0.401637,
        2.007874 -1.117591 0.342000,
        2.007874 -1.063121 0.401637,
        2.007874 -1.079991 0.343966,
        2.007874 -1.009977 0.387913,
        2.007874 -1.042985 0.337018,
        2.007874 -0.961953 0.361337,
        2.007874 -1.008657 0.321549,
        2.007874 -0.978940 0.298429,
        1.811024 -0.922100 0.323596,
        1.811024 -1.213343 0.286176,
        1.811024 -1.259029 0.323596,
        1.811024 -1.186198 0.312269,
        1.811024 -1.219176 0.361337,
        1.811024 -1.153670 0.331232,
        1.811024 -1.171152 0.387913,
        1.811024 -1.117591 0.342000,
        1.811024 -1.118008 0.401637,
        1.811024 -1.079991 0.343966,
        1.811024 -1.063121 0.401637,
        1.811024 -1.042985 0.337018,
        1.811024 -1.009977 0.387913,
        1.811024 -1.008657 0.321549,
        1.811024 -0.961953 0.361337,
        1.811024 -0.978940 0.298429,
        1.811024 -0.955506 0.268959,
      ]
    }
    coordIndex [
      8, 7, 1, -1,
      1, 7, 0, -1,
      6, 11, 5, -1,
      5, 11, 3, -1,
      14, 15, 12, -1,
      12, 15, 13, -1,
      3, 11, 4, -1,
      4, 11, 10, -1,
      16, 17, 10, -1,
      10, 17, 14, -1,
      10, 14, 4, -1,
      4, 14, 12, -1,
      18, 19, 20, -1,
      20, 19, 21, -1,
      20, 21, 22, -1,
      22, 21, 23, -1,
      22, 23, 24, -1,
      24, 23, 25, -1,
      24, 25, 26, -1,
      26, 25, 27, -1,
      26, 27, 28, -1,
      28, 27, 29, -1,
      28, 29, 30, -1,
      30, 29, 31, -1,
      30, 31, 16, -1,
      16, 31, 32, -1,
      16, 32, 17, -1,
      8, 1, 2, -1,
      33, 9, 15, -1,
      8, 2, 9, -1,
      9, 2, 13, -1,
      9, 13, 15, -1,
      34, 35, 36, -1,
      36, 35, 37, -1,
      36, 37, 38, -1,
      38, 37, 39, -1,
      38, 39, 40, -1,
      40, 39, 41, -1,
      40, 41, 42, -1,
      42, 41, 43, -1,
      42, 43, 44, -1,
      44, 43, 45, -1,
      44, 45, 46, -1,
      46, 45, 47, -1,
      46, 47, 48, -1,
      48, 47, 33, -1,
      48, 33, 49, -1,
      49, 33, 15, -1,
    ]
  }
}

Shape {
  appearance Appearance {
    material Material {
      diffuseColor 0.8275 0.6667 0.1294
      specularColor 0.8275 0.6667 0.1294
      ambientIntensity 0.2
      transparency 0.0000
      shininess 0.5
    }
  }
  geometry IndexedFaceSet {
    ccw TRUE
    solid FALSE
    coord DEF co Coordinate {
      point [
        2.007874 -0.922100 0.323596,
        2.007874 -1.259029 0.323596,
        2.007874 -1.219176 0.361337,
        2.007874 -1.171152 0.387913,
        2.007874 -1.118008 0.401637,
        2.007874 -1.063121 0.401637,
        2.007874 -1.009977 0.387913,
        2.007874 -0.961953 0.361337,
        1.811024 -0.922100 0.323596,
        1.811024 -1.259029 0.323596,
        1.811024 -1.219176 0.361337,
        1.811024 -1.171152 0.387913,
        1.811024 -1.118008 0.401637,
        1.811024 -1.063121 0.401637,
        1.811024 -1.009977 0.387913,
        1.811024 -0.961953 0.361337,
      ]
    }
    coordIndex [
      0, 8, 15, -1,
      0, 15, 7, -1,
      7, 15, 14, -1,
      7, 14, 6, -1,
      6, 14, 13, -1,
      6, 13, 5, -1,
      5, 13, 12, -1,
      5, 12, 4, -1,
      4, 12, 11, -1,
      4, 11, 3, -1,
      3, 11, 10, -1,
      3, 10, 2, -1,
      2, 10, 9, -1,
      2, 9, 1, -1,
    ]
  }
}

Shape {
  appearance Appearance {
    material Material {
      diffuseColor 0.6667 0.6667 0.6667
      specularColor 0.4667 0.4667 0.4667
      ambientIntensity 0.2
      transparency 0.0000
      shininess 0.5
    }
  }
  geometry IndexedFaceSet {
    ccw TRUE
    solid FALSE
    coord DEF co Coordinate {
      point [
        2.007874 -1.259029 0.323596,
        2.007874 -1.213343 0.286176,
        1.811024 -1.213343 0.286176,
        1.811024 -1.259029 0.323596,
      ]
    }
    coordIndex [
      1, 0, 2, -1,
      2, 0, 3, -1,
    ]
  }
}

Shape {
  appearance Appearance {
    material Material {
      diffuseColor 0.8275 0.6667 0.1294
      specularColor 0.8275 0.6667 0.1294
      ambientIntensity 0.2
      transparency 0.0000
      shininess 0.5
    }
  }
  geometry IndexedFaceSet {
    ccw TRUE
    solid FALSE
    coord DEF co Coordinate {
      point [
        2.007874 -0.955506 0.268959,
        2.007874 -1.213343 0.286176,
        2.007874 -1.186198 0.312269,
        2.007874 -1.153670 0.331232,
        2.007874 -1.117591 0.342000,
        2.007874 -1.079991 0.343966,
        2.007874 -1.042985 0.337018,
        2.007874 -1.008657 0.321549,
        2.007874 -0.978940 0.298429,
        1.811024 -1.213343 0.286176,
        1.811024 -1.186198 0.312269,
        1.811024 -1.153670 0.331232,
        1.811024 -1.117591 0.342000,
        1.811024 -1.079991 0.343966,
        1.811024 -1.042985 0.337018,
        1.811024 -1.008657 0.321549,
        1.811024 -0.978940 0.298429,
        1.811024 -0.955506 0.268959,
      ]
    }
    coordIndex [
      1, 9, 2, -1,
      2, 9, 10, -1,
      2, 10, 3, -1,
      3, 10, 11, -1,
      3, 11, 4, -1,
      4, 11, 12, -1,
      4, 12, 5, -1,
      5, 12, 13, -1,
      5, 13, 6, -1,
      6, 13, 14, -1,
      6, 14, 7, -1,
      7, 14, 15, -1,
      7, 15, 8, -1,
      8, 15, 16, -1,
      8, 16, 0, -1,
      0, 16, 17, -1,
    ]
  }
}

Shape {
  appearance Appearance {
    material Material {
      diffuseColor 0.6667 0.6667 0.6667
      specularColor 0.4667 0.4667 0.4667
      ambientIntensity 0.2
      transparency 0.0000
      shininess 0.5
    }
  }
  geometry IndexedFaceSet {
    ccw TRUE
    solid FALSE
    coord DEF co Coordinate {
      point [
        1.417323 0.265748 0.177165,
        1.377953 0.265748 0.177165,
        1.377953 0.226378 0.177165,
        1.535433 0.265748 0.177165,
        1.574803 0.265748 0.177165,
        1.574803 0.226378 0.177165,
        1.811024 0.010739 0.181102,
        2.007874 0.010739 0.181102,
        1.535433 0.265748 0.181102,
        1.417323 0.265748 0.181102,
        1.377953 0.265748 0.181102,
        1.377953 0.010739 0.181102,
        1.574803 0.010739 0.181102,
        1.574803 0.265748 0.181102,
        1.377953 0.226378 0.122047,
        1.574803 0.226378 0.122047,
        2.007874 0.006255 0.122047,
        1.811024 0.006255 0.122047,
        2.007874 -0.922100 0.323596,
        2.007874 -0.955506 0.268959,
        1.811024 -0.922100 0.323596,
        1.811024 -0.955506 0.268959,
        1.574803 0.006255 0.122047,
        1.377953 0.006255 0.122047,
        1.574803 -0.922100 0.323596,
        1.574803 -0.955506 0.268959,
        1.574803 -1.259029 0.323596,
        1.574803 -1.213343 0.286176,
        1.574803 -1.219176 0.361337,
        1.574803 -1.186198 0.312269,
        1.574803 -1.171152 0.387913,
        1.574803 -1.153670 0.331232,
        1.574803 -1.118008 0.401637,
        1.574803 -1.117591 0.342000,
        1.574803 -1.063121 0.401637,
        1.574803 -1.079991 0.343966,
        1.574803 -1.009977 0.387913,
        1.574803 -1.042985 0.337018,
        1.574803 -0.961953 0.361337,
        1.574803 -1.008657 0.321549,
        1.574803 -0.978940 0.298429,
        1.377953 -0.922100 0.323596,
        1.377953 -1.213343 0.286176,
        1.377953 -1.259029 0.323596,
        1.377953 -1.186198 0.312269,
        1.377953 -1.219176 0.361337,
        1.377953 -1.153670 0.331232,
        1.377953 -1.171152 0.387913,
        1.377953 -1.117591 0.342000,
        1.377953 -1.118008 0.401637,
        1.377953 -1.079991 0.343966,
        1.377953 -1.063121 0.401637,
        1.377953 -1.042985 0.337018,
        1.377953 -1.009977 0.387913,
        1.377953 -1.008657 0.321549,
        1.377953 -0.961953 0.361337,
        1.377953 -0.978940 0.298429,
        1.377953 -0.955506 0.268959,
      ]
    }
    coordIndex [
      16, 19, 17, -1,
      17, 19, 21, -1,
      18, 7, 20, -1,
      20, 7, 6, -1,
      10, 9, 1, -1,
      1, 9, 0, -1,
      8, 13, 3, -1,
      3, 13, 4, -1,
      22, 23, 15, -1,
      15, 23, 14, -1,
      4, 13, 5, -1,
      5, 13, 12, -1,
      24, 25, 12, -1,
      12, 25, 22, -1,
      12, 22, 5, -1,
      5, 22, 15, -1,
      26, 27, 28, -1,
      28, 27, 29, -1,
      28, 29, 30, -1,
      30, 29, 31, -1,
      30, 31, 32, -1,
      32, 31, 33, -1,
      32, 33, 34, -1,
      34, 33, 35, -1,
      34, 35, 36, -1,
      36, 35, 37, -1,
      36, 37, 38, -1,
      38, 37, 39, -1,
      38, 39, 24, -1,
      24, 39, 40, -1,
      24, 40, 25, -1,
      10, 1, 2, -1,
      41, 11, 23, -1,
      10, 2, 11, -1,
      11, 2, 14, -1,
      11, 14, 23, -1,
      42, 43, 44, -1,
      44, 43, 45, -1,
      44, 45, 46, -1,
      46, 45, 47, -1,
      46, 47, 48, -1,
      48, 47, 49, -1,
      48, 49, 50, -1,
      50, 49, 51, -1,
      50, 51, 52, -1,
      52, 51, 53, -1,
      52, 53, 54, -1,
      54, 53, 55, -1,
      54, 55, 56, -1,
      56, 55, 41, -1,
      56, 41, 57, -1,
      57, 41, 23, -1,
    ]
  }
}

Shape {
  appearance Appearance {
    material Material {
      diffuseColor 0.8275 0.6667 0.1294
      specularColor 0.8275 0.6667 0.1294
      ambientIntensity 0.2
      transparency 0.0000
      shininess 0.5
    }
  }
  geometry IndexedFaceSet {
    ccw TRUE
    solid FALSE
    coord DEF co Coordinate {
      point [
        1.574803 -0.922100 0.323596,
        1.574803 -1.259029 0.323596,
        1.574803 -1.219176 0.361337,
        1.574803 -1.171152 0.387913,
        1.574803 -1.118008 0.401637,
        1.574803 -1.063121 0.401637,
        1.574803 -1.009977 0.387913,
        1.574803 -0.961953 0.361337,
        1.377953 -0.922100 0.323596,
        1.377953 -1.259029 0.323596,
        1.377953 -1.219176 0.361337,
        1.377953 -1.171152 0.387913,
        1.377953 -1.118008 0.401637,
        1.377953 -1.063121 0.401637,
        1.377953 -1.009977 0.387913,
        1.377953 -0.961953 0.361337,
      ]
    }
    coordIndex [
      0, 8, 15, -1,
      0, 15, 7, -1,
      7, 15, 14, -1,
      7, 14, 6, -1,
      6, 14, 13, -1,
      6, 13, 5, -1,
      5, 13, 12, -1,
      5, 12, 4, -1,
      4, 12, 11, -1,
      4, 11, 3, -1,
      3, 11, 10, -1,
      3, 10, 2, -1,
      2, 10, 9, -1,
      2, 9, 1, -1,
    ]
  }
}

Shape {
  appearance Appearance {
    material Material {
      diffuseColor 0.6667 0.6667 0.6667
      specularColor 0.4667 0.4667 0.4667
      ambientIntensity 0.2
      transparency 0.0000
      shininess 0.5
    }
  }
  geometry IndexedFaceSet {
    ccw TRUE
    solid FALSE
    coord DEF co Coordinate {
      point [
        1.574803 -1.259029 0.323596,
        1.574803 -1.213343 0.286176,
        1.377953 -1.213343 0.286176,
        1.377953 -1.259029 0.323596,
      ]
    }
    coordIndex [
      1, 0, 2, -1,
      2, 0, 3, -1,
    ]
  }
}

Shape {
  appearance Appearance {
    material Material {
      diffuseColor 0.8275 0.6667 0.1294
      specularColor 0.8275 0.6667 0.1294
      ambientIntensity 0.2
      transparency 0.0000
      shininess 0.5
    }
  }
  geometry IndexedFaceSet {
    ccw TRUE
    solid FALSE
    coord DEF co Coordinate {
      point [
        1.574803 -0.955506 0.268959,
        1.574803 -1.213343 0.286176,
        1.574803 -1.186198 0.312269,
        1.574803 -1.153670 0.331232,
        1.574803 -1.117591 0.342000,
        1.574803 -1.079991 0.343966,
        1.574803 -1.042985 0.337018,
        1.574803 -1.008657 0.321549,
        1.574803 -0.978940 0.298429,
        1.377953 -1.213343 0.286176,
        1.377953 -1.186198 0.312269,
        1.377953 -1.153670 0.331232,
        1.377953 -1.117591 0.342000,
        1.377953 -1.079991 0.343966,
        1.377953 -1.042985 0.337018,
        1.377953 -1.008657 0.321549,
        1.377953 -0.978940 0.298429,
        1.377953 -0.955506 0.268959,
      ]
    }
    coordIndex [
      1, 9, 2, -1,
      2, 9, 10, -1,
      2, 10, 3, -1,
      3, 10, 11, -1,
      3, 11, 4, -1,
      4, 11, 12, -1,
      4, 12, 5, -1,
      5, 12, 13, -1,
      5, 13, 6, -1,
      6, 13, 14, -1,
      6, 14, 7, -1,
      7, 14, 15, -1,
      7, 15, 8, -1,
      8, 15, 16, -1,
      8, 16, 0, -1,
      0, 16, 17, -1,
    ]
  }
}

Shape {
  appearance Appearance {
    material Material {
      diffuseColor 0.6667 0.6667 0.6667
      specularColor 0.4667 0.4667 0.4667
      ambientIntensity 0.2
      transparency 0.0000
      shininess 0.5
    }
  }
  geometry IndexedFaceSet {
    ccw TRUE
    solid FALSE
    coord DEF co Coordinate {
      point [
        1.102362 0.265748 0.177165,
        1.141732 0.265748 0.177165,
        1.141732 0.226378 0.177165,
        0.984252 0.265748 0.177165,
        0.944882 0.265748 0.177165,
        0.944882 0.226378 0.177165,
        1.377953 0.010739 0.181102,
        1.574803 0.010739 0.181102,
        1.102362 0.265748 0.181102,
        0.984252 0.265748 0.181102,
        0.944882 0.265748 0.181102,
        0.944882 0.010739 0.181102,
        1.141732 0.010739 0.181102,
        1.141732 0.265748 0.181102,
        0.944882 0.226378 0.122047,
        1.141732 0.226378 0.122047,
        1.574803 0.006255 0.122047,
        1.377953 0.006255 0.122047,
        1.574803 -0.922100 0.323596,
        1.574803 -0.955506 0.268959,
        1.377953 -0.922100 0.323596,
        1.377953 -0.955506 0.268959,
        1.141732 0.006255 0.122047,
        0.944882 0.006255 0.122047,
        1.141732 -0.922100 0.323596,
        1.141732 -0.955506 0.268959,
        1.141732 -1.259029 0.323596,
        1.141732 -1.213343 0.286176,
        1.141732 -1.219176 0.361337,
        1.141732 -1.186198 0.312269,
        1.141732 -1.171152 0.387913,
        1.141732 -1.153670 0.331232,
        1.141732 -1.118008 0.401637,
        1.141732 -1.117591 0.342000,
        1.141732 -1.063121 0.401637,
        1.141732 -1.079991 0.343966,
        1.141732 -1.009977 0.387913,
        1.141732 -1.042985 0.337018,
        1.141732 -0.961953 0.361337,
        1.141732 -1.008657 0.321549,
        1.141732 -0.978940 0.298429,
        0.944882 -0.922100 0.323596,
        0.944882 -1.213343 0.286176,
        0.944882 -1.259029 0.323596,
        0.944882 -1.186198 0.312269,
        0.944882 -1.219176 0.361337,
        0.944882 -1.153670 0.331232,
        0.944882 -1.171152 0.387913,
        0.944882 -1.117591 0.342000,
        0.944882 -1.118008 0.401637,
        0.944882 -1.079991 0.343966,
        0.944882 -1.063121 0.401637,
        0.944882 -1.042985 0.337018,
        0.944882 -1.009977 0.387913,
        0.944882 -1.008657 0.321549,
        0.944882 -0.961953 0.361337,
        0.944882 -0.978940 0.298429,
        0.944882 -0.955506 0.268959,
      ]
    }
    coordIndex [
      16, 19, 17, -1,
      17, 19, 21, -1,
      18, 7, 20, -1,
      20, 7, 6, -1,
      10, 9, 4, -1,
      4, 9, 3, -1,
      8, 13, 0, -1,
      0, 13, 1, -1,
      22, 23, 15, -1,
      15, 23, 14, -1,
      1, 13, 2, -1,
      2, 13, 12, -1,
      24, 25, 12, -1,
      12, 25, 22, -1,
      12, 22, 2, -1,
      2, 22, 15, -1,
      26, 27, 28, -1,
      28, 27, 29, -1,
      28, 29, 30, -1,
      30, 29, 31, -1,
      30, 31, 32, -1,
      32, 31, 33, -1,
      32, 33, 34, -1,
      34, 33, 35, -1,
      34, 35, 36, -1,
      36, 35, 37, -1,
      36, 37, 38, -1,
      38, 37, 39, -1,
      38, 39, 24, -1,
      24, 39, 40, -1,
      24, 40, 25, -1,
      10, 4, 5, -1,
      41, 11, 23, -1,
      10, 5, 11, -1,
      11, 5, 14, -1,
      11, 14, 23, -1,
      42, 43, 44, -1,
      44, 43, 45, -1,
      44, 45, 46, -1,
      46, 45, 47, -1,
      46, 47, 48, -1,
      48, 47, 49, -1,
      48, 49, 50, -1,
      50, 49, 51, -1,
      50, 51, 52, -1,
      52, 51, 53, -1,
      52, 53, 54, -1,
      54, 53, 55, -1,
      54, 55, 56, -1,
      56, 55, 41, -1,
      56, 41, 57, -1,
      57, 41, 23, -1,
    ]
  }
}

Shape {
  appearance Appearance {
    material Material {
      diffuseColor 0.8275 0.6667 0.1294
      specularColor 0.8275 0.6667 0.1294
      ambientIntensity 0.2
      transparency 0.0000
      shininess 0.5
    }
  }
  geometry IndexedFaceSet {
    ccw TRUE
    solid FALSE
    coord DEF co Coordinate {
      point [
        1.141732 -0.922100 0.323596,
        1.141732 -1.259029 0.323596,
        1.141732 -1.219176 0.361337,
        1.141732 -1.171152 0.387913,
        1.141732 -1.118008 0.401637,
        1.141732 -1.063121 0.401637,
        1.141732 -1.009977 0.387913,
        1.141732 -0.961953 0.361337,
        0.944882 -0.922100 0.323596,
        0.944882 -1.259029 0.323596,
        0.944882 -1.219176 0.361337,
        0.944882 -1.171152 0.387913,
        0.944882 -1.118008 0.401637,
        0.944882 -1.063121 0.401637,
        0.944882 -1.009977 0.387913,
        0.944882 -0.961953 0.361337,
      ]
    }
    coordIndex [
      0, 8, 15, -1,
      0, 15, 7, -1,
      7, 15, 14, -1,
      7, 14, 6, -1,
      6, 14, 13, -1,
      6, 13, 5, -1,
      5, 13, 12, -1,
      5, 12, 4, -1,
      4, 12, 11, -1,
      4, 11, 3, -1,
      3, 11, 10, -1,
      3, 10, 2, -1,
      2, 10, 9, -1,
      2, 9, 1, -1,
    ]
  }
}

Shape {
  appearance Appearance {
    material Material {
      diffuseColor 0.6667 0.6667 0.6667
      specularColor 0.4667 0.4667 0.4667
      ambientIntensity 0.2
      transparency 0.0000
      shininess 0.5
    }
  }
  geometry IndexedFaceSet {
    ccw TRUE
    solid FALSE
    coord DEF co Coordinate {
      point [
        1.141732 -1.259029 0.323596,
        1.141732 -1.213343 0.286176,
        0.944882 -1.213343 0.286176,
        0.944882 -1.259029 0.323596,
      ]
    }
    coordIndex [
      1, 0, 2, -1,
      2, 0, 3, -1,
    ]
  }
}

Shape {
  appearance Appearance {
    material Material {
      diffuseColor 0.8275 0.6667 0.1294
      specularColor 0.8275 0.6667 0.1294
      ambientIntensity 0.2
      transparency 0.0000
      shininess 0.5
    }
  }
  geometry IndexedFaceSet {
    ccw TRUE
    solid FALSE
    coord DEF co Coordinate {
      point [
        1.141732 -0.955506 0.268959,
        1.141732 -1.213343 0.286176,
        1.141732 -1.186198 0.312269,
        1.141732 -1.153670 0.331232,
        1.141732 -1.117591 0.342000,
        1.141732 -1.079991 0.343966,
        1.141732 -1.042985 0.337018,
        1.141732 -1.008657 0.321549,
        1.141732 -0.978940 0.298429,
        0.944882 -1.213343 0.286176,
        0.944882 -1.186198 0.312269,
        0.944882 -1.153670 0.331232,
        0.944882 -1.117591 0.342000,
        0.944882 -1.079991 0.343966,
        0.944882 -1.042985 0.337018,
        0.944882 -1.008657 0.321549,
        0.944882 -0.978940 0.298429,
        0.944882 -0.955506 0.268959,
      ]
    }
    coordIndex [
      1, 9, 2, -1,
      2, 9, 10, -1,
      2, 10, 3, -1,
      3, 10, 11, -1,
      3, 11, 4, -1,
      4, 11, 12, -1,
      4, 12, 5, -1,
      5, 12, 13, -1,
      5, 13, 6, -1,
      6, 13, 14, -1,
      6, 14, 7, -1,
      7, 14, 15, -1,
      7, 15, 8, -1,
      8, 15, 16, -1,
      8, 16, 0, -1,
      0, 16, 17, -1,
    ]
  }
}

Shape {
  appearance Appearance {
    material Material {
      diffuseColor 0.6667 0.6667 0.6667
      specularColor 0.4667 0.4667 0.4667
      ambientIntensity 0.2
      transparency 0.0000
      shininess 0.5
    }
  }
  geometry IndexedFaceSet {
    ccw TRUE
    solid FALSE
    coord DEF co Coordinate {
      point [
        0.551181 0.265748 0.177165,
        0.511811 0.265748 0.177165,
        0.511811 0.226378 0.177165,
        0.669291 0.265748 0.177165,
        0.708661 0.265748 0.177165,
        0.708661 0.226378 0.177165,
        0.944882 0.010739 0.181102,
        1.141732 0.010739 0.181102,
        0.669291 0.265748 0.181102,
        0.551181 0.265748 0.181102,
        0.511811 0.265748 0.181102,
        0.511811 0.010739 0.181102,
        0.708661 0.010739 0.181102,
        0.708661 0.265748 0.181102,
        0.708661 0.226378 0.122047,
        0.511811 0.226378 0.122047,
        1.141732 0.006255 0.122047,
        0.944882 0.006255 0.122047,
        1.141732 -0.922100 0.323596,
        1.141732 -0.955506 0.268959,
        0.944882 -0.922100 0.323596,
        0.944882 -0.955506 0.268959,
        0.708661 0.006255 0.122047,
        0.511811 0.006255 0.122047,
        0.708661 -0.922100 0.323596,
        0.708661 -0.955506 0.268959,
        0.708661 -1.259029 0.323596,
        0.708661 -1.213343 0.286176,
        0.708661 -1.219176 0.361337,
        0.708661 -1.186198 0.312269,
        0.708661 -1.171152 0.387913,
        0.708661 -1.153670 0.331232,
        0.708661 -1.118008 0.401637,
        0.708661 -1.117591 0.342000,
        0.708661 -1.063121 0.401637,
        0.708661 -1.079991 0.343966,
        0.708661 -1.009977 0.387913,
        0.708661 -1.042985 0.337018,
        0.708661 -0.961953 0.361337,
        0.708661 -1.008657 0.321549,
        0.708661 -0.978940 0.298429,
        0.511811 -0.922100 0.323596,
        0.511811 -1.213343 0.286176,
        0.511811 -1.259029 0.323596,
        0.511811 -1.186198 0.312269,
        0.511811 -1.219176 0.361337,
        0.511811 -1.153670 0.331232,
        0.511811 -1.171152 0.387913,
        0.511811 -1.117591 0.342000,
        0.511811 -1.118008 0.401637,
        0.511811 -1.079991 0.343966,
        0.511811 -1.063121 0.401637,
        0.511811 -1.042985 0.337018,
        0.511811 -1.009977 0.387913,
        0.511811 -1.008657 0.321549,
        0.511811 -0.961953 0.361337,
        0.511811 -0.978940 0.298429,
        0.511811 -0.955506 0.268959,
      ]
    }
    coordIndex [
      16, 19, 17, -1,
      17, 19, 21, -1,
      18, 7, 20, -1,
      20, 7, 6, -1,
      10, 9, 1, -1,
      1, 9, 0, -1,
      8, 13, 3, -1,
      3, 13, 4, -1,
      22, 23, 14, -1,
      14, 23, 15, -1,
      4, 13, 5, -1,
      5, 13, 12, -1,
      24, 25, 12, -1,
      12, 25, 22, -1,
      12, 22, 5, -1,
      5, 22, 14, -1,
      26, 27, 28, -1,
      28, 27, 29, -1,
      28, 29, 30, -1,
      30, 29, 31, -1,
      30, 31, 32, -1,
      32, 31, 33, -1,
      32, 33, 34, -1,
      34, 33, 35, -1,
      34, 35, 36, -1,
      36, 35, 37, -1,
      36, 37, 38, -1,
      38, 37, 39, -1,
      38, 39, 24, -1,
      24, 39, 40, -1,
      24, 40, 25, -1,
      10, 1, 2, -1,
      41, 11, 23, -1,
      10, 2, 11, -1,
      11, 2, 15, -1,
      11, 15, 23, -1,
      42, 43, 44, -1,
      44, 43, 45, -1,
      44, 45, 46, -1,
      46, 45, 47, -1,
      46, 47, 48, -1,
      48, 47, 49, -1,
      48, 49, 50, -1,
      50, 49, 51, -1,
      50, 51, 52, -1,
      52, 51, 53, -1,
      52, 53, 54, -1,
      54, 53, 55, -1,
      54, 55, 56, -1,
      56, 55, 41, -1,
      56, 41, 57, -1,
      57, 41, 23, -1,
    ]
  }
}

Shape {
  appearance Appearance {
    material Material {
      diffuseColor 0.8275 0.6667 0.1294
      specularColor 0.8275 0.6667 0.1294
      ambientIntensity 0.2
      transparency 0.0000
      shininess 0.5
    }
  }
  geometry IndexedFaceSet {
    ccw TRUE
    solid FALSE
    coord DEF co Coordinate {
      point [
        0.708661 -0.922100 0.323596,
        0.708661 -1.259029 0.323596,
        0.708661 -1.219176 0.361337,
        0.708661 -1.171152 0.387913,
        0.708661 -1.118008 0.401637,
        0.708661 -1.063121 0.401637,
        0.708661 -1.009977 0.387913,
        0.708661 -0.961953 0.361337,
        0.511811 -0.922100 0.323596,
        0.511811 -1.259029 0.323596,
        0.511811 -1.219176 0.361337,
        0.511811 -1.171152 0.387913,
        0.511811 -1.118008 0.401637,
        0.511811 -1.063121 0.401637,
        0.511811 -1.009977 0.387913,
        0.511811 -0.961953 0.361337,
      ]
    }
    coordIndex [
      0, 8, 15, -1,
      0, 15, 7, -1,
      7, 15, 14, -1,
      7, 14, 6, -1,
      6, 14, 13, -1,
      6, 13, 5, -1,
      5, 13, 12, -1,
      5, 12, 4, -1,
      4, 12, 11, -1,
      4, 11, 3, -1,
      3, 11, 10, -1,
      3, 10, 2, -1,
      2, 10, 9, -1,
      2, 9, 1, -1,
    ]
  }
}

Shape {
  appearance Appearance {
    material Material {
      diffuseColor 0.6667 0.6667 0.6667
      specularColor 0.4667 0.4667 0.4667
      ambientIntensity 0.2
      transparency 0.0000
      shininess 0.5
    }
  }
  geometry IndexedFaceSet {
    ccw TRUE
    solid FALSE
    coord DEF co Coordinate {
      point [
        0.708661 -1.259029 0.323596,
        0.708661 -1.213343 0.286176,
        0.511811 -1.213343 0.286176,
        0.511811 -1.259029 0.323596,
      ]
    }
    coordIndex [
      1, 0, 2, -1,
      2, 0, 3, -1,
    ]
  }
}

Shape {
  appearance Appearance {
    material Material {
      diffuseColor 0.8275 0.6667 0.1294
      specularColor 0.8275 0.6667 0.1294
      ambientIntensity 0.2
      transparency 0.0000
      shininess 0.5
    }
  }
  geometry IndexedFaceSet {
    ccw TRUE
    solid FALSE
    coord DEF co Coordinate {
      point [
        0.708661 -0.955506 0.268959,
        0.708661 -1.213343 0.286176,
        0.708661 -1.186198 0.312269,
        0.708661 -1.153670 0.331232,
        0.708661 -1.117591 0.342000,
        0.708661 -1.079991 0.343966,
        0.708661 -1.042985 0.337018,
        0.708661 -1.008657 0.321549,
        0.708661 -0.978940 0.298429,
        0.511811 -1.213343 0.286176,
        0.511811 -1.186198 0.312269,
        0.511811 -1.153670 0.331232,
        0.511811 -1.117591 0.342000,
        0.511811 -1.079991 0.343966,
        0.511811 -1.042985 0.337018,
        0.511811 -1.008657 0.321549,
        0.511811 -0.978940 0.298429,
        0.511811 -0.955506 0.268959,
      ]
    }
    coordIndex [
      1, 9, 2, -1,
      2, 9, 10, -1,
      2, 10, 3, -1,
      3, 10, 11, -1,
      3, 11, 4, -1,
      4, 11, 12, -1,
      4, 12, 5, -1,
      5, 12, 13, -1,
      5, 13, 6, -1,
      6, 13, 14, -1,
      6, 14, 7, -1,
      7, 14, 15, -1,
      7, 15, 8, -1,
      8, 15, 16, -1,
      8, 16, 0, -1,
      0, 16, 17, -1,
    ]
  }
}

Shape {
  appearance Appearance {
    material Material {
      diffuseColor 0.6667 0.6667 0.6667
      specularColor 0.4667 0.4667 0.4667
      ambientIntensity 0.2
      transparency 0.0000
      shininess 0.5
    }
  }
  geometry IndexedFaceSet {
    ccw TRUE
    solid FALSE
    coord DEF co Coordinate {
      point [
        0.236220 0.265748 0.177165,
        0.275591 0.265748 0.177165,
        0.275591 0.226378 0.177165,
        0.078740 0.226378 0.177165,
        0.078740 0.265748 0.177165,
        0.118110 0.265748 0.177165,
        0.511811 0.010739 0.181102,
        0.708661 0.010739 0.181102,
        0.236220 0.265748 0.181102,
        0.118110 0.265748 0.181102,
        0.078740 0.265748 0.181102,
        0.078740 0.010739 0.181102,
        0.275591 0.010739 0.181102,
        0.275591 0.265748 0.181102,
        0.078740 0.226378 0.122047,
        0.275591 0.226378 0.122047,
        0.708661 0.006255 0.122047,
        0.511811 0.006255 0.122047,
        0.708661 -0.922100 0.323596,
        0.708661 -0.955506 0.268959,
        0.511811 -0.922100 0.323596,
        0.511811 -0.955506 0.268959,
        0.275591 0.006255 0.122047,
        0.078740 0.006255 0.122047,
        0.275591 -0.922100 0.323596,
        0.275591 -0.955506 0.268959,
        0.275591 -1.259029 0.323596,
        0.275591 -1.213343 0.286176,
        0.275591 -1.219176 0.361337,
        0.275591 -1.186198 0.312269,
        0.275591 -1.171152 0.387913,
        0.275591 -1.153670 0.331232,
        0.275591 -1.118008 0.401637,
        0.275591 -1.117591 0.342000,
        0.275591 -1.063121 0.401637,
        0.275591 -1.079991 0.343966,
        0.275591 -1.009977 0.387913,
        0.275591 -1.042985 0.337018,
        0.275591 -0.961953 0.361337,
        0.275591 -1.008657 0.321549,
        0.275591 -0.978940 0.298429,
        0.078740 -0.922100 0.323596,
        0.078740 -1.213343 0.286176,
        0.078740 -1.259029 0.323596,
        0.078740 -1.186198 0.312269,
        0.078740 -1.219176 0.361337,
        0.078740 -1.153670 0.331232,
        0.078740 -1.171152 0.387913,
        0.078740 -1.117591 0.342000,
        0.078740 -1.118008 0.401637,
        0.078740 -1.079991 0.343966,
        0.078740 -1.063121 0.401637,
        0.078740 -1.042985 0.337018,
        0.078740 -1.009977 0.387913,
        0.078740 -1.008657 0.321549,
        0.078740 -0.961953 0.361337,
        0.078740 -0.978940 0.298429,
        0.078740 -0.955506 0.268959,
      ]
    }
    coordIndex [
      16, 19, 17, -1,
      17, 19, 21, -1,
      18, 7, 20, -1,
      20, 7, 6, -1,
      10, 9, 4, -1,
      4, 9, 5, -1,
      8, 13, 0, -1,
      0, 13, 1, -1,
      22, 23, 15, -1,
      15, 23, 14, -1,
      1, 13, 2, -1,
      2, 13, 12, -1,
      24, 25, 12, -1,
      12, 25, 22, -1,
      12, 22, 2, -1,
      2, 22, 15, -1,
      26, 27, 28, -1,
      28, 27, 29, -1,
      28, 29, 30, -1,
      30, 29, 31, -1,
      30, 31, 32, -1,
      32, 31, 33, -1,
      32, 33, 34, -1,
      34, 33, 35, -1,
      34, 35, 36, -1,
      36, 35, 37, -1,
      36, 37, 38, -1,
      38, 37, 39, -1,
      38, 39, 24, -1,
      24, 39, 40, -1,
      24, 40, 25, -1,
      10, 4, 3, -1,
      41, 11, 23, -1,
      10, 3, 11, -1,
      11, 3, 14, -1,
      11, 14, 23, -1,
      42, 43, 44, -1,
      44, 43, 45, -1,
      44, 45, 46, -1,
      46, 45, 47, -1,
      46, 47, 48, -1,
      48, 47, 49, -1,
      48, 49, 50, -1,
      50, 49, 51, -1,
      50, 51, 52, -1,
      52, 51, 53, -1,
      52, 53, 54, -1,
      54, 53, 55, -1,
      54, 55, 56, -1,
      56, 55, 41, -1,
      56, 41, 57, -1,
      57, 41, 23, -1,
    ]
  }
}

Shape {
  appearance Appearance {
    material Material {
      diffuseColor 0.8275 0.6667 0.1294
      specularColor 0.8275 0.6667 0.1294
      ambientIntensity 0.2
      transparency 0.0000
      shininess 0.5
    }
  }
  geometry IndexedFaceSet {
    ccw TRUE
    solid FALSE
    coord DEF co Coordinate {
      point [
        0.275591 -0.922100 0.323596,
        0.275591 -1.259029 0.323596,
        0.275591 -1.219176 0.361337,
        0.275591 -1.171152 0.387913,
        0.275591 -1.118008 0.401637,
        0.275591 -1.063121 0.401637,
        0.275591 -1.009977 0.387913,
        0.275591 -0.961953 0.361337,
        0.078740 -0.922100 0.323596,
        0.078740 -1.259029 0.323596,
        0.078740 -1.219176 0.361337,
        0.078740 -1.171152 0.387913,
        0.078740 -1.118008 0.401637,
        0.078740 -1.063121 0.401637,
        0.078740 -1.009977 0.387913,
        0.078740 -0.961953 0.361337,
      ]
    }
    coordIndex [
      0, 8, 15, -1,
      0, 15, 7, -1,
      7, 15, 14, -1,
      7, 14, 6, -1,
      6, 14, 13, -1,
      6, 13, 5, -1,
      5, 13, 12, -1,
      5, 12, 4, -1,
      4, 12, 11, -1,
      4, 11, 3, -1,
      3, 11, 10, -1,
      3, 10, 2, -1,
      2, 10, 9, -1,
      2, 9, 1, -1,
    ]
  }
}

Shape {
  appearance Appearance {
    material Material {
      diffuseColor 0.6667 0.6667 0.6667
      specularColor 0.4667 0.4667 0.4667
      ambientIntensity 0.2
      transparency 0.0000
      shininess 0.5
    }
  }
  geometry IndexedFaceSet {
    ccw TRUE
    solid FALSE
    coord DEF co Coordinate {
      point [
        0.275591 -1.259029 0.323596,
        0.275591 -1.213343 0.286176,
        0.078740 -1.213343 0.286176,
        0.078740 -1.259029 0.323596,
      ]
    }
    coordIndex [
      1, 0, 2, -1,
      2, 0, 3, -1,
    ]
  }
}

Shape {
  appearance Appearance {
    material Material {
      diffuseColor 0.8275 0.6667 0.1294
      specularColor 0.8275 0.6667 0.1294
      ambientIntensity 0.2
      transparency 0.0000
      shininess 0.5
    }
  }
  geometry IndexedFaceSet {
    ccw TRUE
    solid FALSE
    coord DEF co Coordinate {
      point [
        0.275591 -0.955506 0.268959,
        0.275591 -1.213343 0.286176,
        0.275591 -1.186198 0.312269,
        0.275591 -1.153670 0.331232,
        0.275591 -1.117591 0.342000,
        0.275591 -1.079991 0.343966,
        0.275591 -1.042985 0.337018,
        0.275591 -1.008657 0.321549,
        0.275591 -0.978940 0.298429,
        0.078740 -1.213343 0.286176,
        0.078740 -1.186198 0.312269,
        0.078740 -1.153670 0.331232,
        0.078740 -1.117591 0.342000,
        0.078740 -1.079991 0.343966,
        0.078740 -1.042985 0.337018,
        0.078740 -1.008657 0.321549,
        0.078740 -0.978940 0.298429,
        0.078740 -0.955506 0.268959,
      ]
    }
    coordIndex [
      1, 9, 2, -1,
      2, 9, 10, -1,
      2, 10, 3, -1,
      3, 10, 11, -1,
      3, 11, 4, -1,
      4, 11, 12, -1,
      4, 12, 5, -1,
      5, 12, 13, -1,
      5, 13, 6, -1,
      6, 13, 14, -1,
      6, 14, 7, -1,
      7, 14, 15, -1,
      7, 15, 8, -1,
      8, 15, 16, -1,
      8, 16, 0, -1,
      0, 16, 17, -1,
    ]
  }
}

Shape {
  appearance Appearance {
    material Material {
      diffuseColor 0.6667 0.6667 0.6667
      specularColor 0.4667 0.4667 0.4667
      ambientIntensity 0.2
      transparency 0.0000
      shininess 0.5
    }
  }
  geometry IndexedFaceSet {
    ccw TRUE
    solid FALSE
    coord DEF co Coordinate {
      point [
        -0.314961 0.265748 0.177165,
        -0.354331 0.265748 0.177165,
        -0.354331 0.226378 0.177165,
        -0.157480 0.265748 0.177165,
        -0.157480 0.226378 0.177165,
        -0.196850 0.265748 0.177165,
        0.078740 0.010739 0.181102,
        0.275591 0.010739 0.181102,
        -0.196850 0.265748 0.181102,
        -0.314961 0.265748 0.181102,
        -0.354331 0.265748 0.181102,
        -0.354331 0.010739 0.181102,
        -0.157480 0.010739 0.181102,
        -0.157480 0.265748 0.181102,
        -0.354331 0.226378 0.122047,
        -0.157480 0.226378 0.122047,
        0.275591 0.006255 0.122047,
        0.078740 0.006255 0.122047,
        0.275591 -0.922100 0.323596,
        0.275591 -0.955506 0.268959,
        0.078740 -0.922100 0.323596,
        0.078740 -0.955506 0.268959,
        -0.157480 0.006255 0.122047,
        -0.354331 0.006255 0.122047,
        -0.157480 -0.922100 0.323596,
        -0.157480 -0.955506 0.268959,
        -0.157480 -1.259029 0.323596,
        -0.157480 -1.213343 0.286176,
        -0.157480 -1.219176 0.361337,
        -0.157480 -1.186198 0.312269,
        -0.157480 -1.171152 0.387913,
        -0.157480 -1.153670 0.331232,
        -0.157480 -1.118008 0.401637,
        -0.157480 -1.117591 0.342000,
        -0.157480 -1.063121 0.401637,
        -0.157480 -1.079991 0.343966,
        -0.157480 -1.009977 0.387913,
        -0.157480 -1.042985 0.337018,
        -0.157480 -0.961953 0.361337,
        -0.157480 -1.008657 0.321549,
        -0.157480 -0.978940 0.298429,
        -0.354331 -0.922100 0.323596,
        -0.354331 -1.213343 0.286176,
        -0.354331 -1.259029 0.323596,
        -0.354331 -1.186198 0.312269,
        -0.354331 -1.219176 0.361337,
        -0.354331 -1.153670 0.331232,
        -0.354331 -1.171152 0.387913,
        -0.354331 -1.117591 0.342000,
        -0.354331 -1.118008 0.401637,
        -0.354331 -1.079991 0.343966,
        -0.354331 -1.063121 0.401637,
        -0.354331 -1.042985 0.337018,
        -0.354331 -1.009977 0.387913,
        -0.354331 -1.008657 0.321549,
        -0.354331 -0.961953 0.361337,
        -0.354331 -0.978940 0.298429,
        -0.354331 -0.955506 0.268959,
      ]
    }
    coordIndex [
      16, 19, 17, -1,
      17, 19, 21, -1,
      18, 7, 20, -1,
      20, 7, 6, -1,
      10, 9, 1, -1,
      1, 9, 0, -1,
      8, 13, 5, -1,
      5, 13, 3, -1,
      22, 23, 15, -1,
      15, 23, 14, -1,
      3, 13, 4, -1,
      4, 13, 12, -1,
      24, 25, 12, -1,
      12, 25, 22, -1,
      12, 22, 4, -1,
      4, 22, 15, -1,
      26, 27, 28, -1,
      28, 27, 29, -1,
      28, 29, 30, -1,
      30, 29, 31, -1,
      30, 31, 32, -1,
      32, 31, 33, -1,
      32, 33, 34, -1,
      34, 33, 35, -1,
      34, 35, 36, -1,
      36, 35, 37, -1,
      36, 37, 38, -1,
      38, 37, 39, -1,
      38, 39, 24, -1,
      24, 39, 40, -1,
      24, 40, 25, -1,
      10, 1, 2, -1,
      41, 11, 23, -1,
      10, 2, 11, -1,
      11, 2, 14, -1,
      11, 14, 23, -1,
      42, 43, 44, -1,
      44, 43, 45, -1,
      44, 45, 46, -1,
      46, 45, 47, -1,
      46, 47, 48, -1,
      48, 47, 49, -1,
      48, 49, 50, -1,
      50, 49, 51, -1,
      50, 51, 52, -1,
      52, 51, 53, -1,
      52, 53, 54, -1,
      54, 53, 55, -1,
      54, 55, 56, -1,
      56, 55, 41, -1,
      56, 41, 57, -1,
      57, 41, 23, -1,
    ]
  }
}

Shape {
  appearance Appearance {
    material Material {
      diffuseColor 0.8275 0.6667 0.1294
      specularColor 0.8275 0.6667 0.1294
      ambientIntensity 0.2
      transparency 0.0000
      shininess 0.5
    }
  }
  geometry IndexedFaceSet {
    ccw TRUE
    solid FALSE
    coord DEF co Coordinate {
      point [
        -0.157480 -0.922100 0.323596,
        -0.157480 -1.259029 0.323596,
        -0.157480 -1.219176 0.361337,
        -0.157480 -1.171152 0.387913,
        -0.157480 -1.118008 0.401637,
        -0.157480 -1.063121 0.401637,
        -0.157480 -1.009977 0.387913,
        -0.157480 -0.961953 0.361337,
        -0.354331 -0.922100 0.323596,
        -0.354331 -1.259029 0.323596,
        -0.354331 -1.219176 0.361337,
        -0.354331 -1.171152 0.387913,
        -0.354331 -1.118008 0.401637,
        -0.354331 -1.063121 0.401637,
        -0.354331 -1.009977 0.387913,
        -0.354331 -0.961953 0.361337,
      ]
    }
    coordIndex [
      0, 8, 15, -1,
      0, 15, 7, -1,
      7, 15, 14, -1,
      7, 14, 6, -1,
      6, 14, 13, -1,
      6, 13, 5, -1,
      5, 13, 12, -1,
      5, 12, 4, -1,
      4, 12, 11, -1,
      4, 11, 3, -1,
      3, 11, 10, -1,
      3, 10, 2, -1,
      2, 10, 9, -1,
      2, 9, 1, -1,
    ]
  }
}

Shape {
  appearance Appearance {
    material Material {
      diffuseColor 0.6667 0.6667 0.6667
      specularColor 0.4667 0.4667 0.4667
      ambientIntensity 0.2
      transparency 0.0000
      shininess 0.5
    }
  }
  geometry IndexedFaceSet {
    ccw TRUE
    solid FALSE
    coord DEF co Coordinate {
      point [
        -0.157480 -1.259029 0.323596,
        -0.157480 -1.213343 0.286176,
        -0.354331 -1.213343 0.286176,
        -0.354331 -1.259029 0.323596,
      ]
    }
    coordIndex [
      1, 0, 2, -1,
      2, 0, 3, -1,
    ]
  }
}

Shape {
  appearance Appearance {
    material Material {
      diffuseColor 0.8275 0.6667 0.1294
      specularColor 0.8275 0.6667 0.1294
      ambientIntensity 0.2
      transparency 0.0000
      shininess 0.5
    }
  }
  geometry IndexedFaceSet {
    ccw TRUE
    solid FALSE
    coord DEF co Coordinate {
      point [
        -0.157480 -0.955506 0.268959,
        -0.157480 -1.213343 0.286176,
        -0.157480 -1.186198 0.312269,
        -0.157480 -1.153670 0.331232,
        -0.157480 -1.117591 0.342000,
        -0.157480 -1.079991 0.343966,
        -0.157480 -1.042985 0.337018,
        -0.157480 -1.008657 0.321549,
        -0.157480 -0.978940 0.298429,
        -0.354331 -1.213343 0.286176,
        -0.354331 -1.186198 0.312269,
        -0.354331 -1.153670 0.331232,
        -0.354331 -1.117591 0.342000,
        -0.354331 -1.079991 0.343966,
        -0.354331 -1.042985 0.337018,
        -0.354331 -1.008657 0.321549,
        -0.354331 -0.978940 0.298429,
        -0.354331 -0.955506 0.268959,
      ]
    }
    coordIndex [
      1, 9, 2, -1,
      2, 9, 10, -1,
      2, 10, 3, -1,
      3, 10, 11, -1,
      3, 11, 4, -1,
      4, 11, 12, -1,
      4, 12, 5, -1,
      5, 12, 13, -1,
      5, 13, 6, -1,
      6, 13, 14, -1,
      6, 14, 7, -1,
      7, 14, 15, -1,
      7, 15, 8, -1,
      8, 15, 16, -1,
      8, 16, 0, -1,
      0, 16, 17, -1,
    ]
  }
}

Shape {
  appearance Appearance {
    material Material {
      diffuseColor 0.6667 0.6667 0.6667
      specularColor 0.4667 0.4667 0.4667
      ambientIntensity 0.2
      transparency 0.0000
      shininess 0.5
    }
  }
  geometry IndexedFaceSet {
    ccw TRUE
    solid FALSE
    coord DEF co Coordinate {
      point [
        -0.748031 0.265748 0.177165,
        -0.787402 0.265748 0.177165,
        -0.787402 0.226378 0.177165,
        -0.629921 0.265748 0.177165,
        -0.590551 0.265748 0.177165,
        -0.590551 0.226378 0.177165,
        -0.354331 0.010739 0.181102,
        -0.157480 0.010739 0.181102,
        -0.629921 0.265748 0.181102,
        -0.748031 0.265748 0.181102,
        -0.787402 0.265748 0.181102,
        -0.787402 0.010739 0.181102,
        -0.590551 0.010739 0.181102,
        -0.590551 0.265748 0.181102,
        -0.590551 0.226378 0.122047,
        -0.787402 0.226378 0.122047,
        -0.157480 0.006255 0.122047,
        -0.354331 0.006255 0.122047,
        -0.157480 -0.922100 0.323596,
        -0.157480 -0.955506 0.268959,
        -0.354331 -0.922100 0.323596,
        -0.354331 -0.955506 0.268959,
        -0.590551 0.006255 0.122047,
        -0.787402 0.006255 0.122047,
        -0.590551 -0.922100 0.323596,
        -0.590551 -0.955506 0.268959,
        -0.590551 -1.259029 0.323596,
        -0.590551 -1.213343 0.286176,
        -0.590551 -1.219176 0.361337,
        -0.590551 -1.186198 0.312269,
        -0.590551 -1.171152 0.387913,
        -0.590551 -1.153670 0.331232,
        -0.590551 -1.118008 0.401637,
        -0.590551 -1.117591 0.342000,
        -0.590551 -1.063121 0.401637,
        -0.590551 -1.079991 0.343966,
        -0.590551 -1.009977 0.387913,
        -0.590551 -1.042985 0.337018,
        -0.590551 -0.961953 0.361337,
        -0.590551 -1.008657 0.321549,
        -0.590551 -0.978940 0.298429,
        -0.787402 -0.922100 0.323596,
        -0.787402 -1.213343 0.286176,
        -0.787402 -1.259029 0.323596,
        -0.787402 -1.186198 0.312269,
        -0.787402 -1.219176 0.361337,
        -0.787402 -1.153670 0.331232,
        -0.787402 -1.171152 0.387913,
        -0.787402 -1.117591 0.342000,
        -0.787402 -1.118008 0.401637,
        -0.787402 -1.079991 0.343966,
        -0.787402 -1.063121 0.401637,
        -0.787402 -1.042985 0.337018,
        -0.787402 -1.009977 0.387913,
        -0.787402 -1.008657 0.321549,
        -0.787402 -0.961953 0.361337,
        -0.787402 -0.978940 0.298429,
        -0.787402 -0.955506 0.268959,
      ]
    }
    coordIndex [
      16, 19, 17, -1,
      17, 19, 21, -1,
      18, 7, 20, -1,
      20, 7, 6, -1,
      10, 9, 1, -1,
      1, 9, 0, -1,
      8, 13, 3, -1,
      3, 13, 4, -1,
      22, 23, 14, -1,
      14, 23, 15, -1,
      4, 13, 5, -1,
      5, 13, 12, -1,
      24, 25, 12, -1,
      12, 25, 22, -1,
      12, 22, 5, -1,
      5, 22, 14, -1,
      26, 27, 28, -1,
      28, 27, 29, -1,
      28, 29, 30, -1,
      30, 29, 31, -1,
      30, 31, 32, -1,
      32, 31, 33, -1,
      32, 33, 34, -1,
      34, 33, 35, -1,
      34, 35, 36, -1,
      36, 35, 37, -1,
      36, 37, 38, -1,
      38, 37, 39, -1,
      38, 39, 24, -1,
      24, 39, 40, -1,
      24, 40, 25, -1,
      10, 1, 2, -1,
      41, 11, 23, -1,
      10, 2, 11, -1,
      11, 2, 15, -1,
      11, 15, 23, -1,
      42, 43, 44, -1,
      44, 43, 45, -1,
      44, 45, 46, -1,
      46, 45, 47, -1,
      46, 47, 48, -1,
      48, 47, 49, -1,
      48, 49, 50, -1,
      50, 49, 51, -1,
      50, 51, 52, -1,
      52, 51, 53, -1,
      52, 53, 54, -1,
      54, 53, 55, -1,
      54, 55, 56, -1,
      56, 55, 41, -1,
      56, 41, 57, -1,
      57, 41, 23, -1,
    ]
  }
}

Shape {
  appearance Appearance {
    material Material {
      diffuseColor 0.8275 0.6667 0.1294
      specularColor 0.8275 0.6667 0.1294
      ambientIntensity 0.2
      transparency 0.0000
      shininess 0.5
    }
  }
  geometry IndexedFaceSet {
    ccw TRUE
    solid FALSE
    coord DEF co Coordinate {
      point [
        -0.590551 -0.922100 0.323596,
        -0.590551 -1.259029 0.323596,
        -0.590551 -1.219176 0.361337,
        -0.590551 -1.171152 0.387913,
        -0.590551 -1.118008 0.401637,
        -0.590551 -1.063121 0.401637,
        -0.590551 -1.009977 0.387913,
        -0.590551 -0.961953 0.361337,
        -0.787402 -0.922100 0.323596,
        -0.787402 -1.259029 0.323596,
        -0.787402 -1.219176 0.361337,
        -0.787402 -1.171152 0.387913,
        -0.787402 -1.118008 0.401637,
        -0.787402 -1.063121 0.401637,
        -0.787402 -1.009977 0.387913,
        -0.787402 -0.961953 0.361337,
      ]
    }
    coordIndex [
      0, 8, 15, -1,
      0, 15, 7, -1,
      7, 15, 14, -1,
      7, 14, 6, -1,
      6, 14, 13, -1,
      6, 13, 5, -1,
      5, 13, 12, -1,
      5, 12, 4, -1,
      4, 12, 11, -1,
      4, 11, 3, -1,
      3, 11, 10, -1,
      3, 10, 2, -1,
      2, 10, 9, -1,
      2, 9, 1, -1,
    ]
  }
}

Shape {
  appearance Appearance {
    material Material {
      diffuseColor 0.6667 0.6667 0.6667
      specularColor 0.4667 0.4667 0.4667
      ambientIntensity 0.2
      transparency 0.0000
      shininess 0.5
    }
  }
  geometry IndexedFaceSet {
    ccw TRUE
    solid FALSE
    coord DEF co Coordinate {
      point [
        -0.590551 -1.259029 0.323596,
        -0.590551 -1.213343 0.286176,
        -0.787402 -1.213343 0.286176,
        -0.787402 -1.259029 0.323596,
      ]
    }
    coordIndex [
      1, 0, 2, -1,
      2, 0, 3, -1,
    ]
  }
}

Shape {
  appearance Appearance {
    material Material {
      diffuseColor 0.8275 0.6667 0.1294
      specularColor 0.8275 0.6667 0.1294
      ambientIntensity 0.2
      transparency 0.0000
      shininess 0.5
    }
  }
  geometry IndexedFaceSet {
    ccw TRUE
    solid FALSE
    coord DEF co Coordinate {
      point [
        -0.590551 -0.955506 0.268959,
        -0.590551 -1.213343 0.286176,
        -0.590551 -1.186198 0.312269,
        -0.590551 -1.153670 0.331232,
        -0.590551 -1.117591 0.342000,
        -0.590551 -1.079991 0.343966,
        -0.590551 -1.042985 0.337018,
        -0.590551 -1.008657 0.321549,
        -0.590551 -0.978940 0.298429,
        -0.787402 -1.213343 0.286176,
        -0.787402 -1.186198 0.312269,
        -0.787402 -1.153670 0.331232,
        -0.787402 -1.117591 0.342000,
        -0.787402 -1.079991 0.343966,
        -0.787402 -1.042985 0.337018,
        -0.787402 -1.008657 0.321549,
        -0.787402 -0.978940 0.298429,
        -0.787402 -0.955506 0.268959,
      ]
    }
    coordIndex [
      1, 9, 2, -1,
      2, 9, 10, -1,
      2, 10, 3, -1,
      3, 10, 11, -1,
      3, 11, 4, -1,
      4, 11, 12, -1,
      4, 12, 5, -1,
      5, 12, 13, -1,
      5, 13, 6, -1,
      6, 13, 14, -1,
      6, 14, 7, -1,
      7, 14, 15, -1,
      7, 15, 8, -1,
      8, 15, 16, -1,
      8, 16, 0, -1,
      0, 16, 17, -1,
    ]
  }
}

Shape {
  appearance Appearance {
    material Material {
      diffuseColor 0.6667 0.6667 0.6667
      specularColor 0.4667 0.4667 0.4667
      ambientIntensity 0.2
      transparency 0.0000
      shininess 0.5
    }
  }
  geometry IndexedFaceSet {
    ccw TRUE
    solid FALSE
    coord DEF co Coordinate {
      point [
        -1.062992 0.265748 0.177165,
        -1.023622 0.265748 0.177165,
        -1.023622 0.226378 0.177165,
        -1.220472 0.265748 0.177165,
        -1.181102 0.265748 0.177165,
        -1.220472 0.226378 0.177165,
        -0.787402 0.010739 0.181102,
        -0.590551 0.010739 0.181102,
        -1.062992 0.265748 0.181102,
        -1.181102 0.265748 0.181102,
        -1.220472 0.265748 0.181102,
        -1.220472 0.010739 0.181102,
        -1.023622 0.010739 0.181102,
        -1.023622 0.265748 0.181102,
        -1.220472 0.226378 0.122047,
        -1.023622 0.226378 0.122047,
        -0.590551 0.006255 0.122047,
        -0.787402 0.006255 0.122047,
        -0.590551 -0.922100 0.323596,
        -0.590551 -0.955506 0.268959,
        -0.787402 -0.922100 0.323596,
        -0.787402 -0.955506 0.268959,
        -1.023622 0.006255 0.122047,
        -1.220472 0.006255 0.122047,
        -1.023622 -0.922100 0.323596,
        -1.023622 -0.955506 0.268959,
        -1.023622 -1.259029 0.323596,
        -1.023622 -1.213343 0.286176,
        -1.023622 -1.219176 0.361337,
        -1.023622 -1.186198 0.312269,
        -1.023622 -1.171152 0.387913,
        -1.023622 -1.153670 0.331232,
        -1.023622 -1.118008 0.401637,
        -1.023622 -1.117591 0.342000,
        -1.023622 -1.063121 0.401637,
        -1.023622 -1.079991 0.343966,
        -1.023622 -1.009977 0.387913,
        -1.023622 -1.042985 0.337018,
        -1.023622 -0.961953 0.361337,
        -1.023622 -1.008657 0.321549,
        -1.023622 -0.978940 0.298429,
        -1.220472 -0.922100 0.323596,
        -1.220472 -1.213343 0.286176,
        -1.220472 -1.259029 0.323596,
        -1.220472 -1.186198 0.312269,
        -1.220472 -1.219176 0.361337,
        -1.220472 -1.153670 0.331232,
        -1.220472 -1.171152 0.387913,
        -1.220472 -1.117591 0.342000,
        -1.220472 -1.118008 0.401637,
        -1.220472 -1.079991 0.343966,
        -1.220472 -1.063121 0.401637,
        -1.220472 -1.042985 0.337018,
        -1.220472 -1.009977 0.387913,
        -1.220472 -1.008657 0.321549,
        -1.220472 -0.961953 0.361337,
        -1.220472 -0.978940 0.298429,
        -1.220472 -0.955506 0.268959,
      ]
    }
    coordIndex [
      16, 19, 17, -1,
      17, 19, 21, -1,
      18, 7, 20, -1,
      20, 7, 6, -1,
      10, 9, 3, -1,
      3, 9, 4, -1,
      8, 13, 0, -1,
      0, 13, 1, -1,
      22, 23, 15, -1,
      15, 23, 14, -1,
      1, 13, 2, -1,
      2, 13, 12, -1,
      24, 25, 12, -1,
      12, 25, 22, -1,
      12, 22, 2, -1,
      2, 22, 15, -1,
      26, 27, 28, -1,
      28, 27, 29, -1,
      28, 29, 30, -1,
      30, 29, 31, -1,
      30, 31, 32, -1,
      32, 31, 33, -1,
      32, 33, 34, -1,
      34, 33, 35, -1,
      34, 35, 36, -1,
      36, 35, 37, -1,
      36, 37, 38, -1,
      38, 37, 39, -1,
      38, 39, 24, -1,
      24, 39, 40, -1,
      24, 40, 25, -1,
      10, 3, 5, -1,
      41, 11, 23, -1,
      10, 5, 11, -1,
      11, 5, 14, -1,
      11, 14, 23, -1,
      42, 43, 44, -1,
      44, 43, 45, -1,
      44, 45, 46, -1,
      46, 45, 47, -1,
      46, 47, 48, -1,
      48, 47, 49, -1,
      48, 49, 50, -1,
      50, 49, 51, -1,
      50, 51, 52, -1,
      52, 51, 53, -1,
      52, 53, 54, -1,
      54, 53, 55, -1,
      54, 55, 56, -1,
      56, 55, 41, -1,
      56, 41, 57, -1,
      57, 41, 23, -1,
    ]
  }
}

Shape {
  appearance Appearance {
    material Material {
      diffuseColor 0.8275 0.6667 0.1294
      specularColor 0.8275 0.6667 0.1294
      ambientIntensity 0.2
      transparency 0.0000
      shininess 0.5
    }
  }
  geometry IndexedFaceSet {
    ccw TRUE
    solid FALSE
    coord DEF co Coordinate {
      point [
        -1.023622 -0.922100 0.323596,
        -1.023622 -1.259029 0.323596,
        -1.023622 -1.219176 0.361337,
        -1.023622 -1.171152 0.387913,
        -1.023622 -1.118008 0.401637,
        -1.023622 -1.063121 0.401637,
        -1.023622 -1.009977 0.387913,
        -1.023622 -0.961953 0.361337,
        -1.220472 -0.922100 0.323596,
        -1.220472 -1.259029 0.323596,
        -1.220472 -1.219176 0.361337,
        -1.220472 -1.171152 0.387913,
        -1.220472 -1.118008 0.401637,
        -1.220472 -1.063121 0.401637,
        -1.220472 -1.009977 0.387913,
        -1.220472 -0.961953 0.361337,
      ]
    }
    coordIndex [
      0, 8, 15, -1,
      0, 15, 7, -1,
      7, 15, 14, -1,
      7, 14, 6, -1,
      6, 14, 13, -1,
      6, 13, 5, -1,
      5, 13, 12, -1,
      5, 12, 4, -1,
      4, 12, 11, -1,
      4, 11, 3, -1,
      3, 11, 10, -1,
      3, 10, 2, -1,
      2, 10, 9, -1,
      2, 9, 1, -1,
    ]
  }
}

Shape {
  appearance Appearance {
    material Material {
      diffuseColor 0.6667 0.6667 0.6667
      specularColor 0.4667 0.4667 0.4667
      ambientIntensity 0.2
      transparency 0.0000
      shininess 0.5
    }
  }
  geometry IndexedFaceSet {
    ccw TRUE
    solid FALSE
    coord DEF co Coordinate {
      point [
        -1.023622 -1.259029 0.323596,
        -1.023622 -1.213343 0.286176,
        -1.220472 -1.213343 0.286176,
        -1.220472 -1.259029 0.323596,
      ]
    }
    coordIndex [
      1, 0, 2, -1,
      2, 0, 3, -1,
    ]
  }
}

Shape {
  appearance Appearance {
    material Material {
      diffuseColor 0.8275 0.6667 0.1294
      specularColor 0.8275 0.6667 0.1294
      ambientIntensity 0.2
      transparency 0.0000
      shininess 0.5
    }
  }
  geometry IndexedFaceSet {
    ccw TRUE
    solid FALSE
    coord DEF co Coordinate {
      point [
        -1.023622 -0.955506 0.268959,
        -1.023622 -1.213343 0.286176,
        -1.023622 -1.186198 0.312269,
        -1.023622 -1.153670 0.331232,
        -1.023622 -1.117591 0.342000,
        -1.023622 -1.079991 0.343966,
        -1.023622 -1.042985 0.337018,
        -1.023622 -1.008657 0.321549,
        -1.023622 -0.978940 0.298429,
        -1.220472 -1.213343 0.286176,
        -1.220472 -1.186198 0.312269,
        -1.220472 -1.153670 0.331232,
        -1.220472 -1.117591 0.342000,
        -1.220472 -1.079991 0.343966,
        -1.220472 -1.042985 0.337018,
        -1.220472 -1.008657 0.321549,
        -1.220472 -0.978940 0.298429,
        -1.220472 -0.955506 0.268959,
      ]
    }
    coordIndex [
      1, 9, 2, -1,
      2, 9, 10, -1,
      2, 10, 3, -1,
      3, 10, 11, -1,
      3, 11, 4, -1,
      4, 11, 12, -1,
      4, 12, 5, -1,
      5, 12, 13, -1,
      5, 13, 6, -1,
      6, 13, 14, -1,
      6, 14, 7, -1,
      7, 14, 15, -1,
      7, 15, 8, -1,
      8, 15, 16, -1,
      8, 16, 0, -1,
      0, 16, 17, -1,
    ]
  }
}

Shape {
  appearance Appearance {
    material Material {
      diffuseColor 0.6667 0.6667 0.6667
      specularColor 0.4667 0.4667 0.4667
      ambientIntensity 0.2
      transparency 0.0000
      shininess 0.5
    }
  }
  geometry IndexedFaceSet {
    ccw TRUE
    solid FALSE
    coord DEF co Coordinate {
      point [
        -1.220472 0.010739 0.181102,
        -1.023622 0.010739 0.181102,
        -1.023622 0.006255 0.122047,
        -1.220472 0.006255 0.122047,
        -1.023622 -0.922100 0.323596,
        -1.023622 -0.955506 0.268959,
        -1.220472 -0.922100 0.323596,
        -1.220472 -0.955506 0.268959,
      ]
    }
    coordIndex [
      2, 5, 3, -1,
      3, 5, 7, -1,
      4, 1, 6, -1,
      6, 1, 0, -1,
    ]
  }
}

Shape {
  appearance Appearance {
    material Material {
      diffuseColor 1.0000 1.0000 1.0000
      specularColor 0.8784 0.8784 0.8784
      ambientIntensity 0.2
      transparency 0.0000
      shininess 0.5
    }
  }
  geometry IndexedFaceSet {
    ccw TRUE
    solid FALSE
    coord DEF co Coordinate {
      point [
        0.571346 0.809139 0.000000,
        0.571346 0.765927 0.000000,
        0.720184 1.159628 0.000000,
        0.770357 1.159628 0.000000,
        0.770357 0.765927 0.000000,
        0.772998 0.765927 0.000000,
        0.772998 1.159628 0.000000,
        0.244863 0.829544 0.000000,
        0.244863 0.786333 0.000000,
        0.286829 0.769101 0.000000,
        0.302721 1.162029 0.000000,
        0.290381 1.161177 0.000000,
        0.244863 1.148825 0.000000,
        0.244863 1.096012 0.000000,
        0.289209 1.115001 0.000000,
        0.251919 0.825635 0.000000,
        0.337061 1.121218 0.000000,
        0.375828 1.116865 0.000000,
        0.405296 1.106230 0.000000,
        0.432546 1.088000 0.000000,
        0.456321 1.061753 0.000000,
        0.484924 0.958577 0.000000,
        0.480938 0.915956 0.000000,
        0.470242 0.882093 0.000000,
        0.382635 0.808456 0.000000,
        0.345913 0.804337 0.000000,
        0.411322 0.819017 0.000000,
        0.435484 0.835303 0.000000,
        0.453959 0.854793 0.000000,
        0.293653 0.810138 0.000000,
        0.472552 1.031356 0.000000,
        0.483046 0.989209 0.000000,
        0.493884 1.092741 0.000000,
        0.458340 1.126925 0.000000,
        0.376343 0.763527 0.000000,
        0.401708 0.766157 0.000000,
        0.439867 0.779291 0.000000,
        0.471536 0.799514 0.000000,
        0.537738 0.955351 0.000000,
        0.532074 1.011323 0.000000,
        0.516960 1.055933 0.000000,
        0.420944 1.148450 0.000000,
        0.377055 1.161201 0.000000,
        0.366917 1.162029 0.000000,
        0.501108 0.830647 0.000000,
        0.522081 0.868082 0.000000,
        0.533931 0.909755 0.000000,
        0.720184 0.809139 0.000000,
        0.326611 0.763527 0.000000,
        0.342426 0.761311 0.000000,
        -0.011763 0.943573 0.000000,
        0.115230 0.943573 0.000000,
        -0.011763 0.809139 0.000000,
        0.115230 0.809139 0.000000,
        -0.043211 0.809139 0.000000,
        -0.043211 0.765927 0.000000,
        -0.033609 1.116417 0.000000,
        -0.033609 1.159628 0.000000,
        -0.011763 1.159628 0.000000,
        -0.024006 0.943573 0.000000,
        -0.024006 0.986784 0.000000,
        -0.011763 1.116417 0.000000,
        -0.011763 0.986784 0.000000,
        0.115230 1.116417 0.000000,
        0.115230 0.986784 0.000000,
        -0.011763 0.765927 0.000000,
        0.168043 0.765927 0.000000,
        0.168043 1.159628 0.000000,
        0.353191 0.761126 0.000000,
        -0.763395 0.765927 0.000000,
        -0.821010 0.765927 0.000000,
        -0.667371 1.159628 0.000000,
        -0.723560 0.876356 0.000000,
        -0.560919 0.876356 0.000000,
        -0.523334 0.765927 0.000000,
        -0.465719 0.765927 0.000000,
        -0.614557 1.159628 0.000000,
        -0.120031 0.765927 0.000000,
        -0.362270 0.807590 0.000000,
        -0.394675 0.838618 0.000000,
        -0.417252 0.873832 0.000000,
        -0.334077 1.137373 0.000000,
        -0.376928 1.108656 0.000000,
        -0.321162 0.783701 0.000000,
        -0.275796 0.770180 0.000000,
        -0.227083 0.765927 0.000000,
        -0.120031 1.159628 0.000000,
        -0.231134 1.159628 0.000000,
        -0.288013 1.153548 0.000000,
        -0.377339 1.108294 0.000000,
        -0.405180 1.077423 0.000000,
        -0.423476 1.043564 0.000000,
        -0.434051 1.004774 0.000000,
        -0.436912 0.967729 0.000000,
        -0.431387 0.915041 0.000000,
        0.337511 1.164429 0.000000,
        -0.667371 1.159628 0.007874,
        -0.821010 0.765927 0.007874,
        -0.763395 0.765927 0.007874,
        -0.723560 0.876356 0.007874,
        -0.560919 0.876356 0.007874,
        -0.523334 0.765927 0.007874,
        -0.465719 0.765927 0.007874,
        -0.614557 1.159628 0.007874,
        -0.574197 0.919567 0.007874,
        -0.705856 0.919567 0.007874,
        -0.632937 1.084009 0.007874,
        -0.636726 1.097663 0.007874,
        -0.639239 1.111616 0.007874,
        -0.640514 1.111616 0.007874,
        -0.643083 1.097705 0.007874,
        -0.646591 1.084009 0.007874,
        -0.574197 0.919567 0.000000,
        -0.705856 0.919567 0.000000,
        -0.632937 1.084009 0.000000,
        -0.636726 1.097663 0.000000,
        -0.639239 1.111616 0.000000,
        -0.640514 1.111616 0.000000,
        -0.643083 1.097705 0.000000,
        -0.646591 1.084009 0.000000,
        -0.227083 0.765927 0.007874,
        -0.120031 0.765927 0.007874,
        -0.120031 1.159628 0.007874,
        -0.231134 1.159628 0.007874,
        -0.436912 0.967729 0.007874,
        -0.434051 1.004774 0.007874,
        -0.423476 1.043564 0.007874,
        -0.405180 1.077423 0.007874,
        -0.377339 1.108294 0.007874,
        -0.376928 1.108656 0.007874,
        -0.334077 1.137373 0.007874,
        -0.288013 1.153548 0.007874,
        -0.275796 0.770180 0.007874,
        -0.321162 0.783701 0.007874,
        -0.362270 0.807590 0.007874,
        -0.394675 0.838618 0.007874,
        -0.417252 0.873832 0.007874,
        -0.431387 0.915041 0.007874,
        -0.357886 1.061208 0.007874,
        -0.338763 1.081513 0.007874,
        -0.310005 1.100091 0.007874,
        -0.277507 1.111463 0.007874,
        -0.230909 1.116417 0.007874,
        -0.172844 1.116417 0.007874,
        -0.172844 0.809139 0.007874,
        -0.228733 0.809139 0.007874,
        -0.270269 0.813004 0.007874,
        -0.303400 0.823346 0.007874,
        -0.330250 0.839289 0.007874,
        -0.352331 0.861100 0.007874,
        -0.368937 0.888244 0.007874,
        -0.380483 0.925252 0.007874,
        -0.384098 0.966604 0.007874,
        -0.380754 1.005787 0.007874,
        -0.371563 1.036926 0.007874,
        -0.230909 1.116417 0.000000,
        -0.172844 1.116417 0.000000,
        -0.277507 1.111463 0.000000,
        -0.310005 1.100091 0.000000,
        -0.338763 1.081513 0.000000,
        -0.357886 1.061208 0.000000,
        -0.371563 1.036926 0.000000,
        -0.380754 1.005787 0.000000,
        -0.384098 0.966604 0.000000,
        -0.380483 0.925252 0.000000,
        -0.368937 0.888244 0.000000,
        -0.352331 0.861100 0.000000,
        -0.330250 0.839289 0.000000,
        -0.303400 0.823346 0.000000,
        -0.270269 0.813004 0.000000,
        -0.228733 0.809139 0.000000,
        -0.172844 0.809139 0.000000,
        -0.043211 0.809139 0.007874,
        -0.043211 0.765927 0.007874,
        0.168043 0.765927 0.007874,
        0.168043 1.159628 0.007874,
        -0.033609 1.159628 0.007874,
        -0.033609 1.116417 0.007874,
        0.115230 1.116417 0.007874,
        0.115230 0.986784 0.007874,
        -0.024006 0.986784 0.007874,
        -0.024006 0.943573 0.007874,
        0.115230 0.943573 0.007874,
        0.115230 0.809139 0.007874,
        0.244863 0.829544 0.007874,
        0.244863 0.786333 0.007874,
        0.286829 0.769101 0.007874,
        0.353191 0.761126 0.007874,
        0.342426 0.761311 0.007874,
        0.537738 0.955351 0.007874,
        0.533931 0.909755 0.007874,
        0.522081 0.868082 0.007874,
        0.501108 0.830647 0.007874,
        0.471536 0.799514 0.007874,
        0.439867 0.779291 0.007874,
        0.401708 0.766157 0.007874,
        0.337511 1.164429 0.007874,
        0.377055 1.161201 0.007874,
        0.420944 1.148450 0.007874,
        0.458340 1.126925 0.007874,
        0.493884 1.092741 0.007874,
        0.516960 1.055933 0.007874,
        0.532074 1.011323 0.007874,
        0.290381 1.161177 0.007874,
        0.244863 1.148825 0.007874,
        0.244863 1.096012 0.007874,
        0.337061 1.121218 0.007874,
        0.289209 1.115001 0.007874,
        0.484924 0.958577 0.007874,
        0.483046 0.989209 0.007874,
        0.472552 1.031356 0.007874,
        0.456321 1.061753 0.007874,
        0.432546 1.088000 0.007874,
        0.405296 1.106230 0.007874,
        0.375828 1.116865 0.007874,
        0.345913 0.804337 0.007874,
        0.382635 0.808456 0.007874,
        0.411322 0.819017 0.007874,
        0.435484 0.835303 0.007874,
        0.453959 0.854793 0.007874,
        0.470242 0.882093 0.007874,
        0.480938 0.915956 0.007874,
        0.251919 0.825635 0.007874,
        0.293653 0.810138 0.007874,
        0.571346 0.809139 0.007874,
        0.571346 0.765927 0.007874,
        0.772998 0.765927 0.007874,
        0.772998 1.159628 0.007874,
        0.720184 1.159628 0.007874,
        0.720184 0.809139 0.007874,
      ]
    }
    coordIndex [
      96, 97, 71, -1,
      71, 97, 70, -1,
      97, 98, 70, -1,
      70, 98, 69, -1,
      98, 99, 69, -1,
      69, 99, 72, -1,
      99, 100, 72, -1,
      72, 100, 73, -1,
      100, 101, 73, -1,
      73, 101, 74, -1,
      101, 102, 74, -1,
      74, 102, 75, -1,
      102, 103, 75, -1,
      75, 103, 76, -1,
      103, 96, 76, -1,
      76, 96, 71, -1,
      104, 100, 105, -1,
      105, 100, 99, -1,
      106, 103, 104, -1,
      104, 103, 102, -1,
      104, 102, 100, -1,
      100, 102, 101, -1,
      106, 107, 103, -1,
      103, 107, 108, -1,
      103, 108, 96, -1,
      96, 108, 109, -1,
      96, 109, 110, -1,
      110, 111, 96, -1,
      96, 111, 105, -1,
      96, 105, 97, -1,
      97, 105, 99, -1,
      97, 99, 98, -1,
      104, 105, 112, -1,
      112, 105, 113, -1,
      106, 104, 114, -1,
      114, 104, 112, -1,
      106, 114, 115, -1,
      106, 115, 107, -1,
      107, 115, 116, -1,
      107, 116, 108, -1,
      109, 108, 117, -1,
      117, 108, 116, -1,
      109, 117, 118, -1,
      109, 118, 110, -1,
      110, 118, 119, -1,
      110, 119, 111, -1,
      105, 111, 113, -1,
      113, 111, 119, -1,
      120, 121, 85, -1,
      85, 121, 77, -1,
      121, 122, 77, -1,
      77, 122, 86, -1,
      122, 123, 86, -1,
      86, 123, 87, -1,
      124, 93, 92, -1,
      124, 92, 125, -1,
      125, 92, 91, -1,
      125, 91, 126, -1,
      126, 91, 90, -1,
      126, 90, 127, -1,
      127, 90, 89, -1,
      127, 89, 128, -1,
      128, 89, 82, -1,
      128, 82, 129, -1,
      129, 82, 81, -1,
      129, 81, 130, -1,
      130, 81, 88, -1,
      130, 88, 131, -1,
      131, 88, 87, -1,
      131, 87, 123, -1,
      120, 85, 84, -1,
      120, 84, 132, -1,
      132, 84, 83, -1,
      132, 83, 133, -1,
      133, 83, 78, -1,
      133, 78, 134, -1,
      134, 78, 79, -1,
      134, 79, 135, -1,
      135, 79, 80, -1,
      135, 80, 136, -1,
      136, 80, 94, -1,
      136, 94, 137, -1,
      137, 94, 93, -1,
      137, 93, 124, -1,
      126, 127, 138, -1,
      138, 127, 128, -1,
      138, 128, 139, -1,
      139, 128, 129, -1,
      139, 129, 140, -1,
      140, 129, 130, -1,
      140, 130, 141, -1,
      141, 130, 131, -1,
      141, 131, 142, -1,
      142, 131, 123, -1,
      142, 123, 143, -1,
      143, 123, 122, -1,
      143, 122, 144, -1,
      144, 122, 121, -1,
      144, 121, 145, -1,
      145, 121, 120, -1,
      145, 120, 146, -1,
      146, 120, 132, -1,
      146, 132, 147, -1,
      147, 132, 133, -1,
      147, 133, 148, -1,
      148, 133, 134, -1,
      148, 134, 149, -1,
      149, 134, 135, -1,
      149, 135, 150, -1,
      150, 135, 136, -1,
      150, 136, 151, -1,
      151, 136, 137, -1,
      151, 137, 152, -1,
      152, 137, 124, -1,
      152, 124, 153, -1,
      153, 124, 125, -1,
      153, 125, 154, -1,
      154, 125, 126, -1,
      154, 126, 138, -1,
      142, 143, 155, -1,
      155, 143, 156, -1,
      142, 155, 157, -1,
      142, 157, 141, -1,
      141, 157, 158, -1,
      141, 158, 140, -1,
      140, 158, 159, -1,
      140, 159, 139, -1,
      139, 159, 160, -1,
      139, 160, 138, -1,
      138, 160, 161, -1,
      138, 161, 154, -1,
      154, 161, 162, -1,
      154, 162, 153, -1,
      153, 162, 163, -1,
      153, 163, 152, -1,
      152, 163, 164, -1,
      152, 164, 151, -1,
      151, 164, 165, -1,
      151, 165, 150, -1,
      150, 165, 166, -1,
      150, 166, 149, -1,
      149, 166, 167, -1,
      149, 167, 148, -1,
      148, 167, 168, -1,
      148, 168, 147, -1,
      147, 168, 169, -1,
      147, 169, 146, -1,
      146, 169, 170, -1,
      146, 170, 145, -1,
      144, 145, 171, -1,
      171, 145, 170, -1,
      143, 144, 156, -1,
      156, 144, 171, -1,
      172, 173, 54, -1,
      54, 173, 55, -1,
      55, 173, 65, -1,
      65, 173, 174, -1,
      65, 174, 66, -1,
      174, 175, 66, -1,
      66, 175, 67, -1,
      67, 175, 58, -1,
      58, 175, 176, -1,
      58, 176, 57, -1,
      176, 177, 57, -1,
      57, 177, 56, -1,
      178, 63, 177, -1,
      177, 63, 61, -1,
      177, 61, 56, -1,
      178, 179, 63, -1,
      63, 179, 64, -1,
      64, 179, 62, -1,
      62, 179, 180, -1,
      62, 180, 60, -1,
      180, 181, 60, -1,
      60, 181, 59, -1,
      182, 51, 181, -1,
      181, 51, 50, -1,
      181, 50, 59, -1,
      182, 183, 51, -1,
      51, 183, 53, -1,
      53, 183, 52, -1,
      52, 183, 172, -1,
      52, 172, 54, -1,
      174, 173, 172, -1,
      172, 183, 174, -1,
      174, 183, 182, -1,
      174, 182, 175, -1,
      177, 176, 178, -1,
      178, 176, 175, -1,
      178, 175, 179, -1,
      179, 175, 182, -1,
      179, 182, 180, -1,
      180, 182, 181, -1,
      184, 185, 7, -1,
      7, 185, 8, -1,
      8, 185, 186, -1,
      187, 68, 49, -1,
      187, 49, 188, -1,
      188, 49, 48, -1,
      188, 48, 186, -1,
      186, 48, 9, -1,
      186, 9, 8, -1,
      189, 38, 46, -1,
      189, 46, 190, -1,
      190, 46, 45, -1,
      190, 45, 191, -1,
      191, 45, 44, -1,
      191, 44, 192, -1,
      192, 44, 37, -1,
      192, 37, 193, -1,
      193, 37, 36, -1,
      193, 36, 194, -1,
      194, 36, 35, -1,
      194, 35, 195, -1,
      195, 35, 187, -1,
      187, 35, 34, -1,
      187, 34, 68, -1,
      196, 95, 197, -1,
      197, 95, 43, -1,
      43, 42, 197, -1,
      197, 42, 41, -1,
      197, 41, 198, -1,
      198, 41, 33, -1,
      198, 33, 199, -1,
      199, 33, 32, -1,
      199, 32, 200, -1,
      200, 32, 40, -1,
      200, 40, 201, -1,
      201, 40, 39, -1,
      201, 39, 202, -1,
      202, 39, 38, -1,
      202, 38, 189, -1,
      95, 196, 10, -1,
      10, 196, 203, -1,
      10, 203, 11, -1,
      11, 203, 204, -1,
      11, 204, 12, -1,
      204, 205, 12, -1,
      12, 205, 13, -1,
      206, 16, 14, -1,
      206, 14, 207, -1,
      207, 14, 13, -1,
      207, 13, 205, -1,
      208, 21, 31, -1,
      208, 31, 209, -1,
      209, 31, 30, -1,
      209, 30, 210, -1,
      210, 30, 20, -1,
      210, 20, 211, -1,
      211, 20, 19, -1,
      211, 19, 212, -1,
      212, 19, 18, -1,
      212, 18, 213, -1,
      213, 18, 17, -1,
      213, 17, 214, -1,
      214, 17, 16, -1,
      214, 16, 206, -1,
      215, 25, 24, -1,
      215, 24, 216, -1,
      216, 24, 26, -1,
      216, 26, 217, -1,
      217, 26, 27, -1,
      217, 27, 218, -1,
      218, 27, 28, -1,
      218, 28, 219, -1,
      219, 28, 23, -1,
      219, 23, 220, -1,
      220, 23, 22, -1,
      220, 22, 221, -1,
      221, 22, 21, -1,
      221, 21, 208, -1,
      184, 7, 15, -1,
      184, 15, 222, -1,
      222, 15, 29, -1,
      222, 29, 223, -1,
      223, 29, 25, -1,
      223, 25, 215, -1,
      216, 187, 215, -1,
      215, 187, 188, -1,
      215, 188, 223, -1,
      223, 188, 186, -1,
      223, 186, 222, -1,
      222, 186, 185, -1,
      222, 185, 184, -1,
      205, 204, 207, -1,
      207, 204, 203, -1,
      207, 203, 206, -1,
      206, 203, 196, -1,
      206, 196, 214, -1,
      214, 196, 197, -1,
      214, 197, 213, -1,
      213, 197, 198, -1,
      213, 198, 212, -1,
      212, 198, 199, -1,
      212, 199, 211, -1,
      211, 199, 200, -1,
      211, 200, 210, -1,
      210, 200, 201, -1,
      210, 201, 209, -1,
      209, 201, 202, -1,
      209, 202, 208, -1,
      208, 202, 189, -1,
      208, 189, 221, -1,
      221, 189, 190, -1,
      221, 190, 220, -1,
      220, 190, 191, -1,
      220, 191, 219, -1,
      219, 191, 192, -1,
      219, 192, 218, -1,
      218, 192, 193, -1,
      218, 193, 217, -1,
      217, 193, 194, -1,
      217, 194, 216, -1,
      216, 194, 195, -1,
      216, 195, 187, -1,
      224, 225, 0, -1,
      0, 225, 1, -1,
      1, 225, 4, -1,
      4, 225, 226, -1,
      4, 226, 5, -1,
      226, 227, 5, -1,
      5, 227, 6, -1,
      6, 227, 3, -1,
      3, 227, 228, -1,
      3, 228, 2, -1,
      228, 229, 2, -1,
      2, 229, 47, -1,
      229, 224, 47, -1,
      47, 224, 0, -1,
      228, 227, 229, -1,
      229, 227, 226, -1,
      229, 226, 224, -1,
      224, 226, 225, -1,
    ]
  }
}

Shape {
  appearance Appearance {
    material Material {
      diffuseColor 0.2078 0.2078 0.2078
      specularColor 0.0157 0.0157 0.0157
      ambientIntensity 0.2
      transparency 0.0000
      shininess 0.5
    }
  }
  geometry IndexedFaceSet {
    ccw TRUE
    solid FALSE
    coord DEF co Coordinate {
      point [
        -0.574197 0.919567 0.000000,
        -0.705856 0.919567 0.000000,
        -0.632937 1.084009 0.000000,
        -0.636726 1.097663 0.000000,
        -0.639239 1.111616 0.000000,
        -0.640514 1.111616 0.000000,
        -0.643083 1.097705 0.000000,
        -0.646591 1.084009 0.000000,
        -0.230909 1.116417 0.000000,
        -0.172844 1.116417 0.000000,
        -0.277507 1.111463 0.000000,
        -0.310005 1.100091 0.000000,
        -0.338763 1.081513 0.000000,
        -0.357886 1.061208 0.000000,
        -0.371563 1.036926 0.000000,
        -0.380754 1.005787 0.000000,
        -0.384098 0.966604 0.000000,
        -0.380483 0.925252 0.000000,
        -0.368937 0.888244 0.000000,
        -0.352331 0.861100 0.000000,
        -0.330250 0.839289 0.000000,
        -0.303400 0.823346 0.000000,
        -0.270269 0.813004 0.000000,
        -0.228733 0.809139 0.000000,
        -0.172844 0.809139 0.000000,
      ]
    }
    coordIndex [
      0, 1, 2, -1,
      2, 1, 7, -1,
      2, 7, 3, -1,
      3, 7, 6, -1,
      3, 6, 4, -1,
      4, 6, 5, -1,
      9, 24, 8, -1,
      8, 24, 23, -1,
      8, 23, 22, -1,
      16, 15, 8, -1,
      8, 15, 14, -1,
      8, 14, 10, -1,
      22, 21, 8, -1,
      8, 21, 20, -1,
      8, 20, 19, -1,
      19, 18, 8, -1,
      8, 18, 17, -1,
      8, 17, 16, -1,
      13, 12, 14, -1,
      14, 12, 11, -1,
      14, 11, 10, -1,
    ]
  }
}
