#VRML V2.0 utf8

Shape {
  appearance Appearance {
    material Material {
      diffuseColor 0.6667 0.6667 0.6667
      specularColor 0.4667 0.4667 0.4667
      ambientIntensity 0.2
      transparency 0.0000
      shininess 0.5
    }
  }
  geometry IndexedFaceSet {
    ccw TRUE
    solid FALSE
    coord DEF co Coordinate {
      point [
        -2.681566 2.600437 0.629921,
        -1.299213 1.909449 0.629921,
        -2.696850 2.598425 0.629921,
        -2.755906 2.598425 0.629921,
        -2.667323 2.606337 0.629921,
        -2.655092 2.615722 0.629921,
        -2.645707 2.627953 0.629921,
        -2.461971 -2.588235 0.629921,
        -2.465905 -2.578740 0.629921,
        -2.472161 -2.570586 0.629921,
        -2.480315 -2.564330 0.629921,
        2.460630 -2.598425 0.629921,
        2.461617 -2.607186 0.629921,
        2.489810 -3.111578 0.629921,
        2.464529 -2.615507 0.629921,
        2.469219 -2.622972 0.629921,
        2.500000 -2.637795 0.629921,
        2.500000 -3.110236 0.629921,
        2.491239 -2.636808 0.629921,
        2.461971 -2.588235 0.629921,
        -1.276978 0.091624 0.629921,
        2.460630 -3.149606 0.629921,
        1.968504 -3.149606 0.629921,
        2.461971 -3.139417 0.629921,
        1.968504 -2.845503 0.629921,
        -2.489810 -2.560396 0.629921,
        -2.500000 -2.559055 0.629921,
        -2.755906 -2.559055 0.629921,
        -2.637795 2.657480 0.629921,
        -2.637795 2.755906 0.629921,
        -2.401575 2.755906 0.629921,
        -2.283465 2.598425 0.629921,
        -2.268180 2.600437 0.629921,
        -0.085284 1.967023 0.629921,
        -2.342520 2.598425 0.629921,
        -2.253937 2.606337 0.629921,
        -2.241706 2.615722 0.629921,
        2.158810 1.967023 0.629921,
        2.475453 -2.629206 0.629921,
        2.482918 -2.633896 0.629921,
        2.480315 -3.115511 0.629921,
        2.472161 -3.121768 0.629921,
        -2.401575 2.657480 0.629921,
        -2.399563 2.642196 0.629921,
        -2.639808 2.642196 0.629921,
        -2.393663 2.627953 0.629921,
        0.990796 1.967023 0.629921,
        0.978314 1.962656 0.629921,
        -1.415774 2.536982 0.629921,
        -1.425159 2.549213 0.629921,
        -2.232321 2.627953 0.629921,
        -2.226422 2.642196 0.629921,
        2.655092 2.733832 0.629921,
        2.667323 2.724447 0.629921,
        2.755906 -2.559055 0.629921,
        -2.500000 -3.110236 0.629921,
        -2.500000 -2.637795 0.629921,
        -2.489810 -3.111578 0.629921,
        -2.491239 -2.636808 0.629921,
        0.804537 1.955620 0.629921,
        0.793340 1.962656 0.629921,
        0.957766 1.946269 0.629921,
        -2.482918 -2.633896 0.629921,
        -2.475453 -2.629206 0.629921,
        -2.469219 -2.622972 0.629921,
        -2.464529 -2.615507 0.629921,
        -2.461617 -2.607186 0.629921,
        -2.460630 -2.598425 0.629921,
        -1.240157 1.968504 0.629921,
        -1.253298 1.967023 0.629921,
        -2.357804 2.600437 0.629921,
        -1.265780 1.962656 0.629921,
        -1.276978 1.955620 0.629921,
        2.681566 2.718548 0.629921,
        2.696850 2.716535 0.629921,
        2.755906 2.716535 0.629921,
        1.964506 -2.815031 0.629921,
        2.465905 -3.129921 0.629921,
        -2.188901 -2.976426 0.629921,
        -2.461971 -3.139417 0.629921,
        -2.192834 -2.966931 0.629921,
        -2.465905 -3.129921 0.629921,
        -2.472161 -3.121768 0.629921,
        -2.192834 -2.946552 0.629921,
        -2.194175 -2.956741 0.629921,
        -2.480315 -3.115511 0.629921,
        -0.098425 1.968504 0.629921,
        -2.384278 2.615722 0.629921,
        -2.372047 2.606337 0.629921,
        2.145669 1.968504 0.629921,
        1.003937 1.968504 0.629921,
        -2.224409 3.149606 0.629921,
        -1.433071 3.149606 0.629921,
        -2.224409 2.657480 0.629921,
        -1.433071 2.578740 0.629921,
        -1.431059 2.563456 0.629921,
        0.978314 0.084589 0.629921,
        0.990796 0.080221 0.629921,
        2.480315 -2.564330 0.629921,
        2.489810 -2.560396 0.629921,
        2.279064 2.521697 0.629921,
        2.293307 2.527597 0.629921,
        -1.286329 1.946269 0.629921,
        -1.293364 1.935072 0.629921,
        -1.297732 1.922590 0.629921,
        2.191841 0.100975 0.629921,
        2.198876 0.112172 0.629921,
        2.182489 0.091624 0.629921,
        0.950730 0.112172 0.629921,
        0.820923 0.112172 0.629921,
        0.825291 0.124654 0.629921,
        1.909797 -2.743419 0.629921,
        1.934123 -2.762200 0.629921,
        1.952781 -2.786622 0.629921,
        -2.182644 -2.984580 0.629921,
        -2.174490 -2.990837 0.629921,
        -2.164995 -2.994770 0.629921,
        0.813888 1.946269 0.629921,
        0.950730 1.935072 0.629921,
        0.946363 1.922590 0.629921,
        -0.052254 0.100975 0.629921,
        -0.045219 0.112172 0.629921,
        0.078740 0.137795 0.629921,
        1.003937 0.078740 0.629921,
        2.145669 0.078740 0.629921,
        2.500000 -2.559055 0.629921,
        2.158810 0.080221 0.629921,
        2.171293 0.084589 0.629921,
        0.957766 0.100975 0.629921,
        0.967117 0.091624 0.629921,
        -1.265780 0.084589 0.629921,
        2.472161 -2.570586 0.629921,
        2.465905 -2.578740 0.629921,
        -1.253298 0.080221 0.629921,
        -1.240157 0.078740 0.629921,
        -0.098425 0.078740 0.629921,
        0.826772 1.909449 0.629921,
        0.825291 1.922590 0.629921,
        0.944882 1.909449 0.629921,
        -2.094488 -3.149606 0.629921,
        -2.460630 -3.149606 0.629921,
        -2.094488 -2.996111 0.629921,
        -2.154805 -2.996111 0.629921,
        0.820923 1.935072 0.629921,
        0.767717 1.968504 0.629921,
        0.137795 1.968504 0.629921,
        0.124654 1.967023 0.629921,
        0.112172 1.962656 0.629921,
        0.100975 1.955620 0.629921,
        0.091624 1.946269 0.629921,
        0.084589 1.935072 0.629921,
        -0.072802 1.962656 0.629921,
        -0.061605 1.955620 0.629921,
        0.137795 0.078740 0.629921,
        0.767717 0.078740 0.629921,
        0.780857 0.080221 0.629921,
        0.793340 0.084589 0.629921,
        0.804537 0.091624 0.629921,
        0.813888 0.100975 0.629921,
        2.322835 2.755906 0.629921,
        2.641173 2.755906 0.629921,
        2.322835 2.578740 0.629921,
        2.645707 2.746063 0.629921,
        2.320822 2.563456 0.629921,
        2.314923 2.549213 0.629921,
        2.305538 2.536982 0.629921,
        2.203244 0.124654 0.629921,
        2.204724 0.137795 0.629921,
        2.204724 1.909449 0.629921,
        2.203244 1.922590 0.629921,
        2.198876 1.935072 0.629921,
        2.191841 1.946269 0.629921,
        2.182489 1.955620 0.629921,
        2.171293 1.962656 0.629921,
        2.263780 2.519685 0.629921,
        0.084589 0.112172 0.629921,
        -0.085284 0.080221 0.629921,
        0.080221 0.124654 0.629921,
        -0.072802 0.084589 0.629921,
        -0.061605 0.091624 0.629921,
        -1.299213 0.137795 0.629921,
        -2.151086 -2.897150 0.629921,
        -2.172348 -2.914872 0.629921,
        -2.188901 -2.937056 0.629921,
        0.780857 1.967023 0.629921,
        0.967117 1.955620 0.629921,
        -1.403543 2.527597 0.629921,
        -1.389300 2.521697 0.629921,
        -1.374016 2.519685 0.629921,
        0.091624 0.100975 0.629921,
        0.100975 0.091624 0.629921,
        0.112172 0.084589 0.629921,
        0.124654 0.080221 0.629921,
        0.826772 0.137795 0.629921,
        0.944882 0.137795 0.629921,
        0.946363 0.124654 0.629921,
        1.881448 -2.731548 0.629921,
        1.385593 -2.616481 0.629921,
        -1.286329 0.100975 0.629921,
        0.882427 -2.539432 0.629921,
        0.374860 -2.500847 0.629921,
        -1.297732 0.124654 0.629921,
        -1.293364 0.112172 0.629921,
        -2.126284 -2.884863 0.629921,
        -1.640669 -2.732250 0.629921,
        -0.040851 0.124654 0.629921,
        -0.039370 0.137795 0.629921,
        0.078740 1.909449 0.629921,
        -0.039370 1.909449 0.629921,
        -0.040851 1.922590 0.629921,
        0.080221 1.922590 0.629921,
        -0.045219 1.935072 0.629921,
        -0.052254 1.946269 0.629921,
        -0.134172 -2.500948 0.629921,
        -0.641723 -2.539736 0.629921,
        -1.144859 -2.616985 0.629921,
        -2.696850 2.598425 0.688976,
        -2.755906 2.598425 0.688976,
        -2.755906 -2.559055 0.688976,
        0.990796 0.080221 0.688976,
        0.978314 0.084589 0.688976,
        2.480315 -2.564330 0.688976,
        0.820923 0.112172 0.688976,
        0.950730 0.112172 0.688976,
        0.946363 0.124654 0.688976,
        0.080221 0.124654 0.688976,
        -0.040851 0.124654 0.688976,
        -0.045219 0.112172 0.688976,
        -2.667323 2.606337 0.688976,
        -2.681566 2.600437 0.688976,
        -2.393663 2.627953 0.688976,
        -2.460630 -3.149606 0.688976,
        -2.094488 -3.149606 0.688976,
        -2.461971 -3.139417 0.688976,
        -2.094488 -2.996111 0.688976,
        2.500000 -3.110236 0.688976,
        2.500000 -2.637795 0.688976,
        2.489810 -3.111578 0.688976,
        2.491239 -2.636808 0.688976,
        2.482918 -2.633896 0.688976,
        0.967117 0.091624 0.688976,
        0.957766 0.100975 0.688976,
        2.158810 0.080221 0.688976,
        2.145669 0.078740 0.688976,
        2.489810 -2.560396 0.688976,
        -2.465905 -2.578740 0.688976,
        -2.461971 -2.588235 0.688976,
        -1.240157 0.078740 0.688976,
        -2.460630 -2.598425 0.688976,
        -2.461617 -2.607186 0.688976,
        -2.464529 -2.615507 0.688976,
        -2.500000 -3.110236 0.688976,
        -2.500000 -2.637795 0.688976,
        -2.491239 -2.636808 0.688976,
        -2.482918 -2.633896 0.688976,
        2.460630 -2.598425 0.688976,
        2.461971 -2.588235 0.688976,
        2.475453 -2.629206 0.688976,
        2.469219 -2.622972 0.688976,
        2.464529 -2.615507 0.688976,
        0.767717 0.078740 0.688976,
        2.472161 -2.570586 0.688976,
        0.780857 0.080221 0.688976,
        0.793340 0.084589 0.688976,
        1.003937 0.078740 0.688976,
        2.198876 0.112172 0.688976,
        2.191841 0.100975 0.688976,
        2.755906 -2.559055 0.688976,
        2.182489 0.091624 0.688976,
        2.171293 0.084589 0.688976,
        2.696850 2.716535 0.688976,
        2.204724 1.909449 0.688976,
        2.755906 2.716535 0.688976,
        2.204724 0.137795 0.688976,
        2.203244 0.124654 0.688976,
        -2.489810 -2.560396 0.688976,
        -2.480315 -2.564330 0.688976,
        -2.472161 -2.570586 0.688976,
        -2.489810 -3.111578 0.688976,
        -2.192834 -2.946552 0.688976,
        -2.188901 -2.937056 0.688976,
        0.813888 0.100975 0.688976,
        0.804537 0.091624 0.688976,
        -0.039370 0.137795 0.688976,
        0.078740 0.137795 0.688976,
        -0.039370 1.909449 0.688976,
        2.500000 -2.559055 0.688976,
        2.314923 2.549213 0.688976,
        2.305538 2.536982 0.688976,
        2.293307 2.527597 0.688976,
        2.279064 2.521697 0.688976,
        2.203244 1.922590 0.688976,
        -2.401575 2.657480 0.688976,
        -2.401575 2.755906 0.688976,
        -2.637795 2.755906 0.688976,
        -2.469219 -2.622972 0.688976,
        -2.475453 -2.629206 0.688976,
        -2.480315 -3.115511 0.688976,
        -2.192834 -2.966931 0.688976,
        -2.194175 -2.956741 0.688976,
        -2.472161 -3.121768 0.688976,
        -2.465905 -3.129921 0.688976,
        -2.188901 -2.976426 0.688976,
        -2.182644 -2.984580 0.688976,
        -2.174490 -2.990837 0.688976,
        1.952781 -2.786622 0.688976,
        2.461971 -3.139417 0.688976,
        1.934123 -2.762200 0.688976,
        1.909797 -2.743419 0.688976,
        1.968504 -3.149606 0.688976,
        2.460630 -3.149606 0.688976,
        1.968504 -2.845503 0.688976,
        1.964506 -2.815031 0.688976,
        -2.172348 -2.914872 0.688976,
        -2.151086 -2.897150 0.688976,
        2.465905 -2.578740 0.688976,
        -0.098425 0.078740 0.688976,
        -0.085284 0.080221 0.688976,
        -1.389300 2.521697 0.688976,
        -1.403543 2.527597 0.688976,
        -1.415774 2.536982 0.688976,
        -2.241706 2.615722 0.688976,
        -1.425159 2.549213 0.688976,
        -2.232321 2.627953 0.688976,
        -2.226422 2.642196 0.688976,
        -2.637795 2.657480 0.688976,
        -2.639808 2.642196 0.688976,
        -2.399563 2.642196 0.688976,
        -2.645707 2.627953 0.688976,
        -2.655092 2.615722 0.688976,
        2.645707 2.746063 0.688976,
        2.641173 2.755906 0.688976,
        2.322835 2.755906 0.688976,
        -2.253937 2.606337 0.688976,
        -2.268180 2.600437 0.688976,
        -2.283465 2.598425 0.688976,
        -2.342520 2.598425 0.688976,
        -2.357804 2.600437 0.688976,
        -2.372047 2.606337 0.688976,
        2.461617 -2.607186 0.688976,
        2.480315 -3.115511 0.688976,
        2.472161 -3.121768 0.688976,
        2.465905 -3.129921 0.688976,
        0.137795 0.078740 0.688976,
        0.124654 0.080221 0.688976,
        0.112172 0.084589 0.688976,
        -0.072802 0.084589 0.688976,
        0.100975 0.091624 0.688976,
        2.681566 2.718548 0.688976,
        2.667323 2.724447 0.688976,
        2.655092 2.733832 0.688976,
        2.320822 2.563456 0.688976,
        2.322835 2.578740 0.688976,
        -1.433071 2.578740 0.688976,
        -1.433071 3.149606 0.688976,
        -2.224409 3.149606 0.688976,
        -2.384278 2.615722 0.688976,
        -2.154805 -2.996111 0.688976,
        -2.164995 -2.994770 0.688976,
        -2.500000 -2.559055 0.688976,
        -1.253298 0.080221 0.688976,
        -1.265780 0.084589 0.688976,
        -1.276978 0.091624 0.688976,
        0.780857 1.967023 0.688976,
        0.793340 1.962656 0.688976,
        2.263780 2.519685 0.688976,
        -1.431059 2.563456 0.688976,
        -2.224409 2.657480 0.688976,
        -0.052254 0.100975 0.688976,
        -0.061605 0.091624 0.688976,
        0.084589 0.112172 0.688976,
        0.091624 0.100975 0.688976,
        -1.293364 1.935072 0.688976,
        -1.286329 1.946269 0.688976,
        0.374860 -2.500847 0.688976,
        0.882427 -2.539432 0.688976,
        -1.286329 0.100975 0.688976,
        -1.293364 0.112172 0.688976,
        -1.297732 0.124654 0.688976,
        -0.098425 1.968504 0.688976,
        -0.085284 1.967023 0.688976,
        -1.374016 2.519685 0.688976,
        0.100975 1.955620 0.688976,
        0.112172 1.962656 0.688976,
        1.385593 -2.616481 0.688976,
        1.881448 -2.731548 0.688976,
        -1.240157 1.968504 0.688976,
        -2.126284 -2.884863 0.688976,
        -1.640669 -2.732250 0.688976,
        -1.144859 -2.616985 0.688976,
        -1.299213 0.137795 0.688976,
        -1.299213 1.909449 0.688976,
        -1.297732 1.922590 0.688976,
        -1.276978 1.955620 0.688976,
        -1.265780 1.962656 0.688976,
        -1.253298 1.967023 0.688976,
        -0.072802 1.962656 0.688976,
        0.084589 1.935072 0.688976,
        -0.061605 1.955620 0.688976,
        -0.052254 1.946269 0.688976,
        0.078740 1.909449 0.688976,
        0.080221 1.922590 0.688976,
        -0.040851 1.922590 0.688976,
        -0.045219 1.935072 0.688976,
        0.091624 1.946269 0.688976,
        0.957766 1.946269 0.688976,
        0.967117 1.955620 0.688976,
        0.813888 1.946269 0.688976,
        0.978314 1.962656 0.688976,
        0.804537 1.955620 0.688976,
        2.171293 1.962656 0.688976,
        2.182489 1.955620 0.688976,
        -0.641723 -2.539736 0.688976,
        -0.134172 -2.500948 0.688976,
        0.124654 1.967023 0.688976,
        0.137795 1.968504 0.688976,
        0.767717 1.968504 0.688976,
        2.191841 1.946269 0.688976,
        2.198876 1.935072 0.688976,
        0.820923 1.935072 0.688976,
        0.825291 1.922590 0.688976,
        0.950730 1.935072 0.688976,
        0.946363 1.922590 0.688976,
        0.990796 1.967023 0.688976,
        0.944882 1.909449 0.688976,
        0.826772 1.909449 0.688976,
        0.944882 0.137795 0.688976,
        0.826772 0.137795 0.688976,
        0.825291 0.124654 0.688976,
        1.003937 1.968504 0.688976,
        2.145669 1.968504 0.688976,
        2.158810 1.967023 0.688976,
        -2.322835 2.834646 0.216535,
        -2.322835 2.775591 0.216535,
        -2.322835 2.834646 0.059055,
        -2.322835 2.775591 0.059055,
        -2.322835 2.835139 0.054675,
        -2.322835 2.777565 0.041534,
        -2.322835 2.836595 0.050514,
        -2.322835 2.783388 0.024891,
        -2.322835 2.838940 0.046782,
        -2.322835 2.792769 0.009961,
        -2.322835 2.842057 0.043665,
        -2.322835 2.805237 -0.002506,
        -2.322835 2.845790 0.041320,
        -2.322835 2.820167 -0.011887,
        -2.322835 2.849950 0.039864,
        -2.322835 2.836809 -0.017711,
        -2.322835 2.854331 0.039370,
        -2.322835 2.854331 -0.019685,
        -2.322835 3.110236 0.039370,
        -2.322835 3.110236 -0.019685,
        -2.052730 -3.149606 0.671680,
        -2.064961 -3.149606 0.681065,
        -2.094488 -3.149606 0.000000,
        -2.035433 -3.149606 0.000000,
        -2.035433 -3.149606 0.629921,
        -2.079204 -3.149606 0.686964,
        -2.037445 -3.149606 0.645206,
        -2.043345 -3.149606 0.659449,
        2.755906 2.716535 0.078740,
        2.755906 -2.559055 0.078740,
        2.814961 2.716535 0.078740,
        2.814961 -2.559055 0.078740,
        2.814961 2.716535 0.629921,
        2.814961 -2.559055 0.629921,
        2.771190 -2.559055 0.686964,
        2.771190 2.716535 0.686964,
        2.785433 -2.559055 0.681065,
        2.785433 2.716535 0.681065,
        2.797664 -2.559055 0.671680,
        2.797664 2.716535 0.671680,
        2.807049 -2.559055 0.659449,
        2.807049 2.716535 0.659449,
        2.812948 -2.559055 0.645206,
        2.812948 2.716535 0.645206,
        -2.755906 2.598425 0.078740,
        -2.755906 -2.559055 0.078740,
        -2.814961 2.598425 0.078740,
        -2.814961 -2.559055 0.078740,
        -2.814961 -2.559055 0.629921,
        -2.814961 2.598425 0.629921,
        -2.812948 -2.559055 0.645206,
        -2.812948 2.598425 0.645206,
        -2.807049 -2.559055 0.659449,
        -2.807049 2.598425 0.659449,
        -2.797664 -2.559055 0.671680,
        -2.797664 2.598425 0.671680,
        -2.785433 -2.559055 0.681065,
        -2.785433 2.598425 0.681065,
        -2.771190 -2.559055 0.686964,
        -2.771190 2.598425 0.686964,
        -2.795276 -3.104961 0.039370,
        -2.785780 -3.108895 0.039370,
        -2.775591 -3.110236 0.039370,
        -2.814961 -2.677165 0.039370,
        -2.814961 -3.070866 0.039370,
        -2.813619 -3.081056 0.039370,
        -2.578740 -3.110236 0.039370,
        -2.578740 -2.637795 0.039370,
        -2.775591 -2.637795 0.039370,
        -2.785780 -2.639137 0.039370,
        -2.813619 -2.666976 0.039370,
        -2.795276 -2.643070 0.039370,
        -2.809686 -2.657480 0.039370,
        -2.803430 -2.649327 0.039370,
        -2.809686 -3.090551 0.039370,
        -2.803430 -3.098705 0.039370,
        -2.574360 -2.637795 0.039864,
        -2.574360 -3.110236 0.039864,
        -2.570199 -2.637795 0.041320,
        -2.570199 -3.110236 0.041320,
        -2.566467 -2.637795 0.043665,
        -2.566467 -3.110236 0.043665,
        -2.563350 -2.637795 0.046782,
        -2.563350 -3.110236 0.046782,
        -2.561004 -2.637795 0.050514,
        -2.561004 -3.110236 0.050514,
        -2.559549 -2.637795 0.054675,
        -2.559549 -3.110236 0.054675,
        -2.559055 -2.637795 0.059055,
        -2.559055 -3.110236 0.059055,
        -2.559055 -2.637795 0.629921,
        -2.559055 -3.110236 0.629921,
        -2.557574 -3.110236 0.643062,
        -2.557574 -2.637795 0.643062,
        -2.553207 -3.110236 0.655544,
        -2.553207 -2.637795 0.655544,
        -2.546171 -3.110236 0.666742,
        -2.546171 -2.637795 0.666742,
        -2.536820 -3.110236 0.676093,
        -2.536820 -2.637795 0.676093,
        -2.525623 -3.110236 0.683128,
        -2.525623 -2.637795 0.683128,
        -2.513141 -3.110236 0.687496,
        -2.513141 -2.637795 0.687496,
        -2.500000 -2.637795 0.059055,
        -2.500000 -3.110236 0.059055,
        -2.501974 -3.110236 0.041534,
        -2.501974 -2.637795 0.041534,
        -2.507798 -3.110236 0.024891,
        -2.507798 -2.637795 0.024891,
        -2.517179 -3.110236 0.009961,
        -2.517179 -2.637795 0.009961,
        -2.529646 -3.110236 -0.002506,
        -2.529646 -2.637795 -0.002506,
        -2.544576 -3.110236 -0.011887,
        -2.544576 -2.637795 -0.011887,
        -2.561219 -3.110236 -0.017711,
        -2.561219 -2.637795 -0.017711,
        -2.578740 -3.110236 -0.019685,
        -2.578740 -2.637795 -0.019685,
        -2.775591 -2.637795 -0.019685,
        -2.775591 -3.110236 -0.019685,
        -2.814961 -3.070866 -0.019685,
        -2.803430 -3.098705 -0.019685,
        -2.795276 -3.104961 -0.019685,
        -2.785780 -3.108895 -0.019685,
        -2.809686 -3.090551 -0.019685,
        -2.813619 -3.081056 -0.019685,
        -2.814961 -2.677165 -0.019685,
        -2.813619 -2.666976 -0.019685,
        -2.785780 -2.639137 -0.019685,
        -2.809686 -2.657480 -0.019685,
        -2.795276 -2.643070 -0.019685,
        -2.803430 -2.649327 -0.019685,
        2.578740 -2.637795 0.039370,
        2.578740 -3.110236 0.039370,
        2.775591 -2.637795 0.039370,
        2.775591 -3.110236 0.039370,
        2.814961 -3.070866 0.039370,
        2.803430 -3.098705 0.039370,
        2.795276 -3.104961 0.039370,
        2.785780 -3.108895 0.039370,
        2.809686 -3.090551 0.039370,
        2.813619 -3.081056 0.039370,
        2.814961 -2.677165 0.039370,
        2.813619 -2.666976 0.039370,
        2.785780 -2.639137 0.039370,
        2.809686 -2.657480 0.039370,
        2.795276 -2.643070 0.039370,
        2.803430 -2.649327 0.039370,
        2.814961 -3.070866 -0.019685,
        2.814961 -2.677165 -0.019685,
        2.795276 -3.104961 -0.019685,
        2.785780 -3.108895 -0.019685,
        2.775591 -3.110236 -0.019685,
        2.813619 -3.081056 -0.019685,
        2.578740 -3.110236 -0.019685,
        2.578740 -2.637795 -0.019685,
        2.775591 -2.637795 -0.019685,
        2.785780 -2.639137 -0.019685,
        2.813619 -2.666976 -0.019685,
        2.795276 -2.643070 -0.019685,
        2.809686 -2.657480 -0.019685,
        2.803430 -2.649327 -0.019685,
        2.809686 -3.090551 -0.019685,
        2.803430 -3.098705 -0.019685,
        2.561219 -3.110236 -0.017711,
        2.561219 -2.637795 -0.017711,
        2.544576 -3.110236 -0.011887,
        2.544576 -2.637795 -0.011887,
        2.529646 -3.110236 -0.002506,
        2.529646 -2.637795 -0.002506,
        2.517179 -3.110236 0.009961,
        2.517179 -2.637795 0.009961,
        2.507798 -3.110236 0.024891,
        2.507798 -2.637795 0.024891,
        2.501974 -3.110236 0.041534,
        2.501974 -2.637795 0.041534,
        2.500000 -3.110236 0.059055,
        2.500000 -2.637795 0.059055,
        2.513141 -3.110236 0.687496,
        2.513141 -2.637795 0.687496,
        2.525623 -3.110236 0.683128,
        2.525623 -2.637795 0.683128,
        2.536820 -3.110236 0.676093,
        2.536820 -2.637795 0.676093,
        2.546171 -3.110236 0.666742,
        2.546171 -2.637795 0.666742,
        2.553207 -3.110236 0.655544,
        2.553207 -2.637795 0.655544,
        2.557574 -3.110236 0.643062,
        2.557574 -2.637795 0.643062,
        2.559055 -3.110236 0.629921,
        2.559055 -2.637795 0.629921,
        2.559055 -2.637795 0.059055,
        2.559055 -3.110236 0.059055,
        2.559549 -2.637795 0.054675,
        2.559549 -3.110236 0.054675,
        2.561004 -2.637795 0.050514,
        2.561004 -3.110236 0.050514,
        2.563350 -2.637795 0.046782,
        2.563350 -3.110236 0.046782,
        2.566467 -2.637795 0.043665,
        2.566467 -3.110236 0.043665,
        2.570199 -2.637795 0.041320,
        2.570199 -3.110236 0.041320,
        2.574360 -2.637795 0.039864,
        2.574360 -3.110236 0.039864,
        -2.755906 3.110236 0.039370,
        -2.755906 3.110236 -0.019685,
        -2.755906 2.854331 0.039370,
        -2.755906 2.854331 -0.019685,
        -2.755906 2.849950 0.039864,
        -2.755906 2.836809 -0.017711,
        -2.755906 2.845790 0.041320,
        -2.755906 2.820167 -0.011887,
        -2.755906 2.842057 0.043665,
        -2.755906 2.805237 -0.002506,
        -2.755906 2.838940 0.046782,
        -2.755906 2.792769 0.009961,
        -2.755906 2.836595 0.050514,
        -2.755906 2.783388 0.024891,
        -2.755906 2.835139 0.054675,
        -2.755906 2.777565 0.041534,
        -2.755906 2.834646 0.059055,
        -2.755906 2.775591 0.059055,
        -2.755906 2.834646 0.196850,
        -2.755906 2.775591 0.196850,
        -2.352015 3.148265 0.039370,
        -2.362205 3.149606 0.039370,
        -2.328109 3.129921 0.039370,
        -2.334366 3.138075 0.039370,
        -2.342520 3.144331 0.039370,
        -2.716535 3.149606 0.039370,
        -2.324176 3.120426 0.039370,
        -2.736220 3.144331 0.039370,
        -2.744374 3.138075 0.039370,
        -2.750631 3.129921 0.039370,
        -2.726725 3.148265 0.039370,
        -2.754564 3.120426 0.039370,
        -2.645707 2.834646 0.285433,
        -2.639808 2.834646 0.299676,
        -2.396300 2.834646 0.275591,
        -2.390044 2.834646 0.267437,
        -2.381890 2.834646 0.261180,
        -2.372394 2.834646 0.257247,
        -2.362205 2.834646 0.255906,
        -2.324176 2.834646 0.226725,
        -2.696850 2.834646 0.255906,
        -2.681566 2.834646 0.257918,
        -2.667323 2.834646 0.263817,
        -2.655092 2.834646 0.273202,
        -2.637795 2.834646 0.610236,
        -2.401575 2.834646 0.610236,
        -2.637795 2.834646 0.314961,
        -2.401575 2.834646 0.295276,
        -2.400233 2.834646 0.285086,
        -2.352015 2.834646 0.254564,
        -2.342520 2.834646 0.250631,
        -2.334366 2.834646 0.244374,
        -2.747994 2.834646 0.226378,
        -2.738609 2.834646 0.238609,
        -2.726378 2.834646 0.247994,
        -2.328109 2.834646 0.236220,
        -2.753893 2.834646 0.212135,
        -2.712135 2.834646 0.253893,
        -2.637795 2.832672 0.627757,
        -2.401575 2.832672 0.627757,
        -2.637795 2.826848 0.644400,
        -2.401575 2.826848 0.644400,
        -2.637795 2.817467 0.659330,
        -2.401575 2.817467 0.659330,
        -2.637795 2.804999 0.671798,
        -2.401575 2.804999 0.671798,
        -2.637795 2.790070 0.681179,
        -2.401575 2.790070 0.681179,
        -2.637795 2.773427 0.687002,
        -2.401575 2.773427 0.687002,
        -2.401575 2.760286 0.629428,
        -2.637795 2.760286 0.629428,
        -2.401575 2.764446 0.627972,
        -2.637795 2.764446 0.627972,
        -2.401575 2.768179 0.625627,
        -2.637795 2.768179 0.625627,
        -2.401575 2.771296 0.622509,
        -2.637795 2.771296 0.622509,
        -2.401575 2.773641 0.618777,
        -2.637795 2.773641 0.618777,
        -2.401575 2.775097 0.614617,
        -2.637795 2.775097 0.614617,
        -2.401575 2.775591 0.610236,
        -2.637795 2.775591 0.610236,
        -2.390044 2.775591 0.267437,
        -2.396300 2.775591 0.275591,
        -2.381890 2.775591 0.261180,
        -2.401575 2.775591 0.295276,
        -2.324176 2.775591 0.226725,
        -2.328109 2.775591 0.236220,
        -2.362205 2.775591 0.255906,
        -2.334366 2.775591 0.244374,
        -2.352015 2.775591 0.254564,
        -2.342520 2.775591 0.250631,
        -2.400233 2.775591 0.285086,
        -2.639808 2.775591 0.299676,
        -2.637795 2.775591 0.314961,
        -2.645707 2.775591 0.285433,
        -2.655092 2.775591 0.273202,
        -2.667323 2.775591 0.263817,
        -2.681566 2.775591 0.257918,
        -2.696850 2.775591 0.255906,
        -2.753893 2.775591 0.212135,
        -2.372394 2.775591 0.257247,
        -2.726378 2.775591 0.247994,
        -2.738609 2.775591 0.238609,
        -2.747994 2.775591 0.226378,
        -2.712135 2.775591 0.253893,
        -2.362205 3.149606 -0.019685,
        -2.726725 3.148265 -0.019685,
        -2.716535 3.149606 -0.019685,
        -2.750631 3.129921 -0.019685,
        -2.744374 3.138075 -0.019685,
        -2.736220 3.144331 -0.019685,
        -2.342520 3.144331 -0.019685,
        -2.334366 3.138075 -0.019685,
        -2.328109 3.129921 -0.019685,
        -2.352015 3.148265 -0.019685,
        -2.324176 3.120426 -0.019685,
        -2.754564 3.120426 -0.019685,
        2.608615 3.148265 0.039370,
        2.598425 3.149606 0.039370,
        2.637795 3.110236 0.039370,
        2.637795 2.854331 0.039370,
        2.632521 3.129921 0.039370,
        2.626264 3.138075 0.039370,
        2.618110 3.144331 0.039370,
        2.244094 2.854331 0.039370,
        2.283465 3.149606 0.039370,
        2.244094 3.110236 0.039370,
        2.636454 3.120426 0.039370,
        2.263780 3.144331 0.039370,
        2.255626 3.138075 0.039370,
        2.249369 3.129921 0.039370,
        2.273275 3.148265 0.039370,
        2.245436 3.120426 0.039370,
        2.598425 3.149606 -0.019685,
        2.283465 3.149606 -0.019685,
        2.637795 3.110236 -0.019685,
        2.637795 2.854331 -0.019685,
        2.273275 3.148265 -0.019685,
        2.244094 3.110236 -0.019685,
        2.244094 2.854331 -0.019685,
        2.249369 3.129921 -0.019685,
        2.255626 3.138075 -0.019685,
        2.263780 3.144331 -0.019685,
        2.618110 3.144331 -0.019685,
        2.626264 3.138075 -0.019685,
        2.632521 3.129921 -0.019685,
        2.608615 3.148265 -0.019685,
        2.636454 3.120426 -0.019685,
        2.245436 3.120426 -0.019685,
        2.637795 2.836809 -0.017711,
        2.244094 2.836809 -0.017711,
        2.637795 2.820167 -0.011887,
        2.244094 2.820167 -0.011887,
        2.637795 2.805237 -0.002506,
        2.244094 2.805237 -0.002506,
        2.637795 2.792769 0.009961,
        2.244094 2.792769 0.009961,
        2.637795 2.783388 0.024891,
        2.244094 2.783388 0.024891,
        2.637795 2.777565 0.041534,
        2.244094 2.777565 0.041534,
        2.637795 2.775591 0.059055,
        2.244094 2.775591 0.059055,
        2.637795 2.775591 0.610236,
        2.322835 2.775591 0.610236,
        2.322835 2.775591 0.295276,
        2.321493 2.775591 0.285086,
        2.317560 2.775591 0.275591,
        2.311303 2.775591 0.267437,
        2.303150 2.775591 0.261180,
        2.293654 2.775591 0.257247,
        2.283465 2.775591 0.255906,
        2.273275 2.775591 0.254564,
        2.245436 2.775591 0.226725,
        2.244094 2.775591 0.216535,
        2.263780 2.775591 0.250631,
        2.255626 2.775591 0.244374,
        2.249369 2.775591 0.236220,
        2.322835 2.760286 0.629428,
        2.639813 2.760286 0.629428,
        2.639808 2.760306 0.629420,
        2.322835 2.764446 0.627972,
        2.638856 2.764446 0.627972,
        2.322835 2.768179 0.625627,
        2.638262 2.768179 0.625627,
        2.322835 2.771296 0.622509,
        2.637952 2.771296 0.622509,
        2.322835 2.773641 0.618777,
        2.637828 2.773641 0.618777,
        2.322835 2.775097 0.614617,
        2.637798 2.775097 0.614617,
        2.322835 2.790070 0.681179,
        2.637795 2.804999 0.671798,
        2.322835 2.804999 0.671798,
        2.637795 2.817467 0.659330,
        2.322835 2.817467 0.659330,
        2.637795 2.826848 0.644400,
        2.322835 2.826848 0.644400,
        2.637795 2.832672 0.627757,
        2.322835 2.832672 0.627757,
        2.637795 2.834646 0.610236,
        2.322835 2.834646 0.610236,
        2.322835 2.773427 0.687002,
        2.637795 2.775591 0.686476,
        2.637795 2.790070 0.681179,
        2.639808 2.760306 0.688853,
        2.638450 2.766823 0.688216,
        2.637958 2.773408 0.686909,
        2.637795 2.834646 0.059055,
        2.303150 2.834646 0.261180,
        2.311303 2.834646 0.267437,
        2.322835 2.834646 0.295276,
        2.293654 2.834646 0.257247,
        2.244094 2.834646 0.059055,
        2.283465 2.834646 0.255906,
        2.317560 2.834646 0.275591,
        2.321493 2.834646 0.285086,
        2.263780 2.834646 0.250631,
        2.245436 2.834646 0.226725,
        2.255626 2.834646 0.244374,
        2.249369 2.834646 0.236220,
        2.244094 2.834646 0.216535,
        2.273275 2.834646 0.254564,
        2.244094 2.835139 0.054675,
        2.637795 2.835139 0.054675,
        2.244094 2.836595 0.050514,
        2.637795 2.836595 0.050514,
        2.244094 2.838940 0.046782,
        2.637795 2.838940 0.046782,
        2.244094 2.842057 0.043665,
        2.637795 2.842057 0.043665,
        2.244094 2.845790 0.041320,
        2.637795 2.845790 0.041320,
        2.244094 2.849950 0.039864,
        2.637795 2.849950 0.039864,
      ]
    }
    coordIndex [
      0, 1, 2, -1,
      2, 1, 3, -1,
      0, 4, 1, -1,
      1, 4, 5, -1,
      1, 5, 6, -1,
      7, 8, 1, -1,
      1, 8, 9, -1,
      1, 9, 3, -1,
      3, 9, 10, -1,
      11, 12, 13, -1,
      13, 12, 14, -1,
      13, 14, 15, -1,
      16, 17, 18, -1,
      18, 17, 13, -1,
      19, 11, 20, -1,
      21, 22, 23, -1,
      23, 22, 24, -1,
      10, 25, 3, -1,
      3, 25, 26, -1,
      3, 26, 27, -1,
      28, 29, 30, -1,
      31, 32, 33, -1,
      31, 33, 34, -1,
      35, 36, 37, -1,
      15, 38, 13, -1,
      13, 38, 39, -1,
      13, 39, 18, -1,
      11, 13, 20, -1,
      20, 13, 40, -1,
      20, 40, 41, -1,
      30, 42, 28, -1,
      28, 42, 43, -1,
      28, 43, 44, -1,
      44, 43, 45, -1,
      44, 45, 6, -1,
      46, 47, 35, -1,
      48, 36, 49, -1,
      49, 36, 50, -1,
      49, 50, 51, -1,
      52, 53, 54, -1,
      55, 56, 57, -1,
      57, 56, 58, -1,
      59, 60, 61, -1,
      58, 62, 57, -1,
      57, 62, 63, -1,
      57, 63, 64, -1,
      64, 65, 57, -1,
      57, 65, 66, -1,
      57, 66, 1, -1,
      1, 66, 67, -1,
      1, 67, 7, -1,
      68, 69, 70, -1,
      70, 69, 71, -1,
      70, 71, 72, -1,
      53, 73, 54, -1,
      54, 73, 74, -1,
      54, 74, 75, -1,
      76, 41, 24, -1,
      24, 41, 77, -1,
      24, 77, 23, -1,
      78, 79, 80, -1,
      80, 79, 81, -1,
      80, 81, 82, -1,
      83, 84, 57, -1,
      57, 84, 80, -1,
      57, 80, 85, -1,
      85, 80, 82, -1,
      34, 33, 70, -1,
      70, 33, 86, -1,
      70, 86, 68, -1,
      45, 87, 6, -1,
      6, 87, 88, -1,
      6, 88, 70, -1,
      37, 89, 35, -1,
      35, 89, 90, -1,
      35, 90, 46, -1,
      91, 92, 93, -1,
      93, 92, 94, -1,
      93, 94, 51, -1,
      51, 94, 95, -1,
      51, 95, 49, -1,
      96, 97, 98, -1,
      98, 97, 99, -1,
      54, 100, 101, -1,
      72, 102, 70, -1,
      70, 102, 103, -1,
      70, 103, 6, -1,
      6, 103, 104, -1,
      6, 104, 1, -1,
      105, 106, 54, -1,
      105, 54, 107, -1,
      108, 109, 110, -1,
      111, 20, 112, -1,
      112, 20, 41, -1,
      112, 41, 113, -1,
      113, 41, 76, -1,
      78, 114, 79, -1,
      79, 114, 115, -1,
      79, 115, 116, -1,
      59, 61, 117, -1,
      117, 61, 118, -1,
      117, 118, 119, -1,
      120, 121, 122, -1,
      97, 123, 99, -1,
      99, 123, 124, -1,
      99, 124, 125, -1,
      125, 124, 126, -1,
      125, 126, 54, -1,
      54, 126, 127, -1,
      54, 127, 107, -1,
      108, 128, 98, -1,
      98, 128, 129, -1,
      98, 129, 96, -1,
      130, 131, 20, -1,
      20, 131, 132, -1,
      20, 132, 19, -1,
      130, 133, 131, -1,
      131, 133, 134, -1,
      131, 134, 135, -1,
      136, 137, 138, -1,
      139, 140, 141, -1,
      141, 140, 79, -1,
      141, 79, 142, -1,
      142, 79, 116, -1,
      138, 137, 119, -1,
      119, 137, 143, -1,
      119, 143, 117, -1,
      144, 145, 35, -1,
      35, 145, 146, -1,
      35, 146, 147, -1,
      147, 148, 35, -1,
      35, 148, 149, -1,
      35, 149, 150, -1,
      32, 35, 33, -1,
      33, 35, 150, -1,
      33, 150, 151, -1,
      151, 150, 152, -1,
      153, 154, 131, -1,
      154, 155, 131, -1,
      131, 155, 156, -1,
      131, 156, 98, -1,
      98, 156, 157, -1,
      98, 157, 108, -1,
      108, 157, 158, -1,
      108, 158, 109, -1,
      159, 160, 161, -1,
      161, 160, 162, -1,
      161, 162, 163, -1,
      163, 162, 52, -1,
      163, 52, 164, -1,
      164, 52, 54, -1,
      164, 54, 165, -1,
      165, 54, 101, -1,
      106, 166, 54, -1,
      54, 166, 167, -1,
      54, 167, 100, -1,
      100, 167, 168, -1,
      100, 168, 169, -1,
      169, 170, 100, -1,
      100, 170, 171, -1,
      100, 171, 172, -1,
      172, 173, 100, -1,
      100, 173, 37, -1,
      100, 37, 174, -1,
      175, 176, 177, -1,
      177, 176, 178, -1,
      177, 178, 122, -1,
      122, 178, 179, -1,
      122, 179, 120, -1,
      180, 181, 1, -1,
      1, 181, 182, -1,
      1, 182, 57, -1,
      57, 182, 183, -1,
      57, 183, 83, -1,
      144, 35, 184, -1,
      184, 35, 47, -1,
      184, 47, 60, -1,
      60, 47, 185, -1,
      60, 185, 61, -1,
      48, 186, 36, -1,
      36, 186, 187, -1,
      36, 187, 37, -1,
      37, 187, 188, -1,
      37, 188, 174, -1,
      175, 189, 176, -1,
      176, 189, 190, -1,
      176, 190, 135, -1,
      135, 190, 191, -1,
      135, 191, 131, -1,
      131, 191, 192, -1,
      131, 192, 153, -1,
      136, 138, 193, -1,
      193, 138, 194, -1,
      193, 194, 110, -1,
      110, 194, 195, -1,
      110, 195, 108, -1,
      111, 196, 20, -1,
      20, 196, 197, -1,
      20, 197, 198, -1,
      198, 197, 199, -1,
      198, 199, 200, -1,
      180, 201, 181, -1,
      181, 201, 202, -1,
      181, 202, 203, -1,
      203, 202, 204, -1,
      121, 205, 122, -1,
      122, 205, 206, -1,
      122, 206, 207, -1,
      206, 208, 207, -1,
      207, 208, 209, -1,
      207, 209, 210, -1,
      210, 209, 211, -1,
      210, 211, 150, -1,
      150, 211, 212, -1,
      150, 212, 152, -1,
      200, 213, 198, -1,
      198, 213, 214, -1,
      198, 214, 202, -1,
      202, 214, 215, -1,
      202, 215, 204, -1,
      216, 217, 218, -1,
      219, 220, 221, -1,
      222, 223, 224, -1,
      225, 226, 227, -1,
      228, 229, 230, -1,
      231, 232, 233, -1,
      233, 232, 234, -1,
      235, 236, 237, -1,
      237, 236, 238, -1,
      237, 238, 239, -1,
      220, 240, 221, -1,
      221, 240, 241, -1,
      221, 241, 223, -1,
      242, 243, 244, -1,
      245, 246, 247, -1,
      247, 246, 248, -1,
      249, 250, 251, -1,
      252, 251, 253, -1,
      253, 251, 254, -1,
      255, 256, 247, -1,
      239, 257, 237, -1,
      237, 257, 258, -1,
      237, 258, 259, -1,
      260, 261, 262, -1,
      262, 261, 263, -1,
      244, 243, 221, -1,
      221, 243, 264, -1,
      221, 264, 219, -1,
      265, 266, 267, -1,
      267, 266, 268, -1,
      267, 268, 269, -1,
      270, 271, 272, -1,
      272, 271, 273, -1,
      272, 273, 267, -1,
      267, 273, 274, -1,
      267, 274, 265, -1,
      275, 276, 247, -1,
      247, 276, 277, -1,
      247, 277, 245, -1,
      278, 279, 280, -1,
      223, 222, 221, -1,
      221, 222, 281, -1,
      221, 281, 261, -1,
      261, 281, 282, -1,
      261, 282, 263, -1,
      226, 225, 283, -1,
      283, 225, 284, -1,
      283, 284, 285, -1,
      242, 244, 269, -1,
      269, 244, 286, -1,
      269, 286, 267, -1,
      287, 288, 271, -1,
      288, 289, 271, -1,
      271, 289, 290, -1,
      271, 290, 291, -1,
      292, 293, 294, -1,
      250, 295, 251, -1,
      251, 295, 296, -1,
      251, 296, 254, -1,
      297, 298, 278, -1,
      278, 298, 299, -1,
      278, 299, 279, -1,
      297, 300, 298, -1,
      298, 300, 301, -1,
      298, 301, 302, -1,
      302, 301, 233, -1,
      302, 233, 303, -1,
      303, 233, 304, -1,
      305, 306, 307, -1,
      307, 306, 308, -1,
      309, 310, 311, -1,
      311, 310, 306, -1,
      311, 306, 312, -1,
      312, 306, 305, -1,
      313, 314, 247, -1,
      256, 315, 247, -1,
      247, 315, 261, -1,
      247, 261, 316, -1,
      316, 261, 317, -1,
      318, 319, 218, -1,
      218, 319, 320, -1,
      218, 320, 321, -1,
      321, 320, 322, -1,
      321, 322, 323, -1,
      323, 322, 324, -1,
      294, 325, 292, -1,
      292, 325, 326, -1,
      292, 326, 327, -1,
      327, 326, 328, -1,
      327, 328, 230, -1,
      230, 328, 329, -1,
      230, 329, 228, -1,
      330, 331, 332, -1,
      321, 333, 218, -1,
      218, 333, 334, -1,
      218, 334, 335, -1,
      335, 336, 218, -1,
      218, 336, 337, -1,
      218, 337, 338, -1,
      249, 251, 248, -1,
      248, 251, 278, -1,
      248, 278, 247, -1,
      247, 278, 280, -1,
      247, 280, 313, -1,
      259, 339, 237, -1,
      237, 339, 255, -1,
      237, 255, 340, -1,
      340, 255, 247, -1,
      340, 247, 341, -1,
      341, 247, 308, -1,
      341, 308, 342, -1,
      342, 308, 306, -1,
      260, 343, 261, -1,
      261, 343, 344, -1,
      261, 344, 317, -1,
      317, 344, 345, -1,
      317, 345, 346, -1,
      346, 345, 347, -1,
      270, 348, 271, -1,
      271, 348, 349, -1,
      271, 349, 287, -1,
      287, 349, 350, -1,
      287, 350, 351, -1,
      351, 350, 330, -1,
      351, 330, 352, -1,
      352, 330, 332, -1,
      353, 354, 355, -1,
      229, 216, 230, -1,
      230, 216, 218, -1,
      230, 218, 356, -1,
      356, 218, 338, -1,
      234, 357, 233, -1,
      233, 357, 358, -1,
      233, 358, 304, -1,
      275, 247, 359, -1,
      359, 247, 360, -1,
      359, 360, 218, -1,
      218, 360, 361, -1,
      218, 361, 362, -1,
      363, 364, 365, -1,
      322, 366, 324, -1,
      324, 366, 353, -1,
      324, 353, 367, -1,
      367, 353, 355, -1,
      227, 368, 225, -1,
      225, 368, 369, -1,
      225, 369, 370, -1,
      370, 369, 346, -1,
      370, 346, 371, -1,
      371, 346, 347, -1,
      318, 372, 373, -1,
      374, 375, 247, -1,
      362, 376, 218, -1,
      218, 376, 377, -1,
      218, 377, 378, -1,
      379, 380, 381, -1,
      382, 383, 381, -1,
      375, 384, 247, -1,
      247, 384, 385, -1,
      247, 385, 308, -1,
      379, 381, 386, -1,
      314, 387, 247, -1,
      247, 387, 388, -1,
      247, 388, 389, -1,
      378, 390, 218, -1,
      218, 390, 391, -1,
      218, 391, 318, -1,
      318, 391, 392, -1,
      318, 392, 372, -1,
      373, 393, 318, -1,
      318, 393, 394, -1,
      318, 394, 381, -1,
      381, 394, 395, -1,
      381, 395, 386, -1,
      380, 396, 397, -1,
      397, 396, 398, -1,
      397, 398, 399, -1,
      284, 400, 285, -1,
      285, 400, 401, -1,
      285, 401, 402, -1,
      402, 401, 397, -1,
      402, 397, 403, -1,
      403, 397, 399, -1,
      380, 397, 381, -1,
      381, 397, 404, -1,
      381, 404, 382, -1,
      405, 406, 407, -1,
      407, 406, 408, -1,
      407, 408, 409, -1,
      290, 410, 411, -1,
      389, 412, 247, -1,
      247, 412, 413, -1,
      247, 413, 374, -1,
      383, 414, 381, -1,
      381, 414, 415, -1,
      381, 415, 365, -1,
      365, 415, 416, -1,
      365, 416, 363, -1,
      411, 417, 290, -1,
      290, 417, 418, -1,
      290, 418, 291, -1,
      407, 419, 405, -1,
      405, 419, 420, -1,
      405, 420, 421, -1,
      421, 420, 422, -1,
      409, 408, 364, -1,
      364, 408, 423, -1,
      364, 423, 365, -1,
      422, 420, 424, -1,
      424, 420, 425, -1,
      424, 425, 426, -1,
      426, 425, 427, -1,
      426, 427, 224, -1,
      224, 427, 428, -1,
      224, 428, 222, -1,
      423, 429, 365, -1,
      365, 429, 430, -1,
      365, 430, 290, -1,
      290, 430, 431, -1,
      290, 431, 410, -1,
      432, 433, 434, -1,
      434, 433, 435, -1,
      434, 435, 436, -1,
      436, 435, 437, -1,
      436, 437, 438, -1,
      438, 437, 439, -1,
      438, 439, 440, -1,
      440, 439, 441, -1,
      440, 441, 442, -1,
      442, 441, 443, -1,
      442, 443, 444, -1,
      444, 443, 445, -1,
      444, 445, 446, -1,
      446, 445, 447, -1,
      446, 447, 448, -1,
      448, 447, 449, -1,
      448, 449, 450, -1,
      450, 449, 451, -1,
      336, 335, 34, -1,
      34, 335, 31, -1,
      139, 452, 453, -1,
      454, 455, 139, -1,
      139, 455, 456, -1,
      231, 140, 232, -1,
      232, 140, 139, -1,
      232, 139, 457, -1,
      457, 139, 453, -1,
      456, 458, 139, -1,
      139, 458, 459, -1,
      139, 459, 452, -1,
      21, 310, 22, -1,
      22, 310, 309, -1,
      460, 461, 75, -1,
      75, 461, 54, -1,
      462, 463, 460, -1,
      460, 463, 461, -1,
      464, 465, 462, -1,
      462, 465, 463, -1,
      272, 267, 466, -1,
      272, 466, 467, -1,
      467, 466, 468, -1,
      467, 468, 469, -1,
      469, 468, 470, -1,
      469, 470, 471, -1,
      471, 470, 472, -1,
      471, 472, 473, -1,
      473, 472, 474, -1,
      473, 474, 475, -1,
      475, 474, 465, -1,
      475, 465, 464, -1,
      476, 477, 478, -1,
      478, 477, 479, -1,
      3, 27, 476, -1,
      476, 27, 477, -1,
      479, 480, 478, -1,
      478, 480, 481, -1,
      92, 91, 354, -1,
      354, 91, 355, -1,
      481, 480, 482, -1,
      481, 482, 483, -1,
      483, 482, 484, -1,
      483, 484, 485, -1,
      485, 484, 486, -1,
      485, 486, 487, -1,
      487, 486, 488, -1,
      487, 488, 489, -1,
      489, 488, 490, -1,
      489, 490, 491, -1,
      491, 490, 218, -1,
      491, 218, 217, -1,
      27, 486, 484, -1,
      26, 359, 27, -1,
      27, 359, 218, -1,
      479, 477, 480, -1,
      480, 477, 27, -1,
      480, 27, 482, -1,
      482, 27, 484, -1,
      218, 490, 27, -1,
      27, 490, 488, -1,
      27, 488, 486, -1,
      492, 493, 494, -1,
      495, 496, 494, -1,
      494, 496, 497, -1,
      498, 499, 494, -1,
      494, 499, 500, -1,
      494, 500, 495, -1,
      495, 500, 501, -1,
      495, 501, 502, -1,
      502, 501, 503, -1,
      502, 503, 504, -1,
      504, 503, 505, -1,
      497, 506, 494, -1,
      494, 506, 507, -1,
      494, 507, 492, -1,
      499, 498, 508, -1,
      508, 498, 509, -1,
      508, 509, 510, -1,
      510, 509, 511, -1,
      510, 511, 512, -1,
      512, 511, 513, -1,
      512, 513, 514, -1,
      514, 513, 515, -1,
      514, 515, 516, -1,
      516, 515, 517, -1,
      516, 517, 518, -1,
      518, 517, 519, -1,
      518, 519, 520, -1,
      520, 519, 521, -1,
      522, 520, 523, -1,
      523, 520, 521, -1,
      522, 523, 524, -1,
      522, 524, 525, -1,
      525, 524, 526, -1,
      525, 526, 527, -1,
      527, 526, 528, -1,
      527, 528, 529, -1,
      529, 528, 530, -1,
      529, 530, 531, -1,
      531, 530, 532, -1,
      531, 532, 533, -1,
      533, 532, 534, -1,
      533, 534, 535, -1,
      535, 534, 251, -1,
      535, 251, 252, -1,
      536, 56, 537, -1,
      537, 56, 55, -1,
      536, 537, 538, -1,
      536, 538, 539, -1,
      539, 538, 540, -1,
      539, 540, 541, -1,
      541, 540, 542, -1,
      541, 542, 543, -1,
      543, 542, 544, -1,
      543, 544, 545, -1,
      545, 544, 546, -1,
      545, 546, 547, -1,
      547, 546, 548, -1,
      547, 548, 549, -1,
      549, 548, 550, -1,
      549, 550, 551, -1,
      551, 550, 552, -1,
      552, 550, 553, -1,
      552, 553, 554, -1,
      555, 553, 556, -1,
      556, 553, 557, -1,
      555, 558, 553, -1,
      553, 558, 559, -1,
      553, 559, 554, -1,
      554, 560, 552, -1,
      552, 560, 561, -1,
      552, 561, 562, -1,
      562, 561, 563, -1,
      562, 563, 564, -1,
      564, 563, 565, -1,
      496, 495, 554, -1,
      554, 495, 560, -1,
      552, 500, 551, -1,
      551, 500, 499, -1,
      551, 499, 549, -1,
      549, 499, 508, -1,
      549, 508, 547, -1,
      547, 508, 510, -1,
      547, 510, 545, -1,
      545, 510, 512, -1,
      545, 512, 543, -1,
      543, 512, 514, -1,
      543, 514, 541, -1,
      541, 514, 516, -1,
      541, 516, 539, -1,
      539, 516, 518, -1,
      539, 518, 536, -1,
      536, 518, 520, -1,
      536, 520, 56, -1,
      56, 520, 522, -1,
      56, 522, 525, -1,
      525, 527, 56, -1,
      56, 527, 529, -1,
      56, 529, 531, -1,
      531, 533, 56, -1,
      56, 533, 535, -1,
      56, 535, 252, -1,
      55, 528, 526, -1,
      494, 553, 498, -1,
      498, 553, 550, -1,
      498, 550, 509, -1,
      509, 550, 548, -1,
      509, 548, 511, -1,
      511, 548, 546, -1,
      511, 546, 513, -1,
      513, 546, 544, -1,
      513, 544, 515, -1,
      515, 544, 542, -1,
      515, 542, 517, -1,
      517, 542, 540, -1,
      517, 540, 519, -1,
      519, 540, 538, -1,
      519, 538, 521, -1,
      521, 538, 537, -1,
      521, 537, 523, -1,
      523, 537, 55, -1,
      523, 55, 524, -1,
      524, 55, 526, -1,
      55, 251, 534, -1,
      534, 532, 55, -1,
      55, 532, 530, -1,
      55, 530, 528, -1,
      496, 554, 559, -1,
      496, 559, 497, -1,
      497, 559, 558, -1,
      497, 558, 506, -1,
      506, 558, 555, -1,
      506, 555, 507, -1,
      507, 555, 556, -1,
      507, 556, 492, -1,
      492, 556, 557, -1,
      492, 557, 493, -1,
      493, 557, 553, -1,
      493, 553, 494, -1,
      560, 495, 502, -1,
      560, 502, 561, -1,
      561, 502, 504, -1,
      561, 504, 563, -1,
      563, 504, 505, -1,
      563, 505, 565, -1,
      565, 505, 503, -1,
      565, 503, 564, -1,
      564, 503, 501, -1,
      564, 501, 562, -1,
      562, 501, 500, -1,
      562, 500, 552, -1,
      251, 55, 278, -1,
      278, 55, 57, -1,
      278, 57, 297, -1,
      297, 57, 85, -1,
      297, 85, 300, -1,
      300, 85, 82, -1,
      300, 82, 301, -1,
      301, 82, 81, -1,
      301, 81, 233, -1,
      233, 81, 79, -1,
      233, 79, 231, -1,
      231, 79, 140, -1,
      359, 26, 275, -1,
      275, 26, 25, -1,
      275, 25, 276, -1,
      276, 25, 10, -1,
      276, 10, 277, -1,
      277, 10, 9, -1,
      277, 9, 245, -1,
      245, 9, 8, -1,
      245, 8, 246, -1,
      246, 8, 7, -1,
      246, 7, 248, -1,
      248, 7, 67, -1,
      56, 252, 58, -1,
      58, 252, 253, -1,
      58, 253, 62, -1,
      62, 253, 254, -1,
      62, 254, 63, -1,
      63, 254, 296, -1,
      63, 296, 64, -1,
      64, 296, 295, -1,
      64, 295, 65, -1,
      65, 295, 250, -1,
      65, 250, 66, -1,
      66, 250, 249, -1,
      66, 249, 67, -1,
      67, 249, 248, -1,
      54, 470, 468, -1,
      461, 463, 54, -1,
      54, 463, 465, -1,
      286, 125, 267, -1,
      267, 125, 54, -1,
      267, 54, 466, -1,
      466, 54, 468, -1,
      465, 474, 54, -1,
      54, 474, 472, -1,
      54, 472, 470, -1,
      566, 567, 568, -1,
      568, 567, 569, -1,
      568, 569, 570, -1,
      571, 569, 572, -1,
      572, 569, 573, -1,
      571, 574, 569, -1,
      569, 574, 575, -1,
      569, 575, 570, -1,
      570, 576, 568, -1,
      568, 576, 577, -1,
      568, 577, 578, -1,
      578, 577, 579, -1,
      578, 579, 580, -1,
      580, 579, 581, -1,
      582, 583, 570, -1,
      570, 583, 576, -1,
      584, 585, 586, -1,
      583, 582, 586, -1,
      586, 582, 587, -1,
      588, 589, 586, -1,
      586, 589, 590, -1,
      586, 590, 583, -1,
      583, 590, 591, -1,
      583, 591, 592, -1,
      592, 591, 593, -1,
      592, 593, 594, -1,
      594, 593, 595, -1,
      587, 596, 586, -1,
      586, 596, 597, -1,
      586, 597, 584, -1,
      589, 588, 598, -1,
      589, 598, 599, -1,
      599, 598, 600, -1,
      599, 600, 601, -1,
      601, 600, 602, -1,
      601, 602, 603, -1,
      603, 602, 604, -1,
      603, 604, 605, -1,
      605, 604, 606, -1,
      605, 606, 607, -1,
      607, 606, 608, -1,
      607, 608, 609, -1,
      609, 608, 610, -1,
      609, 610, 611, -1,
      16, 611, 17, -1,
      17, 611, 610, -1,
      236, 235, 612, -1,
      236, 612, 613, -1,
      613, 612, 614, -1,
      613, 614, 615, -1,
      615, 614, 616, -1,
      615, 616, 617, -1,
      617, 616, 618, -1,
      617, 618, 619, -1,
      619, 618, 620, -1,
      619, 620, 621, -1,
      621, 620, 622, -1,
      621, 622, 623, -1,
      623, 622, 624, -1,
      623, 624, 625, -1,
      626, 625, 627, -1,
      627, 625, 624, -1,
      626, 627, 628, -1,
      628, 627, 629, -1,
      628, 629, 630, -1,
      630, 629, 631, -1,
      630, 631, 632, -1,
      632, 631, 633, -1,
      632, 633, 634, -1,
      634, 633, 635, -1,
      634, 635, 636, -1,
      636, 635, 637, -1,
      636, 637, 638, -1,
      638, 637, 639, -1,
      638, 639, 566, -1,
      566, 639, 567, -1,
      568, 590, 566, -1,
      566, 590, 589, -1,
      566, 589, 638, -1,
      638, 589, 599, -1,
      638, 599, 636, -1,
      636, 599, 601, -1,
      636, 601, 634, -1,
      634, 601, 603, -1,
      634, 603, 632, -1,
      632, 603, 605, -1,
      632, 605, 630, -1,
      630, 605, 607, -1,
      630, 607, 628, -1,
      628, 607, 609, -1,
      628, 609, 626, -1,
      626, 609, 611, -1,
      626, 611, 625, -1,
      625, 611, 16, -1,
      625, 16, 623, -1,
      236, 613, 16, -1,
      16, 613, 615, -1,
      16, 615, 617, -1,
      617, 619, 16, -1,
      16, 619, 621, -1,
      16, 621, 623, -1,
      586, 569, 588, -1,
      588, 569, 567, -1,
      588, 567, 598, -1,
      598, 567, 639, -1,
      598, 639, 600, -1,
      600, 639, 637, -1,
      600, 637, 602, -1,
      602, 637, 635, -1,
      602, 635, 604, -1,
      604, 635, 633, -1,
      604, 633, 606, -1,
      606, 633, 631, -1,
      606, 631, 608, -1,
      608, 631, 629, -1,
      608, 629, 610, -1,
      610, 629, 627, -1,
      610, 627, 17, -1,
      17, 627, 624, -1,
      17, 624, 622, -1,
      622, 620, 17, -1,
      17, 620, 618, -1,
      17, 618, 616, -1,
      616, 614, 17, -1,
      17, 614, 612, -1,
      17, 612, 235, -1,
      582, 570, 575, -1,
      582, 575, 587, -1,
      587, 575, 574, -1,
      587, 574, 596, -1,
      596, 574, 571, -1,
      596, 571, 597, -1,
      597, 571, 572, -1,
      597, 572, 584, -1,
      584, 572, 573, -1,
      584, 573, 585, -1,
      585, 573, 569, -1,
      585, 569, 586, -1,
      576, 583, 592, -1,
      576, 592, 577, -1,
      577, 592, 594, -1,
      577, 594, 579, -1,
      579, 594, 595, -1,
      579, 595, 581, -1,
      581, 595, 593, -1,
      581, 593, 580, -1,
      580, 593, 591, -1,
      580, 591, 578, -1,
      578, 591, 590, -1,
      578, 590, 568, -1,
      17, 235, 13, -1,
      13, 235, 237, -1,
      13, 237, 40, -1,
      40, 237, 340, -1,
      40, 340, 41, -1,
      41, 340, 341, -1,
      41, 341, 77, -1,
      77, 341, 342, -1,
      77, 342, 23, -1,
      23, 342, 306, -1,
      23, 306, 21, -1,
      21, 306, 310, -1,
      255, 11, 256, -1,
      256, 11, 19, -1,
      256, 19, 315, -1,
      315, 19, 132, -1,
      315, 132, 261, -1,
      261, 132, 131, -1,
      261, 131, 221, -1,
      221, 131, 98, -1,
      221, 98, 244, -1,
      244, 98, 99, -1,
      244, 99, 286, -1,
      286, 99, 125, -1,
      236, 16, 238, -1,
      238, 16, 18, -1,
      238, 18, 239, -1,
      239, 18, 39, -1,
      239, 39, 257, -1,
      257, 39, 38, -1,
      257, 38, 258, -1,
      258, 38, 15, -1,
      258, 15, 259, -1,
      259, 15, 14, -1,
      259, 14, 339, -1,
      339, 14, 12, -1,
      339, 12, 255, -1,
      255, 12, 11, -1,
      203, 387, 181, -1,
      181, 387, 314, -1,
      181, 314, 182, -1,
      182, 314, 313, -1,
      182, 313, 183, -1,
      183, 313, 280, -1,
      196, 385, 197, -1,
      197, 385, 384, -1,
      197, 384, 199, -1,
      199, 384, 375, -1,
      199, 375, 200, -1,
      200, 375, 374, -1,
      200, 374, 213, -1,
      213, 374, 413, -1,
      213, 413, 214, -1,
      214, 413, 412, -1,
      214, 412, 215, -1,
      215, 412, 389, -1,
      215, 389, 204, -1,
      204, 389, 388, -1,
      204, 388, 203, -1,
      203, 388, 387, -1,
      24, 311, 76, -1,
      76, 311, 312, -1,
      76, 312, 113, -1,
      113, 312, 305, -1,
      113, 305, 112, -1,
      112, 305, 307, -1,
      112, 307, 111, -1,
      111, 307, 308, -1,
      111, 308, 196, -1,
      196, 308, 385, -1,
      311, 24, 309, -1,
      309, 24, 22, -1,
      31, 335, 32, -1,
      32, 335, 334, -1,
      32, 334, 35, -1,
      35, 334, 333, -1,
      35, 333, 36, -1,
      36, 333, 321, -1,
      36, 321, 50, -1,
      50, 321, 323, -1,
      50, 323, 51, -1,
      51, 323, 324, -1,
      51, 324, 93, -1,
      93, 324, 367, -1,
      355, 91, 367, -1,
      367, 91, 93, -1,
      216, 2, 217, -1,
      217, 2, 3, -1,
      476, 478, 3, -1,
      3, 478, 481, -1,
      487, 489, 3, -1,
      3, 489, 491, -1,
      3, 491, 217, -1,
      481, 483, 3, -1,
      3, 483, 485, -1,
      3, 485, 487, -1,
      94, 353, 95, -1,
      95, 353, 366, -1,
      95, 366, 49, -1,
      49, 366, 322, -1,
      49, 322, 48, -1,
      48, 322, 320, -1,
      48, 320, 186, -1,
      186, 320, 319, -1,
      186, 319, 187, -1,
      187, 319, 318, -1,
      187, 318, 188, -1,
      188, 318, 381, -1,
      174, 188, 365, -1,
      365, 188, 381, -1,
      353, 94, 354, -1,
      354, 94, 92, -1,
      640, 641, 642, -1,
      642, 641, 643, -1,
      642, 643, 644, -1,
      644, 643, 645, -1,
      644, 645, 646, -1,
      646, 645, 647, -1,
      646, 647, 648, -1,
      648, 647, 649, -1,
      648, 649, 650, -1,
      650, 649, 651, -1,
      650, 651, 652, -1,
      652, 651, 653, -1,
      652, 653, 654, -1,
      654, 653, 655, -1,
      654, 655, 656, -1,
      656, 655, 657, -1,
      656, 657, 658, -1,
      658, 657, 659, -1,
      660, 661, 450, -1,
      450, 661, 448, -1,
      662, 663, 664, -1,
      448, 661, 642, -1,
      642, 661, 665, -1,
      642, 665, 640, -1,
      660, 450, 664, -1,
      664, 450, 666, -1,
      664, 666, 662, -1,
      667, 668, 669, -1,
      665, 670, 640, -1,
      640, 670, 667, -1,
      640, 667, 671, -1,
      671, 667, 669, -1,
      448, 642, 446, -1,
      446, 642, 644, -1,
      446, 644, 444, -1,
      444, 644, 646, -1,
      444, 646, 442, -1,
      442, 646, 648, -1,
      442, 648, 440, -1,
      440, 648, 650, -1,
      440, 650, 438, -1,
      438, 650, 652, -1,
      438, 652, 436, -1,
      436, 652, 654, -1,
      436, 654, 434, -1,
      434, 654, 656, -1,
      672, 673, 674, -1,
      674, 675, 656, -1,
      656, 675, 676, -1,
      656, 676, 434, -1,
      676, 677, 434, -1,
      434, 677, 678, -1,
      434, 678, 432, -1,
      432, 678, 679, -1,
      680, 656, 658, -1,
      680, 681, 656, -1,
      656, 681, 682, -1,
      656, 682, 674, -1,
      674, 682, 683, -1,
      674, 683, 672, -1,
      684, 685, 686, -1,
      686, 685, 687, -1,
      686, 687, 673, -1,
      673, 687, 688, -1,
      673, 688, 674, -1,
      689, 690, 691, -1,
      692, 693, 694, -1,
      689, 691, 678, -1,
      678, 691, 695, -1,
      678, 695, 679, -1,
      658, 696, 680, -1,
      680, 696, 692, -1,
      680, 692, 697, -1,
      697, 692, 694, -1,
      685, 684, 698, -1,
      685, 698, 699, -1,
      699, 698, 700, -1,
      699, 700, 701, -1,
      701, 700, 702, -1,
      701, 702, 703, -1,
      703, 702, 704, -1,
      703, 704, 705, -1,
      705, 704, 706, -1,
      705, 706, 707, -1,
      707, 706, 708, -1,
      707, 708, 709, -1,
      709, 708, 294, -1,
      709, 294, 293, -1,
      30, 29, 710, -1,
      710, 29, 711, -1,
      710, 711, 712, -1,
      712, 711, 713, -1,
      712, 713, 714, -1,
      714, 713, 715, -1,
      714, 715, 716, -1,
      716, 715, 717, -1,
      716, 717, 718, -1,
      718, 717, 719, -1,
      718, 719, 720, -1,
      720, 719, 721, -1,
      720, 721, 722, -1,
      722, 721, 723, -1,
      724, 725, 657, -1,
      724, 657, 726, -1,
      727, 722, 723, -1,
      728, 729, 730, -1,
      730, 729, 731, -1,
      730, 731, 732, -1,
      732, 731, 733, -1,
      725, 734, 735, -1,
      735, 734, 727, -1,
      735, 727, 736, -1,
      736, 727, 723, -1,
      735, 737, 725, -1,
      725, 737, 738, -1,
      725, 738, 657, -1,
      657, 738, 739, -1,
      739, 740, 657, -1,
      657, 740, 741, -1,
      657, 741, 659, -1,
      659, 741, 742, -1,
      726, 657, 743, -1,
      743, 657, 435, -1,
      743, 435, 730, -1,
      730, 435, 433, -1,
      730, 433, 728, -1,
      744, 745, 746, -1,
      742, 741, 746, -1,
      746, 741, 747, -1,
      746, 747, 744, -1,
      435, 657, 655, -1,
      435, 655, 437, -1,
      437, 655, 653, -1,
      437, 653, 439, -1,
      439, 653, 651, -1,
      439, 651, 441, -1,
      441, 651, 649, -1,
      441, 649, 443, -1,
      443, 649, 647, -1,
      443, 647, 445, -1,
      445, 647, 645, -1,
      445, 645, 447, -1,
      447, 645, 643, -1,
      447, 643, 449, -1,
      451, 449, 748, -1,
      749, 750, 641, -1,
      748, 449, 750, -1,
      750, 449, 643, -1,
      750, 643, 641, -1,
      751, 752, 753, -1,
      754, 755, 756, -1,
      748, 757, 451, -1,
      451, 757, 754, -1,
      451, 754, 758, -1,
      758, 754, 756, -1,
      749, 641, 753, -1,
      753, 641, 759, -1,
      753, 759, 751, -1,
      748, 750, 661, -1,
      661, 750, 665, -1,
      760, 761, 762, -1,
      762, 761, 763, -1,
      764, 765, 766, -1,
      763, 761, 767, -1,
      767, 761, 768, -1,
      767, 768, 769, -1,
      760, 762, 766, -1,
      766, 762, 770, -1,
      766, 770, 764, -1,
      771, 772, 773, -1,
      768, 774, 769, -1,
      769, 774, 771, -1,
      769, 771, 775, -1,
      775, 771, 773, -1,
      776, 777, 761, -1,
      761, 777, 768, -1,
      778, 779, 776, -1,
      780, 777, 781, -1,
      776, 779, 777, -1,
      777, 779, 782, -1,
      777, 782, 781, -1,
      783, 784, 785, -1,
      786, 787, 788, -1,
      776, 789, 778, -1,
      778, 789, 786, -1,
      778, 786, 790, -1,
      790, 786, 788, -1,
      780, 781, 785, -1,
      785, 781, 791, -1,
      785, 791, 783, -1,
      782, 779, 792, -1,
      782, 792, 793, -1,
      793, 792, 794, -1,
      793, 794, 795, -1,
      795, 794, 796, -1,
      795, 796, 797, -1,
      797, 796, 798, -1,
      797, 798, 799, -1,
      799, 798, 800, -1,
      799, 800, 801, -1,
      801, 800, 802, -1,
      801, 802, 803, -1,
      803, 802, 804, -1,
      803, 804, 805, -1,
      804, 806, 807, -1,
      807, 808, 804, -1,
      804, 808, 809, -1,
      804, 809, 810, -1,
      810, 811, 804, -1,
      804, 811, 812, -1,
      804, 812, 805, -1,
      805, 812, 813, -1,
      805, 813, 814, -1,
      815, 816, 814, -1,
      814, 816, 817, -1,
      814, 817, 805, -1,
      815, 818, 816, -1,
      816, 818, 819, -1,
      816, 819, 820, -1,
      159, 821, 160, -1,
      160, 821, 822, -1,
      822, 821, 823, -1,
      823, 821, 824, -1,
      823, 824, 825, -1,
      825, 824, 826, -1,
      825, 826, 827, -1,
      827, 826, 828, -1,
      827, 828, 829, -1,
      829, 828, 830, -1,
      829, 830, 831, -1,
      831, 830, 832, -1,
      831, 832, 833, -1,
      833, 832, 807, -1,
      833, 807, 806, -1,
      834, 835, 836, -1,
      836, 835, 837, -1,
      836, 837, 838, -1,
      838, 837, 839, -1,
      838, 839, 840, -1,
      840, 839, 841, -1,
      840, 841, 842, -1,
      842, 841, 843, -1,
      842, 843, 844, -1,
      845, 846, 834, -1,
      834, 846, 847, -1,
      834, 847, 835, -1,
      331, 848, 332, -1,
      332, 848, 849, -1,
      332, 849, 845, -1,
      845, 849, 850, -1,
      845, 850, 846, -1,
      851, 852, 853, -1,
      844, 843, 854, -1,
      854, 843, 851, -1,
      852, 851, 855, -1,
      855, 851, 856, -1,
      855, 856, 857, -1,
      853, 858, 851, -1,
      851, 858, 859, -1,
      851, 859, 854, -1,
      860, 861, 862, -1,
      862, 861, 863, -1,
      856, 864, 857, -1,
      857, 864, 861, -1,
      857, 861, 865, -1,
      865, 861, 860, -1,
      856, 851, 866, -1,
      866, 851, 867, -1,
      866, 867, 868, -1,
      868, 867, 869, -1,
      868, 869, 870, -1,
      870, 869, 871, -1,
      870, 871, 872, -1,
      872, 871, 873, -1,
      872, 873, 874, -1,
      874, 873, 875, -1,
      874, 875, 876, -1,
      876, 875, 877, -1,
      876, 877, 767, -1,
      767, 877, 763, -1,
      769, 781, 767, -1,
      767, 781, 782, -1,
      767, 782, 876, -1,
      876, 782, 793, -1,
      876, 793, 874, -1,
      874, 793, 795, -1,
      874, 795, 872, -1,
      872, 795, 797, -1,
      872, 797, 870, -1,
      870, 797, 799, -1,
      870, 799, 868, -1,
      868, 799, 801, -1,
      868, 801, 866, -1,
      866, 801, 803, -1,
      866, 803, 856, -1,
      856, 803, 805, -1,
      856, 805, 864, -1,
      864, 805, 817, -1,
      847, 846, 806, -1,
      847, 806, 835, -1,
      778, 762, 779, -1,
      779, 762, 763, -1,
      779, 763, 792, -1,
      792, 763, 877, -1,
      792, 877, 794, -1,
      794, 877, 875, -1,
      794, 875, 796, -1,
      796, 875, 873, -1,
      796, 873, 798, -1,
      798, 873, 871, -1,
      798, 871, 800, -1,
      800, 871, 869, -1,
      800, 869, 802, -1,
      802, 869, 867, -1,
      802, 867, 804, -1,
      804, 867, 851, -1,
      804, 851, 806, -1,
      806, 851, 843, -1,
      806, 843, 841, -1,
      841, 839, 806, -1,
      806, 839, 837, -1,
      806, 837, 835, -1,
      727, 687, 722, -1,
      722, 687, 685, -1,
      722, 685, 720, -1,
      720, 685, 699, -1,
      720, 699, 718, -1,
      718, 699, 701, -1,
      718, 701, 716, -1,
      716, 701, 703, -1,
      716, 703, 714, -1,
      714, 703, 705, -1,
      714, 705, 712, -1,
      712, 705, 707, -1,
      712, 707, 710, -1,
      710, 707, 709, -1,
      710, 709, 30, -1,
      30, 709, 293, -1,
      30, 293, 42, -1,
      42, 293, 292, -1,
      28, 325, 29, -1,
      29, 325, 294, -1,
      29, 294, 711, -1,
      711, 294, 708, -1,
      711, 708, 713, -1,
      713, 708, 706, -1,
      713, 706, 715, -1,
      715, 706, 704, -1,
      715, 704, 717, -1,
      717, 704, 702, -1,
      717, 702, 719, -1,
      719, 702, 700, -1,
      719, 700, 721, -1,
      721, 700, 698, -1,
      721, 698, 723, -1,
      723, 698, 684, -1,
      723, 684, 736, -1,
      736, 684, 686, -1,
    ]
  }
}

Shape {
  appearance Appearance {
    material Material {
      diffuseColor 1.0000 1.0000 1.0000
      specularColor 0.8784 0.8784 0.8784
      ambientIntensity 0.2
      transparency 0.0000
      shininess 0.5
    }
  }
  geometry IndexedFaceSet {
    ccw TRUE
    solid FALSE
    coord DEF co Coordinate {
      point [
        2.696850 2.716535 0.629921,
        2.755906 2.716535 0.629921,
        2.696850 2.716535 0.688976,
        2.755906 2.716535 0.688976,
        2.755906 2.716535 0.078740,
        2.814961 2.716535 0.078740,
        2.814961 2.716535 0.629921,
        2.771190 2.716535 0.686964,
        2.785433 2.716535 0.681065,
        2.797664 2.716535 0.671680,
        2.807049 2.716535 0.659449,
        2.812948 2.716535 0.645206,
      ]
    }
    coordIndex [
      1, 9, 10, -1,
      0, 2, 1, -1,
      1, 2, 3, -1,
      5, 4, 6, -1,
      6, 4, 1, -1,
      6, 1, 11, -1,
      11, 1, 10, -1,
      3, 7, 1, -1,
      1, 7, 8, -1,
      1, 8, 9, -1,
    ]
  }
}

Shape {
  appearance Appearance {
    material Material {
      diffuseColor 0.6667 0.6667 0.6667
      specularColor 0.4667 0.4667 0.4667
      ambientIntensity 0.2
      transparency 0.0000
      shininess 0.5
    }
  }
  geometry IndexedFaceSet {
    ccw TRUE
    solid FALSE
    coord DEF co Coordinate {
      point [
        -2.681566 2.600437 0.629921,
        -1.299213 1.909449 0.629921,
        -2.696850 2.598425 0.629921,
        -2.667323 2.606337 0.629921,
        -2.655092 2.615722 0.629921,
        -2.645707 2.627953 0.629921,
        -1.276978 0.091624 0.629921,
        -2.637795 2.657480 0.629921,
        -0.085284 1.967023 0.629921,
        -2.342520 2.598425 0.629921,
        2.158810 1.967023 0.629921,
        -2.401575 2.657480 0.629921,
        -2.399563 2.642196 0.629921,
        -2.639808 2.642196 0.629921,
        -2.393663 2.627953 0.629921,
        0.990796 1.967023 0.629921,
        0.978314 1.962656 0.629921,
        2.655092 2.733832 0.629921,
        2.667323 2.724447 0.629921,
        0.804537 1.955620 0.629921,
        0.793340 1.962656 0.629921,
        0.957766 1.946269 0.629921,
        -1.240157 1.968504 0.629921,
        -1.253298 1.967023 0.629921,
        -2.357804 2.600437 0.629921,
        -1.265780 1.962656 0.629921,
        -1.276978 1.955620 0.629921,
        2.681566 2.718548 0.629921,
        2.696850 2.716535 0.629921,
        -2.188901 -2.976426 0.629921,
        -2.192834 -2.966931 0.629921,
        -2.192834 -2.946552 0.629921,
        -2.194175 -2.956741 0.629921,
        -0.098425 1.968504 0.629921,
        -2.384278 2.615722 0.629921,
        -2.372047 2.606337 0.629921,
        2.145669 1.968504 0.629921,
        1.003937 1.968504 0.629921,
        0.978314 0.084589 0.629921,
        0.990796 0.080221 0.629921,
        2.279064 2.521697 0.629921,
        2.293307 2.527597 0.629921,
        -1.286329 1.946269 0.629921,
        -1.293364 1.935072 0.629921,
        -1.297732 1.922590 0.629921,
        2.191841 0.100975 0.629921,
        2.198876 0.112172 0.629921,
        2.182489 0.091624 0.629921,
        0.950730 0.112172 0.629921,
        0.820923 0.112172 0.629921,
        0.825291 0.124654 0.629921,
        -2.182644 -2.984580 0.629921,
        -2.174490 -2.990837 0.629921,
        -2.164995 -2.994770 0.629921,
        0.813888 1.946269 0.629921,
        0.950730 1.935072 0.629921,
        0.946363 1.922590 0.629921,
        -0.052254 0.100975 0.629921,
        -0.045219 0.112172 0.629921,
        0.078740 0.137795 0.629921,
        1.003937 0.078740 0.629921,
        2.145669 0.078740 0.629921,
        2.158810 0.080221 0.629921,
        2.171293 0.084589 0.629921,
        0.957766 0.100975 0.629921,
        0.967117 0.091624 0.629921,
        -1.265780 0.084589 0.629921,
        -1.253298 0.080221 0.629921,
        -1.240157 0.078740 0.629921,
        -0.098425 0.078740 0.629921,
        0.826772 1.909449 0.629921,
        0.825291 1.922590 0.629921,
        0.944882 1.909449 0.629921,
        -2.094488 -3.149606 0.629921,
        -2.094488 -2.996111 0.629921,
        -2.154805 -2.996111 0.629921,
        0.820923 1.935072 0.629921,
        0.767717 1.968504 0.629921,
        0.137795 1.968504 0.629921,
        0.124654 1.967023 0.629921,
        0.112172 1.962656 0.629921,
        0.100975 1.955620 0.629921,
        0.091624 1.946269 0.629921,
        0.084589 1.935072 0.629921,
        -0.072802 1.962656 0.629921,
        -0.061605 1.955620 0.629921,
        0.137795 0.078740 0.629921,
        0.767717 0.078740 0.629921,
        0.780857 0.080221 0.629921,
        0.793340 0.084589 0.629921,
        0.804537 0.091624 0.629921,
        0.813888 0.100975 0.629921,
        2.322835 2.755906 0.629921,
        2.641173 2.755906 0.629921,
        2.322835 2.578740 0.629921,
        2.645707 2.746063 0.629921,
        2.320822 2.563456 0.629921,
        2.314923 2.549213 0.629921,
        2.305538 2.536982 0.629921,
        2.203244 0.124654 0.629921,
        2.204724 0.137795 0.629921,
        2.204724 1.909449 0.629921,
        2.203244 1.922590 0.629921,
        2.198876 1.935072 0.629921,
        2.191841 1.946269 0.629921,
        2.182489 1.955620 0.629921,
        2.171293 1.962656 0.629921,
        2.263780 2.519685 0.629921,
        0.084589 0.112172 0.629921,
        -0.085284 0.080221 0.629921,
        0.080221 0.124654 0.629921,
        -0.072802 0.084589 0.629921,
        -0.061605 0.091624 0.629921,
        -1.299213 0.137795 0.629921,
        -2.188901 -2.937056 0.629921,
        0.780857 1.967023 0.629921,
        0.967117 1.955620 0.629921,
        0.091624 0.100975 0.629921,
        0.100975 0.091624 0.629921,
        0.112172 0.084589 0.629921,
        0.124654 0.080221 0.629921,
        0.826772 0.137795 0.629921,
        0.944882 0.137795 0.629921,
        0.946363 0.124654 0.629921,
        -1.286329 0.100975 0.629921,
        -1.297732 0.124654 0.629921,
        -1.293364 0.112172 0.629921,
        -0.040851 0.124654 0.629921,
        -0.039370 0.137795 0.629921,
        0.078740 1.909449 0.629921,
        -0.039370 1.909449 0.629921,
        -0.040851 1.922590 0.629921,
        0.080221 1.922590 0.629921,
        -0.045219 1.935072 0.629921,
        -0.052254 1.946269 0.629921,
        -2.696850 2.598425 0.688976,
        0.990796 0.080221 0.688976,
        0.978314 0.084589 0.688976,
        0.820923 0.112172 0.688976,
        0.950730 0.112172 0.688976,
        0.946363 0.124654 0.688976,
        0.080221 0.124654 0.688976,
        -0.040851 0.124654 0.688976,
        -0.045219 0.112172 0.688976,
        -2.667323 2.606337 0.688976,
        -2.681566 2.600437 0.688976,
        -2.393663 2.627953 0.688976,
        -2.094488 -3.149606 0.688976,
        -2.094488 -2.996111 0.688976,
        0.967117 0.091624 0.688976,
        0.957766 0.100975 0.688976,
        2.158810 0.080221 0.688976,
        2.145669 0.078740 0.688976,
        -1.240157 0.078740 0.688976,
        0.767717 0.078740 0.688976,
        0.780857 0.080221 0.688976,
        0.793340 0.084589 0.688976,
        1.003937 0.078740 0.688976,
        2.198876 0.112172 0.688976,
        2.191841 0.100975 0.688976,
        2.182489 0.091624 0.688976,
        2.171293 0.084589 0.688976,
        2.696850 2.716535 0.688976,
        2.204724 1.909449 0.688976,
        2.204724 0.137795 0.688976,
        2.203244 0.124654 0.688976,
        -2.192834 -2.946552 0.688976,
        -2.188901 -2.937056 0.688976,
        0.813888 0.100975 0.688976,
        0.804537 0.091624 0.688976,
        -0.039370 0.137795 0.688976,
        0.078740 0.137795 0.688976,
        -0.039370 1.909449 0.688976,
        2.314923 2.549213 0.688976,
        2.305538 2.536982 0.688976,
        2.293307 2.527597 0.688976,
        2.279064 2.521697 0.688976,
        2.203244 1.922590 0.688976,
        -2.401575 2.657480 0.688976,
        -2.192834 -2.966931 0.688976,
        -2.194175 -2.956741 0.688976,
        -2.188901 -2.976426 0.688976,
        -2.182644 -2.984580 0.688976,
        -2.174490 -2.990837 0.688976,
        -0.098425 0.078740 0.688976,
        -0.085284 0.080221 0.688976,
        -2.637795 2.657480 0.688976,
        -2.639808 2.642196 0.688976,
        -2.399563 2.642196 0.688976,
        -2.645707 2.627953 0.688976,
        -2.655092 2.615722 0.688976,
        2.645707 2.746063 0.688976,
        2.641173 2.755906 0.688976,
        2.322835 2.755906 0.688976,
        -2.342520 2.598425 0.688976,
        -2.357804 2.600437 0.688976,
        -2.372047 2.606337 0.688976,
        0.137795 0.078740 0.688976,
        0.124654 0.080221 0.688976,
        0.112172 0.084589 0.688976,
        -0.072802 0.084589 0.688976,
        0.100975 0.091624 0.688976,
        2.681566 2.718548 0.688976,
        2.667323 2.724447 0.688976,
        2.655092 2.733832 0.688976,
        2.320822 2.563456 0.688976,
        2.322835 2.578740 0.688976,
        -2.384278 2.615722 0.688976,
        -2.154805 -2.996111 0.688976,
        -2.164995 -2.994770 0.688976,
        -1.253298 0.080221 0.688976,
        -1.265780 0.084589 0.688976,
        -1.276978 0.091624 0.688976,
        0.780857 1.967023 0.688976,
        0.793340 1.962656 0.688976,
        2.263780 2.519685 0.688976,
        -0.052254 0.100975 0.688976,
        -0.061605 0.091624 0.688976,
        0.084589 0.112172 0.688976,
        0.091624 0.100975 0.688976,
        -1.293364 1.935072 0.688976,
        -1.286329 1.946269 0.688976,
        -1.286329 0.100975 0.688976,
        -1.293364 0.112172 0.688976,
        -1.297732 0.124654 0.688976,
        -0.098425 1.968504 0.688976,
        -0.085284 1.967023 0.688976,
        0.100975 1.955620 0.688976,
        0.112172 1.962656 0.688976,
        -1.240157 1.968504 0.688976,
        -1.299213 0.137795 0.688976,
        -1.299213 1.909449 0.688976,
        -1.297732 1.922590 0.688976,
        -1.276978 1.955620 0.688976,
        -1.265780 1.962656 0.688976,
        -1.253298 1.967023 0.688976,
        -0.072802 1.962656 0.688976,
        0.084589 1.935072 0.688976,
        -0.061605 1.955620 0.688976,
        -0.052254 1.946269 0.688976,
        0.078740 1.909449 0.688976,
        0.080221 1.922590 0.688976,
        -0.040851 1.922590 0.688976,
        -0.045219 1.935072 0.688976,
        0.091624 1.946269 0.688976,
        0.957766 1.946269 0.688976,
        0.967117 1.955620 0.688976,
        0.813888 1.946269 0.688976,
        0.978314 1.962656 0.688976,
        0.804537 1.955620 0.688976,
        2.171293 1.962656 0.688976,
        2.182489 1.955620 0.688976,
        0.124654 1.967023 0.688976,
        0.137795 1.968504 0.688976,
        0.767717 1.968504 0.688976,
        2.191841 1.946269 0.688976,
        2.198876 1.935072 0.688976,
        0.820923 1.935072 0.688976,
        0.825291 1.922590 0.688976,
        0.950730 1.935072 0.688976,
        0.946363 1.922590 0.688976,
        0.990796 1.967023 0.688976,
        0.944882 1.909449 0.688976,
        0.826772 1.909449 0.688976,
        0.944882 0.137795 0.688976,
        0.826772 0.137795 0.688976,
        0.825291 0.124654 0.688976,
        1.003937 1.968504 0.688976,
        2.145669 1.968504 0.688976,
        2.158810 1.967023 0.688976,
        -2.322835 2.834646 0.216535,
        -2.322835 2.775591 0.216535,
        -2.322835 3.110236 0.039370,
        -2.322835 3.110236 -0.019685,
        -2.052730 -3.149606 0.671680,
        -2.064961 -3.149606 0.681065,
        -2.094488 -3.149606 0.000000,
        -2.035433 -3.149606 0.000000,
        -2.035433 -3.149606 0.629921,
        -2.079204 -3.149606 0.686964,
        -2.037445 -3.149606 0.645206,
        -2.043345 -3.149606 0.659449,
        -2.755906 3.110236 0.039370,
        -2.755906 3.110236 -0.019685,
        -2.755906 2.834646 0.196850,
        -2.755906 2.775591 0.196850,
        -2.352015 3.148265 0.039370,
        -2.362205 3.149606 0.039370,
        -2.328109 3.129921 0.039370,
        -2.334366 3.138075 0.039370,
        -2.342520 3.144331 0.039370,
        -2.716535 3.149606 0.039370,
        -2.324176 3.120426 0.039370,
        -2.736220 3.144331 0.039370,
        -2.744374 3.138075 0.039370,
        -2.750631 3.129921 0.039370,
        -2.726725 3.148265 0.039370,
        -2.754564 3.120426 0.039370,
        -2.645707 2.834646 0.285433,
        -2.639808 2.834646 0.299676,
        -2.396300 2.834646 0.275591,
        -2.390044 2.834646 0.267437,
        -2.381890 2.834646 0.261180,
        -2.372394 2.834646 0.257247,
        -2.362205 2.834646 0.255906,
        -2.324176 2.834646 0.226725,
        -2.696850 2.834646 0.255906,
        -2.681566 2.834646 0.257918,
        -2.667323 2.834646 0.263817,
        -2.655092 2.834646 0.273202,
        -2.637795 2.834646 0.314961,
        -2.401575 2.834646 0.295276,
        -2.400233 2.834646 0.285086,
        -2.352015 2.834646 0.254564,
        -2.342520 2.834646 0.250631,
        -2.334366 2.834646 0.244374,
        -2.747994 2.834646 0.226378,
        -2.738609 2.834646 0.238609,
        -2.726378 2.834646 0.247994,
        -2.328109 2.834646 0.236220,
        -2.753893 2.834646 0.212135,
        -2.712135 2.834646 0.253893,
        -2.390044 2.775591 0.267437,
        -2.396300 2.775591 0.275591,
        -2.381890 2.775591 0.261180,
        -2.401575 2.775591 0.295276,
        -2.324176 2.775591 0.226725,
        -2.328109 2.775591 0.236220,
        -2.362205 2.775591 0.255906,
        -2.334366 2.775591 0.244374,
        -2.352015 2.775591 0.254564,
        -2.342520 2.775591 0.250631,
        -2.400233 2.775591 0.285086,
        -2.639808 2.775591 0.299676,
        -2.637795 2.775591 0.314961,
        -2.645707 2.775591 0.285433,
        -2.655092 2.775591 0.273202,
        -2.667323 2.775591 0.263817,
        -2.681566 2.775591 0.257918,
        -2.696850 2.775591 0.255906,
        -2.753893 2.775591 0.212135,
        -2.372394 2.775591 0.257247,
        -2.726378 2.775591 0.247994,
        -2.738609 2.775591 0.238609,
        -2.747994 2.775591 0.226378,
        -2.712135 2.775591 0.253893,
        -2.362205 3.149606 -0.019685,
        -2.726725 3.148265 -0.019685,
        -2.716535 3.149606 -0.019685,
        -2.750631 3.129921 -0.019685,
        -2.744374 3.138075 -0.019685,
        -2.736220 3.144331 -0.019685,
        -2.342520 3.144331 -0.019685,
        -2.334366 3.138075 -0.019685,
        -2.328109 3.129921 -0.019685,
        -2.352015 3.148265 -0.019685,
        -2.324176 3.120426 -0.019685,
        -2.754564 3.120426 -0.019685,
        2.608615 3.148265 0.039370,
        2.598425 3.149606 0.039370,
        2.637795 3.110236 0.039370,
        2.632521 3.129921 0.039370,
        2.626264 3.138075 0.039370,
        2.618110 3.144331 0.039370,
        2.283465 3.149606 0.039370,
        2.244094 3.110236 0.039370,
        2.636454 3.120426 0.039370,
        2.263780 3.144331 0.039370,
        2.255626 3.138075 0.039370,
        2.249369 3.129921 0.039370,
        2.273275 3.148265 0.039370,
        2.245436 3.120426 0.039370,
        2.598425 3.149606 -0.019685,
        2.283465 3.149606 -0.019685,
        2.637795 3.110236 -0.019685,
        2.273275 3.148265 -0.019685,
        2.244094 3.110236 -0.019685,
        2.249369 3.129921 -0.019685,
        2.255626 3.138075 -0.019685,
        2.263780 3.144331 -0.019685,
        2.618110 3.144331 -0.019685,
        2.626264 3.138075 -0.019685,
        2.632521 3.129921 -0.019685,
        2.608615 3.148265 -0.019685,
        2.636454 3.120426 -0.019685,
        2.245436 3.120426 -0.019685,
        2.637795 2.775591 0.610236,
        2.322835 2.775591 0.610236,
        2.322835 2.775591 0.295276,
        2.321493 2.775591 0.285086,
        2.317560 2.775591 0.275591,
        2.311303 2.775591 0.267437,
        2.303150 2.775591 0.261180,
        2.293654 2.775591 0.257247,
        2.283465 2.775591 0.255906,
        2.273275 2.775591 0.254564,
        2.245436 2.775591 0.226725,
        2.244094 2.775591 0.216535,
        2.263780 2.775591 0.250631,
        2.255626 2.775591 0.244374,
        2.249369 2.775591 0.236220,
        2.322835 2.760286 0.629428,
        2.639813 2.760286 0.629428,
        2.639808 2.760306 0.629420,
        2.322835 2.764446 0.627972,
        2.638856 2.764446 0.627972,
        2.322835 2.768179 0.625627,
        2.638262 2.768179 0.625627,
        2.322835 2.771296 0.622509,
        2.637952 2.771296 0.622509,
        2.322835 2.773641 0.618777,
        2.637828 2.773641 0.618777,
        2.322835 2.775097 0.614617,
        2.637798 2.775097 0.614617,
        2.322835 2.790070 0.681179,
        2.322835 2.804999 0.671798,
        2.322835 2.817467 0.659330,
        2.322835 2.826848 0.644400,
        2.322835 2.832672 0.627757,
        2.322835 2.834646 0.610236,
        2.322835 2.773427 0.687002,
        2.637795 2.775591 0.686476,
        2.639808 2.760306 0.688853,
        2.638450 2.766823 0.688216,
        2.637958 2.773408 0.686909,
        2.303150 2.834646 0.261180,
        2.311303 2.834646 0.267437,
        2.322835 2.834646 0.295276,
        2.293654 2.834646 0.257247,
        2.283465 2.834646 0.255906,
        2.317560 2.834646 0.275591,
        2.321493 2.834646 0.285086,
        2.263780 2.834646 0.250631,
        2.245436 2.834646 0.226725,
        2.255626 2.834646 0.244374,
        2.249369 2.834646 0.236220,
        2.244094 2.834646 0.216535,
        2.273275 2.834646 0.254564,
        -2.094488 -2.996111 0.000000,
        -2.035433 -2.996111 0.629921,
        -2.035433 -2.996111 0.000000,
        -2.052730 -2.996111 0.671680,
        -2.043345 -2.996111 0.659449,
        -2.037445 -2.996111 0.645206,
        -2.079204 -2.996111 0.686964,
        -2.064961 -2.996111 0.681065,
      ]
    }
    coordIndex [
      94, 206, 92, -1,
      92, 206, 193, -1,
      92, 193, 401, -1,
      401, 193, 420, -1,
      401, 420, 404, -1,
      404, 420, 414, -1,
      404, 414, 406, -1,
      406, 414, 415, -1,
      406, 415, 408, -1,
      408, 415, 416, -1,
      408, 416, 410, -1,
      410, 416, 417, -1,
      410, 417, 412, -1,
      412, 417, 418, -1,
      412, 418, 387, -1,
      387, 418, 419, -1,
      387, 419, 388, -1,
      388, 419, 427, -1,
      394, 429, 437, -1,
      394, 437, 395, -1,
      395, 437, 432, -1,
      395, 432, 398, -1,
      398, 432, 434, -1,
      398, 434, 399, -1,
      399, 434, 435, -1,
      399, 435, 400, -1,
      400, 435, 433, -1,
      400, 433, 396, -1,
      396, 433, 436, -1,
      396, 436, 397, -1,
      429, 394, 428, -1,
      428, 394, 393, -1,
      428, 393, 425, -1,
      425, 393, 392, -1,
      425, 392, 426, -1,
      426, 392, 391, -1,
      426, 391, 430, -1,
      430, 391, 390, -1,
      430, 390, 431, -1,
      431, 390, 389, -1,
      431, 389, 427, -1,
      427, 389, 388, -1,
      360, 374, 384, -1,
      360, 384, 366, -1,
      366, 384, 382, -1,
      366, 382, 361, -1,
      361, 382, 381, -1,
      361, 381, 362, -1,
      362, 381, 380, -1,
      362, 380, 363, -1,
      363, 380, 383, -1,
      363, 383, 358, -1,
      358, 383, 372, -1,
      358, 372, 359, -1,
      376, 365, 371, -1,
      376, 371, 385, -1,
      385, 371, 369, -1,
      385, 369, 377, -1,
      377, 369, 368, -1,
      377, 368, 378, -1,
      378, 368, 367, -1,
      378, 367, 379, -1,
      379, 367, 370, -1,
      379, 370, 375, -1,
      375, 370, 364, -1,
      375, 364, 373, -1,
      311, 325, 312, -1,
      312, 325, 332, -1,
      312, 332, 300, -1,
      300, 332, 323, -1,
      300, 323, 301, -1,
      301, 323, 322, -1,
      301, 322, 302, -1,
      302, 322, 324, -1,
      302, 324, 303, -1,
      303, 324, 341, -1,
      303, 341, 304, -1,
      304, 341, 328, -1,
      304, 328, 330, -1,
      304, 330, 313, -1,
      313, 330, 331, -1,
      313, 331, 314, -1,
      314, 331, 329, -1,
      314, 329, 315, -1,
      315, 329, 327, -1,
      315, 327, 319, -1,
      319, 327, 326, -1,
      319, 326, 305, -1,
      305, 326, 271, -1,
      305, 271, 270, -1,
      346, 287, 286, -1,
      346, 286, 355, -1,
      355, 286, 290, -1,
      355, 290, 352, -1,
      352, 290, 289, -1,
      352, 289, 353, -1,
      353, 289, 288, -1,
      353, 288, 354, -1,
      354, 288, 292, -1,
      354, 292, 356, -1,
      356, 292, 272, -1,
      356, 272, 273, -1,
      291, 348, 347, -1,
      291, 347, 296, -1,
      296, 347, 351, -1,
      296, 351, 293, -1,
      293, 351, 350, -1,
      293, 350, 294, -1,
      294, 350, 349, -1,
      294, 349, 295, -1,
      295, 349, 357, -1,
      295, 357, 297, -1,
      297, 357, 283, -1,
      297, 283, 282, -1,
      306, 339, 307, -1,
      307, 339, 338, -1,
      307, 338, 308, -1,
      308, 338, 337, -1,
      308, 337, 309, -1,
      309, 337, 336, -1,
      309, 336, 298, -1,
      298, 336, 335, -1,
      298, 335, 299, -1,
      299, 335, 333, -1,
      299, 333, 310, -1,
      310, 333, 334, -1,
      339, 306, 321, -1,
      339, 321, 345, -1,
      345, 321, 318, -1,
      345, 318, 342, -1,
      342, 318, 317, -1,
      342, 317, 343, -1,
      343, 317, 316, -1,
      343, 316, 344, -1,
      344, 316, 320, -1,
      344, 320, 340, -1,
      340, 320, 284, -1,
      340, 284, 285, -1,
      186, 7, 187, -1,
      187, 7, 13, -1,
      187, 13, 189, -1,
      189, 13, 5, -1,
      189, 5, 190, -1,
      190, 5, 4, -1,
      190, 4, 144, -1,
      144, 4, 3, -1,
      144, 3, 145, -1,
      145, 3, 0, -1,
      145, 0, 135, -1,
      135, 0, 2, -1,
      194, 9, 195, -1,
      195, 9, 24, -1,
      195, 24, 196, -1,
      196, 24, 35, -1,
      196, 35, 207, -1,
      207, 35, 34, -1,
      207, 34, 146, -1,
      146, 34, 14, -1,
      146, 14, 188, -1,
      188, 14, 12, -1,
      188, 12, 178, -1,
      178, 12, 11, -1,
      206, 94, 205, -1,
      205, 94, 96, -1,
      205, 96, 173, -1,
      173, 96, 97, -1,
      173, 97, 174, -1,
      174, 97, 98, -1,
      174, 98, 175, -1,
      175, 98, 41, -1,
      175, 41, 176, -1,
      176, 41, 40, -1,
      176, 40, 215, -1,
      215, 40, 107, -1,
      162, 28, 202, -1,
      202, 28, 27, -1,
      202, 27, 203, -1,
      203, 27, 18, -1,
      203, 18, 204, -1,
      204, 18, 17, -1,
      204, 17, 191, -1,
      191, 17, 95, -1,
      191, 95, 192, -1,
      192, 95, 93, -1,
      192, 93, 422, -1,
      421, 424, 403, -1,
      93, 402, 422, -1,
      422, 402, 403, -1,
      422, 403, 423, -1,
      423, 403, 424, -1,
      403, 405, 421, -1,
      421, 405, 407, -1,
      421, 407, 409, -1,
      409, 411, 421, -1,
      421, 411, 413, -1,
      421, 413, 386, -1,
      74, 438, 73, -1,
      73, 438, 276, -1,
      278, 277, 439, -1,
      439, 277, 440, -1,
      438, 440, 276, -1,
      276, 440, 277, -1,
      74, 441, 442, -1,
      75, 208, 74, -1,
      74, 208, 148, -1,
      440, 438, 439, -1,
      439, 438, 74, -1,
      439, 74, 443, -1,
      443, 74, 442, -1,
      148, 444, 74, -1,
      74, 444, 445, -1,
      74, 445, 441, -1,
      114, 167, 31, -1,
      31, 167, 166, -1,
      31, 166, 32, -1,
      32, 166, 180, -1,
      32, 180, 30, -1,
      30, 180, 179, -1,
      30, 179, 29, -1,
      29, 179, 181, -1,
      29, 181, 51, -1,
      51, 181, 182, -1,
      51, 182, 52, -1,
      52, 182, 183, -1,
      52, 183, 53, -1,
      53, 183, 209, -1,
      53, 209, 75, -1,
      75, 209, 208, -1,
      278, 439, 443, -1,
      278, 443, 280, -1,
      280, 443, 442, -1,
      280, 442, 281, -1,
      281, 442, 441, -1,
      281, 441, 274, -1,
      274, 441, 445, -1,
      274, 445, 275, -1,
      275, 445, 444, -1,
      275, 444, 279, -1,
      279, 444, 148, -1,
      279, 148, 147, -1,
      69, 184, 109, -1,
      109, 184, 185, -1,
      109, 185, 111, -1,
      111, 185, 200, -1,
      111, 200, 112, -1,
      112, 200, 217, -1,
      112, 217, 57, -1,
      57, 217, 216, -1,
      57, 216, 58, -1,
      58, 216, 143, -1,
      58, 143, 127, -1,
      127, 143, 142, -1,
      127, 142, 128, -1,
      128, 142, 170, -1,
      184, 69, 153, -1,
      153, 69, 68, -1,
      113, 230, 125, -1,
      125, 230, 224, -1,
      125, 224, 126, -1,
      126, 224, 223, -1,
      126, 223, 124, -1,
      124, 223, 222, -1,
      124, 222, 6, -1,
      6, 222, 212, -1,
      6, 212, 66, -1,
      66, 212, 211, -1,
      66, 211, 67, -1,
      67, 211, 210, -1,
      67, 210, 68, -1,
      68, 210, 153, -1,
      230, 113, 231, -1,
      231, 113, 1, -1,
      22, 229, 23, -1,
      23, 229, 235, -1,
      23, 235, 25, -1,
      25, 235, 234, -1,
      25, 234, 26, -1,
      26, 234, 233, -1,
      26, 233, 42, -1,
      42, 233, 221, -1,
      42, 221, 43, -1,
      43, 221, 220, -1,
      43, 220, 44, -1,
      44, 220, 232, -1,
      44, 232, 1, -1,
      1, 232, 231, -1,
      229, 22, 225, -1,
      225, 22, 33, -1,
      130, 172, 131, -1,
      131, 172, 242, -1,
      131, 242, 133, -1,
      133, 242, 243, -1,
      133, 243, 134, -1,
      134, 243, 239, -1,
      134, 239, 85, -1,
      85, 239, 238, -1,
      85, 238, 84, -1,
      84, 238, 236, -1,
      84, 236, 8, -1,
      8, 236, 226, -1,
      8, 226, 33, -1,
      33, 226, 225, -1,
      172, 130, 170, -1,
      170, 130, 128, -1,
      122, 264, 123, -1,
      123, 264, 140, -1,
      123, 140, 48, -1,
      48, 140, 139, -1,
      48, 139, 64, -1,
      64, 139, 150, -1,
      64, 150, 65, -1,
      65, 150, 149, -1,
      65, 149, 38, -1,
      38, 149, 137, -1,
      38, 137, 39, -1,
      39, 137, 136, -1,
      39, 136, 60, -1,
      60, 136, 157, -1,
      262, 264, 72, -1,
      72, 264, 122, -1,
      37, 267, 15, -1,
      15, 267, 261, -1,
      15, 261, 16, -1,
      16, 261, 248, -1,
      16, 248, 116, -1,
      116, 248, 246, -1,
      116, 246, 21, -1,
      21, 246, 245, -1,
      21, 245, 55, -1,
      55, 245, 259, -1,
      55, 259, 56, -1,
      56, 259, 260, -1,
      56, 260, 72, -1,
      72, 260, 262, -1,
      268, 267, 36, -1,
      36, 267, 37, -1,
      101, 163, 102, -1,
      102, 163, 177, -1,
      102, 177, 103, -1,
      103, 177, 256, -1,
      103, 256, 104, -1,
      104, 256, 255, -1,
      104, 255, 105, -1,
      105, 255, 251, -1,
      105, 251, 106, -1,
      106, 251, 250, -1,
      106, 250, 10, -1,
      10, 250, 269, -1,
      10, 269, 36, -1,
      36, 269, 268, -1,
      164, 163, 100, -1,
      100, 163, 101, -1,
      61, 152, 62, -1,
      62, 152, 151, -1,
      62, 151, 63, -1,
      63, 151, 161, -1,
      63, 161, 47, -1,
      47, 161, 160, -1,
      47, 160, 45, -1,
      45, 160, 159, -1,
      45, 159, 46, -1,
      46, 159, 158, -1,
      46, 158, 99, -1,
      99, 158, 165, -1,
      99, 165, 100, -1,
      100, 165, 164, -1,
      157, 152, 60, -1,
      60, 152, 61, -1,
      59, 171, 110, -1,
      110, 171, 141, -1,
      110, 141, 108, -1,
      108, 141, 218, -1,
      108, 218, 117, -1,
      117, 218, 219, -1,
      117, 219, 118, -1,
      118, 219, 201, -1,
      118, 201, 119, -1,
      119, 201, 199, -1,
      119, 199, 120, -1,
      120, 199, 198, -1,
      120, 198, 86, -1,
      86, 198, 197, -1,
      171, 59, 240, -1,
      240, 59, 129, -1,
      78, 253, 79, -1,
      79, 253, 252, -1,
      79, 252, 80, -1,
      80, 252, 228, -1,
      80, 228, 81, -1,
      81, 228, 227, -1,
      81, 227, 82, -1,
      82, 227, 244, -1,
      82, 244, 83, -1,
      83, 244, 237, -1,
      83, 237, 132, -1,
      132, 237, 241, -1,
      132, 241, 129, -1,
      129, 241, 240, -1,
      253, 78, 254, -1,
      254, 78, 77, -1,
      70, 263, 71, -1,
      71, 263, 258, -1,
      71, 258, 76, -1,
      76, 258, 257, -1,
      76, 257, 54, -1,
      54, 257, 247, -1,
      54, 247, 19, -1,
      19, 247, 249, -1,
      19, 249, 20, -1,
      20, 249, 214, -1,
      20, 214, 115, -1,
      115, 214, 213, -1,
      115, 213, 77, -1,
      77, 213, 254, -1,
      263, 70, 265, -1,
      265, 70, 121, -1,
      87, 154, 88, -1,
      88, 154, 155, -1,
      88, 155, 89, -1,
      89, 155, 156, -1,
      89, 156, 90, -1,
      90, 156, 169, -1,
      90, 169, 91, -1,
      91, 169, 168, -1,
      91, 168, 49, -1,
      49, 168, 138, -1,
      49, 138, 50, -1,
      50, 138, 266, -1,
      50, 266, 121, -1,
      121, 266, 265, -1,
      154, 87, 197, -1,
      197, 87, 86, -1,
    ]
  }
}

Shape {
  appearance Appearance {
    material Material {
      diffuseColor 0.2078 0.2078 0.2078
      specularColor 0.0157 0.0157 0.0157
      ambientIntensity 0.2
      transparency 0.0000
      shininess 0.5
    }
  }
  geometry IndexedFaceSet {
    ccw TRUE
    solid FALSE
    coord DEF co Coordinate {
      point [
        2.755906 2.716535 0.629921,
        -2.224409 3.149606 0.629921,
        -1.433071 3.149606 0.629921,
        -2.094488 -3.149606 0.629921,
        -2.094488 -3.149606 0.000000,
        2.500000 -2.598425 0.000000,
        2.500000 -3.149606 0.000000,
        2.440945 -3.149606 0.000000,
        0.799885 -1.181102 0.000000,
        0.799885 -0.309618 0.000000,
        0.885827 -0.309618 0.000000,
        -0.393098 -1.211071 0.000000,
        -0.395621 -1.212420 0.000000,
        -0.395621 -0.309618 0.000000,
        2.480315 2.185039 0.000000,
        2.755906 2.185039 0.000000,
        2.755906 0.321233 0.000000,
        0.439867 -0.293854 0.000000,
        0.452756 -0.285623 0.000000,
        0.452756 -0.309618 0.000000,
        0.326611 -0.309618 0.000000,
        0.206453 -0.309618 0.000000,
        0.286829 -0.304044 0.000000,
        0.244863 -0.286813 0.000000,
        0.206453 0.321233 0.000000,
        0.244863 0.075680 0.000000,
        0.244863 0.022867 0.000000,
        0.382635 -0.264689 0.000000,
        0.345913 -0.268808 0.000000,
        0.375828 0.043720 0.000000,
        0.244863 -0.243601 0.000000,
        0.289209 0.041856 0.000000,
        0.251919 -0.247510 0.000000,
        0.337061 0.048073 0.000000,
        0.293653 -0.263007 0.000000,
        0.452756 -0.007456 0.000000,
        0.452756 -0.219621 0.000000,
        0.432546 0.014855 0.000000,
        0.435484 -0.237843 0.000000,
        0.405296 0.033085 0.000000,
        0.411322 -0.254128 0.000000,
        0.420944 0.075306 0.000000,
        0.377055 0.088056 0.000000,
        0.452756 0.321233 0.000000,
        0.337511 0.091284 0.000000,
        0.290381 0.088032 0.000000,
        0.484924 -0.114569 0.000000,
        0.480938 -0.157189 0.000000,
        0.483046 -0.083936 0.000000,
        0.456321 -0.011392 0.000000,
        0.472552 -0.041789 0.000000,
        0.470242 -0.191053 0.000000,
        0.453959 -0.218352 0.000000,
        0.471536 -0.273631 0.000000,
        0.501108 -0.242498 0.000000,
        0.571346 -0.307218 0.000000,
        0.772998 -0.307218 0.000000,
        0.772998 0.086483 0.000000,
        0.493884 0.019596 0.000000,
        0.458340 0.053780 0.000000,
        0.452756 0.056994 0.000000,
        0.571346 -0.264007 0.000000,
        0.522081 -0.205063 0.000000,
        0.720184 -0.264007 0.000000,
        0.533931 -0.163390 0.000000,
        0.537738 -0.117794 0.000000,
        0.720184 0.086483 0.000000,
        0.532074 -0.061822 0.000000,
        0.516960 -0.017212 0.000000,
        0.452756 -1.181102 0.000000,
        0.206453 -1.181102 0.000000,
        0.342426 -0.311834 0.000000,
        0.353191 -0.312019 0.000000,
        0.376343 -0.309618 0.000000,
        0.401708 -0.306988 0.000000,
        0.019685 -0.129572 0.000000,
        0.115230 -0.129572 0.000000,
        0.019685 -0.264007 0.000000,
        0.115230 -0.264007 0.000000,
        -0.043211 -0.264007 0.000000,
        -0.043211 -0.307218 0.000000,
        -0.081621 -0.309618 0.000000,
        0.019685 -0.309618 0.000000,
        -0.081621 0.321233 0.000000,
        -0.033609 0.043272 0.000000,
        -0.033609 0.086483 0.000000,
        -0.024006 -0.129572 0.000000,
        -0.024006 -0.086361 0.000000,
        0.019685 -0.086361 0.000000,
        0.019685 0.043272 0.000000,
        0.115230 0.043272 0.000000,
        0.115230 -0.086361 0.000000,
        0.019685 -0.307218 0.000000,
        0.168043 -0.307218 0.000000,
        0.168043 0.086483 0.000000,
        0.019685 0.086483 0.000000,
        0.019685 0.321233 0.000000,
        -0.423476 -0.029581 0.000000,
        -0.434051 -0.068370 0.000000,
        -0.451315 0.321233 0.000000,
        -0.436912 -0.105416 0.000000,
        -0.451315 -0.309618 0.000000,
        -0.431387 -0.158105 0.000000,
        -0.417252 -0.199313 0.000000,
        -0.395621 -0.233051 0.000000,
        -0.394675 -0.234527 0.000000,
        -0.227083 -0.307218 0.000000,
        -0.120031 -0.307218 0.000000,
        -0.120031 0.086483 0.000000,
        -0.362270 -0.265555 0.000000,
        -0.321162 -0.289444 0.000000,
        -0.275796 -0.302965 0.000000,
        -0.288013 0.080403 0.000000,
        -0.334077 0.064228 0.000000,
        -0.395621 0.321233 0.000000,
        -0.376928 0.035511 0.000000,
        -0.377339 0.035149 0.000000,
        -0.395621 0.014877 0.000000,
        -0.405180 0.004278 0.000000,
        -0.231134 0.086483 0.000000,
        -0.354331 0.551181 0.000000,
        -0.081621 0.551181 0.000000,
        -0.039370 0.551181 0.000000,
        -0.039370 2.362205 0.000000,
        -0.354331 2.362205 0.000000,
        -0.395621 2.716535 0.000000,
        -0.081621 2.362205 0.000000,
        -0.081621 2.716535 0.000000,
        0.019685 2.716535 0.000000,
        0.393701 0.551181 0.000000,
        0.393701 2.362205 0.000000,
        0.206453 0.551181 0.000000,
        0.078740 0.551181 0.000000,
        0.078740 2.362205 0.000000,
        0.206453 2.362205 0.000000,
        0.206453 2.716535 0.000000,
        0.452756 2.716535 0.000000,
        0.885827 0.321233 0.000000,
        0.826772 0.551181 0.000000,
        0.826772 2.362205 0.000000,
        0.799885 0.551181 0.000000,
        0.799885 0.321233 0.000000,
        0.511811 0.551181 0.000000,
        0.511811 2.362205 0.000000,
        0.799885 2.362205 0.000000,
        0.799885 2.716535 0.000000,
        0.885827 2.716535 0.000000,
        2.440945 2.716535 0.000000,
        2.755906 2.716535 0.000000,
        2.755906 2.460630 0.000000,
        2.480315 2.460630 0.000000,
        2.440945 0.321233 0.000000,
        1.811024 2.362205 0.000000,
        1.751969 2.716535 0.000000,
        2.125984 2.362205 0.000000,
        2.125984 0.551181 0.000000,
        1.811024 0.551181 0.000000,
        1.751969 0.321233 0.000000,
        1.318898 0.321233 0.000000,
        1.377953 0.551181 0.000000,
        1.692913 0.551181 0.000000,
        1.692913 2.362205 0.000000,
        1.377953 2.362205 0.000000,
        1.318898 2.716535 0.000000,
        1.259843 0.551181 0.000000,
        1.259843 2.362205 0.000000,
        0.944882 0.551181 0.000000,
        0.944882 2.362205 0.000000,
        -0.863261 0.321233 0.000000,
        -0.787402 0.551181 0.000000,
        -0.472441 0.551181 0.000000,
        -0.472441 2.362205 0.000000,
        -0.787402 2.362205 0.000000,
        -0.863261 2.716535 0.000000,
        -0.451315 2.716535 0.000000,
        -2.755906 0.321233 0.000000,
        -2.755906 2.755906 0.000000,
        -2.224409 2.755906 0.000000,
        -1.220472 0.551181 0.000000,
        -0.905512 0.551181 0.000000,
        -0.905512 2.362205 0.000000,
        -1.220472 2.362205 0.000000,
        -1.433071 2.716535 0.000000,
        -2.500000 -2.598425 0.000000,
        -2.755906 -2.598425 0.000000,
        -2.755906 -0.309618 0.000000,
        -2.500000 -3.149606 0.000000,
        -2.094488 -2.952756 0.000000,
        -1.745726 -2.952756 0.000000,
        -1.557524 -2.757626 0.000000,
        -1.573180 -2.762713 0.000000,
        -0.863261 -0.309618 0.000000,
        -1.077601 -1.853192 0.000000,
        -1.126563 -1.912852 0.000000,
        -1.162945 -1.980917 0.000000,
        -1.185348 -2.054773 0.000000,
        -1.541154 -2.755906 0.000000,
        -1.192913 -2.131580 0.000000,
        -1.192913 -2.755906 0.000000,
        -1.699444 -2.937718 0.000000,
        -1.713700 -2.945948 0.000000,
        -1.687211 -2.926703 0.000000,
        -1.677535 -2.913386 0.000000,
        -1.587436 -2.770944 0.000000,
        -1.599669 -2.781958 0.000000,
        -1.609344 -2.795276 0.000000,
        -1.729356 -2.951035 0.000000,
        -0.451315 -1.242189 0.000000,
        -0.461164 -1.247453 0.000000,
        -0.520824 -1.296415 0.000000,
        -0.863261 -1.638852 0.000000,
        -0.081621 -1.181102 0.000000,
        -0.242435 -1.181102 0.000000,
        -0.319243 -1.188667 0.000000,
        0.019685 -1.181102 0.000000,
        1.281806 -1.233848 0.000000,
        1.186853 -1.194517 0.000000,
        1.318898 -0.309618 0.000000,
        1.084955 -1.181102 0.000000,
        0.885827 -1.181102 0.000000,
        1.751969 -0.309618 0.000000,
        1.363344 -1.296415 0.000000,
        1.318898 -1.262310 0.000000,
        2.035433 -2.131580 0.000000,
        2.022018 -2.029683 0.000000,
        2.440945 -0.309618 0.000000,
        2.423460 -3.149606 0.000000,
        2.366142 -2.992126 0.000000,
        2.366142 -2.755906 0.000000,
        1.982687 -1.934730 0.000000,
        1.920121 -1.853192 0.000000,
        1.751969 -1.685039 0.000000,
        2.755906 -0.309618 0.000000,
        2.755906 -0.433071 0.000000,
        2.519685 -0.433071 0.000000,
        2.519685 -0.748031 0.000000,
        2.755906 -0.748031 0.000000,
        2.755906 -2.598425 0.000000,
        2.035433 -2.755906 0.000000,
        -1.433071 3.149606 0.000000,
        -2.224409 3.149606 0.000000,
        -0.723560 -0.196789 0.000000,
        -0.560919 -0.196789 0.000000,
        -0.763395 -0.307218 0.000000,
        -0.523334 -0.307218 0.000000,
        -0.821010 -0.307218 0.000000,
        -0.465719 -0.307218 0.000000,
        -0.614557 0.086483 0.000000,
        -0.667371 0.086483 0.000000,
        -0.964567 2.362205 0.049186,
        -0.964567 2.362205 0.108241,
        -0.905512 2.362205 0.157480,
        -1.161417 2.362205 0.108241,
        -1.220472 2.362205 0.157480,
        -1.161417 2.362205 0.049186,
        -0.905512 0.551181 0.157480,
        -1.220472 0.551181 0.157480,
        -0.531496 2.362205 0.049186,
        -0.531496 2.362205 0.108241,
        -0.472441 2.362205 0.157480,
        -0.728346 2.362205 0.108241,
        -0.787402 2.362205 0.157480,
        -0.728346 2.362205 0.049186,
        -0.472441 0.551181 0.157480,
        -0.787402 0.551181 0.157480,
        -0.098425 2.362205 0.049186,
        -0.098425 2.362205 0.108241,
        -0.039370 2.362205 0.157480,
        -0.295276 2.362205 0.108241,
        -0.354331 2.362205 0.157480,
        -0.295276 2.362205 0.049186,
        -0.039370 0.551181 0.157480,
        -0.354331 0.551181 0.157480,
        0.334646 2.362205 0.049186,
        0.334646 2.362205 0.108241,
        0.393701 2.362205 0.157480,
        0.137795 2.362205 0.108241,
        0.078740 2.362205 0.157480,
        0.137795 2.362205 0.049186,
        0.393701 0.551181 0.157480,
        0.078740 0.551181 0.157480,
        0.767717 2.362205 0.049186,
        0.767717 2.362205 0.108241,
        0.826772 2.362205 0.157480,
        0.570866 2.362205 0.108241,
        0.511811 2.362205 0.157480,
        0.570866 2.362205 0.049186,
        0.826772 0.551181 0.157480,
        0.511811 0.551181 0.157480,
        1.200787 2.362205 0.049186,
        1.200787 2.362205 0.108241,
        1.259843 2.362205 0.157480,
        1.003937 2.362205 0.108241,
        0.944882 2.362205 0.157480,
        1.003937 2.362205 0.049186,
        1.259843 0.551181 0.157480,
        0.944882 0.551181 0.157480,
        2.755906 2.194882 0.039370,
        2.755906 2.185039 0.039370,
        2.500000 2.194882 0.039370,
        2.480315 2.185039 0.039370,
        2.500000 2.450787 0.039370,
        2.480315 2.460630 0.039370,
        2.755906 2.450787 0.039370,
        2.755906 2.460630 0.039370,
        2.755906 -0.738189 0.039370,
        2.755906 -0.748031 0.039370,
        2.539370 -0.738189 0.039370,
        2.519685 -0.748031 0.039370,
        2.539370 -0.442913 0.039370,
        2.519685 -0.433071 0.039370,
        2.755906 -0.442913 0.039370,
        2.755906 -0.433071 0.039370,
        -2.500000 -3.149606 0.629921,
        2.500000 -2.598425 0.629921,
        2.755906 -2.598425 0.629921,
        -2.224409 2.755906 0.629921,
        -2.755906 2.755906 0.629921,
        -2.035433 2.480315 0.629921,
        -2.755906 -2.598425 0.629921,
        -2.500000 -2.598425 0.629921,
        -2.035433 -2.952756 0.629921,
        -2.094488 -2.952756 0.629921,
        2.423460 -3.149606 0.629921,
        2.500000 -3.149606 0.629921,
        2.366142 -2.992126 0.629921,
        2.366142 2.480315 0.629921,
        -1.433071 2.716535 0.629921,
        2.755906 -1.299213 0.000000,
        -1.433071 2.716535 0.570866,
        -1.316929 2.716535 0.629921,
        -1.316929 2.716535 0.570866,
        -1.200787 2.716535 0.511811,
        -1.200787 2.716535 0.452756,
        -1.082677 2.716535 0.511811,
        -0.925197 2.716535 0.570866,
        -1.082677 2.716535 0.452756,
        -0.925197 2.716535 0.000000,
        -1.316929 2.716535 0.000000,
        -0.649606 2.716535 0.452756,
        -0.492126 2.716535 0.000000,
        -0.767717 2.716535 0.452756,
        -0.767717 2.716535 0.511811,
        -0.649606 2.716535 0.511811,
        -0.492126 2.716535 0.570866,
        -0.216535 2.716535 0.452756,
        -0.059055 2.716535 0.000000,
        -0.334646 2.716535 0.452756,
        -0.334646 2.716535 0.511811,
        -0.216535 2.716535 0.511811,
        -0.059055 2.716535 0.570866,
        0.216535 2.716535 0.452756,
        0.374016 2.716535 0.000000,
        0.098425 2.716535 0.452756,
        0.098425 2.716535 0.511811,
        0.216535 2.716535 0.511811,
        0.374016 2.716535 0.570866,
        0.649606 2.716535 0.452756,
        0.807087 2.716535 0.000000,
        0.531496 2.716535 0.452756,
        0.531496 2.716535 0.511811,
        0.649606 2.716535 0.511811,
        0.807087 2.716535 0.570866,
        1.082677 2.716535 0.452756,
        1.240157 2.716535 0.000000,
        0.964567 2.716535 0.452756,
        0.964567 2.716535 0.511811,
        1.082677 2.716535 0.511811,
        1.240157 2.716535 0.570866,
        1.515748 2.716535 0.452756,
        1.673228 2.716535 0.000000,
        1.397638 2.716535 0.452756,
        1.397638 2.716535 0.511811,
        1.515748 2.716535 0.511811,
        1.673228 2.716535 0.570866,
        1.948819 2.716535 0.452756,
        1.830709 2.716535 0.452756,
        1.830709 2.716535 0.511811,
        1.948819 2.716535 0.511811,
        2.755906 2.716535 0.570866,
        -0.925197 2.716535 0.629921,
        -0.492126 2.716535 0.629921,
        -0.059055 2.716535 0.629921,
        0.374016 2.716535 0.629921,
        0.807087 2.716535 0.629921,
        1.240157 2.716535 0.629921,
        1.673228 2.716535 0.629921,
      ]
    }
    coordIndex [
      5, 6, 7, -1,
      8, 9, 10, -1,
      11, 12, 13, -1,
      14, 15, 16, -1,
      17, 18, 19, -1,
      20, 21, 22, -1,
      22, 21, 23, -1,
      24, 25, 26, -1,
      27, 28, 29, -1,
      24, 26, 30, -1,
      30, 26, 31, -1,
      30, 31, 32, -1,
      31, 33, 32, -1,
      32, 33, 29, -1,
      32, 29, 34, -1,
      34, 29, 28, -1,
      35, 36, 37, -1,
      37, 36, 38, -1,
      37, 38, 39, -1,
      39, 38, 29, -1,
      29, 38, 40, -1,
      29, 40, 27, -1,
      41, 42, 43, -1,
      43, 42, 44, -1,
      43, 44, 24, -1,
      24, 44, 45, -1,
      24, 45, 25, -1,
      35, 46, 47, -1,
      46, 35, 48, -1,
      48, 35, 49, -1,
      48, 49, 50, -1,
      47, 51, 35, -1,
      35, 51, 52, -1,
      35, 52, 36, -1,
      53, 54, 55, -1,
      55, 56, 9, -1,
      9, 56, 57, -1,
      58, 59, 43, -1,
      43, 59, 60, -1,
      43, 60, 41, -1,
      55, 54, 61, -1,
      61, 54, 62, -1,
      61, 62, 63, -1,
      62, 64, 63, -1,
      63, 64, 65, -1,
      63, 65, 66, -1,
      66, 65, 67, -1,
      66, 67, 68, -1,
      69, 70, 71, -1,
      71, 72, 69, -1,
      69, 72, 73, -1,
      69, 73, 19, -1,
      19, 73, 74, -1,
      19, 74, 17, -1,
      75, 76, 77, -1,
      77, 76, 78, -1,
      79, 80, 81, -1,
      81, 80, 82, -1,
      79, 83, 84, -1,
      84, 83, 85, -1,
      75, 77, 86, -1,
      86, 77, 79, -1,
      86, 79, 87, -1,
      87, 79, 84, -1,
      87, 84, 88, -1,
      84, 89, 88, -1,
      88, 89, 90, -1,
      88, 90, 91, -1,
      80, 92, 82, -1,
      82, 92, 93, -1,
      82, 93, 21, -1,
      21, 93, 94, -1,
      85, 83, 95, -1,
      95, 83, 96, -1,
      95, 96, 94, -1,
      94, 96, 24, -1,
      94, 24, 21, -1,
      21, 24, 30, -1,
      21, 30, 23, -1,
      97, 98, 99, -1,
      99, 98, 100, -1,
      99, 100, 101, -1,
      101, 100, 102, -1,
      103, 104, 13, -1,
      13, 104, 105, -1,
      106, 107, 81, -1,
      81, 107, 108, -1,
      105, 109, 13, -1,
      13, 109, 110, -1,
      13, 110, 111, -1,
      112, 113, 114, -1,
      114, 113, 115, -1,
      115, 116, 114, -1,
      114, 116, 117, -1,
      114, 117, 99, -1,
      99, 117, 118, -1,
      99, 118, 97, -1,
      79, 81, 83, -1,
      83, 81, 108, -1,
      83, 108, 114, -1,
      114, 108, 119, -1,
      114, 119, 112, -1,
      114, 120, 83, -1,
      83, 120, 121, -1,
      83, 121, 96, -1,
      96, 121, 122, -1,
      96, 122, 123, -1,
      124, 125, 126, -1,
      126, 125, 127, -1,
      126, 127, 123, -1,
      123, 127, 128, -1,
      123, 128, 96, -1,
      43, 129, 130, -1,
      129, 43, 131, -1,
      131, 43, 24, -1,
      131, 24, 132, -1,
      132, 24, 96, -1,
      132, 96, 133, -1,
      133, 96, 128, -1,
      133, 128, 134, -1,
      134, 128, 135, -1,
      134, 135, 130, -1,
      130, 135, 136, -1,
      130, 136, 43, -1,
      137, 138, 139, -1,
      138, 137, 140, -1,
      140, 137, 141, -1,
      140, 141, 142, -1,
      142, 141, 43, -1,
      142, 43, 143, -1,
      143, 43, 136, -1,
      143, 136, 144, -1,
      144, 136, 145, -1,
      144, 145, 139, -1,
      139, 145, 146, -1,
      139, 146, 137, -1,
      147, 148, 149, -1,
      149, 150, 147, -1,
      147, 150, 14, -1,
      147, 14, 151, -1,
      151, 14, 16, -1,
      152, 153, 154, -1,
      154, 153, 147, -1,
      154, 147, 155, -1,
      155, 147, 151, -1,
      155, 151, 156, -1,
      156, 151, 157, -1,
      158, 159, 157, -1,
      157, 159, 160, -1,
      157, 160, 161, -1,
      162, 163, 161, -1,
      161, 163, 153, -1,
      161, 153, 157, -1,
      157, 153, 152, -1,
      157, 152, 156, -1,
      158, 164, 165, -1,
      164, 158, 166, -1,
      166, 158, 137, -1,
      166, 137, 167, -1,
      167, 137, 146, -1,
      167, 146, 165, -1,
      165, 146, 163, -1,
      165, 163, 158, -1,
      158, 163, 162, -1,
      158, 162, 159, -1,
      168, 169, 99, -1,
      99, 169, 170, -1,
      99, 170, 171, -1,
      172, 173, 171, -1,
      171, 173, 174, -1,
      171, 174, 99, -1,
      99, 174, 125, -1,
      99, 125, 114, -1,
      114, 125, 124, -1,
      114, 124, 120, -1,
      175, 176, 177, -1,
      178, 179, 168, -1,
      168, 179, 180, -1,
      181, 182, 180, -1,
      180, 182, 173, -1,
      180, 173, 168, -1,
      168, 173, 172, -1,
      168, 172, 169, -1,
      183, 184, 185, -1,
      4, 186, 187, -1,
      187, 186, 183, -1,
      187, 183, 188, -1,
      189, 190, 191, -1,
      192, 193, 191, -1,
      191, 193, 194, -1,
      191, 194, 189, -1,
      189, 194, 195, -1,
      189, 195, 196, -1,
      196, 195, 197, -1,
      196, 197, 198, -1,
      199, 200, 201, -1,
      201, 200, 202, -1,
      203, 204, 183, -1,
      183, 204, 205, -1,
      183, 205, 188, -1,
      188, 205, 202, -1,
      188, 202, 206, -1,
      206, 202, 200, -1,
      101, 207, 191, -1,
      191, 207, 208, -1,
      208, 209, 191, -1,
      191, 209, 210, -1,
      191, 210, 192, -1,
      102, 103, 101, -1,
      101, 103, 13, -1,
      101, 13, 207, -1,
      207, 13, 12, -1,
      211, 212, 13, -1,
      13, 212, 213, -1,
      13, 213, 11, -1,
      111, 106, 13, -1,
      13, 106, 81, -1,
      13, 81, 211, -1,
      211, 81, 82, -1,
      211, 82, 214, -1,
      214, 82, 21, -1,
      214, 21, 70, -1,
      70, 21, 20, -1,
      70, 20, 71, -1,
      8, 69, 9, -1,
      9, 69, 19, -1,
      9, 19, 55, -1,
      55, 19, 18, -1,
      55, 18, 53, -1,
      215, 216, 217, -1,
      217, 216, 218, -1,
      217, 218, 10, -1,
      10, 218, 219, -1,
      10, 219, 8, -1,
      220, 221, 217, -1,
      217, 221, 222, -1,
      217, 222, 215, -1,
      223, 224, 225, -1,
      226, 227, 7, -1,
      7, 227, 228, -1,
      224, 229, 225, -1,
      225, 229, 230, -1,
      225, 230, 220, -1,
      220, 230, 231, -1,
      220, 231, 221, -1,
      232, 233, 225, -1,
      225, 233, 234, -1,
      225, 234, 235, -1,
      235, 236, 237, -1,
      237, 5, 235, -1,
      235, 5, 7, -1,
      235, 7, 225, -1,
      225, 7, 228, -1,
      225, 228, 223, -1,
      223, 228, 238, -1,
      239, 182, 240, -1,
      240, 182, 181, -1,
      240, 181, 177, -1,
      177, 181, 178, -1,
      177, 178, 175, -1,
      175, 178, 168, -1,
      175, 168, 185, -1,
      185, 168, 191, -1,
      185, 191, 183, -1,
      183, 191, 190, -1,
      183, 190, 203, -1,
      241, 242, 243, -1,
      243, 242, 244, -1,
      245, 243, 191, -1,
      191, 243, 244, -1,
      191, 244, 101, -1,
      101, 244, 246, -1,
      101, 246, 99, -1,
      99, 246, 247, -1,
      99, 247, 168, -1,
      168, 247, 248, -1,
      168, 248, 191, -1,
      191, 248, 245, -1,
      68, 58, 66, -1,
      66, 58, 43, -1,
      66, 43, 57, -1,
      57, 43, 141, -1,
      57, 141, 9, -1,
      9, 141, 137, -1,
      9, 137, 10, -1,
      10, 137, 158, -1,
      10, 158, 217, -1,
      217, 158, 157, -1,
      217, 157, 220, -1,
      220, 157, 151, -1,
      220, 151, 225, -1,
      225, 151, 16, -1,
      225, 16, 232, -1,
      249, 180, 250, -1,
      250, 180, 251, -1,
      250, 251, 252, -1,
      252, 251, 253, -1,
      252, 253, 254, -1,
      254, 253, 181, -1,
      254, 181, 249, -1,
      249, 181, 180, -1,
      179, 255, 180, -1,
      180, 255, 251, -1,
      178, 256, 179, -1,
      179, 256, 255, -1,
      181, 253, 178, -1,
      178, 253, 256, -1,
      257, 171, 258, -1,
      258, 171, 259, -1,
      258, 259, 260, -1,
      260, 259, 261, -1,
      260, 261, 262, -1,
      262, 261, 172, -1,
      262, 172, 257, -1,
      257, 172, 171, -1,
      170, 263, 171, -1,
      171, 263, 259, -1,
      169, 264, 170, -1,
      170, 264, 263, -1,
      172, 261, 169, -1,
      169, 261, 264, -1,
      265, 123, 266, -1,
      266, 123, 267, -1,
      266, 267, 268, -1,
      268, 267, 269, -1,
      268, 269, 270, -1,
      270, 269, 124, -1,
      270, 124, 265, -1,
      265, 124, 123, -1,
      122, 271, 123, -1,
      123, 271, 267, -1,
      120, 272, 122, -1,
      122, 272, 271, -1,
      124, 269, 120, -1,
      120, 269, 272, -1,
      273, 130, 274, -1,
      274, 130, 275, -1,
      274, 275, 276, -1,
      276, 275, 277, -1,
      276, 277, 278, -1,
      278, 277, 133, -1,
      278, 133, 273, -1,
      273, 133, 130, -1,
      129, 279, 130, -1,
      130, 279, 275, -1,
      132, 280, 129, -1,
      129, 280, 279, -1,
      133, 277, 132, -1,
      132, 277, 280, -1,
      281, 139, 282, -1,
      282, 139, 283, -1,
      282, 283, 284, -1,
      284, 283, 285, -1,
      284, 285, 286, -1,
      286, 285, 143, -1,
      286, 143, 281, -1,
      281, 143, 139, -1,
      138, 287, 139, -1,
      139, 287, 283, -1,
      142, 288, 138, -1,
      138, 288, 287, -1,
      143, 285, 142, -1,
      142, 285, 288, -1,
      289, 165, 290, -1,
      290, 165, 291, -1,
      290, 291, 292, -1,
      292, 291, 293, -1,
      292, 293, 294, -1,
      294, 293, 167, -1,
      294, 167, 289, -1,
      289, 167, 165, -1,
      164, 295, 165, -1,
      165, 295, 291, -1,
      166, 296, 164, -1,
      164, 296, 295, -1,
      167, 293, 166, -1,
      166, 293, 296, -1,
      297, 298, 299, -1,
      299, 298, 300, -1,
      299, 300, 301, -1,
      301, 300, 302, -1,
      301, 302, 303, -1,
      303, 302, 304, -1,
      305, 306, 307, -1,
      307, 306, 308, -1,
      307, 308, 309, -1,
      309, 308, 310, -1,
      309, 310, 311, -1,
      311, 310, 312, -1,
      313, 186, 3, -1,
      3, 186, 4, -1,
      314, 315, 0, -1,
      316, 317, 318, -1,
      318, 317, 319, -1,
      318, 319, 320, -1,
      321, 318, 322, -1,
      322, 318, 320, -1,
      322, 320, 3, -1,
      3, 320, 313, -1,
      323, 324, 325, -1,
      325, 324, 314, -1,
      325, 314, 326, -1,
      326, 314, 0, -1,
      326, 0, 318, -1,
      318, 0, 327, -1,
      318, 327, 316, -1,
      316, 327, 2, -1,
      316, 2, 1, -1,
      328, 236, 306, -1,
      149, 148, 304, -1,
      304, 148, 0, -1,
      304, 0, 303, -1,
      315, 237, 328, -1,
      328, 306, 315, -1,
      315, 306, 305, -1,
      315, 305, 0, -1,
      0, 305, 311, -1,
      0, 311, 312, -1,
      233, 15, 312, -1,
      312, 15, 298, -1,
      312, 298, 0, -1,
      0, 298, 297, -1,
      0, 297, 303, -1,
      226, 6, 323, -1,
      323, 6, 324, -1,
      1, 2, 240, -1,
      240, 2, 239, -1,
      176, 184, 317, -1,
      317, 184, 319, -1,
      320, 319, 183, -1,
      183, 319, 184, -1,
      186, 313, 183, -1,
      183, 313, 320, -1,
      6, 5, 324, -1,
      324, 5, 314, -1,
      314, 5, 315, -1,
      315, 5, 237, -1,
      316, 1, 177, -1,
      177, 1, 240, -1,
      317, 316, 176, -1,
      176, 316, 177, -1,
      329, 327, 330, -1,
      331, 332, 333, -1,
      332, 331, 334, -1,
      334, 331, 335, -1,
      334, 335, 336, -1,
      336, 335, 337, -1,
      336, 337, 333, -1,
      333, 337, 338, -1,
      333, 338, 331, -1,
      331, 338, 182, -1,
      331, 182, 329, -1,
      339, 340, 341, -1,
      341, 340, 337, -1,
      341, 337, 342, -1,
      342, 337, 335, -1,
      342, 335, 343, -1,
      343, 335, 344, -1,
      343, 344, 339, -1,
      339, 344, 340, -1,
      345, 346, 347, -1,
      347, 346, 340, -1,
      347, 340, 348, -1,
      348, 340, 344, -1,
      348, 344, 349, -1,
      349, 344, 350, -1,
      349, 350, 345, -1,
      345, 350, 346, -1,
      351, 352, 353, -1,
      353, 352, 346, -1,
      353, 346, 354, -1,
      354, 346, 350, -1,
      354, 350, 355, -1,
      355, 350, 356, -1,
      355, 356, 351, -1,
      351, 356, 352, -1,
      357, 358, 359, -1,
      359, 358, 352, -1,
      359, 352, 360, -1,
      360, 352, 356, -1,
      360, 356, 361, -1,
      361, 356, 362, -1,
      361, 362, 357, -1,
      357, 362, 358, -1,
      363, 364, 365, -1,
      365, 364, 358, -1,
      365, 358, 366, -1,
      366, 358, 362, -1,
      366, 362, 367, -1,
      367, 362, 368, -1,
      367, 368, 363, -1,
      363, 368, 364, -1,
      369, 370, 371, -1,
      371, 370, 364, -1,
      371, 364, 372, -1,
      372, 364, 368, -1,
      372, 368, 373, -1,
      373, 368, 374, -1,
      373, 374, 369, -1,
      369, 374, 370, -1,
      375, 148, 376, -1,
      376, 148, 370, -1,
      376, 370, 377, -1,
      377, 370, 374, -1,
      377, 374, 378, -1,
      378, 374, 379, -1,
      378, 379, 375, -1,
      375, 379, 148, -1,
      329, 330, 331, -1,
      331, 330, 380, -1,
      331, 380, 335, -1,
      335, 380, 381, -1,
      335, 381, 344, -1,
      344, 381, 382, -1,
      344, 382, 350, -1,
      350, 382, 383, -1,
      350, 383, 356, -1,
      356, 383, 384, -1,
      356, 384, 362, -1,
      362, 384, 385, -1,
      362, 385, 368, -1,
      368, 385, 386, -1,
      368, 386, 374, -1,
      374, 386, 0, -1,
      374, 0, 379, -1,
      182, 239, 329, -1,
      329, 239, 2, -1,
      329, 2, 327, -1,
    ]
  }
}

Shape {
  appearance Appearance {
    material Material {
      diffuseColor 0.8275 0.6667 0.1294
      specularColor 0.8275 0.6667 0.1294
      ambientIntensity 0.2
      transparency 0.0000
      shininess 0.5
    }
  }
  geometry IndexedFaceSet {
    ccw TRUE
    solid FALSE
    coord DEF co Coordinate {
      point [
        -1.200787 2.716535 0.511811,
        -1.200787 2.716535 0.452756,
        -1.082677 2.716535 0.511811,
        -1.082677 2.716535 0.452756,
        -0.649606 2.716535 0.452756,
        -0.767717 2.716535 0.452756,
        -0.767717 2.716535 0.511811,
        -0.649606 2.716535 0.511811,
        -0.216535 2.716535 0.452756,
        -0.334646 2.716535 0.452756,
        -0.334646 2.716535 0.511811,
        -0.216535 2.716535 0.511811,
        0.216535 2.716535 0.452756,
        0.098425 2.716535 0.452756,
        0.098425 2.716535 0.511811,
        0.216535 2.716535 0.511811,
        0.649606 2.716535 0.452756,
        0.531496 2.716535 0.452756,
        0.531496 2.716535 0.511811,
        0.649606 2.716535 0.511811,
        1.082677 2.716535 0.452756,
        0.964567 2.716535 0.452756,
        0.964567 2.716535 0.511811,
        1.082677 2.716535 0.511811,
        1.515748 2.716535 0.452756,
        1.397638 2.716535 0.452756,
        1.397638 2.716535 0.511811,
        1.515748 2.716535 0.511811,
        1.948819 2.716535 0.452756,
        1.830709 2.716535 0.452756,
        1.830709 2.716535 0.511811,
        1.948819 2.716535 0.511811,
        1.948819 3.149606 -0.019685,
        1.948819 2.933071 -0.019685,
        1.830709 3.149606 -0.019685,
        1.830709 2.933071 -0.019685,
        1.948819 3.149606 0.039370,
        1.830709 3.149606 0.039370,
        1.948819 2.933071 0.039370,
        1.830709 2.933071 0.039370,
        1.948819 2.928691 0.039864,
        1.830709 2.928691 0.039864,
        1.948819 2.924530 0.041320,
        1.830709 2.924530 0.041320,
        1.948819 2.920797 0.043665,
        1.830709 2.920797 0.043665,
        1.948819 2.917681 0.046782,
        1.830709 2.917681 0.046782,
        1.948819 2.915335 0.050514,
        1.830709 2.915335 0.050514,
        1.948819 2.913880 0.054675,
        1.830709 2.913880 0.054675,
        1.948819 2.913386 0.059055,
        1.830709 2.913386 0.059055,
        1.948819 2.913386 0.433071,
        1.830709 2.913386 0.433071,
        1.830709 2.911412 0.450592,
        1.948819 2.911412 0.450592,
        1.830709 2.905588 0.467235,
        1.948819 2.905588 0.467235,
        1.830709 2.896207 0.482165,
        1.948819 2.896207 0.482165,
        1.830709 2.883739 0.494632,
        1.948819 2.883739 0.494632,
        1.830709 2.868810 0.504013,
        1.948819 2.868810 0.504013,
        1.830709 2.852167 0.509837,
        1.948819 2.852167 0.509837,
        1.830709 2.834646 0.511811,
        1.948819 2.834646 0.511811,
        1.948819 2.834646 0.452756,
        1.830709 2.834646 0.452756,
        1.948819 2.839026 0.452262,
        1.830709 2.839026 0.452262,
        1.948819 2.843187 0.450806,
        1.830709 2.843187 0.450806,
        1.948819 2.846919 0.448461,
        1.830709 2.846919 0.448461,
        1.948819 2.850036 0.445344,
        1.830709 2.850036 0.445344,
        1.948819 2.852381 0.441612,
        1.830709 2.852381 0.441612,
        1.948819 2.853837 0.437451,
        1.830709 2.853837 0.437451,
        1.948819 2.854331 0.433071,
        1.830709 2.854331 0.433071,
        1.948819 2.854331 0.059055,
        1.830709 2.854331 0.059055,
        1.830709 2.856305 0.041534,
        1.948819 2.856305 0.041534,
        1.830709 2.862128 0.024891,
        1.948819 2.862128 0.024891,
        1.830709 2.871509 0.009961,
        1.948819 2.871509 0.009961,
        1.830709 2.883977 -0.002506,
        1.948819 2.883977 -0.002506,
        1.830709 2.898907 -0.011887,
        1.948819 2.898907 -0.011887,
        1.830709 2.915550 -0.017711,
        1.948819 2.915550 -0.017711,
        1.515748 3.149606 -0.019685,
        1.515748 2.933071 -0.019685,
        1.397638 3.149606 -0.019685,
        1.397638 2.933071 -0.019685,
        1.515748 3.149606 0.039370,
        1.397638 3.149606 0.039370,
        1.515748 2.933071 0.039370,
        1.397638 2.933071 0.039370,
        1.515748 2.928691 0.039864,
        1.397638 2.928691 0.039864,
        1.515748 2.924530 0.041320,
        1.397638 2.924530 0.041320,
        1.515748 2.920797 0.043665,
        1.397638 2.920797 0.043665,
        1.515748 2.917681 0.046782,
        1.397638 2.917681 0.046782,
        1.515748 2.915335 0.050514,
        1.397638 2.915335 0.050514,
        1.515748 2.913880 0.054675,
        1.397638 2.913880 0.054675,
        1.515748 2.913386 0.059055,
        1.397638 2.913386 0.059055,
        1.515748 2.913386 0.433071,
        1.397638 2.913386 0.433071,
        1.397638 2.911412 0.450592,
        1.515748 2.911412 0.450592,
        1.397638 2.905588 0.467235,
        1.515748 2.905588 0.467235,
        1.397638 2.896207 0.482165,
        1.515748 2.896207 0.482165,
        1.397638 2.883739 0.494632,
        1.515748 2.883739 0.494632,
        1.397638 2.868810 0.504013,
        1.515748 2.868810 0.504013,
        1.397638 2.852167 0.509837,
        1.515748 2.852167 0.509837,
        1.397638 2.834646 0.511811,
        1.515748 2.834646 0.511811,
        1.515748 2.834646 0.452756,
        1.397638 2.834646 0.452756,
        1.515748 2.839026 0.452262,
        1.397638 2.839026 0.452262,
        1.515748 2.843187 0.450806,
        1.397638 2.843187 0.450806,
        1.515748 2.846919 0.448461,
        1.397638 2.846919 0.448461,
        1.515748 2.850036 0.445344,
        1.397638 2.850036 0.445344,
        1.515748 2.852381 0.441612,
        1.397638 2.852381 0.441612,
        1.515748 2.853837 0.437451,
        1.397638 2.853837 0.437451,
        1.515748 2.854331 0.433071,
        1.397638 2.854331 0.433071,
        1.515748 2.854331 0.059055,
        1.397638 2.854331 0.059055,
        1.397638 2.856305 0.041534,
        1.515748 2.856305 0.041534,
        1.397638 2.862128 0.024891,
        1.515748 2.862128 0.024891,
        1.397638 2.871509 0.009961,
        1.515748 2.871509 0.009961,
        1.397638 2.883977 -0.002506,
        1.515748 2.883977 -0.002506,
        1.397638 2.898907 -0.011887,
        1.515748 2.898907 -0.011887,
        1.397638 2.915550 -0.017711,
        1.515748 2.915550 -0.017711,
        1.082677 3.149606 -0.019685,
        1.082677 2.933071 -0.019685,
        0.964567 3.149606 -0.019685,
        0.964567 2.933071 -0.019685,
        1.082677 3.149606 0.039370,
        0.964567 3.149606 0.039370,
        1.082677 2.933071 0.039370,
        0.964567 2.933071 0.039370,
        1.082677 2.928691 0.039864,
        0.964567 2.928691 0.039864,
        1.082677 2.924530 0.041320,
        0.964567 2.924530 0.041320,
        1.082677 2.920797 0.043665,
        0.964567 2.920797 0.043665,
        1.082677 2.917681 0.046782,
        0.964567 2.917681 0.046782,
        1.082677 2.915335 0.050514,
        0.964567 2.915335 0.050514,
        1.082677 2.913880 0.054675,
        0.964567 2.913880 0.054675,
        1.082677 2.913386 0.059055,
        0.964567 2.913386 0.059055,
        1.082677 2.913386 0.433071,
        0.964567 2.913386 0.433071,
        0.964567 2.911412 0.450592,
        1.082677 2.911412 0.450592,
        0.964567 2.905588 0.467235,
        1.082677 2.905588 0.467235,
        0.964567 2.896207 0.482165,
        1.082677 2.896207 0.482165,
        0.964567 2.883739 0.494632,
        1.082677 2.883739 0.494632,
        0.964567 2.868810 0.504013,
        1.082677 2.868810 0.504013,
        0.964567 2.852167 0.509837,
        1.082677 2.852167 0.509837,
        0.964567 2.834646 0.511811,
        1.082677 2.834646 0.511811,
        1.082677 2.834646 0.452756,
        0.964567 2.834646 0.452756,
        1.082677 2.839026 0.452262,
        0.964567 2.839026 0.452262,
        1.082677 2.843187 0.450806,
        0.964567 2.843187 0.450806,
        1.082677 2.846919 0.448461,
        0.964567 2.846919 0.448461,
        1.082677 2.850036 0.445344,
        0.964567 2.850036 0.445344,
        1.082677 2.852381 0.441612,
        0.964567 2.852381 0.441612,
        1.082677 2.853837 0.437451,
        0.964567 2.853837 0.437451,
        1.082677 2.854331 0.433071,
        0.964567 2.854331 0.433071,
        1.082677 2.854331 0.059055,
        0.964567 2.854331 0.059055,
        0.964567 2.856305 0.041534,
        1.082677 2.856305 0.041534,
        0.964567 2.862128 0.024891,
        1.082677 2.862128 0.024891,
        0.964567 2.871509 0.009961,
        1.082677 2.871509 0.009961,
        0.964567 2.883977 -0.002506,
        1.082677 2.883977 -0.002506,
        0.964567 2.898907 -0.011887,
        1.082677 2.898907 -0.011887,
        0.964567 2.915550 -0.017711,
        1.082677 2.915550 -0.017711,
        0.649606 3.149606 -0.019685,
        0.649606 2.933071 -0.019685,
        0.531496 3.149606 -0.019685,
        0.531496 2.933071 -0.019685,
        0.649606 3.149606 0.039370,
        0.531496 3.149606 0.039370,
        0.649606 2.933071 0.039370,
        0.531496 2.933071 0.039370,
        0.649606 2.928691 0.039864,
        0.531496 2.928691 0.039864,
        0.649606 2.924530 0.041320,
        0.531496 2.924530 0.041320,
        0.649606 2.920797 0.043665,
        0.531496 2.920797 0.043665,
        0.649606 2.917681 0.046782,
        0.531496 2.917681 0.046782,
        0.649606 2.915335 0.050514,
        0.531496 2.915335 0.050514,
        0.649606 2.913880 0.054675,
        0.531496 2.913880 0.054675,
        0.649606 2.913386 0.059055,
        0.531496 2.913386 0.059055,
        0.649606 2.913386 0.433071,
        0.531496 2.913386 0.433071,
        0.531496 2.911412 0.450592,
        0.649606 2.911412 0.450592,
        0.531496 2.905588 0.467235,
        0.649606 2.905588 0.467235,
        0.531496 2.896207 0.482165,
        0.649606 2.896207 0.482165,
        0.531496 2.883739 0.494632,
        0.649606 2.883739 0.494632,
        0.531496 2.868810 0.504013,
        0.649606 2.868810 0.504013,
        0.531496 2.852167 0.509837,
        0.649606 2.852167 0.509837,
        0.531496 2.834646 0.511811,
        0.649606 2.834646 0.511811,
        0.649606 2.834646 0.452756,
        0.531496 2.834646 0.452756,
        0.649606 2.839026 0.452262,
        0.531496 2.839026 0.452262,
        0.649606 2.843187 0.450806,
        0.531496 2.843187 0.450806,
        0.649606 2.846919 0.448461,
        0.531496 2.846919 0.448461,
        0.649606 2.850036 0.445344,
        0.531496 2.850036 0.445344,
        0.649606 2.852381 0.441612,
        0.531496 2.852381 0.441612,
        0.649606 2.853837 0.437451,
        0.531496 2.853837 0.437451,
        0.649606 2.854331 0.433071,
        0.531496 2.854331 0.433071,
        0.649606 2.854331 0.059055,
        0.531496 2.854331 0.059055,
        0.531496 2.856305 0.041534,
        0.649606 2.856305 0.041534,
        0.531496 2.862128 0.024891,
        0.649606 2.862128 0.024891,
        0.531496 2.871509 0.009961,
        0.649606 2.871509 0.009961,
        0.531496 2.883977 -0.002506,
        0.649606 2.883977 -0.002506,
        0.531496 2.898907 -0.011887,
        0.649606 2.898907 -0.011887,
        0.531496 2.915550 -0.017711,
        0.649606 2.915550 -0.017711,
        0.216535 3.149606 -0.019685,
        0.216535 2.933071 -0.019685,
        0.098425 3.149606 -0.019685,
        0.098425 2.933071 -0.019685,
        0.216535 3.149606 0.039370,
        0.098425 3.149606 0.039370,
        0.216535 2.933071 0.039370,
        0.098425 2.933071 0.039370,
        0.216535 2.928691 0.039864,
        0.098425 2.928691 0.039864,
        0.216535 2.924530 0.041320,
        0.098425 2.924530 0.041320,
        0.216535 2.920797 0.043665,
        0.098425 2.920797 0.043665,
        0.216535 2.917681 0.046782,
        0.098425 2.917681 0.046782,
        0.216535 2.915335 0.050514,
        0.098425 2.915335 0.050514,
        0.216535 2.913880 0.054675,
        0.098425 2.913880 0.054675,
        0.216535 2.913386 0.059055,
        0.098425 2.913386 0.059055,
        0.216535 2.913386 0.433071,
        0.098425 2.913386 0.433071,
        0.098425 2.911412 0.450592,
        0.216535 2.911412 0.450592,
        0.098425 2.905588 0.467235,
        0.216535 2.905588 0.467235,
        0.098425 2.896207 0.482165,
        0.216535 2.896207 0.482165,
        0.098425 2.883739 0.494632,
        0.216535 2.883739 0.494632,
        0.098425 2.868810 0.504013,
        0.216535 2.868810 0.504013,
        0.098425 2.852167 0.509837,
        0.216535 2.852167 0.509837,
        0.098425 2.834646 0.511811,
        0.216535 2.834646 0.511811,
        0.216535 2.834646 0.452756,
        0.098425 2.834646 0.452756,
        0.216535 2.839026 0.452262,
        0.098425 2.839026 0.452262,
        0.216535 2.843187 0.450806,
        0.098425 2.843187 0.450806,
        0.216535 2.846919 0.448461,
        0.098425 2.846919 0.448461,
        0.216535 2.850036 0.445344,
        0.098425 2.850036 0.445344,
        0.216535 2.852381 0.441612,
        0.098425 2.852381 0.441612,
        0.216535 2.853837 0.437451,
        0.098425 2.853837 0.437451,
        0.216535 2.854331 0.433071,
        0.098425 2.854331 0.433071,
        0.216535 2.854331 0.059055,
        0.098425 2.854331 0.059055,
        0.098425 2.856305 0.041534,
        0.216535 2.856305 0.041534,
        0.098425 2.862128 0.024891,
        0.216535 2.862128 0.024891,
        0.098425 2.871509 0.009961,
        0.216535 2.871509 0.009961,
        0.098425 2.883977 -0.002506,
        0.216535 2.883977 -0.002506,
        0.098425 2.898907 -0.011887,
        0.216535 2.898907 -0.011887,
        0.098425 2.915550 -0.017711,
        0.216535 2.915550 -0.017711,
        -0.216535 3.149606 -0.019685,
        -0.216535 2.933071 -0.019685,
        -0.334646 3.149606 -0.019685,
        -0.334646 2.933071 -0.019685,
        -0.216535 3.149606 0.039370,
        -0.334646 3.149606 0.039370,
        -0.216535 2.933071 0.039370,
        -0.334646 2.933071 0.039370,
        -0.216535 2.928691 0.039864,
        -0.334646 2.928691 0.039864,
        -0.216535 2.924530 0.041320,
        -0.334646 2.924530 0.041320,
        -0.216535 2.920797 0.043665,
        -0.334646 2.920797 0.043665,
        -0.216535 2.917681 0.046782,
        -0.334646 2.917681 0.046782,
        -0.216535 2.915335 0.050514,
        -0.334646 2.915335 0.050514,
        -0.216535 2.913880 0.054675,
        -0.334646 2.913880 0.054675,
        -0.216535 2.913386 0.059055,
        -0.334646 2.913386 0.059055,
        -0.216535 2.913386 0.433071,
        -0.334646 2.913386 0.433071,
        -0.334646 2.911412 0.450592,
        -0.216535 2.911412 0.450592,
        -0.334646 2.905588 0.467235,
        -0.216535 2.905588 0.467235,
        -0.334646 2.896207 0.482165,
        -0.216535 2.896207 0.482165,
        -0.334646 2.883739 0.494632,
        -0.216535 2.883739 0.494632,
        -0.334646 2.868810 0.504013,
        -0.216535 2.868810 0.504013,
        -0.334646 2.852167 0.509837,
        -0.216535 2.852167 0.509837,
        -0.334646 2.834646 0.511811,
        -0.216535 2.834646 0.511811,
        -0.216535 2.834646 0.452756,
        -0.334646 2.834646 0.452756,
        -0.216535 2.839026 0.452262,
        -0.334646 2.839026 0.452262,
        -0.216535 2.843187 0.450806,
        -0.334646 2.843187 0.450806,
        -0.216535 2.846919 0.448461,
        -0.334646 2.846919 0.448461,
        -0.216535 2.850036 0.445344,
        -0.334646 2.850036 0.445344,
        -0.216535 2.852381 0.441612,
        -0.334646 2.852381 0.441612,
        -0.216535 2.853837 0.437451,
        -0.334646 2.853837 0.437451,
        -0.216535 2.854331 0.433071,
        -0.334646 2.854331 0.433071,
        -0.216535 2.854331 0.059055,
        -0.334646 2.854331 0.059055,
        -0.334646 2.856305 0.041534,
        -0.216535 2.856305 0.041534,
        -0.334646 2.862128 0.024891,
        -0.216535 2.862128 0.024891,
        -0.334646 2.871509 0.009961,
        -0.216535 2.871509 0.009961,
        -0.334646 2.883977 -0.002506,
        -0.216535 2.883977 -0.002506,
        -0.334646 2.898907 -0.011887,
        -0.216535 2.898907 -0.011887,
        -0.334646 2.915550 -0.017711,
        -0.216535 2.915550 -0.017711,
        -0.649606 3.149606 -0.019685,
        -0.649606 2.933071 -0.019685,
        -0.767717 3.149606 -0.019685,
        -0.767717 2.933071 -0.019685,
        -0.649606 3.149606 0.039370,
        -0.767717 3.149606 0.039370,
        -0.649606 2.933071 0.039370,
        -0.767717 2.933071 0.039370,
        -0.649606 2.928691 0.039864,
        -0.767717 2.928691 0.039864,
        -0.649606 2.924530 0.041320,
        -0.767717 2.924530 0.041320,
        -0.649606 2.920797 0.043665,
        -0.767717 2.920797 0.043665,
        -0.649606 2.917681 0.046782,
        -0.767717 2.917681 0.046782,
        -0.649606 2.915335 0.050514,
        -0.767717 2.915335 0.050514,
        -0.649606 2.913880 0.054675,
        -0.767717 2.913880 0.054675,
        -0.649606 2.913386 0.059055,
        -0.767717 2.913386 0.059055,
        -0.649606 2.913386 0.433071,
        -0.767717 2.913386 0.433071,
        -0.767717 2.911412 0.450592,
        -0.649606 2.911412 0.450592,
        -0.767717 2.905588 0.467235,
        -0.649606 2.905588 0.467235,
        -0.767717 2.896207 0.482165,
        -0.649606 2.896207 0.482165,
        -0.767717 2.883739 0.494632,
        -0.649606 2.883739 0.494632,
        -0.767717 2.868810 0.504013,
        -0.649606 2.868810 0.504013,
        -0.767717 2.852167 0.509837,
        -0.649606 2.852167 0.509837,
        -0.767717 2.834646 0.511811,
        -0.649606 2.834646 0.511811,
        -0.649606 2.834646 0.452756,
        -0.767717 2.834646 0.452756,
        -0.649606 2.839026 0.452262,
        -0.767717 2.839026 0.452262,
        -0.649606 2.843187 0.450806,
        -0.767717 2.843187 0.450806,
        -0.649606 2.846919 0.448461,
        -0.767717 2.846919 0.448461,
        -0.649606 2.850036 0.445344,
        -0.767717 2.850036 0.445344,
        -0.649606 2.852381 0.441612,
        -0.767717 2.852381 0.441612,
        -0.649606 2.853837 0.437451,
        -0.767717 2.853837 0.437451,
        -0.649606 2.854331 0.433071,
        -0.767717 2.854331 0.433071,
        -0.649606 2.854331 0.059055,
        -0.767717 2.854331 0.059055,
        -0.767717 2.856305 0.041534,
        -0.649606 2.856305 0.041534,
        -0.767717 2.862128 0.024891,
        -0.649606 2.862128 0.024891,
        -0.767717 2.871509 0.009961,
        -0.649606 2.871509 0.009961,
        -0.767717 2.883977 -0.002506,
        -0.649606 2.883977 -0.002506,
        -0.767717 2.898907 -0.011887,
        -0.649606 2.898907 -0.011887,
        -0.767717 2.915550 -0.017711,
        -0.649606 2.915550 -0.017711,
        -1.082677 3.149606 -0.019685,
        -1.082677 2.933071 -0.019685,
        -1.200787 3.149606 -0.019685,
        -1.200787 2.933071 -0.019685,
        -1.082677 3.149606 0.039370,
        -1.200787 3.149606 0.039370,
        -1.082677 2.933071 0.039370,
        -1.200787 2.933071 0.039370,
        -1.082677 2.928691 0.039864,
        -1.200787 2.928691 0.039864,
        -1.082677 2.924530 0.041320,
        -1.200787 2.924530 0.041320,
        -1.082677 2.920797 0.043665,
        -1.200787 2.920797 0.043665,
        -1.082677 2.917681 0.046782,
        -1.200787 2.917681 0.046782,
        -1.082677 2.915335 0.050514,
        -1.200787 2.915335 0.050514,
        -1.082677 2.913880 0.054675,
        -1.200787 2.913880 0.054675,
        -1.082677 2.913386 0.059055,
        -1.200787 2.913386 0.059055,
        -1.082677 2.913386 0.433071,
        -1.200787 2.913386 0.433071,
        -1.200787 2.911412 0.450592,
        -1.082677 2.911412 0.450592,
        -1.200787 2.905588 0.467235,
        -1.082677 2.905588 0.467235,
        -1.200787 2.896207 0.482165,
        -1.082677 2.896207 0.482165,
        -1.200787 2.883739 0.494632,
        -1.082677 2.883739 0.494632,
        -1.200787 2.868810 0.504013,
        -1.082677 2.868810 0.504013,
        -1.200787 2.852167 0.509837,
        -1.082677 2.852167 0.509837,
        -1.200787 2.834646 0.511811,
        -1.082677 2.834646 0.511811,
        -1.082677 2.834646 0.452756,
        -1.200787 2.834646 0.452756,
        -1.082677 2.839026 0.452262,
        -1.200787 2.839026 0.452262,
        -1.082677 2.843187 0.450806,
        -1.200787 2.843187 0.450806,
        -1.082677 2.846919 0.448461,
        -1.200787 2.846919 0.448461,
        -1.082677 2.850036 0.445344,
        -1.200787 2.850036 0.445344,
        -1.082677 2.852381 0.441612,
        -1.200787 2.852381 0.441612,
        -1.082677 2.853837 0.437451,
        -1.200787 2.853837 0.437451,
        -1.082677 2.854331 0.433071,
        -1.200787 2.854331 0.433071,
        -1.082677 2.854331 0.059055,
        -1.200787 2.854331 0.059055,
        -1.200787 2.856305 0.041534,
        -1.082677 2.856305 0.041534,
        -1.200787 2.862128 0.024891,
        -1.082677 2.862128 0.024891,
        -1.200787 2.871509 0.009961,
        -1.082677 2.871509 0.009961,
        -1.200787 2.883977 -0.002506,
        -1.082677 2.883977 -0.002506,
        -1.200787 2.898907 -0.011887,
        -1.082677 2.898907 -0.011887,
        -1.200787 2.915550 -0.017711,
        -1.082677 2.915550 -0.017711,
      ]
    }
    coordIndex [
      32, 33, 34, -1,
      34, 33, 35, -1,
      36, 32, 37, -1,
      37, 32, 34, -1,
      38, 36, 39, -1,
      39, 36, 37, -1,
      38, 39, 40, -1,
      40, 39, 41, -1,
      40, 41, 42, -1,
      42, 41, 43, -1,
      42, 43, 44, -1,
      44, 43, 45, -1,
      44, 45, 46, -1,
      46, 45, 47, -1,
      46, 47, 48, -1,
      48, 47, 49, -1,
      48, 49, 50, -1,
      50, 49, 51, -1,
      50, 51, 52, -1,
      52, 51, 53, -1,
      54, 52, 55, -1,
      55, 52, 53, -1,
      54, 55, 56, -1,
      54, 56, 57, -1,
      57, 56, 58, -1,
      57, 58, 59, -1,
      59, 58, 60, -1,
      59, 60, 61, -1,
      61, 60, 62, -1,
      61, 62, 63, -1,
      63, 62, 64, -1,
      63, 64, 65, -1,
      65, 64, 66, -1,
      65, 66, 67, -1,
      67, 66, 68, -1,
      67, 68, 69, -1,
      31, 69, 30, -1,
      30, 69, 68, -1,
      70, 28, 71, -1,
      71, 28, 29, -1,
      70, 71, 72, -1,
      72, 71, 73, -1,
      72, 73, 74, -1,
      74, 73, 75, -1,
      74, 75, 76, -1,
      76, 75, 77, -1,
      76, 77, 78, -1,
      78, 77, 79, -1,
      78, 79, 80, -1,
      80, 79, 81, -1,
      80, 81, 82, -1,
      82, 81, 83, -1,
      82, 83, 84, -1,
      84, 83, 85, -1,
      86, 84, 87, -1,
      87, 84, 85, -1,
      86, 87, 88, -1,
      86, 88, 89, -1,
      89, 88, 90, -1,
      89, 90, 91, -1,
      91, 90, 92, -1,
      91, 92, 93, -1,
      93, 92, 94, -1,
      93, 94, 95, -1,
      95, 94, 96, -1,
      95, 96, 97, -1,
      97, 96, 98, -1,
      97, 98, 99, -1,
      99, 98, 35, -1,
      99, 35, 33, -1,
      32, 36, 33, -1,
      33, 36, 38, -1,
      33, 38, 99, -1,
      99, 38, 40, -1,
      99, 40, 97, -1,
      97, 40, 42, -1,
      97, 42, 95, -1,
      95, 42, 44, -1,
      95, 44, 93, -1,
      93, 44, 46, -1,
      93, 46, 91, -1,
      91, 46, 48, -1,
      91, 48, 89, -1,
      89, 48, 50, -1,
      89, 50, 86, -1,
      86, 50, 52, -1,
      86, 52, 84, -1,
      84, 52, 54, -1,
      84, 54, 82, -1,
      82, 54, 57, -1,
      82, 57, 80, -1,
      80, 57, 59, -1,
      80, 59, 78, -1,
      78, 59, 61, -1,
      78, 61, 76, -1,
      76, 61, 63, -1,
      76, 63, 74, -1,
      74, 63, 65, -1,
      74, 65, 72, -1,
      72, 65, 67, -1,
      72, 67, 70, -1,
      70, 67, 69, -1,
      70, 69, 28, -1,
      28, 69, 31, -1,
      37, 34, 39, -1,
      39, 34, 35, -1,
      39, 35, 41, -1,
      41, 35, 98, -1,
      41, 98, 43, -1,
      43, 98, 96, -1,
      43, 96, 45, -1,
      45, 96, 94, -1,
      45, 94, 47, -1,
      47, 94, 92, -1,
      47, 92, 49, -1,
      49, 92, 90, -1,
      49, 90, 51, -1,
      51, 90, 88, -1,
      51, 88, 53, -1,
      53, 88, 87, -1,
      53, 87, 55, -1,
      55, 87, 85, -1,
      55, 85, 56, -1,
      56, 85, 83, -1,
      56, 83, 58, -1,
      58, 83, 81, -1,
      58, 81, 60, -1,
      60, 81, 79, -1,
      60, 79, 62, -1,
      62, 79, 77, -1,
      62, 77, 64, -1,
      64, 77, 75, -1,
      64, 75, 66, -1,
      66, 75, 73, -1,
      66, 73, 68, -1,
      68, 73, 71, -1,
      68, 71, 30, -1,
      30, 71, 29, -1,
      100, 101, 102, -1,
      102, 101, 103, -1,
      104, 100, 105, -1,
      105, 100, 102, -1,
      106, 104, 107, -1,
      107, 104, 105, -1,
      106, 107, 108, -1,
      108, 107, 109, -1,
      108, 109, 110, -1,
      110, 109, 111, -1,
      110, 111, 112, -1,
      112, 111, 113, -1,
      112, 113, 114, -1,
      114, 113, 115, -1,
      114, 115, 116, -1,
      116, 115, 117, -1,
      116, 117, 118, -1,
      118, 117, 119, -1,
      118, 119, 120, -1,
      120, 119, 121, -1,
      122, 120, 123, -1,
      123, 120, 121, -1,
      122, 123, 124, -1,
      122, 124, 125, -1,
      125, 124, 126, -1,
      125, 126, 127, -1,
      127, 126, 128, -1,
      127, 128, 129, -1,
      129, 128, 130, -1,
      129, 130, 131, -1,
      131, 130, 132, -1,
      131, 132, 133, -1,
      133, 132, 134, -1,
      133, 134, 135, -1,
      135, 134, 136, -1,
      135, 136, 137, -1,
      27, 137, 26, -1,
      26, 137, 136, -1,
      138, 24, 139, -1,
      139, 24, 25, -1,
      138, 139, 140, -1,
      140, 139, 141, -1,
      140, 141, 142, -1,
      142, 141, 143, -1,
      142, 143, 144, -1,
      144, 143, 145, -1,
      144, 145, 146, -1,
      146, 145, 147, -1,
      146, 147, 148, -1,
      148, 147, 149, -1,
      148, 149, 150, -1,
      150, 149, 151, -1,
      150, 151, 152, -1,
      152, 151, 153, -1,
      154, 152, 155, -1,
      155, 152, 153, -1,
      154, 155, 156, -1,
      154, 156, 157, -1,
      157, 156, 158, -1,
      157, 158, 159, -1,
      159, 158, 160, -1,
      159, 160, 161, -1,
      161, 160, 162, -1,
      161, 162, 163, -1,
      163, 162, 164, -1,
      163, 164, 165, -1,
      165, 164, 166, -1,
      165, 166, 167, -1,
      167, 166, 103, -1,
      167, 103, 101, -1,
      100, 104, 101, -1,
      101, 104, 106, -1,
      101, 106, 167, -1,
      167, 106, 108, -1,
      167, 108, 165, -1,
      165, 108, 110, -1,
      165, 110, 163, -1,
      163, 110, 112, -1,
      163, 112, 161, -1,
      161, 112, 114, -1,
      161, 114, 159, -1,
      159, 114, 116, -1,
      159, 116, 157, -1,
      157, 116, 118, -1,
      157, 118, 154, -1,
      154, 118, 120, -1,
      154, 120, 152, -1,
      152, 120, 122, -1,
      152, 122, 150, -1,
      150, 122, 125, -1,
      150, 125, 148, -1,
      148, 125, 127, -1,
      148, 127, 146, -1,
      146, 127, 129, -1,
      146, 129, 144, -1,
      144, 129, 131, -1,
      144, 131, 142, -1,
      142, 131, 133, -1,
      142, 133, 140, -1,
      140, 133, 135, -1,
      140, 135, 138, -1,
      138, 135, 137, -1,
      138, 137, 24, -1,
      24, 137, 27, -1,
      105, 102, 107, -1,
      107, 102, 103, -1,
      107, 103, 109, -1,
      109, 103, 166, -1,
      109, 166, 111, -1,
      111, 166, 164, -1,
      111, 164, 113, -1,
      113, 164, 162, -1,
      113, 162, 115, -1,
      115, 162, 160, -1,
      115, 160, 117, -1,
      117, 160, 158, -1,
      117, 158, 119, -1,
      119, 158, 156, -1,
      119, 156, 121, -1,
      121, 156, 155, -1,
      121, 155, 123, -1,
      123, 155, 153, -1,
      123, 153, 124, -1,
      124, 153, 151, -1,
      124, 151, 126, -1,
      126, 151, 149, -1,
      126, 149, 128, -1,
      128, 149, 147, -1,
      128, 147, 130, -1,
      130, 147, 145, -1,
      130, 145, 132, -1,
      132, 145, 143, -1,
      132, 143, 134, -1,
      134, 143, 141, -1,
      134, 141, 136, -1,
      136, 141, 139, -1,
      136, 139, 26, -1,
      26, 139, 25, -1,
      168, 169, 170, -1,
      170, 169, 171, -1,
      172, 168, 173, -1,
      173, 168, 170, -1,
      174, 172, 175, -1,
      175, 172, 173, -1,
      174, 175, 176, -1,
      176, 175, 177, -1,
      176, 177, 178, -1,
      178, 177, 179, -1,
      178, 179, 180, -1,
      180, 179, 181, -1,
      180, 181, 182, -1,
      182, 181, 183, -1,
      182, 183, 184, -1,
      184, 183, 185, -1,
      184, 185, 186, -1,
      186, 185, 187, -1,
      186, 187, 188, -1,
      188, 187, 189, -1,
      190, 188, 191, -1,
      191, 188, 189, -1,
      190, 191, 192, -1,
      190, 192, 193, -1,
      193, 192, 194, -1,
      193, 194, 195, -1,
      195, 194, 196, -1,
      195, 196, 197, -1,
      197, 196, 198, -1,
      197, 198, 199, -1,
      199, 198, 200, -1,
      199, 200, 201, -1,
      201, 200, 202, -1,
      201, 202, 203, -1,
      203, 202, 204, -1,
      203, 204, 205, -1,
      23, 205, 22, -1,
      22, 205, 204, -1,
      206, 20, 207, -1,
      207, 20, 21, -1,
      206, 207, 208, -1,
      208, 207, 209, -1,
      208, 209, 210, -1,
      210, 209, 211, -1,
      210, 211, 212, -1,
      212, 211, 213, -1,
      212, 213, 214, -1,
      214, 213, 215, -1,
      214, 215, 216, -1,
      216, 215, 217, -1,
      216, 217, 218, -1,
      218, 217, 219, -1,
      218, 219, 220, -1,
      220, 219, 221, -1,
      222, 220, 223, -1,
      223, 220, 221, -1,
      222, 223, 224, -1,
      222, 224, 225, -1,
      225, 224, 226, -1,
      225, 226, 227, -1,
      227, 226, 228, -1,
      227, 228, 229, -1,
      229, 228, 230, -1,
      229, 230, 231, -1,
      231, 230, 232, -1,
      231, 232, 233, -1,
      233, 232, 234, -1,
      233, 234, 235, -1,
      235, 234, 171, -1,
      235, 171, 169, -1,
      168, 172, 169, -1,
      169, 172, 174, -1,
      169, 174, 235, -1,
      235, 174, 176, -1,
      235, 176, 233, -1,
      233, 176, 178, -1,
      233, 178, 231, -1,
      231, 178, 180, -1,
      231, 180, 229, -1,
      229, 180, 182, -1,
      229, 182, 227, -1,
      227, 182, 184, -1,
      227, 184, 225, -1,
      225, 184, 186, -1,
      225, 186, 222, -1,
      222, 186, 188, -1,
      222, 188, 220, -1,
      220, 188, 190, -1,
      220, 190, 218, -1,
      218, 190, 193, -1,
      218, 193, 216, -1,
      216, 193, 195, -1,
      216, 195, 214, -1,
      214, 195, 197, -1,
      214, 197, 212, -1,
      212, 197, 199, -1,
      212, 199, 210, -1,
      210, 199, 201, -1,
      210, 201, 208, -1,
      208, 201, 203, -1,
      208, 203, 206, -1,
      206, 203, 205, -1,
      206, 205, 20, -1,
      20, 205, 23, -1,
      173, 170, 175, -1,
      175, 170, 171, -1,
      175, 171, 177, -1,
      177, 171, 234, -1,
      177, 234, 179, -1,
      179, 234, 232, -1,
      179, 232, 181, -1,
      181, 232, 230, -1,
      181, 230, 183, -1,
      183, 230, 228, -1,
      183, 228, 185, -1,
      185, 228, 226, -1,
      185, 226, 187, -1,
      187, 226, 224, -1,
      187, 224, 189, -1,
      189, 224, 223, -1,
      189, 223, 191, -1,
      191, 223, 221, -1,
      191, 221, 192, -1,
      192, 221, 219, -1,
      192, 219, 194, -1,
      194, 219, 217, -1,
      194, 217, 196, -1,
      196, 217, 215, -1,
      196, 215, 198, -1,
      198, 215, 213, -1,
      198, 213, 200, -1,
      200, 213, 211, -1,
      200, 211, 202, -1,
      202, 211, 209, -1,
      202, 209, 204, -1,
      204, 209, 207, -1,
      204, 207, 22, -1,
      22, 207, 21, -1,
      236, 237, 238, -1,
      238, 237, 239, -1,
      240, 236, 241, -1,
      241, 236, 238, -1,
      242, 240, 243, -1,
      243, 240, 241, -1,
      242, 243, 244, -1,
      244, 243, 245, -1,
      244, 245, 246, -1,
      246, 245, 247, -1,
      246, 247, 248, -1,
      248, 247, 249, -1,
      248, 249, 250, -1,
      250, 249, 251, -1,
      250, 251, 252, -1,
      252, 251, 253, -1,
      252, 253, 254, -1,
      254, 253, 255, -1,
      254, 255, 256, -1,
      256, 255, 257, -1,
      258, 256, 259, -1,
      259, 256, 257, -1,
      258, 259, 260, -1,
      258, 260, 261, -1,
      261, 260, 262, -1,
      261, 262, 263, -1,
      263, 262, 264, -1,
      263, 264, 265, -1,
      265, 264, 266, -1,
      265, 266, 267, -1,
      267, 266, 268, -1,
      267, 268, 269, -1,
      269, 268, 270, -1,
      269, 270, 271, -1,
      271, 270, 272, -1,
      271, 272, 273, -1,
      19, 273, 18, -1,
      18, 273, 272, -1,
      274, 16, 275, -1,
      275, 16, 17, -1,
      274, 275, 276, -1,
      276, 275, 277, -1,
      276, 277, 278, -1,
      278, 277, 279, -1,
      278, 279, 280, -1,
      280, 279, 281, -1,
      280, 281, 282, -1,
      282, 281, 283, -1,
      282, 283, 284, -1,
      284, 283, 285, -1,
      284, 285, 286, -1,
      286, 285, 287, -1,
      286, 287, 288, -1,
      288, 287, 289, -1,
      290, 288, 291, -1,
      291, 288, 289, -1,
      290, 291, 292, -1,
      290, 292, 293, -1,
      293, 292, 294, -1,
      293, 294, 295, -1,
      295, 294, 296, -1,
      295, 296, 297, -1,
      297, 296, 298, -1,
      297, 298, 299, -1,
      299, 298, 300, -1,
      299, 300, 301, -1,
      301, 300, 302, -1,
      301, 302, 303, -1,
      303, 302, 239, -1,
      303, 239, 237, -1,
      236, 240, 237, -1,
      237, 240, 242, -1,
      237, 242, 303, -1,
      303, 242, 244, -1,
      303, 244, 301, -1,
      301, 244, 246, -1,
      301, 246, 299, -1,
      299, 246, 248, -1,
      299, 248, 297, -1,
      297, 248, 250, -1,
      297, 250, 295, -1,
      295, 250, 252, -1,
      295, 252, 293, -1,
      293, 252, 254, -1,
      293, 254, 290, -1,
      290, 254, 256, -1,
      290, 256, 288, -1,
      288, 256, 258, -1,
      288, 258, 286, -1,
      286, 258, 261, -1,
      286, 261, 284, -1,
      284, 261, 263, -1,
      284, 263, 282, -1,
      282, 263, 265, -1,
      282, 265, 280, -1,
      280, 265, 267, -1,
      280, 267, 278, -1,
      278, 267, 269, -1,
      278, 269, 276, -1,
      276, 269, 271, -1,
      276, 271, 274, -1,
      274, 271, 273, -1,
      274, 273, 16, -1,
      16, 273, 19, -1,
      241, 238, 243, -1,
      243, 238, 239, -1,
      243, 239, 245, -1,
      245, 239, 302, -1,
      245, 302, 247, -1,
      247, 302, 300, -1,
      247, 300, 249, -1,
      249, 300, 298, -1,
      249, 298, 251, -1,
      251, 298, 296, -1,
      251, 296, 253, -1,
      253, 296, 294, -1,
      253, 294, 255, -1,
      255, 294, 292, -1,
      255, 292, 257, -1,
      257, 292, 291, -1,
      257, 291, 259, -1,
      259, 291, 289, -1,
      259, 289, 260, -1,
      260, 289, 287, -1,
      260, 287, 262, -1,
      262, 287, 285, -1,
      262, 285, 264, -1,
      264, 285, 283, -1,
      264, 283, 266, -1,
      266, 283, 281, -1,
      266, 281, 268, -1,
      268, 281, 279, -1,
      268, 279, 270, -1,
      270, 279, 277, -1,
      270, 277, 272, -1,
      272, 277, 275, -1,
      272, 275, 18, -1,
      18, 275, 17, -1,
      304, 305, 306, -1,
      306, 305, 307, -1,
      308, 304, 309, -1,
      309, 304, 306, -1,
      310, 308, 311, -1,
      311, 308, 309, -1,
      310, 311, 312, -1,
      312, 311, 313, -1,
      312, 313, 314, -1,
      314, 313, 315, -1,
      314, 315, 316, -1,
      316, 315, 317, -1,
      316, 317, 318, -1,
      318, 317, 319, -1,
      318, 319, 320, -1,
      320, 319, 321, -1,
      320, 321, 322, -1,
      322, 321, 323, -1,
      322, 323, 324, -1,
      324, 323, 325, -1,
      326, 324, 327, -1,
      327, 324, 325, -1,
      326, 327, 328, -1,
      326, 328, 329, -1,
      329, 328, 330, -1,
      329, 330, 331, -1,
      331, 330, 332, -1,
      331, 332, 333, -1,
      333, 332, 334, -1,
      333, 334, 335, -1,
      335, 334, 336, -1,
      335, 336, 337, -1,
      337, 336, 338, -1,
      337, 338, 339, -1,
      339, 338, 340, -1,
      339, 340, 341, -1,
      15, 341, 14, -1,
      14, 341, 340, -1,
      342, 12, 343, -1,
      343, 12, 13, -1,
      342, 343, 344, -1,
      344, 343, 345, -1,
      344, 345, 346, -1,
      346, 345, 347, -1,
      346, 347, 348, -1,
      348, 347, 349, -1,
      348, 349, 350, -1,
      350, 349, 351, -1,
      350, 351, 352, -1,
      352, 351, 353, -1,
      352, 353, 354, -1,
      354, 353, 355, -1,
      354, 355, 356, -1,
      356, 355, 357, -1,
      358, 356, 359, -1,
      359, 356, 357, -1,
      358, 359, 360, -1,
      358, 360, 361, -1,
      361, 360, 362, -1,
      361, 362, 363, -1,
      363, 362, 364, -1,
      363, 364, 365, -1,
      365, 364, 366, -1,
      365, 366, 367, -1,
      367, 366, 368, -1,
      367, 368, 369, -1,
      369, 368, 370, -1,
      369, 370, 371, -1,
      371, 370, 307, -1,
      371, 307, 305, -1,
      304, 308, 305, -1,
      305, 308, 310, -1,
      305, 310, 371, -1,
      371, 310, 312, -1,
      371, 312, 369, -1,
      369, 312, 314, -1,
      369, 314, 367, -1,
      367, 314, 316, -1,
      367, 316, 365, -1,
      365, 316, 318, -1,
      365, 318, 363, -1,
      363, 318, 320, -1,
      363, 320, 361, -1,
      361, 320, 322, -1,
      361, 322, 358, -1,
      358, 322, 324, -1,
      358, 324, 356, -1,
      356, 324, 326, -1,
      356, 326, 354, -1,
      354, 326, 329, -1,
      354, 329, 352, -1,
      352, 329, 331, -1,
      352, 331, 350, -1,
      350, 331, 333, -1,
      350, 333, 348, -1,
      348, 333, 335, -1,
      348, 335, 346, -1,
      346, 335, 337, -1,
      346, 337, 344, -1,
      344, 337, 339, -1,
      344, 339, 342, -1,
      342, 339, 341, -1,
      342, 341, 12, -1,
      12, 341, 15, -1,
      309, 306, 311, -1,
      311, 306, 307, -1,
      311, 307, 313, -1,
      313, 307, 370, -1,
      313, 370, 315, -1,
      315, 370, 368, -1,
      315, 368, 317, -1,
      317, 368, 366, -1,
      317, 366, 319, -1,
      319, 366, 364, -1,
      319, 364, 321, -1,
      321, 364, 362, -1,
      321, 362, 323, -1,
      323, 362, 360, -1,
      323, 360, 325, -1,
      325, 360, 359, -1,
      325, 359, 327, -1,
      327, 359, 357, -1,
      327, 357, 328, -1,
      328, 357, 355, -1,
      328, 355, 330, -1,
      330, 355, 353, -1,
      330, 353, 332, -1,
      332, 353, 351, -1,
      332, 351, 334, -1,
      334, 351, 349, -1,
      334, 349, 336, -1,
      336, 349, 347, -1,
      336, 347, 338, -1,
      338, 347, 345, -1,
      338, 345, 340, -1,
      340, 345, 343, -1,
      340, 343, 14, -1,
      14, 343, 13, -1,
      372, 373, 374, -1,
      374, 373, 375, -1,
      376, 372, 377, -1,
      377, 372, 374, -1,
      378, 376, 379, -1,
      379, 376, 377, -1,
      378, 379, 380, -1,
      380, 379, 381, -1,
      380, 381, 382, -1,
      382, 381, 383, -1,
      382, 383, 384, -1,
      384, 383, 385, -1,
      384, 385, 386, -1,
      386, 385, 387, -1,
      386, 387, 388, -1,
      388, 387, 389, -1,
      388, 389, 390, -1,
      390, 389, 391, -1,
      390, 391, 392, -1,
      392, 391, 393, -1,
      394, 392, 395, -1,
      395, 392, 393, -1,
      394, 395, 396, -1,
      394, 396, 397, -1,
      397, 396, 398, -1,
      397, 398, 399, -1,
      399, 398, 400, -1,
      399, 400, 401, -1,
      401, 400, 402, -1,
      401, 402, 403, -1,
      403, 402, 404, -1,
      403, 404, 405, -1,
      405, 404, 406, -1,
      405, 406, 407, -1,
      407, 406, 408, -1,
      407, 408, 409, -1,
      11, 409, 10, -1,
      10, 409, 408, -1,
      410, 8, 411, -1,
      411, 8, 9, -1,
      410, 411, 412, -1,
      412, 411, 413, -1,
      412, 413, 414, -1,
      414, 413, 415, -1,
      414, 415, 416, -1,
      416, 415, 417, -1,
      416, 417, 418, -1,
      418, 417, 419, -1,
      418, 419, 420, -1,
      420, 419, 421, -1,
      420, 421, 422, -1,
      422, 421, 423, -1,
      422, 423, 424, -1,
      424, 423, 425, -1,
      426, 424, 427, -1,
      427, 424, 425, -1,
      426, 427, 428, -1,
      426, 428, 429, -1,
      429, 428, 430, -1,
      429, 430, 431, -1,
      431, 430, 432, -1,
      431, 432, 433, -1,
      433, 432, 434, -1,
      433, 434, 435, -1,
      435, 434, 436, -1,
      435, 436, 437, -1,
      437, 436, 438, -1,
      437, 438, 439, -1,
      439, 438, 375, -1,
      439, 375, 373, -1,
      372, 376, 373, -1,
      373, 376, 378, -1,
      373, 378, 439, -1,
      439, 378, 380, -1,
      439, 380, 437, -1,
      437, 380, 382, -1,
      437, 382, 435, -1,
      435, 382, 384, -1,
      435, 384, 433, -1,
      433, 384, 386, -1,
      433, 386, 431, -1,
      431, 386, 388, -1,
      431, 388, 429, -1,
      429, 388, 390, -1,
      429, 390, 426, -1,
      426, 390, 392, -1,
      426, 392, 424, -1,
      424, 392, 394, -1,
      424, 394, 422, -1,
      422, 394, 397, -1,
      422, 397, 420, -1,
      420, 397, 399, -1,
      420, 399, 418, -1,
      418, 399, 401, -1,
      418, 401, 416, -1,
      416, 401, 403, -1,
      416, 403, 414, -1,
      414, 403, 405, -1,
      414, 405, 412, -1,
      412, 405, 407, -1,
      412, 407, 410, -1,
      410, 407, 409, -1,
      410, 409, 8, -1,
      8, 409, 11, -1,
      377, 374, 379, -1,
      379, 374, 375, -1,
      379, 375, 381, -1,
      381, 375, 438, -1,
      381, 438, 383, -1,
      383, 438, 436, -1,
      383, 436, 385, -1,
      385, 436, 434, -1,
      385, 434, 387, -1,
      387, 434, 432, -1,
      387, 432, 389, -1,
      389, 432, 430, -1,
      389, 430, 391, -1,
      391, 430, 428, -1,
      391, 428, 393, -1,
      393, 428, 427, -1,
      393, 427, 395, -1,
      395, 427, 425, -1,
      395, 425, 396, -1,
      396, 425, 423, -1,
      396, 423, 398, -1,
      398, 423, 421, -1,
      398, 421, 400, -1,
      400, 421, 419, -1,
      400, 419, 402, -1,
      402, 419, 417, -1,
      402, 417, 404, -1,
      404, 417, 415, -1,
      404, 415, 406, -1,
      406, 415, 413, -1,
      406, 413, 408, -1,
      408, 413, 411, -1,
      408, 411, 10, -1,
      10, 411, 9, -1,
      440, 441, 442, -1,
      442, 441, 443, -1,
      444, 440, 445, -1,
      445, 440, 442, -1,
      446, 444, 447, -1,
      447, 444, 445, -1,
      446, 447, 448, -1,
      448, 447, 449, -1,
      448, 449, 450, -1,
      450, 449, 451, -1,
      450, 451, 452, -1,
      452, 451, 453, -1,
      452, 453, 454, -1,
      454, 453, 455, -1,
      454, 455, 456, -1,
      456, 455, 457, -1,
      456, 457, 458, -1,
      458, 457, 459, -1,
      458, 459, 460, -1,
      460, 459, 461, -1,
      462, 460, 463, -1,
      463, 460, 461, -1,
      462, 463, 464, -1,
      462, 464, 465, -1,
      465, 464, 466, -1,
      465, 466, 467, -1,
      467, 466, 468, -1,
      467, 468, 469, -1,
      469, 468, 470, -1,
      469, 470, 471, -1,
      471, 470, 472, -1,
      471, 472, 473, -1,
      473, 472, 474, -1,
      473, 474, 475, -1,
      475, 474, 476, -1,
      475, 476, 477, -1,
      7, 477, 6, -1,
      6, 477, 476, -1,
      478, 4, 479, -1,
      479, 4, 5, -1,
      478, 479, 480, -1,
      480, 479, 481, -1,
      480, 481, 482, -1,
      482, 481, 483, -1,
      482, 483, 484, -1,
      484, 483, 485, -1,
      484, 485, 486, -1,
      486, 485, 487, -1,
      486, 487, 488, -1,
      488, 487, 489, -1,
      488, 489, 490, -1,
      490, 489, 491, -1,
      490, 491, 492, -1,
      492, 491, 493, -1,
      494, 492, 495, -1,
      495, 492, 493, -1,
      494, 495, 496, -1,
      494, 496, 497, -1,
      497, 496, 498, -1,
      497, 498, 499, -1,
      499, 498, 500, -1,
      499, 500, 501, -1,
      501, 500, 502, -1,
      501, 502, 503, -1,
      503, 502, 504, -1,
      503, 504, 505, -1,
      505, 504, 506, -1,
      505, 506, 507, -1,
      507, 506, 443, -1,
      507, 443, 441, -1,
      440, 444, 441, -1,
      441, 444, 446, -1,
      441, 446, 507, -1,
      507, 446, 448, -1,
      507, 448, 505, -1,
      505, 448, 450, -1,
      505, 450, 503, -1,
      503, 450, 452, -1,
      503, 452, 501, -1,
      501, 452, 454, -1,
      501, 454, 499, -1,
      499, 454, 456, -1,
      499, 456, 497, -1,
      497, 456, 458, -1,
      497, 458, 494, -1,
      494, 458, 460, -1,
      494, 460, 492, -1,
      492, 460, 462, -1,
      492, 462, 490, -1,
      490, 462, 465, -1,
      490, 465, 488, -1,
      488, 465, 467, -1,
      488, 467, 486, -1,
      486, 467, 469, -1,
      486, 469, 484, -1,
      484, 469, 471, -1,
      484, 471, 482, -1,
      482, 471, 473, -1,
      482, 473, 480, -1,
      480, 473, 475, -1,
      480, 475, 478, -1,
      478, 475, 477, -1,
      478, 477, 4, -1,
      4, 477, 7, -1,
      445, 442, 447, -1,
      447, 442, 443, -1,
      447, 443, 449, -1,
      449, 443, 506, -1,
      449, 506, 451, -1,
      451, 506, 504, -1,
      451, 504, 453, -1,
      453, 504, 502, -1,
      453, 502, 455, -1,
      455, 502, 500, -1,
      455, 500, 457, -1,
      457, 500, 498, -1,
      457, 498, 459, -1,
      459, 498, 496, -1,
      459, 496, 461, -1,
      461, 496, 495, -1,
      461, 495, 463, -1,
      463, 495, 493, -1,
      463, 493, 464, -1,
      464, 493, 491, -1,
      464, 491, 466, -1,
      466, 491, 489, -1,
      466, 489, 468, -1,
      468, 489, 487, -1,
      468, 487, 470, -1,
      470, 487, 485, -1,
      470, 485, 472, -1,
      472, 485, 483, -1,
      472, 483, 474, -1,
      474, 483, 481, -1,
      474, 481, 476, -1,
      476, 481, 479, -1,
      476, 479, 6, -1,
      6, 479, 5, -1,
      508, 509, 510, -1,
      510, 509, 511, -1,
      512, 508, 513, -1,
      513, 508, 510, -1,
      514, 512, 515, -1,
      515, 512, 513, -1,
      514, 515, 516, -1,
      516, 515, 517, -1,
      516, 517, 518, -1,
      518, 517, 519, -1,
      518, 519, 520, -1,
      520, 519, 521, -1,
      520, 521, 522, -1,
      522, 521, 523, -1,
      522, 523, 524, -1,
      524, 523, 525, -1,
      524, 525, 526, -1,
      526, 525, 527, -1,
      526, 527, 528, -1,
      528, 527, 529, -1,
      530, 528, 531, -1,
      531, 528, 529, -1,
      530, 531, 532, -1,
      530, 532, 533, -1,
      533, 532, 534, -1,
      533, 534, 535, -1,
      535, 534, 536, -1,
      535, 536, 537, -1,
      537, 536, 538, -1,
      537, 538, 539, -1,
      539, 538, 540, -1,
      539, 540, 541, -1,
      541, 540, 542, -1,
      541, 542, 543, -1,
      543, 542, 544, -1,
      543, 544, 545, -1,
      2, 545, 0, -1,
      0, 545, 544, -1,
      546, 3, 547, -1,
      547, 3, 1, -1,
      546, 547, 548, -1,
      548, 547, 549, -1,
      548, 549, 550, -1,
      550, 549, 551, -1,
      550, 551, 552, -1,
      552, 551, 553, -1,
      552, 553, 554, -1,
      554, 553, 555, -1,
      554, 555, 556, -1,
      556, 555, 557, -1,
      556, 557, 558, -1,
      558, 557, 559, -1,
      558, 559, 560, -1,
      560, 559, 561, -1,
      562, 560, 563, -1,
      563, 560, 561, -1,
      562, 563, 564, -1,
      562, 564, 565, -1,
      565, 564, 566, -1,
      565, 566, 567, -1,
      567, 566, 568, -1,
      567, 568, 569, -1,
      569, 568, 570, -1,
      569, 570, 571, -1,
      571, 570, 572, -1,
      571, 572, 573, -1,
      573, 572, 574, -1,
      573, 574, 575, -1,
      575, 574, 511, -1,
      575, 511, 509, -1,
      508, 512, 509, -1,
      509, 512, 514, -1,
      509, 514, 575, -1,
      575, 514, 516, -1,
      575, 516, 573, -1,
      573, 516, 518, -1,
      573, 518, 571, -1,
      571, 518, 520, -1,
      571, 520, 569, -1,
      569, 520, 522, -1,
      569, 522, 567, -1,
      567, 522, 524, -1,
      567, 524, 565, -1,
      565, 524, 526, -1,
      565, 526, 562, -1,
      562, 526, 528, -1,
      562, 528, 560, -1,
      560, 528, 530, -1,
      560, 530, 558, -1,
      558, 530, 533, -1,
      558, 533, 556, -1,
      556, 533, 535, -1,
      556, 535, 554, -1,
      554, 535, 537, -1,
      554, 537, 552, -1,
      552, 537, 539, -1,
      552, 539, 550, -1,
      550, 539, 541, -1,
      550, 541, 548, -1,
      548, 541, 543, -1,
      548, 543, 546, -1,
      546, 543, 545, -1,
      546, 545, 3, -1,
      3, 545, 2, -1,
      513, 510, 515, -1,
      515, 510, 511, -1,
      515, 511, 517, -1,
      517, 511, 574, -1,
      517, 574, 519, -1,
      519, 574, 572, -1,
      519, 572, 521, -1,
      521, 572, 570, -1,
      521, 570, 523, -1,
      523, 570, 568, -1,
      523, 568, 525, -1,
      525, 568, 566, -1,
      525, 566, 527, -1,
      527, 566, 564, -1,
      527, 564, 529, -1,
      529, 564, 563, -1,
      529, 563, 531, -1,
      531, 563, 561, -1,
      531, 561, 532, -1,
      532, 561, 559, -1,
      532, 559, 534, -1,
      534, 559, 557, -1,
      534, 557, 536, -1,
      536, 557, 555, -1,
      536, 555, 538, -1,
      538, 555, 553, -1,
      538, 553, 540, -1,
      540, 553, 551, -1,
      540, 551, 542, -1,
      542, 551, 549, -1,
      542, 549, 544, -1,
      544, 549, 547, -1,
      544, 547, 0, -1,
      0, 547, 1, -1,
    ]
  }
}

Shape {
  appearance Appearance {
    material Material {
      diffuseColor 0.2078 0.2078 0.2078
      specularColor 0.0157 0.0157 0.0157
      ambientIntensity 0.2
      transparency 0.0000
      shininess 0.5
    }
  }
  geometry IndexedFaceSet {
    ccw TRUE
    solid FALSE
    coord DEF co Coordinate {
      point [
        -2.094488 -3.149606 0.629921,
        -2.094488 -3.149606 0.000000,
        -0.393098 -1.211071 0.000000,
        0.452756 -1.181102 0.000000,
        -2.094488 -2.952756 0.000000,
        -1.745726 -2.952756 0.000000,
        -1.557524 -2.757626 0.000000,
        -1.573180 -2.762713 0.000000,
        -1.077601 -1.853192 0.000000,
        -1.126563 -1.912852 0.000000,
        -1.162945 -1.980917 0.000000,
        -1.185348 -2.054773 0.000000,
        -1.541154 -2.755906 0.000000,
        -1.192913 -2.131580 0.000000,
        -1.192913 -2.755906 0.000000,
        -1.699444 -2.937718 0.000000,
        -1.713700 -2.945948 0.000000,
        -1.687211 -2.926703 0.000000,
        -1.677535 -2.913386 0.000000,
        -1.587436 -2.770944 0.000000,
        -1.599669 -2.781958 0.000000,
        -1.609344 -2.795276 0.000000,
        -1.729356 -2.951035 0.000000,
        -0.461164 -1.247453 0.000000,
        -0.520824 -1.296415 0.000000,
        -0.242435 -1.181102 0.000000,
        -0.319243 -1.188667 0.000000,
        0.019685 -1.181102 0.000000,
        1.281806 -1.233848 0.000000,
        1.186853 -1.194517 0.000000,
        1.084955 -1.181102 0.000000,
        0.885827 -1.181102 0.000000,
        1.363344 -1.296415 0.000000,
        1.318898 -1.262310 0.000000,
        2.035433 -2.131580 0.000000,
        2.022018 -2.029683 0.000000,
        2.423460 -3.149606 0.000000,
        2.366142 -2.992126 0.000000,
        2.366142 -2.755906 0.000000,
        1.982687 -1.934730 0.000000,
        1.920121 -1.853192 0.000000,
        1.751969 -1.685039 0.000000,
        2.755906 -0.433071 0.000000,
        2.519685 -0.433071 0.000000,
        2.519685 -0.748031 0.000000,
        2.755906 -0.748031 0.000000,
        2.035433 -2.755906 0.000000,
        -0.905512 2.362205 0.157480,
        -1.220472 2.362205 0.157480,
        -0.905512 0.551181 0.157480,
        -1.220472 0.551181 0.157480,
        -0.472441 2.362205 0.157480,
        -0.787402 2.362205 0.157480,
        -0.472441 0.551181 0.157480,
        -0.787402 0.551181 0.157480,
        -0.039370 2.362205 0.157480,
        -0.354331 2.362205 0.157480,
        -0.039370 0.551181 0.157480,
        -0.354331 0.551181 0.157480,
        0.393701 2.362205 0.157480,
        0.078740 2.362205 0.157480,
        0.393701 0.551181 0.157480,
        0.078740 0.551181 0.157480,
        0.826772 2.362205 0.157480,
        0.511811 2.362205 0.157480,
        0.826772 0.551181 0.157480,
        0.511811 0.551181 0.157480,
        1.259843 2.362205 0.157480,
        0.944882 2.362205 0.157480,
        1.259843 0.551181 0.157480,
        0.944882 0.551181 0.157480,
        2.755906 -0.748031 0.039370,
        2.519685 -0.748031 0.039370,
        2.519685 -0.433071 0.039370,
        2.755906 -0.433071 0.039370,
        -2.035433 2.480315 0.629921,
        -2.035433 -2.952756 0.629921,
        -2.094488 -2.952756 0.629921,
        2.423460 -3.149606 0.629921,
        2.366142 -2.992126 0.629921,
        2.366142 2.480315 0.629921,
        2.366142 2.480315 0.157480,
        2.366142 -1.161417 0.157480,
        2.366142 -2.677165 0.157480,
        2.366142 -2.755906 0.039370,
        2.035433 -2.755906 0.039370,
        2.035433 -2.677165 0.157480,
        2.035433 -2.131580 0.157480,
        1.920121 -1.853192 0.157480,
        1.982687 -1.934730 0.157480,
        2.022018 -2.029683 0.157480,
        1.751969 -1.685039 0.157480,
        1.366142 -1.299213 0.000000,
        1.363344 -1.296415 0.157480,
        1.084955 -1.181102 0.157480,
        1.186853 -1.194517 0.157480,
        1.281806 -1.233848 0.157480,
        1.318898 -1.262310 0.157480,
        -0.242435 -1.181102 0.157480,
        0.019685 -1.181102 0.157480,
        0.452756 -1.181102 0.157480,
        0.885827 -1.181102 0.157480,
        -0.520824 -1.296415 0.157480,
        -0.461164 -1.247453 0.157480,
        -0.413386 -1.221915 0.157480,
        -0.413386 -1.221915 0.000000,
        -0.393098 -1.211071 0.157480,
        -0.319243 -1.188667 0.157480,
        -0.846457 -1.622047 0.157480,
        -1.077601 -1.853192 0.157480,
        -0.523622 -1.299213 0.000000,
        -0.846457 -1.622047 0.000000,
        -1.192913 -2.131580 0.157480,
        -1.185348 -2.054773 0.157480,
        -1.162945 -1.980917 0.157480,
        -1.126563 -1.912852 0.157480,
        -1.192913 -2.677165 0.157480,
        -1.192913 -2.755906 0.039370,
        -1.541154 -2.755906 0.039370,
        -1.609344 -2.795276 0.039370,
        -1.599669 -2.781958 0.039370,
        -1.587436 -2.770944 0.039370,
        -1.573180 -2.762713 0.039370,
        -1.557524 -2.757626 0.039370,
        -1.677535 -2.913386 0.039370,
        -1.745726 -2.952756 0.039370,
        -1.729356 -2.951035 0.039370,
        -1.713700 -2.945948 0.039370,
        -1.699444 -2.937718 0.039370,
        -1.687211 -2.926703 0.039370,
        -2.035433 -2.952756 0.039370,
        2.246063 -1.161417 0.157480,
        1.692913 0.551181 0.157480,
        1.751969 -1.161417 0.157480,
        1.751969 2.480315 0.157480,
        1.318898 -1.161417 0.157480,
        2.246063 -2.677165 0.157480,
        0.885827 -1.161417 0.157480,
        -0.413386 -1.161417 0.157480,
        0.019685 -1.161417 0.157480,
        0.452756 -1.161417 0.157480,
        -0.846457 -1.161417 0.157480,
        -2.035433 -1.161417 0.157480,
        -1.658184 -2.729271 0.157480,
        -1.633718 -2.707241 0.157480,
        -2.035433 -2.874016 0.157480,
        -1.745726 -2.874016 0.157480,
        -1.677535 -2.755906 0.157480,
        -1.605207 -2.690780 0.157480,
        -1.573896 -2.680607 0.157480,
        -1.541154 -2.677165 0.157480,
        -0.846457 2.480315 0.157480,
        -2.035433 2.480315 0.157480,
        -0.413386 2.480315 0.157480,
        0.019685 2.480315 0.157480,
        0.452756 2.480315 0.157480,
        0.885827 2.480315 0.157480,
        1.318898 2.480315 0.157480,
        1.377953 0.551181 0.157480,
        1.377953 2.362205 0.157480,
        1.692913 2.362205 0.157480,
        2.246063 2.480315 0.157480,
        2.125984 0.551181 0.157480,
        1.811024 0.551181 0.157480,
        1.811024 2.362205 0.157480,
        2.125984 2.362205 0.157480,
      ]
    }
    coordIndex [
      80, 81, 82, -1,
      80, 82, 79, -1,
      79, 82, 83, -1,
      79, 83, 37, -1,
      37, 83, 84, -1,
      37, 84, 38, -1,
      85, 46, 84, -1,
      84, 46, 38, -1,
      86, 87, 85, -1,
      85, 87, 34, -1,
      85, 34, 46, -1,
      88, 40, 89, -1,
      89, 40, 39, -1,
      89, 39, 90, -1,
      90, 39, 35, -1,
      90, 35, 87, -1,
      87, 35, 34, -1,
      40, 88, 41, -1,
      41, 88, 91, -1,
      41, 91, 92, -1,
      92, 91, 93, -1,
      92, 93, 32, -1,
      94, 30, 95, -1,
      95, 30, 29, -1,
      95, 29, 96, -1,
      96, 29, 28, -1,
      96, 28, 97, -1,
      97, 28, 33, -1,
      97, 33, 93, -1,
      93, 33, 32, -1,
      98, 25, 99, -1,
      99, 25, 27, -1,
      99, 27, 100, -1,
      100, 27, 3, -1,
      100, 3, 101, -1,
      101, 3, 31, -1,
      101, 31, 94, -1,
      94, 31, 30, -1,
      102, 24, 103, -1,
      103, 24, 23, -1,
      103, 23, 104, -1,
      104, 23, 105, -1,
      104, 105, 106, -1,
      106, 105, 2, -1,
      106, 2, 107, -1,
      107, 2, 26, -1,
      107, 26, 98, -1,
      98, 26, 25, -1,
      108, 109, 8, -1,
      24, 102, 110, -1,
      110, 102, 108, -1,
      110, 108, 111, -1,
      111, 108, 8, -1,
      112, 13, 113, -1,
      113, 13, 11, -1,
      113, 11, 114, -1,
      114, 11, 10, -1,
      114, 10, 115, -1,
      115, 10, 9, -1,
      115, 9, 109, -1,
      109, 9, 8, -1,
      112, 116, 13, -1,
      13, 116, 117, -1,
      13, 117, 14, -1,
      118, 12, 117, -1,
      117, 12, 14, -1,
      119, 21, 120, -1,
      120, 21, 20, -1,
      120, 20, 121, -1,
      121, 20, 19, -1,
      121, 19, 122, -1,
      122, 19, 7, -1,
      122, 7, 123, -1,
      123, 7, 6, -1,
      123, 6, 118, -1,
      118, 6, 12, -1,
      124, 18, 119, -1,
      119, 18, 21, -1,
      125, 5, 22, -1,
      125, 22, 126, -1,
      126, 22, 16, -1,
      126, 16, 127, -1,
      127, 16, 15, -1,
      127, 15, 128, -1,
      128, 15, 17, -1,
      128, 17, 129, -1,
      129, 17, 18, -1,
      129, 18, 124, -1,
      76, 77, 130, -1,
      130, 77, 4, -1,
      130, 4, 125, -1,
      125, 4, 5, -1,
      1, 4, 0, -1,
      0, 4, 77, -1,
      36, 78, 37, -1,
      37, 78, 79, -1,
      131, 82, 81, -1,
      132, 133, 134, -1,
      96, 97, 135, -1,
      87, 86, 136, -1,
      131, 89, 90, -1,
      135, 97, 133, -1,
      97, 93, 133, -1,
      133, 93, 91, -1,
      133, 91, 131, -1,
      131, 91, 88, -1,
      131, 88, 89, -1,
      137, 94, 135, -1,
      135, 94, 95, -1,
      135, 95, 96, -1,
      138, 104, 106, -1,
      106, 107, 138, -1,
      138, 107, 98, -1,
      138, 98, 139, -1,
      139, 98, 99, -1,
      139, 99, 140, -1,
      140, 99, 100, -1,
      140, 100, 137, -1,
      137, 100, 101, -1,
      137, 101, 94, -1,
      104, 138, 103, -1,
      103, 138, 141, -1,
      103, 141, 102, -1,
      142, 143, 144, -1,
      113, 114, 142, -1,
      145, 146, 142, -1,
      142, 146, 147, -1,
      142, 147, 143, -1,
      144, 148, 142, -1,
      142, 148, 149, -1,
      142, 149, 150, -1,
      114, 115, 142, -1,
      142, 115, 109, -1,
      142, 109, 141, -1,
      141, 109, 108, -1,
      141, 108, 102, -1,
      150, 116, 142, -1,
      142, 116, 112, -1,
      142, 112, 113, -1,
      83, 82, 136, -1,
      136, 82, 131, -1,
      136, 131, 87, -1,
      87, 131, 90, -1,
      151, 47, 49, -1,
      47, 151, 48, -1,
      48, 151, 152, -1,
      48, 152, 50, -1,
      50, 152, 142, -1,
      50, 142, 49, -1,
      49, 142, 141, -1,
      49, 141, 151, -1,
      153, 51, 53, -1,
      51, 153, 52, -1,
      52, 153, 151, -1,
      52, 151, 54, -1,
      54, 151, 141, -1,
      54, 141, 53, -1,
      53, 141, 138, -1,
      53, 138, 153, -1,
      154, 55, 57, -1,
      55, 154, 56, -1,
      56, 154, 153, -1,
      56, 153, 58, -1,
      58, 153, 138, -1,
      58, 138, 57, -1,
      57, 138, 139, -1,
      57, 139, 154, -1,
      155, 59, 61, -1,
      59, 155, 60, -1,
      60, 155, 154, -1,
      60, 154, 62, -1,
      62, 154, 139, -1,
      62, 139, 61, -1,
      61, 139, 140, -1,
      61, 140, 155, -1,
      156, 63, 65, -1,
      63, 156, 64, -1,
      64, 156, 155, -1,
      64, 155, 66, -1,
      66, 155, 140, -1,
      66, 140, 65, -1,
      65, 140, 137, -1,
      65, 137, 156, -1,
      157, 67, 69, -1,
      67, 157, 68, -1,
      68, 157, 156, -1,
      68, 156, 70, -1,
      70, 156, 137, -1,
      70, 137, 69, -1,
      69, 137, 135, -1,
      69, 135, 157, -1,
      133, 132, 135, -1,
      135, 132, 158, -1,
      135, 158, 157, -1,
      157, 158, 159, -1,
      157, 159, 134, -1,
      134, 159, 160, -1,
      134, 160, 132, -1,
      81, 161, 131, -1,
      131, 161, 162, -1,
      131, 162, 133, -1,
      133, 162, 163, -1,
      133, 163, 134, -1,
      134, 163, 164, -1,
      134, 164, 161, -1,
      161, 164, 165, -1,
      161, 165, 162, -1,
      152, 75, 142, -1,
      142, 75, 76, -1,
      142, 76, 145, -1,
      145, 76, 130, -1,
      75, 152, 151, -1,
      151, 153, 75, -1,
      75, 153, 154, -1,
      75, 154, 80, -1,
      154, 155, 80, -1,
      80, 155, 156, -1,
      80, 156, 157, -1,
      157, 134, 80, -1,
      80, 134, 161, -1,
      80, 161, 81, -1,
      150, 118, 116, -1,
      116, 118, 117, -1,
      118, 150, 123, -1,
      123, 150, 149, -1,
      123, 149, 122, -1,
      122, 149, 148, -1,
      122, 148, 121, -1,
      121, 148, 144, -1,
      121, 144, 120, -1,
      120, 144, 143, -1,
      120, 143, 119, -1,
      119, 143, 147, -1,
      119, 147, 124, -1,
      124, 147, 146, -1,
      129, 124, 146, -1,
      129, 146, 128, -1,
      127, 128, 146, -1,
      126, 127, 146, -1,
      125, 126, 146, -1,
      125, 146, 130, -1,
      130, 146, 145, -1,
      86, 85, 136, -1,
      136, 85, 84, -1,
      136, 84, 83, -1,
      74, 73, 42, -1,
      42, 73, 43, -1,
      73, 72, 43, -1,
      43, 72, 44, -1,
      72, 71, 44, -1,
      44, 71, 45, -1,
    ]
  }
}

Shape {
  appearance Appearance {
    material Material {
      diffuseColor 0.8275 0.6667 0.1294
      specularColor 0.8275 0.6667 0.1294
      ambientIntensity 0.2
      transparency 0.0000
      shininess 0.5
    }
  }
  geometry IndexedFaceSet {
    ccw TRUE
    solid FALSE
    coord DEF co Coordinate {
      point [
        2.755906 -0.738189 0.039370,
        2.539370 -0.738189 0.039370,
        2.539370 -0.442913 0.039370,
        2.755906 -0.442913 0.039370,
        2.814961 -0.738189 0.039370,
        2.814961 -0.442913 0.039370,
        2.814961 -0.738189 -0.019685,
        2.814961 -0.442913 -0.019685,
        2.598425 -0.738189 -0.019685,
        2.541383 -0.738189 0.024085,
        2.547282 -0.738189 0.009843,
        2.556667 -0.738189 -0.002388,
        2.583141 -0.738189 -0.017673,
        2.568898 -0.738189 -0.011773,
        2.598425 -0.442913 -0.019685,
        2.568898 -0.442913 -0.011773,
        2.556667 -0.442913 -0.002388,
        2.583141 -0.442913 -0.017673,
        2.547282 -0.442913 0.009843,
        2.541383 -0.442913 0.024085,
      ]
    }
    coordIndex [
      0, 4, 3, -1,
      3, 4, 5, -1,
      6, 7, 4, -1,
      4, 7, 5, -1,
      6, 4, 0, -1,
      6, 0, 8, -1,
      8, 0, 1, -1,
      8, 1, 9, -1,
      9, 10, 8, -1,
      8, 10, 11, -1,
      8, 11, 12, -1,
      12, 11, 13, -1,
      14, 2, 7, -1,
      7, 2, 3, -1,
      7, 3, 5, -1,
      15, 16, 17, -1,
      17, 16, 18, -1,
      17, 18, 14, -1,
      14, 18, 19, -1,
      14, 19, 2, -1,
      14, 7, 8, -1,
      8, 7, 6, -1,
      14, 8, 12, -1,
      14, 12, 17, -1,
      17, 12, 13, -1,
      17, 13, 15, -1,
      15, 13, 11, -1,
      15, 11, 16, -1,
      16, 11, 10, -1,
      16, 10, 18, -1,
      18, 10, 9, -1,
      18, 9, 19, -1,
      19, 9, 1, -1,
      19, 1, 2, -1,
    ]
  }
}

Shape {
  appearance Appearance {
    material Material {
      diffuseColor 0.2078 0.2078 0.2078
      specularColor 0.0157 0.0157 0.0157
      ambientIntensity 0.2
      transparency 0.0000
      shininess 0.5
    }
  }
  geometry IndexedFaceSet {
    ccw TRUE
    solid FALSE
    coord DEF co Coordinate {
      point [
        2.480315 2.185039 0.000000,
        2.755906 2.185039 0.000000,
        2.755906 2.460630 0.000000,
        2.480315 2.460630 0.000000,
        2.755906 2.185039 0.039370,
        2.480315 2.185039 0.039370,
        2.480315 2.460630 0.039370,
        2.755906 2.460630 0.039370,
      ]
    }
    coordIndex [
      7, 6, 2, -1,
      2, 6, 3, -1,
      6, 5, 3, -1,
      3, 5, 0, -1,
      5, 4, 0, -1,
      0, 4, 1, -1,
    ]
  }
}

Shape {
  appearance Appearance {
    material Material {
      diffuseColor 0.8275 0.6667 0.1294
      specularColor 0.8275 0.6667 0.1294
      ambientIntensity 0.2
      transparency 0.0000
      shininess 0.5
    }
  }
  geometry IndexedFaceSet {
    ccw TRUE
    solid FALSE
    coord DEF co Coordinate {
      point [
        2.755906 2.194882 0.039370,
        2.500000 2.194882 0.039370,
        2.500000 2.450787 0.039370,
        2.755906 2.450787 0.039370,
        2.814961 2.194882 0.039370,
        2.814961 2.450787 0.039370,
        2.814961 2.194882 -0.019685,
        2.814961 2.450787 -0.019685,
        2.559055 2.194882 -0.019685,
        2.502012 2.194882 0.024085,
        2.507912 2.194882 0.009843,
        2.517297 2.194882 -0.002388,
        2.543770 2.194882 -0.017673,
        2.529528 2.194882 -0.011773,
        2.559055 2.450787 -0.019685,
        2.529528 2.450787 -0.011773,
        2.517297 2.450787 -0.002388,
        2.543770 2.450787 -0.017673,
        2.507912 2.450787 0.009843,
        2.502012 2.450787 0.024085,
      ]
    }
    coordIndex [
      0, 4, 3, -1,
      3, 4, 5, -1,
      6, 7, 4, -1,
      4, 7, 5, -1,
      6, 4, 0, -1,
      6, 0, 8, -1,
      8, 0, 1, -1,
      8, 1, 9, -1,
      9, 10, 8, -1,
      8, 10, 11, -1,
      8, 11, 12, -1,
      12, 11, 13, -1,
      14, 2, 7, -1,
      7, 2, 3, -1,
      7, 3, 5, -1,
      15, 16, 17, -1,
      17, 16, 18, -1,
      17, 18, 14, -1,
      14, 18, 19, -1,
      14, 19, 2, -1,
      14, 7, 8, -1,
      8, 7, 6, -1,
      14, 8, 12, -1,
      14, 12, 17, -1,
      17, 12, 13, -1,
      17, 13, 15, -1,
      15, 13, 11, -1,
      15, 11, 16, -1,
      16, 11, 10, -1,
      16, 10, 18, -1,
      18, 10, 9, -1,
      18, 9, 19, -1,
      19, 9, 1, -1,
      19, 1, 2, -1,
    ]
  }
}

Shape {
  appearance Appearance {
    material Material {
      diffuseColor 0.2078 0.2078 0.2078
      specularColor 0.0157 0.0157 0.0157
      ambientIntensity 0.2
      transparency 0.0000
      shininess 0.5
    }
  }
  geometry IndexedFaceSet {
    ccw TRUE
    solid FALSE
    coord DEF co Coordinate {
      point [
        1.811024 2.362205 0.000000,
        2.125984 2.362205 0.000000,
        2.125984 0.551181 0.000000,
        1.811024 0.551181 0.000000,
        1.377953 0.551181 0.000000,
        1.692913 0.551181 0.000000,
        1.692913 2.362205 0.000000,
        1.377953 2.362205 0.000000,
        1.692913 0.551181 0.157480,
        1.377953 0.551181 0.157480,
        1.377953 2.362205 0.157480,
        1.692913 2.362205 0.157480,
        2.125984 0.551181 0.157480,
        1.811024 0.551181 0.157480,
        1.811024 2.362205 0.157480,
        2.125984 2.362205 0.157480,
        2.066929 2.362205 0.049186,
        2.066929 2.362205 0.108241,
        1.870079 2.362205 0.108241,
        1.870079 2.362205 0.049186,
        1.633858 2.362205 0.049186,
        1.633858 2.362205 0.108241,
        1.437008 2.362205 0.108241,
        1.437008 2.362205 0.049186,
      ]
    }
    coordIndex [
      0, 14, 3, -1,
      3, 14, 13, -1,
      3, 13, 2, -1,
      2, 13, 12, -1,
      2, 12, 1, -1,
      1, 12, 15, -1,
      16, 1, 17, -1,
      17, 1, 15, -1,
      17, 15, 18, -1,
      18, 15, 14, -1,
      18, 14, 19, -1,
      19, 14, 0, -1,
      19, 0, 16, -1,
      16, 0, 1, -1,
      7, 10, 4, -1,
      4, 10, 9, -1,
      4, 9, 5, -1,
      5, 9, 8, -1,
      5, 8, 6, -1,
      6, 8, 11, -1,
      20, 6, 21, -1,
      21, 6, 11, -1,
      21, 11, 22, -1,
      22, 11, 10, -1,
      22, 10, 23, -1,
      23, 10, 7, -1,
      23, 7, 20, -1,
      20, 7, 6, -1,
    ]
  }
}

Shape {
  appearance Appearance {
    material Material {
      diffuseColor 0.8275 0.6667 0.1294
      specularColor 0.8275 0.6667 0.1294
      ambientIntensity 0.2
      transparency 0.0000
      shininess 0.5
    }
  }
  geometry IndexedFaceSet {
    ccw TRUE
    solid FALSE
    coord DEF co Coordinate {
      point [
        -0.964567 2.362205 0.049186,
        -0.964567 2.362205 0.108241,
        -1.161417 2.362205 0.108241,
        -1.161417 2.362205 0.049186,
        -0.531496 2.362205 0.049186,
        -0.531496 2.362205 0.108241,
        -0.728346 2.362205 0.108241,
        -0.728346 2.362205 0.049186,
        -0.098425 2.362205 0.049186,
        -0.098425 2.362205 0.108241,
        -0.295276 2.362205 0.108241,
        -0.295276 2.362205 0.049186,
        0.334646 2.362205 0.049186,
        0.334646 2.362205 0.108241,
        0.137795 2.362205 0.108241,
        0.137795 2.362205 0.049186,
        0.767717 2.362205 0.049186,
        0.767717 2.362205 0.108241,
        0.570866 2.362205 0.108241,
        0.570866 2.362205 0.049186,
        1.200787 2.362205 0.049186,
        1.200787 2.362205 0.108241,
        1.003937 2.362205 0.108241,
        1.003937 2.362205 0.049186,
        2.066929 2.362205 0.049186,
        2.066929 2.362205 0.108241,
        1.870079 2.362205 0.108241,
        1.870079 2.362205 0.049186,
        1.633858 2.362205 0.049186,
        1.633858 2.362205 0.108241,
        1.437008 2.362205 0.108241,
        1.437008 2.362205 0.049186,
        1.870079 1.182113 0.308072,
        2.066929 1.182113 0.308072,
        1.870079 1.153464 0.343596,
        2.066929 1.153464 0.343596,
        1.870079 1.117141 0.371226,
        2.066929 1.117141 0.371226,
        1.870079 1.075259 0.389356,
        2.066929 1.075259 0.389356,
        1.870079 1.030255 0.396928,
        2.066929 1.030255 0.396928,
        1.870079 0.984746 0.393505,
        2.066929 0.984746 0.393505,
        1.870079 0.941381 0.379284,
        2.066929 0.941381 0.379284,
        1.870079 0.902683 0.355093,
        2.066929 0.902683 0.355093,
        1.870079 0.870903 0.322339,
        2.066929 0.870903 0.322339,
        1.870079 0.823869 0.358050,
        2.066929 0.823869 0.358050,
        2.066929 0.863367 0.399228,
        1.870079 0.863367 0.399228,
        2.066929 0.911223 0.430300,
        1.870079 0.911223 0.430300,
        2.066929 0.964910 0.449625,
        1.870079 0.964910 0.449625,
        2.066929 1.021591 0.456182,
        1.870079 1.021591 0.456182,
        2.066929 1.078271 0.449625,
        1.870079 1.078271 0.449625,
        2.066929 1.131957 0.430300,
        1.870079 1.131957 0.430300,
        2.066929 1.179814 0.399228,
        1.870079 1.179814 0.399228,
        2.066929 1.219312 0.358050,
        1.870079 1.219312 0.358050,
        1.870079 1.984438 0.108241,
        2.066929 1.984438 0.108241,
        1.870079 1.975041 0.049186,
        2.066929 1.975041 0.049186,
        1.437008 1.182113 0.308072,
        1.633858 1.182113 0.308072,
        1.437008 1.153464 0.343596,
        1.633858 1.153464 0.343596,
        1.437008 1.117141 0.371226,
        1.633858 1.117141 0.371226,
        1.437008 1.075259 0.389356,
        1.633858 1.075259 0.389356,
        1.437008 1.030255 0.396928,
        1.633858 1.030255 0.396928,
        1.437008 0.984746 0.393505,
        1.633858 0.984746 0.393505,
        1.437008 0.941381 0.379284,
        1.633858 0.941381 0.379284,
        1.437008 0.902683 0.355093,
        1.633858 0.902683 0.355093,
        1.437008 0.870903 0.322339,
        1.633858 0.870903 0.322339,
        1.437008 0.823869 0.358050,
        1.633858 0.823869 0.358050,
        1.633858 0.863367 0.399228,
        1.437008 0.863367 0.399228,
        1.633858 0.911223 0.430300,
        1.437008 0.911223 0.430300,
        1.633858 0.964910 0.449625,
        1.437008 0.964910 0.449625,
        1.633858 1.021591 0.456182,
        1.437008 1.021591 0.456182,
        1.633858 1.078271 0.449625,
        1.437008 1.078271 0.449625,
        1.633858 1.131957 0.430300,
        1.437008 1.131957 0.430300,
        1.633858 1.179814 0.399228,
        1.437008 1.179814 0.399228,
        1.633858 1.219312 0.358050,
        1.437008 1.219312 0.358050,
        1.437008 1.984438 0.108241,
        1.633858 1.984438 0.108241,
        1.437008 1.975041 0.049186,
        1.633858 1.975041 0.049186,
        0.570866 1.182113 0.308072,
        0.767717 1.182113 0.308072,
        0.570866 1.153464 0.343596,
        0.767717 1.153464 0.343596,
        0.570866 1.117141 0.371226,
        0.767717 1.117141 0.371226,
        0.570866 1.075259 0.389356,
        0.767717 1.075259 0.389356,
        0.570866 1.030255 0.396928,
        0.767717 1.030255 0.396928,
        0.570866 0.984746 0.393505,
        0.767717 0.984746 0.393505,
        0.570866 0.941381 0.379284,
        0.767717 0.941381 0.379284,
        0.570866 0.902683 0.355093,
        0.767717 0.902683 0.355093,
        0.570866 0.870903 0.322339,
        0.767717 0.870903 0.322339,
        0.570866 0.823869 0.358050,
        0.767717 0.823869 0.358050,
        0.767717 0.863367 0.399228,
        0.570866 0.863367 0.399228,
        0.767717 0.911223 0.430300,
        0.570866 0.911223 0.430300,
        0.767717 0.964910 0.449625,
        0.570866 0.964910 0.449625,
        0.767717 1.021591 0.456182,
        0.570866 1.021591 0.456182,
        0.767717 1.078271 0.449625,
        0.570866 1.078271 0.449625,
        0.767717 1.131957 0.430300,
        0.570866 1.131957 0.430300,
        0.767717 1.179814 0.399228,
        0.570866 1.179814 0.399228,
        0.767717 1.219312 0.358050,
        0.570866 1.219312 0.358050,
        0.570866 1.984438 0.108241,
        0.767717 1.984438 0.108241,
        0.570866 1.975041 0.049186,
        0.767717 1.975041 0.049186,
        -0.295276 1.182113 0.308072,
        -0.098425 1.182113 0.308072,
        -0.295276 1.153464 0.343596,
        -0.098425 1.153464 0.343596,
        -0.295276 1.117141 0.371226,
        -0.098425 1.117141 0.371226,
        -0.295276 1.075259 0.389356,
        -0.098425 1.075259 0.389356,
        -0.295276 1.030255 0.396928,
        -0.098425 1.030255 0.396928,
        -0.295276 0.984746 0.393505,
        -0.098425 0.984746 0.393505,
        -0.295276 0.941381 0.379284,
        -0.098425 0.941381 0.379284,
        -0.295276 0.902683 0.355093,
        -0.098425 0.902683 0.355093,
        -0.295276 0.870903 0.322339,
        -0.098425 0.870903 0.322339,
        -0.295276 0.823869 0.358050,
        -0.098425 0.823869 0.358050,
        -0.098425 0.863367 0.399228,
        -0.295276 0.863367 0.399228,
        -0.098425 0.911223 0.430300,
        -0.295276 0.911223 0.430300,
        -0.098425 0.964910 0.449625,
        -0.295276 0.964910 0.449625,
        -0.098425 1.021591 0.456182,
        -0.295276 1.021591 0.456182,
        -0.098425 1.078271 0.449625,
        -0.295276 1.078271 0.449625,
        -0.098425 1.131957 0.430300,
        -0.295276 1.131957 0.430300,
        -0.098425 1.179814 0.399228,
        -0.295276 1.179814 0.399228,
        -0.098425 1.219312 0.358050,
        -0.295276 1.219312 0.358050,
        -0.295276 1.984438 0.108241,
        -0.098425 1.984438 0.108241,
        -0.295276 1.975041 0.049186,
        -0.098425 1.975041 0.049186,
        -0.728346 1.182113 0.308072,
        -0.531496 1.182113 0.308072,
        -0.728346 1.153464 0.343596,
        -0.531496 1.153464 0.343596,
        -0.728346 1.117141 0.371226,
        -0.531496 1.117141 0.371226,
        -0.728346 1.075259 0.389356,
        -0.531496 1.075259 0.389356,
        -0.728346 1.030255 0.396928,
        -0.531496 1.030255 0.396928,
        -0.728346 0.984746 0.393505,
        -0.531496 0.984746 0.393505,
        -0.728346 0.941381 0.379284,
        -0.531496 0.941381 0.379284,
        -0.728346 0.902683 0.355093,
        -0.531496 0.902683 0.355093,
        -0.728346 0.870903 0.322339,
        -0.531496 0.870903 0.322339,
        -0.728346 0.823869 0.358050,
        -0.531496 0.823869 0.358050,
        -0.531496 0.863367 0.399228,
        -0.728346 0.863367 0.399228,
        -0.531496 0.911223 0.430300,
        -0.728346 0.911223 0.430300,
        -0.531496 0.964910 0.449625,
        -0.728346 0.964910 0.449625,
        -0.531496 1.021591 0.456182,
        -0.728346 1.021591 0.456182,
        -0.531496 1.078271 0.449625,
        -0.728346 1.078271 0.449625,
        -0.531496 1.131957 0.430300,
        -0.728346 1.131957 0.430300,
        -0.531496 1.179814 0.399228,
        -0.728346 1.179814 0.399228,
        -0.531496 1.219312 0.358050,
        -0.728346 1.219312 0.358050,
        -0.728346 1.984438 0.108241,
        -0.531496 1.984438 0.108241,
        -0.728346 1.975041 0.049186,
        -0.531496 1.975041 0.049186,
        -1.161417 1.182113 0.308072,
        -0.964567 1.182113 0.308072,
        -1.161417 1.153464 0.343596,
        -0.964567 1.153464 0.343596,
        -1.161417 1.117141 0.371226,
        -0.964567 1.117141 0.371226,
        -1.161417 1.075259 0.389356,
        -0.964567 1.075259 0.389356,
        -1.161417 1.030255 0.396928,
        -0.964567 1.030255 0.396928,
        -1.161417 0.984746 0.393505,
        -0.964567 0.984746 0.393505,
        -1.161417 0.941381 0.379284,
        -0.964567 0.941381 0.379284,
        -1.161417 0.902683 0.355093,
        -0.964567 0.902683 0.355093,
        -1.161417 0.870903 0.322339,
        -0.964567 0.870903 0.322339,
        -1.161417 0.823869 0.358050,
        -0.964567 0.823869 0.358050,
        -0.964567 0.863367 0.399228,
        -1.161417 0.863367 0.399228,
        -0.964567 0.911223 0.430300,
        -1.161417 0.911223 0.430300,
        -0.964567 0.964910 0.449625,
        -1.161417 0.964910 0.449625,
        -0.964567 1.021591 0.456182,
        -1.161417 1.021591 0.456182,
        -0.964567 1.078271 0.449625,
        -1.161417 1.078271 0.449625,
        -0.964567 1.131957 0.430300,
        -1.161417 1.131957 0.430300,
        -0.964567 1.179814 0.399228,
        -1.161417 1.179814 0.399228,
        -0.964567 1.219312 0.358050,
        -1.161417 1.219312 0.358050,
        -1.161417 1.984438 0.108241,
        -0.964567 1.984438 0.108241,
        -1.161417 1.975041 0.049186,
        -0.964567 1.975041 0.049186,
        1.003937 1.025187 0.307179,
        1.200787 1.025187 0.307179,
        1.003937 0.996641 0.342954,
        1.200787 0.996641 0.342954,
        1.003937 0.960340 0.370827,
        1.200787 0.960340 0.370827,
        1.003937 0.918408 0.389168,
        1.200787 0.918408 0.389168,
        1.003937 0.873299 0.396904,
        1.200787 0.873299 0.396904,
        1.003937 0.827652 0.393581,
        1.200787 0.827652 0.393581,
        1.003937 0.784139 0.379395,
        1.200787 0.784139 0.379395,
        1.003937 0.745305 0.355175,
        1.200787 0.745305 0.355175,
        1.003937 0.713422 0.322339,
        1.200787 0.713422 0.322339,
        1.003937 0.666389 0.358050,
        1.200787 0.666389 0.358050,
        1.200787 0.705887 0.399228,
        1.003937 0.705887 0.399228,
        1.200787 0.753743 0.430300,
        1.003937 0.753743 0.430300,
        1.200787 0.807430 0.449625,
        1.003937 0.807430 0.449625,
        1.200787 0.864110 0.456182,
        1.003937 0.864110 0.456182,
        1.200787 0.920791 0.449625,
        1.003937 0.920791 0.449625,
        1.200787 0.974477 0.430300,
        1.003937 0.974477 0.430300,
        1.200787 1.022333 0.399228,
        1.003937 1.022333 0.399228,
        1.200787 1.061831 0.358050,
        1.003937 1.061831 0.358050,
        1.003937 1.924640 0.108241,
        1.200787 1.924640 0.108241,
        1.003937 1.916263 0.049186,
        1.200787 1.916263 0.049186,
        0.137795 1.025187 0.307179,
        0.334646 1.025187 0.307179,
        0.137795 0.996641 0.342954,
        0.334646 0.996641 0.342954,
        0.137795 0.960340 0.370827,
        0.334646 0.960340 0.370827,
        0.137795 0.918408 0.389168,
        0.334646 0.918408 0.389168,
        0.137795 0.873299 0.396904,
        0.334646 0.873299 0.396904,
        0.137795 0.827652 0.393581,
        0.334646 0.827652 0.393581,
        0.137795 0.784139 0.379395,
        0.334646 0.784139 0.379395,
        0.137795 0.745305 0.355175,
        0.334646 0.745305 0.355175,
        0.137795 0.713422 0.322339,
        0.334646 0.713422 0.322339,
        0.137795 0.666389 0.358050,
        0.334646 0.666389 0.358050,
        0.334646 0.705887 0.399228,
        0.137795 0.705887 0.399228,
        0.334646 0.753743 0.430300,
        0.137795 0.753743 0.430300,
        0.334646 0.807430 0.449625,
        0.137795 0.807430 0.449625,
        0.334646 0.864110 0.456182,
        0.137795 0.864110 0.456182,
        0.334646 0.920791 0.449625,
        0.137795 0.920791 0.449625,
        0.334646 0.974477 0.430300,
        0.137795 0.974477 0.430300,
        0.334646 1.022333 0.399228,
        0.137795 1.022333 0.399228,
        0.334646 1.061831 0.358050,
        0.137795 1.061831 0.358050,
        0.137795 1.924640 0.108241,
        0.334646 1.924640 0.108241,
        0.137795 1.916263 0.049186,
        0.334646 1.916263 0.049186,
      ]
    }
    coordIndex [
      32, 33, 34, -1,
      34, 33, 35, -1,
      34, 35, 36, -1,
      36, 35, 37, -1,
      36, 37, 38, -1,
      38, 37, 39, -1,
      38, 39, 40, -1,
      40, 39, 41, -1,
      40, 41, 42, -1,
      42, 41, 43, -1,
      42, 43, 44, -1,
      44, 43, 45, -1,
      44, 45, 46, -1,
      46, 45, 47, -1,
      46, 47, 48, -1,
      48, 47, 49, -1,
      50, 48, 51, -1,
      51, 48, 49, -1,
      50, 51, 52, -1,
      50, 52, 53, -1,
      53, 52, 54, -1,
      53, 54, 55, -1,
      55, 54, 56, -1,
      55, 56, 57, -1,
      57, 56, 58, -1,
      57, 58, 59, -1,
      59, 58, 60, -1,
      59, 60, 61, -1,
      61, 60, 62, -1,
      61, 62, 63, -1,
      63, 62, 64, -1,
      63, 64, 65, -1,
      65, 64, 66, -1,
      65, 66, 67, -1,
      68, 67, 69, -1,
      69, 67, 66, -1,
      26, 68, 25, -1,
      25, 68, 69, -1,
      70, 27, 71, -1,
      71, 27, 24, -1,
      32, 70, 33, -1,
      33, 70, 71, -1,
      48, 50, 46, -1,
      46, 50, 53, -1,
      46, 53, 44, -1,
      44, 53, 55, -1,
      44, 55, 42, -1,
      42, 55, 57, -1,
      42, 57, 40, -1,
      40, 57, 59, -1,
      40, 59, 38, -1,
      38, 59, 61, -1,
      38, 61, 36, -1,
      36, 61, 63, -1,
      36, 63, 34, -1,
      34, 63, 65, -1,
      34, 65, 32, -1,
      32, 65, 67, -1,
      32, 67, 70, -1,
      70, 67, 68, -1,
      70, 68, 27, -1,
      27, 68, 26, -1,
      24, 25, 71, -1,
      71, 25, 69, -1,
      71, 69, 33, -1,
      33, 69, 66, -1,
      33, 66, 35, -1,
      35, 66, 64, -1,
      35, 64, 37, -1,
      37, 64, 62, -1,
      37, 62, 39, -1,
      39, 62, 60, -1,
      39, 60, 41, -1,
      41, 60, 58, -1,
      41, 58, 43, -1,
      43, 58, 56, -1,
      43, 56, 45, -1,
      45, 56, 54, -1,
      45, 54, 47, -1,
      47, 54, 52, -1,
      47, 52, 49, -1,
      49, 52, 51, -1,
      72, 73, 74, -1,
      74, 73, 75, -1,
      74, 75, 76, -1,
      76, 75, 77, -1,
      76, 77, 78, -1,
      78, 77, 79, -1,
      78, 79, 80, -1,
      80, 79, 81, -1,
      80, 81, 82, -1,
      82, 81, 83, -1,
      82, 83, 84, -1,
      84, 83, 85, -1,
      84, 85, 86, -1,
      86, 85, 87, -1,
      86, 87, 88, -1,
      88, 87, 89, -1,
      90, 88, 91, -1,
      91, 88, 89, -1,
      90, 91, 92, -1,
      90, 92, 93, -1,
      93, 92, 94, -1,
      93, 94, 95, -1,
      95, 94, 96, -1,
      95, 96, 97, -1,
      97, 96, 98, -1,
      97, 98, 99, -1,
      99, 98, 100, -1,
      99, 100, 101, -1,
      101, 100, 102, -1,
      101, 102, 103, -1,
      103, 102, 104, -1,
      103, 104, 105, -1,
      105, 104, 106, -1,
      105, 106, 107, -1,
      108, 107, 109, -1,
      109, 107, 106, -1,
      30, 108, 29, -1,
      29, 108, 109, -1,
      110, 31, 111, -1,
      111, 31, 28, -1,
      72, 110, 73, -1,
      73, 110, 111, -1,
      88, 90, 86, -1,
      86, 90, 93, -1,
      86, 93, 84, -1,
      84, 93, 95, -1,
      84, 95, 82, -1,
      82, 95, 97, -1,
      82, 97, 80, -1,
      80, 97, 99, -1,
      80, 99, 78, -1,
      78, 99, 101, -1,
      78, 101, 76, -1,
      76, 101, 103, -1,
      76, 103, 74, -1,
      74, 103, 105, -1,
      74, 105, 72, -1,
      72, 105, 107, -1,
      72, 107, 110, -1,
      110, 107, 108, -1,
      110, 108, 31, -1,
      31, 108, 30, -1,
      28, 29, 111, -1,
      111, 29, 109, -1,
      111, 109, 73, -1,
      73, 109, 106, -1,
      73, 106, 75, -1,
      75, 106, 104, -1,
      75, 104, 77, -1,
      77, 104, 102, -1,
      77, 102, 79, -1,
      79, 102, 100, -1,
      79, 100, 81, -1,
      81, 100, 98, -1,
      81, 98, 83, -1,
      83, 98, 96, -1,
      83, 96, 85, -1,
      85, 96, 94, -1,
      85, 94, 87, -1,
      87, 94, 92, -1,
      87, 92, 89, -1,
      89, 92, 91, -1,
      112, 113, 114, -1,
      114, 113, 115, -1,
      114, 115, 116, -1,
      116, 115, 117, -1,
      116, 117, 118, -1,
      118, 117, 119, -1,
      118, 119, 120, -1,
      120, 119, 121, -1,
      120, 121, 122, -1,
      122, 121, 123, -1,
      122, 123, 124, -1,
      124, 123, 125, -1,
      124, 125, 126, -1,
      126, 125, 127, -1,
      126, 127, 128, -1,
      128, 127, 129, -1,
      130, 128, 131, -1,
      131, 128, 129, -1,
      130, 131, 132, -1,
      130, 132, 133, -1,
      133, 132, 134, -1,
      133, 134, 135, -1,
      135, 134, 136, -1,
      135, 136, 137, -1,
      137, 136, 138, -1,
      137, 138, 139, -1,
      139, 138, 140, -1,
      139, 140, 141, -1,
      141, 140, 142, -1,
      141, 142, 143, -1,
      143, 142, 144, -1,
      143, 144, 145, -1,
      145, 144, 146, -1,
      145, 146, 147, -1,
      148, 147, 149, -1,
      149, 147, 146, -1,
      18, 148, 17, -1,
      17, 148, 149, -1,
      150, 19, 151, -1,
      151, 19, 16, -1,
      112, 150, 113, -1,
      113, 150, 151, -1,
      128, 130, 126, -1,
      126, 130, 133, -1,
      126, 133, 124, -1,
      124, 133, 135, -1,
      124, 135, 122, -1,
      122, 135, 137, -1,
      122, 137, 120, -1,
      120, 137, 139, -1,
      120, 139, 118, -1,
      118, 139, 141, -1,
      118, 141, 116, -1,
      116, 141, 143, -1,
      116, 143, 114, -1,
      114, 143, 145, -1,
      114, 145, 112, -1,
      112, 145, 147, -1,
      112, 147, 150, -1,
      150, 147, 148, -1,
      150, 148, 19, -1,
      19, 148, 18, -1,
      16, 17, 151, -1,
      151, 17, 149, -1,
      151, 149, 113, -1,
      113, 149, 146, -1,
      113, 146, 115, -1,
      115, 146, 144, -1,
      115, 144, 117, -1,
      117, 144, 142, -1,
      117, 142, 119, -1,
      119, 142, 140, -1,
      119, 140, 121, -1,
      121, 140, 138, -1,
      121, 138, 123, -1,
      123, 138, 136, -1,
      123, 136, 125, -1,
      125, 136, 134, -1,
      125, 134, 127, -1,
      127, 134, 132, -1,
      127, 132, 129, -1,
      129, 132, 131, -1,
      152, 153, 154, -1,
      154, 153, 155, -1,
      154, 155, 156, -1,
      156, 155, 157, -1,
      156, 157, 158, -1,
      158, 157, 159, -1,
      158, 159, 160, -1,
      160, 159, 161, -1,
      160, 161, 162, -1,
      162, 161, 163, -1,
      162, 163, 164, -1,
      164, 163, 165, -1,
      164, 165, 166, -1,
      166, 165, 167, -1,
      166, 167, 168, -1,
      168, 167, 169, -1,
      170, 168, 171, -1,
      171, 168, 169, -1,
      170, 171, 172, -1,
      170, 172, 173, -1,
      173, 172, 174, -1,
      173, 174, 175, -1,
      175, 174, 176, -1,
      175, 176, 177, -1,
      177, 176, 178, -1,
      177, 178, 179, -1,
      179, 178, 180, -1,
      179, 180, 181, -1,
      181, 180, 182, -1,
      181, 182, 183, -1,
      183, 182, 184, -1,
      183, 184, 185, -1,
      185, 184, 186, -1,
      185, 186, 187, -1,
      188, 187, 189, -1,
      189, 187, 186, -1,
      10, 188, 9, -1,
      9, 188, 189, -1,
      190, 11, 191, -1,
      191, 11, 8, -1,
      152, 190, 153, -1,
      153, 190, 191, -1,
      168, 170, 166, -1,
      166, 170, 173, -1,
      166, 173, 164, -1,
      164, 173, 175, -1,
      164, 175, 162, -1,
      162, 175, 177, -1,
      162, 177, 160, -1,
      160, 177, 179, -1,
      160, 179, 158, -1,
      158, 179, 181, -1,
      158, 181, 156, -1,
      156, 181, 183, -1,
      156, 183, 154, -1,
      154, 183, 185, -1,
      154, 185, 152, -1,
      152, 185, 187, -1,
      152, 187, 190, -1,
      190, 187, 188, -1,
      190, 188, 11, -1,
      11, 188, 10, -1,
      8, 9, 191, -1,
      191, 9, 189, -1,
      191, 189, 153, -1,
      153, 189, 186, -1,
      153, 186, 155, -1,
      155, 186, 184, -1,
      155, 184, 157, -1,
      157, 184, 182, -1,
      157, 182, 159, -1,
      159, 182, 180, -1,
      159, 180, 161, -1,
      161, 180, 178, -1,
      161, 178, 163, -1,
      163, 178, 176, -1,
      163, 176, 165, -1,
      165, 176, 174, -1,
      165, 174, 167, -1,
      167, 174, 172, -1,
      167, 172, 169, -1,
      169, 172, 171, -1,
      192, 193, 194, -1,
      194, 193, 195, -1,
      194, 195, 196, -1,
      196, 195, 197, -1,
      196, 197, 198, -1,
      198, 197, 199, -1,
      198, 199, 200, -1,
      200, 199, 201, -1,
      200, 201, 202, -1,
      202, 201, 203, -1,
      202, 203, 204, -1,
      204, 203, 205, -1,
      204, 205, 206, -1,
      206, 205, 207, -1,
      206, 207, 208, -1,
      208, 207, 209, -1,
      210, 208, 211, -1,
      211, 208, 209, -1,
      210, 211, 212, -1,
      210, 212, 213, -1,
      213, 212, 214, -1,
      213, 214, 215, -1,
      215, 214, 216, -1,
      215, 216, 217, -1,
      217, 216, 218, -1,
      217, 218, 219, -1,
      219, 218, 220, -1,
      219, 220, 221, -1,
      221, 220, 222, -1,
      221, 222, 223, -1,
      223, 222, 224, -1,
      223, 224, 225, -1,
      225, 224, 226, -1,
      225, 226, 227, -1,
      228, 227, 229, -1,
      229, 227, 226, -1,
      6, 228, 5, -1,
      5, 228, 229, -1,
      230, 7, 231, -1,
      231, 7, 4, -1,
      192, 230, 193, -1,
      193, 230, 231, -1,
      208, 210, 206, -1,
      206, 210, 213, -1,
      206, 213, 204, -1,
      204, 213, 215, -1,
      204, 215, 202, -1,
      202, 215, 217, -1,
      202, 217, 200, -1,
      200, 217, 219, -1,
      200, 219, 198, -1,
      198, 219, 221, -1,
      198, 221, 196, -1,
      196, 221, 223, -1,
      196, 223, 194, -1,
      194, 223, 225, -1,
      194, 225, 192, -1,
      192, 225, 227, -1,
      192, 227, 230, -1,
      230, 227, 228, -1,
      230, 228, 7, -1,
      7, 228, 6, -1,
      4, 5, 231, -1,
      231, 5, 229, -1,
      231, 229, 193, -1,
      193, 229, 226, -1,
      193, 226, 195, -1,
      195, 226, 224, -1,
      195, 224, 197, -1,
      197, 224, 222, -1,
      197, 222, 199, -1,
      199, 222, 220, -1,
      199, 220, 201, -1,
      201, 220, 218, -1,
      201, 218, 203, -1,
      203, 218, 216, -1,
      203, 216, 205, -1,
      205, 216, 214, -1,
      205, 214, 207, -1,
      207, 214, 212, -1,
      207, 212, 209, -1,
      209, 212, 211, -1,
      232, 233, 234, -1,
      234, 233, 235, -1,
      234, 235, 236, -1,
      236, 235, 237, -1,
      236, 237, 238, -1,
      238, 237, 239, -1,
      238, 239, 240, -1,
      240, 239, 241, -1,
      240, 241, 242, -1,
      242, 241, 243, -1,
      242, 243, 244, -1,
      244, 243, 245, -1,
      244, 245, 246, -1,
      246, 245, 247, -1,
      246, 247, 248, -1,
      248, 247, 249, -1,
      250, 248, 251, -1,
      251, 248, 249, -1,
      250, 251, 252, -1,
      250, 252, 253, -1,
      253, 252, 254, -1,
      253, 254, 255, -1,
      255, 254, 256, -1,
      255, 256, 257, -1,
      257, 256, 258, -1,
      257, 258, 259, -1,
      259, 258, 260, -1,
      259, 260, 261, -1,
      261, 260, 262, -1,
      261, 262, 263, -1,
      263, 262, 264, -1,
      263, 264, 265, -1,
      265, 264, 266, -1,
      265, 266, 267, -1,
      268, 267, 269, -1,
      269, 267, 266, -1,
      2, 268, 1, -1,
      1, 268, 269, -1,
      270, 3, 271, -1,
      271, 3, 0, -1,
      232, 270, 233, -1,
      233, 270, 271, -1,
      248, 250, 246, -1,
      246, 250, 253, -1,
      246, 253, 244, -1,
      244, 253, 255, -1,
      244, 255, 242, -1,
      242, 255, 257, -1,
      242, 257, 240, -1,
      240, 257, 259, -1,
      240, 259, 238, -1,
      238, 259, 261, -1,
      238, 261, 236, -1,
      236, 261, 263, -1,
      236, 263, 234, -1,
      234, 263, 265, -1,
      234, 265, 232, -1,
      232, 265, 267, -1,
      232, 267, 270, -1,
      270, 267, 268, -1,
      270, 268, 3, -1,
      3, 268, 2, -1,
      0, 1, 271, -1,
      271, 1, 269, -1,
      271, 269, 233, -1,
      233, 269, 266, -1,
      233, 266, 235, -1,
      235, 266, 264, -1,
      235, 264, 237, -1,
      237, 264, 262, -1,
      237, 262, 239, -1,
      239, 262, 260, -1,
      239, 260, 241, -1,
      241, 260, 258, -1,
      241, 258, 243, -1,
      243, 258, 256, -1,
      243, 256, 245, -1,
      245, 256, 254, -1,
      245, 254, 247, -1,
      247, 254, 252, -1,
      247, 252, 249, -1,
      249, 252, 251, -1,
      272, 273, 274, -1,
      274, 273, 275, -1,
      274, 275, 276, -1,
      276, 275, 277, -1,
      276, 277, 278, -1,
      278, 277, 279, -1,
      278, 279, 280, -1,
      280, 279, 281, -1,
      280, 281, 282, -1,
      282, 281, 283, -1,
      282, 283, 284, -1,
      284, 283, 285, -1,
      284, 285, 286, -1,
      286, 285, 287, -1,
      286, 287, 288, -1,
      288, 287, 289, -1,
      290, 288, 291, -1,
      291, 288, 289, -1,
      290, 291, 292, -1,
      290, 292, 293, -1,
      293, 292, 294, -1,
      293, 294, 295, -1,
      295, 294, 296, -1,
      295, 296, 297, -1,
      297, 296, 298, -1,
      297, 298, 299, -1,
      299, 298, 300, -1,
      299, 300, 301, -1,
      301, 300, 302, -1,
      301, 302, 303, -1,
      303, 302, 304, -1,
      303, 304, 305, -1,
      305, 304, 306, -1,
      305, 306, 307, -1,
      308, 307, 309, -1,
      309, 307, 306, -1,
      22, 308, 21, -1,
      21, 308, 309, -1,
      310, 23, 311, -1,
      311, 23, 20, -1,
      272, 310, 273, -1,
      273, 310, 311, -1,
      288, 290, 286, -1,
      286, 290, 293, -1,
      286, 293, 284, -1,
      284, 293, 295, -1,
      284, 295, 282, -1,
      282, 295, 297, -1,
      282, 297, 280, -1,
      280, 297, 299, -1,
      280, 299, 278, -1,
      278, 299, 301, -1,
      278, 301, 276, -1,
      276, 301, 303, -1,
      276, 303, 274, -1,
      274, 303, 305, -1,
      274, 305, 272, -1,
      272, 305, 307, -1,
      272, 307, 310, -1,
      310, 307, 308, -1,
      310, 308, 23, -1,
      23, 308, 22, -1,
      20, 21, 311, -1,
      311, 21, 309, -1,
      311, 309, 273, -1,
      273, 309, 306, -1,
      273, 306, 275, -1,
      275, 306, 304, -1,
      275, 304, 277, -1,
      277, 304, 302, -1,
      277, 302, 279, -1,
      279, 302, 300, -1,
      279, 300, 281, -1,
      281, 300, 298, -1,
      281, 298, 283, -1,
      283, 298, 296, -1,
      283, 296, 285, -1,
      285, 296, 294, -1,
      285, 294, 287, -1,
      287, 294, 292, -1,
      287, 292, 289, -1,
      289, 292, 291, -1,
      312, 313, 314, -1,
      314, 313, 315, -1,
      314, 315, 316, -1,
      316, 315, 317, -1,
      316, 317, 318, -1,
      318, 317, 319, -1,
      318, 319, 320, -1,
      320, 319, 321, -1,
      320, 321, 322, -1,
      322, 321, 323, -1,
      322, 323, 324, -1,
      324, 323, 325, -1,
      324, 325, 326, -1,
      326, 325, 327, -1,
      326, 327, 328, -1,
      328, 327, 329, -1,
      330, 328, 331, -1,
      331, 328, 329, -1,
      330, 331, 332, -1,
      330, 332, 333, -1,
      333, 332, 334, -1,
      333, 334, 335, -1,
      335, 334, 336, -1,
      335, 336, 337, -1,
      337, 336, 338, -1,
      337, 338, 339, -1,
      339, 338, 340, -1,
      339, 340, 341, -1,
      341, 340, 342, -1,
      341, 342, 343, -1,
      343, 342, 344, -1,
      343, 344, 345, -1,
      345, 344, 346, -1,
      345, 346, 347, -1,
      348, 347, 349, -1,
      349, 347, 346, -1,
      14, 348, 13, -1,
      13, 348, 349, -1,
      350, 15, 351, -1,
      351, 15, 12, -1,
      312, 350, 313, -1,
      313, 350, 351, -1,
      328, 330, 326, -1,
      326, 330, 333, -1,
      326, 333, 324, -1,
      324, 333, 335, -1,
      324, 335, 322, -1,
      322, 335, 337, -1,
      322, 337, 320, -1,
      320, 337, 339, -1,
      320, 339, 318, -1,
      318, 339, 341, -1,
      318, 341, 316, -1,
      316, 341, 343, -1,
      316, 343, 314, -1,
      314, 343, 345, -1,
      314, 345, 312, -1,
      312, 345, 347, -1,
      312, 347, 350, -1,
      350, 347, 348, -1,
      350, 348, 15, -1,
      15, 348, 14, -1,
      12, 13, 351, -1,
      351, 13, 349, -1,
      351, 349, 313, -1,
      313, 349, 346, -1,
      313, 346, 315, -1,
      315, 346, 344, -1,
      315, 344, 317, -1,
      317, 344, 342, -1,
      317, 342, 319, -1,
      319, 342, 340, -1,
      319, 340, 321, -1,
      321, 340, 338, -1,
      321, 338, 323, -1,
      323, 338, 336, -1,
      323, 336, 325, -1,
      325, 336, 334, -1,
      325, 334, 327, -1,
      327, 334, 332, -1,
      327, 332, 329, -1,
      329, 332, 331, -1,
    ]
  }
}

Shape {
  appearance Appearance {
    material Material {
      diffuseColor 1.0000 1.0000 1.0000
      specularColor 0.8784 0.8784 0.8784
      ambientIntensity 0.2
      transparency 0.0000
      shininess 0.5
    }
  }
  geometry IndexedFaceSet {
    ccw TRUE
    solid FALSE
    coord DEF co Coordinate {
      point [
        0.439867 -0.293854 0.000000,
        0.452756 -0.285623 0.000000,
        0.326611 -0.309618 0.000000,
        0.286829 -0.304044 0.000000,
        0.244863 -0.286813 0.000000,
        0.244863 0.075680 0.000000,
        0.244863 0.022867 0.000000,
        0.382635 -0.264689 0.000000,
        0.345913 -0.268808 0.000000,
        0.375828 0.043720 0.000000,
        0.244863 -0.243601 0.000000,
        0.289209 0.041856 0.000000,
        0.251919 -0.247510 0.000000,
        0.337061 0.048073 0.000000,
        0.293653 -0.263007 0.000000,
        0.452756 -0.007456 0.000000,
        0.452756 -0.219621 0.000000,
        0.432546 0.014855 0.000000,
        0.435484 -0.237843 0.000000,
        0.405296 0.033085 0.000000,
        0.411322 -0.254128 0.000000,
        0.420944 0.075306 0.000000,
        0.377055 0.088056 0.000000,
        0.337511 0.091284 0.000000,
        0.290381 0.088032 0.000000,
        0.484924 -0.114569 0.000000,
        0.480938 -0.157189 0.000000,
        0.483046 -0.083936 0.000000,
        0.456321 -0.011392 0.000000,
        0.472552 -0.041789 0.000000,
        0.470242 -0.191053 0.000000,
        0.453959 -0.218352 0.000000,
        0.471536 -0.273631 0.000000,
        0.501108 -0.242498 0.000000,
        0.571346 -0.307218 0.000000,
        0.772998 -0.307218 0.000000,
        0.772998 0.086483 0.000000,
        0.493884 0.019596 0.000000,
        0.458340 0.053780 0.000000,
        0.452756 0.056994 0.000000,
        0.571346 -0.264007 0.000000,
        0.522081 -0.205063 0.000000,
        0.720184 -0.264007 0.000000,
        0.533931 -0.163390 0.000000,
        0.537738 -0.117794 0.000000,
        0.720184 0.086483 0.000000,
        0.532074 -0.061822 0.000000,
        0.516960 -0.017212 0.000000,
        0.342426 -0.311834 0.000000,
        0.353191 -0.312019 0.000000,
        0.376343 -0.309618 0.000000,
        0.401708 -0.306988 0.000000,
        0.019685 -0.129572 0.000000,
        0.115230 -0.129572 0.000000,
        0.019685 -0.264007 0.000000,
        0.115230 -0.264007 0.000000,
        -0.043211 -0.264007 0.000000,
        -0.043211 -0.307218 0.000000,
        -0.033609 0.043272 0.000000,
        -0.033609 0.086483 0.000000,
        -0.024006 -0.129572 0.000000,
        -0.024006 -0.086361 0.000000,
        0.019685 -0.086361 0.000000,
        0.019685 0.043272 0.000000,
        0.115230 0.043272 0.000000,
        0.115230 -0.086361 0.000000,
        0.019685 -0.307218 0.000000,
        0.168043 -0.307218 0.000000,
        0.168043 0.086483 0.000000,
        0.019685 0.086483 0.000000,
        -0.423476 -0.029581 0.000000,
        -0.434051 -0.068370 0.000000,
        -0.436912 -0.105416 0.000000,
        -0.431387 -0.158105 0.000000,
        -0.417252 -0.199313 0.000000,
        -0.395621 -0.233051 0.000000,
        -0.394675 -0.234527 0.000000,
        -0.227083 -0.307218 0.000000,
        -0.120031 -0.307218 0.000000,
        -0.120031 0.086483 0.000000,
        -0.362270 -0.265555 0.000000,
        -0.321162 -0.289444 0.000000,
        -0.275796 -0.302965 0.000000,
        -0.288013 0.080403 0.000000,
        -0.334077 0.064228 0.000000,
        -0.376928 0.035511 0.000000,
        -0.377339 0.035149 0.000000,
        -0.395621 0.014877 0.000000,
        -0.405180 0.004278 0.000000,
        -0.231134 0.086483 0.000000,
        -0.723560 -0.196789 0.000000,
        -0.560919 -0.196789 0.000000,
        -0.763395 -0.307218 0.000000,
        -0.523334 -0.307218 0.000000,
        -0.821010 -0.307218 0.000000,
        -0.465719 -0.307218 0.000000,
        -0.614557 0.086483 0.000000,
        -0.667371 0.086483 0.000000,
        -0.667371 0.086483 0.007874,
        -0.821010 -0.307218 0.007874,
        -0.763395 -0.307218 0.007874,
        -0.723560 -0.196789 0.007874,
        -0.560919 -0.196789 0.007874,
        -0.523334 -0.307218 0.007874,
        -0.465719 -0.307218 0.007874,
        -0.614557 0.086483 0.007874,
        -0.574197 -0.153578 0.007874,
        -0.705856 -0.153578 0.007874,
        -0.632937 0.010864 0.007874,
        -0.636726 0.024518 0.007874,
        -0.639239 0.038471 0.007874,
        -0.640514 0.038471 0.007874,
        -0.643083 0.024560 0.007874,
        -0.646591 0.010864 0.007874,
        -0.574197 -0.153578 0.000000,
        -0.705856 -0.153578 0.000000,
        -0.632937 0.010864 0.000000,
        -0.636726 0.024518 0.000000,
        -0.639239 0.038471 0.000000,
        -0.640514 0.038471 0.000000,
        -0.643083 0.024560 0.000000,
        -0.646591 0.010864 0.000000,
        -0.227083 -0.307218 0.007874,
        -0.120031 -0.307218 0.007874,
        -0.120031 0.086483 0.007874,
        -0.231134 0.086483 0.007874,
        -0.436912 -0.105416 0.007874,
        -0.434051 -0.068370 0.007874,
        -0.423476 -0.029581 0.007874,
        -0.405180 0.004278 0.007874,
        -0.377339 0.035149 0.007874,
        -0.376928 0.035511 0.007874,
        -0.334077 0.064228 0.007874,
        -0.288013 0.080403 0.007874,
        -0.275796 -0.302965 0.007874,
        -0.321162 -0.289444 0.007874,
        -0.362270 -0.265555 0.007874,
        -0.394675 -0.234527 0.007874,
        -0.417252 -0.199313 0.007874,
        -0.431387 -0.158105 0.007874,
        -0.357886 -0.011937 0.007874,
        -0.338763 0.008368 0.007874,
        -0.310005 0.026946 0.007874,
        -0.277507 0.038319 0.007874,
        -0.230909 0.043272 0.007874,
        -0.172844 0.043272 0.007874,
        -0.172844 -0.264007 0.007874,
        -0.228733 -0.264007 0.007874,
        -0.270269 -0.260141 0.007874,
        -0.303400 -0.249799 0.007874,
        -0.330250 -0.233856 0.007874,
        -0.352331 -0.212045 0.007874,
        -0.368937 -0.184900 0.007874,
        -0.380483 -0.147893 0.007874,
        -0.384098 -0.106541 0.007874,
        -0.380754 -0.067358 0.007874,
        -0.371563 -0.036219 0.007874,
        -0.230909 0.043272 0.000000,
        -0.172844 0.043272 0.000000,
        -0.277507 0.038319 0.000000,
        -0.310005 0.026946 0.000000,
        -0.338763 0.008368 0.000000,
        -0.357886 -0.011937 0.000000,
        -0.371563 -0.036219 0.000000,
        -0.380754 -0.067358 0.000000,
        -0.384098 -0.106541 0.000000,
        -0.380483 -0.147893 0.000000,
        -0.368937 -0.184900 0.000000,
        -0.352331 -0.212045 0.000000,
        -0.330250 -0.233856 0.000000,
        -0.303400 -0.249799 0.000000,
        -0.270269 -0.260141 0.000000,
        -0.228733 -0.264007 0.000000,
        -0.172844 -0.264007 0.000000,
        -0.043211 -0.264007 0.007874,
        -0.043211 -0.307218 0.007874,
        0.168043 -0.307218 0.007874,
        0.168043 0.086483 0.007874,
        -0.033609 0.086483 0.007874,
        -0.033609 0.043272 0.007874,
        0.115230 0.043272 0.007874,
        0.115230 -0.086361 0.007874,
        -0.024006 -0.086361 0.007874,
        -0.024006 -0.129572 0.007874,
        0.115230 -0.129572 0.007874,
        0.115230 -0.264007 0.007874,
        0.244863 -0.243601 0.007874,
        0.244863 -0.286813 0.007874,
        0.286829 -0.304044 0.007874,
        0.353191 -0.312019 0.007874,
        0.342426 -0.311834 0.007874,
        0.501108 -0.242498 0.007874,
        0.522081 -0.205063 0.007874,
        0.533931 -0.163390 0.007874,
        0.537738 -0.117794 0.007874,
        0.439867 -0.293854 0.007874,
        0.471536 -0.273631 0.007874,
        0.401708 -0.306988 0.007874,
        0.377055 0.088056 0.007874,
        0.337511 0.091284 0.007874,
        0.458340 0.053780 0.007874,
        0.420944 0.075306 0.007874,
        0.493884 0.019596 0.007874,
        0.516960 -0.017212 0.007874,
        0.532074 -0.061822 0.007874,
        0.244863 0.075680 0.007874,
        0.290381 0.088032 0.007874,
        0.244863 0.022867 0.007874,
        0.337061 0.048073 0.007874,
        0.289209 0.041856 0.007874,
        0.484924 -0.114569 0.007874,
        0.483046 -0.083936 0.007874,
        0.472552 -0.041789 0.007874,
        0.456321 -0.011392 0.007874,
        0.432546 0.014855 0.007874,
        0.405296 0.033085 0.007874,
        0.375828 0.043720 0.007874,
        0.345913 -0.268808 0.007874,
        0.382635 -0.264689 0.007874,
        0.411322 -0.254128 0.007874,
        0.435484 -0.237843 0.007874,
        0.453959 -0.218352 0.007874,
        0.470242 -0.191053 0.007874,
        0.480938 -0.157189 0.007874,
        0.251919 -0.247510 0.007874,
        0.293653 -0.263007 0.007874,
        0.571346 -0.264007 0.007874,
        0.571346 -0.307218 0.007874,
        0.772998 -0.307218 0.007874,
        0.772998 0.086483 0.007874,
        0.720184 0.086483 0.007874,
        0.720184 -0.264007 0.007874,
      ]
    }
    coordIndex [
      98, 99, 97, -1,
      97, 99, 94, -1,
      99, 100, 94, -1,
      94, 100, 92, -1,
      100, 101, 92, -1,
      92, 101, 90, -1,
      101, 102, 90, -1,
      90, 102, 91, -1,
      102, 103, 91, -1,
      91, 103, 93, -1,
      103, 104, 93, -1,
      93, 104, 95, -1,
      104, 105, 95, -1,
      95, 105, 96, -1,
      105, 98, 96, -1,
      96, 98, 97, -1,
      106, 102, 107, -1,
      107, 102, 101, -1,
      108, 105, 106, -1,
      106, 105, 104, -1,
      106, 104, 102, -1,
      102, 104, 103, -1,
      108, 109, 105, -1,
      105, 109, 110, -1,
      105, 110, 98, -1,
      98, 110, 111, -1,
      98, 111, 112, -1,
      112, 113, 98, -1,
      98, 113, 107, -1,
      98, 107, 99, -1,
      99, 107, 101, -1,
      99, 101, 100, -1,
      106, 107, 114, -1,
      114, 107, 115, -1,
      108, 106, 116, -1,
      116, 106, 114, -1,
      108, 116, 117, -1,
      108, 117, 109, -1,
      109, 117, 118, -1,
      109, 118, 110, -1,
      111, 110, 119, -1,
      119, 110, 118, -1,
      111, 119, 120, -1,
      111, 120, 112, -1,
      112, 120, 121, -1,
      112, 121, 113, -1,
      107, 113, 115, -1,
      115, 113, 121, -1,
      122, 123, 77, -1,
      77, 123, 78, -1,
      123, 124, 78, -1,
      78, 124, 79, -1,
      124, 125, 79, -1,
      79, 125, 89, -1,
      126, 72, 71, -1,
      126, 71, 127, -1,
      127, 71, 70, -1,
      127, 70, 128, -1,
      128, 70, 88, -1,
      128, 88, 129, -1,
      129, 88, 87, -1,
      129, 87, 130, -1,
      87, 86, 130, -1,
      130, 86, 85, -1,
      130, 85, 131, -1,
      131, 85, 84, -1,
      131, 84, 132, -1,
      132, 84, 83, -1,
      132, 83, 133, -1,
      133, 83, 89, -1,
      133, 89, 125, -1,
      122, 77, 82, -1,
      122, 82, 134, -1,
      134, 82, 81, -1,
      134, 81, 135, -1,
      135, 81, 80, -1,
      135, 80, 136, -1,
      136, 80, 76, -1,
      136, 76, 137, -1,
      137, 76, 75, -1,
      137, 75, 138, -1,
      75, 74, 138, -1,
      138, 74, 73, -1,
      138, 73, 139, -1,
      139, 73, 72, -1,
      139, 72, 126, -1,
      128, 129, 140, -1,
      140, 129, 130, -1,
      140, 130, 141, -1,
      141, 130, 131, -1,
      141, 131, 142, -1,
      142, 131, 132, -1,
      142, 132, 143, -1,
      143, 132, 133, -1,
      143, 133, 144, -1,
      144, 133, 125, -1,
      144, 125, 145, -1,
      145, 125, 124, -1,
      145, 124, 146, -1,
      146, 124, 123, -1,
      146, 123, 147, -1,
      147, 123, 122, -1,
      147, 122, 148, -1,
      148, 122, 134, -1,
      148, 134, 149, -1,
      149, 134, 135, -1,
      149, 135, 150, -1,
      150, 135, 136, -1,
      150, 136, 151, -1,
      151, 136, 137, -1,
      151, 137, 152, -1,
      152, 137, 138, -1,
      152, 138, 153, -1,
      153, 138, 139, -1,
      153, 139, 154, -1,
      154, 139, 126, -1,
      154, 126, 155, -1,
      155, 126, 127, -1,
      155, 127, 156, -1,
      156, 127, 128, -1,
      156, 128, 140, -1,
      144, 145, 157, -1,
      157, 145, 158, -1,
      144, 157, 159, -1,
      144, 159, 143, -1,
      143, 159, 160, -1,
      143, 160, 142, -1,
      142, 160, 161, -1,
      142, 161, 141, -1,
      141, 161, 162, -1,
      141, 162, 140, -1,
      140, 162, 163, -1,
      140, 163, 156, -1,
      156, 163, 164, -1,
      156, 164, 155, -1,
      155, 164, 165, -1,
      155, 165, 154, -1,
      154, 165, 166, -1,
      154, 166, 153, -1,
      153, 166, 167, -1,
      153, 167, 152, -1,
      152, 167, 168, -1,
      152, 168, 151, -1,
      151, 168, 169, -1,
      151, 169, 150, -1,
      150, 169, 170, -1,
      150, 170, 149, -1,
      149, 170, 171, -1,
      149, 171, 148, -1,
      148, 171, 172, -1,
      148, 172, 147, -1,
      146, 147, 173, -1,
      173, 147, 172, -1,
      145, 146, 158, -1,
      158, 146, 173, -1,
      174, 175, 56, -1,
      56, 175, 57, -1,
      57, 175, 66, -1,
      66, 175, 176, -1,
      66, 176, 67, -1,
      176, 177, 67, -1,
      67, 177, 68, -1,
      68, 177, 69, -1,
      69, 177, 178, -1,
      69, 178, 59, -1,
      178, 179, 59, -1,
      59, 179, 58, -1,
      58, 179, 63, -1,
      63, 179, 180, -1,
      63, 180, 64, -1,
      180, 181, 64, -1,
      64, 181, 65, -1,
      65, 181, 62, -1,
      62, 181, 182, -1,
      62, 182, 61, -1,
      182, 183, 61, -1,
      61, 183, 60, -1,
      60, 183, 52, -1,
      52, 183, 184, -1,
      52, 184, 53, -1,
      184, 185, 53, -1,
      53, 185, 55, -1,
      55, 185, 54, -1,
      54, 185, 174, -1,
      54, 174, 56, -1,
      176, 175, 174, -1,
      174, 185, 176, -1,
      176, 185, 184, -1,
      176, 184, 177, -1,
      179, 178, 180, -1,
      180, 178, 177, -1,
      180, 177, 181, -1,
      181, 177, 184, -1,
      181, 184, 182, -1,
      182, 184, 183, -1,
      186, 187, 10, -1,
      10, 187, 4, -1,
      4, 187, 188, -1,
      189, 49, 48, -1,
      189, 48, 190, -1,
      190, 48, 2, -1,
      190, 2, 188, -1,
      188, 2, 3, -1,
      188, 3, 4, -1,
      32, 191, 33, -1,
      33, 191, 192, -1,
      33, 192, 41, -1,
      41, 192, 193, -1,
      41, 193, 43, -1,
      43, 193, 194, -1,
      43, 194, 44, -1,
      1, 195, 32, -1,
      32, 195, 196, -1,
      32, 196, 191, -1,
      1, 0, 195, -1,
      195, 0, 51, -1,
      195, 51, 197, -1,
      197, 51, 189, -1,
      189, 51, 50, -1,
      189, 50, 49, -1,
      21, 198, 22, -1,
      22, 198, 199, -1,
      22, 199, 23, -1,
      39, 200, 21, -1,
      21, 200, 201, -1,
      21, 201, 198, -1,
      39, 38, 200, -1,
      200, 38, 37, -1,
      200, 37, 202, -1,
      202, 37, 47, -1,
      202, 47, 203, -1,
      203, 47, 46, -1,
      203, 46, 204, -1,
      204, 46, 44, -1,
      204, 44, 194, -1,
      205, 5, 24, -1,
      205, 24, 206, -1,
      206, 24, 23, -1,
      206, 23, 199, -1,
      205, 207, 5, -1,
      5, 207, 6, -1,
      208, 13, 11, -1,
      208, 11, 209, -1,
      209, 11, 6, -1,
      209, 6, 207, -1,
      210, 25, 27, -1,
      210, 27, 211, -1,
      211, 27, 29, -1,
      211, 29, 212, -1,
      212, 29, 28, -1,
      212, 28, 213, -1,
      213, 28, 15, -1,
      213, 15, 214, -1,
      15, 17, 214, -1,
      214, 17, 19, -1,
      214, 19, 215, -1,
      215, 19, 9, -1,
      215, 9, 216, -1,
      216, 9, 13, -1,
      216, 13, 208, -1,
      217, 8, 7, -1,
      217, 7, 218, -1,
      218, 7, 20, -1,
      218, 20, 219, -1,
      219, 20, 18, -1,
      219, 18, 220, -1,
      220, 18, 16, -1,
      220, 16, 221, -1,
      16, 31, 221, -1,
      221, 31, 30, -1,
      221, 30, 222, -1,
      222, 30, 26, -1,
      222, 26, 223, -1,
      223, 26, 25, -1,
      223, 25, 210, -1,
      186, 10, 12, -1,
      186, 12, 224, -1,
      224, 12, 14, -1,
      224, 14, 225, -1,
      225, 14, 8, -1,
      225, 8, 217, -1,
      218, 189, 217, -1,
      217, 189, 190, -1,
      217, 190, 225, -1,
      225, 190, 188, -1,
      225, 188, 224, -1,
      224, 188, 187, -1,
      224, 187, 186, -1,
      207, 205, 209, -1,
      209, 205, 206, -1,
      209, 206, 208, -1,
      208, 206, 199, -1,
      208, 199, 216, -1,
      216, 199, 198, -1,
      216, 198, 215, -1,
      215, 198, 201, -1,
      215, 201, 214, -1,
      214, 201, 200, -1,
      214, 200, 213, -1,
      213, 200, 202, -1,
      213, 202, 212, -1,
      212, 202, 203, -1,
      212, 203, 211, -1,
      211, 203, 204, -1,
      211, 204, 210, -1,
      210, 204, 194, -1,
      210, 194, 223, -1,
      223, 194, 193, -1,
      223, 193, 222, -1,
      222, 193, 192, -1,
      222, 192, 221, -1,
      221, 192, 191, -1,
      221, 191, 220, -1,
      220, 191, 196, -1,
      220, 196, 219, -1,
      219, 196, 195, -1,
      219, 195, 218, -1,
      218, 195, 197, -1,
      218, 197, 189, -1,
      226, 227, 40, -1,
      40, 227, 34, -1,
      227, 228, 34, -1,
      34, 228, 35, -1,
      228, 229, 35, -1,
      35, 229, 36, -1,
      229, 230, 36, -1,
      36, 230, 45, -1,
      230, 231, 45, -1,
      45, 231, 42, -1,
      231, 226, 42, -1,
      42, 226, 40, -1,
      230, 229, 231, -1,
      231, 229, 228, -1,
      231, 228, 226, -1,
      226, 228, 227, -1,
    ]
  }
}

Shape {
  appearance Appearance {
    material Material {
      diffuseColor 0.2078 0.2078 0.2078
      specularColor 0.0157 0.0157 0.0157
      ambientIntensity 0.2
      transparency 0.0000
      shininess 0.5
    }
  }
  geometry IndexedFaceSet {
    ccw TRUE
    solid FALSE
    coord DEF co Coordinate {
      point [
        -0.574197 -0.153578 0.000000,
        -0.705856 -0.153578 0.000000,
        -0.632937 0.010864 0.000000,
        -0.636726 0.024518 0.000000,
        -0.639239 0.038471 0.000000,
        -0.640514 0.038471 0.000000,
        -0.643083 0.024560 0.000000,
        -0.646591 0.010864 0.000000,
        -0.230909 0.043272 0.000000,
        -0.172844 0.043272 0.000000,
        -0.277507 0.038319 0.000000,
        -0.310005 0.026946 0.000000,
        -0.338763 0.008368 0.000000,
        -0.357886 -0.011937 0.000000,
        -0.371563 -0.036219 0.000000,
        -0.380754 -0.067358 0.000000,
        -0.384098 -0.106541 0.000000,
        -0.380483 -0.147893 0.000000,
        -0.368937 -0.184900 0.000000,
        -0.352331 -0.212045 0.000000,
        -0.330250 -0.233856 0.000000,
        -0.303400 -0.249799 0.000000,
        -0.270269 -0.260141 0.000000,
        -0.228733 -0.264007 0.000000,
        -0.172844 -0.264007 0.000000,
      ]
    }
    coordIndex [
      0, 1, 2, -1,
      2, 1, 7, -1,
      2, 7, 3, -1,
      3, 7, 6, -1,
      3, 6, 4, -1,
      4, 6, 5, -1,
      9, 24, 8, -1,
      8, 24, 23, -1,
      8, 23, 22, -1,
      16, 15, 8, -1,
      8, 15, 14, -1,
      8, 14, 10, -1,
      22, 21, 8, -1,
      8, 21, 20, -1,
      8, 20, 19, -1,
      19, 18, 8, -1,
      8, 18, 17, -1,
      8, 17, 16, -1,
      13, 12, 14, -1,
      14, 12, 11, -1,
      14, 11, 10, -1,
    ]
  }
}
