#VRML V2.0 utf8

Shape {
  appearance Appearance {
    material Material {
      diffuseColor 0.8510 0.8510 0.8510
      specularColor 0.4235 0.4235 0.4235
      ambientIntensity 0.2
      transparency 0.0000
      shininess 0.5
    }
  }
  geometry IndexedFaceSet {
    ccw TRUE
    solid FALSE
    coord DEF co Coordinate {
      point [
        -0.028741 -0.030798 0.000000,
        -0.729537 -0.030798 0.000000,
        -0.729537 0.640573 0.000000,
        -0.025320 -0.036560 0.000000,
        -0.018838 -0.036560 0.000000,
        0.729537 -0.030798 0.000000,
        -0.021899 -0.107858 0.000000,
        -0.021899 -0.085533 0.000000,
        0.030675 -0.107858 0.000000,
        0.030675 -0.115780 0.000000,
        0.729537 -0.798053 0.000000,
        -0.028380 -0.115780 0.000000,
        -0.028741 -0.798053 0.000000,
        0.024913 -0.050390 0.000000,
        -0.019424 -0.037619 0.000000,
        0.023981 -0.043212 0.000000,
        0.021132 -0.036560 0.000000,
        0.029054 -0.036560 0.000000,
        0.024262 -0.056204 0.000000,
        0.022672 -0.060602 0.000000,
        0.019867 -0.064786 0.000000,
        0.015911 -0.068335 0.000000,
        0.011343 -0.070745 0.000000,
        0.004949 -0.072308 0.000000,
        0.000517 -0.072569 0.000000,
        -0.005872 -0.071972 0.000000,
        -0.010951 -0.070369 0.000000,
        -0.022619 -0.051718 0.000000,
        -0.017950 -0.065168 0.000000,
        -0.022008 -0.057198 0.000000,
        -0.020411 -0.061541 0.000000,
        -0.015053 -0.067914 0.000000,
        -0.021749 -0.043879 0.000000,
        -0.026365 -0.065841 0.000000,
        -0.028380 -0.085533 0.000000,
        -0.028344 -0.060088 0.000000,
        -0.028741 -0.056275 0.000000,
        0.020655 -0.073912 0.000000,
        0.025627 -0.068779 0.000000,
        0.028870 -0.063264 0.000000,
        0.030839 -0.056788 0.000000,
        -0.023266 -0.070654 0.000000,
        -0.018570 -0.075072 0.000000,
        -0.012934 -0.078193 0.000000,
        -0.006670 -0.079944 0.000000,
        0.031395 -0.050457 0.000000,
        0.030907 -0.043388 0.000000,
        0.000033 -0.080491 0.000000,
        0.008416 -0.079645 0.000000,
        0.015130 -0.077376 0.000000,
        -0.027904 -0.042855 0.000000,
        -0.028741 -0.048822 0.000000,
        -0.029073 -0.051194 0.000000,
        -0.729537 -0.798053 0.000000,
        -0.029101 -0.052809 0.000000,
        -0.572057 0.798053 0.000000,
        -0.028741 0.798053 0.000000,
        -0.028380 0.006651 0.000000,
        -0.028380 -0.025037 0.000000,
        0.030675 -0.025037 0.000000,
        0.030675 0.005211 0.000000,
        0.024193 0.005211 0.000000,
        -0.028380 0.018174 0.000000,
        0.030675 0.034839 0.000000,
        0.029763 0.043371 0.000000,
        0.030675 0.092353 0.000000,
        0.016697 0.062016 0.000000,
        0.010936 0.064489 0.000000,
        0.030675 0.018174 0.000000,
        -0.012195 0.062757 0.000000,
        -0.017477 0.059370 0.000000,
        -0.028380 0.070027 0.000000,
        -0.022131 0.054510 0.000000,
        -0.025714 0.048344 0.000000,
        0.027337 0.050284 0.000000,
        0.023531 0.056133 0.000000,
        0.021399 0.058432 0.000000,
        -0.001733 0.003770 0.000000,
        -0.001733 -0.017115 0.000000,
        -0.021899 -0.017115 0.000000,
        0.004782 0.065595 0.000000,
        0.001890 0.065706 0.000000,
        -0.006013 0.064878 0.000000,
        0.024193 -0.017115 0.000000,
        0.004748 -0.017115 0.000000,
        0.004748 0.003770 0.000000,
        -0.021899 0.006651 0.000000,
        0.729537 0.798053 0.000000,
        0.030675 0.100275 0.000000,
        -0.028380 0.123321 0.000000,
        -0.028380 0.114679 0.000000,
        -0.011816 0.108704 0.000000,
        -0.011816 0.084307 0.000000,
        -0.028380 0.078669 0.000000,
        -0.027743 0.041539 0.000000,
        -0.028380 0.034232 0.000000,
      ]
    }
    coordIndex [
      0, 1, 2, -1,
      3, 0, 4, -1,
      4, 0, 5, -1,
      6, 7, 8, -1,
      8, 7, 5, -1,
      8, 5, 9, -1,
      9, 5, 10, -1,
      9, 10, 11, -1,
      11, 10, 12, -1,
      13, 14, 15, -1,
      15, 14, 4, -1,
      15, 4, 16, -1,
      16, 4, 5, -1,
      16, 5, 17, -1,
      13, 18, 14, -1,
      14, 18, 19, -1,
      14, 19, 20, -1,
      20, 21, 14, -1,
      14, 21, 22, -1,
      14, 22, 23, -1,
      23, 24, 14, -1,
      14, 24, 25, -1,
      14, 25, 26, -1,
      27, 28, 29, -1,
      29, 28, 30, -1,
      26, 31, 14, -1,
      14, 31, 28, -1,
      14, 28, 32, -1,
      32, 28, 27, -1,
      33, 34, 35, -1,
      35, 34, 36, -1,
      37, 38, 5, -1,
      5, 38, 39, -1,
      5, 39, 40, -1,
      33, 41, 34, -1,
      34, 41, 42, -1,
      34, 42, 7, -1,
      7, 42, 43, -1,
      7, 43, 44, -1,
      40, 45, 5, -1,
      5, 45, 46, -1,
      5, 46, 17, -1,
      44, 47, 7, -1,
      7, 47, 48, -1,
      7, 48, 5, -1,
      5, 48, 49, -1,
      5, 49, 37, -1,
      3, 50, 0, -1,
      0, 50, 51, -1,
      0, 51, 1, -1,
      1, 51, 52, -1,
      1, 52, 53, -1,
      53, 52, 54, -1,
      53, 54, 12, -1,
      12, 54, 36, -1,
      12, 36, 11, -1,
      11, 36, 34, -1,
      2, 55, 0, -1,
      0, 55, 56, -1,
      0, 56, 57, -1,
      57, 58, 0, -1,
      0, 58, 59, -1,
      0, 59, 5, -1,
      5, 59, 60, -1,
      60, 61, 62, -1,
      63, 64, 5, -1,
      65, 66, 67, -1,
      60, 62, 5, -1,
      5, 62, 68, -1,
      5, 68, 63, -1,
      69, 70, 71, -1,
      71, 70, 72, -1,
      71, 72, 73, -1,
      74, 75, 65, -1,
      65, 75, 76, -1,
      65, 76, 66, -1,
      77, 78, 79, -1,
      67, 80, 65, -1,
      65, 80, 81, -1,
      65, 81, 71, -1,
      71, 81, 82, -1,
      71, 82, 69, -1,
      83, 84, 61, -1,
      61, 84, 85, -1,
      61, 85, 62, -1,
      62, 85, 77, -1,
      62, 77, 86, -1,
      86, 77, 79, -1,
      64, 74, 5, -1,
      5, 74, 65, -1,
      5, 65, 87, -1,
      87, 65, 88, -1,
      87, 88, 56, -1,
      56, 88, 89, -1,
      56, 89, 90, -1,
      91, 92, 90, -1,
      90, 92, 93, -1,
      90, 93, 56, -1,
      56, 93, 71, -1,
      73, 94, 71, -1,
      71, 94, 95, -1,
      71, 95, 56, -1,
      56, 95, 62, -1,
      56, 62, 57, -1,
      57, 62, 86, -1,
    ]
  }
}

Shape {
  appearance Appearance {
    material Material {
      diffuseColor 0.2510 0.2510 0.2510
      specularColor 0.1255 0.1255 0.1255
      ambientIntensity 0.2
      transparency 0.0000
      shininess 0.5
    }
  }
  geometry IndexedFaceSet {
    ccw TRUE
    solid FALSE
    coord DEF co Coordinate {
      point [
        -1.574803 -1.181102 0.003937,
        -0.729537 -0.798053 0.003937,
        1.574803 -1.181102 0.003937,
        0.729537 -0.798053 0.003937,
        -1.574803 -0.818898 0.003937,
        -1.431102 -0.818898 0.003937,
        -1.364552 0.767832 0.003937,
        -1.371435 0.784449 0.003937,
        -0.729537 0.640573 0.003937,
        -1.382384 0.798718 0.003937,
        1.574803 1.181102 0.003937,
        1.574803 0.818898 0.003937,
        1.431102 0.818898 0.003937,
        0.729537 0.798053 0.003937,
        -1.574803 1.181102 0.003937,
        -0.572057 0.798053 0.003937,
        -1.371435 -0.784449 0.003937,
        -1.364552 -0.767832 0.003937,
        -1.396654 0.809667 0.003937,
        -1.413270 0.816550 0.003937,
        -1.431102 0.818898 0.003937,
        -1.574803 0.818898 0.003937,
        -1.413270 -0.816550 0.003937,
        -1.396654 -0.809667 0.003937,
        -1.382384 -0.798718 0.003937,
        -1.362205 -0.750000 0.003937,
        -1.364552 -0.732168 0.003937,
        -1.371435 -0.715551 0.003937,
        -1.382384 -0.701282 0.003937,
        1.362205 -0.750000 0.003937,
        1.364552 -0.767832 0.003937,
        1.574803 -0.818898 0.003937,
        1.431102 -0.818898 0.003937,
        1.413270 -0.816550 0.003937,
        -1.396654 -0.309667 0.003937,
        -1.382384 -0.298718 0.003937,
        1.371435 0.784449 0.003937,
        1.364552 0.767832 0.003937,
        1.371435 -0.784449 0.003937,
        1.382384 -0.798718 0.003937,
        1.396654 -0.809667 0.003937,
        -1.431102 -0.681102 0.003937,
        -1.574803 -0.681102 0.003937,
        -1.574803 -0.318898 0.003937,
        -1.364552 -0.232168 0.003937,
        -1.371435 -0.215551 0.003937,
        -1.382384 0.201282 0.003937,
        -1.371435 0.215551 0.003937,
        -1.413270 -0.183450 0.003937,
        -1.371435 0.715551 0.003937,
        -1.364552 0.732168 0.003937,
        -1.362205 0.750000 0.003937,
        1.413270 0.816550 0.003937,
        1.396654 0.809667 0.003937,
        1.382384 0.798718 0.003937,
        1.362205 0.750000 0.003937,
        1.364552 0.732168 0.003937,
        1.371435 0.715551 0.003937,
        1.382384 0.701282 0.003937,
        1.364552 0.232168 0.003937,
        1.371435 0.215551 0.003937,
        -1.396654 -0.690333 0.003937,
        -1.413270 -0.683450 0.003937,
        -1.413270 -0.316550 0.003937,
        -1.431102 -0.318898 0.003937,
        -1.371435 -0.284449 0.003937,
        -1.364552 -0.267832 0.003937,
        -1.362205 -0.250000 0.003937,
        -1.362205 0.250000 0.003937,
        -1.364552 0.267832 0.003937,
        1.382384 0.298718 0.003937,
        1.396654 0.309667 0.003937,
        1.396654 0.690333 0.003937,
        1.413270 0.683450 0.003937,
        1.371435 0.284449 0.003937,
        1.364552 0.267832 0.003937,
        1.362205 0.250000 0.003937,
        -1.364552 0.232168 0.003937,
        -1.396654 -0.190333 0.003937,
        -1.382384 -0.201282 0.003937,
        -1.371435 0.284449 0.003937,
        -1.382384 0.298718 0.003937,
        -1.396654 0.309667 0.003937,
        1.574803 0.681102 0.003937,
        1.574803 0.318898 0.003937,
        1.431102 0.681102 0.003937,
        1.431102 0.318898 0.003937,
        1.413270 0.316550 0.003937,
        1.371435 -0.284449 0.003937,
        1.364552 -0.267832 0.003937,
        1.362205 -0.250000 0.003937,
        -1.431102 -0.181102 0.003937,
        -1.574803 -0.181102 0.003937,
        -1.574803 0.181102 0.003937,
        1.382384 -0.701282 0.003937,
        1.371435 -0.715551 0.003937,
        1.413270 -0.316550 0.003937,
        -1.431102 0.181102 0.003937,
        -1.413270 0.183450 0.003937,
        -1.396654 0.190333 0.003937,
        -1.413270 0.683450 0.003937,
        -1.396654 0.690333 0.003937,
        -1.382384 0.701282 0.003937,
        1.382384 0.201282 0.003937,
        1.396654 0.190333 0.003937,
        1.413270 0.183450 0.003937,
        1.364552 -0.232168 0.003937,
        1.396654 -0.190333 0.003937,
        1.382384 -0.201282 0.003937,
        1.371435 -0.215551 0.003937,
        1.396654 -0.690333 0.003937,
        1.364552 -0.732168 0.003937,
        1.396654 -0.309667 0.003937,
        1.382384 -0.298718 0.003937,
        -1.431102 0.318898 0.003937,
        -1.574803 0.318898 0.003937,
        -1.574803 0.681102 0.003937,
        -1.413270 0.316550 0.003937,
        -1.431102 0.681102 0.003937,
        1.574803 0.181102 0.003937,
        1.574803 -0.181102 0.003937,
        1.431102 0.181102 0.003937,
        1.431102 -0.181102 0.003937,
        1.413270 -0.183450 0.003937,
        1.574803 -0.318898 0.003937,
        1.574803 -0.681102 0.003937,
        1.431102 -0.318898 0.003937,
        1.431102 -0.681102 0.003937,
        1.413270 -0.683450 0.003937,
        -1.574803 1.181102 0.318898,
        -1.574803 0.818898 0.078740,
        -1.574803 0.198156 0.318898,
        -1.574803 0.681102 0.078740,
        -1.574803 0.318898 0.078740,
        -1.574803 0.181102 0.078740,
        -1.574803 -0.120646 0.318898,
        -1.574803 -0.181102 0.078740,
        -1.574803 -0.318898 0.078740,
        -1.574803 -1.181102 0.318898,
        -1.574803 -0.818898 0.078740,
        -1.574803 -0.681102 0.078740,
        0.220857 -1.181102 0.318898,
        0.537738 -1.181102 0.318898,
        0.537738 -0.120646 0.318898,
        0.690328 -0.120646 0.318898,
        0.689030 -0.121001 0.318898,
        1.172460 -1.181102 0.318898,
        0.762435 0.120196 0.318898,
        0.759919 0.101872 0.318898,
        1.172460 -0.120646 0.318898,
        0.689062 0.198156 0.318898,
        0.697608 0.197191 0.318898,
        1.172460 0.198156 0.318898,
        0.718910 0.189369 0.318898,
        0.734710 0.179163 0.318898,
        0.752405 0.084641 0.318898,
        0.741448 0.070185 0.318898,
        0.735933 0.040998 0.318898,
        0.725428 0.056719 0.318898,
        0.717484 0.051838 0.318898,
        0.760368 -0.072688 0.318898,
        0.748475 -0.090205 0.318898,
        0.732098 -0.104502 0.318898,
        0.713139 -0.114406 0.318898,
        0.746998 0.166440 0.318898,
        0.756339 0.150521 0.318898,
        0.761193 0.134549 0.318898,
        0.750861 0.025814 0.318898,
        0.763213 0.004570 0.318898,
        0.768912 -0.015239 0.318898,
        0.770117 -0.030383 0.318898,
        0.767344 -0.054044 0.318898,
        0.653760 0.198156 0.318898,
        0.658155 0.199235 0.318898,
        0.537738 1.181102 0.318898,
        0.589301 0.026450 0.318898,
        0.606698 0.041499 0.318898,
        0.537738 0.198156 0.318898,
        0.581909 0.120196 0.318898,
        0.584688 0.140883 0.318898,
        0.591580 0.157381 0.318898,
        0.576544 0.008567 0.318898,
        0.627281 0.051838 0.318898,
        0.607222 0.066133 0.318898,
        0.602701 0.172426 0.318898,
        0.617396 0.184594 0.318898,
        0.635207 0.193597 0.318898,
        0.616396 -0.111181 0.318898,
        0.596862 -0.098415 0.318898,
        0.583105 -0.083411 0.318898,
        0.572859 -0.064733 0.318898,
        0.567362 -0.043109 0.318898,
        0.566545 -0.030383 0.318898,
        0.569394 -0.008995 0.318898,
        0.668211 -0.122567 0.318898,
        0.650525 -0.120646 0.318898,
        0.640015 -0.119505 0.318898,
        0.594307 0.080991 0.318898,
        0.586374 0.095987 0.318898,
        0.582591 0.110665 0.318898,
        0.220857 0.198156 0.318898,
        0.139185 0.166897 0.318898,
        0.162553 0.140591 0.318898,
        0.061522 0.198156 0.318898,
        0.082023 0.195909 0.318898,
        0.111798 0.185313 0.318898,
        0.157804 -0.067482 0.318898,
        0.133707 -0.092252 0.318898,
        0.220857 -0.120646 0.318898,
        0.107660 -0.108449 0.318898,
        0.077299 -0.118679 0.318898,
        0.057863 -0.120646 0.318898,
        0.190129 0.042476 0.318898,
        0.186276 -0.001096 0.318898,
        0.175055 -0.037977 0.318898,
        0.178973 0.109140 0.318898,
        0.187901 0.074026 0.318898,
        0.043991 0.200076 0.318898,
        0.220857 1.181102 0.318898,
        0.022220 0.198156 0.318898,
        -0.128673 1.181102 0.318898,
        -0.094135 0.115652 0.318898,
        -0.076498 0.145359 0.318898,
        -0.128673 0.198156 0.318898,
        -0.105534 0.078668 0.318898,
        -0.051811 0.170305 0.318898,
        -0.022780 0.187511 0.318898,
        0.009074 0.196996 0.318898,
        -0.128673 -1.181102 0.318898,
        0.020760 -0.120646 0.318898,
        -0.128673 -0.120646 0.318898,
        0.000320 -0.118481 0.318898,
        -0.029232 -0.108324 0.318898,
        -0.055003 -0.091922 0.318898,
        -0.077636 -0.068509 0.318898,
        -0.095090 -0.039120 0.318898,
        -0.105750 -0.005088 0.318898,
        -0.109468 0.035034 0.318898,
        -0.355291 -0.120646 0.318898,
        -0.339927 -0.106243 0.318898,
        -0.339927 -0.060150 0.318898,
        -0.279285 -0.120646 0.318898,
        -0.301183 -0.118390 0.318898,
        -0.329832 -0.111068 0.318898,
        -0.302737 0.049343 0.318898,
        -0.319793 0.063636 0.318898,
        -0.330081 0.077436 0.318898,
        -0.337045 0.093977 0.318898,
        -0.339927 0.115574 0.318898,
        -0.355291 0.198156 0.318898,
        -0.337105 0.137340 0.318898,
        -0.330949 0.152413 0.318898,
        -0.321050 0.166088 0.318898,
        -0.307525 0.177823 0.318898,
        -0.289814 0.187999 0.318898,
        -0.263356 0.196681 0.318898,
        -0.262927 0.026211 0.318898,
        -0.316902 -0.074299 0.318898,
        -0.220121 0.003493 0.318898,
        -0.279620 -0.085760 0.318898,
        -0.215735 0.000696 0.318898,
        -0.255965 -0.087998 0.318898,
        -0.233096 -0.086236 0.318898,
        -0.217111 -0.081913 0.318898,
        -0.205815 -0.075678 0.318898,
        -0.199257 -0.069497 0.318898,
        -0.195087 -0.063252 0.318898,
        -0.191461 -0.053429 0.318898,
        -0.190129 -0.041006 0.318898,
        -0.191498 -0.029829 0.318898,
        -0.195066 -0.020868 0.318898,
        -0.202771 -0.010304 0.318898,
        -0.234317 -0.120646 0.318898,
        -0.260647 -0.122567 0.318898,
        -0.355291 -1.181102 0.318898,
        -0.191537 0.198156 0.318898,
        -0.159401 0.191434 0.318898,
        -0.159401 0.145342 0.318898,
        -0.189911 0.032698 0.318898,
        -0.169287 0.015248 0.318898,
        -0.157813 -0.000235 0.318898,
        -0.150961 -0.015997 0.318898,
        -0.147960 -0.034791 0.318898,
        -0.147878 -0.037525 0.318898,
        -0.150357 -0.059654 0.318898,
        -0.156198 -0.075611 0.318898,
        -0.166372 -0.090380 0.318898,
        -0.179545 -0.101880 0.318898,
        -0.197344 -0.111620 0.318898,
        -0.228085 -0.120191 0.318898,
        -0.230759 0.055799 0.318898,
        -0.183213 0.157706 0.318898,
        -0.260034 0.071312 0.318898,
        -0.210138 0.164141 0.318898,
        -0.231899 0.165507 0.318898,
        -0.292978 0.099012 0.318898,
        -0.296293 0.107697 0.318898,
        -0.297676 0.119715 0.318898,
        -0.287652 0.091200 0.318898,
        -0.277994 0.082730 0.318898,
        -0.289312 0.144507 0.318898,
        -0.293904 0.137361 0.318898,
        -0.296688 0.129259 0.318898,
        -0.253948 0.163509 0.318898,
        -0.270670 0.158161 0.318898,
        -0.282135 0.151404 0.318898,
        -0.193572 0.198581 0.318898,
        -0.228539 0.200076 0.318898,
        -0.355291 1.181102 0.318898,
        -0.248231 0.198156 0.318898,
        -1.032504 -1.181102 0.318898,
        -1.032504 -0.120646 0.318898,
        1.574803 -1.181102 0.318898,
        1.574803 -0.120646 0.318898,
        -0.484181 -0.057519 0.318898,
        -0.482043 -0.072634 0.318898,
        -0.479755 -0.057103 0.318898,
        -0.458998 -0.118726 0.318898,
        -0.505089 -0.118726 0.318898,
        -0.487505 -0.042626 0.318898,
        -0.476042 -0.041846 0.318898,
        -0.555022 0.196235 0.318898,
        -0.739389 0.196235 0.318898,
        -0.675293 -0.040465 0.318898,
        -0.667560 -0.056390 0.318898,
        -0.671943 -0.056420 0.318898,
        -0.670252 -0.072634 0.318898,
        -0.574227 0.142461 0.318898,
        -0.578068 0.142461 0.318898,
        -0.572580 0.125935 0.318898,
        -0.580007 0.126133 0.318898,
        -0.569126 0.109693 0.318898,
        -0.583709 0.110113 0.318898,
        -0.647206 -0.118726 0.318898,
        -0.693298 -0.118726 0.318898,
        -1.032504 0.198156 0.318898,
        -0.370655 0.196235 0.318898,
        -0.412906 0.196235 0.318898,
        -0.785481 0.196235 0.318898,
        -0.663350 -0.040465 0.318898,
        -0.593432 0.196235 0.318898,
        0.293835 -0.118726 0.318898,
        0.251584 -0.118726 0.318898,
        0.251584 0.196235 0.318898,
        0.293835 0.146302 0.318898,
        0.292575 0.146302 0.318898,
        0.298611 0.135797 0.318898,
        0.293653 0.124293 0.318898,
        0.304338 0.125777 0.318898,
        0.458817 -0.118726 0.318898,
        0.293835 0.102251 0.318898,
        0.038890 -0.122567 0.318898,
        0.305358 0.196235 0.318898,
        0.466680 0.196235 0.318898,
        0.508930 0.196235 0.318898,
        0.508930 -0.118726 0.318898,
        0.467880 -0.064952 0.318898,
        0.468720 -0.064952 0.318898,
        0.461816 -0.053966 0.318898,
        0.467029 -0.042122 0.318898,
        0.455217 -0.043286 0.318898,
        0.466680 -0.019220 0.318898,
        1.574803 0.198156 0.318898,
        -1.328740 1.069491 0.318898,
        -1.308356 1.053849 0.318898,
        -1.032504 1.181102 0.318898,
        -1.282881 0.958778 0.318898,
        -1.292714 0.935039 0.318898,
        -1.473024 1.009726 0.318898,
        -1.463191 1.033465 0.318898,
        -1.447550 1.053849 0.318898,
        -1.427165 1.069491 0.318898,
        -1.292714 1.033465 0.318898,
        -1.282881 1.009726 0.318898,
        -1.279528 0.984252 0.318898,
        -1.377953 0.885827 0.318898,
        -1.403427 0.889180 0.318898,
        -1.427165 0.899013 0.318898,
        -1.447550 0.914655 0.318898,
        -1.463191 0.935039 0.318898,
        -1.473024 0.958778 0.318898,
        -1.476378 0.984252 0.318898,
        -1.308356 0.914655 0.318898,
        -1.328740 0.899013 0.318898,
        -1.352478 0.889180 0.318898,
        -1.403427 1.079323 0.318898,
        -1.377953 1.082677 0.318898,
        -1.352478 1.079323 0.318898,
        1.574803 1.181102 0.318898,
        1.172460 1.181102 0.318898,
        0.672052 0.200076 0.318898,
        1.574803 0.818898 0.078740,
        1.574803 -0.818898 0.078740,
        1.574803 -0.681102 0.078740,
        1.574803 -0.318898 0.078740,
        1.574803 -0.181102 0.078740,
        1.574803 0.318898 0.078740,
        1.574803 0.681102 0.078740,
        1.574803 0.181102 0.078740,
      ]
    }
    coordIndex [
      0, 1, 2, -1,
      2, 1, 3, -1,
      0, 4, 5, -1,
      6, 7, 8, -1,
      8, 7, 9, -1,
      10, 11, 12, -1,
      10, 13, 14, -1,
      14, 13, 15, -1,
      14, 15, 8, -1,
      16, 17, 1, -1,
      9, 18, 8, -1,
      8, 18, 19, -1,
      8, 19, 14, -1,
      14, 19, 20, -1,
      14, 20, 21, -1,
      5, 22, 0, -1,
      0, 22, 23, -1,
      0, 23, 1, -1,
      1, 23, 24, -1,
      1, 24, 16, -1,
      17, 25, 1, -1,
      1, 25, 26, -1,
      1, 26, 8, -1,
      8, 26, 27, -1,
      8, 27, 28, -1,
      3, 29, 30, -1,
      31, 2, 32, -1,
      32, 2, 33, -1,
      28, 34, 35, -1,
      36, 37, 13, -1,
      30, 38, 3, -1,
      3, 38, 39, -1,
      3, 39, 2, -1,
      2, 39, 40, -1,
      2, 40, 33, -1,
      41, 42, 43, -1,
      44, 45, 8, -1,
      46, 47, 48, -1,
      49, 50, 8, -1,
      8, 50, 51, -1,
      8, 51, 6, -1,
      12, 52, 10, -1,
      10, 52, 53, -1,
      10, 53, 13, -1,
      13, 53, 54, -1,
      13, 54, 36, -1,
      37, 55, 13, -1,
      13, 55, 56, -1,
      13, 56, 3, -1,
      3, 56, 57, -1,
      3, 57, 58, -1,
      59, 60, 3, -1,
      28, 61, 34, -1,
      34, 61, 62, -1,
      34, 62, 63, -1,
      63, 62, 41, -1,
      63, 41, 64, -1,
      64, 41, 43, -1,
      35, 65, 28, -1,
      28, 65, 66, -1,
      28, 66, 8, -1,
      8, 66, 67, -1,
      8, 67, 44, -1,
      8, 68, 69, -1,
      70, 58, 71, -1,
      71, 58, 72, -1,
      71, 72, 73, -1,
      70, 74, 58, -1,
      58, 74, 75, -1,
      58, 75, 3, -1,
      3, 75, 76, -1,
      3, 76, 59, -1,
      47, 77, 48, -1,
      48, 77, 68, -1,
      48, 68, 78, -1,
      78, 68, 8, -1,
      78, 8, 79, -1,
      79, 8, 45, -1,
      69, 80, 8, -1,
      8, 80, 81, -1,
      8, 81, 49, -1,
      49, 81, 82, -1,
      83, 84, 85, -1,
      85, 84, 86, -1,
      85, 86, 73, -1,
      73, 86, 87, -1,
      73, 87, 71, -1,
      88, 3, 89, -1,
      89, 3, 90, -1,
      91, 92, 93, -1,
      94, 95, 96, -1,
      93, 97, 91, -1,
      91, 97, 98, -1,
      91, 98, 48, -1,
      48, 98, 99, -1,
      48, 99, 46, -1,
      100, 101, 82, -1,
      82, 101, 102, -1,
      82, 102, 49, -1,
      60, 103, 3, -1,
      3, 103, 104, -1,
      3, 104, 90, -1,
      90, 104, 105, -1,
      90, 105, 106, -1,
      107, 108, 105, -1,
      105, 108, 109, -1,
      105, 109, 106, -1,
      94, 96, 110, -1,
      95, 111, 96, -1,
      96, 111, 29, -1,
      96, 29, 112, -1,
      112, 29, 3, -1,
      112, 3, 113, -1,
      113, 3, 88, -1,
      114, 115, 116, -1,
      82, 117, 100, -1,
      100, 117, 114, -1,
      100, 114, 118, -1,
      118, 114, 116, -1,
      119, 120, 121, -1,
      121, 120, 122, -1,
      121, 122, 105, -1,
      105, 122, 123, -1,
      105, 123, 107, -1,
      124, 125, 126, -1,
      126, 125, 127, -1,
      126, 127, 96, -1,
      96, 127, 128, -1,
      96, 128, 110, -1,
      14, 21, 129, -1,
      129, 21, 130, -1,
      129, 130, 131, -1,
      116, 115, 132, -1,
      132, 115, 133, -1,
      134, 135, 133, -1,
      133, 135, 131, -1,
      133, 131, 132, -1,
      132, 131, 130, -1,
      93, 92, 136, -1,
      93, 136, 134, -1,
      134, 136, 135, -1,
      135, 136, 137, -1,
      135, 137, 138, -1,
      4, 0, 139, -1,
      139, 0, 138, -1,
      139, 138, 140, -1,
      140, 138, 137, -1,
      140, 137, 42, -1,
      42, 137, 43, -1,
      141, 142, 143, -1,
      144, 145, 146, -1,
      146, 145, 142, -1,
      147, 148, 149, -1,
      150, 151, 152, -1,
      152, 151, 153, -1,
      152, 153, 154, -1,
      155, 156, 157, -1,
      157, 156, 158, -1,
      157, 158, 159, -1,
      160, 161, 149, -1,
      149, 161, 162, -1,
      149, 162, 163, -1,
      154, 164, 152, -1,
      152, 164, 165, -1,
      152, 165, 166, -1,
      155, 157, 148, -1,
      148, 157, 167, -1,
      148, 167, 149, -1,
      149, 167, 168, -1,
      149, 168, 169, -1,
      169, 170, 149, -1,
      149, 170, 171, -1,
      149, 171, 160, -1,
      172, 173, 174, -1,
      175, 176, 177, -1,
      178, 179, 177, -1,
      177, 179, 180, -1,
      175, 177, 181, -1,
      176, 182, 183, -1,
      180, 184, 177, -1,
      177, 184, 185, -1,
      177, 185, 186, -1,
      187, 188, 143, -1,
      143, 188, 189, -1,
      143, 189, 190, -1,
      190, 191, 143, -1,
      143, 191, 192, -1,
      143, 192, 177, -1,
      177, 192, 193, -1,
      177, 193, 181, -1,
      145, 194, 142, -1,
      142, 194, 195, -1,
      142, 195, 143, -1,
      143, 195, 196, -1,
      143, 196, 187, -1,
      183, 197, 176, -1,
      176, 197, 198, -1,
      176, 198, 177, -1,
      177, 198, 199, -1,
      177, 199, 178, -1,
      200, 201, 202, -1,
      203, 204, 200, -1,
      200, 204, 205, -1,
      200, 205, 201, -1,
      206, 207, 208, -1,
      207, 209, 208, -1,
      208, 209, 210, -1,
      208, 210, 211, -1,
      212, 213, 208, -1,
      208, 213, 214, -1,
      208, 214, 206, -1,
      202, 215, 200, -1,
      200, 215, 216, -1,
      200, 216, 212, -1,
      217, 218, 219, -1,
      219, 218, 220, -1,
      221, 222, 223, -1,
      221, 223, 224, -1,
      222, 225, 223, -1,
      223, 225, 226, -1,
      223, 226, 227, -1,
      228, 229, 230, -1,
      230, 229, 231, -1,
      231, 232, 230, -1,
      230, 232, 233, -1,
      230, 233, 234, -1,
      234, 235, 230, -1,
      230, 235, 236, -1,
      230, 236, 237, -1,
      238, 239, 240, -1,
      241, 242, 238, -1,
      238, 242, 243, -1,
      238, 243, 239, -1,
      244, 245, 240, -1,
      240, 245, 246, -1,
      240, 246, 247, -1,
      247, 248, 240, -1,
      240, 248, 249, -1,
      240, 249, 238, -1,
      248, 250, 249, -1,
      249, 250, 251, -1,
      249, 251, 252, -1,
      252, 253, 249, -1,
      249, 253, 254, -1,
      249, 254, 255, -1,
      244, 240, 256, -1,
      256, 240, 257, -1,
      256, 257, 258, -1,
      258, 257, 259, -1,
      258, 259, 260, -1,
      260, 259, 261, -1,
      260, 261, 262, -1,
      262, 263, 260, -1,
      260, 263, 264, -1,
      260, 264, 265, -1,
      265, 266, 260, -1,
      260, 266, 267, -1,
      260, 267, 268, -1,
      269, 270, 268, -1,
      268, 270, 271, -1,
      268, 271, 260, -1,
      272, 273, 274, -1,
      275, 276, 223, -1,
      223, 276, 277, -1,
      278, 279, 277, -1,
      277, 279, 280, -1,
      277, 280, 281, -1,
      282, 283, 230, -1,
      230, 283, 284, -1,
      230, 284, 285, -1,
      285, 286, 230, -1,
      230, 286, 287, -1,
      230, 287, 288, -1,
      274, 228, 272, -1,
      272, 228, 230, -1,
      272, 230, 289, -1,
      289, 230, 288, -1,
      281, 282, 277, -1,
      277, 282, 230, -1,
      277, 230, 223, -1,
      223, 230, 237, -1,
      223, 237, 224, -1,
      278, 277, 290, -1,
      290, 277, 291, -1,
      290, 291, 292, -1,
      292, 291, 293, -1,
      292, 293, 294, -1,
      295, 294, 296, -1,
      296, 294, 297, -1,
      295, 298, 294, -1,
      294, 298, 299, -1,
      294, 299, 292, -1,
      300, 301, 302, -1,
      294, 303, 297, -1,
      297, 303, 304, -1,
      297, 304, 302, -1,
      302, 304, 305, -1,
      302, 305, 300, -1,
      227, 219, 223, -1,
      223, 219, 220, -1,
      223, 220, 275, -1,
      275, 220, 306, -1,
      306, 220, 307, -1,
      307, 220, 308, -1,
      307, 308, 309, -1,
      273, 241, 274, -1,
      274, 241, 238, -1,
      274, 238, 310, -1,
      310, 238, 311, -1,
      310, 311, 138, -1,
      312, 313, 146, -1,
      146, 313, 149, -1,
      146, 149, 144, -1,
      144, 149, 163, -1,
      314, 315, 316, -1,
      238, 317, 318, -1,
      314, 316, 319, -1,
      319, 316, 320, -1,
      319, 320, 321, -1,
      322, 323, 324, -1,
      324, 323, 325, -1,
      324, 325, 326, -1,
      327, 328, 329, -1,
      329, 328, 330, -1,
      329, 330, 331, -1,
      331, 330, 332, -1,
      331, 332, 318, -1,
      318, 332, 333, -1,
      318, 333, 238, -1,
      238, 333, 334, -1,
      238, 334, 311, -1,
      311, 334, 335, -1,
      317, 238, 336, -1,
      336, 238, 249, -1,
      336, 249, 337, -1,
      334, 338, 335, -1,
      335, 338, 322, -1,
      335, 322, 249, -1,
      324, 339, 322, -1,
      322, 339, 340, -1,
      322, 340, 249, -1,
      249, 340, 321, -1,
      249, 321, 337, -1,
      337, 321, 320, -1,
      341, 342, 208, -1,
      212, 208, 200, -1,
      200, 208, 342, -1,
      200, 342, 343, -1,
      344, 345, 346, -1,
      346, 345, 347, -1,
      346, 347, 348, -1,
      348, 347, 349, -1,
      347, 350, 349, -1,
      349, 350, 341, -1,
      349, 341, 143, -1,
      143, 341, 208, -1,
      143, 208, 141, -1,
      141, 208, 211, -1,
      141, 211, 228, -1,
      228, 211, 351, -1,
      228, 351, 229, -1,
      343, 352, 200, -1,
      200, 352, 353, -1,
      200, 353, 177, -1,
      177, 353, 354, -1,
      177, 354, 143, -1,
      143, 354, 355, -1,
      143, 355, 349, -1,
      356, 357, 358, -1,
      358, 357, 359, -1,
      358, 359, 360, -1,
      360, 359, 352, -1,
      352, 359, 361, -1,
      352, 361, 353, -1,
      313, 362, 149, -1,
      149, 362, 152, -1,
      149, 152, 147, -1,
      147, 152, 166, -1,
      363, 364, 365, -1,
      366, 367, 335, -1,
      368, 369, 129, -1,
      129, 369, 370, -1,
      129, 370, 371, -1,
      364, 372, 365, -1,
      365, 372, 373, -1,
      365, 373, 374, -1,
      375, 376, 131, -1,
      131, 376, 377, -1,
      131, 377, 378, -1,
      378, 379, 131, -1,
      131, 379, 380, -1,
      131, 380, 129, -1,
      129, 380, 381, -1,
      129, 381, 368, -1,
      367, 382, 335, -1,
      335, 382, 383, -1,
      335, 383, 384, -1,
      371, 385, 129, -1,
      129, 385, 386, -1,
      129, 386, 365, -1,
      365, 386, 387, -1,
      365, 387, 363, -1,
      138, 311, 135, -1,
      135, 311, 335, -1,
      135, 335, 131, -1,
      131, 335, 384, -1,
      131, 384, 375, -1,
      255, 309, 249, -1,
      249, 309, 308, -1,
      249, 308, 335, -1,
      335, 308, 365, -1,
      335, 365, 366, -1,
      366, 365, 374, -1,
      186, 172, 177, -1,
      177, 172, 174, -1,
      177, 174, 200, -1,
      200, 174, 218, -1,
      200, 218, 203, -1,
      203, 218, 217, -1,
      362, 388, 152, -1,
      152, 388, 389, -1,
      152, 389, 150, -1,
      150, 389, 174, -1,
      150, 174, 390, -1,
      390, 174, 173, -1,
      11, 10, 391, -1,
      391, 10, 388, -1,
      2, 31, 312, -1,
      312, 31, 392, -1,
      312, 392, 313, -1,
      125, 124, 393, -1,
      393, 124, 394, -1,
      395, 362, 394, -1,
      394, 362, 313, -1,
      394, 313, 393, -1,
      393, 313, 392, -1,
      84, 83, 396, -1,
      396, 83, 397, -1,
      120, 119, 395, -1,
      395, 119, 398, -1,
      395, 398, 362, -1,
      362, 398, 396, -1,
      362, 396, 388, -1,
      388, 396, 397, -1,
      388, 397, 391, -1,
      14, 129, 365, -1,
      218, 10, 220, -1,
      220, 10, 14, -1,
      220, 14, 308, -1,
      308, 14, 365, -1,
      218, 174, 10, -1,
      10, 174, 389, -1,
      10, 389, 388, -1,
      310, 138, 0, -1,
      312, 146, 2, -1,
      2, 146, 142, -1,
      142, 141, 2, -1,
      2, 141, 228, -1,
      2, 228, 0, -1,
      0, 228, 274, -1,
      0, 274, 310, -1,
    ]
  }
}

Shape {
  appearance Appearance {
    material Material {
      diffuseColor 0.6667 0.6667 0.6667
      specularColor 0.3333 0.3333 0.3333
      ambientIntensity 0.2
      transparency 0.0000
      shininess 0.5
    }
  }
  geometry IndexedFaceSet {
    ccw TRUE
    solid FALSE
    coord DEF co Coordinate {
      point [
        0.690328 -0.120646 0.318898,
        0.689030 -0.121001 0.318898,
        0.762435 0.120196 0.318898,
        0.759919 0.101872 0.318898,
        0.689062 0.198156 0.318898,
        0.697608 0.197191 0.318898,
        0.718910 0.189369 0.318898,
        0.734710 0.179163 0.318898,
        0.752405 0.084641 0.318898,
        0.741448 0.070185 0.318898,
        0.735933 0.040998 0.318898,
        0.725428 0.056719 0.318898,
        0.717484 0.051838 0.318898,
        0.760368 -0.072688 0.318898,
        0.748475 -0.090205 0.318898,
        0.732098 -0.104502 0.318898,
        0.713139 -0.114406 0.318898,
        0.746998 0.166440 0.318898,
        0.756339 0.150521 0.318898,
        0.761193 0.134549 0.318898,
        0.750861 0.025814 0.318898,
        0.763213 0.004570 0.318898,
        0.768912 -0.015239 0.318898,
        0.770117 -0.030383 0.318898,
        0.767344 -0.054044 0.318898,
        0.653760 0.198156 0.318898,
        0.658155 0.199235 0.318898,
        0.589301 0.026450 0.318898,
        0.606698 0.041499 0.318898,
        0.581909 0.120196 0.318898,
        0.584688 0.140883 0.318898,
        0.591580 0.157381 0.318898,
        0.576544 0.008567 0.318898,
        0.627281 0.051838 0.318898,
        0.607222 0.066133 0.318898,
        0.602701 0.172426 0.318898,
        0.617396 0.184594 0.318898,
        0.635207 0.193597 0.318898,
        0.616396 -0.111181 0.318898,
        0.596862 -0.098415 0.318898,
        0.583105 -0.083411 0.318898,
        0.572859 -0.064733 0.318898,
        0.567362 -0.043109 0.318898,
        0.566545 -0.030383 0.318898,
        0.569394 -0.008995 0.318898,
        0.668211 -0.122567 0.318898,
        0.650525 -0.120646 0.318898,
        0.640015 -0.119505 0.318898,
        0.594307 0.080991 0.318898,
        0.586374 0.095987 0.318898,
        0.582591 0.110665 0.318898,
        0.139185 0.166897 0.318898,
        0.162553 0.140591 0.318898,
        0.061522 0.198156 0.318898,
        0.082023 0.195909 0.318898,
        0.111798 0.185313 0.318898,
        0.157804 -0.067482 0.318898,
        0.133707 -0.092252 0.318898,
        0.107660 -0.108449 0.318898,
        0.077299 -0.118679 0.318898,
        0.057863 -0.120646 0.318898,
        0.190129 0.042476 0.318898,
        0.186276 -0.001096 0.318898,
        0.175055 -0.037977 0.318898,
        0.178973 0.109140 0.318898,
        0.187901 0.074026 0.318898,
        0.043991 0.200076 0.318898,
        0.022220 0.198156 0.318898,
        -0.094135 0.115652 0.318898,
        -0.076498 0.145359 0.318898,
        -0.105534 0.078668 0.318898,
        -0.051811 0.170305 0.318898,
        -0.022780 0.187511 0.318898,
        0.009074 0.196996 0.318898,
        0.020760 -0.120646 0.318898,
        0.000320 -0.118481 0.318898,
        -0.029232 -0.108324 0.318898,
        -0.055003 -0.091922 0.318898,
        -0.077636 -0.068509 0.318898,
        -0.095090 -0.039120 0.318898,
        -0.105750 -0.005088 0.318898,
        -0.109468 0.035034 0.318898,
        -0.339927 -0.106243 0.318898,
        -0.339927 -0.060150 0.318898,
        -0.279285 -0.120646 0.318898,
        -0.301183 -0.118390 0.318898,
        -0.329832 -0.111068 0.318898,
        -0.302737 0.049343 0.318898,
        -0.319793 0.063636 0.318898,
        -0.330081 0.077436 0.318898,
        -0.337045 0.093977 0.318898,
        -0.339927 0.115574 0.318898,
        -0.337105 0.137340 0.318898,
        -0.330949 0.152413 0.318898,
        -0.321050 0.166088 0.318898,
        -0.307525 0.177823 0.318898,
        -0.289814 0.187999 0.318898,
        -0.263356 0.196681 0.318898,
        -0.262927 0.026211 0.318898,
        -0.316902 -0.074299 0.318898,
        -0.220121 0.003493 0.318898,
        -0.279620 -0.085760 0.318898,
        -0.215735 0.000696 0.318898,
        -0.255965 -0.087998 0.318898,
        -0.233096 -0.086236 0.318898,
        -0.217111 -0.081913 0.318898,
        -0.205815 -0.075678 0.318898,
        -0.199257 -0.069497 0.318898,
        -0.195087 -0.063252 0.318898,
        -0.191461 -0.053429 0.318898,
        -0.190129 -0.041006 0.318898,
        -0.191498 -0.029829 0.318898,
        -0.195066 -0.020868 0.318898,
        -0.202771 -0.010304 0.318898,
        -0.234317 -0.120646 0.318898,
        -0.260647 -0.122567 0.318898,
        -0.191537 0.198156 0.318898,
        -0.159401 0.191434 0.318898,
        -0.159401 0.145342 0.318898,
        -0.189911 0.032698 0.318898,
        -0.169287 0.015248 0.318898,
        -0.157813 -0.000235 0.318898,
        -0.150961 -0.015997 0.318898,
        -0.147960 -0.034791 0.318898,
        -0.147878 -0.037525 0.318898,
        -0.150357 -0.059654 0.318898,
        -0.156198 -0.075611 0.318898,
        -0.166372 -0.090380 0.318898,
        -0.179545 -0.101880 0.318898,
        -0.197344 -0.111620 0.318898,
        -0.228085 -0.120191 0.318898,
        -0.230759 0.055799 0.318898,
        -0.183213 0.157706 0.318898,
        -0.260034 0.071312 0.318898,
        -0.210138 0.164141 0.318898,
        -0.231899 0.165507 0.318898,
        -0.292978 0.099012 0.318898,
        -0.296293 0.107697 0.318898,
        -0.297676 0.119715 0.318898,
        -0.287652 0.091200 0.318898,
        -0.277994 0.082730 0.318898,
        -0.289312 0.144507 0.318898,
        -0.293904 0.137361 0.318898,
        -0.296688 0.129259 0.318898,
        -0.253948 0.163509 0.318898,
        -0.270670 0.158161 0.318898,
        -0.282135 0.151404 0.318898,
        -0.193572 0.198581 0.318898,
        -0.228539 0.200076 0.318898,
        -0.248231 0.198156 0.318898,
        -0.484181 -0.057519 0.318898,
        -0.482043 -0.072634 0.318898,
        -0.479755 -0.057103 0.318898,
        -0.458998 -0.118726 0.318898,
        -0.505089 -0.118726 0.318898,
        -0.487505 -0.042626 0.318898,
        -0.476042 -0.041846 0.318898,
        -0.555022 0.196235 0.318898,
        -0.739389 0.196235 0.318898,
        -0.675293 -0.040465 0.318898,
        -0.667560 -0.056390 0.318898,
        -0.671943 -0.056420 0.318898,
        -0.670252 -0.072634 0.318898,
        -0.574227 0.142461 0.318898,
        -0.578068 0.142461 0.318898,
        -0.572580 0.125935 0.318898,
        -0.580007 0.126133 0.318898,
        -0.569126 0.109693 0.318898,
        -0.583709 0.110113 0.318898,
        -0.647206 -0.118726 0.318898,
        -0.693298 -0.118726 0.318898,
        -0.370655 0.196235 0.318898,
        -0.412906 0.196235 0.318898,
        -0.785481 0.196235 0.318898,
        -0.663350 -0.040465 0.318898,
        -0.593432 0.196235 0.318898,
        0.293835 -0.118726 0.318898,
        0.251584 -0.118726 0.318898,
        0.251584 0.196235 0.318898,
        0.293835 0.146302 0.318898,
        0.292575 0.146302 0.318898,
        0.298611 0.135797 0.318898,
        0.293653 0.124293 0.318898,
        0.304338 0.125777 0.318898,
        0.458817 -0.118726 0.318898,
        0.293835 0.102251 0.318898,
        0.038890 -0.122567 0.318898,
        0.305358 0.196235 0.318898,
        0.466680 0.196235 0.318898,
        0.508930 0.196235 0.318898,
        0.508930 -0.118726 0.318898,
        0.467880 -0.064952 0.318898,
        0.468720 -0.064952 0.318898,
        0.461816 -0.053966 0.318898,
        0.467029 -0.042122 0.318898,
        0.455217 -0.043286 0.318898,
        0.466680 -0.019220 0.318898,
        0.672052 0.200076 0.318898,
        -0.412906 0.196235 0.314961,
        -0.370655 0.196235 0.314961,
        -0.458998 -0.118726 0.314961,
        -0.505089 -0.118726 0.314961,
        -0.569126 0.109693 0.314961,
        -0.574227 0.142461 0.314961,
        -0.572580 0.125935 0.314961,
        -0.578068 0.142461 0.314961,
        -0.583709 0.110113 0.314961,
        -0.580007 0.126133 0.314961,
        -0.647206 -0.118726 0.314961,
        -0.693298 -0.118726 0.314961,
        -0.785481 0.196235 0.314961,
        -0.739389 0.196235 0.314961,
        -0.675293 -0.040465 0.314961,
        -0.670252 -0.072634 0.314961,
        -0.671943 -0.056420 0.314961,
        -0.663350 -0.040465 0.314961,
        -0.667560 -0.056390 0.314961,
        -0.593432 0.196235 0.314961,
        -0.555022 0.196235 0.314961,
        -0.487505 -0.042626 0.314961,
        -0.482043 -0.072634 0.314961,
        -0.484181 -0.057519 0.314961,
        -0.476042 -0.041846 0.314961,
        -0.479755 -0.057103 0.314961,
        -0.339927 -0.106243 0.314961,
        -0.339927 -0.060150 0.314961,
        -0.255965 -0.087998 0.314961,
        -0.279620 -0.085760 0.314961,
        -0.316902 -0.074299 0.314961,
        -0.190129 -0.041006 0.314961,
        -0.191461 -0.053429 0.314961,
        -0.195087 -0.063252 0.314961,
        -0.199257 -0.069497 0.314961,
        -0.205815 -0.075678 0.314961,
        -0.217111 -0.081913 0.314961,
        -0.233096 -0.086236 0.314961,
        -0.262927 0.026211 0.314961,
        -0.220121 0.003493 0.314961,
        -0.215735 0.000696 0.314961,
        -0.202771 -0.010304 0.314961,
        -0.195066 -0.020868 0.314961,
        -0.191498 -0.029829 0.314961,
        -0.339927 0.115574 0.314961,
        -0.337045 0.093977 0.314961,
        -0.330081 0.077436 0.314961,
        -0.319793 0.063636 0.314961,
        -0.302737 0.049343 0.314961,
        -0.263356 0.196681 0.314961,
        -0.228539 0.200076 0.314961,
        -0.289814 0.187999 0.314961,
        -0.307525 0.177823 0.314961,
        -0.321050 0.166088 0.314961,
        -0.330949 0.152413 0.314961,
        -0.337105 0.137340 0.314961,
        -0.193572 0.198581 0.314961,
        -0.159401 0.191434 0.314961,
        -0.159401 0.145342 0.314961,
        -0.231899 0.165507 0.314961,
        -0.210138 0.164141 0.314961,
        -0.183213 0.157706 0.314961,
        -0.297676 0.119715 0.314961,
        -0.296688 0.129259 0.314961,
        -0.293904 0.137361 0.314961,
        -0.289312 0.144507 0.314961,
        -0.282135 0.151404 0.314961,
        -0.270670 0.158161 0.314961,
        -0.253948 0.163509 0.314961,
        -0.230759 0.055799 0.314961,
        -0.260034 0.071312 0.314961,
        -0.277994 0.082730 0.314961,
        -0.287652 0.091200 0.314961,
        -0.292978 0.099012 0.314961,
        -0.296293 0.107697 0.314961,
        -0.147878 -0.037525 0.314961,
        -0.147960 -0.034791 0.314961,
        -0.150961 -0.015997 0.314961,
        -0.157813 -0.000235 0.314961,
        -0.169287 0.015248 0.314961,
        -0.189911 0.032698 0.314961,
        -0.260647 -0.122567 0.314961,
        -0.228085 -0.120191 0.314961,
        -0.197344 -0.111620 0.314961,
        -0.179545 -0.101880 0.314961,
        -0.166372 -0.090380 0.314961,
        -0.156198 -0.075611 0.314961,
        -0.150357 -0.059654 0.314961,
        -0.301183 -0.118390 0.314961,
        -0.329832 -0.111068 0.314961,
        0.038890 -0.122567 0.314961,
        0.000320 -0.118481 0.314961,
        -0.029232 -0.108324 0.314961,
        -0.055003 -0.091922 0.314961,
        -0.077636 -0.068509 0.314961,
        -0.095090 -0.039120 0.314961,
        -0.105750 -0.005088 0.314961,
        -0.109468 0.035034 0.314961,
        0.009074 0.196996 0.314961,
        0.043991 0.200076 0.314961,
        -0.022780 0.187511 0.314961,
        -0.051811 0.170305 0.314961,
        -0.076498 0.145359 0.314961,
        -0.094135 0.115652 0.314961,
        -0.105534 0.078668 0.314961,
        0.082023 0.195909 0.314961,
        0.111798 0.185313 0.314961,
        0.139185 0.166897 0.314961,
        0.162553 0.140591 0.314961,
        0.178973 0.109140 0.314961,
        0.187901 0.074026 0.314961,
        0.190129 0.042476 0.314961,
        0.077299 -0.118679 0.314961,
        0.107660 -0.108449 0.314961,
        0.133707 -0.092252 0.314961,
        0.157804 -0.067482 0.314961,
        0.175055 -0.037977 0.314961,
        0.186276 -0.001096 0.314961,
        -0.067217 0.038455 0.314961,
        -0.063833 0.002212 0.314961,
        -0.054686 -0.026735 0.314961,
        -0.041405 -0.048984 0.314961,
        -0.024356 -0.066670 0.314961,
        -0.005823 -0.078437 0.314961,
        0.015937 -0.085733 0.314961,
        0.039010 -0.087998 0.314961,
        0.067307 -0.085038 0.314961,
        0.089144 -0.077583 0.314961,
        0.107484 -0.065878 0.314961,
        0.122043 -0.050987 0.314961,
        0.134435 -0.030992 0.314961,
        0.144243 -0.001043 0.314961,
        0.147878 0.037855 0.314961,
        0.144764 0.075078 0.314961,
        0.136583 0.103861 0.314961,
        0.123586 0.127113 0.314961,
        0.108163 0.143500 0.314961,
        0.090637 0.155008 0.314961,
        0.069835 0.162402 0.314961,
        0.041651 0.165507 0.314961,
        0.013493 0.162170 0.314961,
        -0.007657 0.154137 0.314961,
        -0.026541 0.141138 0.314961,
        -0.044695 0.120519 0.314961,
        -0.057550 0.095879 0.314961,
        -0.065962 0.060959 0.314961,
        -0.067217 0.038455 0.318898,
        -0.065962 0.060959 0.318898,
        -0.057550 0.095879 0.318898,
        -0.044695 0.120519 0.318898,
        -0.026541 0.141138 0.318898,
        -0.007657 0.154137 0.318898,
        0.013493 0.162170 0.318898,
        0.041651 0.165507 0.318898,
        0.069835 0.162402 0.318898,
        0.090637 0.155008 0.318898,
        0.108163 0.143500 0.318898,
        0.123586 0.127113 0.318898,
        0.136583 0.103861 0.318898,
        0.144764 0.075078 0.318898,
        0.147878 0.037855 0.318898,
        0.144243 -0.001043 0.318898,
        0.134435 -0.030992 0.318898,
        0.122043 -0.050987 0.318898,
        0.107484 -0.065878 0.318898,
        0.089144 -0.077583 0.318898,
        0.067307 -0.085038 0.318898,
        0.039010 -0.087998 0.318898,
        0.015937 -0.085733 0.318898,
        -0.005823 -0.078437 0.318898,
        -0.024356 -0.066670 0.318898,
        -0.041405 -0.048984 0.318898,
        -0.054686 -0.026735 0.318898,
        -0.063833 0.002212 0.318898,
        0.508930 0.196235 0.314961,
        0.508930 -0.118726 0.314961,
        0.458817 -0.118726 0.314961,
        0.304338 0.125777 0.314961,
        0.293835 0.146302 0.314961,
        0.298611 0.135797 0.314961,
        0.292575 0.146302 0.314961,
        0.293835 0.102251 0.314961,
        0.293653 0.124293 0.314961,
        0.293835 -0.118726 0.314961,
        0.251584 -0.118726 0.314961,
        0.251584 0.196235 0.314961,
        0.305358 0.196235 0.314961,
        0.455217 -0.043286 0.314961,
        0.467880 -0.064952 0.314961,
        0.461816 -0.053966 0.314961,
        0.468720 -0.064952 0.314961,
        0.466680 -0.019220 0.314961,
        0.467029 -0.042122 0.314961,
        0.466680 0.196235 0.314961,
        0.668211 -0.122567 0.314961,
        0.640015 -0.119505 0.314961,
        0.616396 -0.111181 0.314961,
        0.596862 -0.098415 0.314961,
        0.583105 -0.083411 0.314961,
        0.572859 -0.064733 0.314961,
        0.567362 -0.043109 0.314961,
        0.566545 -0.030383 0.314961,
        0.627281 0.051838 0.314961,
        0.606698 0.041499 0.314961,
        0.589301 0.026450 0.314961,
        0.576544 0.008567 0.314961,
        0.569394 -0.008995 0.314961,
        0.581909 0.120196 0.314961,
        0.582591 0.110665 0.314961,
        0.586374 0.095987 0.314961,
        0.594307 0.080991 0.314961,
        0.607222 0.066133 0.314961,
        0.672052 0.200076 0.314961,
        0.658155 0.199235 0.314961,
        0.635207 0.193597 0.314961,
        0.617396 0.184594 0.314961,
        0.602701 0.172426 0.314961,
        0.591580 0.157381 0.314961,
        0.584688 0.140883 0.314961,
        0.697608 0.197191 0.314961,
        0.718910 0.189369 0.314961,
        0.734710 0.179163 0.314961,
        0.746998 0.166440 0.314961,
        0.756339 0.150521 0.314961,
        0.761193 0.134549 0.314961,
        0.762435 0.120196 0.314961,
        0.717484 0.051838 0.314961,
        0.725428 0.056719 0.314961,
        0.741448 0.070185 0.314961,
        0.752405 0.084641 0.314961,
        0.759919 0.101872 0.314961,
        0.770117 -0.030383 0.314961,
        0.768912 -0.015239 0.314961,
        0.763213 0.004570 0.314961,
        0.750861 0.025814 0.314961,
        0.735933 0.040998 0.314961,
        0.689030 -0.121001 0.314961,
        0.713139 -0.114406 0.314961,
        0.732098 -0.104502 0.314961,
        0.748475 -0.090205 0.314961,
        0.760368 -0.072688 0.314961,
        0.767344 -0.054044 0.314961,
        0.684529 0.067336 0.314961,
        0.671872 0.065642 0.314961,
        0.679163 0.030346 0.314961,
        0.694098 0.071245 0.314961,
        0.717448 0.099056 0.314961,
        0.719928 0.110521 0.314961,
        0.720184 0.115754 0.314961,
        0.637358 0.024411 0.314961,
        0.651154 0.029282 0.314961,
        0.659143 0.067320 0.314961,
        0.712529 0.088860 0.314961,
        0.703208 0.077896 0.314961,
        0.668151 0.031073 0.314961,
        0.694013 0.026557 0.314961,
        0.707387 0.019201 0.314961,
        0.718608 0.129172 0.314961,
        0.714525 0.139886 0.314961,
        0.707817 0.149553 0.314961,
        0.702394 0.154833 0.314961,
        0.693574 0.160709 0.314961,
        0.717554 0.009868 0.314961,
        0.725180 -0.000984 0.314961,
        0.729752 -0.012646 0.314961,
        0.731707 -0.028343 0.314961,
        0.648917 0.071625 0.314961,
        0.640533 0.077869 0.314961,
        0.636823 0.081731 0.314961,
        0.629950 0.091543 0.314961,
        0.625800 0.102130 0.314961,
        0.624160 0.115754 0.314961,
        0.625189 0.127057 0.314961,
        0.682756 0.164422 0.314961,
        0.671872 0.165507 0.314961,
        0.659317 0.164034 0.314961,
        0.649861 0.160502 0.314961,
        0.641108 0.154561 0.314961,
        0.634031 0.147018 0.314961,
        0.628551 0.137786 0.314961,
        0.625791 0.016885 0.314961,
        0.617427 0.008500 0.314961,
        0.610549 -0.002284 0.314961,
        0.606317 -0.014850 0.314961,
        0.604955 -0.028343 0.314961,
        0.606576 -0.043959 0.314961,
        0.610717 -0.056043 0.314961,
        0.617052 -0.066151 0.314961,
        0.627619 -0.076274 0.314961,
        0.639996 -0.083029 0.314961,
        0.653492 -0.086808 0.314961,
        0.668151 -0.087998 0.314961,
        0.685309 -0.086237 0.314961,
        0.699391 -0.081414 0.314961,
        0.710974 -0.074035 0.314961,
        0.719442 -0.065533 0.314961,
        0.725825 -0.055537 0.314961,
        0.729995 -0.043885 0.314961,
        0.604955 -0.028343 0.318898,
        0.606317 -0.014850 0.318898,
        0.610549 -0.002284 0.318898,
        0.617427 0.008500 0.318898,
        0.625791 0.016885 0.318898,
        0.637358 0.024411 0.318898,
        0.651154 0.029282 0.318898,
        0.668151 0.031073 0.318898,
        0.679163 0.030346 0.318898,
        0.694013 0.026557 0.318898,
        0.707387 0.019201 0.318898,
        0.717554 0.009868 0.318898,
        0.725180 -0.000984 0.318898,
        0.729752 -0.012646 0.318898,
        0.731707 -0.028343 0.318898,
        0.729995 -0.043885 0.318898,
        0.725825 -0.055537 0.318898,
        0.719442 -0.065533 0.318898,
        0.710974 -0.074035 0.318898,
        0.699391 -0.081414 0.318898,
        0.685309 -0.086237 0.318898,
        0.668151 -0.087998 0.318898,
        0.653492 -0.086808 0.318898,
        0.639996 -0.083029 0.318898,
        0.627619 -0.076274 0.318898,
        0.617052 -0.066151 0.318898,
        0.610717 -0.056043 0.318898,
        0.606576 -0.043959 0.318898,
        0.624160 0.115754 0.318898,
        0.625189 0.127057 0.318898,
        0.628551 0.137786 0.318898,
        0.634031 0.147018 0.318898,
        0.641108 0.154561 0.318898,
        0.649861 0.160502 0.318898,
        0.659317 0.164034 0.318898,
        0.671872 0.165507 0.318898,
        0.682756 0.164422 0.318898,
        0.693574 0.160709 0.318898,
        0.702394 0.154833 0.318898,
        0.707817 0.149553 0.318898,
        0.714525 0.139886 0.318898,
        0.718608 0.129172 0.318898,
        0.720184 0.115754 0.318898,
        0.719928 0.110521 0.318898,
        0.717448 0.099056 0.318898,
        0.712529 0.088860 0.318898,
        0.703208 0.077896 0.318898,
        0.694098 0.071245 0.318898,
        0.684529 0.067336 0.318898,
        0.671872 0.065642 0.318898,
        0.659143 0.067320 0.318898,
        0.648917 0.071625 0.318898,
        0.640533 0.077869 0.318898,
        0.636823 0.081731 0.318898,
        0.629950 0.091543 0.318898,
        0.625800 0.102130 0.318898,
      ]
    }
    coordIndex [
      198, 199, 172, -1,
      172, 199, 171, -1,
      199, 200, 171, -1,
      171, 200, 153, -1,
      200, 201, 153, -1,
      153, 201, 154, -1,
      201, 202, 154, -1,
      154, 202, 167, -1,
      203, 163, 165, -1,
      203, 165, 204, -1,
      204, 165, 167, -1,
      204, 167, 202, -1,
      203, 205, 163, -1,
      163, 205, 164, -1,
      206, 168, 166, -1,
      206, 166, 207, -1,
      207, 166, 164, -1,
      207, 164, 205, -1,
      206, 208, 168, -1,
      168, 208, 169, -1,
      208, 209, 169, -1,
      169, 209, 170, -1,
      209, 210, 170, -1,
      170, 210, 173, -1,
      210, 211, 173, -1,
      173, 211, 158, -1,
      211, 212, 158, -1,
      158, 212, 159, -1,
      213, 162, 161, -1,
      213, 161, 214, -1,
      214, 161, 159, -1,
      214, 159, 212, -1,
      215, 174, 160, -1,
      215, 160, 216, -1,
      216, 160, 162, -1,
      216, 162, 213, -1,
      215, 217, 174, -1,
      174, 217, 175, -1,
      217, 218, 175, -1,
      175, 218, 157, -1,
      218, 219, 157, -1,
      157, 219, 155, -1,
      220, 151, 150, -1,
      220, 150, 221, -1,
      221, 150, 155, -1,
      221, 155, 219, -1,
      222, 156, 152, -1,
      222, 152, 223, -1,
      223, 152, 151, -1,
      223, 151, 220, -1,
      222, 198, 156, -1,
      156, 198, 172, -1,
      211, 210, 212, -1,
      212, 210, 209, -1,
      212, 209, 214, -1,
      199, 198, 200, -1,
      200, 198, 222, -1,
      222, 223, 200, -1,
      200, 223, 220, -1,
      200, 220, 201, -1,
      214, 209, 213, -1,
      213, 209, 208, -1,
      213, 208, 216, -1,
      220, 221, 201, -1,
      201, 221, 219, -1,
      201, 219, 202, -1,
      202, 219, 218, -1,
      202, 218, 204, -1,
      206, 217, 208, -1,
      208, 217, 215, -1,
      208, 215, 216, -1,
      206, 207, 217, -1,
      217, 207, 205, -1,
      217, 205, 218, -1,
      218, 205, 203, -1,
      218, 203, 204, -1,
      224, 225, 82, -1,
      82, 225, 83, -1,
      226, 103, 101, -1,
      226, 101, 227, -1,
      227, 101, 99, -1,
      227, 99, 228, -1,
      228, 99, 83, -1,
      228, 83, 225, -1,
      229, 110, 109, -1,
      229, 109, 230, -1,
      230, 109, 108, -1,
      230, 108, 231, -1,
      231, 108, 107, -1,
      231, 107, 232, -1,
      232, 107, 106, -1,
      232, 106, 233, -1,
      233, 106, 105, -1,
      233, 105, 234, -1,
      234, 105, 104, -1,
      234, 104, 235, -1,
      235, 104, 103, -1,
      235, 103, 226, -1,
      236, 98, 100, -1,
      236, 100, 237, -1,
      237, 100, 102, -1,
      237, 102, 238, -1,
      238, 102, 113, -1,
      238, 113, 239, -1,
      239, 113, 112, -1,
      239, 112, 240, -1,
      240, 112, 111, -1,
      240, 111, 241, -1,
      241, 111, 110, -1,
      241, 110, 229, -1,
      242, 91, 90, -1,
      242, 90, 243, -1,
      243, 90, 89, -1,
      243, 89, 244, -1,
      244, 89, 88, -1,
      244, 88, 245, -1,
      245, 88, 87, -1,
      245, 87, 246, -1,
      246, 87, 98, -1,
      246, 98, 236, -1,
      247, 248, 149, -1,
      149, 248, 148, -1,
      149, 97, 247, -1,
      247, 97, 96, -1,
      247, 96, 249, -1,
      249, 96, 95, -1,
      249, 95, 250, -1,
      250, 95, 94, -1,
      250, 94, 251, -1,
      251, 94, 93, -1,
      251, 93, 252, -1,
      252, 93, 92, -1,
      252, 92, 253, -1,
      253, 92, 91, -1,
      253, 91, 242, -1,
      148, 248, 254, -1,
      255, 117, 116, -1,
      255, 116, 254, -1,
      254, 116, 147, -1,
      254, 147, 148, -1,
      255, 256, 117, -1,
      117, 256, 118, -1,
      257, 135, 134, -1,
      257, 134, 258, -1,
      258, 134, 132, -1,
      258, 132, 259, -1,
      259, 132, 118, -1,
      259, 118, 256, -1,
      260, 138, 143, -1,
      260, 143, 261, -1,
      261, 143, 142, -1,
      261, 142, 262, -1,
      262, 142, 141, -1,
      262, 141, 263, -1,
      263, 141, 146, -1,
      263, 146, 264, -1,
      264, 146, 145, -1,
      264, 145, 265, -1,
      265, 145, 144, -1,
      265, 144, 266, -1,
      266, 144, 135, -1,
      266, 135, 257, -1,
      267, 131, 133, -1,
      267, 133, 268, -1,
      268, 133, 140, -1,
      268, 140, 269, -1,
      269, 140, 139, -1,
      269, 139, 270, -1,
      270, 139, 136, -1,
      270, 136, 271, -1,
      271, 136, 137, -1,
      271, 137, 272, -1,
      272, 137, 138, -1,
      272, 138, 260, -1,
      273, 124, 123, -1,
      273, 123, 274, -1,
      274, 123, 122, -1,
      274, 122, 275, -1,
      275, 122, 121, -1,
      275, 121, 276, -1,
      276, 121, 120, -1,
      276, 120, 277, -1,
      277, 120, 119, -1,
      277, 119, 278, -1,
      278, 119, 131, -1,
      278, 131, 267, -1,
      279, 115, 280, -1,
      280, 115, 114, -1,
      114, 130, 280, -1,
      280, 130, 129, -1,
      280, 129, 281, -1,
      281, 129, 128, -1,
      281, 128, 282, -1,
      282, 128, 127, -1,
      282, 127, 283, -1,
      283, 127, 126, -1,
      283, 126, 284, -1,
      284, 126, 125, -1,
      284, 125, 285, -1,
      285, 125, 124, -1,
      285, 124, 273, -1,
      115, 279, 84, -1,
      84, 279, 286, -1,
      84, 286, 85, -1,
      85, 286, 287, -1,
      85, 287, 86, -1,
      86, 287, 224, -1,
      86, 224, 82, -1,
      225, 224, 228, -1,
      228, 224, 287, -1,
      228, 287, 227, -1,
      227, 287, 286, -1,
      227, 286, 226, -1,
      226, 286, 279, -1,
      226, 279, 235, -1,
      235, 279, 280, -1,
      235, 280, 234, -1,
      234, 280, 281, -1,
      234, 281, 233, -1,
      233, 281, 282, -1,
      233, 282, 232, -1,
      232, 282, 283, -1,
      232, 283, 231, -1,
      231, 283, 284, -1,
      231, 284, 230, -1,
      230, 284, 285, -1,
      230, 285, 229, -1,
      285, 273, 229, -1,
      229, 273, 274, -1,
      229, 274, 241, -1,
      241, 274, 275, -1,
      241, 275, 240, -1,
      240, 275, 276, -1,
      240, 276, 239, -1,
      239, 276, 277, -1,
      239, 277, 238, -1,
      238, 277, 278, -1,
      238, 278, 237, -1,
      237, 278, 267, -1,
      237, 267, 236, -1,
      236, 267, 268, -1,
      236, 268, 246, -1,
      246, 268, 269, -1,
      246, 269, 245, -1,
      245, 269, 270, -1,
      245, 270, 244, -1,
      244, 270, 271, -1,
      244, 271, 243, -1,
      243, 271, 272, -1,
      243, 272, 242, -1,
      242, 272, 260, -1,
      242, 260, 253, -1,
      253, 260, 261, -1,
      253, 261, 252, -1,
      252, 261, 262, -1,
      252, 262, 251, -1,
      251, 262, 263, -1,
      251, 263, 250, -1,
      250, 263, 264, -1,
      250, 264, 249, -1,
      249, 264, 265, -1,
      249, 265, 247, -1,
      247, 265, 266, -1,
      247, 266, 248, -1,
      248, 266, 257, -1,
      248, 257, 254, -1,
      254, 257, 258, -1,
      254, 258, 255, -1,
      255, 258, 259, -1,
      255, 259, 256, -1,
      186, 288, 74, -1,
      74, 288, 289, -1,
      74, 289, 75, -1,
      75, 289, 290, -1,
      75, 290, 76, -1,
      76, 290, 291, -1,
      76, 291, 77, -1,
      77, 291, 292, -1,
      77, 292, 78, -1,
      78, 292, 293, -1,
      78, 293, 79, -1,
      79, 293, 294, -1,
      79, 294, 80, -1,
      80, 294, 295, -1,
      80, 295, 81, -1,
      296, 297, 67, -1,
      67, 297, 66, -1,
      67, 73, 296, -1,
      296, 73, 72, -1,
      296, 72, 298, -1,
      298, 72, 71, -1,
      298, 71, 299, -1,
      299, 71, 69, -1,
      299, 69, 300, -1,
      300, 69, 68, -1,
      300, 68, 301, -1,
      301, 68, 70, -1,
      301, 70, 302, -1,
      302, 70, 81, -1,
      302, 81, 295, -1,
      66, 297, 53, -1,
      53, 297, 303, -1,
      53, 303, 54, -1,
      54, 303, 304, -1,
      54, 304, 55, -1,
      55, 304, 305, -1,
      55, 305, 51, -1,
      51, 305, 306, -1,
      51, 306, 52, -1,
      52, 306, 307, -1,
      52, 307, 64, -1,
      64, 307, 308, -1,
      64, 308, 65, -1,
      65, 308, 309, -1,
      65, 309, 61, -1,
      288, 186, 60, -1,
      288, 60, 310, -1,
      60, 59, 310, -1,
      310, 59, 58, -1,
      310, 58, 311, -1,
      311, 58, 57, -1,
      311, 57, 312, -1,
      312, 57, 56, -1,
      312, 56, 313, -1,
      313, 56, 63, -1,
      313, 63, 314, -1,
      314, 63, 62, -1,
      314, 62, 315, -1,
      315, 62, 61, -1,
      315, 61, 309, -1,
      316, 295, 317, -1,
      317, 295, 294, -1,
      317, 294, 318, -1,
      318, 294, 293, -1,
      318, 293, 319, -1,
      319, 293, 292, -1,
      319, 292, 320, -1,
      320, 292, 291, -1,
      320, 291, 321, -1,
      321, 291, 290, -1,
      321, 290, 322, -1,
      322, 290, 289, -1,
      322, 289, 323, -1,
      323, 289, 288, -1,
      323, 288, 324, -1,
      324, 288, 310, -1,
      324, 310, 325, -1,
      325, 310, 311, -1,
      325, 311, 326, -1,
      326, 311, 312, -1,
      326, 312, 327, -1,
      327, 312, 313, -1,
      327, 313, 328, -1,
      328, 313, 314, -1,
      328, 314, 329, -1,
      329, 314, 315, -1,
      329, 315, 330, -1,
      330, 315, 309, -1,
      330, 309, 331, -1,
      331, 309, 308, -1,
      331, 308, 332, -1,
      332, 308, 307, -1,
      332, 307, 333, -1,
      333, 307, 306, -1,
      333, 306, 334, -1,
      334, 306, 305, -1,
      334, 305, 335, -1,
      335, 305, 304, -1,
      335, 304, 336, -1,
      336, 304, 303, -1,
      336, 303, 337, -1,
      337, 303, 297, -1,
      337, 297, 338, -1,
      338, 297, 296, -1,
      338, 296, 339, -1,
      339, 296, 298, -1,
      339, 298, 340, -1,
      340, 298, 299, -1,
      340, 299, 341, -1,
      341, 299, 300, -1,
      341, 300, 342, -1,
      342, 300, 301, -1,
      342, 301, 343, -1,
      343, 301, 302, -1,
      343, 302, 316, -1,
      316, 302, 295, -1,
      316, 344, 345, -1,
      316, 345, 343, -1,
      343, 345, 346, -1,
      343, 346, 342, -1,
      342, 346, 347, -1,
      342, 347, 341, -1,
      341, 347, 348, -1,
      341, 348, 340, -1,
      340, 348, 349, -1,
      340, 349, 339, -1,
      339, 349, 350, -1,
      339, 350, 338, -1,
      338, 350, 351, -1,
      338, 351, 337, -1,
      337, 351, 352, -1,
      337, 352, 336, -1,
      336, 352, 353, -1,
      336, 353, 335, -1,
      335, 353, 354, -1,
      335, 354, 334, -1,
      334, 354, 355, -1,
      334, 355, 333, -1,
      333, 355, 356, -1,
      333, 356, 332, -1,
      332, 356, 357, -1,
      332, 357, 331, -1,
      331, 357, 358, -1,
      331, 358, 330, -1,
      330, 358, 359, -1,
      330, 359, 329, -1,
      329, 359, 360, -1,
      329, 360, 328, -1,
      328, 360, 361, -1,
      328, 361, 327, -1,
      327, 361, 362, -1,
      327, 362, 326, -1,
      326, 362, 363, -1,
      326, 363, 325, -1,
      325, 363, 364, -1,
      325, 364, 324, -1,
      324, 364, 365, -1,
      324, 365, 323, -1,
      323, 365, 366, -1,
      323, 366, 322, -1,
      322, 366, 367, -1,
      322, 367, 321, -1,
      321, 367, 368, -1,
      321, 368, 320, -1,
      320, 368, 369, -1,
      320, 369, 319, -1,
      319, 369, 370, -1,
      319, 370, 318, -1,
      318, 370, 371, -1,
      318, 371, 317, -1,
      317, 371, 344, -1,
      317, 344, 316, -1,
      372, 373, 189, -1,
      189, 373, 190, -1,
      373, 374, 190, -1,
      190, 374, 184, -1,
      374, 375, 184, -1,
      184, 375, 183, -1,
      376, 179, 181, -1,
      376, 181, 377, -1,
      377, 181, 183, -1,
      377, 183, 375, -1,
      376, 378, 179, -1,
      179, 378, 180, -1,
      379, 185, 182, -1,
      379, 182, 380, -1,
      380, 182, 180, -1,
      380, 180, 378, -1,
      379, 381, 185, -1,
      185, 381, 176, -1,
      381, 382, 176, -1,
      176, 382, 177, -1,
      382, 383, 177, -1,
      177, 383, 178, -1,
      383, 384, 178, -1,
      178, 384, 187, -1,
      384, 385, 187, -1,
      187, 385, 195, -1,
      386, 191, 193, -1,
      386, 193, 387, -1,
      387, 193, 195, -1,
      387, 195, 385, -1,
      386, 388, 191, -1,
      191, 388, 192, -1,
      389, 196, 194, -1,
      389, 194, 390, -1,
      390, 194, 192, -1,
      390, 192, 388, -1,
      389, 391, 196, -1,
      196, 391, 188, -1,
      391, 372, 188, -1,
      188, 372, 189, -1,
      372, 391, 373, -1,
      373, 391, 389, -1,
      382, 381, 383, -1,
      383, 381, 379, -1,
      379, 380, 383, -1,
      383, 380, 378, -1,
      383, 378, 384, -1,
      384, 378, 376, -1,
      389, 390, 373, -1,
      373, 390, 388, -1,
      373, 388, 374, -1,
      374, 388, 386, -1,
      386, 387, 374, -1,
      374, 387, 385, -1,
      374, 385, 375, -1,
      375, 385, 384, -1,
      375, 384, 377, -1,
      377, 384, 376, -1,
      45, 392, 46, -1,
      46, 392, 393, -1,
      46, 393, 47, -1,
      47, 393, 394, -1,
      47, 394, 38, -1,
      38, 394, 395, -1,
      38, 395, 39, -1,
      39, 395, 396, -1,
      39, 396, 40, -1,
      40, 396, 397, -1,
      40, 397, 41, -1,
      41, 397, 398, -1,
      41, 398, 42, -1,
      42, 398, 399, -1,
      42, 399, 43, -1,
      400, 33, 28, -1,
      400, 28, 401, -1,
      401, 28, 27, -1,
      401, 27, 402, -1,
      402, 27, 32, -1,
      402, 32, 403, -1,
      403, 32, 44, -1,
      403, 44, 404, -1,
      404, 44, 43, -1,
      404, 43, 399, -1,
      405, 29, 50, -1,
      405, 50, 406, -1,
      406, 50, 49, -1,
      406, 49, 407, -1,
      407, 49, 48, -1,
      407, 48, 408, -1,
      408, 48, 34, -1,
      408, 34, 409, -1,
      409, 34, 33, -1,
      409, 33, 400, -1,
      410, 197, 26, -1,
      410, 26, 411, -1,
      411, 26, 25, -1,
      411, 25, 412, -1,
      25, 37, 412, -1,
      412, 37, 36, -1,
      412, 36, 413, -1,
      413, 36, 35, -1,
      413, 35, 414, -1,
      414, 35, 31, -1,
      414, 31, 415, -1,
      415, 31, 30, -1,
      415, 30, 416, -1,
      416, 30, 29, -1,
      416, 29, 405, -1,
      197, 410, 4, -1,
      4, 410, 417, -1,
      4, 417, 5, -1,
      5, 417, 418, -1,
      5, 418, 6, -1,
      6, 418, 419, -1,
      6, 419, 7, -1,
      7, 419, 420, -1,
      7, 420, 17, -1,
      17, 420, 421, -1,
      17, 421, 18, -1,
      18, 421, 422, -1,
      18, 422, 19, -1,
      19, 422, 423, -1,
      19, 423, 2, -1,
      424, 12, 11, -1,
      424, 11, 425, -1,
      425, 11, 9, -1,
      425, 9, 426, -1,
      426, 9, 8, -1,
      426, 8, 427, -1,
      427, 8, 3, -1,
      427, 3, 428, -1,
      428, 3, 2, -1,
      428, 2, 423, -1,
      429, 23, 22, -1,
      429, 22, 430, -1,
      430, 22, 21, -1,
      430, 21, 431, -1,
      431, 21, 20, -1,
      431, 20, 432, -1,
      432, 20, 10, -1,
      432, 10, 433, -1,
      433, 10, 12, -1,
      433, 12, 424, -1,
      392, 45, 1, -1,
      392, 1, 434, -1,
      434, 1, 0, -1,
      434, 0, 435, -1,
      0, 16, 435, -1,
      435, 16, 15, -1,
      435, 15, 436, -1,
      436, 15, 14, -1,
      436, 14, 437, -1,
      437, 14, 13, -1,
      437, 13, 438, -1,
      438, 13, 24, -1,
      438, 24, 439, -1,
      439, 24, 23, -1,
      439, 23, 429, -1,
      440, 441, 442, -1,
      440, 442, 443, -1,
      444, 424, 445, -1,
      445, 424, 446, -1,
      447, 448, 400, -1,
      400, 448, 449, -1,
      444, 450, 424, -1,
      424, 450, 451, -1,
      424, 451, 443, -1,
      449, 448, 441, -1,
      441, 448, 452, -1,
      441, 452, 442, -1,
      443, 442, 424, -1,
      424, 442, 453, -1,
      424, 453, 433, -1,
      433, 453, 454, -1,
      433, 454, 432, -1,
      455, 421, 456, -1,
      456, 421, 420, -1,
      456, 420, 457, -1,
      457, 420, 419, -1,
      457, 419, 458, -1,
      458, 419, 418, -1,
      458, 418, 459, -1,
      424, 425, 446, -1,
      446, 425, 426, -1,
      446, 426, 427, -1,
      454, 460, 432, -1,
      432, 460, 461, -1,
      432, 461, 431, -1,
      431, 461, 462, -1,
      431, 462, 430, -1,
      430, 462, 463, -1,
      427, 428, 446, -1,
      446, 428, 423, -1,
      446, 423, 455, -1,
      455, 423, 422, -1,
      455, 422, 421, -1,
      449, 464, 400, -1,
      400, 464, 465, -1,
      400, 465, 409, -1,
      409, 465, 466, -1,
      409, 466, 408, -1,
      408, 466, 467, -1,
      408, 467, 407, -1,
      407, 467, 468, -1,
      407, 468, 406, -1,
      406, 468, 469, -1,
      406, 469, 405, -1,
      405, 469, 470, -1,
      459, 418, 471, -1,
      471, 418, 417, -1,
      471, 417, 472, -1,
      472, 417, 410, -1,
      472, 410, 473, -1,
      473, 410, 411, -1,
      473, 411, 474, -1,
      474, 411, 412, -1,
      474, 412, 475, -1,
      475, 412, 413, -1,
      475, 413, 476, -1,
      476, 413, 414, -1,
      476, 414, 477, -1,
      477, 414, 415, -1,
      477, 415, 470, -1,
      470, 415, 416, -1,
      470, 416, 405, -1,
      447, 400, 478, -1,
      478, 400, 401, -1,
      478, 401, 479, -1,
      479, 401, 402, -1,
      479, 402, 480, -1,
      480, 402, 403, -1,
      480, 403, 481, -1,
      481, 403, 404, -1,
      481, 404, 482, -1,
      482, 404, 399, -1,
      482, 399, 483, -1,
      483, 399, 398, -1,
      483, 398, 484, -1,
      484, 398, 397, -1,
      484, 397, 485, -1,
      485, 397, 396, -1,
      485, 396, 486, -1,
      486, 396, 395, -1,
      486, 395, 487, -1,
      487, 395, 394, -1,
      487, 394, 488, -1,
      488, 394, 393, -1,
      488, 393, 489, -1,
      489, 393, 392, -1,
      489, 392, 490, -1,
      490, 392, 434, -1,
      490, 434, 491, -1,
      491, 434, 435, -1,
      491, 435, 492, -1,
      492, 435, 436, -1,
      492, 436, 493, -1,
      493, 436, 437, -1,
      493, 437, 494, -1,
      494, 437, 438, -1,
      494, 438, 495, -1,
      495, 438, 439, -1,
      495, 439, 463, -1,
      463, 439, 429, -1,
      463, 429, 430, -1,
      482, 496, 497, -1,
      482, 497, 481, -1,
      481, 497, 498, -1,
      481, 498, 480, -1,
      480, 498, 499, -1,
      480, 499, 479, -1,
      479, 499, 500, -1,
      479, 500, 478, -1,
      478, 500, 501, -1,
      478, 501, 447, -1,
      447, 501, 502, -1,
      447, 502, 448, -1,
      448, 502, 503, -1,
      448, 503, 452, -1,
      452, 503, 504, -1,
      452, 504, 442, -1,
      442, 504, 505, -1,
      442, 505, 453, -1,
      453, 505, 506, -1,
      453, 506, 454, -1,
      454, 506, 507, -1,
      454, 507, 460, -1,
      460, 507, 508, -1,
      460, 508, 461, -1,
      461, 508, 509, -1,
      461, 509, 462, -1,
      462, 509, 510, -1,
      462, 510, 463, -1,
      463, 510, 511, -1,
      463, 511, 495, -1,
      495, 511, 512, -1,
      495, 512, 494, -1,
      494, 512, 513, -1,
      494, 513, 493, -1,
      493, 513, 514, -1,
      493, 514, 492, -1,
      492, 514, 515, -1,
      492, 515, 491, -1,
      491, 515, 516, -1,
      491, 516, 490, -1,
      490, 516, 517, -1,
      490, 517, 489, -1,
      489, 517, 518, -1,
      489, 518, 488, -1,
      488, 518, 519, -1,
      488, 519, 487, -1,
      487, 519, 520, -1,
      487, 520, 486, -1,
      486, 520, 521, -1,
      486, 521, 485, -1,
      485, 521, 522, -1,
      485, 522, 484, -1,
      484, 522, 523, -1,
      484, 523, 483, -1,
      483, 523, 496, -1,
      483, 496, 482, -1,
      469, 524, 525, -1,
      469, 525, 470, -1,
      470, 525, 526, -1,
      470, 526, 477, -1,
      477, 526, 527, -1,
      477, 527, 476, -1,
      476, 527, 528, -1,
      476, 528, 475, -1,
      475, 528, 529, -1,
      475, 529, 474, -1,
      474, 529, 530, -1,
      474, 530, 473, -1,
      473, 530, 531, -1,
      473, 531, 472, -1,
      472, 531, 532, -1,
      472, 532, 471, -1,
      471, 532, 533, -1,
      471, 533, 459, -1,
      459, 533, 534, -1,
      459, 534, 458, -1,
      458, 534, 535, -1,
      458, 535, 457, -1,
      457, 535, 536, -1,
      457, 536, 456, -1,
      456, 536, 537, -1,
      456, 537, 455, -1,
      455, 537, 538, -1,
      455, 538, 446, -1,
      446, 538, 539, -1,
      446, 539, 445, -1,
      445, 539, 540, -1,
      445, 540, 444, -1,
      444, 540, 541, -1,
      444, 541, 450, -1,
      450, 541, 542, -1,
      450, 542, 451, -1,
      451, 542, 543, -1,
      451, 543, 443, -1,
      443, 543, 544, -1,
      443, 544, 440, -1,
      440, 544, 545, -1,
      440, 545, 441, -1,
      441, 545, 546, -1,
      441, 546, 449, -1,
      449, 546, 547, -1,
      449, 547, 464, -1,
      464, 547, 548, -1,
      464, 548, 465, -1,
      465, 548, 549, -1,
      465, 549, 466, -1,
      466, 549, 550, -1,
      466, 550, 467, -1,
      467, 550, 551, -1,
      467, 551, 468, -1,
      468, 551, 524, -1,
      468, 524, 469, -1,
    ]
  }
}

Shape {
  appearance Appearance {
    material Material {
      diffuseColor 0.2510 0.2510 0.2510
      specularColor 0.1255 0.1255 0.1255
      ambientIntensity 0.2
      transparency 0.0000
      shininess 0.5
    }
  }
  geometry IndexedFaceSet {
    ccw TRUE
    solid FALSE
    coord DEF co Coordinate {
      point [
        0.604955 -0.028343 0.318898,
        0.606317 -0.014850 0.318898,
        0.610549 -0.002284 0.318898,
        0.617427 0.008500 0.318898,
        0.625791 0.016885 0.318898,
        0.637358 0.024411 0.318898,
        0.651154 0.029282 0.318898,
        0.668151 0.031073 0.318898,
        0.679163 0.030346 0.318898,
        0.694013 0.026557 0.318898,
        0.707387 0.019201 0.318898,
        0.717554 0.009868 0.318898,
        0.725180 -0.000984 0.318898,
        0.729752 -0.012646 0.318898,
        0.731707 -0.028343 0.318898,
        0.729995 -0.043885 0.318898,
        0.725825 -0.055537 0.318898,
        0.719442 -0.065533 0.318898,
        0.710974 -0.074035 0.318898,
        0.699391 -0.081414 0.318898,
        0.685309 -0.086237 0.318898,
        0.668151 -0.087998 0.318898,
        0.653492 -0.086808 0.318898,
        0.639996 -0.083029 0.318898,
        0.627619 -0.076274 0.318898,
        0.617052 -0.066151 0.318898,
        0.610717 -0.056043 0.318898,
        0.606576 -0.043959 0.318898,
      ]
    }
    coordIndex [
      22, 21, 7, -1,
      16, 11, 17, -1,
      17, 11, 10, -1,
      7, 21, 8, -1,
      8, 21, 20, -1,
      8, 20, 19, -1,
      19, 18, 8, -1,
      8, 18, 17, -1,
      8, 17, 9, -1,
      9, 17, 10, -1,
      7, 6, 0, -1,
      0, 6, 5, -1,
      5, 4, 0, -1,
      0, 4, 3, -1,
      0, 3, 1, -1,
      1, 3, 2, -1,
      16, 15, 11, -1,
      11, 15, 14, -1,
      11, 14, 12, -1,
      12, 14, 13, -1,
      0, 27, 7, -1,
      7, 27, 26, -1,
      7, 26, 25, -1,
      25, 24, 7, -1,
      7, 24, 23, -1,
      7, 23, 22, -1,
    ]
  }
}

Shape {
  appearance Appearance {
    material Material {
      diffuseColor 0.6667 0.6667 0.6667
      specularColor 0.3333 0.3333 0.3333
      ambientIntensity 0.2
      transparency 0.0000
      shininess 0.5
    }
  }
  geometry IndexedFaceSet {
    ccw TRUE
    solid FALSE
    coord DEF co Coordinate {
      point [
        -1.328740 1.069491 0.318898,
        -1.308356 1.053849 0.318898,
        -1.282881 0.958778 0.318898,
        -1.292714 0.935039 0.318898,
        -1.473024 1.009726 0.318898,
        -1.463191 1.033465 0.318898,
        -1.447550 1.053849 0.318898,
        -1.427165 1.069491 0.318898,
        -1.292714 1.033465 0.318898,
        -1.282881 1.009726 0.318898,
        -1.279528 0.984252 0.318898,
        -1.377953 0.885827 0.318898,
        -1.403427 0.889180 0.318898,
        -1.427165 0.899013 0.318898,
        -1.447550 0.914655 0.318898,
        -1.463191 0.935039 0.318898,
        -1.473024 0.958778 0.318898,
        -1.476378 0.984252 0.318898,
        -1.308356 0.914655 0.318898,
        -1.328740 0.899013 0.318898,
        -1.352478 0.889180 0.318898,
        -1.403427 1.079323 0.318898,
        -1.377953 1.082677 0.318898,
        -1.352478 1.079323 0.318898,
        -1.279528 0.984252 0.314961,
        -1.282881 1.009726 0.314961,
        -1.292714 1.033465 0.314961,
        -1.308356 1.053849 0.314961,
        -1.328740 1.069491 0.314961,
        -1.352478 1.079323 0.314961,
        -1.377953 1.082677 0.314961,
        -1.403427 1.079323 0.314961,
        -1.427165 1.069491 0.314961,
        -1.447550 1.053849 0.314961,
        -1.463191 1.033465 0.314961,
        -1.473024 1.009726 0.314961,
        -1.476378 0.984252 0.314961,
        -1.473024 0.958778 0.314961,
        -1.463191 0.935039 0.314961,
        -1.447550 0.914655 0.314961,
        -1.427165 0.899013 0.314961,
        -1.403427 0.889180 0.314961,
        -1.377953 0.885827 0.314961,
        -1.352478 0.889180 0.314961,
        -1.328740 0.899013 0.314961,
        -1.308356 0.914655 0.314961,
        -1.292714 0.935039 0.314961,
        -1.282881 0.958778 0.314961,
        -1.377953 0.984252 0.314961,
      ]
    }
    coordIndex [
      24, 10, 25, -1,
      25, 10, 9, -1,
      25, 9, 26, -1,
      26, 9, 8, -1,
      26, 8, 27, -1,
      27, 8, 1, -1,
      27, 1, 28, -1,
      28, 1, 0, -1,
      28, 0, 29, -1,
      29, 0, 23, -1,
      29, 23, 30, -1,
      30, 23, 22, -1,
      30, 22, 31, -1,
      31, 22, 21, -1,
      31, 21, 32, -1,
      32, 21, 7, -1,
      32, 7, 33, -1,
      33, 7, 6, -1,
      33, 6, 34, -1,
      34, 6, 5, -1,
      34, 5, 35, -1,
      35, 5, 4, -1,
      35, 4, 36, -1,
      36, 4, 17, -1,
      36, 17, 37, -1,
      37, 17, 16, -1,
      37, 16, 38, -1,
      38, 16, 15, -1,
      38, 15, 39, -1,
      39, 15, 14, -1,
      39, 14, 40, -1,
      40, 14, 13, -1,
      40, 13, 41, -1,
      41, 13, 12, -1,
      41, 12, 42, -1,
      42, 12, 11, -1,
      42, 11, 43, -1,
      43, 11, 20, -1,
      43, 20, 44, -1,
      44, 20, 19, -1,
      44, 19, 45, -1,
      45, 19, 18, -1,
      45, 18, 46, -1,
      46, 18, 3, -1,
      46, 3, 47, -1,
      47, 3, 2, -1,
      47, 2, 24, -1,
      24, 2, 10, -1,
      46, 47, 48, -1,
      48, 47, 24, -1,
      48, 24, 25, -1,
      43, 44, 48, -1,
      48, 44, 45, -1,
      48, 45, 46, -1,
      40, 41, 48, -1,
      48, 41, 42, -1,
      48, 42, 43, -1,
      37, 38, 48, -1,
      48, 38, 39, -1,
      48, 39, 40, -1,
      34, 35, 48, -1,
      48, 35, 36, -1,
      48, 36, 37, -1,
      31, 32, 48, -1,
      48, 32, 33, -1,
      48, 33, 34, -1,
      28, 29, 48, -1,
      48, 29, 30, -1,
      48, 30, 31, -1,
      25, 26, 48, -1,
      48, 26, 27, -1,
      48, 27, 28, -1,
    ]
  }
}

Shape {
  appearance Appearance {
    material Material {
      diffuseColor 0.2510 0.2510 0.2510
      specularColor 0.1255 0.1255 0.1255
      ambientIntensity 0.2
      transparency 0.0000
      shininess 0.5
    }
  }
  geometry IndexedFaceSet {
    ccw TRUE
    solid FALSE
    coord DEF co Coordinate {
      point [
        -0.067217 0.038455 0.318898,
        -0.065962 0.060959 0.318898,
        -0.057550 0.095879 0.318898,
        -0.044695 0.120519 0.318898,
        -0.026541 0.141138 0.318898,
        -0.007657 0.154137 0.318898,
        0.013493 0.162170 0.318898,
        0.041651 0.165507 0.318898,
        0.069835 0.162402 0.318898,
        0.090637 0.155008 0.318898,
        0.108163 0.143500 0.318898,
        0.123586 0.127113 0.318898,
        0.136583 0.103861 0.318898,
        0.144764 0.075078 0.318898,
        0.147878 0.037855 0.318898,
        0.144243 -0.001043 0.318898,
        0.134435 -0.030992 0.318898,
        0.122043 -0.050987 0.318898,
        0.107484 -0.065878 0.318898,
        0.089144 -0.077583 0.318898,
        0.067307 -0.085038 0.318898,
        0.039010 -0.087998 0.318898,
        0.015937 -0.085733 0.318898,
        -0.005823 -0.078437 0.318898,
        -0.024356 -0.066670 0.318898,
        -0.041405 -0.048984 0.318898,
        -0.054686 -0.026735 0.318898,
        -0.063833 0.002212 0.318898,
        0.624160 0.115754 0.318898,
        0.625189 0.127057 0.318898,
        0.628551 0.137786 0.318898,
        0.634031 0.147018 0.318898,
        0.641108 0.154561 0.318898,
        0.649861 0.160502 0.318898,
        0.659317 0.164034 0.318898,
        0.671872 0.165507 0.318898,
        0.682756 0.164422 0.318898,
        0.693574 0.160709 0.318898,
        0.702394 0.154833 0.318898,
        0.707817 0.149553 0.318898,
        0.714525 0.139886 0.318898,
        0.718608 0.129172 0.318898,
        0.720184 0.115754 0.318898,
        0.719928 0.110521 0.318898,
        0.717448 0.099056 0.318898,
        0.712529 0.088860 0.318898,
        0.703208 0.077896 0.318898,
        0.694098 0.071245 0.318898,
        0.684529 0.067336 0.318898,
        0.671872 0.065642 0.318898,
        0.659143 0.067320 0.318898,
        0.648917 0.071625 0.318898,
        0.640533 0.077869 0.318898,
        0.636823 0.081731 0.318898,
        0.629950 0.091543 0.318898,
        0.625800 0.102130 0.318898,
      ]
    }
    coordIndex [
      0, 14, 1, -1,
      1, 14, 13, -1,
      18, 17, 0, -1,
      18, 0, 19, -1,
      17, 16, 0, -1,
      0, 16, 15, -1,
      0, 15, 14, -1,
      5, 1, 6, -1,
      6, 1, 7, -1,
      26, 25, 22, -1,
      22, 25, 24, -1,
      22, 24, 23, -1,
      26, 22, 27, -1,
      27, 22, 21, -1,
      27, 21, 0, -1,
      0, 21, 20, -1,
      0, 20, 19, -1,
      5, 4, 1, -1,
      1, 4, 3, -1,
      1, 3, 2, -1,
      13, 12, 1, -1,
      1, 12, 11, -1,
      1, 11, 10, -1,
      10, 9, 1, -1,
      1, 9, 8, -1,
      1, 8, 7, -1,
      41, 40, 53, -1,
      44, 43, 52, -1,
      40, 39, 53, -1,
      53, 39, 38, -1,
      53, 38, 54, -1,
      54, 38, 55, -1,
      47, 46, 51, -1,
      52, 43, 53, -1,
      53, 43, 42, -1,
      53, 42, 41, -1,
      51, 46, 52, -1,
      52, 46, 45, -1,
      52, 45, 44, -1,
      37, 29, 38, -1,
      38, 29, 28, -1,
      38, 28, 55, -1,
      37, 36, 29, -1,
      29, 36, 35, -1,
      29, 35, 30, -1,
      30, 35, 31, -1,
      34, 33, 35, -1,
      35, 33, 32, -1,
      35, 32, 31, -1,
      50, 49, 51, -1,
      51, 49, 48, -1,
      51, 48, 47, -1,
    ]
  }
}

Shape {
  appearance Appearance {
    material Material {
      diffuseColor 0.8510 0.8510 0.8510
      specularColor 0.4235 0.4235 0.4235
      ambientIntensity 0.2
      transparency 0.0000
      shininess 0.5
    }
  }
  geometry IndexedFaceSet {
    ccw TRUE
    solid FALSE
    coord DEF co Coordinate {
      point [
        -0.729537 -0.030798 0.000000,
        -0.729537 0.640573 0.000000,
        0.729537 -0.030798 0.000000,
        0.729537 -0.798053 0.000000,
        -0.028741 -0.798053 0.000000,
        -0.729537 -0.798053 0.000000,
        -0.572057 0.798053 0.000000,
        -0.028741 0.798053 0.000000,
        0.729537 0.798053 0.000000,
        -0.729537 -0.798053 0.003937,
        0.729537 -0.798053 0.003937,
        -1.574803 -0.818898 0.003937,
        -1.431102 -0.818898 0.003937,
        -1.364552 0.767832 0.003937,
        -1.371435 0.784449 0.003937,
        -0.729537 0.640573 0.003937,
        -1.382384 0.798718 0.003937,
        1.574803 0.818898 0.003937,
        1.431102 0.818898 0.003937,
        0.729537 0.798053 0.003937,
        -0.572057 0.798053 0.003937,
        -1.371435 -0.784449 0.003937,
        -1.364552 -0.767832 0.003937,
        -1.396654 0.809667 0.003937,
        -1.413270 0.816550 0.003937,
        -1.431102 0.818898 0.003937,
        -1.574803 0.818898 0.003937,
        -1.413270 -0.816550 0.003937,
        -1.396654 -0.809667 0.003937,
        -1.382384 -0.798718 0.003937,
        -1.362205 -0.750000 0.003937,
        -1.364552 -0.732168 0.003937,
        -1.371435 -0.715551 0.003937,
        -1.382384 -0.701282 0.003937,
        1.362205 -0.750000 0.003937,
        1.364552 -0.767832 0.003937,
        1.574803 -0.818898 0.003937,
        1.431102 -0.818898 0.003937,
        1.413270 -0.816550 0.003937,
        -1.396654 -0.309667 0.003937,
        -1.382384 -0.298718 0.003937,
        1.371435 0.784449 0.003937,
        1.364552 0.767832 0.003937,
        1.371435 -0.784449 0.003937,
        1.382384 -0.798718 0.003937,
        1.396654 -0.809667 0.003937,
        -1.431102 -0.681102 0.003937,
        -1.574803 -0.681102 0.003937,
        -1.574803 -0.318898 0.003937,
        -1.364552 -0.232168 0.003937,
        -1.371435 -0.215551 0.003937,
        -1.382384 0.201282 0.003937,
        -1.371435 0.215551 0.003937,
        -1.413270 -0.183450 0.003937,
        -1.371435 0.715551 0.003937,
        -1.364552 0.732168 0.003937,
        -1.362205 0.750000 0.003937,
        1.413270 0.816550 0.003937,
        1.396654 0.809667 0.003937,
        1.382384 0.798718 0.003937,
        1.362205 0.750000 0.003937,
        1.364552 0.732168 0.003937,
        1.371435 0.715551 0.003937,
        1.382384 0.701282 0.003937,
        1.364552 0.232168 0.003937,
        1.371435 0.215551 0.003937,
        -1.396654 -0.690333 0.003937,
        -1.413270 -0.683450 0.003937,
        -1.413270 -0.316550 0.003937,
        -1.431102 -0.318898 0.003937,
        -1.371435 -0.284449 0.003937,
        -1.364552 -0.267832 0.003937,
        -1.362205 -0.250000 0.003937,
        -1.362205 0.250000 0.003937,
        -1.364552 0.267832 0.003937,
        1.382384 0.298718 0.003937,
        1.396654 0.309667 0.003937,
        1.396654 0.690333 0.003937,
        1.413270 0.683450 0.003937,
        1.371435 0.284449 0.003937,
        1.364552 0.267832 0.003937,
        1.362205 0.250000 0.003937,
        -1.364552 0.232168 0.003937,
        -1.396654 -0.190333 0.003937,
        -1.382384 -0.201282 0.003937,
        -1.371435 0.284449 0.003937,
        -1.382384 0.298718 0.003937,
        -1.396654 0.309667 0.003937,
        1.574803 0.681102 0.003937,
        1.574803 0.318898 0.003937,
        1.431102 0.681102 0.003937,
        1.431102 0.318898 0.003937,
        1.413270 0.316550 0.003937,
        1.371435 -0.284449 0.003937,
        1.364552 -0.267832 0.003937,
        1.362205 -0.250000 0.003937,
        -1.431102 -0.181102 0.003937,
        -1.574803 -0.181102 0.003937,
        -1.574803 0.181102 0.003937,
        1.382384 -0.701282 0.003937,
        1.371435 -0.715551 0.003937,
        1.413270 -0.316550 0.003937,
        -1.431102 0.181102 0.003937,
        -1.413270 0.183450 0.003937,
        -1.396654 0.190333 0.003937,
        -1.413270 0.683450 0.003937,
        -1.396654 0.690333 0.003937,
        -1.382384 0.701282 0.003937,
        1.382384 0.201282 0.003937,
        1.396654 0.190333 0.003937,
        1.413270 0.183450 0.003937,
        1.364552 -0.232168 0.003937,
        1.396654 -0.190333 0.003937,
        1.382384 -0.201282 0.003937,
        1.371435 -0.215551 0.003937,
        1.396654 -0.690333 0.003937,
        1.364552 -0.732168 0.003937,
        1.396654 -0.309667 0.003937,
        1.382384 -0.298718 0.003937,
        -1.431102 0.318898 0.003937,
        -1.574803 0.318898 0.003937,
        -1.574803 0.681102 0.003937,
        -1.413270 0.316550 0.003937,
        -1.431102 0.681102 0.003937,
        1.574803 0.181102 0.003937,
        1.574803 -0.181102 0.003937,
        1.431102 0.181102 0.003937,
        1.431102 -0.181102 0.003937,
        1.413270 -0.183450 0.003937,
        1.574803 -0.318898 0.003937,
        1.574803 -0.681102 0.003937,
        1.431102 -0.318898 0.003937,
        1.431102 -0.681102 0.003937,
        1.413270 -0.683450 0.003937,
        -1.574803 0.818898 0.078740,
        -1.574803 0.681102 0.078740,
        -1.574803 0.318898 0.078740,
        -1.574803 0.181102 0.078740,
        -1.574803 -0.181102 0.078740,
        -1.574803 -0.318898 0.078740,
        -1.574803 -0.818898 0.078740,
        -1.574803 -0.681102 0.078740,
        1.574803 0.818898 0.078740,
        1.574803 -0.818898 0.078740,
        1.574803 -0.681102 0.078740,
        1.574803 -0.318898 0.078740,
        1.574803 -0.181102 0.078740,
        1.574803 0.318898 0.078740,
        1.574803 0.681102 0.078740,
        1.574803 0.181102 0.078740,
        -1.578740 0.818898 0.078740,
        -1.578740 0.681102 0.078740,
        -1.578740 0.681102 0.000000,
        -1.431102 0.681102 0.000000,
        -1.431102 0.818898 0.000000,
        -1.578740 0.818898 0.000000,
        -1.413270 0.683450 0.000000,
        -1.396654 0.690333 0.000000,
        -1.382384 0.701282 0.000000,
        -1.371435 0.715551 0.000000,
        -1.364552 0.732168 0.000000,
        -1.362205 0.750000 0.000000,
        -1.364552 0.767832 0.000000,
        -1.371435 0.784449 0.000000,
        -1.382384 0.798718 0.000000,
        -1.396654 0.809667 0.000000,
        -1.413270 0.816550 0.000000,
        -1.578740 0.318898 0.078740,
        -1.578740 0.181102 0.078740,
        -1.578740 0.181102 0.000000,
        -1.431102 0.181102 0.000000,
        -1.431102 0.318898 0.000000,
        -1.578740 0.318898 0.000000,
        -1.413270 0.183450 0.000000,
        -1.396654 0.190333 0.000000,
        -1.382384 0.201282 0.000000,
        -1.371435 0.215551 0.000000,
        -1.364552 0.232168 0.000000,
        -1.362205 0.250000 0.000000,
        -1.364552 0.267832 0.000000,
        -1.371435 0.284449 0.000000,
        -1.382384 0.298718 0.000000,
        -1.396654 0.309667 0.000000,
        -1.413270 0.316550 0.000000,
        -1.578740 -0.181102 0.078740,
        -1.578740 -0.318898 0.078740,
        -1.578740 -0.318898 0.000000,
        -1.431102 -0.318898 0.000000,
        -1.431102 -0.181102 0.000000,
        -1.578740 -0.181102 0.000000,
        -1.413270 -0.316550 0.000000,
        -1.396654 -0.309667 0.000000,
        -1.382384 -0.298718 0.000000,
        -1.371435 -0.284449 0.000000,
        -1.364552 -0.267832 0.000000,
        -1.362205 -0.250000 0.000000,
        -1.364552 -0.232168 0.000000,
        -1.371435 -0.215551 0.000000,
        -1.382384 -0.201282 0.000000,
        -1.396654 -0.190333 0.000000,
        -1.413270 -0.183450 0.000000,
        -1.578740 -0.681102 0.078740,
        -1.578740 -0.818898 0.078740,
        -1.578740 -0.818898 0.000000,
        -1.431102 -0.818898 0.000000,
        -1.431102 -0.681102 0.000000,
        -1.578740 -0.681102 0.000000,
        -1.413270 -0.816550 0.000000,
        -1.396654 -0.809667 0.000000,
        -1.382384 -0.798718 0.000000,
        -1.371435 -0.784449 0.000000,
        -1.364552 -0.767832 0.000000,
        -1.362205 -0.750000 0.000000,
        -1.364552 -0.732168 0.000000,
        -1.371435 -0.715551 0.000000,
        -1.382384 -0.701282 0.000000,
        -1.396654 -0.690333 0.000000,
        -1.413270 -0.683450 0.000000,
        1.578740 0.681102 0.078740,
        1.578740 0.818898 0.078740,
        1.578740 0.818898 0.000000,
        1.578740 0.681102 0.000000,
        1.431102 0.818898 0.000000,
        1.413270 0.816550 0.000000,
        1.396654 0.809667 0.000000,
        1.382384 0.798718 0.000000,
        1.371435 0.784449 0.000000,
        1.364552 0.767832 0.000000,
        1.362205 0.750000 0.000000,
        1.364552 0.732168 0.000000,
        1.371435 0.715551 0.000000,
        1.382384 0.701282 0.000000,
        1.396654 0.690333 0.000000,
        1.413270 0.683450 0.000000,
        1.431102 0.681102 0.000000,
        1.578740 0.181102 0.078740,
        1.578740 0.318898 0.078740,
        1.578740 0.318898 0.000000,
        1.578740 0.181102 0.000000,
        1.431102 0.318898 0.000000,
        1.413270 0.316550 0.000000,
        1.396654 0.309667 0.000000,
        1.382384 0.298718 0.000000,
        1.371435 0.284449 0.000000,
        1.364552 0.267832 0.000000,
        1.362205 0.250000 0.000000,
        1.364552 0.232168 0.000000,
        1.371435 0.215551 0.000000,
        1.382384 0.201282 0.000000,
        1.396654 0.190333 0.000000,
        1.413270 0.183450 0.000000,
        1.431102 0.181102 0.000000,
        1.578740 -0.318898 0.078740,
        1.578740 -0.181102 0.078740,
        1.578740 -0.181102 0.000000,
        1.578740 -0.318898 0.000000,
        1.431102 -0.181102 0.000000,
        1.413270 -0.183450 0.000000,
        1.396654 -0.190333 0.000000,
        1.382384 -0.201282 0.000000,
        1.371435 -0.215551 0.000000,
        1.364552 -0.232168 0.000000,
        1.362205 -0.250000 0.000000,
        1.364552 -0.267832 0.000000,
        1.371435 -0.284449 0.000000,
        1.382384 -0.298718 0.000000,
        1.396654 -0.309667 0.000000,
        1.413270 -0.316550 0.000000,
        1.431102 -0.318898 0.000000,
        1.578740 -0.818898 0.078740,
        1.578740 -0.681102 0.078740,
        1.578740 -0.681102 0.000000,
        1.578740 -0.818898 0.000000,
        1.431102 -0.681102 0.000000,
        1.413270 -0.683450 0.000000,
        1.396654 -0.690333 0.000000,
        1.382384 -0.701282 0.000000,
        1.371435 -0.715551 0.000000,
        1.364552 -0.732168 0.000000,
        1.362205 -0.750000 0.000000,
        1.364552 -0.767832 0.000000,
        1.371435 -0.784449 0.000000,
        1.382384 -0.798718 0.000000,
        1.396654 -0.809667 0.000000,
        1.413270 -0.816550 0.000000,
        1.431102 -0.818898 0.000000,
      ]
    }
    coordIndex [
      150, 151, 134, -1,
      134, 151, 135, -1,
      135, 151, 121, -1,
      121, 151, 152, -1,
      121, 152, 123, -1,
      123, 152, 153, -1,
      25, 154, 26, -1,
      26, 154, 155, -1,
      26, 155, 134, -1,
      134, 155, 150, -1,
      151, 150, 152, -1,
      152, 150, 155, -1,
      123, 153, 156, -1,
      123, 156, 105, -1,
      105, 156, 157, -1,
      105, 157, 106, -1,
      106, 157, 158, -1,
      106, 158, 107, -1,
      107, 158, 159, -1,
      107, 159, 54, -1,
      54, 159, 160, -1,
      54, 160, 55, -1,
      55, 160, 161, -1,
      55, 161, 56, -1,
      56, 161, 162, -1,
      56, 162, 13, -1,
      13, 162, 163, -1,
      13, 163, 14, -1,
      14, 163, 164, -1,
      14, 164, 16, -1,
      16, 164, 165, -1,
      16, 165, 23, -1,
      23, 165, 166, -1,
      23, 166, 24, -1,
      24, 166, 154, -1,
      24, 154, 25, -1,
      153, 152, 155, -1,
      155, 154, 153, -1,
      153, 154, 166, -1,
      153, 166, 165, -1,
      165, 164, 153, -1,
      153, 164, 163, -1,
      153, 163, 162, -1,
      157, 160, 158, -1,
      158, 160, 159, -1,
      162, 161, 153, -1,
      153, 161, 160, -1,
      153, 160, 156, -1,
      156, 160, 157, -1,
      167, 168, 136, -1,
      136, 168, 137, -1,
      137, 168, 98, -1,
      98, 168, 169, -1,
      98, 169, 102, -1,
      102, 169, 170, -1,
      119, 171, 120, -1,
      120, 171, 172, -1,
      120, 172, 136, -1,
      136, 172, 167, -1,
      168, 167, 169, -1,
      169, 167, 172, -1,
      102, 170, 173, -1,
      102, 173, 103, -1,
      103, 173, 174, -1,
      103, 174, 104, -1,
      104, 174, 175, -1,
      104, 175, 51, -1,
      51, 175, 176, -1,
      51, 176, 52, -1,
      52, 176, 177, -1,
      52, 177, 82, -1,
      82, 177, 178, -1,
      82, 178, 73, -1,
      73, 178, 179, -1,
      73, 179, 74, -1,
      74, 179, 180, -1,
      74, 180, 85, -1,
      85, 180, 181, -1,
      85, 181, 86, -1,
      86, 181, 182, -1,
      86, 182, 87, -1,
      87, 182, 183, -1,
      87, 183, 122, -1,
      122, 183, 171, -1,
      122, 171, 119, -1,
      169, 172, 170, -1,
      170, 172, 171, -1,
      170, 171, 183, -1,
      181, 180, 179, -1,
      178, 177, 183, -1,
      183, 177, 176, -1,
      183, 176, 175, -1,
      178, 183, 179, -1,
      179, 183, 182, -1,
      179, 182, 181, -1,
      175, 174, 183, -1,
      183, 174, 173, -1,
      183, 173, 170, -1,
      184, 185, 138, -1,
      138, 185, 139, -1,
      139, 185, 48, -1,
      48, 185, 186, -1,
      48, 186, 69, -1,
      69, 186, 187, -1,
      96, 188, 97, -1,
      97, 188, 189, -1,
      97, 189, 138, -1,
      138, 189, 184, -1,
      185, 184, 186, -1,
      186, 184, 189, -1,
      69, 187, 190, -1,
      69, 190, 68, -1,
      68, 190, 191, -1,
      68, 191, 39, -1,
      39, 191, 192, -1,
      39, 192, 40, -1,
      40, 192, 193, -1,
      40, 193, 70, -1,
      70, 193, 194, -1,
      70, 194, 71, -1,
      71, 194, 195, -1,
      71, 195, 72, -1,
      72, 195, 196, -1,
      72, 196, 49, -1,
      49, 196, 197, -1,
      49, 197, 50, -1,
      50, 197, 198, -1,
      50, 198, 84, -1,
      84, 198, 199, -1,
      84, 199, 83, -1,
      83, 199, 200, -1,
      83, 200, 53, -1,
      53, 200, 188, -1,
      53, 188, 96, -1,
      186, 189, 187, -1,
      187, 189, 188, -1,
      195, 188, 196, -1,
      196, 188, 200, -1,
      200, 199, 196, -1,
      196, 199, 198, -1,
      196, 198, 197, -1,
      195, 194, 188, -1,
      188, 194, 193, -1,
      188, 193, 192, -1,
      192, 191, 188, -1,
      188, 191, 190, -1,
      188, 190, 187, -1,
      201, 202, 141, -1,
      141, 202, 140, -1,
      140, 202, 11, -1,
      11, 202, 203, -1,
      11, 203, 12, -1,
      12, 203, 204, -1,
      46, 205, 47, -1,
      47, 205, 206, -1,
      47, 206, 141, -1,
      141, 206, 201, -1,
      202, 201, 203, -1,
      203, 201, 206, -1,
      12, 204, 207, -1,
      12, 207, 27, -1,
      27, 207, 208, -1,
      27, 208, 28, -1,
      28, 208, 209, -1,
      28, 209, 29, -1,
      29, 209, 210, -1,
      29, 210, 21, -1,
      21, 210, 211, -1,
      21, 211, 22, -1,
      22, 211, 212, -1,
      22, 212, 30, -1,
      30, 212, 213, -1,
      30, 213, 31, -1,
      31, 213, 214, -1,
      31, 214, 32, -1,
      32, 214, 215, -1,
      32, 215, 33, -1,
      33, 215, 216, -1,
      33, 216, 66, -1,
      66, 216, 217, -1,
      66, 217, 67, -1,
      67, 217, 205, -1,
      67, 205, 46, -1,
      203, 206, 204, -1,
      204, 206, 205, -1,
      204, 205, 207, -1,
      216, 210, 209, -1,
      213, 216, 214, -1,
      214, 216, 215, -1,
      205, 217, 207, -1,
      207, 217, 216, -1,
      207, 216, 208, -1,
      208, 216, 209, -1,
      213, 212, 216, -1,
      216, 212, 211, -1,
      216, 211, 210, -1,
      218, 219, 148, -1,
      148, 219, 142, -1,
      219, 218, 220, -1,
      220, 218, 221, -1,
      142, 219, 17, -1,
      17, 219, 220, -1,
      17, 220, 18, -1,
      18, 220, 222, -1,
      18, 222, 223, -1,
      18, 223, 57, -1,
      57, 223, 224, -1,
      57, 224, 58, -1,
      58, 224, 225, -1,
      58, 225, 59, -1,
      59, 225, 226, -1,
      59, 226, 41, -1,
      41, 226, 227, -1,
      41, 227, 42, -1,
      42, 227, 228, -1,
      42, 228, 60, -1,
      60, 228, 229, -1,
      60, 229, 61, -1,
      61, 229, 230, -1,
      61, 230, 62, -1,
      62, 230, 231, -1,
      62, 231, 63, -1,
      63, 231, 232, -1,
      63, 232, 77, -1,
      77, 232, 233, -1,
      77, 233, 78, -1,
      78, 233, 234, -1,
      78, 234, 90, -1,
      90, 234, 88, -1,
      88, 234, 221, -1,
      88, 221, 148, -1,
      148, 221, 218, -1,
      220, 221, 222, -1,
      222, 221, 234, -1,
      222, 234, 223, -1,
      232, 226, 225, -1,
      229, 232, 230, -1,
      230, 232, 231, -1,
      234, 233, 223, -1,
      223, 233, 232, -1,
      223, 232, 224, -1,
      224, 232, 225, -1,
      229, 228, 232, -1,
      232, 228, 227, -1,
      232, 227, 226, -1,
      235, 236, 149, -1,
      149, 236, 147, -1,
      236, 235, 237, -1,
      237, 235, 238, -1,
      147, 236, 89, -1,
      89, 236, 237, -1,
      89, 237, 91, -1,
      91, 237, 239, -1,
      91, 239, 240, -1,
      91, 240, 92, -1,
      92, 240, 241, -1,
      92, 241, 76, -1,
      76, 241, 242, -1,
      76, 242, 75, -1,
      75, 242, 243, -1,
      75, 243, 79, -1,
      79, 243, 244, -1,
      79, 244, 80, -1,
      80, 244, 245, -1,
      80, 245, 81, -1,
      81, 245, 246, -1,
      81, 246, 64, -1,
      64, 246, 247, -1,
      64, 247, 65, -1,
      65, 247, 248, -1,
      65, 248, 108, -1,
      108, 248, 249, -1,
      108, 249, 109, -1,
      109, 249, 250, -1,
      109, 250, 110, -1,
      110, 250, 251, -1,
      110, 251, 126, -1,
      126, 251, 124, -1,
      124, 251, 238, -1,
      124, 238, 149, -1,
      149, 238, 235, -1,
      237, 238, 239, -1,
      239, 238, 251, -1,
      239, 251, 240, -1,
      245, 244, 240, -1,
      251, 250, 240, -1,
      240, 250, 249, -1,
      240, 249, 248, -1,
      248, 247, 240, -1,
      240, 247, 246, -1,
      240, 246, 245, -1,
      244, 243, 240, -1,
      240, 243, 242, -1,
      240, 242, 241, -1,
      252, 253, 145, -1,
      145, 253, 146, -1,
      253, 252, 254, -1,
      254, 252, 255, -1,
      146, 253, 125, -1,
      125, 253, 254, -1,
      125, 254, 127, -1,
      127, 254, 256, -1,
      127, 256, 257, -1,
      127, 257, 128, -1,
      128, 257, 258, -1,
      128, 258, 112, -1,
      112, 258, 259, -1,
      112, 259, 113, -1,
      113, 259, 260, -1,
      113, 260, 114, -1,
      114, 260, 261, -1,
      114, 261, 111, -1,
      111, 261, 262, -1,
      111, 262, 95, -1,
      95, 262, 263, -1,
      95, 263, 94, -1,
      94, 263, 264, -1,
      94, 264, 93, -1,
      93, 264, 265, -1,
      93, 265, 118, -1,
      118, 265, 266, -1,
      118, 266, 117, -1,
      117, 266, 267, -1,
      117, 267, 101, -1,
      101, 267, 268, -1,
      101, 268, 131, -1,
      131, 268, 129, -1,
      129, 268, 255, -1,
      129, 255, 145, -1,
      145, 255, 252, -1,
      254, 255, 256, -1,
      256, 255, 268, -1,
      262, 261, 256, -1,
      268, 267, 256, -1,
      256, 267, 266, -1,
      256, 266, 265, -1,
      265, 264, 256, -1,
      256, 264, 263, -1,
      256, 263, 262, -1,
      261, 260, 256, -1,
      256, 260, 259, -1,
      256, 259, 257, -1,
      257, 259, 258, -1,
      269, 270, 143, -1,
      143, 270, 144, -1,
      270, 269, 271, -1,
      271, 269, 272, -1,
      144, 270, 130, -1,
      130, 270, 271, -1,
      130, 271, 132, -1,
      132, 271, 273, -1,
      132, 273, 274, -1,
      132, 274, 133, -1,
      133, 274, 275, -1,
      133, 275, 115, -1,
      115, 275, 276, -1,
      115, 276, 99, -1,
      99, 276, 277, -1,
      99, 277, 100, -1,
      100, 277, 278, -1,
      100, 278, 116, -1,
      116, 278, 279, -1,
      116, 279, 34, -1,
      34, 279, 280, -1,
      34, 280, 35, -1,
      35, 280, 281, -1,
      35, 281, 43, -1,
      43, 281, 282, -1,
      43, 282, 44, -1,
      44, 282, 283, -1,
      44, 283, 45, -1,
      45, 283, 284, -1,
      45, 284, 38, -1,
      38, 284, 285, -1,
      38, 285, 37, -1,
      37, 285, 36, -1,
      36, 285, 272, -1,
      36, 272, 143, -1,
      143, 272, 269, -1,
      273, 271, 272, -1,
      272, 285, 273, -1,
      273, 285, 284, -1,
      273, 284, 283, -1,
      283, 282, 273, -1,
      273, 282, 281, -1,
      273, 281, 280, -1,
      275, 278, 276, -1,
      276, 278, 277, -1,
      280, 279, 273, -1,
      273, 279, 278, -1,
      273, 278, 274, -1,
      274, 278, 275, -1,
      5, 9, 0, -1,
      0, 9, 15, -1,
      0, 15, 1, -1,
      3, 10, 4, -1,
      4, 10, 9, -1,
      4, 9, 5, -1,
      8, 19, 2, -1,
      2, 19, 10, -1,
      2, 10, 3, -1,
      6, 20, 7, -1,
      7, 20, 19, -1,
      7, 19, 8, -1,
    ]
  }
}

Shape {
  appearance Appearance {
    material Material {
      diffuseColor 0.2510 0.2510 0.2510
      specularColor 0.1255 0.1255 0.1255
      ambientIntensity 0.2
      transparency 0.0000
      shininess 0.5
    }
  }
  geometry IndexedFaceSet {
    ccw TRUE
    solid FALSE
    coord DEF co Coordinate {
      point [
        -0.025320 -0.036560 0.000000,
        -0.018838 -0.036560 0.000000,
        -0.021899 -0.107858 0.000000,
        -0.021899 -0.085533 0.000000,
        0.030675 -0.107858 0.000000,
        0.030675 -0.115780 0.000000,
        -0.028380 -0.115780 0.000000,
        0.024913 -0.050390 0.000000,
        -0.019424 -0.037619 0.000000,
        0.023981 -0.043212 0.000000,
        0.021132 -0.036560 0.000000,
        0.029054 -0.036560 0.000000,
        0.024262 -0.056204 0.000000,
        0.022672 -0.060602 0.000000,
        0.019867 -0.064786 0.000000,
        0.015911 -0.068335 0.000000,
        0.011343 -0.070745 0.000000,
        0.004949 -0.072308 0.000000,
        0.000517 -0.072569 0.000000,
        -0.005872 -0.071972 0.000000,
        -0.010951 -0.070369 0.000000,
        -0.022619 -0.051718 0.000000,
        -0.017950 -0.065168 0.000000,
        -0.022008 -0.057198 0.000000,
        -0.020411 -0.061541 0.000000,
        -0.015053 -0.067914 0.000000,
        -0.021749 -0.043879 0.000000,
        -0.026365 -0.065841 0.000000,
        -0.028380 -0.085533 0.000000,
        -0.028344 -0.060088 0.000000,
        -0.028741 -0.056275 0.000000,
        0.020655 -0.073912 0.000000,
        0.025627 -0.068779 0.000000,
        0.028870 -0.063264 0.000000,
        0.030839 -0.056788 0.000000,
        -0.023266 -0.070654 0.000000,
        -0.018570 -0.075072 0.000000,
        -0.012934 -0.078193 0.000000,
        -0.006670 -0.079944 0.000000,
        0.031395 -0.050457 0.000000,
        0.030907 -0.043388 0.000000,
        0.000033 -0.080491 0.000000,
        0.008416 -0.079645 0.000000,
        0.015130 -0.077376 0.000000,
        -0.027904 -0.042855 0.000000,
        -0.028741 -0.048822 0.000000,
        -0.029073 -0.051194 0.000000,
        -0.029101 -0.052809 0.000000,
        -0.028380 0.006651 0.000000,
        -0.028380 -0.025037 0.000000,
        0.030675 -0.025037 0.000000,
        0.030675 0.005211 0.000000,
        0.024193 0.005211 0.000000,
        -0.028380 0.018174 0.000000,
        0.030675 0.034839 0.000000,
        0.029763 0.043371 0.000000,
        0.030675 0.092353 0.000000,
        0.016697 0.062016 0.000000,
        0.010936 0.064489 0.000000,
        0.030675 0.018174 0.000000,
        -0.012195 0.062757 0.000000,
        -0.017477 0.059370 0.000000,
        -0.028380 0.070027 0.000000,
        -0.022131 0.054510 0.000000,
        -0.025714 0.048344 0.000000,
        0.027337 0.050284 0.000000,
        0.023531 0.056133 0.000000,
        0.021399 0.058432 0.000000,
        -0.001733 0.003770 0.000000,
        -0.001733 -0.017115 0.000000,
        -0.021899 -0.017115 0.000000,
        0.004782 0.065595 0.000000,
        0.001890 0.065706 0.000000,
        -0.006013 0.064878 0.000000,
        0.024193 -0.017115 0.000000,
        0.004748 -0.017115 0.000000,
        0.004748 0.003770 0.000000,
        -0.021899 0.006651 0.000000,
        0.030675 0.100275 0.000000,
        -0.028380 0.123321 0.000000,
        -0.028380 0.114679 0.000000,
        -0.011816 0.108704 0.000000,
        -0.011816 0.084307 0.000000,
        -0.028380 0.078669 0.000000,
        -0.027743 0.041539 0.000000,
        -0.028380 0.034232 0.000000,
        0.030675 0.100275 0.003937,
        -0.028380 0.123321 0.003937,
        -0.028380 0.114679 0.003937,
        -0.011816 0.108704 0.003937,
        -0.011816 0.084307 0.003937,
        -0.028380 0.078669 0.003937,
        -0.028380 0.070027 0.003937,
        0.030675 0.092353 0.003937,
        -0.005335 0.086299 0.003937,
        0.019332 0.095110 0.003937,
        0.021380 0.095678 0.003937,
        0.023473 0.096055 0.003937,
        0.023473 0.096246 0.003937,
        0.021386 0.096632 0.003937,
        -0.005335 0.106048 0.003937,
        0.019332 0.097158 0.003937,
        -0.005335 0.086299 0.000000,
        -0.005335 0.106048 0.000000,
        0.019332 0.095110 0.000000,
        0.021380 0.095678 0.000000,
        0.023473 0.096055 0.000000,
        0.023473 0.096246 0.000000,
        0.021386 0.096632 0.000000,
        0.019332 0.097158 0.000000,
        -0.028380 0.034232 0.003937,
        -0.028380 0.018174 0.003937,
        0.030675 0.018174 0.003937,
        0.030675 0.034839 0.003937,
        0.001890 0.065706 0.003937,
        0.004782 0.065595 0.003937,
        0.010936 0.064489 0.003937,
        0.016697 0.062016 0.003937,
        0.021399 0.058432 0.003937,
        0.023531 0.056133 0.003937,
        0.027337 0.050284 0.003937,
        0.029763 0.043371 0.003937,
        -0.027743 0.041539 0.003937,
        -0.025714 0.048344 0.003937,
        -0.022131 0.054510 0.003937,
        -0.017477 0.059370 0.003937,
        -0.012195 0.062757 0.003937,
        -0.006013 0.064878 0.003937,
        0.001721 0.057784 0.003937,
        0.007598 0.057283 0.003937,
        0.012261 0.055904 0.003937,
        0.015886 0.053871 0.003937,
        0.018938 0.051007 0.003937,
        0.021730 0.046699 0.003937,
        0.023442 0.041830 0.003937,
        0.024193 0.034806 0.003937,
        0.024193 0.026096 0.003937,
        -0.021899 0.026096 0.003937,
        -0.021899 0.034480 0.003937,
        -0.021321 0.040700 0.003937,
        -0.019767 0.045680 0.003937,
        -0.017415 0.049658 0.003937,
        -0.014163 0.052963 0.003937,
        -0.010080 0.055488 0.003937,
        -0.005442 0.057042 0.003937,
        0.024193 0.034806 0.000000,
        0.024193 0.026096 0.000000,
        0.023442 0.041830 0.000000,
        0.021730 0.046699 0.000000,
        0.018938 0.051007 0.000000,
        0.015886 0.053871 0.000000,
        0.012261 0.055904 0.000000,
        0.007598 0.057283 0.000000,
        0.001721 0.057784 0.000000,
        -0.005442 0.057042 0.000000,
        -0.010080 0.055488 0.000000,
        -0.014163 0.052963 0.000000,
        -0.017415 0.049658 0.000000,
        -0.019767 0.045680 0.000000,
        -0.021321 0.040700 0.000000,
        -0.021899 0.034480 0.000000,
        -0.021899 0.026096 0.000000,
        -0.021899 0.006651 0.003937,
        -0.028380 0.006651 0.003937,
        -0.028380 -0.025037 0.003937,
        0.030675 -0.025037 0.003937,
        0.030675 0.005211 0.003937,
        0.024193 0.005211 0.003937,
        0.024193 -0.017115 0.003937,
        0.004748 -0.017115 0.003937,
        0.004748 0.003770 0.003937,
        -0.001733 0.003770 0.003937,
        -0.001733 -0.017115 0.003937,
        -0.021899 -0.017115 0.003937,
        -0.018838 -0.036560 0.003937,
        -0.025320 -0.036560 0.003937,
        -0.027904 -0.042855 0.003937,
        -0.029101 -0.052809 0.003937,
        -0.029073 -0.051194 0.003937,
        0.000033 -0.080491 0.003937,
        -0.006670 -0.079944 0.003937,
        -0.012934 -0.078193 0.003937,
        -0.018570 -0.075072 0.003937,
        -0.023266 -0.070654 0.003937,
        -0.026365 -0.065841 0.003937,
        -0.028344 -0.060088 0.003937,
        0.031395 -0.050457 0.003937,
        0.030839 -0.056788 0.003937,
        0.028870 -0.063264 0.003937,
        0.025627 -0.068779 0.003937,
        0.020655 -0.073912 0.003937,
        0.015130 -0.077376 0.003937,
        0.008416 -0.079645 0.003937,
        0.029054 -0.036560 0.003937,
        0.030907 -0.043388 0.003937,
        0.021132 -0.036560 0.003937,
        0.024913 -0.050390 0.003937,
        0.023981 -0.043212 0.003937,
        0.000517 -0.072569 0.003937,
        0.004949 -0.072308 0.003937,
        0.011343 -0.070745 0.003937,
        0.015911 -0.068335 0.003937,
        0.019867 -0.064786 0.003937,
        0.022672 -0.060602 0.003937,
        0.024262 -0.056204 0.003937,
        -0.022619 -0.051718 0.003937,
        -0.022008 -0.057198 0.003937,
        -0.020411 -0.061541 0.003937,
        -0.017950 -0.065168 0.003937,
        -0.015053 -0.067914 0.003937,
        -0.010951 -0.070369 0.003937,
        -0.005872 -0.071972 0.003937,
        -0.019424 -0.037619 0.003937,
        -0.021749 -0.043879 0.003937,
        -0.021899 -0.085533 0.003937,
        -0.028380 -0.085533 0.003937,
        -0.028380 -0.115780 0.003937,
        0.030675 -0.115780 0.003937,
        0.030675 -0.107858 0.003937,
        -0.021899 -0.107858 0.003937,
      ]
    }
    coordIndex [
      86, 87, 78, -1,
      78, 87, 79, -1,
      87, 88, 79, -1,
      79, 88, 80, -1,
      88, 89, 80, -1,
      80, 89, 81, -1,
      89, 90, 81, -1,
      81, 90, 82, -1,
      90, 91, 82, -1,
      82, 91, 83, -1,
      91, 92, 83, -1,
      83, 92, 62, -1,
      92, 93, 62, -1,
      62, 93, 56, -1,
      93, 86, 56, -1,
      56, 86, 78, -1,
      94, 95, 93, -1,
      92, 91, 90, -1,
      95, 96, 93, -1,
      93, 96, 97, -1,
      93, 97, 86, -1,
      86, 97, 98, -1,
      86, 98, 99, -1,
      93, 92, 94, -1,
      94, 92, 90, -1,
      94, 90, 100, -1,
      100, 90, 89, -1,
      99, 101, 86, -1,
      86, 101, 100, -1,
      86, 100, 87, -1,
      87, 100, 89, -1,
      87, 89, 88, -1,
      94, 100, 102, -1,
      102, 100, 103, -1,
      95, 94, 104, -1,
      104, 94, 102, -1,
      95, 104, 105, -1,
      95, 105, 96, -1,
      96, 105, 106, -1,
      96, 106, 97, -1,
      98, 97, 107, -1,
      107, 97, 106, -1,
      98, 107, 108, -1,
      98, 108, 99, -1,
      99, 108, 109, -1,
      99, 109, 101, -1,
      100, 101, 103, -1,
      103, 101, 109, -1,
      110, 111, 85, -1,
      85, 111, 53, -1,
      111, 112, 53, -1,
      53, 112, 59, -1,
      112, 113, 59, -1,
      59, 113, 54, -1,
      114, 72, 71, -1,
      114, 71, 115, -1,
      115, 71, 58, -1,
      115, 58, 116, -1,
      116, 58, 57, -1,
      116, 57, 117, -1,
      117, 57, 67, -1,
      117, 67, 118, -1,
      118, 67, 66, -1,
      118, 66, 119, -1,
      119, 66, 65, -1,
      119, 65, 120, -1,
      120, 65, 55, -1,
      120, 55, 121, -1,
      121, 55, 54, -1,
      121, 54, 113, -1,
      110, 85, 84, -1,
      110, 84, 122, -1,
      122, 84, 64, -1,
      122, 64, 123, -1,
      123, 64, 63, -1,
      123, 63, 124, -1,
      124, 63, 61, -1,
      124, 61, 125, -1,
      125, 61, 60, -1,
      125, 60, 126, -1,
      126, 60, 73, -1,
      126, 73, 127, -1,
      127, 73, 72, -1,
      127, 72, 114, -1,
      127, 114, 128, -1,
      128, 114, 115, -1,
      128, 115, 129, -1,
      129, 115, 116, -1,
      129, 116, 130, -1,
      130, 116, 117, -1,
      130, 117, 131, -1,
      131, 117, 118, -1,
      131, 118, 132, -1,
      132, 118, 119, -1,
      132, 119, 133, -1,
      133, 119, 120, -1,
      133, 120, 134, -1,
      134, 120, 121, -1,
      134, 121, 135, -1,
      135, 121, 113, -1,
      135, 113, 136, -1,
      136, 113, 112, -1,
      136, 112, 137, -1,
      137, 112, 111, -1,
      137, 111, 138, -1,
      138, 111, 110, -1,
      138, 110, 139, -1,
      139, 110, 122, -1,
      139, 122, 140, -1,
      140, 122, 123, -1,
      140, 123, 141, -1,
      141, 123, 124, -1,
      141, 124, 142, -1,
      142, 124, 125, -1,
      142, 125, 143, -1,
      143, 125, 126, -1,
      143, 126, 144, -1,
      144, 126, 127, -1,
      144, 127, 128, -1,
      135, 136, 145, -1,
      145, 136, 146, -1,
      135, 145, 147, -1,
      135, 147, 134, -1,
      134, 147, 148, -1,
      134, 148, 133, -1,
      133, 148, 149, -1,
      133, 149, 132, -1,
      132, 149, 150, -1,
      132, 150, 131, -1,
      131, 150, 151, -1,
      131, 151, 130, -1,
      130, 151, 152, -1,
      130, 152, 129, -1,
      129, 152, 153, -1,
      129, 153, 128, -1,
      128, 153, 154, -1,
      128, 154, 144, -1,
      144, 154, 155, -1,
      144, 155, 143, -1,
      143, 155, 156, -1,
      143, 156, 142, -1,
      142, 156, 157, -1,
      142, 157, 141, -1,
      141, 157, 158, -1,
      141, 158, 140, -1,
      140, 158, 159, -1,
      140, 159, 139, -1,
      139, 159, 160, -1,
      139, 160, 138, -1,
      137, 138, 161, -1,
      161, 138, 160, -1,
      136, 137, 146, -1,
      146, 137, 161, -1,
      162, 163, 77, -1,
      77, 163, 48, -1,
      163, 164, 48, -1,
      48, 164, 49, -1,
      164, 165, 49, -1,
      49, 165, 50, -1,
      165, 166, 50, -1,
      50, 166, 51, -1,
      166, 167, 51, -1,
      51, 167, 52, -1,
      167, 168, 52, -1,
      52, 168, 74, -1,
      168, 169, 74, -1,
      74, 169, 75, -1,
      169, 170, 75, -1,
      75, 170, 76, -1,
      170, 171, 76, -1,
      76, 171, 68, -1,
      171, 172, 68, -1,
      68, 172, 69, -1,
      172, 173, 69, -1,
      69, 173, 70, -1,
      173, 162, 70, -1,
      70, 162, 77, -1,
      164, 163, 162, -1,
      162, 173, 164, -1,
      164, 173, 172, -1,
      164, 172, 165, -1,
      167, 166, 168, -1,
      168, 166, 165, -1,
      168, 165, 169, -1,
      169, 165, 172, -1,
      169, 172, 170, -1,
      170, 172, 171, -1,
      174, 175, 1, -1,
      1, 175, 0, -1,
      0, 175, 176, -1,
      177, 47, 46, -1,
      177, 46, 178, -1,
      178, 46, 45, -1,
      178, 45, 176, -1,
      176, 45, 44, -1,
      176, 44, 0, -1,
      179, 41, 38, -1,
      179, 38, 180, -1,
      180, 38, 37, -1,
      180, 37, 181, -1,
      181, 37, 36, -1,
      181, 36, 182, -1,
      182, 36, 35, -1,
      182, 35, 183, -1,
      183, 35, 27, -1,
      183, 27, 184, -1,
      184, 27, 29, -1,
      184, 29, 185, -1,
      185, 29, 177, -1,
      177, 29, 30, -1,
      177, 30, 47, -1,
      186, 39, 34, -1,
      186, 34, 187, -1,
      187, 34, 33, -1,
      187, 33, 188, -1,
      188, 33, 32, -1,
      188, 32, 189, -1,
      189, 32, 31, -1,
      189, 31, 190, -1,
      190, 31, 43, -1,
      190, 43, 191, -1,
      191, 43, 42, -1,
      191, 42, 192, -1,
      192, 42, 41, -1,
      192, 41, 179, -1,
      193, 11, 40, -1,
      193, 40, 194, -1,
      194, 40, 39, -1,
      194, 39, 186, -1,
      193, 195, 11, -1,
      11, 195, 10, -1,
      196, 7, 9, -1,
      196, 9, 197, -1,
      197, 9, 10, -1,
      197, 10, 195, -1,
      198, 18, 17, -1,
      198, 17, 199, -1,
      199, 17, 16, -1,
      199, 16, 200, -1,
      200, 16, 15, -1,
      200, 15, 201, -1,
      201, 15, 14, -1,
      201, 14, 202, -1,
      202, 14, 13, -1,
      202, 13, 203, -1,
      203, 13, 12, -1,
      203, 12, 204, -1,
      204, 12, 7, -1,
      204, 7, 196, -1,
      205, 21, 23, -1,
      205, 23, 206, -1,
      206, 23, 24, -1,
      206, 24, 207, -1,
      207, 24, 22, -1,
      207, 22, 208, -1,
      208, 22, 25, -1,
      208, 25, 209, -1,
      209, 25, 20, -1,
      209, 20, 210, -1,
      210, 20, 19, -1,
      210, 19, 211, -1,
      211, 19, 18, -1,
      211, 18, 198, -1,
      174, 1, 8, -1,
      174, 8, 212, -1,
      212, 8, 26, -1,
      212, 26, 213, -1,
      213, 26, 21, -1,
      213, 21, 205, -1,
      206, 177, 205, -1,
      205, 177, 178, -1,
      205, 178, 213, -1,
      213, 178, 176, -1,
      213, 176, 212, -1,
      212, 176, 175, -1,
      212, 175, 174, -1,
      195, 193, 197, -1,
      197, 193, 194, -1,
      197, 194, 196, -1,
      196, 194, 186, -1,
      196, 186, 204, -1,
      204, 186, 187, -1,
      204, 187, 203, -1,
      203, 187, 188, -1,
      203, 188, 202, -1,
      202, 188, 189, -1,
      202, 189, 201, -1,
      201, 189, 190, -1,
      201, 190, 200, -1,
      200, 190, 191, -1,
      200, 191, 199, -1,
      199, 191, 192, -1,
      199, 192, 198, -1,
      198, 192, 179, -1,
      198, 179, 211, -1,
      211, 179, 180, -1,
      211, 180, 210, -1,
      210, 180, 181, -1,
      210, 181, 209, -1,
      209, 181, 182, -1,
      209, 182, 208, -1,
      208, 182, 183, -1,
      208, 183, 207, -1,
      207, 183, 184, -1,
      207, 184, 206, -1,
      206, 184, 185, -1,
      206, 185, 177, -1,
      214, 215, 3, -1,
      3, 215, 28, -1,
      215, 216, 28, -1,
      28, 216, 6, -1,
      216, 217, 6, -1,
      6, 217, 5, -1,
      217, 218, 5, -1,
      5, 218, 4, -1,
      218, 219, 4, -1,
      4, 219, 2, -1,
      219, 214, 2, -1,
      2, 214, 3, -1,
      218, 217, 219, -1,
      219, 217, 216, -1,
      219, 216, 214, -1,
      214, 216, 215, -1,
    ]
  }
}

Shape {
  appearance Appearance {
    material Material {
      diffuseColor 0.8510 0.8510 0.8510
      specularColor 0.4235 0.4235 0.4235
      ambientIntensity 0.2
      transparency 0.0000
      shininess 0.5
    }
  }
  geometry IndexedFaceSet {
    ccw TRUE
    solid FALSE
    coord DEF co Coordinate {
      point [
        -0.729537 0.640573 0.000000,
        -0.572057 0.798053 0.000000,
        -0.729537 0.640573 0.003937,
        -0.572057 0.798053 0.003937,
        -0.005335 0.086299 0.000000,
        -0.005335 0.106048 0.000000,
        0.019332 0.095110 0.000000,
        0.021380 0.095678 0.000000,
        0.023473 0.096055 0.000000,
        0.023473 0.096246 0.000000,
        0.021386 0.096632 0.000000,
        0.019332 0.097158 0.000000,
        0.024193 0.034806 0.000000,
        0.024193 0.026096 0.000000,
        0.023442 0.041830 0.000000,
        0.021730 0.046699 0.000000,
        0.018938 0.051007 0.000000,
        0.015886 0.053871 0.000000,
        0.012261 0.055904 0.000000,
        0.007598 0.057283 0.000000,
        0.001721 0.057784 0.000000,
        -0.005442 0.057042 0.000000,
        -0.010080 0.055488 0.000000,
        -0.014163 0.052963 0.000000,
        -0.017415 0.049658 0.000000,
        -0.019767 0.045680 0.000000,
        -0.021321 0.040700 0.000000,
        -0.021899 0.034480 0.000000,
        -0.021899 0.026096 0.000000,
      ]
    }
    coordIndex [
      4, 5, 6, -1,
      6, 5, 11, -1,
      6, 11, 7, -1,
      7, 11, 10, -1,
      7, 10, 8, -1,
      8, 10, 9, -1,
      12, 13, 28, -1,
      21, 20, 12, -1,
      21, 12, 22, -1,
      20, 19, 12, -1,
      12, 19, 18, -1,
      12, 18, 14, -1,
      28, 27, 12, -1,
      12, 27, 26, -1,
      12, 26, 25, -1,
      17, 16, 18, -1,
      18, 16, 15, -1,
      18, 15, 14, -1,
      25, 24, 12, -1,
      12, 24, 23, -1,
      12, 23, 22, -1,
      1, 0, 3, -1,
      3, 0, 2, -1,
    ]
  }
}
