#VRML V2.0 utf8

Shape {
  appearance Appearance {
    material Material {
      diffuseColor 1.0000 1.0000 1.0000
      specularColor 0.5020 0.5020 0.5020
      ambientIntensity 0.2
      transparency 0.0000
      shininess 0.5
    }
  }
  geometry IndexedFaceSet {
    ccw TRUE
    solid FALSE
    coord DEF co Coordinate {
      point [
        -3.944882 2.422214 -1.070119,
        -3.944882 2.576120 -0.994352,
        -4.141732 2.422214 -1.070119,
        -4.141732 2.576120 -0.994352,
        -3.944882 2.439602 -1.105441,
        -4.141732 2.439602 -1.105441,
        -3.944882 2.593509 -1.029674,
        -4.141732 2.593509 -1.029674,
        -3.944882 2.608121 -1.024204,
        -4.141732 2.608121 -1.024204,
        -3.944882 2.623525 -1.021722,
        -4.141732 2.623525 -1.021722,
        -3.944882 2.639116 -1.022326,
        -4.141732 2.639116 -1.022326,
        -3.944882 2.654281 -1.025993,
        -4.141732 2.654281 -1.025993,
        -3.944882 2.758706 -1.062514,
        -4.141732 2.758706 -1.062514,
        -4.141732 2.771517 -1.065818,
        -3.944882 2.771517 -1.065818,
        -4.141732 2.784700 -1.066929,
        -3.944882 2.784700 -1.066929,
        -3.944882 4.389764 -1.066929,
        -4.141732 4.389764 -1.066929,
        -3.944882 4.389764 -1.027559,
        -4.141732 4.389764 -1.027559,
        -3.944882 2.784700 -1.027559,
        -4.141732 2.784700 -1.027559,
        -3.944882 2.778109 -1.027003,
        -4.141732 2.778109 -1.027003,
        -3.944882 2.771703 -1.025352,
        -4.141732 2.771703 -1.025352,
        -3.944882 2.667279 -0.988830,
        -4.141732 2.667279 -0.988830,
        -4.141732 2.644531 -0.983330,
        -3.944882 2.644531 -0.983330,
        -4.141732 2.621144 -0.982424,
        -3.944882 2.621144 -0.982424,
        -4.141732 2.598039 -0.986146,
        -3.944882 2.598039 -0.986146,
        -3.275591 2.422214 -1.070119,
        -3.275591 2.576120 -0.994352,
        -3.472441 2.422214 -1.070119,
        -3.472441 2.576120 -0.994352,
        -3.275591 2.439602 -1.105441,
        -3.472441 2.439602 -1.105441,
        -3.275591 2.593509 -1.029674,
        -3.472441 2.593509 -1.029674,
        -3.275591 2.608121 -1.024204,
        -3.472441 2.608121 -1.024204,
        -3.275591 2.623525 -1.021722,
        -3.472441 2.623525 -1.021722,
        -3.275591 2.639116 -1.022326,
        -3.472441 2.639116 -1.022326,
        -3.275591 2.654281 -1.025993,
        -3.472441 2.654281 -1.025993,
        -3.275591 2.758706 -1.062514,
        -3.472441 2.758706 -1.062514,
        -3.472441 2.771517 -1.065818,
        -3.275591 2.771517 -1.065818,
        -3.472441 2.784700 -1.066929,
        -3.275591 2.784700 -1.066929,
        -3.275591 4.389764 -1.066929,
        -3.472441 4.389764 -1.066929,
        -3.275591 4.389764 -1.027559,
        -3.472441 4.389764 -1.027559,
        -3.275591 2.784700 -1.027559,
        -3.472441 2.784700 -1.027559,
        -3.275591 2.778109 -1.027003,
        -3.472441 2.778109 -1.027003,
        -3.275591 2.771703 -1.025352,
        -3.472441 2.771703 -1.025352,
        -3.275591 2.667279 -0.988830,
        -3.472441 2.667279 -0.988830,
        -3.472441 2.644531 -0.983330,
        -3.275591 2.644531 -0.983330,
        -3.472441 2.621144 -0.982424,
        -3.275591 2.621144 -0.982424,
        -3.472441 2.598039 -0.986146,
        -3.275591 2.598039 -0.986146,
        -2.322835 2.422214 -1.070119,
        -2.322835 2.576120 -0.994352,
        -2.519685 2.422214 -1.070119,
        -2.519685 2.576120 -0.994352,
        -2.322835 2.439602 -1.105441,
        -2.519685 2.439602 -1.105441,
        -2.322835 2.593509 -1.029674,
        -2.519685 2.593509 -1.029674,
        -2.322835 2.608121 -1.024204,
        -2.519685 2.608121 -1.024204,
        -2.322835 2.623525 -1.021722,
        -2.519685 2.623525 -1.021722,
        -2.322835 2.639116 -1.022326,
        -2.519685 2.639116 -1.022326,
        -2.322835 2.654281 -1.025993,
        -2.519685 2.654281 -1.025993,
        -2.322835 2.758706 -1.062514,
        -2.519685 2.758706 -1.062514,
        -2.519685 2.771517 -1.065818,
        -2.322835 2.771517 -1.065818,
        -2.519685 2.784700 -1.066929,
        -2.322835 2.784700 -1.066929,
        -2.322835 4.389764 -1.066929,
        -2.519685 4.389764 -1.066929,
        -2.322835 4.389764 -1.027559,
        -2.519685 4.389764 -1.027559,
        -2.322835 2.784700 -1.027559,
        -2.519685 2.784700 -1.027559,
        -2.322835 2.778109 -1.027003,
        -2.519685 2.778109 -1.027003,
        -2.322835 2.771703 -1.025352,
        -2.519685 2.771703 -1.025352,
        -2.322835 2.667279 -0.988830,
        -2.519685 2.667279 -0.988830,
        -2.519685 2.644531 -0.983330,
        -2.322835 2.644531 -0.983330,
        -2.519685 2.621144 -0.982424,
        -2.322835 2.621144 -0.982424,
        -2.519685 2.598039 -0.986146,
        -2.322835 2.598039 -0.986146,
        -1.338583 2.422214 -1.070119,
        -1.338583 2.576120 -0.994352,
        -1.535433 2.422214 -1.070119,
        -1.535433 2.576120 -0.994352,
        -1.338583 2.439602 -1.105441,
        -1.535433 2.439602 -1.105441,
        -1.338583 2.593509 -1.029674,
        -1.535433 2.593509 -1.029674,
        -1.338583 2.608121 -1.024204,
        -1.535433 2.608121 -1.024204,
        -1.338583 2.623525 -1.021722,
        -1.535433 2.623525 -1.021722,
        -1.338583 2.639116 -1.022326,
        -1.535433 2.639116 -1.022326,
        -1.338583 2.654281 -1.025993,
        -1.535433 2.654281 -1.025993,
        -1.338583 2.758706 -1.062514,
        -1.535433 2.758706 -1.062514,
        -1.535433 2.771517 -1.065818,
        -1.338583 2.771517 -1.065818,
        -1.535433 2.784700 -1.066929,
        -1.338583 2.784700 -1.066929,
        -1.338583 4.389764 -1.066929,
        -1.535433 4.389764 -1.066929,
        -1.338583 4.389764 -1.027559,
        -1.535433 4.389764 -1.027559,
        -1.338583 2.784700 -1.027559,
        -1.535433 2.784700 -1.027559,
        -1.338583 2.778109 -1.027003,
        -1.535433 2.778109 -1.027003,
        -1.338583 2.771703 -1.025352,
        -1.535433 2.771703 -1.025352,
        -1.338583 2.667279 -0.988830,
        -1.535433 2.667279 -0.988830,
        -1.535433 2.644531 -0.983330,
        -1.338583 2.644531 -0.983330,
        -1.535433 2.621144 -0.982424,
        -1.338583 2.621144 -0.982424,
        -1.535433 2.598039 -0.986146,
        -1.338583 2.598039 -0.986146,
        -0.354331 2.422214 -1.070119,
        -0.354331 2.576120 -0.994352,
        -0.551181 2.422214 -1.070119,
        -0.551181 2.576120 -0.994352,
        -0.354331 2.439602 -1.105441,
        -0.551181 2.439602 -1.105441,
        -0.354331 2.593509 -1.029674,
        -0.551181 2.593509 -1.029674,
        -0.354331 2.608121 -1.024204,
        -0.551181 2.608121 -1.024204,
        -0.354331 2.623525 -1.021722,
        -0.551181 2.623525 -1.021722,
        -0.354331 2.639116 -1.022326,
        -0.551181 2.639116 -1.022326,
        -0.354331 2.654281 -1.025993,
        -0.551181 2.654281 -1.025993,
        -0.354331 2.758706 -1.062514,
        -0.551181 2.758706 -1.062514,
        -0.551181 2.771517 -1.065818,
        -0.354331 2.771517 -1.065818,
        -0.551181 2.784700 -1.066929,
        -0.354331 2.784700 -1.066929,
        -0.354331 4.389764 -1.066929,
        -0.551181 4.389764 -1.066929,
        -0.354331 4.389764 -1.027559,
        -0.551181 4.389764 -1.027559,
        -0.354331 2.784700 -1.027559,
        -0.551181 2.784700 -1.027559,
        -0.354331 2.778109 -1.027003,
        -0.551181 2.778109 -1.027003,
        -0.354331 2.771703 -1.025352,
        -0.551181 2.771703 -1.025352,
        -0.354331 2.667279 -0.988830,
        -0.551181 2.667279 -0.988830,
        -0.551181 2.644531 -0.983330,
        -0.354331 2.644531 -0.983330,
        -0.551181 2.621144 -0.982424,
        -0.354331 2.621144 -0.982424,
        -0.551181 2.598039 -0.986146,
        -0.354331 2.598039 -0.986146,
        0.433071 2.422214 -1.070119,
        0.433071 2.576120 -0.994352,
        0.236220 2.422214 -1.070119,
        0.236220 2.576120 -0.994352,
        0.433071 2.439602 -1.105441,
        0.236220 2.439602 -1.105441,
        0.433071 2.593509 -1.029674,
        0.236220 2.593509 -1.029674,
        0.433071 2.608121 -1.024204,
        0.236220 2.608121 -1.024204,
        0.433071 2.623525 -1.021722,
        0.236220 2.623525 -1.021722,
        0.433071 2.639116 -1.022326,
        0.236220 2.639116 -1.022326,
        0.433071 2.654281 -1.025993,
        0.236220 2.654281 -1.025993,
        0.433071 2.758706 -1.062514,
        0.236220 2.758706 -1.062514,
        0.236220 2.771517 -1.065818,
        0.433071 2.771517 -1.065818,
        0.236220 2.784700 -1.066929,
        0.433071 2.784700 -1.066929,
        0.433071 4.389764 -1.066929,
        0.236220 4.389764 -1.066929,
        0.433071 4.389764 -1.027559,
        0.236220 4.389764 -1.027559,
        0.433071 2.784700 -1.027559,
        0.236220 2.784700 -1.027559,
        0.433071 2.778109 -1.027003,
        0.236220 2.778109 -1.027003,
        0.433071 2.771703 -1.025352,
        0.236220 2.771703 -1.025352,
        0.433071 2.667279 -0.988830,
        0.236220 2.667279 -0.988830,
        0.236220 2.644531 -0.983330,
        0.433071 2.644531 -0.983330,
        0.236220 2.621144 -0.982424,
        0.433071 2.621144 -0.982424,
        0.236220 2.598039 -0.986146,
        0.433071 2.598039 -0.986146,
        0.708661 2.422214 -1.070119,
        0.708661 2.576120 -0.994352,
        0.511811 2.422214 -1.070119,
        0.511811 2.576120 -0.994352,
        0.708661 2.439602 -1.105441,
        0.511811 2.439602 -1.105441,
        0.708661 2.593509 -1.029674,
        0.511811 2.593509 -1.029674,
        0.708661 2.608121 -1.024204,
        0.511811 2.608121 -1.024204,
        0.708661 2.623525 -1.021722,
        0.511811 2.623525 -1.021722,
        0.708661 2.639116 -1.022326,
        0.511811 2.639116 -1.022326,
        0.708661 2.654281 -1.025993,
        0.511811 2.654281 -1.025993,
        0.708661 2.758706 -1.062514,
        0.511811 2.758706 -1.062514,
        0.511811 2.771517 -1.065818,
        0.708661 2.771517 -1.065818,
        0.511811 2.784700 -1.066929,
        0.708661 2.784700 -1.066929,
        0.708661 4.389764 -1.066929,
        0.511811 4.389764 -1.066929,
        0.708661 4.389764 -1.027559,
        0.511811 4.389764 -1.027559,
        0.708661 2.784700 -1.027559,
        0.511811 2.784700 -1.027559,
        0.708661 2.778109 -1.027003,
        0.511811 2.778109 -1.027003,
        0.708661 2.771703 -1.025352,
        0.511811 2.771703 -1.025352,
        0.708661 2.667279 -0.988830,
        0.511811 2.667279 -0.988830,
        0.511811 2.644531 -0.983330,
        0.708661 2.644531 -0.983330,
        0.511811 2.621144 -0.982424,
        0.708661 2.621144 -0.982424,
        0.511811 2.598039 -0.986146,
        0.708661 2.598039 -0.986146,
        1.618110 2.422214 -1.070119,
        1.618110 2.576120 -0.994352,
        1.421260 2.422214 -1.070119,
        1.421260 2.576120 -0.994352,
        1.618110 2.439602 -1.105441,
        1.421260 2.439602 -1.105441,
        1.618110 2.593509 -1.029674,
        1.421260 2.593509 -1.029674,
        1.618110 2.608121 -1.024204,
        1.421260 2.608121 -1.024204,
        1.618110 2.623525 -1.021722,
        1.421260 2.623525 -1.021722,
        1.618110 2.639116 -1.022326,
        1.421260 2.639116 -1.022326,
        1.618110 2.654281 -1.025993,
        1.421260 2.654281 -1.025993,
        1.618110 2.758706 -1.062514,
        1.421260 2.758706 -1.062514,
        1.421260 2.771517 -1.065818,
        1.618110 2.771517 -1.065818,
        1.421260 2.784700 -1.066929,
        1.618110 2.784700 -1.066929,
        1.618110 4.389764 -1.066929,
        1.421260 4.389764 -1.066929,
        1.618110 4.389764 -1.027559,
        1.421260 4.389764 -1.027559,
        1.618110 2.784700 -1.027559,
        1.421260 2.784700 -1.027559,
        1.618110 2.778109 -1.027003,
        1.421260 2.778109 -1.027003,
        1.618110 2.771703 -1.025352,
        1.421260 2.771703 -1.025352,
        1.618110 2.667279 -0.988830,
        1.421260 2.667279 -0.988830,
        1.421260 2.644531 -0.983330,
        1.618110 2.644531 -0.983330,
        1.421260 2.621144 -0.982424,
        1.618110 2.621144 -0.982424,
        1.421260 2.598039 -0.986146,
        1.618110 2.598039 -0.986146,
        2.602362 2.422214 -1.070119,
        2.602362 2.576120 -0.994352,
        2.405512 2.422214 -1.070119,
        2.405512 2.576120 -0.994352,
        2.602362 2.439602 -1.105441,
        2.405512 2.439602 -1.105441,
        2.602362 2.593509 -1.029674,
        2.405512 2.593509 -1.029674,
        2.602362 2.608121 -1.024204,
        2.405512 2.608121 -1.024204,
        2.602362 2.623525 -1.021722,
        2.405512 2.623525 -1.021722,
        2.602362 2.639116 -1.022326,
        2.405512 2.639116 -1.022326,
        2.602362 2.654281 -1.025993,
        2.405512 2.654281 -1.025993,
        2.602362 2.758706 -1.062514,
        2.405512 2.758706 -1.062514,
        2.405512 2.771517 -1.065818,
        2.602362 2.771517 -1.065818,
        2.405512 2.784700 -1.066929,
        2.602362 2.784700 -1.066929,
        2.602362 4.389764 -1.066929,
        2.405512 4.389764 -1.066929,
        2.602362 4.389764 -1.027559,
        2.405512 4.389764 -1.027559,
        2.602362 2.784700 -1.027559,
        2.405512 2.784700 -1.027559,
        2.602362 2.778109 -1.027003,
        2.405512 2.778109 -1.027003,
        2.602362 2.771703 -1.025352,
        2.405512 2.771703 -1.025352,
        2.602362 2.667279 -0.988830,
        2.405512 2.667279 -0.988830,
        2.405512 2.644531 -0.983330,
        2.602362 2.644531 -0.983330,
        2.405512 2.621144 -0.982424,
        2.602362 2.621144 -0.982424,
        2.405512 2.598039 -0.986146,
        2.602362 2.598039 -0.986146,
        3.389764 1.831663 -1.070119,
        3.389764 1.849052 -1.105441,
        3.586614 1.831663 -1.070119,
        3.586614 1.849052 -1.105441,
        3.389764 1.985569 -0.994352,
        3.586614 1.985569 -0.994352,
        3.586614 2.007487 -0.986146,
        3.389764 2.007487 -0.986146,
        3.586614 2.030593 -0.982424,
        3.389764 2.030593 -0.982424,
        3.586614 2.053979 -0.983330,
        3.389764 2.053979 -0.983330,
        3.586614 2.076728 -0.988830,
        3.389764 2.076728 -0.988830,
        3.389764 2.181152 -1.025352,
        3.586614 2.181152 -1.025352,
        3.389764 2.187557 -1.027003,
        3.586614 2.187557 -1.027003,
        3.389764 2.194149 -1.027559,
        3.586614 2.194149 -1.027559,
        3.389764 3.799213 -1.027559,
        3.586614 3.799213 -1.027559,
        3.389764 3.799213 -1.066929,
        3.586614 3.799213 -1.066929,
        3.389764 2.194149 -1.066929,
        3.586614 2.194149 -1.066929,
        3.586614 2.180965 -1.065818,
        3.389764 2.180965 -1.065818,
        3.586614 2.168154 -1.062514,
        3.389764 2.168154 -1.062514,
        3.389764 2.063730 -1.025993,
        3.586614 2.063730 -1.025993,
        3.389764 2.048565 -1.022326,
        3.586614 2.048565 -1.022326,
        3.389764 2.032974 -1.021722,
        3.586614 2.032974 -1.021722,
        3.389764 2.017570 -1.024204,
        3.586614 2.017570 -1.024204,
        3.389764 2.002958 -1.029674,
        3.586614 2.002958 -1.029674,
      ]
    }
    coordIndex [
      0, 1, 2, -1,
      2, 1, 3, -1,
      4, 0, 5, -1,
      5, 0, 2, -1,
      6, 4, 7, -1,
      7, 4, 5, -1,
      6, 7, 8, -1,
      8, 7, 9, -1,
      8, 9, 10, -1,
      10, 9, 11, -1,
      10, 11, 12, -1,
      12, 11, 13, -1,
      12, 13, 14, -1,
      14, 13, 15, -1,
      16, 14, 17, -1,
      17, 14, 15, -1,
      16, 17, 18, -1,
      16, 18, 19, -1,
      19, 18, 20, -1,
      19, 20, 21, -1,
      22, 21, 23, -1,
      23, 21, 20, -1,
      24, 22, 25, -1,
      25, 22, 23, -1,
      26, 24, 27, -1,
      27, 24, 25, -1,
      26, 27, 28, -1,
      28, 27, 29, -1,
      28, 29, 30, -1,
      30, 29, 31, -1,
      32, 30, 33, -1,
      33, 30, 31, -1,
      32, 33, 34, -1,
      32, 34, 35, -1,
      35, 34, 36, -1,
      35, 36, 37, -1,
      37, 36, 38, -1,
      37, 38, 39, -1,
      39, 38, 3, -1,
      39, 3, 1, -1,
      0, 4, 1, -1,
      1, 4, 6, -1,
      1, 6, 39, -1,
      39, 6, 8, -1,
      39, 8, 37, -1,
      37, 8, 10, -1,
      37, 10, 35, -1,
      35, 10, 12, -1,
      35, 12, 32, -1,
      32, 12, 14, -1,
      32, 14, 30, -1,
      30, 14, 16, -1,
      30, 16, 28, -1,
      28, 16, 19, -1,
      28, 19, 26, -1,
      26, 19, 21, -1,
      26, 21, 24, -1,
      24, 21, 22, -1,
      25, 23, 27, -1,
      27, 23, 20, -1,
      27, 20, 29, -1,
      29, 20, 18, -1,
      29, 18, 31, -1,
      31, 18, 17, -1,
      31, 17, 33, -1,
      33, 17, 15, -1,
      33, 15, 34, -1,
      34, 15, 13, -1,
      34, 13, 36, -1,
      36, 13, 11, -1,
      36, 11, 38, -1,
      38, 11, 9, -1,
      38, 9, 3, -1,
      3, 9, 7, -1,
      3, 7, 2, -1,
      2, 7, 5, -1,
      40, 41, 42, -1,
      42, 41, 43, -1,
      44, 40, 45, -1,
      45, 40, 42, -1,
      46, 44, 47, -1,
      47, 44, 45, -1,
      46, 47, 48, -1,
      48, 47, 49, -1,
      48, 49, 50, -1,
      50, 49, 51, -1,
      50, 51, 52, -1,
      52, 51, 53, -1,
      52, 53, 54, -1,
      54, 53, 55, -1,
      56, 54, 57, -1,
      57, 54, 55, -1,
      56, 57, 58, -1,
      56, 58, 59, -1,
      59, 58, 60, -1,
      59, 60, 61, -1,
      62, 61, 63, -1,
      63, 61, 60, -1,
      64, 62, 65, -1,
      65, 62, 63, -1,
      66, 64, 67, -1,
      67, 64, 65, -1,
      66, 67, 68, -1,
      68, 67, 69, -1,
      68, 69, 70, -1,
      70, 69, 71, -1,
      72, 70, 73, -1,
      73, 70, 71, -1,
      72, 73, 74, -1,
      72, 74, 75, -1,
      75, 74, 76, -1,
      75, 76, 77, -1,
      77, 76, 78, -1,
      77, 78, 79, -1,
      79, 78, 43, -1,
      79, 43, 41, -1,
      40, 44, 41, -1,
      41, 44, 46, -1,
      41, 46, 79, -1,
      79, 46, 48, -1,
      79, 48, 77, -1,
      77, 48, 50, -1,
      77, 50, 75, -1,
      75, 50, 52, -1,
      75, 52, 72, -1,
      72, 52, 54, -1,
      72, 54, 70, -1,
      70, 54, 56, -1,
      70, 56, 68, -1,
      68, 56, 59, -1,
      68, 59, 66, -1,
      66, 59, 61, -1,
      66, 61, 64, -1,
      64, 61, 62, -1,
      65, 63, 67, -1,
      67, 63, 60, -1,
      67, 60, 69, -1,
      69, 60, 58, -1,
      69, 58, 71, -1,
      71, 58, 57, -1,
      71, 57, 73, -1,
      73, 57, 55, -1,
      73, 55, 74, -1,
      74, 55, 53, -1,
      74, 53, 76, -1,
      76, 53, 51, -1,
      76, 51, 78, -1,
      78, 51, 49, -1,
      78, 49, 43, -1,
      43, 49, 47, -1,
      43, 47, 42, -1,
      42, 47, 45, -1,
      80, 81, 82, -1,
      82, 81, 83, -1,
      84, 80, 85, -1,
      85, 80, 82, -1,
      86, 84, 87, -1,
      87, 84, 85, -1,
      86, 87, 88, -1,
      88, 87, 89, -1,
      88, 89, 90, -1,
      90, 89, 91, -1,
      90, 91, 92, -1,
      92, 91, 93, -1,
      92, 93, 94, -1,
      94, 93, 95, -1,
      96, 94, 97, -1,
      97, 94, 95, -1,
      96, 97, 98, -1,
      96, 98, 99, -1,
      99, 98, 100, -1,
      99, 100, 101, -1,
      102, 101, 103, -1,
      103, 101, 100, -1,
      104, 102, 105, -1,
      105, 102, 103, -1,
      106, 104, 107, -1,
      107, 104, 105, -1,
      106, 107, 108, -1,
      108, 107, 109, -1,
      108, 109, 110, -1,
      110, 109, 111, -1,
      112, 110, 113, -1,
      113, 110, 111, -1,
      112, 113, 114, -1,
      112, 114, 115, -1,
      115, 114, 116, -1,
      115, 116, 117, -1,
      117, 116, 118, -1,
      117, 118, 119, -1,
      119, 118, 83, -1,
      119, 83, 81, -1,
      80, 84, 81, -1,
      81, 84, 86, -1,
      81, 86, 119, -1,
      119, 86, 88, -1,
      119, 88, 117, -1,
      117, 88, 90, -1,
      117, 90, 115, -1,
      115, 90, 92, -1,
      115, 92, 112, -1,
      112, 92, 94, -1,
      112, 94, 110, -1,
      110, 94, 96, -1,
      110, 96, 108, -1,
      108, 96, 99, -1,
      108, 99, 106, -1,
      106, 99, 101, -1,
      106, 101, 104, -1,
      104, 101, 102, -1,
      105, 103, 107, -1,
      107, 103, 100, -1,
      107, 100, 109, -1,
      109, 100, 98, -1,
      109, 98, 111, -1,
      111, 98, 97, -1,
      111, 97, 113, -1,
      113, 97, 95, -1,
      113, 95, 114, -1,
      114, 95, 93, -1,
      114, 93, 116, -1,
      116, 93, 91, -1,
      116, 91, 118, -1,
      118, 91, 89, -1,
      118, 89, 83, -1,
      83, 89, 87, -1,
      83, 87, 82, -1,
      82, 87, 85, -1,
      120, 121, 122, -1,
      122, 121, 123, -1,
      124, 120, 125, -1,
      125, 120, 122, -1,
      126, 124, 127, -1,
      127, 124, 125, -1,
      126, 127, 128, -1,
      128, 127, 129, -1,
      128, 129, 130, -1,
      130, 129, 131, -1,
      130, 131, 132, -1,
      132, 131, 133, -1,
      132, 133, 134, -1,
      134, 133, 135, -1,
      136, 134, 137, -1,
      137, 134, 135, -1,
      136, 137, 138, -1,
      136, 138, 139, -1,
      139, 138, 140, -1,
      139, 140, 141, -1,
      142, 141, 143, -1,
      143, 141, 140, -1,
      144, 142, 145, -1,
      145, 142, 143, -1,
      146, 144, 147, -1,
      147, 144, 145, -1,
      146, 147, 148, -1,
      148, 147, 149, -1,
      148, 149, 150, -1,
      150, 149, 151, -1,
      152, 150, 153, -1,
      153, 150, 151, -1,
      152, 153, 154, -1,
      152, 154, 155, -1,
      155, 154, 156, -1,
      155, 156, 157, -1,
      157, 156, 158, -1,
      157, 158, 159, -1,
      159, 158, 123, -1,
      159, 123, 121, -1,
      120, 124, 121, -1,
      121, 124, 126, -1,
      121, 126, 159, -1,
      159, 126, 128, -1,
      159, 128, 157, -1,
      157, 128, 130, -1,
      157, 130, 155, -1,
      155, 130, 132, -1,
      155, 132, 152, -1,
      152, 132, 134, -1,
      152, 134, 150, -1,
      150, 134, 136, -1,
      150, 136, 148, -1,
      148, 136, 139, -1,
      148, 139, 146, -1,
      146, 139, 141, -1,
      146, 141, 144, -1,
      144, 141, 142, -1,
      145, 143, 147, -1,
      147, 143, 140, -1,
      147, 140, 149, -1,
      149, 140, 138, -1,
      149, 138, 151, -1,
      151, 138, 137, -1,
      151, 137, 153, -1,
      153, 137, 135, -1,
      153, 135, 154, -1,
      154, 135, 133, -1,
      154, 133, 156, -1,
      156, 133, 131, -1,
      156, 131, 158, -1,
      158, 131, 129, -1,
      158, 129, 123, -1,
      123, 129, 127, -1,
      123, 127, 122, -1,
      122, 127, 125, -1,
      160, 161, 162, -1,
      162, 161, 163, -1,
      164, 160, 165, -1,
      165, 160, 162, -1,
      166, 164, 167, -1,
      167, 164, 165, -1,
      166, 167, 168, -1,
      168, 167, 169, -1,
      168, 169, 170, -1,
      170, 169, 171, -1,
      170, 171, 172, -1,
      172, 171, 173, -1,
      172, 173, 174, -1,
      174, 173, 175, -1,
      176, 174, 177, -1,
      177, 174, 175, -1,
      176, 177, 178, -1,
      176, 178, 179, -1,
      179, 178, 180, -1,
      179, 180, 181, -1,
      182, 181, 183, -1,
      183, 181, 180, -1,
      184, 182, 185, -1,
      185, 182, 183, -1,
      186, 184, 187, -1,
      187, 184, 185, -1,
      186, 187, 188, -1,
      188, 187, 189, -1,
      188, 189, 190, -1,
      190, 189, 191, -1,
      192, 190, 193, -1,
      193, 190, 191, -1,
      192, 193, 194, -1,
      192, 194, 195, -1,
      195, 194, 196, -1,
      195, 196, 197, -1,
      197, 196, 198, -1,
      197, 198, 199, -1,
      199, 198, 163, -1,
      199, 163, 161, -1,
      160, 164, 161, -1,
      161, 164, 166, -1,
      161, 166, 199, -1,
      199, 166, 168, -1,
      199, 168, 197, -1,
      197, 168, 170, -1,
      197, 170, 195, -1,
      195, 170, 172, -1,
      195, 172, 192, -1,
      192, 172, 174, -1,
      192, 174, 190, -1,
      190, 174, 176, -1,
      190, 176, 188, -1,
      188, 176, 179, -1,
      188, 179, 186, -1,
      186, 179, 181, -1,
      186, 181, 184, -1,
      184, 181, 182, -1,
      185, 183, 187, -1,
      187, 183, 180, -1,
      187, 180, 189, -1,
      189, 180, 178, -1,
      189, 178, 191, -1,
      191, 178, 177, -1,
      191, 177, 193, -1,
      193, 177, 175, -1,
      193, 175, 194, -1,
      194, 175, 173, -1,
      194, 173, 196, -1,
      196, 173, 171, -1,
      196, 171, 198, -1,
      198, 171, 169, -1,
      198, 169, 163, -1,
      163, 169, 167, -1,
      163, 167, 162, -1,
      162, 167, 165, -1,
      200, 201, 202, -1,
      202, 201, 203, -1,
      204, 200, 205, -1,
      205, 200, 202, -1,
      206, 204, 207, -1,
      207, 204, 205, -1,
      206, 207, 208, -1,
      208, 207, 209, -1,
      208, 209, 210, -1,
      210, 209, 211, -1,
      210, 211, 212, -1,
      212, 211, 213, -1,
      212, 213, 214, -1,
      214, 213, 215, -1,
      216, 214, 217, -1,
      217, 214, 215, -1,
      216, 217, 218, -1,
      216, 218, 219, -1,
      219, 218, 220, -1,
      219, 220, 221, -1,
      222, 221, 223, -1,
      223, 221, 220, -1,
      224, 222, 225, -1,
      225, 222, 223, -1,
      226, 224, 227, -1,
      227, 224, 225, -1,
      226, 227, 228, -1,
      228, 227, 229, -1,
      228, 229, 230, -1,
      230, 229, 231, -1,
      232, 230, 233, -1,
      233, 230, 231, -1,
      232, 233, 234, -1,
      232, 234, 235, -1,
      235, 234, 236, -1,
      235, 236, 237, -1,
      237, 236, 238, -1,
      237, 238, 239, -1,
      239, 238, 203, -1,
      239, 203, 201, -1,
      200, 204, 201, -1,
      201, 204, 206, -1,
      201, 206, 239, -1,
      239, 206, 208, -1,
      239, 208, 237, -1,
      237, 208, 210, -1,
      237, 210, 235, -1,
      235, 210, 212, -1,
      235, 212, 232, -1,
      232, 212, 214, -1,
      232, 214, 230, -1,
      230, 214, 216, -1,
      230, 216, 228, -1,
      228, 216, 219, -1,
      228, 219, 226, -1,
      226, 219, 221, -1,
      226, 221, 224, -1,
      224, 221, 222, -1,
      225, 223, 227, -1,
      227, 223, 220, -1,
      227, 220, 229, -1,
      229, 220, 218, -1,
      229, 218, 231, -1,
      231, 218, 217, -1,
      231, 217, 233, -1,
      233, 217, 215, -1,
      233, 215, 234, -1,
      234, 215, 213, -1,
      234, 213, 236, -1,
      236, 213, 211, -1,
      236, 211, 238, -1,
      238, 211, 209, -1,
      238, 209, 203, -1,
      203, 209, 207, -1,
      203, 207, 202, -1,
      202, 207, 205, -1,
      240, 241, 242, -1,
      242, 241, 243, -1,
      244, 240, 245, -1,
      245, 240, 242, -1,
      246, 244, 247, -1,
      247, 244, 245, -1,
      246, 247, 248, -1,
      248, 247, 249, -1,
      248, 249, 250, -1,
      250, 249, 251, -1,
      250, 251, 252, -1,
      252, 251, 253, -1,
      252, 253, 254, -1,
      254, 253, 255, -1,
      256, 254, 257, -1,
      257, 254, 255, -1,
      256, 257, 258, -1,
      256, 258, 259, -1,
      259, 258, 260, -1,
      259, 260, 261, -1,
      262, 261, 263, -1,
      263, 261, 260, -1,
      264, 262, 265, -1,
      265, 262, 263, -1,
      266, 264, 267, -1,
      267, 264, 265, -1,
      266, 267, 268, -1,
      268, 267, 269, -1,
      268, 269, 270, -1,
      270, 269, 271, -1,
      272, 270, 273, -1,
      273, 270, 271, -1,
      272, 273, 274, -1,
      272, 274, 275, -1,
      275, 274, 276, -1,
      275, 276, 277, -1,
      277, 276, 278, -1,
      277, 278, 279, -1,
      279, 278, 243, -1,
      279, 243, 241, -1,
      240, 244, 241, -1,
      241, 244, 246, -1,
      241, 246, 279, -1,
      279, 246, 248, -1,
      279, 248, 277, -1,
      277, 248, 250, -1,
      277, 250, 275, -1,
      275, 250, 252, -1,
      275, 252, 272, -1,
      272, 252, 254, -1,
      272, 254, 270, -1,
      270, 254, 256, -1,
      270, 256, 268, -1,
      268, 256, 259, -1,
      268, 259, 266, -1,
      266, 259, 261, -1,
      266, 261, 264, -1,
      264, 261, 262, -1,
      265, 263, 267, -1,
      267, 263, 260, -1,
      267, 260, 269, -1,
      269, 260, 258, -1,
      269, 258, 271, -1,
      271, 258, 257, -1,
      271, 257, 273, -1,
      273, 257, 255, -1,
      273, 255, 274, -1,
      274, 255, 253, -1,
      274, 253, 276, -1,
      276, 253, 251, -1,
      276, 251, 278, -1,
      278, 251, 249, -1,
      278, 249, 243, -1,
      243, 249, 247, -1,
      243, 247, 242, -1,
      242, 247, 245, -1,
      280, 281, 282, -1,
      282, 281, 283, -1,
      284, 280, 285, -1,
      285, 280, 282, -1,
      286, 284, 287, -1,
      287, 284, 285, -1,
      286, 287, 288, -1,
      288, 287, 289, -1,
      288, 289, 290, -1,
      290, 289, 291, -1,
      290, 291, 292, -1,
      292, 291, 293, -1,
      292, 293, 294, -1,
      294, 293, 295, -1,
      296, 294, 297, -1,
      297, 294, 295, -1,
      296, 297, 298, -1,
      296, 298, 299, -1,
      299, 298, 300, -1,
      299, 300, 301, -1,
      302, 301, 303, -1,
      303, 301, 300, -1,
      304, 302, 305, -1,
      305, 302, 303, -1,
      306, 304, 307, -1,
      307, 304, 305, -1,
      306, 307, 308, -1,
      308, 307, 309, -1,
      308, 309, 310, -1,
      310, 309, 311, -1,
      312, 310, 313, -1,
      313, 310, 311, -1,
      312, 313, 314, -1,
      312, 314, 315, -1,
      315, 314, 316, -1,
      315, 316, 317, -1,
      317, 316, 318, -1,
      317, 318, 319, -1,
      319, 318, 283, -1,
      319, 283, 281, -1,
      280, 284, 281, -1,
      281, 284, 286, -1,
      281, 286, 319, -1,
      319, 286, 288, -1,
      319, 288, 317, -1,
      317, 288, 290, -1,
      317, 290, 315, -1,
      315, 290, 292, -1,
      315, 292, 312, -1,
      312, 292, 294, -1,
      312, 294, 310, -1,
      310, 294, 296, -1,
      310, 296, 308, -1,
      308, 296, 299, -1,
      308, 299, 306, -1,
      306, 299, 301, -1,
      306, 301, 304, -1,
      304, 301, 302, -1,
      305, 303, 307, -1,
      307, 303, 300, -1,
      307, 300, 309, -1,
      309, 300, 298, -1,
      309, 298, 311, -1,
      311, 298, 297, -1,
      311, 297, 313, -1,
      313, 297, 295, -1,
      313, 295, 314, -1,
      314, 295, 293, -1,
      314, 293, 316, -1,
      316, 293, 291, -1,
      316, 291, 318, -1,
      318, 291, 289, -1,
      318, 289, 283, -1,
      283, 289, 287, -1,
      283, 287, 282, -1,
      282, 287, 285, -1,
      320, 321, 322, -1,
      322, 321, 323, -1,
      324, 320, 325, -1,
      325, 320, 322, -1,
      326, 324, 327, -1,
      327, 324, 325, -1,
      326, 327, 328, -1,
      328, 327, 329, -1,
      328, 329, 330, -1,
      330, 329, 331, -1,
      330, 331, 332, -1,
      332, 331, 333, -1,
      332, 333, 334, -1,
      334, 333, 335, -1,
      336, 334, 337, -1,
      337, 334, 335, -1,
      336, 337, 338, -1,
      336, 338, 339, -1,
      339, 338, 340, -1,
      339, 340, 341, -1,
      342, 341, 343, -1,
      343, 341, 340, -1,
      344, 342, 345, -1,
      345, 342, 343, -1,
      346, 344, 347, -1,
      347, 344, 345, -1,
      346, 347, 348, -1,
      348, 347, 349, -1,
      348, 349, 350, -1,
      350, 349, 351, -1,
      352, 350, 353, -1,
      353, 350, 351, -1,
      352, 353, 354, -1,
      352, 354, 355, -1,
      355, 354, 356, -1,
      355, 356, 357, -1,
      357, 356, 358, -1,
      357, 358, 359, -1,
      359, 358, 323, -1,
      359, 323, 321, -1,
      320, 324, 321, -1,
      321, 324, 326, -1,
      321, 326, 359, -1,
      359, 326, 328, -1,
      359, 328, 357, -1,
      357, 328, 330, -1,
      357, 330, 355, -1,
      355, 330, 332, -1,
      355, 332, 352, -1,
      352, 332, 334, -1,
      352, 334, 350, -1,
      350, 334, 336, -1,
      350, 336, 348, -1,
      348, 336, 339, -1,
      348, 339, 346, -1,
      346, 339, 341, -1,
      346, 341, 344, -1,
      344, 341, 342, -1,
      345, 343, 347, -1,
      347, 343, 340, -1,
      347, 340, 349, -1,
      349, 340, 338, -1,
      349, 338, 351, -1,
      351, 338, 337, -1,
      351, 337, 353, -1,
      353, 337, 335, -1,
      353, 335, 354, -1,
      354, 335, 333, -1,
      354, 333, 356, -1,
      356, 333, 331, -1,
      356, 331, 358, -1,
      358, 331, 329, -1,
      358, 329, 323, -1,
      323, 329, 327, -1,
      323, 327, 322, -1,
      322, 327, 325, -1,
      360, 361, 362, -1,
      362, 361, 363, -1,
      364, 360, 365, -1,
      365, 360, 362, -1,
      364, 365, 366, -1,
      364, 366, 367, -1,
      367, 366, 368, -1,
      367, 368, 369, -1,
      369, 368, 370, -1,
      369, 370, 371, -1,
      371, 370, 372, -1,
      371, 372, 373, -1,
      374, 373, 375, -1,
      375, 373, 372, -1,
      374, 375, 376, -1,
      376, 375, 377, -1,
      376, 377, 378, -1,
      378, 377, 379, -1,
      380, 378, 381, -1,
      381, 378, 379, -1,
      382, 380, 383, -1,
      383, 380, 381, -1,
      384, 382, 385, -1,
      385, 382, 383, -1,
      384, 385, 386, -1,
      384, 386, 387, -1,
      387, 386, 388, -1,
      387, 388, 389, -1,
      390, 389, 391, -1,
      391, 389, 388, -1,
      390, 391, 392, -1,
      392, 391, 393, -1,
      392, 393, 394, -1,
      394, 393, 395, -1,
      394, 395, 396, -1,
      396, 395, 397, -1,
      396, 397, 398, -1,
      398, 397, 399, -1,
      361, 398, 363, -1,
      363, 398, 399, -1,
      361, 360, 398, -1,
      398, 360, 364, -1,
      398, 364, 396, -1,
      396, 364, 367, -1,
      396, 367, 394, -1,
      394, 367, 369, -1,
      394, 369, 392, -1,
      392, 369, 371, -1,
      392, 371, 390, -1,
      390, 371, 373, -1,
      390, 373, 389, -1,
      389, 373, 374, -1,
      389, 374, 387, -1,
      387, 374, 376, -1,
      387, 376, 384, -1,
      384, 376, 378, -1,
      384, 378, 382, -1,
      382, 378, 380, -1,
      362, 363, 365, -1,
      365, 363, 399, -1,
      365, 399, 366, -1,
      366, 399, 397, -1,
      366, 397, 368, -1,
      368, 397, 395, -1,
      368, 395, 370, -1,
      370, 395, 393, -1,
      370, 393, 372, -1,
      372, 393, 391, -1,
      372, 391, 375, -1,
      375, 391, 388, -1,
      375, 388, 377, -1,
      377, 388, 386, -1,
      377, 386, 379, -1,
      379, 386, 385, -1,
      379, 385, 381, -1,
      381, 385, 383, -1,
    ]
  }
}

Shape {
  appearance Appearance {
    material Material {
      diffuseColor 0.2510 0.2510 0.2510
      specularColor 0.1255 0.1255 0.1255
      ambientIntensity 0.2
      transparency 0.0000
      shininess 0.5
    }
  }
  geometry IndexedFaceSet {
    ccw TRUE
    solid FALSE
    coord DEF co Coordinate {
      point [
        5.610236 -5.688976 -0.082677,
        5.610236 -2.539370 -0.082677,
        5.610102 -2.539370 -0.081658,
        5.610102 -5.688976 -0.081658,
        5.609709 -2.539370 -0.080709,
        5.609709 -5.688976 -0.080709,
        5.609083 -2.539370 -0.079893,
        5.609083 -5.688976 -0.079893,
        5.608268 -2.539370 -0.079268,
        5.608268 -5.688976 -0.079268,
        5.607319 -2.539370 -0.078874,
        5.607319 -5.688976 -0.078874,
        5.606300 -2.539370 -0.078740,
        5.606300 -5.688976 -0.078740,
        4.822835 -5.688976 -0.078740,
        5.098426 -5.059055 -0.078740,
        5.098426 -4.350394 -0.078740,
        5.413386 -5.059055 -0.078740,
        5.413386 -4.350394 -0.078740,
        4.822835 -2.539370 -0.078740,
        4.407935 0.971899 -1.102362,
        4.407935 2.066827 -1.102362,
        4.703979 2.066827 -1.102362,
        2.761361 0.814031 -1.102362,
        2.695970 0.971899 -1.102362,
        3.005906 0.971899 -1.102362,
        -5.295276 -2.362205 -1.102362,
        -5.610236 -2.362205 -1.102362,
        -5.610236 -1.713031 -1.102362,
        -4.875984 5.570867 -1.102362,
        -4.500000 5.570867 -1.102362,
        -4.500000 3.014876 -1.102362,
        3.271654 2.147498 -1.102362,
        3.271654 2.066827 -1.102362,
        3.005906 2.066827 -1.102362,
        4.414295 0.020405 -1.102362,
        4.407935 -0.002401 -1.102362,
        4.414295 0.063616 -1.102362,
        4.686392 0.290005 -1.102362,
        4.663316 0.326814 -1.102362,
        4.703979 0.971899 -1.102362,
        4.627772 0.360998 -1.102362,
        4.459813 0.395250 -1.102362,
        4.414295 0.382898 -1.102362,
        4.414295 0.330085 -1.102362,
        4.458641 0.349074 -1.102362,
        4.421351 0.059708 -1.102362,
        4.506494 0.355291 -1.102362,
        4.545261 0.350937 -1.102362,
        4.574728 0.340302 -1.102362,
        4.601978 0.322073 -1.102362,
        4.625753 0.295826 -1.102362,
        4.654356 0.192649 -1.102362,
        4.650370 0.150029 -1.102362,
        4.639674 0.116165 -1.102362,
        4.552067 0.042529 -1.102362,
        4.515346 0.038410 -1.102362,
        4.580754 0.053090 -1.102362,
        4.604916 0.069375 -1.102362,
        4.623391 0.088866 -1.102362,
        4.463085 0.044210 -1.102362,
        4.641984 0.265428 -1.102362,
        4.652478 0.223281 -1.102362,
        4.590377 0.382523 -1.102362,
        4.546487 0.395274 -1.102362,
        4.506944 0.398502 -1.102362,
        4.640969 0.033587 -1.102362,
        4.670541 0.064720 -1.102362,
        4.703979 -0.002401 -1.102362,
        4.691514 0.102155 -1.102362,
        4.703363 0.143828 -1.102362,
        4.703979 0.151204 -1.102362,
        4.723974 -0.002401 -1.102362,
        4.707170 0.189424 -1.102362,
        4.723974 0.971899 -1.102362,
        4.703979 0.220963 -1.102362,
        4.701506 0.245396 -1.102362,
        4.545775 -0.002401 -1.102362,
        4.571141 0.000230 -1.102362,
        4.609300 0.013364 -1.102362,
        4.456261 0.003174 -1.102362,
        4.496044 -0.002401 -1.102362,
        4.407935 -1.713031 -1.102362,
        4.511857 -0.004617 -1.102362,
        4.703979 -1.713031 -1.102362,
        4.522623 -0.004801 -1.102362,
        4.407935 -5.688976 -1.102362,
        4.369525 -5.688976 -1.102362,
        4.404258 -3.882584 -1.102362,
        4.407935 -3.470743 -1.102362,
        4.404258 -3.479620 -1.102362,
        4.369525 -1.713031 -1.102362,
        4.401575 -3.500000 -1.102362,
        4.401575 -3.862204 -1.102362,
        4.440945 -3.930396 -1.102362,
        4.459936 -3.938262 -1.102362,
        4.703979 -5.688976 -1.102362,
        4.407935 -3.891461 -1.102362,
        4.412124 -3.901575 -1.102362,
        4.424637 -3.917882 -1.102362,
        4.459936 -3.423943 -1.102362,
        4.440945 -3.431809 -1.102362,
        4.424637 -3.444322 -1.102362,
        4.412124 -3.460630 -1.102362,
        4.677725 -3.444322 -1.102362,
        4.661417 -3.431809 -1.102362,
        4.642427 -3.423943 -1.102362,
        4.622047 -3.421260 -1.102362,
        4.480315 -3.421260 -1.102362,
        4.480315 -3.940945 -1.102362,
        4.622047 -3.940945 -1.102362,
        4.639569 -3.938970 -1.102362,
        4.656211 -3.933147 -1.102362,
        4.671141 -3.923766 -1.102362,
        4.683609 -3.911298 -1.102362,
        4.700787 -3.500000 -1.102362,
        4.698105 -3.479620 -1.102362,
        4.690238 -3.460630 -1.102362,
        4.692990 -3.896369 -1.102362,
        4.698813 -3.879726 -1.102362,
        4.700787 -3.862204 -1.102362,
        -2.897638 0.971899 -1.102362,
        -3.708661 0.971899 -1.102362,
        -3.610236 2.065379 -1.102362,
        -3.708661 2.066827 -1.102362,
        -3.610236 2.066827 -1.102362,
        -3.137795 2.821090 -1.102362,
        -2.897638 3.014876 -1.102362,
        -3.137795 2.066827 -1.102362,
        -2.897638 2.066827 -1.102362,
        -3.137795 2.065379 -1.102362,
        -3.610236 2.821090 -1.102362,
        -3.708661 3.014876 -1.102362,
        -2.657480 2.065379 -1.102362,
        -2.657480 2.066827 -1.102362,
        -2.000790 1.397638 -1.102362,
        -2.204585 1.370808 -1.102362,
        -2.185039 2.065379 -1.102362,
        -2.394491 1.292146 -1.102362,
        -2.557567 1.167013 -1.102362,
        -2.682700 1.003937 -1.102362,
        -2.695970 0.971899 -1.102362,
        -2.185039 2.821090 -1.102362,
        -1.929134 3.014876 -1.102362,
        -2.185039 2.066827 -1.102362,
        -1.929134 2.066827 -1.102362,
        -1.929134 1.397638 -1.102362,
        -2.657480 2.821090 -1.102362,
        -1.200787 2.821090 -1.102362,
        -0.944882 3.014876 -1.102362,
        -1.200787 2.066827 -1.102362,
        -0.944882 2.066827 -1.102362,
        -1.200787 2.065379 -1.102362,
        -0.944882 1.397638 -1.102362,
        -1.673228 2.065379 -1.102362,
        -1.673228 2.066827 -1.102362,
        -1.673228 2.821090 -1.102362,
        -0.216535 2.065379 -1.102362,
        -0.019685 1.397638 -1.102362,
        -0.688976 2.065379 -1.102362,
        -0.688976 2.066827 -1.102362,
        -0.688976 2.821090 -1.102362,
        -0.216535 2.821090 -1.102362,
        -0.019685 3.014876 -1.102362,
        -0.216535 2.066827 -1.102362,
        -0.019685 2.066827 -1.102362,
        0.177165 2.066827 -1.102362,
        0.177165 2.065379 -1.102362,
        1.045276 1.397638 -1.102362,
        0.807087 2.821090 -1.102362,
        1.045276 3.014876 -1.102362,
        0.807087 2.066827 -1.102362,
        1.045276 2.066827 -1.102362,
        0.807087 2.065379 -1.102362,
        0.177165 2.821090 -1.102362,
        2.000790 1.397638 -1.102362,
        2.267717 2.065379 -1.102362,
        2.267717 2.066827 -1.102362,
        2.682700 1.003937 -1.102362,
        2.557567 1.167013 -1.102362,
        2.740157 2.065379 -1.102362,
        2.394491 1.292146 -1.102362,
        2.204585 1.370808 -1.102362,
        1.755906 2.821090 -1.102362,
        1.283465 2.821090 -1.102362,
        2.740157 2.066827 -1.102362,
        3.005906 3.014876 -1.102362,
        2.740157 2.821090 -1.102362,
        2.267717 2.821090 -1.102362,
        1.283465 2.068275 -1.102362,
        1.755906 2.068275 -1.102362,
        3.704725 2.066827 -1.102362,
        3.718622 2.066827 -1.102362,
        3.704725 1.545296 -1.102362,
        3.718622 0.971899 -1.102362,
        3.704219 1.545296 -1.102362,
        3.271654 1.545296 -1.102362,
        3.704219 0.971899 -1.102362,
        3.704725 2.618110 -1.102362,
        3.704725 2.147498 -1.102362,
        3.704219 2.618110 -1.102362,
        3.704219 2.147498 -1.102362,
        3.271654 2.618110 -1.102362,
        3.718622 3.014876 -1.102362,
        3.704725 3.014876 -1.102362,
        3.704725 3.799213 -1.102362,
        -4.279528 2.065379 -1.102362,
        -3.807086 2.065379 -1.102362,
        -3.807086 2.066827 -1.102362,
        -3.807086 2.821090 -1.102362,
        -4.279528 2.821090 -1.102362,
        -4.500000 2.066827 -1.102362,
        4.407935 3.014876 -1.102362,
        4.703979 3.014876 -1.102362,
        4.615683 3.430927 -1.102362,
        4.615683 4.972130 -1.102362,
        4.407935 5.688976 -1.102362,
        4.703979 4.972130 -1.102362,
        4.703979 5.688976 -1.102362,
        4.723974 5.688976 -1.102362,
        4.723974 4.972130 -1.102362,
        5.133128 5.688976 -1.102362,
        5.133128 4.972130 -1.102362,
        5.323826 4.972130 -1.102362,
        5.610236 5.688976 -1.102362,
        5.323826 3.430927 -1.102362,
        5.610236 3.014876 -1.102362,
        5.133128 3.430927 -1.102362,
        3.838583 5.688976 -1.102362,
        4.087811 5.688976 -1.102362,
        3.838583 5.570867 -1.102362,
        4.087811 3.014876 -1.102362,
        3.718622 5.570867 -1.102362,
        1.283465 4.389764 -1.102362,
        1.283465 3.208662 -1.102362,
        1.755906 3.208662 -1.102362,
        1.045276 5.570867 -1.102362,
        2.267717 4.389764 -1.102362,
        1.755906 4.389764 -1.102362,
        2.740157 4.389764 -1.102362,
        3.005906 5.570867 -1.102362,
        2.267717 3.208662 -1.102362,
        2.740157 3.208662 -1.102362,
        1.183071 5.570867 -1.102362,
        2.011811 5.570867 -1.102362,
        2.996063 5.570867 -1.102362,
        0.807087 4.389764 -1.102362,
        0.535433 5.570867 -1.102362,
        0.177165 4.389764 -1.102362,
        -0.019685 5.570867 -1.102362,
        0.177165 3.208662 -1.102362,
        0.807087 3.208662 -1.102362,
        -0.688976 4.389764 -1.102362,
        -0.688976 3.208662 -1.102362,
        -0.216535 3.208662 -1.102362,
        -0.216535 4.389764 -1.102362,
        -1.673228 4.389764 -1.102362,
        -1.673228 3.208662 -1.102362,
        -1.929134 5.570867 -1.102362,
        -0.944882 5.570867 -1.102362,
        -1.200787 4.389764 -1.102362,
        -1.200787 3.208662 -1.102362,
        -0.114173 5.570867 -1.102362,
        -2.657480 4.389764 -1.102362,
        -2.657480 3.208662 -1.102362,
        -2.897638 5.570867 -1.102362,
        -2.185039 4.389764 -1.102362,
        -2.185039 3.208662 -1.102362,
        -3.610236 4.389764 -1.102362,
        -3.610236 3.208662 -1.102362,
        -3.708661 5.570867 -1.102362,
        -3.137795 4.389764 -1.102362,
        -3.137795 3.208662 -1.102362,
        -3.807086 4.389764 -1.102362,
        -4.279528 4.389764 -1.102362,
        -4.279528 3.208662 -1.102362,
        -3.807086 3.208662 -1.102362,
        -4.910145 -3.433917 -1.102362,
        -4.976378 -3.425197 -1.102362,
        -5.295276 -3.110236 -1.102362,
        -5.197999 -3.809055 -1.102362,
        -5.157330 -3.862055 -1.102362,
        -5.610236 -5.688976 -1.102362,
        -4.795426 -3.862055 -1.102362,
        -4.500000 -5.688976 -1.102362,
        -4.848426 -3.902723 -1.102362,
        -4.910145 -3.928288 -1.102362,
        -4.754757 -3.809055 -1.102362,
        -4.729192 -3.747335 -1.102362,
        -4.720472 -3.681102 -1.102362,
        -5.042611 -3.433917 -1.102362,
        -5.104331 -3.459482 -1.102362,
        -5.610236 -3.110236 -1.102362,
        -5.157330 -3.500150 -1.102362,
        -5.197999 -3.553150 -1.102362,
        -5.104331 -3.902723 -1.102362,
        -5.042611 -3.928288 -1.102362,
        -4.976378 -3.937008 -1.102362,
        -4.729192 -3.614869 -1.102362,
        -4.500000 -1.713031 -1.102362,
        -4.754757 -3.553150 -1.102362,
        -4.795426 -3.500150 -1.102362,
        -5.223564 -3.614869 -1.102362,
        -5.232283 -3.681102 -1.102362,
        -5.223564 -3.747335 -1.102362,
        -3.708661 -2.721341 -1.102362,
        -3.976378 -3.720472 -1.102362,
        -3.976378 -5.688976 -1.102362,
        -2.897638 0.305441 -1.102362,
        -2.980124 -0.002401 -1.102362,
        -3.708661 -0.002401 -1.102362,
        -3.438485 -1.713031 -1.102362,
        -3.708661 -1.713031 -1.102362,
        -2.761361 0.814031 -1.102362,
        4.087811 -5.688976 -1.102362,
        3.976378 -5.688976 -1.102362,
        3.976378 -3.720472 -1.102362,
        4.087811 -1.713031 -1.102362,
        3.718622 -2.758515 -1.102362,
        3.718622 -1.713031 -1.102362,
        3.704219 -2.704760 -1.102362,
        3.704219 -1.713031 -1.102362,
        3.438485 -1.713031 -1.102362,
        3.005906 -0.098620 -1.102362,
        5.610236 -1.889764 -1.102362,
        5.295276 -1.889764 -1.102362,
        5.133128 -1.713031 -1.102362,
        5.295276 -2.637795 -1.102362,
        4.723974 3.014876 -1.102362,
        4.723974 2.066827 -1.102362,
        5.133128 3.014876 -1.102362,
        5.133128 2.066827 -1.102362,
        4.369525 5.688976 -1.102362,
        4.369525 3.014876 -1.102362,
        4.087811 2.066827 -1.102362,
        4.369525 2.066827 -1.102362,
        4.087811 0.971899 -1.102362,
        4.369525 0.971899 -1.102362,
        5.133128 0.971899 -1.102362,
        3.406037 0.000000 -1.102362,
        3.445872 0.110428 -1.102362,
        3.608514 0.110428 -1.102362,
        3.646098 0.000000 -1.102362,
        3.704219 -0.002401 -1.102362,
        3.348422 0.000000 -1.102362,
        3.005906 -0.002401 -1.102362,
        3.502061 0.393701 -1.102362,
        3.554875 0.393701 -1.102362,
        3.703713 0.000000 -1.102362,
        3.718622 -0.002401 -1.102362,
        3.752180 0.107905 -1.102362,
        3.774757 0.072691 -1.102362,
        3.807163 0.041663 -1.102362,
        3.848270 0.017774 -1.102362,
        3.938298 0.393701 -1.102362,
        3.881419 0.387621 -1.102362,
        3.835356 0.371446 -1.102362,
        3.792505 0.342728 -1.102362,
        4.049402 0.393701 -1.102362,
        3.704219 5.570867 -1.102362,
        3.704219 3.799213 -1.102362,
        3.271654 3.799213 -1.102362,
        3.271654 3.014876 -1.102362,
        3.792093 0.342367 -1.102362,
        3.764252 0.311496 -1.102362,
        3.745956 0.277637 -1.102362,
        4.049402 0.000000 -1.102362,
        4.087811 -0.002401 -1.102362,
        3.942349 0.000000 -1.102362,
        3.893635 0.004252 -1.102362,
        3.735381 0.238847 -1.102362,
        3.732520 0.201802 -1.102362,
        3.738045 0.149113 -1.102362,
        4.126221 0.000000 -1.102362,
        4.337475 0.000000 -1.102362,
        4.369525 -0.002401 -1.102362,
        4.337475 0.393701 -1.102362,
        4.126221 0.043211 -1.102362,
        4.135824 0.350490 -1.102362,
        4.135824 0.393701 -1.102362,
        4.284661 0.177645 -1.102362,
        4.284661 0.043211 -1.102362,
        4.145426 0.177645 -1.102362,
        4.145426 0.220857 -1.102362,
        4.284661 0.220857 -1.102362,
        4.284661 0.350490 -1.102362,
        4.740778 0.043211 -1.102362,
        4.740778 0.000000 -1.102362,
        4.942430 0.000000 -1.102362,
        4.889617 0.043211 -1.102362,
        4.889617 0.393701 -1.102362,
        4.942430 0.393701 -1.102362,
        5.133128 -0.002401 -1.102362,
        -5.610236 5.570867 -1.102362,
        -5.610236 3.014876 -1.102362,
        -5.610236 2.066827 -1.102362,
        -5.610236 0.971899 -1.102362,
        -4.500000 0.971899 -1.102362,
        -5.610236 -0.002401 -1.102362,
        -4.500000 -0.002401 -1.102362,
        -4.848426 -3.459482 -1.102362,
        -4.279528 2.066827 -1.102362,
        2.980124 -0.002401 -1.102362,
        4.723974 -1.713031 -1.102362,
        4.703979 3.430927 -1.102362,
        4.723974 3.430927 -1.102362,
        5.610236 2.066827 -1.102362,
        5.610236 0.971899 -1.102362,
        5.610236 -0.002401 -1.102362,
        5.610236 -1.713031 -1.102362,
        5.610236 -2.637795 -1.102362,
        5.610236 -5.688976 -1.102362,
        5.133128 -5.688976 -1.102362,
        4.723974 -5.688976 -1.102362,
        4.822835 -5.688976 -0.787402,
        3.976378 -5.688976 -0.787402,
        -5.606300 -5.688976 -0.078740,
        -5.606300 -3.307087 -0.078740,
        -5.607319 -3.307087 -0.078874,
        -5.607319 -5.688976 -0.078874,
        -5.608268 -3.307087 -0.079268,
        -5.608268 -5.688976 -0.079268,
        -5.609083 -3.307087 -0.079893,
        -5.609083 -5.688976 -0.079893,
        -5.609709 -3.307087 -0.080709,
        -5.609709 -5.688976 -0.080709,
        -5.610102 -3.307087 -0.081658,
        -5.610102 -5.688976 -0.081658,
        -5.610236 -3.307087 -0.082677,
        -5.610236 -5.688976 -0.082677,
        -5.606300 2.834646 -0.078740,
        -5.606300 5.570867 -0.078740,
        -5.607319 5.570867 -0.078874,
        -5.607319 2.834646 -0.078874,
        -5.608268 5.570867 -0.079268,
        -5.608268 2.834646 -0.079268,
        -5.609083 5.570867 -0.079893,
        -5.609083 2.834646 -0.079893,
        -5.609709 5.570867 -0.080709,
        -5.609709 2.834646 -0.080709,
        -5.610102 5.570867 -0.081658,
        -5.610102 2.834646 -0.081658,
        -5.610236 5.570867 -0.082677,
        -5.610236 2.834646 -0.082677,
        5.610236 -2.539370 -0.196850,
        5.610236 -2.637795 -1.023622,
        5.610236 -1.889764 -1.023622,
        5.610236 0.610236 -0.196850,
        5.610236 5.688976 -0.082677,
        5.610236 0.610236 -0.082677,
        5.610102 5.688976 -0.081658,
        5.610102 0.610236 -0.081658,
        5.609709 5.688976 -0.080709,
        5.609709 0.610236 -0.080709,
        5.609083 5.688976 -0.079893,
        5.609083 0.610236 -0.079893,
        5.608268 5.688976 -0.079268,
        5.608268 0.610236 -0.079268,
        5.607319 5.688976 -0.078874,
        5.607319 0.610236 -0.078874,
        5.606300 5.688976 -0.078740,
        5.606300 0.610236 -0.078740,
        4.822835 4.547244 -0.078740,
        4.822835 0.610236 -0.078740,
        -4.822835 4.547244 -0.078740,
        -5.216535 2.834646 -0.078740,
        -5.216535 -0.708661 -0.078740,
        -5.413386 -4.350394 -0.078740,
        -5.098426 -4.350394 -0.078740,
        3.838583 5.688976 -0.078740,
        3.838583 5.570867 -0.078740,
        -5.606300 -0.708661 -0.078740,
        -5.606300 -2.401575 -0.078740,
        -4.822835 -5.688976 -0.078740,
        -5.098426 -5.059055 -0.078740,
        -5.413386 -5.059055 -0.078740,
        -2.897638 5.570867 -0.078740,
        -3.708661 5.570867 -0.078740,
        -4.875984 5.570867 -0.078740,
        2.996063 5.570867 -0.078740,
        2.011811 5.570867 -0.078740,
        1.183071 5.570867 -0.078740,
        0.535433 5.570867 -0.078740,
        -0.114173 5.570867 -0.078740,
        -1.929134 5.570867 -0.078740,
        -5.607319 -0.708661 -0.078874,
        -5.607319 -2.401575 -0.078874,
        -5.608268 -0.708661 -0.079268,
        -5.608268 -2.401575 -0.079268,
        -5.609083 -0.708661 -0.079893,
        -5.609083 -2.401575 -0.079893,
        -5.609709 -0.708661 -0.080709,
        -5.609709 -2.401575 -0.080709,
        -5.610102 -0.708661 -0.081658,
        -5.610102 -2.401575 -0.081658,
        -5.610236 -0.708661 -0.082677,
        -5.610236 -2.401575 -0.082677,
        -5.610236 5.570867 -1.084646,
        -5.610236 -2.362205 -1.023622,
        -5.610236 -3.110236 -1.023622,
        -5.610236 2.834646 -0.866142,
        -5.610236 -0.708661 -0.866142,
        -3.976378 -5.688976 -0.787402,
        -4.551181 -5.688976 -0.787402,
        -4.822835 -5.688976 -0.787402,
      ]
    }
    coordIndex [
      0, 1, 2, -1,
      0, 2, 3, -1,
      3, 2, 4, -1,
      3, 4, 5, -1,
      5, 4, 6, -1,
      5, 6, 7, -1,
      7, 6, 8, -1,
      7, 8, 9, -1,
      9, 8, 10, -1,
      9, 10, 11, -1,
      11, 10, 12, -1,
      11, 12, 13, -1,
      14, 15, 16, -1,
      15, 14, 17, -1,
      17, 14, 13, -1,
      17, 13, 18, -1,
      18, 13, 12, -1,
      18, 12, 16, -1,
      16, 12, 19, -1,
      16, 19, 14, -1,
      20, 21, 22, -1,
      23, 24, 25, -1,
      26, 27, 28, -1,
      29, 30, 31, -1,
      32, 33, 34, -1,
      35, 36, 37, -1,
      37, 36, 20, -1,
      38, 39, 40, -1,
      40, 39, 41, -1,
      42, 43, 20, -1,
      20, 43, 44, -1,
      20, 44, 37, -1,
      37, 44, 45, -1,
      37, 45, 46, -1,
      46, 45, 47, -1,
      46, 47, 48, -1,
      48, 49, 46, -1,
      46, 49, 50, -1,
      46, 50, 51, -1,
      52, 53, 46, -1,
      46, 53, 54, -1,
      55, 56, 57, -1,
      57, 56, 58, -1,
      54, 59, 46, -1,
      46, 59, 58, -1,
      46, 58, 60, -1,
      60, 58, 56, -1,
      51, 61, 46, -1,
      46, 61, 62, -1,
      46, 62, 52, -1,
      41, 63, 40, -1,
      40, 63, 64, -1,
      40, 64, 20, -1,
      20, 64, 65, -1,
      20, 65, 42, -1,
      66, 67, 68, -1,
      68, 67, 69, -1,
      69, 70, 68, -1,
      68, 70, 71, -1,
      68, 71, 72, -1,
      72, 71, 73, -1,
      72, 73, 74, -1,
      74, 73, 75, -1,
      74, 75, 40, -1,
      40, 75, 76, -1,
      40, 76, 38, -1,
      77, 78, 68, -1,
      68, 78, 79, -1,
      68, 79, 66, -1,
      35, 80, 36, -1,
      36, 80, 81, -1,
      36, 81, 82, -1,
      82, 81, 83, -1,
      82, 83, 84, -1,
      84, 83, 85, -1,
      84, 85, 77, -1,
      86, 87, 88, -1,
      89, 90, 91, -1,
      91, 90, 92, -1,
      91, 92, 87, -1,
      87, 92, 93, -1,
      87, 93, 88, -1,
      94, 95, 96, -1,
      88, 97, 86, -1,
      86, 97, 98, -1,
      86, 98, 96, -1,
      96, 98, 99, -1,
      96, 99, 94, -1,
      100, 101, 82, -1,
      82, 101, 102, -1,
      82, 102, 103, -1,
      84, 104, 105, -1,
      105, 106, 84, -1,
      84, 106, 107, -1,
      84, 107, 82, -1,
      82, 107, 108, -1,
      82, 108, 100, -1,
      95, 109, 96, -1,
      96, 109, 110, -1,
      96, 110, 111, -1,
      111, 112, 96, -1,
      96, 112, 113, -1,
      96, 113, 114, -1,
      115, 116, 84, -1,
      84, 116, 117, -1,
      84, 117, 104, -1,
      114, 118, 96, -1,
      96, 118, 119, -1,
      96, 119, 120, -1,
      121, 122, 123, -1,
      123, 122, 124, -1,
      123, 124, 125, -1,
      126, 127, 128, -1,
      128, 127, 129, -1,
      128, 129, 130, -1,
      125, 124, 131, -1,
      131, 124, 132, -1,
      131, 132, 126, -1,
      123, 130, 121, -1,
      121, 130, 129, -1,
      121, 129, 133, -1,
      133, 129, 134, -1,
      135, 136, 137, -1,
      137, 136, 133, -1,
      136, 138, 133, -1,
      133, 138, 139, -1,
      133, 139, 121, -1,
      121, 139, 140, -1,
      121, 140, 141, -1,
      142, 143, 144, -1,
      144, 143, 145, -1,
      144, 145, 137, -1,
      137, 145, 146, -1,
      137, 146, 135, -1,
      134, 129, 147, -1,
      147, 129, 127, -1,
      147, 127, 142, -1,
      148, 149, 150, -1,
      150, 149, 151, -1,
      150, 151, 152, -1,
      152, 151, 153, -1,
      152, 153, 154, -1,
      154, 153, 146, -1,
      154, 146, 155, -1,
      155, 146, 145, -1,
      155, 145, 156, -1,
      156, 145, 143, -1,
      156, 143, 148, -1,
      157, 158, 159, -1,
      159, 158, 153, -1,
      159, 153, 160, -1,
      160, 153, 151, -1,
      160, 151, 161, -1,
      161, 151, 149, -1,
      161, 149, 162, -1,
      162, 149, 163, -1,
      162, 163, 164, -1,
      164, 163, 165, -1,
      164, 165, 157, -1,
      165, 166, 167, -1,
      157, 165, 158, -1,
      158, 165, 167, -1,
      158, 167, 168, -1,
      169, 170, 171, -1,
      171, 170, 172, -1,
      171, 172, 173, -1,
      166, 165, 174, -1,
      174, 165, 163, -1,
      174, 163, 169, -1,
      175, 168, 176, -1,
      176, 168, 177, -1,
      178, 179, 180, -1,
      180, 179, 181, -1,
      180, 181, 176, -1,
      176, 181, 182, -1,
      176, 182, 175, -1,
      183, 184, 170, -1,
      24, 178, 25, -1,
      25, 178, 180, -1,
      25, 180, 34, -1,
      34, 180, 185, -1,
      34, 185, 186, -1,
      186, 185, 187, -1,
      186, 187, 188, -1,
      170, 184, 172, -1,
      172, 184, 189, -1,
      172, 189, 190, -1,
      191, 192, 193, -1,
      193, 192, 194, -1,
      193, 194, 195, -1,
      34, 33, 25, -1,
      25, 33, 196, -1,
      25, 196, 197, -1,
      198, 199, 200, -1,
      200, 199, 201, -1,
      200, 201, 202, -1,
      191, 199, 192, -1,
      192, 199, 198, -1,
      192, 198, 203, -1,
      203, 198, 204, -1,
      203, 204, 205, -1,
      206, 207, 122, -1,
      122, 207, 124, -1,
      124, 207, 208, -1,
      124, 208, 132, -1,
      132, 208, 209, -1,
      132, 209, 31, -1,
      31, 209, 210, -1,
      31, 210, 211, -1,
      21, 212, 213, -1,
      213, 212, 214, -1,
      214, 212, 215, -1,
      215, 212, 216, -1,
      215, 216, 217, -1,
      216, 218, 217, -1,
      217, 218, 219, -1,
      217, 219, 220, -1,
      220, 219, 221, -1,
      220, 221, 222, -1,
      222, 221, 223, -1,
      223, 221, 224, -1,
      223, 224, 225, -1,
      225, 224, 226, -1,
      225, 226, 227, -1,
      228, 229, 230, -1,
      230, 229, 231, -1,
      230, 231, 232, -1,
      233, 234, 170, -1,
      167, 173, 168, -1,
      168, 173, 172, -1,
      168, 172, 177, -1,
      177, 172, 190, -1,
      177, 190, 188, -1,
      188, 190, 183, -1,
      188, 183, 186, -1,
      186, 183, 170, -1,
      186, 170, 235, -1,
      235, 170, 234, -1,
      236, 237, 238, -1,
      239, 240, 186, -1,
      238, 237, 235, -1,
      235, 237, 241, -1,
      235, 241, 186, -1,
      186, 241, 242, -1,
      186, 242, 239, -1,
      236, 243, 237, -1,
      237, 243, 244, -1,
      237, 244, 239, -1,
      239, 244, 245, -1,
      239, 245, 240, -1,
      236, 246, 247, -1,
      247, 246, 248, -1,
      247, 248, 249, -1,
      169, 163, 170, -1,
      170, 163, 250, -1,
      170, 250, 251, -1,
      238, 233, 236, -1,
      236, 233, 170, -1,
      236, 170, 246, -1,
      246, 170, 251, -1,
      252, 253, 149, -1,
      149, 253, 163, -1,
      163, 253, 254, -1,
      163, 254, 255, -1,
      256, 257, 143, -1,
      258, 259, 260, -1,
      148, 143, 149, -1,
      149, 143, 257, -1,
      149, 257, 261, -1,
      261, 260, 149, -1,
      149, 260, 259, -1,
      149, 259, 252, -1,
      252, 259, 262, -1,
      252, 262, 255, -1,
      255, 262, 249, -1,
      255, 249, 163, -1,
      163, 249, 248, -1,
      163, 248, 250, -1,
      263, 264, 127, -1,
      265, 258, 266, -1,
      142, 127, 143, -1,
      143, 127, 264, -1,
      143, 264, 267, -1,
      260, 256, 258, -1,
      258, 256, 143, -1,
      258, 143, 266, -1,
      266, 143, 267, -1,
      268, 269, 132, -1,
      268, 270, 271, -1,
      271, 270, 265, -1,
      126, 132, 127, -1,
      127, 132, 269, -1,
      127, 269, 272, -1,
      266, 263, 265, -1,
      265, 263, 127, -1,
      265, 127, 271, -1,
      271, 127, 272, -1,
      268, 132, 270, -1,
      270, 132, 273, -1,
      270, 273, 30, -1,
      30, 273, 274, -1,
      30, 274, 31, -1,
      31, 274, 275, -1,
      31, 275, 132, -1,
      132, 275, 276, -1,
      132, 276, 273, -1,
      277, 278, 279, -1,
      280, 281, 282, -1,
      283, 284, 285, -1,
      285, 284, 286, -1,
      283, 287, 284, -1,
      284, 287, 288, -1,
      284, 288, 289, -1,
      278, 290, 279, -1,
      279, 290, 291, -1,
      279, 291, 292, -1,
      292, 291, 293, -1,
      292, 293, 294, -1,
      281, 295, 282, -1,
      282, 295, 296, -1,
      282, 296, 284, -1,
      284, 296, 297, -1,
      284, 297, 286, -1,
      289, 298, 299, -1,
      299, 298, 300, -1,
      299, 300, 301, -1,
      294, 302, 292, -1,
      292, 302, 303, -1,
      292, 303, 282, -1,
      282, 303, 304, -1,
      282, 304, 280, -1,
      305, 306, 299, -1,
      289, 299, 284, -1,
      284, 299, 306, -1,
      284, 306, 307, -1,
      308, 309, 310, -1,
      310, 309, 311, -1,
      310, 311, 312, -1,
      310, 122, 308, -1,
      308, 122, 121, -1,
      308, 121, 313, -1,
      313, 121, 141, -1,
      314, 315, 316, -1,
      314, 316, 317, -1,
      317, 316, 318, -1,
      317, 318, 319, -1,
      319, 318, 320, -1,
      319, 320, 321, -1,
      321, 320, 322, -1,
      321, 322, 323, -1,
      324, 325, 326, -1,
      326, 325, 327, -1,
      21, 213, 22, -1,
      22, 213, 328, -1,
      22, 328, 329, -1,
      329, 328, 330, -1,
      329, 330, 331, -1,
      229, 332, 231, -1,
      231, 332, 333, -1,
      231, 333, 334, -1,
      334, 333, 335, -1,
      334, 335, 336, -1,
      336, 335, 337, -1,
      20, 22, 40, -1,
      40, 22, 329, -1,
      40, 329, 74, -1,
      74, 329, 331, -1,
      74, 331, 338, -1,
      339, 340, 341, -1,
      341, 342, 339, -1,
      339, 342, 343, -1,
      339, 343, 344, -1,
      344, 343, 345, -1,
      344, 345, 346, -1,
      346, 345, 25, -1,
      346, 25, 347, -1,
      347, 25, 197, -1,
      347, 197, 348, -1,
      348, 197, 343, -1,
      348, 343, 342, -1,
      196, 195, 197, -1,
      197, 195, 194, -1,
      197, 194, 343, -1,
      343, 194, 349, -1,
      350, 351, 349, -1,
      349, 351, 352, -1,
      349, 352, 353, -1,
      354, 355, 194, -1,
      194, 355, 356, -1,
      194, 356, 357, -1,
      358, 354, 336, -1,
      336, 354, 194, -1,
      336, 194, 334, -1,
      334, 194, 192, -1,
      334, 192, 231, -1,
      231, 192, 203, -1,
      231, 203, 232, -1,
      232, 203, 205, -1,
      232, 205, 359, -1,
      359, 205, 360, -1,
      359, 360, 240, -1,
      240, 360, 361, -1,
      240, 361, 186, -1,
      186, 361, 362, -1,
      186, 362, 34, -1,
      34, 362, 202, -1,
      34, 202, 32, -1,
      32, 202, 201, -1,
      357, 363, 194, -1,
      194, 363, 364, -1,
      194, 364, 365, -1,
      366, 367, 368, -1,
      368, 367, 349, -1,
      368, 349, 369, -1,
      369, 349, 353, -1,
      365, 370, 194, -1,
      194, 370, 371, -1,
      194, 371, 349, -1,
      349, 371, 372, -1,
      349, 372, 350, -1,
      373, 374, 375, -1,
      375, 374, 376, -1,
      375, 376, 337, -1,
      366, 358, 367, -1,
      367, 358, 336, -1,
      367, 336, 377, -1,
      377, 336, 378, -1,
      337, 376, 336, -1,
      336, 376, 379, -1,
      336, 379, 378, -1,
      380, 381, 382, -1,
      382, 381, 377, -1,
      382, 377, 383, -1,
      383, 377, 378, -1,
      383, 378, 384, -1,
      384, 378, 385, -1,
      74, 386, 72, -1,
      72, 386, 387, -1,
      72, 387, 388, -1,
      389, 386, 390, -1,
      390, 386, 74, -1,
      390, 74, 391, -1,
      391, 74, 338, -1,
      391, 338, 388, -1,
      388, 338, 392, -1,
      388, 392, 72, -1,
      393, 29, 394, -1,
      394, 29, 31, -1,
      394, 31, 395, -1,
      395, 31, 211, -1,
      395, 211, 396, -1,
      396, 211, 397, -1,
      396, 397, 398, -1,
      398, 397, 399, -1,
      398, 399, 28, -1,
      28, 399, 299, -1,
      28, 299, 26, -1,
      26, 299, 301, -1,
      26, 301, 279, -1,
      279, 301, 400, -1,
      279, 400, 277, -1,
      210, 401, 211, -1,
      211, 401, 206, -1,
      211, 206, 397, -1,
      397, 206, 122, -1,
      397, 122, 399, -1,
      399, 122, 310, -1,
      399, 310, 299, -1,
      299, 310, 312, -1,
      299, 312, 305, -1,
      305, 312, 311, -1,
      23, 25, 402, -1,
      402, 25, 345, -1,
      402, 345, 323, -1,
      323, 345, 343, -1,
      323, 343, 321, -1,
      321, 343, 349, -1,
      321, 349, 319, -1,
      319, 349, 367, -1,
      319, 367, 317, -1,
      332, 216, 333, -1,
      333, 216, 212, -1,
      333, 212, 335, -1,
      335, 212, 21, -1,
      335, 21, 337, -1,
      337, 21, 20, -1,
      337, 20, 375, -1,
      375, 20, 36, -1,
      375, 36, 91, -1,
      91, 36, 82, -1,
      91, 82, 89, -1,
      89, 82, 103, -1,
      77, 68, 84, -1,
      84, 68, 72, -1,
      84, 72, 403, -1,
      403, 72, 392, -1,
      403, 392, 326, -1,
      214, 404, 213, -1,
      213, 404, 405, -1,
      213, 405, 328, -1,
      328, 405, 227, -1,
      328, 227, 330, -1,
      330, 227, 226, -1,
      330, 226, 331, -1,
      331, 226, 406, -1,
      331, 406, 338, -1,
      338, 406, 407, -1,
      338, 407, 392, -1,
      392, 407, 408, -1,
      392, 408, 326, -1,
      326, 408, 409, -1,
      326, 409, 324, -1,
      377, 373, 367, -1,
      367, 373, 375, -1,
      367, 375, 317, -1,
      317, 375, 91, -1,
      317, 91, 314, -1,
      314, 91, 87, -1,
      410, 411, 327, -1,
      327, 411, 412, -1,
      327, 412, 326, -1,
      326, 412, 413, -1,
      326, 413, 403, -1,
      403, 413, 96, -1,
      403, 96, 84, -1,
      84, 96, 120, -1,
      84, 120, 115, -1,
      11, 13, 0, -1,
      13, 14, 0, -1,
      0, 14, 414, -1,
      0, 414, 411, -1,
      3, 5, 7, -1,
      315, 314, 415, -1,
      415, 314, 87, -1,
      415, 87, 414, -1,
      414, 87, 86, -1,
      414, 86, 96, -1,
      3, 7, 0, -1,
      0, 7, 9, -1,
      0, 9, 11, -1,
      96, 413, 414, -1,
      414, 413, 412, -1,
      414, 412, 411, -1,
      416, 417, 418, -1,
      416, 418, 419, -1,
      419, 418, 420, -1,
      419, 420, 421, -1,
      421, 420, 422, -1,
      421, 422, 423, -1,
      423, 422, 424, -1,
      423, 424, 425, -1,
      425, 424, 426, -1,
      425, 426, 427, -1,
      427, 426, 428, -1,
      427, 428, 429, -1,
      430, 431, 432, -1,
      430, 432, 433, -1,
      433, 432, 434, -1,
      433, 434, 435, -1,
      435, 434, 436, -1,
      435, 436, 437, -1,
      437, 436, 438, -1,
      437, 438, 439, -1,
      439, 438, 440, -1,
      439, 440, 441, -1,
      441, 440, 442, -1,
      441, 442, 443, -1,
      444, 1, 0, -1,
      411, 410, 445, -1,
      446, 447, 445, -1,
      445, 447, 444, -1,
      445, 444, 411, -1,
      411, 444, 0, -1,
      408, 447, 409, -1,
      409, 447, 446, -1,
      409, 446, 324, -1,
      224, 448, 226, -1,
      226, 448, 449, -1,
      226, 449, 406, -1,
      406, 449, 447, -1,
      406, 447, 407, -1,
      407, 447, 408, -1,
      449, 448, 450, -1,
      449, 450, 451, -1,
      451, 450, 452, -1,
      451, 452, 453, -1,
      453, 452, 454, -1,
      453, 454, 455, -1,
      455, 454, 456, -1,
      455, 456, 457, -1,
      457, 456, 458, -1,
      457, 458, 459, -1,
      459, 458, 460, -1,
      459, 460, 461, -1,
      462, 463, 461, -1,
      431, 430, 464, -1,
      464, 430, 465, -1,
      466, 467, 468, -1,
      461, 460, 462, -1,
      462, 460, 469, -1,
      462, 469, 470, -1,
      471, 472, 466, -1,
      466, 472, 417, -1,
      466, 417, 467, -1,
      467, 417, 416, -1,
      465, 466, 464, -1,
      464, 466, 468, -1,
      464, 468, 473, -1,
      473, 468, 474, -1,
      473, 474, 416, -1,
      416, 474, 475, -1,
      416, 475, 467, -1,
      476, 477, 464, -1,
      464, 477, 478, -1,
      464, 478, 431, -1,
      470, 479, 462, -1,
      462, 479, 480, -1,
      462, 480, 481, -1,
      481, 482, 462, -1,
      462, 482, 483, -1,
      462, 483, 464, -1,
      464, 483, 484, -1,
      464, 484, 476, -1,
      472, 471, 485, -1,
      472, 485, 486, -1,
      486, 485, 487, -1,
      486, 487, 488, -1,
      488, 487, 489, -1,
      488, 489, 490, -1,
      490, 489, 491, -1,
      490, 491, 492, -1,
      492, 491, 493, -1,
      492, 493, 494, -1,
      494, 493, 495, -1,
      494, 495, 496, -1,
      497, 393, 394, -1,
      28, 27, 498, -1,
      292, 282, 499, -1,
      499, 282, 429, -1,
      394, 395, 500, -1,
      500, 395, 396, -1,
      500, 396, 501, -1,
      429, 428, 499, -1,
      499, 428, 496, -1,
      499, 496, 498, -1,
      498, 496, 495, -1,
      498, 495, 28, -1,
      28, 495, 501, -1,
      28, 501, 398, -1,
      398, 501, 396, -1,
      497, 394, 442, -1,
      442, 394, 500, -1,
      442, 500, 443, -1,
      307, 502, 284, -1,
      284, 502, 503, -1,
      284, 503, 282, -1,
      282, 503, 504, -1,
      504, 473, 282, -1,
      282, 473, 416, -1,
      282, 416, 429, -1,
      429, 416, 427, -1,
      421, 423, 425, -1,
      427, 416, 425, -1,
      425, 416, 419, -1,
      425, 419, 421, -1,
      448, 224, 221, -1,
      460, 221, 219, -1,
      452, 450, 454, -1,
      454, 450, 448, -1,
      454, 448, 456, -1,
      460, 219, 469, -1,
      469, 219, 218, -1,
      469, 218, 216, -1,
      221, 460, 448, -1,
      448, 460, 458, -1,
      448, 458, 456, -1,
      216, 332, 469, -1,
      469, 332, 229, -1,
      469, 229, 228, -1,
    ]
  }
}

Shape {
  appearance Appearance {
    material Material {
      diffuseColor 0.5020 0.5020 0.5020
      specularColor 0.2510 0.2510 0.2510
      ambientIntensity 0.2
      transparency 0.0000
      shininess 0.5
    }
  }
  geometry IndexedFaceSet {
    ccw TRUE
    solid FALSE
    coord DEF co Coordinate {
      point [
        -5.606300 2.834646 -0.078740,
        -5.607319 2.834646 -0.078874,
        -5.608268 2.834646 -0.079268,
        -5.609083 2.834646 -0.079893,
        -5.609709 2.834646 -0.080709,
        -5.610102 2.834646 -0.081658,
        -5.610236 2.834646 -0.082677,
        -5.216535 2.834646 -0.078740,
        -5.216535 -0.708661 -0.078740,
        -5.606300 -0.708661 -0.078740,
        -5.607319 -0.708661 -0.078874,
        -5.608268 -0.708661 -0.079268,
        -5.609083 -0.708661 -0.079893,
        -5.609709 -0.708661 -0.080709,
        -5.610102 -0.708661 -0.081658,
        -5.610236 -0.708661 -0.082677,
        -5.610236 2.834646 -0.866142,
        -5.610236 -0.708661 -0.866142,
        -5.216535 2.834646 -0.866142,
        -5.216535 -0.708661 -0.866142,
      ]
    }
    coordIndex [
      5, 6, 0, -1,
      16, 18, 6, -1,
      6, 18, 7, -1,
      6, 7, 0, -1,
      0, 1, 2, -1,
      2, 3, 0, -1,
      0, 3, 4, -1,
      0, 4, 5, -1,
      18, 19, 7, -1,
      7, 19, 8, -1,
      19, 17, 8, -1,
      8, 17, 15, -1,
      8, 15, 9, -1,
      9, 15, 14, -1,
      9, 14, 13, -1,
      13, 12, 9, -1,
      9, 12, 11, -1,
      9, 11, 10, -1,
      19, 18, 17, -1,
      17, 18, 16, -1,
    ]
  }
}

Shape {
  appearance Appearance {
    material Material {
      diffuseColor 0.2510 0.2510 0.2510
      specularColor 0.1255 0.1255 0.1255
      ambientIntensity 0.2
      transparency 0.0000
      shininess 0.5
    }
  }
  geometry IndexedFaceSet {
    ccw TRUE
    solid FALSE
    coord DEF co Coordinate {
      point [
        4.822835 -5.688976 -0.078740,
        5.098426 -5.059055 -0.078740,
        5.098426 -4.350394 -0.078740,
        5.413386 -5.059055 -0.078740,
        5.413386 -4.350394 -0.078740,
        4.822835 -2.539370 -0.078740,
        2.761361 0.814031 -1.102362,
        2.695970 0.971899 -1.102362,
        -4.875984 5.570867 -1.102362,
        -4.500000 5.570867 -1.102362,
        -2.000790 1.397638 -1.102362,
        -2.204585 1.370808 -1.102362,
        -2.394491 1.292146 -1.102362,
        -2.557567 1.167013 -1.102362,
        -2.682700 1.003937 -1.102362,
        -2.695970 0.971899 -1.102362,
        -1.929134 1.397638 -1.102362,
        -0.944882 1.397638 -1.102362,
        -0.019685 1.397638 -1.102362,
        1.045276 1.397638 -1.102362,
        2.000790 1.397638 -1.102362,
        2.682700 1.003937 -1.102362,
        2.557567 1.167013 -1.102362,
        2.394491 1.292146 -1.102362,
        2.204585 1.370808 -1.102362,
        3.838583 5.688976 -1.102362,
        3.838583 5.570867 -1.102362,
        3.718622 5.570867 -1.102362,
        1.045276 5.570867 -1.102362,
        3.005906 5.570867 -1.102362,
        1.183071 5.570867 -1.102362,
        2.011811 5.570867 -1.102362,
        2.996063 5.570867 -1.102362,
        0.535433 5.570867 -1.102362,
        -0.019685 5.570867 -1.102362,
        -1.929134 5.570867 -1.102362,
        -0.944882 5.570867 -1.102362,
        -0.114173 5.570867 -1.102362,
        -2.897638 5.570867 -1.102362,
        -3.708661 5.570867 -1.102362,
        -3.708661 -2.721341 -1.102362,
        -3.976378 -3.720472 -1.102362,
        -3.976378 -5.688976 -1.102362,
        -2.897638 0.305441 -1.102362,
        -2.980124 -0.002401 -1.102362,
        -3.438485 -1.713031 -1.102362,
        -2.761361 0.814031 -1.102362,
        3.976378 -5.688976 -1.102362,
        3.976378 -3.720472 -1.102362,
        3.718622 -2.758515 -1.102362,
        3.704219 -2.704760 -1.102362,
        3.438485 -1.713031 -1.102362,
        3.005906 -0.098620 -1.102362,
        3.704219 5.570867 -1.102362,
        -5.610236 5.570867 -1.102362,
        2.980124 -0.002401 -1.102362,
        4.822835 -5.688976 -0.787402,
        3.976378 -5.688976 -0.787402,
        -5.606300 5.570867 -0.078740,
        -5.607319 5.570867 -0.078874,
        -5.608268 5.570867 -0.079268,
        -5.609083 5.570867 -0.079893,
        -5.609709 5.570867 -0.080709,
        -5.610102 5.570867 -0.081658,
        -5.610236 5.570867 -0.082677,
        4.822835 4.547244 -0.078740,
        4.822835 0.610236 -0.078740,
        -4.822835 4.547244 -0.078740,
        -5.413386 -4.350394 -0.078740,
        -5.098426 -4.350394 -0.078740,
        3.838583 5.688976 -0.078740,
        3.838583 5.570867 -0.078740,
        -4.822835 -5.688976 -0.078740,
        -5.098426 -5.059055 -0.078740,
        -5.413386 -5.059055 -0.078740,
        -2.897638 5.570867 -0.078740,
        -3.708661 5.570867 -0.078740,
        -4.875984 5.570867 -0.078740,
        2.996063 5.570867 -0.078740,
        2.011811 5.570867 -0.078740,
        1.183071 5.570867 -0.078740,
        0.535433 5.570867 -0.078740,
        -0.114173 5.570867 -0.078740,
        -1.929134 5.570867 -0.078740,
        -5.610236 5.570867 -1.084646,
        -3.976378 -5.688976 -0.787402,
        -4.551181 -5.688976 -0.787402,
        -4.822835 -5.688976 -0.787402,
        5.098426 -4.350394 -0.669291,
        5.413386 -4.350394 -0.669291,
        5.413386 -5.059055 -0.669291,
        5.098426 -5.059055 -0.669291,
        -5.098426 -4.350394 -0.669291,
        -5.098426 -5.059055 -0.669291,
        -5.413386 -5.059055 -0.669291,
        -5.413386 -4.350394 -0.669291,
        -4.822835 2.066827 -0.787402,
        -4.822835 -2.071840 -0.787402,
        -4.822835 3.014876 -0.787402,
        -4.822835 4.094488 -0.787402,
        -4.822835 4.547244 -0.787402,
        4.822835 -2.539370 -0.196850,
        4.822835 0.610236 -0.196850,
        4.822835 2.066827 -0.787402,
        4.822835 -2.071840 -0.787402,
        4.822835 3.430927 -0.314961,
        4.822835 4.547244 -0.314961,
        4.822835 3.430927 -0.591722,
        4.822835 3.418972 -0.582831,
        4.822835 3.373323 -0.623394,
        4.822835 3.374080 -0.628109,
        4.822835 3.014876 -0.787402,
        4.822835 3.412680 -0.580168,
        4.822835 3.409920 -0.579000,
        4.822835 3.407525 -0.578394,
        4.822835 3.400315 -0.577651,
        4.822835 3.397530 -0.577831,
        4.822835 3.393359 -0.578808,
        4.822835 3.391603 -0.579219,
        4.822835 3.387931 -0.580905,
        4.822835 3.383027 -0.584506,
        4.822835 3.381269 -0.586317,
        4.822835 3.374807 -0.630214,
        4.822835 3.377739 -0.638696,
        4.822835 3.383046 -0.654049,
        4.822835 3.389020 -0.671333,
        4.822835 3.393630 -0.682743,
        4.822835 3.409485 -0.721988,
        4.822835 3.430927 -0.775059,
        4.822835 3.430927 -0.787402,
        4.822835 3.425649 -0.761996,
        4.822835 3.417310 -0.741355,
        4.822835 3.376579 -0.593530,
        4.822835 3.374559 -0.599863,
        4.822835 3.373563 -0.602985,
        4.822835 3.373020 -0.606480,
        4.822835 3.373146 -0.613476,
        4.822835 3.378967 -0.589683,
        4.822835 3.377227 -0.592227,
        3.976378 -3.720472 -0.787402,
        3.534628 -2.071840 -0.787402,
        3.704725 2.147498 -0.787402,
        3.704725 2.066827 -0.787402,
        3.704725 1.545296 -0.787402,
        3.271654 1.545296 -0.787402,
        2.740157 2.821090 -0.787402,
        2.740157 2.066827 -0.787402,
        3.005906 2.066827 -0.787402,
        2.740157 2.065379 -0.787402,
        2.267717 2.065379 -0.787402,
        2.011811 1.396187 -0.787402,
        2.204585 1.370808 -0.787402,
        2.557567 1.167013 -0.787402,
        2.682700 1.003937 -0.787402,
        2.394491 1.292146 -0.787402,
        2.761361 0.814031 -0.787402,
        3.005906 -0.098620 -0.787402,
        1.045276 2.066827 -0.787402,
        1.045276 1.397638 -0.787402,
        2.011811 2.066827 -0.787402,
        2.000790 1.397638 -0.787402,
        -0.019685 2.066827 -0.787402,
        -0.216535 2.066827 -0.787402,
        -0.216535 2.065379 -0.787402,
        -2.761361 0.814031 -0.787402,
        -2.682700 1.003937 -0.787402,
        -2.657480 2.065379 -0.787402,
        -2.204585 1.370808 -0.787402,
        -2.185039 2.065379 -0.787402,
        -2.394491 1.292146 -0.787402,
        -2.557567 1.167013 -0.787402,
        -4.551181 -2.071840 -0.787402,
        -3.976378 -3.720472 -0.787402,
        -3.708661 -2.721341 -0.787402,
        -3.708661 -2.071840 -0.787402,
        -3.534628 -2.071840 -0.787402,
        -3.610236 2.065379 -0.787402,
        -2.897638 0.305441 -0.787402,
        -3.137795 2.065379 -0.787402,
        -2.897638 2.066827 -0.787402,
        4.615683 4.094488 -0.787402,
        4.615683 4.547244 -0.787402,
        3.005906 4.547244 -0.787402,
        3.005906 4.094488 -0.787402,
        3.704725 3.799213 -0.787402,
        4.615683 3.430927 -0.787402,
        3.704725 3.014876 -0.787402,
        -3.807086 3.208662 -0.787402,
        -3.708661 3.014876 -0.787402,
        -3.807086 4.094488 -0.787402,
        -3.708661 4.094488 -0.787402,
        -3.807086 4.389764 -0.787402,
        -3.708661 4.547244 -0.787402,
        -4.279528 4.389764 -0.787402,
        -4.551181 4.547244 -0.787402,
        -4.279528 4.094488 -0.787402,
        -4.551181 4.094488 -0.787402,
        -4.279528 3.208662 -0.787402,
        -4.551181 3.014876 -0.787402,
        -3.708661 2.066827 -0.787402,
        -3.610236 2.066827 -0.787402,
        -3.610236 2.821090 -0.787402,
        -2.897638 3.014876 -0.787402,
        -3.137795 2.821090 -0.787402,
        -3.137795 2.066827 -0.787402,
        -2.000790 1.397638 -0.787402,
        -1.929134 1.397638 -0.787402,
        -2.185039 2.066827 -0.787402,
        -1.929134 2.066827 -0.787402,
        -2.185039 2.821090 -0.787402,
        -1.929134 3.014876 -0.787402,
        -2.657480 2.821090 -0.787402,
        -2.657480 2.066827 -0.787402,
        -1.200787 2.821090 -0.787402,
        -0.944882 3.014876 -0.787402,
        -1.673228 2.821090 -0.787402,
        -1.673228 2.066827 -0.787402,
        -1.673228 2.065379 -0.787402,
        -1.200787 2.065379 -0.787402,
        -0.944882 1.397638 -0.787402,
        -1.200787 2.066827 -0.787402,
        -0.944882 2.066827 -0.787402,
        -0.216535 2.821090 -0.787402,
        -0.019685 3.014876 -0.787402,
        -0.688976 2.821090 -0.787402,
        -0.688976 2.066827 -0.787402,
        -0.688976 2.065379 -0.787402,
        -0.019685 1.397638 -0.787402,
        0.807087 2.821090 -0.787402,
        1.045276 3.014876 -0.787402,
        0.177165 2.821090 -0.787402,
        0.177165 2.066827 -0.787402,
        0.177165 2.065379 -0.787402,
        0.807087 2.065379 -0.787402,
        0.807087 2.066827 -0.787402,
        2.267717 2.066827 -0.787402,
        2.011811 3.014876 -0.787402,
        2.267717 2.821090 -0.787402,
        3.005906 3.014876 -0.787402,
        3.271654 2.147498 -0.787402,
        3.271654 2.066827 -0.787402,
        3.704725 2.618110 -0.787402,
        3.271654 2.618110 -0.787402,
        3.271654 3.014876 -0.787402,
        3.271654 3.799213 -0.787402,
        -1.200787 4.389764 -0.787402,
        -0.944882 4.547244 -0.787402,
        -1.673228 4.389764 -0.787402,
        -1.929134 4.547244 -0.787402,
        -1.673228 4.094488 -0.787402,
        -1.929134 4.094488 -0.787402,
        -1.673228 3.208662 -0.787402,
        -1.200787 3.208662 -0.787402,
        -1.200787 4.094488 -0.787402,
        -0.944882 4.094488 -0.787402,
        -2.185039 4.389764 -0.787402,
        -2.657480 4.389764 -0.787402,
        -2.897638 4.547244 -0.787402,
        -2.657480 4.094488 -0.787402,
        -2.897638 4.094488 -0.787402,
        -2.657480 3.208662 -0.787402,
        -2.185039 3.208662 -0.787402,
        -2.185039 4.094488 -0.787402,
        0.177165 3.208662 -0.787402,
        0.807087 3.208662 -0.787402,
        0.807087 4.094488 -0.787402,
        1.045276 4.094488 -0.787402,
        0.807087 4.389764 -0.787402,
        1.045276 4.547244 -0.787402,
        0.177165 4.389764 -0.787402,
        -0.019685 4.547244 -0.787402,
        0.177165 4.094488 -0.787402,
        -0.019685 4.094488 -0.787402,
        -3.137795 4.389764 -0.787402,
        -3.610236 4.389764 -0.787402,
        -3.610236 4.094488 -0.787402,
        -3.610236 3.208662 -0.787402,
        -3.137795 3.208662 -0.787402,
        -3.137795 4.094488 -0.787402,
        -0.216535 4.389764 -0.787402,
        -0.688976 4.389764 -0.787402,
        -0.688976 4.094488 -0.787402,
        -0.688976 3.208662 -0.787402,
        -0.216535 3.208662 -0.787402,
        -0.216535 4.094488 -0.787402,
        1.755906 4.389764 -0.787402,
        2.011811 4.547244 -0.787402,
        1.283465 4.389764 -0.787402,
        1.283465 4.094488 -0.787402,
        1.283465 3.208662 -0.787402,
        1.755906 3.208662 -0.787402,
        1.755906 4.094488 -0.787402,
        2.011811 4.094488 -0.787402,
        2.740157 4.389764 -0.787402,
        2.267717 4.389764 -0.787402,
        2.267717 4.094488 -0.787402,
        2.267717 3.208662 -0.787402,
        2.740157 3.208662 -0.787402,
        2.740157 4.094488 -0.787402,
        -3.807086 2.066827 -0.787402,
        -3.807086 2.065379 -0.787402,
        -3.807086 2.821090 -0.787402,
        -4.279528 2.821090 -0.787402,
        -4.279528 2.066827 -0.787402,
        -4.551181 2.066827 -0.787402,
        -4.279528 2.065379 -0.787402,
        1.755906 2.821090 -0.787402,
        1.283465 2.821090 -0.787402,
        1.283465 2.068275 -0.787402,
        1.755906 2.068275 -0.787402,
        4.615683 4.547244 -0.314961,
        -1.929134 5.570867 -1.084646,
        -0.114173 5.570867 -1.084646,
        -4.875984 5.570867 -1.084646,
        3.838583 5.570867 -1.084646,
        2.996063 5.570867 -1.084646,
        2.011811 5.570867 -1.084646,
        1.183071 5.570867 -1.084646,
        0.535433 5.570867 -1.084646,
        -3.708661 5.570867 -1.084646,
        3.586614 5.570867 -1.066929,
        3.586614 5.570867 -1.023622,
        3.389764 5.570867 -1.066929,
        3.389764 5.570867 -1.023622,
        2.405512 5.570867 -1.023622,
        2.602362 5.570867 -1.023622,
        2.602362 5.570867 -1.066929,
        2.405512 5.570867 -1.066929,
        1.421260 5.570867 -1.066929,
        1.618110 5.570867 -1.066929,
        1.421260 5.570867 -1.023622,
        1.618110 5.570867 -1.023622,
        0.787402 5.570867 -1.066929,
        0.944882 5.570867 -1.066929,
        0.944882 5.570867 -1.023622,
        0.787402 5.570867 -1.023622,
        0.125984 5.570867 -1.066929,
        0.283465 5.570867 -1.066929,
        0.283465 5.570867 -1.023622,
        0.125984 5.570867 -1.023622,
        -1.535433 5.570867 -1.066929,
        -1.338583 5.570867 -1.066929,
        -1.535433 5.570867 -1.023622,
        -1.338583 5.570867 -1.023622,
        -0.551181 5.570867 -1.066929,
        -0.354331 5.570867 -1.066929,
        -0.354331 5.570867 -1.023622,
        -0.551181 5.570867 -1.023622,
        -2.897638 5.570867 -1.084646,
        -2.519685 5.570867 -1.066929,
        -2.322835 5.570867 -1.066929,
        -2.519685 5.570867 -1.023622,
        -2.322835 5.570867 -1.023622,
        -3.472441 5.570867 -1.066929,
        -3.275591 5.570867 -1.066929,
        -3.472441 5.570867 -1.023622,
        -3.275591 5.570867 -1.023622,
        -3.944882 5.570867 -1.066929,
        -3.944882 5.570867 -1.023622,
        -4.141732 5.570867 -1.066929,
        -4.141732 5.570867 -1.023622,
      ]
    }
    coordIndex [
      88, 89, 2, -1,
      2, 89, 4, -1,
      89, 90, 4, -1,
      4, 90, 3, -1,
      90, 91, 3, -1,
      3, 91, 1, -1,
      91, 88, 1, -1,
      1, 88, 2, -1,
      91, 90, 88, -1,
      88, 90, 89, -1,
      92, 93, 69, -1,
      69, 93, 73, -1,
      93, 94, 73, -1,
      73, 94, 74, -1,
      94, 95, 74, -1,
      74, 95, 68, -1,
      95, 92, 68, -1,
      68, 92, 69, -1,
      95, 94, 92, -1,
      92, 94, 93, -1,
      96, 67, 97, -1,
      97, 67, 72, -1,
      97, 72, 87, -1,
      96, 98, 67, -1,
      67, 98, 99, -1,
      67, 99, 100, -1,
      101, 102, 103, -1,
      0, 5, 56, -1,
      56, 5, 101, -1,
      56, 101, 104, -1,
      104, 101, 103, -1,
      66, 65, 105, -1,
      105, 65, 106, -1,
      105, 107, 108, -1,
      109, 110, 103, -1,
      103, 110, 111, -1,
      108, 112, 105, -1,
      105, 112, 113, -1,
      105, 113, 114, -1,
      114, 115, 105, -1,
      105, 115, 116, -1,
      105, 116, 117, -1,
      117, 118, 105, -1,
      105, 118, 119, -1,
      105, 119, 66, -1,
      66, 119, 120, -1,
      66, 120, 121, -1,
      110, 122, 111, -1,
      111, 122, 123, -1,
      111, 123, 124, -1,
      124, 125, 111, -1,
      111, 125, 126, -1,
      111, 126, 127, -1,
      128, 129, 130, -1,
      130, 129, 111, -1,
      130, 111, 131, -1,
      131, 111, 127, -1,
      132, 133, 66, -1,
      66, 133, 134, -1,
      66, 134, 102, -1,
      102, 134, 135, -1,
      102, 135, 103, -1,
      103, 135, 136, -1,
      103, 136, 109, -1,
      121, 137, 66, -1,
      66, 137, 138, -1,
      66, 138, 132, -1,
      57, 56, 139, -1,
      139, 56, 104, -1,
      139, 104, 140, -1,
      141, 142, 103, -1,
      103, 142, 143, -1,
      103, 143, 104, -1,
      104, 143, 144, -1,
      145, 146, 147, -1,
      147, 146, 148, -1,
      149, 150, 151, -1,
      148, 152, 153, -1,
      149, 151, 148, -1,
      148, 151, 154, -1,
      148, 154, 152, -1,
      153, 155, 148, -1,
      148, 155, 156, -1,
      148, 156, 147, -1,
      157, 158, 159, -1,
      159, 158, 160, -1,
      159, 160, 150, -1,
      161, 162, 163, -1,
      164, 165, 166, -1,
      167, 168, 169, -1,
      169, 168, 166, -1,
      169, 166, 170, -1,
      170, 166, 165, -1,
      171, 86, 85, -1,
      85, 172, 171, -1,
      171, 172, 173, -1,
      171, 173, 174, -1,
      174, 173, 175, -1,
      174, 175, 176, -1,
      176, 175, 177, -1,
      176, 177, 178, -1,
      178, 177, 179, -1,
      180, 181, 182, -1,
      182, 183, 180, -1,
      180, 183, 184, -1,
      180, 184, 185, -1,
      185, 184, 186, -1,
      187, 188, 189, -1,
      189, 188, 190, -1,
      189, 190, 191, -1,
      191, 190, 192, -1,
      191, 192, 193, -1,
      193, 192, 194, -1,
      193, 194, 195, -1,
      195, 194, 196, -1,
      195, 196, 197, -1,
      197, 196, 198, -1,
      197, 198, 187, -1,
      187, 198, 188, -1,
      199, 200, 188, -1,
      188, 200, 201, -1,
      188, 201, 202, -1,
      202, 201, 203, -1,
      202, 203, 179, -1,
      179, 203, 204, -1,
      179, 204, 178, -1,
      167, 205, 168, -1,
      168, 205, 206, -1,
      168, 206, 207, -1,
      207, 206, 208, -1,
      207, 208, 209, -1,
      209, 208, 210, -1,
      209, 210, 211, -1,
      211, 210, 202, -1,
      211, 202, 212, -1,
      212, 202, 179, -1,
      212, 179, 166, -1,
      166, 179, 177, -1,
      166, 177, 164, -1,
      213, 214, 215, -1,
      215, 214, 210, -1,
      215, 210, 216, -1,
      216, 210, 208, -1,
      216, 208, 217, -1,
      217, 208, 206, -1,
      217, 206, 218, -1,
      218, 206, 219, -1,
      218, 219, 220, -1,
      220, 219, 221, -1,
      220, 221, 213, -1,
      213, 221, 214, -1,
      162, 161, 222, -1,
      222, 161, 223, -1,
      222, 223, 224, -1,
      224, 223, 214, -1,
      224, 214, 225, -1,
      225, 214, 221, -1,
      225, 221, 226, -1,
      226, 221, 219, -1,
      226, 219, 163, -1,
      163, 219, 227, -1,
      163, 227, 161, -1,
      228, 229, 230, -1,
      230, 229, 223, -1,
      230, 223, 231, -1,
      231, 223, 161, -1,
      231, 161, 232, -1,
      232, 161, 227, -1,
      232, 227, 233, -1,
      233, 227, 158, -1,
      233, 158, 234, -1,
      234, 158, 157, -1,
      234, 157, 228, -1,
      228, 157, 229, -1,
      150, 149, 159, -1,
      159, 149, 235, -1,
      159, 235, 236, -1,
      236, 235, 237, -1,
      236, 237, 238, -1,
      237, 145, 238, -1,
      238, 145, 147, -1,
      238, 147, 239, -1,
      140, 104, 156, -1,
      156, 104, 144, -1,
      156, 144, 147, -1,
      147, 144, 240, -1,
      147, 240, 239, -1,
      241, 111, 186, -1,
      186, 111, 129, -1,
      186, 129, 185, -1,
      103, 111, 141, -1,
      141, 111, 241, -1,
      141, 241, 239, -1,
      239, 241, 242, -1,
      239, 242, 238, -1,
      238, 242, 243, -1,
      238, 243, 183, -1,
      183, 243, 244, -1,
      183, 244, 184, -1,
      245, 246, 247, -1,
      247, 246, 248, -1,
      247, 248, 249, -1,
      249, 248, 250, -1,
      249, 250, 251, -1,
      251, 250, 210, -1,
      251, 210, 252, -1,
      252, 210, 214, -1,
      252, 214, 253, -1,
      253, 214, 254, -1,
      253, 254, 245, -1,
      245, 254, 246, -1,
      255, 248, 256, -1,
      256, 248, 257, -1,
      256, 257, 258, -1,
      258, 257, 259, -1,
      258, 259, 260, -1,
      260, 259, 202, -1,
      260, 202, 261, -1,
      261, 202, 210, -1,
      261, 210, 262, -1,
      262, 210, 250, -1,
      262, 250, 255, -1,
      255, 250, 248, -1,
      263, 223, 264, -1,
      264, 223, 229, -1,
      264, 229, 265, -1,
      265, 229, 266, -1,
      265, 266, 267, -1,
      267, 266, 268, -1,
      267, 268, 269, -1,
      269, 268, 270, -1,
      269, 270, 271, -1,
      271, 270, 272, -1,
      271, 272, 263, -1,
      263, 272, 223, -1,
      273, 257, 274, -1,
      274, 257, 192, -1,
      274, 192, 275, -1,
      275, 192, 190, -1,
      275, 190, 276, -1,
      276, 190, 188, -1,
      276, 188, 277, -1,
      277, 188, 202, -1,
      277, 202, 278, -1,
      278, 202, 259, -1,
      278, 259, 273, -1,
      273, 259, 257, -1,
      279, 270, 280, -1,
      280, 270, 246, -1,
      280, 246, 281, -1,
      281, 246, 254, -1,
      281, 254, 282, -1,
      282, 254, 214, -1,
      282, 214, 283, -1,
      283, 214, 223, -1,
      283, 223, 284, -1,
      284, 223, 272, -1,
      284, 272, 279, -1,
      279, 272, 270, -1,
      285, 286, 287, -1,
      287, 286, 268, -1,
      287, 268, 288, -1,
      288, 268, 266, -1,
      288, 266, 289, -1,
      289, 266, 229, -1,
      289, 229, 290, -1,
      290, 229, 236, -1,
      290, 236, 291, -1,
      291, 236, 292, -1,
      291, 292, 285, -1,
      285, 292, 286, -1,
      293, 182, 294, -1,
      294, 182, 286, -1,
      294, 286, 295, -1,
      295, 286, 292, -1,
      295, 292, 296, -1,
      296, 292, 236, -1,
      296, 236, 297, -1,
      297, 236, 238, -1,
      297, 238, 298, -1,
      298, 238, 183, -1,
      298, 183, 293, -1,
      293, 183, 182, -1,
      199, 299, 300, -1,
      299, 199, 301, -1,
      301, 199, 188, -1,
      301, 188, 302, -1,
      302, 188, 198, -1,
      302, 198, 303, -1,
      303, 198, 304, -1,
      303, 304, 305, -1,
      305, 304, 171, -1,
      305, 171, 300, -1,
      300, 171, 174, -1,
      300, 174, 199, -1,
      199, 174, 176, -1,
      199, 176, 200, -1,
      87, 86, 97, -1,
      97, 86, 171, -1,
      97, 171, 96, -1,
      96, 171, 304, -1,
      96, 304, 98, -1,
      98, 304, 198, -1,
      98, 198, 99, -1,
      99, 198, 196, -1,
      99, 196, 100, -1,
      100, 196, 194, -1,
      306, 236, 307, -1,
      307, 236, 229, -1,
      307, 229, 308, -1,
      308, 229, 157, -1,
      308, 157, 309, -1,
      309, 157, 159, -1,
      309, 159, 306, -1,
      306, 159, 236, -1,
      182, 181, 310, -1,
      106, 65, 310, -1,
      310, 65, 67, -1,
      100, 194, 67, -1,
      67, 194, 192, -1,
      192, 257, 67, -1,
      67, 257, 248, -1,
      67, 248, 246, -1,
      246, 270, 67, -1,
      67, 270, 268, -1,
      67, 268, 310, -1,
      310, 268, 286, -1,
      310, 286, 182, -1,
      36, 35, 311, -1,
      34, 37, 312, -1,
      77, 313, 58, -1,
      58, 313, 84, -1,
      84, 64, 58, -1,
      58, 64, 63, -1,
      58, 63, 62, -1,
      62, 61, 58, -1,
      58, 61, 60, -1,
      58, 60, 59, -1,
      26, 27, 314, -1,
      314, 27, 53, -1,
      314, 53, 315, -1,
      31, 316, 32, -1,
      32, 316, 315, -1,
      32, 315, 29, -1,
      29, 315, 53, -1,
      317, 30, 28, -1,
      317, 28, 318, -1,
      318, 28, 33, -1,
      318, 33, 34, -1,
      54, 84, 8, -1,
      8, 84, 313, -1,
      8, 313, 9, -1,
      9, 313, 319, -1,
      9, 319, 39, -1,
      314, 320, 321, -1,
      320, 314, 322, -1,
      322, 314, 315, -1,
      322, 315, 323, -1,
      323, 315, 78, -1,
      323, 78, 321, -1,
      321, 78, 71, -1,
      321, 71, 314, -1,
      324, 79, 325, -1,
      325, 79, 78, -1,
      325, 78, 326, -1,
      326, 78, 315, -1,
      326, 315, 327, -1,
      327, 315, 316, -1,
      327, 316, 324, -1,
      324, 316, 79, -1,
      317, 328, 329, -1,
      330, 80, 331, -1,
      331, 80, 79, -1,
      331, 79, 329, -1,
      329, 79, 316, -1,
      329, 316, 317, -1,
      317, 316, 31, -1,
      317, 31, 30, -1,
      318, 332, 317, -1,
      317, 332, 333, -1,
      317, 333, 334, -1,
      335, 81, 334, -1,
      334, 81, 80, -1,
      334, 80, 317, -1,
      317, 80, 330, -1,
      317, 330, 328, -1,
      312, 336, 337, -1,
      34, 312, 318, -1,
      318, 312, 337, -1,
      318, 337, 338, -1,
      336, 312, 339, -1,
      339, 312, 82, -1,
      339, 82, 338, -1,
      338, 82, 81, -1,
      338, 81, 318, -1,
      318, 81, 335, -1,
      318, 335, 332, -1,
      311, 340, 341, -1,
      340, 311, 342, -1,
      342, 311, 83, -1,
      342, 83, 343, -1,
      344, 345, 312, -1,
      312, 345, 346, -1,
      312, 346, 82, -1,
      82, 346, 347, -1,
      83, 82, 343, -1,
      343, 82, 347, -1,
      343, 347, 341, -1,
      341, 347, 344, -1,
      341, 344, 311, -1,
      311, 344, 312, -1,
      311, 312, 36, -1,
      36, 312, 37, -1,
      348, 349, 350, -1,
      349, 348, 351, -1,
      351, 348, 75, -1,
      351, 75, 352, -1,
      352, 75, 83, -1,
      352, 83, 350, -1,
      350, 83, 311, -1,
      350, 311, 348, -1,
      348, 311, 35, -1,
      348, 35, 38, -1,
      319, 353, 354, -1,
      355, 76, 356, -1,
      356, 76, 75, -1,
      356, 75, 354, -1,
      354, 75, 348, -1,
      354, 348, 319, -1,
      319, 348, 38, -1,
      319, 38, 39, -1,
      319, 357, 358, -1,
      357, 319, 359, -1,
      359, 319, 313, -1,
      359, 313, 360, -1,
      360, 313, 77, -1,
      360, 77, 358, -1,
      358, 77, 76, -1,
      358, 76, 319, -1,
      319, 76, 355, -1,
      319, 355, 353, -1,
      71, 70, 314, -1,
      314, 70, 25, -1,
      314, 25, 26, -1,
      47, 57, 48, -1,
      48, 57, 139, -1,
      156, 155, 6, -1,
      6, 55, 156, -1,
      156, 55, 52, -1,
      156, 52, 140, -1,
      140, 52, 51, -1,
      48, 139, 49, -1,
      49, 139, 140, -1,
      49, 140, 50, -1,
      50, 140, 51, -1,
      160, 20, 150, -1,
      150, 20, 24, -1,
      150, 24, 151, -1,
      151, 24, 154, -1,
      154, 24, 23, -1,
      154, 23, 152, -1,
      152, 23, 22, -1,
      152, 22, 153, -1,
      6, 155, 7, -1,
      7, 155, 153, -1,
      7, 153, 21, -1,
      21, 153, 22, -1,
      20, 160, 19, -1,
      19, 160, 158, -1,
      19, 158, 18, -1,
      18, 158, 227, -1,
      18, 227, 17, -1,
      17, 227, 219, -1,
      17, 219, 16, -1,
      16, 219, 206, -1,
      16, 206, 10, -1,
      10, 206, 205, -1,
      10, 205, 11, -1,
      11, 205, 167, -1,
      11, 167, 12, -1,
      12, 167, 169, -1,
      12, 169, 13, -1,
      13, 169, 170, -1,
      13, 170, 14, -1,
      14, 170, 165, -1,
      14, 165, 15, -1,
      15, 165, 164, -1,
      15, 164, 46, -1,
      172, 41, 173, -1,
      173, 41, 40, -1,
      173, 40, 175, -1,
      175, 40, 45, -1,
      175, 45, 177, -1,
      46, 164, 43, -1,
      43, 164, 177, -1,
      43, 177, 44, -1,
      44, 177, 45, -1,
      41, 172, 42, -1,
      42, 172, 85, -1,
    ]
  }
}

Shape {
  appearance Appearance {
    material Material {
      diffuseColor 0.5020 0.5020 0.5020
      specularColor 0.2510 0.2510 0.2510
      ambientIntensity 0.2
      transparency 0.0000
      shininess 0.5
    }
  }
  geometry IndexedFaceSet {
    ccw TRUE
    solid FALSE
    coord DEF co Coordinate {
      point [
        4.404258 -3.882584 -1.102362,
        4.407935 -3.470743 -1.102362,
        4.404258 -3.479620 -1.102362,
        4.401575 -3.500000 -1.102362,
        4.401575 -3.862204 -1.102362,
        4.440945 -3.930396 -1.102362,
        4.459936 -3.938262 -1.102362,
        4.407935 -3.891461 -1.102362,
        4.412124 -3.901575 -1.102362,
        4.424637 -3.917882 -1.102362,
        4.459936 -3.423943 -1.102362,
        4.440945 -3.431809 -1.102362,
        4.424637 -3.444322 -1.102362,
        4.412124 -3.460630 -1.102362,
        4.677725 -3.444322 -1.102362,
        4.661417 -3.431809 -1.102362,
        4.642427 -3.423943 -1.102362,
        4.622047 -3.421260 -1.102362,
        4.480315 -3.421260 -1.102362,
        4.480315 -3.940945 -1.102362,
        4.622047 -3.940945 -1.102362,
        4.700787 -3.500000 -1.102362,
        4.698105 -3.479620 -1.102362,
        4.690238 -3.460630 -1.102362,
        4.700787 -3.862204 -1.102362,
        -4.910145 -3.433917 -1.102362,
        -4.976378 -3.425197 -1.102362,
        -5.197999 -3.809055 -1.102362,
        -5.157330 -3.862055 -1.102362,
        -4.795426 -3.862055 -1.102362,
        -4.848426 -3.902723 -1.102362,
        -4.910145 -3.928288 -1.102362,
        -4.754757 -3.809055 -1.102362,
        -4.729192 -3.747335 -1.102362,
        -4.720472 -3.681102 -1.102362,
        -5.042611 -3.433917 -1.102362,
        -5.104331 -3.459482 -1.102362,
        -5.157330 -3.500150 -1.102362,
        -5.197999 -3.553150 -1.102362,
        -5.104331 -3.902723 -1.102362,
        -5.042611 -3.928288 -1.102362,
        -4.976378 -3.937008 -1.102362,
        -4.729192 -3.614869 -1.102362,
        -4.754757 -3.553150 -1.102362,
        -4.795426 -3.500150 -1.102362,
        -5.223564 -3.614869 -1.102362,
        -5.232283 -3.681102 -1.102362,
        -5.223564 -3.747335 -1.102362,
        -4.848426 -3.459482 -1.102362,
        -4.910145 -3.928288 -1.279528,
        -4.848426 -3.902723 -1.279528,
        -4.795426 -3.862055 -1.279528,
        -4.754757 -3.809055 -1.279528,
        -4.729192 -3.747335 -1.279528,
        -4.720472 -3.681102 -1.279528,
        -4.729192 -3.614869 -1.279528,
        -4.754757 -3.553150 -1.279528,
        -4.795426 -3.500150 -1.279528,
        -4.848426 -3.459482 -1.279528,
        -4.910145 -3.433917 -1.279528,
        -4.976378 -3.425197 -1.279528,
        -5.042611 -3.433917 -1.279528,
        -5.104331 -3.459482 -1.279528,
        -5.157330 -3.500150 -1.279528,
        -5.197999 -3.553150 -1.279528,
        -5.223564 -3.614869 -1.279528,
        -5.232283 -3.681102 -1.279528,
        -5.223564 -3.747335 -1.279528,
        -5.197999 -3.809055 -1.279528,
        -5.157330 -3.862055 -1.279528,
        -5.104331 -3.902723 -1.279528,
        -5.042611 -3.928288 -1.279528,
        -4.976378 -3.937008 -1.279528,
        -5.064961 -3.527673 -1.358268,
        -5.022232 -3.509974 -1.358268,
        -4.976378 -3.681102 -1.358268,
        -4.976378 -3.503937 -1.358268,
        -4.930524 -3.509974 -1.358268,
        -5.147506 -3.635249 -1.358268,
        -5.129808 -3.592520 -1.358268,
        -5.101653 -3.555827 -1.358268,
        -5.129808 -3.769685 -1.358268,
        -5.147506 -3.726956 -1.358268,
        -5.153543 -3.681102 -1.358268,
        -5.022232 -3.852231 -1.358268,
        -5.064961 -3.834532 -1.358268,
        -5.101653 -3.806378 -1.358268,
        -4.887795 -3.834532 -1.358268,
        -4.930524 -3.852231 -1.358268,
        -4.976378 -3.858268 -1.358268,
        -4.805250 -3.726956 -1.358268,
        -4.822948 -3.769685 -1.358268,
        -4.851103 -3.806378 -1.358268,
        -4.822948 -3.592520 -1.358268,
        -4.805250 -3.635249 -1.358268,
        -4.799213 -3.681102 -1.358268,
        -4.887795 -3.527673 -1.358268,
        -4.851103 -3.555827 -1.358268,
        4.480315 -3.940945 -1.279528,
        4.459936 -3.938262 -1.279528,
        4.440945 -3.930396 -1.279528,
        4.424637 -3.917882 -1.279528,
        4.412124 -3.901575 -1.279528,
        4.404258 -3.882584 -1.279528,
        4.401575 -3.862204 -1.279528,
        4.401575 -3.500000 -1.279528,
        4.404258 -3.479620 -1.279528,
        4.412124 -3.460630 -1.279528,
        4.424637 -3.444322 -1.279528,
        4.440945 -3.431809 -1.279528,
        4.459936 -3.423943 -1.279528,
        4.480315 -3.421260 -1.279528,
        4.622047 -3.421260 -1.279528,
        4.642427 -3.423943 -1.279528,
        4.661417 -3.431809 -1.279528,
        4.677725 -3.444322 -1.279528,
        4.690238 -3.460630 -1.279528,
        4.698105 -3.479620 -1.279528,
        4.700787 -3.500000 -1.279528,
        4.700787 -3.862204 -1.279528,
        4.698105 -3.882584 -1.102362,
        4.698105 -3.882584 -1.279528,
        4.690238 -3.901575 -1.102362,
        4.690238 -3.901575 -1.279528,
        4.677725 -3.917882 -1.102362,
        4.677725 -3.917882 -1.279528,
        4.661417 -3.930396 -1.102362,
        4.661417 -3.930396 -1.279528,
        4.642427 -3.938262 -1.102362,
        4.642427 -3.938262 -1.279528,
        4.622047 -3.940945 -1.279528,
        4.480315 -3.862204 -1.358268,
        4.480315 -3.500000 -1.358268,
        4.622047 -3.862204 -1.358268,
        4.622047 -3.500000 -1.358268,
      ]
    }
    coordIndex [
      41, 49, 31, -1,
      31, 49, 50, -1,
      31, 50, 30, -1,
      30, 50, 51, -1,
      30, 51, 29, -1,
      29, 51, 52, -1,
      29, 52, 32, -1,
      32, 52, 53, -1,
      32, 53, 33, -1,
      33, 53, 54, -1,
      33, 54, 34, -1,
      34, 54, 55, -1,
      34, 55, 42, -1,
      42, 55, 56, -1,
      42, 56, 43, -1,
      43, 56, 57, -1,
      43, 57, 44, -1,
      44, 57, 58, -1,
      44, 58, 48, -1,
      48, 58, 59, -1,
      48, 59, 25, -1,
      25, 59, 60, -1,
      25, 60, 26, -1,
      26, 60, 61, -1,
      26, 61, 35, -1,
      35, 61, 62, -1,
      35, 62, 36, -1,
      36, 62, 63, -1,
      36, 63, 37, -1,
      37, 63, 64, -1,
      37, 64, 38, -1,
      38, 64, 65, -1,
      38, 65, 45, -1,
      45, 65, 66, -1,
      45, 66, 46, -1,
      46, 66, 67, -1,
      46, 67, 47, -1,
      47, 67, 68, -1,
      47, 68, 27, -1,
      27, 68, 69, -1,
      27, 69, 28, -1,
      28, 69, 70, -1,
      28, 70, 39, -1,
      39, 70, 71, -1,
      39, 71, 40, -1,
      40, 71, 72, -1,
      40, 72, 41, -1,
      41, 72, 49, -1,
      73, 74, 75, -1,
      75, 74, 76, -1,
      75, 76, 77, -1,
      78, 79, 75, -1,
      75, 79, 80, -1,
      75, 80, 73, -1,
      81, 82, 75, -1,
      75, 82, 83, -1,
      75, 83, 78, -1,
      84, 85, 75, -1,
      75, 85, 86, -1,
      75, 86, 81, -1,
      87, 88, 75, -1,
      75, 88, 89, -1,
      75, 89, 84, -1,
      90, 91, 75, -1,
      75, 91, 92, -1,
      75, 92, 87, -1,
      93, 94, 75, -1,
      75, 94, 95, -1,
      75, 95, 90, -1,
      77, 96, 75, -1,
      75, 96, 97, -1,
      75, 97, 93, -1,
      98, 19, 6, -1,
      98, 6, 99, -1,
      99, 6, 5, -1,
      99, 5, 100, -1,
      100, 5, 9, -1,
      100, 9, 101, -1,
      101, 9, 8, -1,
      101, 8, 102, -1,
      102, 8, 7, -1,
      102, 7, 103, -1,
      7, 0, 103, -1,
      103, 0, 4, -1,
      103, 4, 104, -1,
      104, 4, 105, -1,
      105, 4, 3, -1,
      105, 3, 2, -1,
      105, 2, 106, -1,
      106, 2, 1, -1,
      106, 1, 107, -1,
      1, 13, 107, -1,
      107, 13, 12, -1,
      107, 12, 108, -1,
      108, 12, 11, -1,
      108, 11, 109, -1,
      109, 11, 10, -1,
      109, 10, 110, -1,
      110, 10, 18, -1,
      110, 18, 111, -1,
      111, 18, 112, -1,
      112, 18, 17, -1,
      112, 17, 16, -1,
      112, 16, 113, -1,
      113, 16, 15, -1,
      113, 15, 114, -1,
      114, 15, 14, -1,
      114, 14, 115, -1,
      115, 14, 23, -1,
      115, 23, 116, -1,
      116, 23, 22, -1,
      116, 22, 117, -1,
      117, 22, 21, -1,
      117, 21, 118, -1,
      118, 21, 119, -1,
      119, 21, 24, -1,
      119, 24, 120, -1,
      119, 120, 121, -1,
      121, 120, 122, -1,
      121, 122, 123, -1,
      123, 122, 124, -1,
      123, 124, 125, -1,
      125, 124, 126, -1,
      125, 126, 127, -1,
      127, 126, 128, -1,
      127, 128, 129, -1,
      129, 128, 20, -1,
      129, 20, 130, -1,
      130, 20, 98, -1,
      98, 20, 19, -1,
      131, 132, 133, -1,
      133, 132, 134, -1,
      112, 134, 111, -1,
      111, 134, 132, -1,
      117, 118, 134, -1,
      117, 134, 116, -1,
      115, 116, 134, -1,
      114, 115, 134, -1,
      113, 114, 134, -1,
      112, 113, 134, -1,
      110, 111, 132, -1,
      110, 132, 109, -1,
      108, 109, 132, -1,
      107, 108, 132, -1,
      106, 107, 132, -1,
      105, 106, 132, -1,
      119, 133, 118, -1,
      118, 133, 134, -1,
      131, 104, 132, -1,
      132, 104, 105, -1,
      129, 130, 133, -1,
      129, 133, 127, -1,
      125, 127, 133, -1,
      123, 125, 133, -1,
      121, 123, 133, -1,
      119, 121, 133, -1,
      103, 104, 131, -1,
      103, 131, 102, -1,
      101, 102, 131, -1,
      100, 101, 131, -1,
      99, 100, 131, -1,
      98, 99, 131, -1,
      98, 131, 130, -1,
      130, 131, 133, -1,
      54, 94, 55, -1,
      55, 94, 93, -1,
      55, 93, 56, -1,
      56, 93, 97, -1,
      56, 97, 57, -1,
      57, 97, 96, -1,
      57, 96, 58, -1,
      58, 96, 77, -1,
      58, 77, 59, -1,
      59, 77, 76, -1,
      59, 76, 60, -1,
      60, 76, 74, -1,
      60, 74, 61, -1,
      61, 74, 73, -1,
      61, 73, 62, -1,
      62, 73, 80, -1,
      62, 80, 63, -1,
      63, 80, 79, -1,
      63, 79, 64, -1,
      64, 79, 78, -1,
      64, 78, 65, -1,
      65, 78, 83, -1,
      65, 83, 66, -1,
      66, 83, 82, -1,
      66, 82, 67, -1,
      67, 82, 81, -1,
      67, 81, 68, -1,
      68, 81, 86, -1,
      68, 86, 69, -1,
      69, 86, 85, -1,
      69, 85, 70, -1,
      70, 85, 84, -1,
      70, 84, 71, -1,
      71, 84, 89, -1,
      71, 89, 72, -1,
      72, 89, 88, -1,
      72, 88, 49, -1,
      49, 88, 87, -1,
      49, 87, 50, -1,
      50, 87, 92, -1,
      50, 92, 51, -1,
      51, 92, 91, -1,
      51, 91, 52, -1,
      52, 91, 90, -1,
      52, 90, 53, -1,
      53, 90, 95, -1,
      53, 95, 54, -1,
      54, 95, 94, -1,
    ]
  }
}

Shape {
  appearance Appearance {
    material Material {
      diffuseColor 1.0000 1.0000 1.0000
      specularColor 0.5020 0.5020 0.5020
      ambientIntensity 0.2
      transparency 0.0000
      shininess 0.5
    }
  }
  geometry IndexedFaceSet {
    ccw TRUE
    solid FALSE
    coord DEF co Coordinate {
      point [
        3.586614 5.570867 -1.066929,
        3.586614 5.570867 -1.023622,
        3.389764 5.570867 -1.066929,
        3.389764 5.570867 -1.023622,
        2.405512 5.570867 -1.023622,
        2.602362 5.570867 -1.023622,
        2.602362 5.570867 -1.066929,
        2.405512 5.570867 -1.066929,
        1.421260 5.570867 -1.066929,
        1.618110 5.570867 -1.066929,
        1.421260 5.570867 -1.023622,
        1.618110 5.570867 -1.023622,
        0.787402 5.570867 -1.066929,
        0.944882 5.570867 -1.066929,
        0.944882 5.570867 -1.023622,
        0.787402 5.570867 -1.023622,
        0.125984 5.570867 -1.066929,
        0.283465 5.570867 -1.066929,
        0.283465 5.570867 -1.023622,
        0.125984 5.570867 -1.023622,
        -1.535433 5.570867 -1.066929,
        -1.338583 5.570867 -1.066929,
        -1.535433 5.570867 -1.023622,
        -1.338583 5.570867 -1.023622,
        -0.551181 5.570867 -1.066929,
        -0.354331 5.570867 -1.066929,
        -0.354331 5.570867 -1.023622,
        -0.551181 5.570867 -1.023622,
        -2.519685 5.570867 -1.066929,
        -2.322835 5.570867 -1.066929,
        -2.519685 5.570867 -1.023622,
        -2.322835 5.570867 -1.023622,
        -3.472441 5.570867 -1.066929,
        -3.275591 5.570867 -1.066929,
        -3.472441 5.570867 -1.023622,
        -3.275591 5.570867 -1.023622,
        -3.944882 5.570867 -1.066929,
        -3.944882 5.570867 -1.023622,
        -4.141732 5.570867 -1.066929,
        -4.141732 5.570867 -1.023622,
        -3.944882 6.141732 -1.106299,
        -4.141732 6.141732 -1.106299,
        -3.944882 6.141732 -1.062992,
        -4.141732 6.141732 -1.062992,
        -4.141732 5.748031 -1.062992,
        -4.141732 5.748031 -1.106299,
        -4.141732 5.708661 -1.066929,
        -4.141732 5.708661 -1.023622,
        -4.141732 5.737842 -1.104957,
        -4.141732 5.728346 -1.101024,
        -4.141732 5.720193 -1.094768,
        -4.141732 5.718851 -1.024963,
        -4.141732 5.728346 -1.028897,
        -4.141732 5.736500 -1.035153,
        -4.141732 5.713936 -1.086614,
        -4.141732 5.710003 -1.077119,
        -4.141732 5.746690 -1.052802,
        -4.141732 5.742757 -1.043307,
        -3.944882 5.748031 -1.106299,
        -3.944882 5.748031 -1.062992,
        -3.944882 5.742757 -1.043307,
        -3.944882 5.736500 -1.035153,
        -3.944882 5.708661 -1.066929,
        -3.944882 5.720193 -1.094768,
        -3.944882 5.728346 -1.101024,
        -3.944882 5.737842 -1.104957,
        -3.944882 5.708661 -1.023622,
        -3.944882 5.728346 -1.028897,
        -3.944882 5.718851 -1.024963,
        -3.944882 5.746690 -1.052802,
        -3.944882 5.710003 -1.077119,
        -3.944882 5.713936 -1.086614,
        -3.275591 6.141732 -1.106299,
        -3.275591 6.141732 -1.062992,
        -3.275591 5.748031 -1.106299,
        -3.275591 5.748031 -1.062992,
        -3.275591 5.742757 -1.043307,
        -3.275591 5.736500 -1.035153,
        -3.275591 5.708661 -1.066929,
        -3.275591 5.720193 -1.094768,
        -3.275591 5.728346 -1.101024,
        -3.275591 5.737842 -1.104957,
        -3.275591 5.708661 -1.023622,
        -3.275591 5.728346 -1.028897,
        -3.275591 5.718851 -1.024963,
        -3.275591 5.746690 -1.052802,
        -3.275591 5.710003 -1.077119,
        -3.275591 5.713936 -1.086614,
        -3.472441 6.141732 -1.106299,
        -3.472441 6.141732 -1.062992,
        -3.472441 5.748031 -1.062992,
        -3.472441 5.748031 -1.106299,
        -3.472441 5.708661 -1.066929,
        -3.472441 5.708661 -1.023622,
        -3.472441 5.737842 -1.104957,
        -3.472441 5.728346 -1.101024,
        -3.472441 5.720193 -1.094768,
        -3.472441 5.718851 -1.024963,
        -3.472441 5.728346 -1.028897,
        -3.472441 5.736500 -1.035153,
        -3.472441 5.713936 -1.086614,
        -3.472441 5.710003 -1.077119,
        -3.472441 5.746690 -1.052802,
        -3.472441 5.742757 -1.043307,
        -2.322835 6.141732 -1.106299,
        -2.519685 6.141732 -1.106299,
        -2.322835 6.141732 -1.062992,
        -2.519685 6.141732 -1.062992,
        -2.519685 5.748031 -1.062992,
        -2.519685 5.748031 -1.106299,
        -2.519685 5.708661 -1.066929,
        -2.519685 5.708661 -1.023622,
        -2.519685 5.737842 -1.104957,
        -2.519685 5.728346 -1.101024,
        -2.519685 5.720193 -1.094768,
        -2.519685 5.718851 -1.024963,
        -2.519685 5.728346 -1.028897,
        -2.519685 5.736500 -1.035153,
        -2.519685 5.713936 -1.086614,
        -2.519685 5.710003 -1.077119,
        -2.519685 5.746690 -1.052802,
        -2.519685 5.742757 -1.043307,
        -2.322835 5.748031 -1.106299,
        -2.322835 5.748031 -1.062992,
        -2.322835 5.742757 -1.043307,
        -2.322835 5.736500 -1.035153,
        -2.322835 5.708661 -1.066929,
        -2.322835 5.720193 -1.094768,
        -2.322835 5.728346 -1.101024,
        -2.322835 5.737842 -1.104957,
        -2.322835 5.708661 -1.023622,
        -2.322835 5.728346 -1.028897,
        -2.322835 5.718851 -1.024963,
        -2.322835 5.746690 -1.052802,
        -2.322835 5.710003 -1.077119,
        -2.322835 5.713936 -1.086614,
        -0.354331 6.141732 -1.106299,
        -0.551181 6.141732 -1.106299,
        -0.354331 6.141732 -1.062992,
        -0.551181 6.141732 -1.062992,
        -0.551181 5.748031 -1.062992,
        -0.551181 5.748031 -1.106299,
        -0.551181 5.708661 -1.066929,
        -0.551181 5.708661 -1.023622,
        -0.551181 5.737842 -1.104957,
        -0.551181 5.728346 -1.101024,
        -0.551181 5.720193 -1.094768,
        -0.551181 5.718851 -1.024963,
        -0.551181 5.728346 -1.028897,
        -0.551181 5.736500 -1.035153,
        -0.551181 5.713936 -1.086614,
        -0.551181 5.710003 -1.077119,
        -0.551181 5.746690 -1.052802,
        -0.551181 5.742757 -1.043307,
        -0.354331 5.748031 -1.106299,
        -0.354331 5.748031 -1.062992,
        -0.354331 5.720193 -1.094768,
        -0.354331 5.728346 -1.101024,
        -0.354331 5.737842 -1.104957,
        -0.354331 5.742757 -1.043307,
        -0.354331 5.736500 -1.035153,
        -0.354331 5.708661 -1.066929,
        -0.354331 5.728346 -1.028897,
        -0.354331 5.708661 -1.023622,
        -0.354331 5.718851 -1.024963,
        -0.354331 5.746690 -1.052802,
        -0.354331 5.710003 -1.077119,
        -0.354331 5.713936 -1.086614,
        -1.338583 6.141732 -1.106299,
        -1.535433 6.141732 -1.106299,
        -1.338583 6.141732 -1.062992,
        -1.535433 6.141732 -1.062992,
        -1.535433 5.748031 -1.062992,
        -1.535433 5.748031 -1.106299,
        -1.535433 5.708661 -1.066929,
        -1.535433 5.708661 -1.023622,
        -1.535433 5.737842 -1.104957,
        -1.535433 5.728346 -1.101024,
        -1.535433 5.720193 -1.094768,
        -1.535433 5.718851 -1.024963,
        -1.535433 5.728346 -1.028897,
        -1.535433 5.736500 -1.035153,
        -1.535433 5.713936 -1.086614,
        -1.535433 5.710003 -1.077119,
        -1.535433 5.746690 -1.052802,
        -1.535433 5.742757 -1.043307,
        -1.338583 5.748031 -1.106299,
        -1.338583 5.748031 -1.062992,
        -1.338583 5.720193 -1.094768,
        -1.338583 5.728346 -1.101024,
        -1.338583 5.737842 -1.104957,
        -1.338583 5.742757 -1.043307,
        -1.338583 5.736500 -1.035153,
        -1.338583 5.708661 -1.066929,
        -1.338583 5.728346 -1.028897,
        -1.338583 5.708661 -1.023622,
        -1.338583 5.718851 -1.024963,
        -1.338583 5.746690 -1.052802,
        -1.338583 5.710003 -1.077119,
        -1.338583 5.713936 -1.086614,
        0.283465 6.141732 -1.106299,
        0.125984 6.141732 -1.106299,
        0.283465 6.141732 -1.062992,
        0.125984 6.141732 -1.062992,
        0.125984 5.748031 -1.062992,
        0.125984 5.748031 -1.106299,
        0.125984 5.708661 -1.066929,
        0.125984 5.708661 -1.023622,
        0.125984 5.737842 -1.104957,
        0.125984 5.728346 -1.101024,
        0.125984 5.720193 -1.094768,
        0.125984 5.718851 -1.024963,
        0.125984 5.728346 -1.028897,
        0.125984 5.736500 -1.035153,
        0.125984 5.713936 -1.086614,
        0.125984 5.710003 -1.077119,
        0.125984 5.746690 -1.052802,
        0.125984 5.742757 -1.043307,
        0.283465 5.748031 -1.106299,
        0.283465 5.748031 -1.062992,
        0.283465 5.720193 -1.094768,
        0.283465 5.728346 -1.101024,
        0.283465 5.737842 -1.104957,
        0.283465 5.742757 -1.043307,
        0.283465 5.736500 -1.035153,
        0.283465 5.708661 -1.066929,
        0.283465 5.728346 -1.028897,
        0.283465 5.708661 -1.023622,
        0.283465 5.718851 -1.024963,
        0.283465 5.746690 -1.052802,
        0.283465 5.710003 -1.077119,
        0.283465 5.713936 -1.086614,
        1.618110 6.141732 -1.106299,
        1.618110 6.141732 -1.062992,
        1.618110 5.748031 -1.106299,
        1.618110 5.748031 -1.062992,
        1.618110 5.720193 -1.094768,
        1.618110 5.728346 -1.101024,
        1.618110 5.737842 -1.104957,
        1.618110 5.742757 -1.043307,
        1.618110 5.736500 -1.035153,
        1.618110 5.708661 -1.066929,
        1.618110 5.728346 -1.028897,
        1.618110 5.708661 -1.023622,
        1.618110 5.718851 -1.024963,
        1.618110 5.746690 -1.052802,
        1.618110 5.710003 -1.077119,
        1.618110 5.713936 -1.086614,
        1.421260 6.141732 -1.106299,
        1.421260 6.141732 -1.062992,
        1.421260 5.748031 -1.062992,
        1.421260 5.748031 -1.106299,
        1.421260 5.708661 -1.066929,
        1.421260 5.708661 -1.023622,
        1.421260 5.737842 -1.104957,
        1.421260 5.728346 -1.101024,
        1.421260 5.720193 -1.094768,
        1.421260 5.718851 -1.024963,
        1.421260 5.728346 -1.028897,
        1.421260 5.736500 -1.035153,
        1.421260 5.713936 -1.086614,
        1.421260 5.710003 -1.077119,
        1.421260 5.746690 -1.052802,
        1.421260 5.742757 -1.043307,
        0.944882 6.141732 -1.106299,
        0.787402 6.141732 -1.106299,
        0.944882 6.141732 -1.062992,
        0.787402 6.141732 -1.062992,
        0.787402 5.748031 -1.062992,
        0.787402 5.748031 -1.106299,
        0.787402 5.708661 -1.066929,
        0.787402 5.708661 -1.023622,
        0.787402 5.737842 -1.104957,
        0.787402 5.728346 -1.101024,
        0.787402 5.720193 -1.094768,
        0.787402 5.718851 -1.024963,
        0.787402 5.728346 -1.028897,
        0.787402 5.736500 -1.035153,
        0.787402 5.713936 -1.086614,
        0.787402 5.710003 -1.077119,
        0.787402 5.746690 -1.052802,
        0.787402 5.742757 -1.043307,
        0.944882 5.748031 -1.106299,
        0.944882 5.748031 -1.062992,
        0.944882 5.720193 -1.094768,
        0.944882 5.728346 -1.101024,
        0.944882 5.737842 -1.104957,
        0.944882 5.742757 -1.043307,
        0.944882 5.736500 -1.035153,
        0.944882 5.708661 -1.066929,
        0.944882 5.728346 -1.028897,
        0.944882 5.708661 -1.023622,
        0.944882 5.718851 -1.024963,
        0.944882 5.746690 -1.052802,
        0.944882 5.710003 -1.077119,
        0.944882 5.713936 -1.086614,
        2.602362 6.141732 -1.106299,
        2.405512 6.141732 -1.106299,
        2.602362 6.141732 -1.062992,
        2.405512 6.141732 -1.062992,
        2.405512 5.748031 -1.062992,
        2.405512 5.748031 -1.106299,
        2.405512 5.708661 -1.066929,
        2.405512 5.708661 -1.023622,
        2.405512 5.737842 -1.104957,
        2.405512 5.728346 -1.101024,
        2.405512 5.720193 -1.094768,
        2.405512 5.718851 -1.024963,
        2.405512 5.728346 -1.028897,
        2.405512 5.736500 -1.035153,
        2.405512 5.713936 -1.086614,
        2.405512 5.710003 -1.077119,
        2.405512 5.746690 -1.052802,
        2.405512 5.742757 -1.043307,
        2.602362 5.748031 -1.106299,
        2.602362 5.748031 -1.062992,
        2.602362 5.720193 -1.094768,
        2.602362 5.728346 -1.101024,
        2.602362 5.737842 -1.104957,
        2.602362 5.742757 -1.043307,
        2.602362 5.736500 -1.035153,
        2.602362 5.708661 -1.066929,
        2.602362 5.728346 -1.028897,
        2.602362 5.708661 -1.023622,
        2.602362 5.718851 -1.024963,
        2.602362 5.746690 -1.052802,
        2.602362 5.710003 -1.077119,
        2.602362 5.713936 -1.086614,
        3.586614 6.141732 -1.106299,
        3.586614 6.141732 -1.062992,
        3.586614 5.748031 -1.106299,
        3.586614 5.748031 -1.062992,
        3.586614 5.742757 -1.043307,
        3.586614 5.736500 -1.035153,
        3.586614 5.708661 -1.066929,
        3.586614 5.720193 -1.094768,
        3.586614 5.728346 -1.101024,
        3.586614 5.737842 -1.104957,
        3.586614 5.708661 -1.023622,
        3.586614 5.728346 -1.028897,
        3.586614 5.718851 -1.024963,
        3.586614 5.746690 -1.052802,
        3.586614 5.710003 -1.077119,
        3.586614 5.713936 -1.086614,
        3.389764 6.141732 -1.106299,
        3.389764 6.141732 -1.062992,
        3.389764 5.748031 -1.062992,
        3.389764 5.748031 -1.106299,
        3.389764 5.708661 -1.066929,
        3.389764 5.708661 -1.023622,
        3.389764 5.737842 -1.104957,
        3.389764 5.728346 -1.101024,
        3.389764 5.720193 -1.094768,
        3.389764 5.718851 -1.024963,
        3.389764 5.728346 -1.028897,
        3.389764 5.736500 -1.035153,
        3.389764 5.713936 -1.086614,
        3.389764 5.710003 -1.077119,
        3.389764 5.746690 -1.052802,
        3.389764 5.742757 -1.043307,
      ]
    }
    coordIndex [
      40, 41, 42, -1,
      42, 41, 43, -1,
      43, 41, 44, -1,
      44, 41, 45, -1,
      38, 39, 46, -1,
      46, 39, 47, -1,
      45, 48, 44, -1,
      44, 48, 49, -1,
      44, 49, 50, -1,
      47, 51, 46, -1,
      46, 51, 52, -1,
      46, 52, 53, -1,
      50, 54, 44, -1,
      44, 54, 55, -1,
      44, 55, 56, -1,
      56, 55, 46, -1,
      56, 46, 57, -1,
      57, 46, 53, -1,
      40, 42, 58, -1,
      58, 42, 59, -1,
      60, 61, 62, -1,
      63, 64, 59, -1,
      59, 64, 65, -1,
      59, 65, 58, -1,
      37, 36, 66, -1,
      66, 36, 62, -1,
      61, 67, 62, -1,
      62, 67, 68, -1,
      62, 68, 66, -1,
      60, 62, 69, -1,
      69, 62, 70, -1,
      69, 70, 59, -1,
      59, 70, 71, -1,
      59, 71, 63, -1,
      47, 39, 66, -1,
      66, 39, 37, -1,
      45, 41, 58, -1,
      58, 41, 40, -1,
      72, 73, 74, -1,
      74, 73, 75, -1,
      76, 77, 78, -1,
      79, 80, 75, -1,
      75, 80, 81, -1,
      75, 81, 74, -1,
      35, 33, 82, -1,
      82, 33, 78, -1,
      77, 83, 78, -1,
      78, 83, 84, -1,
      78, 84, 82, -1,
      76, 78, 85, -1,
      85, 78, 86, -1,
      85, 86, 75, -1,
      75, 86, 87, -1,
      75, 87, 79, -1,
      72, 88, 73, -1,
      73, 88, 89, -1,
      89, 88, 90, -1,
      90, 88, 91, -1,
      32, 34, 92, -1,
      92, 34, 93, -1,
      91, 94, 90, -1,
      90, 94, 95, -1,
      90, 95, 96, -1,
      93, 97, 92, -1,
      92, 97, 98, -1,
      92, 98, 99, -1,
      96, 100, 90, -1,
      90, 100, 101, -1,
      90, 101, 102, -1,
      102, 101, 92, -1,
      102, 92, 103, -1,
      103, 92, 99, -1,
      93, 34, 82, -1,
      82, 34, 35, -1,
      91, 88, 74, -1,
      74, 88, 72, -1,
      104, 105, 106, -1,
      106, 105, 107, -1,
      107, 105, 108, -1,
      108, 105, 109, -1,
      28, 30, 110, -1,
      110, 30, 111, -1,
      109, 112, 108, -1,
      108, 112, 113, -1,
      108, 113, 114, -1,
      111, 115, 110, -1,
      110, 115, 116, -1,
      110, 116, 117, -1,
      114, 118, 108, -1,
      108, 118, 119, -1,
      108, 119, 120, -1,
      120, 119, 110, -1,
      120, 110, 121, -1,
      121, 110, 117, -1,
      104, 106, 122, -1,
      122, 106, 123, -1,
      124, 125, 126, -1,
      127, 128, 123, -1,
      123, 128, 129, -1,
      123, 129, 122, -1,
      31, 29, 130, -1,
      130, 29, 126, -1,
      125, 131, 126, -1,
      126, 131, 132, -1,
      126, 132, 130, -1,
      124, 126, 133, -1,
      133, 126, 134, -1,
      133, 134, 123, -1,
      123, 134, 135, -1,
      123, 135, 127, -1,
      111, 30, 130, -1,
      130, 30, 31, -1,
      109, 105, 122, -1,
      122, 105, 104, -1,
      136, 137, 138, -1,
      138, 137, 139, -1,
      139, 137, 140, -1,
      140, 137, 141, -1,
      24, 27, 142, -1,
      142, 27, 143, -1,
      141, 144, 140, -1,
      140, 144, 145, -1,
      140, 145, 146, -1,
      143, 147, 142, -1,
      142, 147, 148, -1,
      142, 148, 149, -1,
      146, 150, 140, -1,
      140, 150, 151, -1,
      140, 151, 152, -1,
      152, 151, 142, -1,
      152, 142, 153, -1,
      153, 142, 149, -1,
      136, 138, 154, -1,
      154, 138, 155, -1,
      156, 157, 155, -1,
      155, 157, 158, -1,
      155, 158, 154, -1,
      159, 160, 161, -1,
      161, 160, 162, -1,
      26, 25, 163, -1,
      163, 25, 161, -1,
      163, 161, 164, -1,
      164, 161, 162, -1,
      159, 161, 165, -1,
      165, 161, 166, -1,
      165, 166, 155, -1,
      155, 166, 167, -1,
      155, 167, 156, -1,
      143, 27, 163, -1,
      163, 27, 26, -1,
      141, 137, 154, -1,
      154, 137, 136, -1,
      168, 169, 170, -1,
      170, 169, 171, -1,
      171, 169, 172, -1,
      172, 169, 173, -1,
      20, 22, 174, -1,
      174, 22, 175, -1,
      173, 176, 172, -1,
      172, 176, 177, -1,
      172, 177, 178, -1,
      175, 179, 174, -1,
      174, 179, 180, -1,
      174, 180, 181, -1,
      178, 182, 172, -1,
      172, 182, 183, -1,
      172, 183, 184, -1,
      184, 183, 174, -1,
      184, 174, 185, -1,
      185, 174, 181, -1,
      168, 170, 186, -1,
      186, 170, 187, -1,
      188, 189, 187, -1,
      187, 189, 190, -1,
      187, 190, 186, -1,
      191, 192, 193, -1,
      193, 192, 194, -1,
      23, 21, 195, -1,
      195, 21, 193, -1,
      195, 193, 196, -1,
      196, 193, 194, -1,
      191, 193, 197, -1,
      197, 193, 198, -1,
      197, 198, 187, -1,
      187, 198, 199, -1,
      187, 199, 188, -1,
      175, 22, 195, -1,
      195, 22, 23, -1,
      173, 169, 186, -1,
      186, 169, 168, -1,
      200, 201, 202, -1,
      202, 201, 203, -1,
      203, 201, 204, -1,
      204, 201, 205, -1,
      16, 19, 206, -1,
      206, 19, 207, -1,
      205, 208, 204, -1,
      204, 208, 209, -1,
      204, 209, 210, -1,
      207, 211, 206, -1,
      206, 211, 212, -1,
      206, 212, 213, -1,
      210, 214, 204, -1,
      204, 214, 215, -1,
      204, 215, 216, -1,
      216, 215, 206, -1,
      216, 206, 217, -1,
      217, 206, 213, -1,
      200, 202, 218, -1,
      218, 202, 219, -1,
      220, 221, 219, -1,
      219, 221, 222, -1,
      219, 222, 218, -1,
      223, 224, 225, -1,
      225, 224, 226, -1,
      18, 17, 227, -1,
      227, 17, 225, -1,
      227, 225, 228, -1,
      228, 225, 226, -1,
      223, 225, 229, -1,
      229, 225, 230, -1,
      229, 230, 219, -1,
      219, 230, 231, -1,
      219, 231, 220, -1,
      207, 19, 227, -1,
      227, 19, 18, -1,
      205, 201, 218, -1,
      218, 201, 200, -1,
      232, 233, 234, -1,
      234, 233, 235, -1,
      236, 237, 235, -1,
      235, 237, 238, -1,
      235, 238, 234, -1,
      239, 240, 241, -1,
      241, 240, 242, -1,
      11, 9, 243, -1,
      243, 9, 241, -1,
      243, 241, 244, -1,
      244, 241, 242, -1,
      239, 241, 245, -1,
      245, 241, 246, -1,
      245, 246, 235, -1,
      235, 246, 247, -1,
      235, 247, 236, -1,
      232, 248, 233, -1,
      233, 248, 249, -1,
      249, 248, 250, -1,
      250, 248, 251, -1,
      8, 10, 252, -1,
      252, 10, 253, -1,
      251, 254, 250, -1,
      250, 254, 255, -1,
      250, 255, 256, -1,
      253, 257, 252, -1,
      252, 257, 258, -1,
      252, 258, 259, -1,
      256, 260, 250, -1,
      250, 260, 261, -1,
      250, 261, 262, -1,
      262, 261, 252, -1,
      262, 252, 263, -1,
      263, 252, 259, -1,
      253, 10, 243, -1,
      243, 10, 11, -1,
      251, 248, 234, -1,
      234, 248, 232, -1,
      264, 265, 266, -1,
      266, 265, 267, -1,
      267, 265, 268, -1,
      268, 265, 269, -1,
      12, 15, 270, -1,
      270, 15, 271, -1,
      269, 272, 268, -1,
      268, 272, 273, -1,
      268, 273, 274, -1,
      271, 275, 270, -1,
      270, 275, 276, -1,
      270, 276, 277, -1,
      274, 278, 268, -1,
      268, 278, 279, -1,
      268, 279, 280, -1,
      280, 279, 270, -1,
      280, 270, 281, -1,
      281, 270, 277, -1,
      264, 266, 282, -1,
      282, 266, 283, -1,
      284, 285, 283, -1,
      283, 285, 286, -1,
      283, 286, 282, -1,
      287, 288, 289, -1,
      289, 288, 290, -1,
      14, 13, 291, -1,
      291, 13, 289, -1,
      291, 289, 292, -1,
      292, 289, 290, -1,
      287, 289, 293, -1,
      293, 289, 294, -1,
      293, 294, 283, -1,
      283, 294, 295, -1,
      283, 295, 284, -1,
      271, 15, 291, -1,
      291, 15, 14, -1,
      269, 265, 282, -1,
      282, 265, 264, -1,
      296, 297, 298, -1,
      298, 297, 299, -1,
      299, 297, 300, -1,
      300, 297, 301, -1,
      7, 4, 302, -1,
      302, 4, 303, -1,
      301, 304, 300, -1,
      300, 304, 305, -1,
      300, 305, 306, -1,
      303, 307, 302, -1,
      302, 307, 308, -1,
      302, 308, 309, -1,
      306, 310, 300, -1,
      300, 310, 311, -1,
      300, 311, 312, -1,
      312, 311, 302, -1,
      312, 302, 313, -1,
      313, 302, 309, -1,
      296, 298, 314, -1,
      314, 298, 315, -1,
      316, 317, 315, -1,
      315, 317, 318, -1,
      315, 318, 314, -1,
      319, 320, 321, -1,
      321, 320, 322, -1,
      5, 6, 323, -1,
      323, 6, 321, -1,
      323, 321, 324, -1,
      324, 321, 322, -1,
      319, 321, 325, -1,
      325, 321, 326, -1,
      325, 326, 315, -1,
      315, 326, 327, -1,
      315, 327, 316, -1,
      303, 4, 323, -1,
      323, 4, 5, -1,
      301, 297, 314, -1,
      314, 297, 296, -1,
      328, 329, 330, -1,
      330, 329, 331, -1,
      332, 333, 334, -1,
      335, 336, 331, -1,
      331, 336, 337, -1,
      331, 337, 330, -1,
      1, 0, 338, -1,
      338, 0, 334, -1,
      333, 339, 334, -1,
      334, 339, 340, -1,
      334, 340, 338, -1,
      332, 334, 341, -1,
      341, 334, 342, -1,
      341, 342, 331, -1,
      331, 342, 343, -1,
      331, 343, 335, -1,
      328, 344, 329, -1,
      329, 344, 345, -1,
      345, 344, 346, -1,
      346, 344, 347, -1,
      2, 3, 348, -1,
      348, 3, 349, -1,
      347, 350, 346, -1,
      346, 350, 351, -1,
      346, 351, 352, -1,
      349, 353, 348, -1,
      348, 353, 354, -1,
      348, 354, 355, -1,
      352, 356, 346, -1,
      346, 356, 357, -1,
      346, 357, 358, -1,
      358, 357, 348, -1,
      358, 348, 359, -1,
      359, 348, 355, -1,
      349, 3, 338, -1,
      338, 3, 1, -1,
      347, 344, 330, -1,
      330, 344, 328, -1,
      2, 348, 0, -1,
      0, 348, 334, -1,
      321, 6, 302, -1,
      302, 6, 7, -1,
      289, 13, 270, -1,
      270, 13, 12, -1,
      8, 252, 9, -1,
      9, 252, 241, -1,
      225, 17, 206, -1,
      206, 17, 16, -1,
      193, 21, 174, -1,
      174, 21, 20, -1,
      161, 25, 142, -1,
      142, 25, 24, -1,
      126, 29, 110, -1,
      110, 29, 28, -1,
      32, 92, 33, -1,
      33, 92, 78, -1,
      62, 36, 46, -1,
      46, 36, 38, -1,
      331, 329, 346, -1,
      346, 329, 345, -1,
      315, 298, 300, -1,
      300, 298, 299, -1,
      283, 266, 268, -1,
      268, 266, 267, -1,
      249, 250, 233, -1,
      233, 250, 235, -1,
      219, 202, 204, -1,
      204, 202, 203, -1,
      187, 170, 172, -1,
      172, 170, 171, -1,
      155, 138, 140, -1,
      140, 138, 139, -1,
      123, 106, 108, -1,
      108, 106, 107, -1,
      89, 90, 73, -1,
      73, 90, 75, -1,
      43, 44, 42, -1,
      42, 44, 59, -1,
    ]
  }
}

Shape {
  appearance Appearance {
    material Material {
      diffuseColor 0.2510 0.2510 0.2510
      specularColor 0.1255 0.1255 0.1255
      ambientIntensity 0.2
      transparency 0.0000
      shininess 0.5
    }
  }
  geometry IndexedFaceSet {
    ccw TRUE
    solid FALSE
    coord DEF co Coordinate {
      point [
        3.271654 2.147498 -1.102362,
        3.271654 2.066827 -1.102362,
        -3.610236 2.065379 -1.102362,
        -3.610236 2.066827 -1.102362,
        -3.137795 2.821090 -1.102362,
        -3.137795 2.066827 -1.102362,
        -3.137795 2.065379 -1.102362,
        -3.610236 2.821090 -1.102362,
        -2.657480 2.065379 -1.102362,
        -2.657480 2.066827 -1.102362,
        -2.185039 2.065379 -1.102362,
        -2.185039 2.821090 -1.102362,
        -2.185039 2.066827 -1.102362,
        -2.657480 2.821090 -1.102362,
        -1.200787 2.821090 -1.102362,
        -1.200787 2.066827 -1.102362,
        -1.200787 2.065379 -1.102362,
        -1.673228 2.065379 -1.102362,
        -1.673228 2.066827 -1.102362,
        -1.673228 2.821090 -1.102362,
        -0.216535 2.065379 -1.102362,
        -0.688976 2.065379 -1.102362,
        -0.688976 2.066827 -1.102362,
        -0.688976 2.821090 -1.102362,
        -0.216535 2.821090 -1.102362,
        -0.216535 2.066827 -1.102362,
        0.177165 2.066827 -1.102362,
        0.177165 2.065379 -1.102362,
        0.807087 2.821090 -1.102362,
        0.807087 2.066827 -1.102362,
        0.807087 2.065379 -1.102362,
        0.177165 2.821090 -1.102362,
        2.267717 2.065379 -1.102362,
        2.267717 2.066827 -1.102362,
        2.740157 2.065379 -1.102362,
        1.755906 2.821090 -1.102362,
        1.283465 2.821090 -1.102362,
        2.740157 2.066827 -1.102362,
        2.740157 2.821090 -1.102362,
        2.267717 2.821090 -1.102362,
        1.283465 2.068275 -1.102362,
        1.755906 2.068275 -1.102362,
        3.704725 2.066827 -1.102362,
        3.704725 1.545296 -1.102362,
        3.704219 1.545296 -1.102362,
        3.271654 1.545296 -1.102362,
        3.704725 2.618110 -1.102362,
        3.704725 2.147498 -1.102362,
        3.704219 2.618110 -1.102362,
        3.704219 2.147498 -1.102362,
        3.271654 2.618110 -1.102362,
        3.704725 3.014876 -1.102362,
        3.704725 3.799213 -1.102362,
        -4.279528 2.065379 -1.102362,
        -3.807086 2.065379 -1.102362,
        -3.807086 2.066827 -1.102362,
        -3.807086 2.821090 -1.102362,
        -4.279528 2.821090 -1.102362,
        4.615683 3.430927 -1.102362,
        4.615683 4.972130 -1.102362,
        4.703979 4.972130 -1.102362,
        4.723974 4.972130 -1.102362,
        5.133128 4.972130 -1.102362,
        5.323826 4.972130 -1.102362,
        5.323826 3.430927 -1.102362,
        5.133128 3.430927 -1.102362,
        1.283465 4.389764 -1.102362,
        1.283465 3.208662 -1.102362,
        1.755906 3.208662 -1.102362,
        2.267717 4.389764 -1.102362,
        1.755906 4.389764 -1.102362,
        2.740157 4.389764 -1.102362,
        2.267717 3.208662 -1.102362,
        2.740157 3.208662 -1.102362,
        0.807087 4.389764 -1.102362,
        0.177165 4.389764 -1.102362,
        0.177165 3.208662 -1.102362,
        0.807087 3.208662 -1.102362,
        -0.688976 4.389764 -1.102362,
        -0.688976 3.208662 -1.102362,
        -0.216535 3.208662 -1.102362,
        -0.216535 4.389764 -1.102362,
        -1.673228 4.389764 -1.102362,
        -1.673228 3.208662 -1.102362,
        -1.200787 4.389764 -1.102362,
        -1.200787 3.208662 -1.102362,
        -2.657480 4.389764 -1.102362,
        -2.657480 3.208662 -1.102362,
        -2.185039 4.389764 -1.102362,
        -2.185039 3.208662 -1.102362,
        -3.610236 4.389764 -1.102362,
        -3.610236 3.208662 -1.102362,
        -3.137795 4.389764 -1.102362,
        -3.137795 3.208662 -1.102362,
        -3.807086 4.389764 -1.102362,
        -4.279528 4.389764 -1.102362,
        -4.279528 3.208662 -1.102362,
        -3.807086 3.208662 -1.102362,
        3.704219 3.799213 -1.102362,
        3.271654 3.799213 -1.102362,
        3.271654 3.014876 -1.102362,
        -4.279528 2.066827 -1.102362,
        4.703979 3.430927 -1.102362,
        4.723974 3.430927 -1.102362,
        4.822835 3.430927 -0.314961,
        4.822835 4.547244 -0.314961,
        4.822835 3.430927 -0.591722,
        4.822835 3.430927 -0.775059,
        4.822835 3.430927 -0.787402,
        3.704725 2.147498 -0.787402,
        3.704725 2.066827 -0.787402,
        3.704725 1.545296 -0.787402,
        3.271654 1.545296 -0.787402,
        2.740157 2.821090 -0.787402,
        2.740157 2.066827 -0.787402,
        2.740157 2.065379 -0.787402,
        2.267717 2.065379 -0.787402,
        -0.216535 2.066827 -0.787402,
        -0.216535 2.065379 -0.787402,
        -2.657480 2.065379 -0.787402,
        -2.185039 2.065379 -0.787402,
        -3.610236 2.065379 -0.787402,
        -3.137795 2.065379 -0.787402,
        4.615683 4.094488 -0.787402,
        4.615683 4.547244 -0.787402,
        3.704725 3.799213 -0.787402,
        4.615683 3.430927 -0.787402,
        3.704725 3.014876 -0.787402,
        -3.807086 3.208662 -0.787402,
        -3.807086 4.094488 -0.787402,
        -3.807086 4.389764 -0.787402,
        -4.279528 4.389764 -0.787402,
        -4.279528 4.094488 -0.787402,
        -4.279528 3.208662 -0.787402,
        -3.610236 2.066827 -0.787402,
        -3.610236 2.821090 -0.787402,
        -3.137795 2.821090 -0.787402,
        -3.137795 2.066827 -0.787402,
        -2.185039 2.066827 -0.787402,
        -2.185039 2.821090 -0.787402,
        -2.657480 2.821090 -0.787402,
        -2.657480 2.066827 -0.787402,
        -1.200787 2.821090 -0.787402,
        -1.673228 2.821090 -0.787402,
        -1.673228 2.066827 -0.787402,
        -1.673228 2.065379 -0.787402,
        -1.200787 2.065379 -0.787402,
        -1.200787 2.066827 -0.787402,
        -0.216535 2.821090 -0.787402,
        -0.688976 2.821090 -0.787402,
        -0.688976 2.066827 -0.787402,
        -0.688976 2.065379 -0.787402,
        0.807087 2.821090 -0.787402,
        0.177165 2.821090 -0.787402,
        0.177165 2.066827 -0.787402,
        0.177165 2.065379 -0.787402,
        0.807087 2.065379 -0.787402,
        0.807087 2.066827 -0.787402,
        2.267717 2.066827 -0.787402,
        2.267717 2.821090 -0.787402,
        3.271654 2.147498 -0.787402,
        3.271654 2.066827 -0.787402,
        3.704725 2.618110 -0.787402,
        3.271654 2.618110 -0.787402,
        3.271654 3.014876 -0.787402,
        3.271654 3.799213 -0.787402,
        -1.200787 4.389764 -0.787402,
        -1.673228 4.389764 -0.787402,
        -1.673228 4.094488 -0.787402,
        -1.673228 3.208662 -0.787402,
        -1.200787 3.208662 -0.787402,
        -1.200787 4.094488 -0.787402,
        -2.185039 4.389764 -0.787402,
        -2.657480 4.389764 -0.787402,
        -2.657480 4.094488 -0.787402,
        -2.657480 3.208662 -0.787402,
        -2.185039 3.208662 -0.787402,
        -2.185039 4.094488 -0.787402,
        0.177165 3.208662 -0.787402,
        0.807087 3.208662 -0.787402,
        0.807087 4.094488 -0.787402,
        0.807087 4.389764 -0.787402,
        0.177165 4.389764 -0.787402,
        0.177165 4.094488 -0.787402,
        -3.137795 4.389764 -0.787402,
        -3.610236 4.389764 -0.787402,
        -3.610236 4.094488 -0.787402,
        -3.610236 3.208662 -0.787402,
        -3.137795 3.208662 -0.787402,
        -3.137795 4.094488 -0.787402,
        -0.216535 4.389764 -0.787402,
        -0.688976 4.389764 -0.787402,
        -0.688976 4.094488 -0.787402,
        -0.688976 3.208662 -0.787402,
        -0.216535 3.208662 -0.787402,
        -0.216535 4.094488 -0.787402,
        1.755906 4.389764 -0.787402,
        1.283465 4.389764 -0.787402,
        1.283465 4.094488 -0.787402,
        1.283465 3.208662 -0.787402,
        1.755906 3.208662 -0.787402,
        1.755906 4.094488 -0.787402,
        2.740157 4.389764 -0.787402,
        2.267717 4.389764 -0.787402,
        2.267717 4.094488 -0.787402,
        2.267717 3.208662 -0.787402,
        2.740157 3.208662 -0.787402,
        2.740157 4.094488 -0.787402,
        -3.807086 2.066827 -0.787402,
        -3.807086 2.065379 -0.787402,
        -3.807086 2.821090 -0.787402,
        -4.279528 2.821090 -0.787402,
        -4.279528 2.066827 -0.787402,
        -4.279528 2.065379 -0.787402,
        1.755906 2.821090 -0.787402,
        1.283465 2.821090 -0.787402,
        1.283465 2.068275 -0.787402,
        1.755906 2.068275 -0.787402,
        4.615683 4.547244 -0.314961,
        4.843659 3.430927 -0.580043,
        4.843642 3.430927 -0.580051,
        4.837637 3.430927 -0.582619,
        4.825886 3.430927 -0.589845,
        4.877765 3.430927 -0.605676,
        5.323826 3.430927 -0.314961,
        4.878859 3.430927 -0.598858,
        4.856846 3.430927 -0.576846,
        4.826270 3.430927 -0.774200,
        4.826774 3.430927 -0.773998,
        4.830068 3.430927 -0.772093,
        4.831088 3.430927 -0.771267,
        4.834723 3.430927 -0.767105,
        4.835702 3.430927 -0.765573,
        4.840440 3.430927 -0.754184,
        4.841858 3.430927 -0.748884,
        4.839003 3.430927 -0.757638,
        4.840366 3.430927 -0.754363,
        4.825869 3.430927 -0.774300,
        4.842740 3.430927 -0.744238,
        4.845493 3.430927 -0.729746,
        4.845894 3.430927 -0.727532,
        4.866874 3.430927 -0.640522,
        4.871234 3.430927 -0.626571,
        4.875956 3.430927 -0.611463,
        4.855818 3.430927 -0.679032,
        4.856238 3.430927 -0.677497,
        4.860839 3.430927 -0.660681,
        4.848407 3.430927 -0.713642,
        4.848898 3.430927 -0.710923,
        4.852421 3.430927 -0.691449,
        4.862700 3.430927 -0.653876,
        4.865844 3.430927 -0.643814,
        4.615683 4.972130 -0.314961,
        5.323826 4.972130 -0.314961,
        4.945560 4.972130 -0.570237,
        4.937863 4.972130 -0.577336,
        4.951230 4.972130 -0.549275,
        4.951693 4.972130 -0.550702,
        4.952196 4.972130 -0.554255,
        4.952141 4.972130 -0.555924,
        4.951115 4.972130 -0.560577,
        4.950496 4.972130 -0.562164,
        4.947415 4.972130 -0.567203,
        4.945577 4.972130 -0.570209,
        4.830560 4.972130 -0.569467,
        4.886238 4.972130 -0.625145,
        4.900735 4.972130 -0.611624,
        4.905315 4.972130 -0.607352,
        4.926456 4.972130 -0.587855,
        4.913675 4.972130 -0.599643,
        4.913587 4.972130 -0.599724,
        4.838028 4.972130 -0.563552,
        4.887849 4.972130 -0.535738,
        4.897989 4.972130 -0.533570,
        4.855339 4.972130 -0.549841,
        4.859487 4.972130 -0.547467,
        4.862494 4.972130 -0.545746,
        4.948609 4.972130 -0.544761,
        4.949495 4.972130 -0.545961,
        4.950092 4.972130 -0.547101,
        4.878334 4.972130 -0.539494,
        4.883081 4.972130 -0.537620,
        4.926798 4.972130 -0.533941,
        4.935237 4.972130 -0.535927,
        4.941506 4.972130 -0.539076,
        4.943744 4.972130 -0.540278,
        4.945010 4.972130 -0.541222,
        4.907366 4.972130 -0.533077,
        4.918184 4.972130 -0.532507,
        4.922419 4.972130 -0.532911,
        4.936364 4.972130 -0.536365,
        4.936687 4.972130 -0.536490,
      ]
    }
    coordIndex [
      97, 128, 94, -1,
      94, 128, 129, -1,
      94, 129, 130, -1,
      94, 130, 95, -1,
      95, 130, 131, -1,
      133, 96, 132, -1,
      132, 96, 95, -1,
      132, 95, 131, -1,
      96, 133, 97, -1,
      97, 133, 128, -1,
      6, 122, 5, -1,
      5, 122, 137, -1,
      5, 137, 4, -1,
      4, 137, 136, -1,
      4, 136, 7, -1,
      7, 136, 135, -1,
      7, 135, 3, -1,
      3, 135, 134, -1,
      3, 134, 2, -1,
      2, 134, 121, -1,
      2, 121, 6, -1,
      6, 121, 122, -1,
      10, 120, 12, -1,
      12, 120, 138, -1,
      12, 138, 11, -1,
      11, 138, 139, -1,
      11, 139, 13, -1,
      13, 139, 140, -1,
      13, 140, 9, -1,
      9, 140, 141, -1,
      9, 141, 8, -1,
      8, 141, 119, -1,
      8, 119, 10, -1,
      10, 119, 120, -1,
      16, 146, 15, -1,
      15, 146, 147, -1,
      15, 147, 14, -1,
      14, 147, 142, -1,
      14, 142, 19, -1,
      19, 142, 143, -1,
      19, 143, 18, -1,
      18, 143, 144, -1,
      18, 144, 17, -1,
      17, 144, 145, -1,
      17, 145, 16, -1,
      16, 145, 146, -1,
      20, 118, 25, -1,
      25, 118, 117, -1,
      25, 117, 24, -1,
      24, 117, 148, -1,
      24, 148, 23, -1,
      23, 148, 149, -1,
      23, 149, 22, -1,
      22, 149, 150, -1,
      22, 150, 21, -1,
      21, 150, 151, -1,
      21, 151, 20, -1,
      20, 151, 118, -1,
      30, 156, 29, -1,
      29, 156, 157, -1,
      29, 157, 28, -1,
      28, 157, 152, -1,
      28, 152, 31, -1,
      31, 152, 153, -1,
      31, 153, 26, -1,
      26, 153, 154, -1,
      26, 154, 27, -1,
      27, 154, 155, -1,
      27, 155, 30, -1,
      30, 155, 156, -1,
      41, 217, 35, -1,
      35, 217, 214, -1,
      35, 214, 36, -1,
      36, 214, 215, -1,
      36, 215, 40, -1,
      40, 215, 216, -1,
      40, 216, 41, -1,
      41, 216, 217, -1,
      34, 115, 37, -1,
      37, 115, 114, -1,
      37, 114, 38, -1,
      38, 114, 113, -1,
      38, 113, 39, -1,
      39, 113, 159, -1,
      39, 159, 33, -1,
      33, 159, 158, -1,
      33, 158, 32, -1,
      32, 158, 116, -1,
      32, 116, 34, -1,
      34, 116, 115, -1,
      43, 111, 42, -1,
      42, 111, 110, -1,
      42, 110, 47, -1,
      47, 110, 109, -1,
      47, 109, 49, -1,
      49, 109, 160, -1,
      49, 160, 0, -1,
      112, 45, 161, -1,
      161, 45, 1, -1,
      161, 1, 160, -1,
      160, 1, 0, -1,
      111, 43, 112, -1,
      112, 43, 44, -1,
      112, 44, 45, -1,
      84, 166, 82, -1,
      82, 166, 167, -1,
      169, 83, 168, -1,
      168, 83, 82, -1,
      168, 82, 167, -1,
      83, 169, 85, -1,
      85, 169, 170, -1,
      85, 170, 84, -1,
      84, 170, 171, -1,
      84, 171, 166, -1,
      88, 172, 86, -1,
      86, 172, 173, -1,
      175, 87, 174, -1,
      174, 87, 86, -1,
      174, 86, 173, -1,
      87, 175, 89, -1,
      89, 175, 176, -1,
      89, 176, 88, -1,
      88, 176, 177, -1,
      88, 177, 172, -1,
      77, 179, 74, -1,
      74, 179, 180, -1,
      74, 180, 181, -1,
      74, 181, 75, -1,
      75, 181, 182, -1,
      178, 76, 183, -1,
      183, 76, 75, -1,
      183, 75, 182, -1,
      76, 178, 77, -1,
      77, 178, 179, -1,
      92, 184, 90, -1,
      90, 184, 185, -1,
      187, 91, 186, -1,
      186, 91, 90, -1,
      186, 90, 185, -1,
      91, 187, 93, -1,
      93, 187, 188, -1,
      93, 188, 92, -1,
      92, 188, 189, -1,
      92, 189, 184, -1,
      81, 190, 78, -1,
      78, 190, 191, -1,
      193, 79, 192, -1,
      192, 79, 78, -1,
      192, 78, 191, -1,
      79, 193, 80, -1,
      80, 193, 194, -1,
      80, 194, 81, -1,
      81, 194, 195, -1,
      81, 195, 190, -1,
      70, 196, 66, -1,
      66, 196, 197, -1,
      199, 67, 198, -1,
      198, 67, 66, -1,
      198, 66, 197, -1,
      67, 199, 68, -1,
      68, 199, 200, -1,
      68, 200, 70, -1,
      70, 200, 201, -1,
      70, 201, 196, -1,
      71, 202, 69, -1,
      69, 202, 203, -1,
      205, 72, 204, -1,
      204, 72, 69, -1,
      204, 69, 203, -1,
      72, 205, 73, -1,
      73, 205, 206, -1,
      73, 206, 71, -1,
      71, 206, 207, -1,
      71, 207, 202, -1,
      46, 162, 51, -1,
      51, 162, 127, -1,
      51, 127, 52, -1,
      52, 127, 125, -1,
      52, 125, 98, -1,
      98, 125, 165, -1,
      98, 165, 99, -1,
      99, 165, 100, -1,
      100, 165, 164, -1,
      100, 164, 50, -1,
      50, 164, 163, -1,
      162, 46, 163, -1,
      163, 46, 48, -1,
      163, 48, 50, -1,
      54, 209, 55, -1,
      55, 209, 208, -1,
      55, 208, 56, -1,
      56, 208, 210, -1,
      56, 210, 57, -1,
      57, 210, 211, -1,
      57, 211, 101, -1,
      101, 211, 212, -1,
      101, 212, 53, -1,
      53, 212, 213, -1,
      53, 213, 54, -1,
      54, 213, 209, -1,
      58, 126, 102, -1,
      102, 126, 108, -1,
      102, 108, 103, -1,
      103, 108, 65, -1,
      104, 219, 220, -1,
      220, 221, 104, -1,
      104, 221, 222, -1,
      104, 222, 106, -1,
      64, 223, 224, -1,
      224, 223, 225, -1,
      224, 225, 104, -1,
      104, 225, 226, -1,
      104, 226, 219, -1,
      227, 228, 65, -1,
      228, 229, 65, -1,
      65, 229, 230, -1,
      65, 230, 64, -1,
      64, 230, 231, -1,
      64, 231, 232, -1,
      64, 233, 234, -1,
      232, 235, 64, -1,
      64, 235, 236, -1,
      64, 236, 233, -1,
      227, 65, 237, -1,
      237, 65, 108, -1,
      237, 108, 107, -1,
      234, 238, 64, -1,
      64, 238, 239, -1,
      64, 239, 240, -1,
      241, 242, 64, -1,
      64, 242, 243, -1,
      64, 243, 223, -1,
      244, 245, 64, -1,
      64, 245, 246, -1,
      240, 247, 64, -1,
      64, 247, 248, -1,
      64, 248, 244, -1,
      244, 248, 249, -1,
      246, 250, 64, -1,
      64, 250, 251, -1,
      64, 251, 241, -1,
      252, 218, 59, -1,
      59, 218, 124, -1,
      59, 124, 58, -1,
      58, 124, 123, -1,
      58, 123, 126, -1,
      218, 252, 105, -1,
      105, 252, 253, -1,
      105, 253, 104, -1,
      104, 253, 224, -1,
      224, 253, 64, -1,
      64, 253, 63, -1,
      63, 254, 255, -1,
      256, 257, 253, -1,
      257, 258, 253, -1,
      253, 258, 259, -1,
      253, 259, 63, -1,
      63, 259, 260, -1,
      63, 260, 261, -1,
      261, 262, 63, -1,
      63, 262, 263, -1,
      63, 263, 254, -1,
      264, 60, 265, -1,
      265, 60, 61, -1,
      265, 61, 266, -1,
      266, 61, 62, -1,
      266, 62, 267, -1,
      255, 268, 63, -1,
      63, 268, 269, -1,
      63, 269, 62, -1,
      62, 269, 270, -1,
      62, 270, 267, -1,
      271, 252, 264, -1,
      264, 252, 59, -1,
      264, 59, 60, -1,
      252, 272, 273, -1,
      271, 274, 252, -1,
      252, 274, 275, -1,
      252, 275, 276, -1,
      277, 278, 253, -1,
      253, 278, 279, -1,
      253, 279, 256, -1,
      276, 280, 252, -1,
      252, 280, 281, -1,
      252, 281, 272, -1,
      282, 283, 253, -1,
      284, 285, 253, -1,
      253, 285, 286, -1,
      253, 286, 277, -1,
      273, 287, 252, -1,
      252, 287, 288, -1,
      252, 288, 253, -1,
      253, 288, 289, -1,
      253, 289, 282, -1,
      283, 290, 253, -1,
      253, 290, 291, -1,
      253, 291, 284, -1,
    ]
  }
}

Shape {
  appearance Appearance {
    material Material {
      diffuseColor 1.0000 1.0000 1.0000
      specularColor 0.5020 0.5020 0.5020
      ambientIntensity 0.2
      transparency 0.0000
      shininess 0.5
    }
  }
  geometry IndexedFaceSet {
    ccw TRUE
    solid FALSE
    coord DEF co Coordinate {
      point [
        4.414295 0.020405 -1.102362,
        4.414295 0.063616 -1.102362,
        4.686392 0.290005 -1.102362,
        4.663316 0.326814 -1.102362,
        4.627772 0.360998 -1.102362,
        4.459813 0.395250 -1.102362,
        4.414295 0.382898 -1.102362,
        4.414295 0.330085 -1.102362,
        4.458641 0.349074 -1.102362,
        4.421351 0.059708 -1.102362,
        4.506494 0.355291 -1.102362,
        4.545261 0.350937 -1.102362,
        4.574728 0.340302 -1.102362,
        4.601978 0.322073 -1.102362,
        4.625753 0.295826 -1.102362,
        4.654356 0.192649 -1.102362,
        4.650370 0.150029 -1.102362,
        4.639674 0.116165 -1.102362,
        4.552067 0.042529 -1.102362,
        4.515346 0.038410 -1.102362,
        4.580754 0.053090 -1.102362,
        4.604916 0.069375 -1.102362,
        4.623391 0.088866 -1.102362,
        4.463085 0.044210 -1.102362,
        4.641984 0.265428 -1.102362,
        4.652478 0.223281 -1.102362,
        4.590377 0.382523 -1.102362,
        4.546487 0.395274 -1.102362,
        4.506944 0.398502 -1.102362,
        4.640969 0.033587 -1.102362,
        4.670541 0.064720 -1.102362,
        4.691514 0.102155 -1.102362,
        4.703363 0.143828 -1.102362,
        4.703979 0.151204 -1.102362,
        4.707170 0.189424 -1.102362,
        4.703979 0.220963 -1.102362,
        4.701506 0.245396 -1.102362,
        4.545775 -0.002401 -1.102362,
        4.571141 0.000230 -1.102362,
        4.609300 0.013364 -1.102362,
        4.456261 0.003174 -1.102362,
        4.496044 -0.002401 -1.102362,
        4.511857 -0.004617 -1.102362,
        4.522623 -0.004801 -1.102362,
        3.406037 0.000000 -1.102362,
        3.445872 0.110428 -1.102362,
        3.608514 0.110428 -1.102362,
        3.646098 0.000000 -1.102362,
        3.348422 0.000000 -1.102362,
        3.502061 0.393701 -1.102362,
        3.554875 0.393701 -1.102362,
        3.703713 0.000000 -1.102362,
        3.752180 0.107905 -1.102362,
        3.774757 0.072691 -1.102362,
        3.807163 0.041663 -1.102362,
        3.848270 0.017774 -1.102362,
        3.938298 0.393701 -1.102362,
        3.881419 0.387621 -1.102362,
        3.835356 0.371446 -1.102362,
        3.792505 0.342728 -1.102362,
        4.049402 0.393701 -1.102362,
        3.792093 0.342367 -1.102362,
        3.764252 0.311496 -1.102362,
        3.745956 0.277637 -1.102362,
        4.049402 0.000000 -1.102362,
        3.942349 0.000000 -1.102362,
        3.893635 0.004252 -1.102362,
        3.735381 0.238847 -1.102362,
        3.732520 0.201802 -1.102362,
        3.738045 0.149113 -1.102362,
        4.126221 0.000000 -1.102362,
        4.337475 0.000000 -1.102362,
        4.337475 0.393701 -1.102362,
        4.126221 0.043211 -1.102362,
        4.135824 0.350490 -1.102362,
        4.135824 0.393701 -1.102362,
        4.284661 0.177645 -1.102362,
        4.284661 0.043211 -1.102362,
        4.145426 0.177645 -1.102362,
        4.145426 0.220857 -1.102362,
        4.284661 0.220857 -1.102362,
        4.284661 0.350490 -1.102362,
        4.740778 0.043211 -1.102362,
        4.740778 0.000000 -1.102362,
        4.942430 0.000000 -1.102362,
        4.889617 0.043211 -1.102362,
        4.889617 0.393701 -1.102362,
        4.942430 0.393701 -1.102362,
        4.822835 3.430927 -0.591722,
        4.822835 3.418972 -0.582831,
        4.822835 3.373323 -0.623394,
        4.822835 3.374080 -0.628109,
        4.822835 3.412680 -0.580168,
        4.822835 3.409920 -0.579000,
        4.822835 3.407525 -0.578394,
        4.822835 3.400315 -0.577651,
        4.822835 3.397530 -0.577831,
        4.822835 3.393359 -0.578808,
        4.822835 3.391603 -0.579219,
        4.822835 3.387931 -0.580905,
        4.822835 3.383027 -0.584506,
        4.822835 3.381269 -0.586317,
        4.822835 3.374807 -0.630214,
        4.822835 3.377739 -0.638696,
        4.822835 3.383046 -0.654049,
        4.822835 3.389020 -0.671333,
        4.822835 3.393630 -0.682743,
        4.822835 3.409485 -0.721988,
        4.822835 3.430927 -0.775059,
        4.822835 3.425649 -0.761996,
        4.822835 3.417310 -0.741355,
        4.822835 3.376579 -0.593530,
        4.822835 3.374559 -0.599863,
        4.822835 3.373563 -0.602985,
        4.822835 3.373020 -0.606480,
        4.822835 3.373146 -0.613476,
        4.822835 3.378967 -0.589683,
        4.822835 3.377227 -0.592227,
        4.843659 3.430927 -0.580043,
        4.843642 3.430927 -0.580051,
        4.837637 3.430927 -0.582619,
        4.825886 3.430927 -0.589845,
        4.877765 3.430927 -0.605676,
        4.878859 3.430927 -0.598858,
        4.856846 3.430927 -0.576846,
        4.826270 3.430927 -0.774200,
        4.826774 3.430927 -0.773998,
        4.830068 3.430927 -0.772093,
        4.831088 3.430927 -0.771267,
        4.834723 3.430927 -0.767105,
        4.835702 3.430927 -0.765573,
        4.840440 3.430927 -0.754184,
        4.841858 3.430927 -0.748884,
        4.839003 3.430927 -0.757638,
        4.840366 3.430927 -0.754363,
        4.825869 3.430927 -0.774300,
        4.842740 3.430927 -0.744238,
        4.845493 3.430927 -0.729746,
        4.845894 3.430927 -0.727532,
        4.866874 3.430927 -0.640522,
        4.871234 3.430927 -0.626571,
        4.875956 3.430927 -0.611463,
        4.855818 3.430927 -0.679032,
        4.856238 3.430927 -0.677497,
        4.860839 3.430927 -0.660681,
        4.848407 3.430927 -0.713642,
        4.848898 3.430927 -0.710923,
        4.852421 3.430927 -0.691449,
        4.862700 3.430927 -0.653876,
        4.865844 3.430927 -0.643814,
        4.945560 4.972130 -0.570237,
        4.937863 4.972130 -0.577336,
        4.951230 4.972130 -0.549275,
        4.951693 4.972130 -0.550702,
        4.952196 4.972130 -0.554255,
        4.952141 4.972130 -0.555924,
        4.951115 4.972130 -0.560577,
        4.950496 4.972130 -0.562164,
        4.947415 4.972130 -0.567203,
        4.945577 4.972130 -0.570209,
        4.830560 4.972130 -0.569467,
        4.886238 4.972130 -0.625145,
        4.900735 4.972130 -0.611624,
        4.905315 4.972130 -0.607352,
        4.926456 4.972130 -0.587855,
        4.913675 4.972130 -0.599643,
        4.913587 4.972130 -0.599724,
        4.838028 4.972130 -0.563552,
        4.887849 4.972130 -0.535738,
        4.897989 4.972130 -0.533570,
        4.855339 4.972130 -0.549841,
        4.859487 4.972130 -0.547467,
        4.862494 4.972130 -0.545746,
        4.948609 4.972130 -0.544761,
        4.949495 4.972130 -0.545961,
        4.950092 4.972130 -0.547101,
        4.878334 4.972130 -0.539494,
        4.883081 4.972130 -0.537620,
        4.926798 4.972130 -0.533941,
        4.935237 4.972130 -0.535927,
        4.941506 4.972130 -0.539076,
        4.943744 4.972130 -0.540278,
        4.945010 4.972130 -0.541222,
        4.907366 4.972130 -0.533077,
        4.918184 4.972130 -0.532507,
        4.922419 4.972130 -0.532911,
        4.936364 4.972130 -0.536365,
        4.936687 4.972130 -0.536490,
        4.878478 3.431176 -0.598338,
        4.872175 3.433605 -0.590668,
        4.865341 3.433653 -0.583807,
        4.858141 3.431526 -0.577804,
        4.884111 4.965978 -0.626479,
        4.829127 4.965289 -0.571883,
        4.880376 4.958461 -0.626974,
        4.828781 4.957254 -0.576058,
        4.836843 4.939331 -0.594206,
        4.832690 4.943997 -0.587428,
        4.829953 4.950181 -0.581210,
        4.862382 4.939831 -0.619463,
        4.855247 4.936665 -0.614109,
        4.848107 4.935549 -0.607598,
        4.842191 4.936459 -0.601169,
        4.875495 4.951388 -0.626073,
        4.869093 4.944693 -0.623438,
        4.867208 4.941310 -0.544523,
        4.867030 4.934238 -0.549804,
        4.870382 4.923387 -0.564126,
        4.805651 3.394405 -0.678707,
        4.819018 3.377600 -0.637209,
        4.812073 3.380471 -0.631837,
        4.873779 4.920516 -0.572221,
        4.877863 4.919605 -0.579945,
        4.883109 4.920722 -0.588060,
        4.888644 4.923887 -0.595055,
        4.894122 4.928750 -0.600608,
        4.899641 4.935444 -0.604787,
        4.904132 4.942517 -0.606902,
        4.820538 3.443452 -0.607766,
        4.855659 3.438422 -0.674167,
        4.812165 3.409488 -0.721972,
        4.806330 3.385137 -0.626340,
        4.813520 3.437923 -0.606220,
        4.803033 3.423352 -0.606817,
        4.800276 3.415770 -0.608702,
        4.798925 3.406429 -0.612216,
        4.799654 3.398394 -0.616342,
        4.802099 3.391321 -0.621025,
        4.813980 3.393494 -0.681349,
        4.812190 3.426293 -0.763439,
        4.831765 3.443095 -0.802394,
        4.847754 3.443302 -0.793325,
        4.839554 3.442185 -0.798437,
        4.854838 3.446467 -0.787904,
        4.845075 3.434526 -0.751683,
        4.853878 3.448294 -0.743788,
        4.859523 3.442963 -0.630719,
        4.853387 3.447119 -0.625228,
        4.871514 4.958687 -0.538181,
        4.874841 4.966269 -0.537899,
        4.930224 4.964033 -0.526067,
        4.925987 4.956787 -0.521478,
        4.934144 4.969563 -0.532091,
        4.982007 4.957586 -0.537106,
        4.982985 4.959665 -0.556119,
        4.982928 4.959713 -0.546436,
        4.982096 4.957236 -0.566007,
        4.945837 4.969074 -0.575794,
        4.945405 4.963307 -0.582944,
        4.943907 4.955662 -0.589026,
        4.912613 4.964533 -0.604056,
        4.910267 4.956186 -0.606626,
        4.803438 3.410399 -0.721541,
        4.797552 3.397276 -0.675319,
        4.794742 3.413270 -0.720330,
        4.790581 3.401942 -0.671497,
        4.803473 3.429164 -0.764481,
        4.787028 3.417936 -0.718413,
        4.785118 3.408126 -0.667460,
        4.828489 3.447469 -0.610551,
        4.907870 4.950035 -0.607374,
        4.936228 4.933230 -0.594798,
        4.932740 4.925713 -0.593374,
        4.963361 4.909719 -0.587746,
        4.960515 4.902645 -0.583680,
        4.992622 4.886752 -0.585443,
        4.991618 4.880057 -0.578593,
        5.024573 4.863254 -0.588700,
        5.026585 4.858391 -0.581164,
        5.057245 4.842347 -0.599892,
        5.062485 4.839182 -0.592674,
        5.088926 4.823335 -0.620059,
        5.096954 4.822219 -0.614681,
        5.116960 4.805419 -0.650847,
        5.125445 4.806329 -0.648765,
        5.135581 4.790237 -0.690530,
        5.144310 4.793109 -0.691465,
        5.142953 4.777306 -0.736367,
        5.150046 4.781972 -0.739958,
        5.135783 4.765177 -0.785597,
        5.140184 4.771361 -0.790770,
        5.113520 4.755223 -0.831624,
        5.114855 4.762296 -0.836736,
        5.077600 4.746533 -0.869368,
        5.076331 4.754568 -0.873361,
        5.030031 4.737780 -0.895346,
        5.026656 4.747122 -0.897015,
        4.976550 4.730938 -0.905305,
        4.973479 4.738520 -0.903993,
        4.923821 4.722794 -0.898552,
        4.921668 4.730119 -0.894783,
        4.875105 4.713339 -0.875978,
        4.875099 4.720585 -0.869732,
        4.836995 4.704359 -0.840108,
        4.839969 4.709888 -0.833566,
        4.812552 4.694196 -0.796597,
        4.818614 4.698214 -0.790747,
        4.802514 4.681444 -0.748811,
        4.811130 4.683571 -0.745116,
        4.807086 4.667302 -0.703226,
        4.816755 4.667255 -0.702708,
        4.823252 4.651594 -0.664152,
        4.832741 4.649165 -0.667068,
        4.848180 4.632407 -0.633016,
        4.854662 4.628250 -0.638095,
        4.876623 4.611941 -0.610925,
        4.880200 4.606175 -0.617131,
        4.906285 4.590542 -0.597443,
        4.906822 4.582896 -0.603683,
        4.936136 4.566152 -0.590973,
        4.934151 4.558218 -0.594908,
        4.964557 4.541869 -0.589580,
        4.961318 4.533522 -0.590853,
        4.991398 4.517914 -0.592551,
        4.989095 4.511763 -0.591552,
        5.018737 4.495033 -0.600543,
        5.017026 4.487516 -0.597186,
        5.044087 4.471130 -0.613079,
        5.044598 4.464056 -0.608141,
        5.067586 4.448469 -0.630336,
        5.071301 4.441774 -0.624495,
        5.089616 4.425061 -0.653624,
        5.096061 4.420199 -0.649231,
        5.107096 4.403777 -0.683713,
        5.115783 4.400612 -0.681687,
        5.117859 4.385042 -0.719479,
        5.127450 4.383926 -0.720656,
        5.118987 4.367231 -0.761022,
        5.126772 4.368142 -0.764987,
        5.106988 4.351685 -0.803498,
        5.112975 4.354557 -0.809920,
        5.082735 4.339002 -0.842828,
        5.085756 4.343668 -0.850181,
        5.045237 4.326993 -0.875355,
        5.045192 4.333178 -0.882148,
        4.997972 4.316689 -0.895723,
        4.995635 4.323761 -0.900462,
        4.946334 4.308219 -0.900778,
        4.942765 4.316253 -0.902970,
        4.893481 4.299600 -0.889402,
        4.889835 4.308942 -0.888461,
        4.846205 4.292421 -0.861796,
        4.844741 4.300003 -0.858794,
        4.810869 4.284468 -0.822343,
        4.811703 4.291792 -0.818083,
        4.788807 4.275162 -0.773558,
        4.792882 4.282408 -0.768824,
        4.783350 4.265858 -0.721187,
        4.789881 4.271388 -0.718186,
        4.793308 4.255857 -0.672442,
        4.801719 4.259874 -0.671977,
        4.816881 4.243270 -0.629850,
        4.825820 4.245397 -0.632678,
        4.850293 4.228819 -0.598119,
        4.857945 4.228771 -0.604054,
        4.887994 4.213243 -0.579204,
        4.893269 4.210813 -0.587613,
        4.927084 4.194235 -0.571980,
        4.928676 4.190078 -0.580059,
        4.963261 4.173474 -0.573814,
        4.961906 4.167707 -0.580848,
        4.994446 4.152177 -0.583010,
        4.990772 4.144531 -0.588083,
        5.021150 4.127981 -0.597579,
        5.017077 4.120048 -0.599263,
        5.043722 4.103418 -0.615193,
        5.040439 4.095070 -0.614038,
        5.062051 4.079535 -0.634963,
        5.060961 4.073384 -0.632701,
        5.077455 4.056864 -0.658768,
        5.078352 4.049346 -0.655109,
        5.088500 4.032693 -0.684983,
        5.092117 4.025620 -0.681582,
        5.094989 4.010077 -0.713377,
        5.101619 4.003382 -0.711388,
        5.096470 3.986893 -0.745254,
        5.104220 3.982031 -0.746136,
        5.089965 3.965356 -0.779616,
        5.097862 3.962191 -0.783765,
        5.074723 3.946636 -0.813703,
        5.081209 3.945520 -0.820865,
        5.048580 3.929063 -0.845769,
        5.051886 3.929974 -0.853856,
        5.011552 3.913280 -0.870155,
        5.011882 3.916151 -0.878928,
        4.967470 3.900581 -0.884047,
        4.964946 3.905247 -0.891585,
        4.918064 3.888825 -0.884196,
        4.913593 3.895009 -0.889311,
        4.868779 3.878297 -0.868637,
        4.863913 3.885370 -0.870694,
        4.826376 3.869782 -0.838661,
        4.822242 3.877817 -0.837985,
        4.793961 3.861431 -0.795731,
        4.791814 3.870772 -0.792638,
        4.776146 3.854043 -0.743739,
        4.777001 3.861625 -0.740511,
        4.775215 3.846016 -0.690708,
        4.778632 3.853340 -0.688032,
        4.790339 3.836991 -0.639643,
        4.796517 3.844238 -0.638718,
        4.820521 3.827493 -0.596265,
        4.827424 3.833023 -0.598265,
        4.860004 3.817390 -0.565832,
        4.866670 3.821407 -0.570984,
        4.905449 3.805098 -0.549143,
        4.910372 3.807225 -0.557122,
        4.951626 3.790467 -0.546915,
        4.953537 3.790420 -0.556408,
        4.992626 3.774759 -0.557265,
        4.991113 3.772330 -0.567076,
        5.026700 3.756061 -0.577285,
        5.022630 3.751904 -0.584444,
        5.052992 3.735134 -0.602372,
        5.047368 3.729368 -0.606809,
        5.070646 3.713676 -0.629803,
        5.064549 3.706031 -0.631235,
        5.081221 3.689805 -0.658104,
        5.077037 3.681870 -0.656719,
        5.086829 3.665091 -0.686276,
        5.085100 3.656744 -0.683256,
        5.087772 3.641018 -0.713338,
        5.088429 3.634867 -0.710914,
        5.083899 3.618684 -0.741215,
        5.086969 3.611167 -0.739030,
        5.075102 3.594378 -0.768355,
        5.080061 3.587305 -0.768145,
        5.061353 3.571543 -0.794192,
        5.067669 3.564848 -0.797028,
        5.041815 3.548709 -0.819129,
        5.047108 3.543847 -0.824859,
        5.014364 3.527053 -0.840931,
        5.017630 3.523887 -0.849232,
        4.980354 3.508083 -0.856782,
        4.980569 3.506967 -0.866443,
        4.939900 3.490875 -0.863969,
        4.937121 3.491786 -0.872253,
        4.895851 3.474986 -0.858212,
        4.890367 3.477857 -0.865068,
        4.853213 3.462011 -0.839747,
        4.846369 3.466677 -0.843793,
        4.815965 3.450633 -0.807824,
        4.809239 3.456817 -0.808778,
        4.788780 3.440014 -0.763768,
        4.783752 3.447087 -0.762144,
        4.776265 3.431193 -0.713052,
        4.773583 3.439228 -0.709834,
        4.779769 3.423234 -0.659774,
        4.780163 3.432575 -0.656030,
        4.807281 3.430676 -0.605920,
        4.782338 3.440157 -0.653495,
        4.773010 3.448570 -0.706113,
        4.780339 3.455122 -0.759715,
        4.803963 3.463890 -0.808512,
        4.840109 3.472861 -0.846431,
        4.884777 3.482524 -0.870720,
        4.933601 3.494658 -0.880296,
        4.980000 3.507878 -0.875161,
        5.020291 3.522770 -0.858521,
        5.052412 3.540681 -0.832030,
        5.074250 3.559985 -0.801214,
        5.086889 3.580610 -0.769285,
        5.091704 3.604093 -0.737542,
        5.090837 3.627350 -0.708016,
        5.085121 3.650593 -0.680745,
        5.074584 3.673524 -0.654249,
        5.060150 3.698097 -0.630969,
        5.041833 3.721723 -0.609739,
        5.018348 3.746138 -0.590185,
        4.989014 3.768172 -0.575039,
        4.954558 3.787990 -0.566282,
        4.914675 3.807178 -0.565796,
        4.873475 3.823534 -0.577433,
        4.835177 3.837040 -0.601561,
        4.803702 3.849767 -0.638863,
        4.784365 3.860587 -0.685552,
        4.779631 3.868948 -0.737057,
        4.791806 3.878354 -0.789298,
        4.819372 3.887158 -0.835547,
        4.859741 3.893404 -0.871086,
        4.909424 3.902082 -0.892557,
        4.961941 3.911431 -0.897678,
        5.011344 3.920817 -0.886860,
        5.054473 3.932845 -0.862246,
        5.086486 3.946430 -0.827829,
        5.105948 3.961074 -0.789056,
        5.112920 3.978865 -0.748103,
        5.109335 3.998520 -0.710245,
        5.098030 4.018926 -0.677982,
        5.080967 4.042273 -0.650889,
        5.060886 4.065867 -0.628934,
        5.038814 4.088919 -0.612124,
        5.013607 4.111700 -0.598994,
        4.987271 4.136598 -0.590760,
        4.959633 4.160062 -0.586684,
        4.929183 4.184312 -0.587204,
        4.896891 4.206656 -0.595009,
        4.865173 4.226341 -0.610858,
        4.834744 4.245349 -0.636437,
        4.811086 4.262002 -0.672402,
        4.797902 4.275405 -0.715612,
        4.798418 4.287938 -0.764241,
        4.814417 4.299038 -0.812457,
        4.844472 4.307327 -0.854461,
        4.887648 4.316524 -0.885937,
        4.938999 4.325594 -0.903004,
        4.992735 4.331796 -0.903485,
        5.044155 4.340251 -0.887328,
        5.087468 4.349852 -0.856756,
        5.117756 4.359223 -0.816272,
        5.134210 4.371013 -0.769651,
        5.135996 4.384836 -0.722474,
        5.125360 4.399495 -0.680401,
        5.103935 4.417033 -0.645039,
        5.076391 4.436912 -0.618585,
        5.046716 4.457361 -0.601551,
        5.016251 4.480442 -0.592283,
        4.986574 4.504245 -0.588751,
        4.958837 4.527371 -0.590469,
        4.931347 4.549870 -0.596970,
        4.905923 4.574962 -0.607998,
        4.882299 4.598529 -0.623032,
        4.859711 4.622484 -0.643175,
        4.840317 4.645008 -0.670296,
        4.826674 4.664826 -0.703125,
        4.820343 4.683524 -0.742135,
        4.825980 4.700341 -0.784946,
        4.844350 4.713905 -0.826370,
        4.876298 4.726115 -0.862646,
        4.920044 4.737365 -0.888751,
        4.970440 4.745844 -0.900893,
        5.023352 4.754704 -0.896532,
        5.073504 4.763909 -0.875847,
        5.114641 4.770331 -0.840920,
        5.142782 4.778434 -0.795372,
        5.155638 4.788156 -0.743815,
        5.152082 4.797775 -0.693138,
        5.134124 4.809201 -0.647439,
        5.104610 4.823130 -0.610472,
        5.068883 4.838065 -0.585432,
        5.029809 4.855226 -0.572847,
        4.991608 4.875194 -0.570793,
        4.957800 4.895950 -0.577311,
        4.928952 4.918639 -0.590167,
        4.924703 4.911945 -0.584701,
        4.955806 4.891088 -0.569770,
        4.992567 4.872029 -0.561924,
        5.034146 4.854109 -0.564212,
        5.075217 4.838976 -0.579415,
        5.112649 4.826000 -0.606944,
        5.142065 4.813867 -0.647071,
        5.158470 4.803959 -0.695448,
        5.159339 4.795229 -0.747586,
        5.143645 4.786469 -0.799471,
        5.112537 4.779672 -0.844043,
        5.070187 4.771492 -0.876237,
        5.019620 4.762027 -0.894314,
        4.967340 4.753091 -0.895470,
        4.919367 4.742894 -0.881596,
        4.878690 4.730131 -0.854568,
        4.850006 4.716032 -0.818892,
        4.834107 4.700293 -0.779681,
        4.830037 4.681094 -0.739995,
        4.834820 4.660669 -0.704328,
        4.846510 4.639242 -0.673895,
        4.863255 4.614839 -0.648340,
        4.882522 4.590595 -0.627434,
        4.903749 4.566615 -0.610716,
        4.928851 4.543719 -0.597236,
        4.955690 4.519854 -0.588397,
        4.984557 4.497172 -0.584216,
        5.016604 4.473748 -0.585370,
        5.050146 4.452499 -0.594545,
        5.082913 4.433746 -0.612498,
        5.112859 4.415917 -0.641333,
        5.134089 4.400406 -0.679999,
        5.144387 4.387707 -0.725056,
        5.140464 4.375679 -0.774559,
        5.121074 4.365407 -0.822199,
        5.087804 4.356925 -0.862028,
        5.042131 4.348285 -0.890997,
        4.989101 4.341138 -0.904469,
        4.936234 4.333176 -0.901131,
        4.886272 4.323847 -0.881820,
        4.845676 4.314573 -0.848332,
        4.818581 4.304567 -0.806600,
        4.805504 4.291955 -0.759685,
        4.807072 4.277532 -0.713657,
        4.820677 4.261954 -0.673731,
        4.843483 4.242920 -0.641147,
        4.870546 4.222185 -0.617099,
        4.899224 4.200890 -0.601781,
        4.928493 4.176666 -0.593430,
        4.956922 4.152128 -0.590159,
        4.983850 4.128250 -0.591395,
        5.011543 4.105549 -0.597565,
        5.037789 4.081402 -0.608498,
        5.062325 4.058794 -0.624183,
        5.085749 4.035578 -0.645884,
        5.105206 4.014063 -0.674926,
        5.118249 3.995354 -0.709905,
        5.122099 3.977749 -0.751124,
        5.112813 3.961985 -0.794460,
        5.091144 3.949302 -0.835270,
        5.056005 3.937511 -0.870046,
        5.009978 3.927001 -0.893514,
        4.958747 3.918504 -0.901887,
        4.905496 3.910117 -0.894013,
        4.856348 3.902746 -0.869453,
        4.818505 3.894740 -0.832322,
        4.793451 3.885678 -0.785281,
        4.784550 3.876195 -0.733207,
        4.791346 3.866116 -0.683846,
        4.812043 3.853784 -0.640041,
        4.843393 3.839167 -0.606078,
        4.879859 3.823487 -0.584714,
        4.918217 3.804748 -0.575070,
        4.954544 3.783833 -0.574518,
        4.986346 3.762407 -0.581687,
        5.013759 3.738492 -0.594450,
        5.037509 3.713789 -0.610596,
        5.057147 3.689750 -0.629209,
        5.073955 3.667372 -0.651819,
        5.086715 3.643075 -0.677331,
        5.095034 3.620276 -0.705366,
        5.098594 3.597398 -0.736875,
        5.094318 3.575748 -0.771663,
        5.081212 3.556820 -0.806791,
        5.057389 3.539565 -0.840313,
        5.021956 3.523681 -0.867098,
        4.978652 3.510749 -0.883836,
        4.929667 3.499323 -0.887204,
        4.879394 3.488708 -0.874864,
        4.834940 3.479933 -0.847522,
        4.800036 3.471925 -0.807050,
        4.778838 3.464463 -0.756261,
        4.774467 3.456152 -0.703107,
        4.786208 3.447481 -0.651529,
        4.920852 4.907082 -0.577918,
        4.954477 4.887922 -0.560950,
        4.994519 4.870912 -0.552461,
        5.038735 4.855020 -0.556777,
        5.082095 4.841848 -0.573958,
        5.120224 4.830667 -0.604530,
        5.148831 4.820051 -0.647672,
        5.163007 4.811032 -0.698155,
        5.161235 4.803264 -0.751322,
        5.142410 4.795810 -0.803028,
        5.109427 4.787254 -0.845261,
        5.066008 4.778815 -0.875061,
        5.015235 4.769274 -0.889865,
        4.964870 4.758620 -0.888721,
        4.919585 4.746912 -0.873174,
        4.882240 4.732259 -0.845891,
        4.856533 4.715985 -0.811740,
        4.842916 4.697864 -0.775104,
        4.838220 4.676937 -0.739070,
        4.841723 4.654903 -0.706243,
        4.851270 4.631597 -0.677967,
        4.864599 4.606905 -0.652538,
        4.881106 4.582248 -0.630613,
        4.901407 4.560464 -0.611619,
        4.925277 4.536202 -0.596042,
        4.952591 4.512780 -0.584520,
        4.983109 4.490477 -0.577446,
        5.018119 4.468885 -0.577718,
        5.054916 4.449334 -0.587007,
        5.090574 4.432630 -0.606611,
        5.121189 4.416828 -0.638700,
        5.142859 4.403277 -0.680377,
        5.151698 4.392374 -0.728180,
        5.145196 4.381863 -0.779433,
        5.122732 4.372480 -0.827216,
        5.086798 4.364960 -0.866095,
        5.038872 4.357627 -0.892883,
        4.985952 4.348720 -0.903356,
        4.933841 4.340500 -0.897509,
        4.885856 4.331094 -0.875588,
        4.848226 4.320103 -0.841613,
        4.824251 4.308585 -0.800369,
        4.813860 4.294082 -0.755433,
        4.816688 4.277485 -0.712520,
        4.830336 4.259524 -0.676026,
        4.850284 4.238763 -0.645791,
        4.874514 4.216419 -0.623063,
        4.900163 4.193245 -0.607974,
        4.926770 4.168733 -0.597487,
        4.953771 4.143781 -0.591638,
        4.981486 4.122099 -0.590546,
        5.009616 4.098031 -0.594327,
        5.037981 4.074329 -0.603538,
        5.065656 4.052099 -0.618115,
        5.091893 4.030716 -0.641078,
        5.113745 4.010898 -0.672345,
        5.127896 3.994238 -0.710461,
        5.130127 3.978659 -0.754570,
        5.119201 3.964857 -0.800483,
        5.094633 3.953967 -0.842414,
        5.056405 3.943695 -0.876828,
        5.007952 3.934074 -0.898393,
        4.955326 3.926539 -0.904305,
        4.901796 3.919459 -0.893314,
        4.854694 3.910328 -0.866552,
        4.819064 3.902064 -0.828017,
        4.797207 3.892925 -0.780290,
        4.790872 3.881724 -0.729790,
        4.799711 3.870133 -0.682842,
        4.821149 3.855912 -0.642277,
        4.851413 3.839120 -0.611505,
        4.885663 3.821057 -0.592768,
        4.920335 3.800591 -0.583028,
        4.953647 3.778067 -0.581624,
        4.983006 3.754761 -0.586985,
        5.009806 3.730558 -0.596396,
        5.034159 3.705441 -0.609656,
        5.055915 3.683599 -0.627022,
        5.074610 3.659855 -0.648109,
        5.090103 3.636002 -0.673703,
        5.101524 3.613582 -0.702957,
        5.106386 3.592536 -0.737247,
        5.102467 3.572582 -0.775291,
        5.088142 3.555704 -0.813525,
        5.061218 3.540476 -0.848166,
        5.022854 3.526553 -0.875831,
        4.976612 3.515415 -0.891520,
        4.925541 3.505508 -0.892600,
        4.874671 3.495781 -0.877233,
        4.830770 3.487969 -0.847110,
        4.797692 3.481267 -0.804104,
        4.779482 3.472045 -0.752985,
        4.777707 3.463475 -0.700219,
        4.792312 3.454728 -0.650202,
        4.917317 4.903917 -0.569728,
        4.953956 4.886806 -0.551301,
        4.997025 4.871823 -0.544091,
        5.043992 4.857892 -0.549746,
        5.088807 4.846513 -0.569698,
        5.126915 4.836851 -0.603357,
        5.153910 4.827124 -0.649130,
        5.165791 4.819067 -0.701287,
        5.160962 4.812606 -0.755078,
        5.139715 4.803392 -0.805001,
        5.105087 4.794578 -0.845184,
        5.060620 4.786061 -0.871900,
        5.011120 4.774803 -0.883973,
        4.962946 4.762637 -0.880519,
        4.920767 4.749039 -0.863874,
        4.886718 4.732211 -0.837305,
        4.863895 4.713555 -0.805080,
        4.850580 4.693707 -0.772092,
        4.845383 4.671172 -0.739150,
        4.847359 4.647257 -0.708976,
        4.853655 4.623663 -0.681673,
        4.864047 4.598557 -0.655974,
        4.879069 4.576097 -0.632080,
        4.897646 4.552947 -0.611390,
        4.921287 4.529129 -0.593091,
        4.949477 4.506086 -0.578337,
        4.982592 4.485615 -0.569663,
        5.020791 4.465720 -0.569207,
        5.060840 4.448217 -0.579374,
        5.097941 4.433541 -0.601913,
        5.129763 4.419700 -0.636810,
        5.150722 4.407943 -0.681550,
        5.157529 4.398558 -0.731665,
        5.148089 4.388937 -0.783854,
        5.122785 4.380515 -0.831405,
        5.084137 4.374301 -0.868760,
        5.035543 4.365209 -0.892618,
        4.982721 4.356043 -0.900456,
        4.931829 4.347747 -0.891596,
        4.886588 4.336623 -0.868439,
        4.852138 4.324120 -0.834152,
        4.831225 4.310711 -0.794103,
        4.822858 4.294035 -0.751855,
        4.826613 4.275055 -0.712301,
        4.838105 4.255368 -0.678757,
        4.855656 4.232997 -0.650529,
        4.876987 4.208774 -0.628817,
        4.899545 4.185311 -0.612338,
        4.924109 4.160385 -0.599728,
        4.951270 4.137630 -0.591413,
        4.978790 4.114581 -0.587915,
        5.008521 4.090958 -0.589485,
        5.039671 4.067634 -0.596825,
        5.070354 4.047237 -0.611888,
        5.099474 4.027551 -0.636378,
        5.123220 4.009781 -0.670446,
        5.136541 3.995148 -0.711723,
        5.137855 3.981531 -0.758737,
        5.124381 3.969522 -0.806513,
        5.096765 3.960151 -0.848864,
        5.055709 3.950768 -0.882066,
        5.005252 3.942109 -0.901598,
        4.951570 3.935880 -0.904580,
        4.899448 3.927041 -0.890939,
        4.854146 3.917651 -0.862245,
        4.821410 3.909310 -0.822228,
        4.802430 3.898454 -0.775354,
        4.798711 3.885741 -0.726703,
        4.809085 3.872260 -0.682665,
        4.830300 3.855865 -0.645443,
        4.859066 3.836690 -0.617828,
        4.889752 3.816900 -0.599916,
        4.921309 3.794825 -0.590125,
        4.951757 3.770422 -0.587596,
        4.979683 3.746827 -0.589880,
        5.006326 3.722211 -0.596356,
        5.032413 3.699290 -0.607852,
        5.055598 3.676081 -0.623267,
        5.076943 3.652782 -0.643727,
        5.095770 3.629307 -0.669727,
        5.109151 3.608719 -0.701323,
        5.115196 3.589371 -0.738640,
        5.110879 3.571466 -0.780046,
        5.093852 3.556614 -0.820138,
        5.064349 3.543347 -0.856368,
        5.022833 3.531218 -0.883781,
        4.974002 3.521599 -0.897792,
        4.921593 3.512581 -0.896112,
        4.870534 3.503816 -0.877894,
        4.827751 3.497310 -0.844860,
        4.797464 3.488848 -0.800772,
        4.781881 3.479369 -0.749367,
        4.783271 3.470722 -0.697380,
        4.799491 3.460257 -0.649876,
        4.914354 4.902800 -0.560531,
        4.954250 4.887717 -0.542569,
        5.000281 4.874694 -0.535938,
        5.049395 4.862557 -0.543914,
        5.094980 4.852698 -0.566863,
        5.132198 4.843924 -0.603450,
        5.157400 4.835159 -0.651447,
        5.166481 4.828408 -0.704988,
        5.158871 4.820187 -0.757681,
        5.135500 4.810716 -0.806037,
        5.099074 4.801824 -0.843494,
        5.055120 4.791591 -0.867274,
        5.007161 4.778820 -0.876537,
        4.961731 4.764764 -0.871223,
        4.922869 4.748991 -0.854421,
        4.892128 4.729782 -0.828981,
        4.870545 4.709399 -0.800223,
        4.857519 4.687941 -0.770315,
        4.851530 4.663526 -0.740347,
        4.850605 4.639323 -0.711957,
        4.854011 4.615315 -0.685135,
        4.862454 4.592406 -0.657914,
        4.875372 4.568580 -0.632811,
        4.893027 4.545873 -0.609572,
        4.916690 4.522434 -0.587914,
        4.947007 4.501223 -0.570937,
        4.982972 4.482449 -0.560751,
        5.024554 4.464603 -0.560307,
        5.066778 4.449128 -0.572965,
        5.105733 4.436412 -0.597869,
        5.137663 4.424365 -0.635922,
        5.157245 4.414128 -0.683448,
        5.161467 4.405631 -0.735187,
        5.149220 4.396971 -0.787888,
        5.120885 4.389856 -0.834656,
        5.080852 4.381883 -0.869364,
        5.031674 4.372533 -0.890648,
        4.979280 4.363290 -0.895243,
        4.930689 4.353276 -0.884500,
        4.888446 4.340640 -0.860221,
        4.857303 4.326247 -0.826327,
        4.838994 4.310664 -0.788323,
        4.832391 4.291605 -0.749084,
        4.834820 4.270898 -0.712981,
        4.844518 4.249602 -0.681948,
        4.859530 4.225352 -0.655450,
        4.877492 4.200840 -0.633196,
        4.897552 4.176964 -0.615191,
        4.921635 4.154234 -0.600157,
        4.947997 4.130112 -0.589548,
        4.976483 4.107508 -0.583519,
        5.008420 4.084264 -0.582563,
        5.042643 4.062772 -0.589613,
        5.076469 4.044071 -0.605394,
        5.108137 4.026434 -0.632096,
        5.131903 4.010692 -0.669483,
        5.145081 3.998020 -0.713759,
        5.144418 3.986196 -0.763224,
        5.128074 3.975706 -0.812215,
        5.097440 3.967224 -0.854104,
        5.053931 3.958803 -0.885859,
        5.001689 3.951450 -0.902813,
        4.948690 3.943462 -0.902889,
        4.897804 3.934364 -0.886921,
        4.854952 3.924898 -0.856051,
        4.825189 3.914840 -0.816115,
        4.809203 3.902471 -0.770344,
        4.807735 3.887869 -0.724160,
        4.818742 3.872213 -0.683376,
        4.839328 3.853435 -0.649570,
        4.864831 3.832533 -0.623708,
        4.892515 3.811135 -0.606525,
        4.921029 3.787180 -0.596382,
        4.949276 3.762488 -0.591239,
        4.976309 3.738480 -0.590733,
        5.004172 3.716060 -0.595065,
        5.031155 3.691773 -0.604300,
        5.056731 3.669009 -0.618434,
        5.081387 3.646087 -0.638419,
        5.102733 3.624445 -0.666212,
        5.118025 3.605554 -0.700415,
        5.124553 3.588254 -0.741054,
        5.118081 3.572376 -0.784993,
        5.098976 3.559485 -0.827267,
        5.066389 3.548013 -0.864052,
        5.021902 3.537403 -0.890510,
        4.971082 3.528672 -0.902196,
        4.917769 3.520615 -0.897823,
        4.867043 3.513157 -0.876486,
        4.826681 3.504892 -0.841696,
        4.798844 3.496172 -0.796656,
        4.786539 3.486615 -0.745205,
        4.790130 3.476251 -0.695233,
        4.807893 3.464274 -0.650506,
        4.836982 3.449596 -0.614523,
        4.912411 4.903711 -0.552013,
        4.955324 4.890588 -0.533856,
        5.003988 4.879360 -0.528905,
        5.054640 4.868741 -0.539597,
        5.100113 4.859771 -0.565609,
        5.136169 4.851959 -0.604783,
        5.159014 4.844500 -0.654849,
        5.165120 4.835991 -0.708038,
        5.155068 4.827511 -0.759774,
        5.129254 4.817963 -0.805941,
        5.092580 4.807354 -0.840416,
        5.049369 4.795608 -0.861118,
        5.003607 4.780947 -0.867861,
        4.961366 4.764717 -0.861546,
        4.925938 4.746562 -0.844980,
        4.897313 4.725625 -0.822583,
        4.876808 4.703633 -0.796745,
        4.863768 4.680296 -0.769879,
        4.855433 4.655592 -0.742396,
        4.851826 4.630976 -0.715216,
        4.852974 4.609164 -0.687422,
        4.859069 4.584889 -0.659569,
        4.870444 4.561506 -0.632221,
        4.887247 4.539178 -0.605762,
        4.912403 4.517571 -0.581398,
        4.945121 4.498058 -0.562219,
        4.984304 4.481333 -0.551181,
        5.028647 4.465514 -0.552588,
        5.073295 4.452000 -0.567082,
        5.113135 4.441078 -0.594968,
        5.144454 4.430549 -0.636079,
        5.161945 4.421200 -0.685861,
        5.163601 4.413666 -0.738792,
        5.148219 4.406313 -0.791519,
        5.117859 4.397438 -0.836070,
        5.076606 4.389207 -0.868461,
        5.027007 4.379779 -0.886497,
        4.976385 4.368819 -0.888665,
        4.930361 4.357293 -0.876082,
        4.891420 4.342767 -0.851330,
        4.863360 4.326199 -0.818772,
        4.847488 4.308235 -0.783184,
        4.840496 4.287448 -0.747624,
        4.841831 4.265132 -0.714449,
        4.849531 4.241957 -0.685703,
        4.861147 4.217418 -0.659551,
        4.876283 4.192493 -0.636459,
        4.895272 4.170813 -0.616243,
        4.917990 4.146717 -0.599200,
        4.944655 4.123039 -0.585878,
        4.974602 4.100814 -0.576857,
        5.009430 4.079402 -0.574829,
        5.046920 4.059606 -0.581785,
        5.083734 4.042955 -0.599024,
        5.116276 4.027344 -0.628922,
        5.140680 4.013563 -0.669295,
        5.152578 4.002685 -0.716405,
        5.149459 3.992381 -0.767778,
        5.130052 3.982780 -0.817114,
        5.096697 3.975259 -0.858228,
        5.050803 3.968144 -0.887955,
        4.998475 3.959032 -0.901906,
        4.946068 3.950786 -0.899429,
        4.896981 3.941611 -0.880730,
        4.857063 3.930427 -0.849181,
        4.830447 3.918857 -0.809533,
        4.817262 3.904598 -0.765552,
        4.817257 3.887821 -0.722404,
        4.828528 3.869783 -0.685045,
        4.846420 3.849278 -0.653757,
        4.869176 3.826767 -0.629402,
        4.893849 3.803489 -0.612644,
        4.919576 3.779246 -0.600543,
        4.946228 3.754141 -0.592918,
        4.973897 3.732329 -0.590038,
        5.002038 3.708543 -0.591960,
        5.031026 3.684700 -0.599338,
        5.059667 3.662314 -0.612165,
        5.087202 3.641225 -0.633220,
        5.111086 3.621280 -0.663083,
        5.127687 3.604437 -0.700353,
        5.132791 3.589165 -0.743967,
        5.124846 3.575248 -0.790588,
        5.102913 3.564151 -0.834173,
        5.067232 3.554197 -0.870793,
        5.020197 3.544476 -0.895511,
        4.967822 3.536707 -0.904827,
        4.914031 3.529957 -0.897367,
        4.865203 3.520739 -0.873698,
        4.826965 3.512216 -0.837364,
        4.802265 3.503419 -0.791429,
        4.792626 3.492145 -0.741384,
        4.798414 3.480268 -0.693700,
        4.817124 3.466401 -0.652141,
        4.845338 3.449549 -0.619416,
        4.911227 4.906582 -0.543313,
        4.957119 4.895254 -0.526111,
        5.007935 4.885545 -0.523376,
        5.059283 4.875814 -0.537075,
        5.104293 4.867805 -0.565889,
        5.138609 4.861300 -0.607652,
        5.158477 4.852082 -0.658145,
        5.161973 4.843314 -0.711028,
        5.149010 4.834757 -0.761299,
        5.122189 4.823492 -0.804626,
        5.085455 4.811370 -0.835921,
        5.043688 4.797735 -0.853659,
        5.000777 4.780900 -0.858600,
        4.961941 4.762287 -0.851636,
        4.929288 4.742405 -0.837457,
        4.902475 4.719859 -0.817617,
        4.882742 4.695987 -0.794741,
        4.868067 4.672362 -0.770848,
        4.857449 4.647245 -0.745233,
        4.851402 4.624825 -0.717691,
        4.850133 4.601647 -0.689896,
        4.854154 4.577816 -0.660264,
        4.863888 4.554811 -0.629998,
        4.881420 4.534316 -0.600577,
        4.908340 4.514406 -0.573456,
        4.943988 4.496941 -0.552623,
        4.986260 4.482243 -0.542665,
        5.033433 4.468385 -0.545228,
        5.079722 4.456665 -0.562404,
        5.119736 4.447262 -0.593362,
        5.149617 4.437622 -0.637201,
        5.164922 4.429235 -0.688809,
        5.163574 4.423007 -0.742557,
        5.145660 4.413894 -0.793664,
        5.113523 4.404761 -0.836270,
        5.071025 4.396454 -0.865657,
        5.022516 4.385308 -0.880887,
        4.973941 4.372836 -0.880603,
        4.930937 4.359420 -0.866724,
        4.895326 4.342720 -0.842469,
        4.870280 4.323770 -0.811654,
        4.854941 4.304078 -0.779681,
        4.847648 4.281683 -0.747235,
        4.847630 4.257487 -0.716816,
        4.852151 4.234022 -0.689247,
        4.860821 4.209070 -0.663015,
        4.874344 4.186341 -0.638053,
        4.891505 4.163295 -0.616258,
        4.913815 4.139644 -0.596516,
        4.941151 4.116344 -0.579907,
        4.973583 4.095952 -0.569124,
        5.011539 4.076236 -0.566162,
        5.052340 4.058489 -0.573786,
        5.090782 4.043865 -0.593859,
        5.124708 4.030217 -0.626473,
        5.148602 4.018229 -0.669961,
        5.158622 4.008870 -0.719507,
        5.152635 3.999454 -0.771999,
        5.130375 3.990814 -0.821291,
        5.094214 3.984601 -0.861058,
        5.047463 3.975726 -0.887908,
        4.995064 3.966356 -0.899221,
        4.943680 3.958033 -0.893657,
        4.897243 3.947140 -0.873547,
        4.860485 3.934444 -0.841483,
        4.837004 3.920984 -0.802831,
        4.826006 3.904551 -0.761393,
        4.827148 3.885392 -0.721544,
        4.836456 3.865627 -0.687271,
        4.852091 3.843512 -0.658133,
        4.872017 3.819122 -0.634985,
        4.893513 3.795556 -0.617039,
        4.917066 3.770898 -0.602954,
        4.943718 3.747990 -0.592856,
        4.971037 3.724811 -0.587584,
        5.000628 3.701469 -0.587201,
        5.032277 3.678006 -0.592529,
        5.063957 3.657451 -0.605650,
        5.094460 3.638059 -0.628034,
        5.120417 3.620163 -0.660572,
        5.136396 3.605348 -0.701060,
        5.140774 3.592037 -0.747618,
        5.130407 3.579914 -0.796269,
        5.105452 3.570335 -0.840474,
        5.066881 3.561270 -0.876065,
        5.017711 3.552510 -0.898884,
        4.964092 3.546048 -0.905341,
        4.911532 3.537539 -0.895151,
        4.864376 3.528063 -0.869437,
        4.828938 3.519463 -0.831438,
        4.807154 3.508948 -0.786162,
        4.800247 3.496162 -0.737794,
        4.807757 3.482395 -0.692928,
        4.826463 3.466354 -0.654702,
        4.910989 4.911248 -0.535367,
        4.959530 4.901438 -0.519760,
        5.011766 4.892617 -0.519737,
        5.063396 4.883850 -0.536279,
        5.107382 4.877147 -0.568043,
        5.138945 4.868882 -0.610974,
        5.156198 4.859406 -0.661840,
        5.156501 4.850561 -0.714042,
        5.141845 4.840287 -0.761859,
        5.114151 4.827509 -0.802102,
        5.078067 4.813498 -0.830148,
        5.038557 4.797688 -0.845447,
        4.998796 4.778470 -0.848873,
        4.963274 4.758130 -0.843509,
        4.932989 4.736639 -0.831324,
        4.907697 4.712214 -0.814159,
        4.887146 4.688053 -0.794588,
        4.870749 4.664015 -0.773066,
        4.857674 4.641094 -0.747734,
        4.849281 4.617307 -0.720804,
        4.845566 4.594574 -0.691840,
        4.847247 4.571121 -0.659797,
        4.856938 4.549949 -0.626456,
        4.875440 4.531151 -0.593957,
        4.904781 4.513290 -0.564473,
        4.943726 4.497852 -0.543890,
        4.988979 4.485115 -0.534317,
        5.038442 4.473051 -0.539055,
        5.085703 4.462850 -0.559181,
        5.125013 4.454335 -0.593111,
        5.153252 4.445657 -0.639285,
        5.165847 4.438577 -0.692459,
        5.161656 4.430589 -0.745292,
        5.141521 4.421218 -0.794973,
        5.107414 4.412008 -0.834968,
        5.065236 4.401983 -0.861399,
        5.018077 4.389326 -0.873726,
        4.972133 4.374964 -0.871403,
        4.932421 4.359373 -0.857155,
        4.900178 4.340290 -0.833809,
        4.876606 4.319613 -0.806382,
        4.861750 4.298312 -0.777458,
        4.853861 4.274037 -0.748027,
        4.851060 4.249553 -0.719583,
        4.852731 4.225675 -0.692678,
        4.859358 4.202919 -0.665056,
        4.870702 4.178824 -0.639020,
        4.886778 4.156222 -0.614743,
        4.908888 4.132949 -0.591652,
        4.938212 4.111482 -0.572682,
        4.973386 4.092786 -0.560206,
        5.014711 4.075119 -0.557034,
        5.057855 4.059400 -0.567009,
        5.098297 4.046737 -0.589321,
        5.132533 4.034882 -0.625070,
        5.155234 4.024414 -0.671435,
        5.162778 4.015943 -0.722768,
        5.154028 4.007489 -0.775951,
        5.128688 4.000156 -0.824657,
        5.090975 3.992182 -0.861873,
        5.043474 3.983050 -0.886197,
        4.991294 3.973602 -0.894240,
        4.942086 3.963562 -0.886650,
        4.898557 3.951157 -0.865226,
        4.865134 3.936572 -0.833341,
        4.844385 3.920937 -0.796564,
        4.835337 3.902121 -0.758003,
        4.835381 3.881235 -0.721692,
        4.843061 3.859861 -0.690044,
        4.856279 3.835867 -0.662791,
        4.872804 3.811188 -0.639322,
        4.891706 3.787208 -0.620013,
        4.914626 3.764748 -0.603544,
        4.940330 3.740472 -0.591207,
        4.968454 3.717738 -0.583345,
        5.000074 3.694775 -0.580300,
        5.034776 3.673143 -0.585140,
        5.069643 3.654286 -0.598778,
        5.102822 3.636943 -0.623193,
        5.129021 3.621074 -0.659048,
        5.145048 3.608219 -0.702547,
        5.147617 3.596702 -0.751665,
        5.134462 3.586098 -0.801719,
        5.106460 3.577408 -0.845661,
        5.065354 3.569305 -0.879966,
        5.014235 3.561852 -0.900329,
        4.961110 3.553630 -0.903837,
        4.909629 3.544862 -0.891249,
        4.864777 3.535309 -0.863203,
        4.832320 3.524992 -0.825097,
        4.813584 3.512965 -0.780719,
        4.809086 3.498289 -0.734669,
        4.817440 3.482348 -0.693023,
        4.835742 3.463924 -0.658230,
        4.868093 4.928053 -0.556513,
        4.911700 4.917433 -0.528611,
        4.962308 4.908511 -0.515266,
        5.015532 4.900652 -0.517903,
        5.066932 4.893190 -0.537573,
        5.108551 4.884728 -0.571171,
        5.137700 4.876206 -0.615133,
        5.151678 4.866652 -0.666152,
        5.149714 4.856090 -0.716403,
        5.133428 4.844304 -0.761504,
        5.105533 4.829636 -0.798410,
        5.071020 4.813450 -0.823507,
        5.034124 4.795258 -0.836565,
        4.998005 4.774314 -0.840676,
        4.965298 4.752365 -0.836638,
        4.937137 4.728993 -0.826631,
        4.911916 4.704280 -0.812883,
        4.890303 4.679706 -0.796054,
        4.871614 4.657863 -0.775423,
        4.856422 4.633576 -0.751287,
        4.845354 4.610234 -0.723841,
        4.838774 4.587879 -0.693178,
        4.839621 4.566258 -0.658158,
        4.849478 4.546783 -0.621566,
        4.869677 4.530035 -0.586201,
        4.902285 4.514200 -0.556100,
        4.944244 4.500723 -0.535126,
        4.992220 4.489780 -0.527058,
        5.043393 4.479235 -0.534404,
        5.090745 4.469922 -0.557604,
        5.129064 4.462370 -0.594184,
        5.155085 4.454998 -0.642574,
        5.164683 4.446158 -0.695590,
        5.157997 4.437913 -0.747627,
        5.135282 4.428465 -0.795287,
        5.100737 4.417538 -0.832310,
        5.059097 4.406000 -0.855628,
        5.013962 4.391453 -0.865302,
        4.971152 4.374916 -0.861770,
        4.934872 4.356943 -0.847535,
        4.904932 4.336134 -0.827084,
        4.882633 4.313847 -0.802511,
        4.867957 4.290667 -0.776619,
        4.857889 4.266103 -0.749816,
        4.852488 4.241206 -0.722756,
        4.851844 4.219524 -0.695027,
        4.856089 4.195402 -0.666929,
        4.865746 4.171751 -0.638747,
        4.880764 4.149527 -0.611315,
        4.904184 4.128087 -0.585431,
        4.935769 4.108316 -0.564103,
        4.974097 4.091669 -0.550570,
        5.018288 4.076030 -0.549063,
        5.063980 4.062272 -0.560719,
        5.105496 4.051403 -0.585948,
        5.139320 4.041066 -0.624781,
        5.160080 4.031487 -0.673540,
        5.165141 4.023978 -0.726228,
        5.153267 4.016830 -0.779639,
        5.125760 4.007737 -0.826264,
        5.086680 3.999506 -0.861246,
        5.038544 3.990296 -0.882361,
        4.987980 3.979131 -0.887863,
        4.941217 3.967579 -0.878270,
        4.900943 3.953284 -0.856159,
        4.870691 3.936524 -0.825411,
        4.852531 3.918507 -0.790890,
        4.843328 3.897964 -0.756015,
        4.842472 3.875469 -0.722704,
        4.848305 3.852215 -0.693470,
        4.858161 3.827933 -0.666776,
        4.871809 3.802841 -0.642656,
        4.889498 3.781057 -0.621210,
        4.910927 3.757230 -0.602828,
        4.936758 3.733399 -0.587761,
        4.966149 3.711044 -0.576818,
        5.000574 3.689912 -0.572517,
        5.038535 3.669977 -0.577051,
        5.076487 3.653169 -0.591956,
        5.110738 3.637853 -0.619493,
        5.137767 3.623945 -0.658292,
        5.152699 3.612885 -0.704708,
        5.152945 3.602886 -0.755879,
        5.136754 3.593171 -0.806480,
        5.105982 3.585443 -0.849823,
        5.062370 3.578647 -0.882262,
        5.010968 3.569433 -0.899631,
        4.958273 3.560954 -0.900551,
        4.908402 3.552109 -0.885125,
        4.866437 3.540839 -0.856211,
        4.837149 3.529009 -0.818193,
        4.821312 3.515092 -0.775411,
        4.818475 3.498241 -0.732297,
        4.827313 3.479918 -0.694068,
        4.843092 3.459768 -0.661944,
        4.864230 3.437196 -0.636119,
        4.849037 3.454002 -0.665940,
        4.835367 3.475762 -0.695785,
        4.828288 3.495812 -0.730795,
        4.829765 3.515045 -0.770687,
        4.843266 3.531136 -0.811088,
        4.869352 3.544856 -0.848307,
        4.908193 3.557639 -0.877941,
        4.955522 3.568201 -0.894943,
        5.007390 3.576757 -0.897174,
        5.059035 3.586228 -0.882435,
        5.103685 3.594785 -0.852806,
        5.137348 3.601206 -0.810627,
        5.156392 3.609959 -0.759883,
        5.158928 3.619070 -0.707417,
        5.145716 3.628611 -0.658442,
        5.118990 3.640725 -0.616497,
        5.083189 3.654080 -0.586352,
        5.043426 3.668861 -0.568717,
        5.002110 3.686747 -0.563730,
        4.964637 3.706181 -0.569165,
        4.932875 3.726704 -0.582030,
        4.906584 3.750157 -0.600424,
        4.885740 3.773539 -0.621467,
        4.869976 3.796690 -0.644372,
        4.858063 3.819585 -0.670255,
        4.851147 3.844281 -0.696838,
        4.848413 3.867824 -0.724691,
        4.850440 3.892199 -0.755157,
        4.859744 3.914351 -0.786915,
        4.877137 3.934094 -0.817861,
        4.904259 3.953237 -0.847061,
        4.941190 3.969706 -0.868894,
        4.985021 3.983148 -0.879975,
        5.033694 3.995826 -0.877057,
        5.080929 4.006753 -0.858807,
        5.121445 4.015061 -0.826743,
        5.150855 4.024412 -0.781948,
        5.165356 4.033319 -0.729987,
        5.163240 4.039521 -0.676291,
        5.144545 4.048139 -0.625562,
        5.111979 4.057587 -0.583920,
        5.070093 4.066937 -0.555637,
        5.022581 4.078902 -0.541405,
        4.975498 4.092580 -0.541946,
        4.934022 4.107200 -0.554599,
        4.899609 4.124921 -0.577773,
        4.874613 4.144665 -0.606517,
        4.859061 4.165056 -0.636949,
        4.851230 4.188329 -0.667945,
        4.849169 4.212007 -0.697681,
        4.852224 4.235054 -0.725253,
        4.860087 4.257756 -0.752514,
        4.872311 4.282733 -0.777307,
        4.888427 4.306202 -0.800131,
        4.909758 4.330368 -0.821791,
        4.937727 4.352787 -0.839811,
        4.971092 4.372486 -0.851843,
        5.010533 4.391405 -0.856246,
        5.052945 4.408127 -0.848554,
        5.093339 4.421555 -0.828279,
        5.128146 4.433994 -0.794437,
        5.152051 4.445159 -0.749543,
        5.161733 4.453482 -0.698774,
        5.154765 4.462580 -0.645898,
        5.131685 4.471711 -0.596887,
        5.094935 4.477957 -0.557617,
        5.047861 4.486309 -0.531583,
        4.995799 4.495965 -0.521285,
        4.945544 4.505389 -0.527283,
        4.900535 4.517072 -0.547496,
        4.865100 4.530945 -0.578759,
        4.841939 4.545667 -0.615521,
        4.831156 4.563093 -0.655346,
        4.830983 4.583017 -0.693568,
        4.839122 4.603539 -0.726856,
        4.853405 4.626503 -0.755230,
        4.871324 4.650346 -0.779180,
        4.891737 4.673555 -0.798115,
        4.915342 4.695933 -0.813491,
        4.940881 4.721059 -0.824307,
        4.968120 4.744719 -0.831047,
        4.998203 4.768548 -0.833516,
        5.031236 4.791102 -0.828852,
        5.064478 4.811021 -0.816041,
        5.097021 4.829589 -0.793792,
        5.124148 4.846431 -0.760170,
        5.141483 4.860107 -0.718198,
        5.145719 4.872181 -0.670169,
        5.134453 4.883452 -0.620469,
        5.108405 4.892052 -0.575510,
        5.068861 4.900772 -0.540299,
        5.019283 4.909994 -0.518236,
        4.965484 4.916546 -0.512533,
        4.913241 4.924506 -0.523557,
        4.915615 4.932540 -0.520105,
        4.969196 4.925887 -0.511902,
        5.021853 4.917576 -0.520369,
        5.069827 4.908096 -0.544531,
        5.106621 4.899299 -0.581496,
        5.129738 4.888981 -0.625893,
        5.138220 4.876199 -0.674007,
        5.132168 4.862234 -0.719265,
        5.114731 4.846383 -0.757915,
        5.088787 4.827159 -0.788247,
        5.059727 4.806864 -0.809313,
        5.029573 4.785336 -0.821885,
        4.999500 4.760902 -0.827388,
        4.971153 4.736785 -0.827848,
        4.944348 4.712712 -0.824007,
        4.917256 4.689781 -0.815117,
        4.892408 4.666037 -0.801822,
        4.869431 4.643272 -0.783769,
        4.848154 4.619808 -0.759741,
        4.831685 4.598677 -0.729207,
        4.822078 4.579851 -0.693044,
        4.822319 4.561976 -0.651437,
        4.835627 4.546578 -0.609481,
        4.861183 4.533817 -0.570902,
        4.899777 4.521737 -0.539583,
        4.947546 4.511574 -0.520791,
        4.999385 4.503038 -0.517404,
        5.051913 4.494343 -0.530520,
        5.098154 4.487299 -0.559570,
        5.132235 4.479293 -0.600181,
        5.152732 4.469904 -0.649734,
        5.156465 4.460729 -0.702130,
        5.144938 4.450689 -0.750567,
        5.119961 4.438011 -0.792445,
        5.085598 4.423682 -0.822989,
        5.047291 4.408080 -0.840693,
        5.007919 4.388976 -0.846669,
        4.971903 4.368330 -0.843648,
        4.941022 4.347020 -0.833450,
        4.914743 4.322722 -0.817998,
        4.892813 4.298268 -0.799697,
        4.875131 4.274385 -0.779346,
        4.860476 4.251604 -0.754995,
        4.850306 4.227537 -0.728496,
        4.844737 4.204934 -0.699916,
        4.844308 4.181634 -0.667932,
        4.851898 4.160193 -0.633861,
        4.868218 4.141499 -0.600298,
        4.895469 4.123804 -0.569042,
        4.933200 4.108111 -0.545901,
        4.977671 4.095452 -0.533439,
        5.027174 4.083567 -0.534917,
        5.075854 4.073122 -0.552037,
        5.117230 4.064659 -0.583329,
        5.148309 4.056174 -0.627403,
        5.164398 4.048863 -0.679873,
        5.163619 4.040901 -0.732839,
        5.146811 4.031735 -0.783525,
        5.115265 4.022307 -0.825837,
        5.074878 4.012282 -0.854930,
        5.028796 3.999843 -0.870203,
        4.982624 3.985276 -0.870911,
        4.942055 3.969659 -0.859250,
        4.908533 3.950807 -0.838101,
        4.883109 3.929938 -0.812192,
        4.866396 3.908585 -0.784259,
        4.856691 3.884553 -0.755540,
        4.852015 3.859889 -0.727230,
        4.851946 3.835934 -0.700225,
        4.856737 3.813435 -0.672387,
        4.866405 3.789172 -0.645573,
        4.880926 3.766466 -0.620258,
        4.901350 3.743462 -0.595894,
        4.929474 3.721842 -0.575010,
        4.963869 3.703016 -0.560278,
        5.004677 3.685630 -0.554414,
        5.048490 3.669771 -0.561597,
        5.090399 3.656951 -0.581342,
        5.126706 3.645390 -0.614584,
        5.152429 3.634795 -0.659483,
        5.163285 3.626143 -0.710406,
        5.158040 3.617994 -0.763735,
        5.135882 3.610548 -0.814096,
        5.100504 3.602366 -0.853826,
        5.054942 3.593552 -0.880988,
        5.003305 3.584004 -0.892449,
        4.953485 3.573730 -0.888051,
        4.908961 3.561656 -0.869552,
        4.873461 3.546983 -0.839880,
        4.850233 3.531089 -0.804364,
        4.838854 3.512615 -0.766694,
        4.836514 3.491656 -0.730407,
        4.842134 3.469996 -0.698133,
        4.853521 3.446356 -0.670313,
        4.868607 4.949345 -0.540573,
        4.919043 4.941882 -0.518548,
        4.972224 4.933469 -0.513310,
        5.023882 4.924899 -0.524207,
        5.069630 4.915343 -0.550774,
        5.103440 4.904828 -0.587941,
        5.123488 4.892999 -0.631543,
        5.129487 4.878326 -0.677419,
        5.122487 4.862187 -0.719476,
        5.105341 4.843954 -0.754693,
        5.082475 4.823003 -0.782959,
        5.056349 4.801098 -0.802997,
        5.029239 4.777690 -0.815631,
        5.001613 4.752968 -0.823520,
        4.974431 4.728438 -0.826679,
        4.946618 4.706561 -0.825081,
        4.918856 4.682264 -0.818528,
        4.891740 4.658964 -0.806741,
        4.865528 4.636578 -0.789485,
        4.841568 4.614946 -0.763920,
        4.822937 4.595511 -0.730954,
        4.812530 4.578735 -0.691556,
        4.814668 4.562887 -0.647219,
        4.829848 4.549450 -0.602871,
        4.858402 4.538482 -0.563455,
        4.900045 4.527922 -0.532795,
        4.950033 4.518646 -0.516130,
        5.003024 4.511073 -0.515328,
        5.055526 4.503685 -0.531580,
        5.099521 4.494881 -0.562617,
        5.131264 4.486617 -0.604412,
        5.148505 4.477151 -0.654333,
        5.149841 4.466258 -0.704920,
        5.136516 4.454706 -0.750759,
        5.111119 4.440138 -0.789325,
        5.078141 4.423635 -0.816811,
        5.042291 4.405650 -0.832117,
        5.006592 4.384819 -0.838542,
        4.973483 4.362564 -0.836661,
        4.944857 4.339375 -0.828499,
        4.918869 4.314788 -0.816449,
        4.896056 4.289920 -0.800958,
        4.876146 4.268234 -0.781643,
        4.859459 4.244087 -0.758623,
        4.846582 4.220464 -0.731779,
        4.838046 4.198239 -0.701691,
        4.836591 4.176772 -0.666796,
        4.844139 4.157028 -0.629459,
        4.861966 4.140383 -0.592931,
        4.892430 4.124715 -0.560851,
        4.933154 4.110982 -0.537122,
        4.980437 4.100117 -0.525986,
        5.031811 4.089752 -0.529951,
        5.080785 4.080195 -0.550139,
        5.121341 4.072695 -0.584138,
        5.150353 4.065515 -0.630565,
        5.163438 4.056444 -0.683072,
        5.160118 4.048225 -0.735405,
        5.140606 4.038982 -0.784247,
        5.108430 4.027837 -0.823615,
        5.068380 4.016299 -0.849567,
        5.024138 4.001970 -0.862066,
        4.981023 3.985228 -0.861361,
        4.943881 3.967229 -0.849492,
        4.912836 3.946650 -0.831080,
        4.888874 3.924172 -0.807940,
        4.872537 3.900939 -0.783022,
        4.860828 3.876619 -0.757061,
        4.853644 3.851543 -0.730305,
        4.851212 3.829783 -0.702626,
        4.853598 3.805917 -0.674470,
        4.861441 3.782099 -0.645622,
        4.874704 3.759772 -0.617222,
        4.896248 3.738600 -0.589994,
        4.926480 3.718676 -0.566607,
        4.963961 3.701899 -0.550616,
        5.007724 3.686541 -0.546226,
        5.054194 3.672643 -0.554924,
        5.097367 3.661617 -0.577515,
        5.133459 3.651575 -0.613851,
        5.157401 3.641868 -0.661270,
        5.165865 3.634177 -0.713708,
        5.157523 3.627335 -0.767465,
        5.133065 3.618129 -0.815889,
        5.096178 3.609690 -0.853474,
        5.049772 3.600799 -0.877483,
        4.999584 3.589533 -0.886300,
        4.952083 3.577747 -0.879744,
        4.910746 3.563783 -0.860347,
        4.878491 3.546935 -0.831605,
        4.858002 3.528659 -0.798183,
        4.846698 3.508459 -0.764187,
        4.843656 3.485889 -0.730955,
        4.847585 3.462350 -0.701219,
        4.850636 3.454417 -0.704399,
        4.849713 3.478244 -0.732552,
        4.853739 3.502693 -0.762867,
        4.864947 3.524502 -0.793757,
        4.884432 3.544506 -0.823652,
        4.913460 3.563735 -0.851052,
        4.951459 3.579874 -0.870389,
        4.996118 3.593550 -0.878622,
        5.044585 3.606328 -0.872508,
        5.090283 3.616937 -0.851407,
        5.128791 3.625453 -0.816647,
        5.155267 3.634917 -0.769927,
        5.166319 3.643519 -0.717446,
        5.160733 3.649903 -0.663809,
        5.138725 3.658648 -0.614288,
        5.103708 3.667802 -0.575077,
        5.059966 3.677309 -0.549456,
        5.011506 3.689412 -0.538302,
        4.964807 3.702810 -0.541920,
        4.924122 3.717559 -0.557236,
        4.891181 3.735434 -0.582652,
        4.868258 3.754909 -0.612829,
        4.854654 3.775404 -0.644260,
        4.848816 3.798843 -0.675802,
        4.848713 3.822265 -0.705446,
        4.853542 3.845391 -0.732814,
        4.863198 3.868272 -0.759610,
        4.876925 3.893005 -0.783429,
        4.894502 3.916526 -0.805191,
        4.917305 3.940885 -0.825481,
        4.946234 3.963073 -0.841600,
        4.980324 3.982799 -0.851458,
        5.020122 4.001923 -0.853255,
        5.061785 4.018426 -0.842904,
        5.100789 4.031854 -0.820068,
        5.133429 4.044511 -0.783867,
        5.154308 4.055471 -0.737700,
        5.160698 4.063768 -0.686439,
        5.150252 4.073097 -0.633903,
        5.124130 4.082036 -0.586666,
        5.084967 4.088230 -0.549883,
        5.036084 4.096824 -0.526844,
        4.983636 4.106302 -0.519993,
        4.933947 4.115648 -0.529212,
        4.890119 4.127587 -0.552381,
        4.856916 4.141294 -0.585801,
        4.836228 4.155911 -0.623910,
        4.827959 4.173606 -0.664545,
        4.830297 4.193376 -0.702585,
        4.840556 4.213769 -0.735186,
        4.856707 4.237014 -0.762754,
        4.876101 4.260717 -0.785410,
        4.897619 4.283769 -0.802923,
        4.922328 4.306441 -0.816831,
        4.948443 4.331441 -0.825936,
        4.975944 4.354919 -0.830901,
        5.006320 4.379053 -0.831384,
        5.038909 4.401493 -0.824608,
        5.071136 4.421205 -0.809777,
        5.102323 4.440091 -0.785275,
        5.127168 4.456833 -0.750031,
        5.141741 4.470275 -0.707235,
        5.142822 4.482680 -0.658731,
        5.128370 4.493863 -0.609947,
        5.099651 4.502204 -0.566956,
        5.057630 4.511266 -0.534174,
        5.006788 4.520415 -0.515417,
        4.953028 4.526681 -0.513201,
        4.901252 4.534995 -0.527651,
        4.856904 4.544667 -0.556829,
        4.825273 4.554115 -0.596370,
        4.807387 4.565759 -0.642313,
        4.804048 4.579645 -0.689462,
        4.813324 4.594395 -0.731933,
        4.833561 4.611781 -0.767852,
        4.860248 4.631715 -0.795228,
        4.889413 4.652269 -0.813261,
        4.919470 4.675191 -0.823454,
        4.949046 4.699044 -0.827961,
        4.976898 4.722287 -0.827142,
        5.004483 4.744621 -0.821551,
        5.030278 4.769756 -0.811348,
        5.054439 4.793453 -0.797032,
        5.077594 4.817237 -0.777715,
        5.097874 4.839797 -0.751220,
        5.112587 4.859757 -0.718744,
        5.120181 4.878279 -0.680096,
        5.115938 4.895126 -0.637100,
        5.098832 4.908846 -0.594993,
        5.068199 4.920872 -0.557817,
        5.025309 4.932146 -0.530288,
        4.975163 4.940793 -0.516505,
        4.922330 4.949463 -0.519138,
        4.978090 4.948039 -0.522023,
        5.025752 4.937675 -0.537461,
        5.065544 4.924889 -0.565812,
        5.092943 4.910972 -0.602288,
        5.107643 4.895078 -0.642097,
        5.110423 4.875849 -0.681918,
        5.104482 4.855600 -0.717282,
        5.091802 4.834031 -0.747421,
        5.074222 4.809591 -0.772437,
        5.054357 4.785519 -0.792625,
        5.032539 4.761409 -0.808702,
        5.006986 4.738470 -0.821367,
        4.979978 4.714769 -0.829313,
        4.950915 4.691970 -0.832560,
        4.918890 4.668496 -0.830352,
        4.885761 4.647407 -0.820153,
        4.853533 4.628550 -0.801099,
        4.824520 4.610664 -0.771263,
        4.804588 4.595306 -0.732056,
        4.795745 4.582517 -0.686609,
        4.801296 4.570424 -0.637204,
        4.822147 4.560299 -0.590339,
        4.856739 4.551739 -0.551548,
        4.903395 4.543030 -0.524051,
        4.956693 4.536023 -0.512335,
        5.009491 4.527996 -0.517379,
        5.058871 4.518590 -0.538333,
        5.098250 4.509451 -0.573044,
        5.124019 4.499393 -0.615667,
        5.135589 4.486697 -0.663052,
        5.132514 4.472402 -0.708894,
        5.117624 4.456785 -0.748393,
        5.093744 4.437661 -0.780281,
        5.065966 4.417048 -0.803367,
        5.036796 4.395728 -0.817763,
        5.007214 4.371407 -0.825185,
        4.978765 4.346985 -0.827515,
        4.951883 4.323094 -0.825412,
        4.924344 4.300290 -0.818328,
        4.898527 4.276252 -0.806580,
        4.874509 4.253644 -0.790112,
        4.851763 4.230319 -0.767600,
        4.833285 4.208907 -0.738008,
        4.821377 4.190211 -0.702638,
        4.818885 4.172490 -0.661224,
        4.829542 4.156822 -0.618287,
        4.852499 4.144165 -0.578214,
        4.888844 4.132252 -0.544534,
        4.935528 4.121832 -0.522605,
        4.986963 4.113374 -0.515889,
        5.040057 4.104859 -0.525517,
        5.088305 4.097571 -0.551624,
        5.124893 4.089618 -0.589918,
        5.148475 4.080421 -0.637864,
        5.155657 4.071015 -0.690128,
        5.147276 4.061000 -0.739181,
        5.125131 4.048528 -0.782416,
        5.092723 4.033981 -0.815288,
        5.055636 4.018379 -0.835423,
        5.016885 3.999493 -0.843870,
        4.980604 3.978642 -0.843228,
        4.949112 3.957306 -0.835041,
        4.922030 3.933239 -0.821370,
        4.898851 3.908593 -0.804474,
        4.879870 3.884657 -0.785283,
        4.863748 3.862121 -0.762060,
        4.851838 3.837874 -0.736174,
        4.844433 3.815192 -0.707961,
        4.841907 3.792149 -0.676243,
        4.847306 3.770542 -0.641641,
        4.861478 3.751743 -0.607033,
        4.886478 3.734318 -0.574211,
        4.922739 3.718470 -0.548609,
        4.966431 3.705681 -0.533292,
        5.015665 3.694078 -0.531527,
        5.065481 3.683493 -0.545491,
        5.108909 3.674874 -0.574151,
        5.142601 3.666683 -0.615878,
        5.162121 3.659244 -0.667309,
        5.164768 3.651100 -0.720403,
        5.151334 3.642241 -0.771766,
        5.122565 3.632700 -0.816144,
        5.083997 3.622466 -0.847924,
        5.039248 3.610345 -0.865989,
        4.993138 3.595677 -0.869732,
        4.951707 3.579827 -0.860709,
        4.917139 3.561306 -0.841831,
        4.890024 3.540349 -0.817606,
        4.871417 3.518736 -0.790683,
        4.860002 3.495047 -0.762839,
        4.853472 3.470310 -0.734852,
        4.851648 3.446069 -0.707729,
        4.980344 4.953569 -0.528847,
        5.025259 4.941692 -0.545871,
        5.061711 4.927016 -0.574369,
        5.086191 4.910925 -0.609230,
        5.098690 4.892649 -0.646385,
        5.102213 4.871693 -0.682575,
        5.097644 4.849835 -0.715149,
        5.087178 4.826386 -0.743196,
        5.073016 4.801657 -0.768198,
        5.055873 4.777172 -0.789493,
        5.034910 4.755258 -0.807876,
        5.010519 4.730953 -0.822677,
        4.982952 4.707696 -0.833287,
        4.952142 4.685276 -0.839373,
        4.917126 4.663634 -0.837950,
        4.880753 4.644241 -0.827535,
        4.845684 4.627433 -0.806735,
        4.816108 4.611575 -0.773622,
        4.795834 4.598177 -0.731398,
        4.788540 4.587182 -0.683250,
        4.796727 4.576609 -0.632177,
        4.820650 4.567372 -0.585271,
        4.857877 4.559774 -0.547516,
        4.906714 4.552371 -0.522273,
        4.959804 4.543604 -0.513548,
        5.011767 4.535319 -0.521076,
        5.059082 4.525837 -0.544576,
        5.095486 4.514980 -0.579678,
        5.118150 4.503410 -0.621711,
        5.127099 4.488824 -0.667028,
        5.122865 4.472355 -0.709721,
        5.108046 4.454356 -0.745787,
        5.087098 4.433505 -0.775417,
        5.062193 4.411283 -0.797279,
        5.036057 4.388082 -0.811544,
        5.009069 4.363474 -0.821187,
        4.981961 4.338637 -0.826139,
        4.954218 4.316943 -0.826336,
        4.926163 4.292773 -0.821627,
        4.898175 4.269179 -0.811531,
        4.870984 4.246949 -0.796070,
        4.845465 4.225457 -0.772202,
        4.824667 4.205741 -0.740313,
        4.811753 4.189094 -0.701772,
        4.810974 4.173400 -0.657517,
        4.823352 4.159693 -0.612061,
        4.849243 4.148831 -0.570962,
        4.888667 4.138437 -0.537743,
        4.937712 4.128905 -0.517794,
        4.990461 4.121409 -0.513583,
        5.043732 4.114200 -0.526337,
        5.089864 4.105153 -0.554578,
        5.124197 4.096941 -0.594202,
        5.144559 4.087667 -0.642730,
        5.149228 4.076544 -0.693338,
        5.138883 4.065018 -0.739917,
        5.116104 4.050656 -0.779883,
        5.084884 4.033934 -0.809604,
        5.050094 4.015950 -0.827187,
        5.015029 3.995336 -0.835847,
        4.981731 3.972876 -0.836154,
        4.952621 3.949661 -0.829852,
        4.926046 3.925306 -0.819554,
        4.902169 3.900245 -0.805523,
        4.881031 3.878507 -0.787509,
        4.862971 3.854603 -0.765746,
        4.848334 3.830801 -0.739690,
        4.837870 3.808497 -0.710162,
        4.834133 3.787287 -0.675616,
        4.839279 3.767377 -0.637751,
        4.854766 3.750627 -0.600082,
        4.882907 3.735228 -0.566237,
        4.922124 3.721342 -0.539852,
        4.968714 3.710347 -0.525677,
        5.019965 3.700263 -0.526269,
        5.070279 3.690566 -0.543277,
        5.113064 3.682909 -0.574695,
        5.144848 3.676024 -0.618900,
        5.161370 3.666826 -0.670564,
        5.161437 3.658424 -0.723187,
        5.145190 3.649487 -0.772893,
        5.115600 3.638229 -0.814370,
        5.077170 3.626483 -0.842987,
        5.034067 3.612472 -0.858176,
        4.990919 3.595630 -0.860306,
        4.952908 3.577397 -0.850854,
        4.920973 3.557149 -0.834543,
        4.895500 3.534583 -0.812988,
        4.877466 3.511091 -0.789058,
        4.864230 3.487113 -0.764087,
        4.855298 3.461963 -0.737814,
        4.851068 3.439918 -0.710172,
        4.848754 3.432401 -0.713144,
        4.855359 3.455811 -0.740324,
        4.866761 3.478766 -0.766474,
        4.881871 3.503157 -0.789185,
        4.900937 3.526938 -0.809879,
        4.925065 3.551383 -0.828665,
        4.954753 3.573241 -0.842829,
        4.989578 3.593200 -0.850470,
        5.029482 3.612425 -0.849646,
        5.070163 3.628610 -0.836758,
        5.107744 3.642246 -0.811327,
        5.138004 3.655017 -0.772984,
        5.155787 3.665671 -0.725849,
        5.158855 3.674150 -0.674102,
        5.144966 3.683606 -0.622237,
        5.116010 3.692251 -0.577040,
        5.074435 3.698600 -0.542750,
        5.024026 3.707336 -0.522888,
        4.971522 3.716531 -0.519492,
        4.922404 3.726007 -0.531907,
        4.880047 3.738100 -0.557937,
        4.849269 3.751537 -0.593291,
        4.831026 3.766260 -0.632725,
        4.825372 3.784121 -0.673935,
        4.830194 3.803635 -0.711552,
        4.842541 3.824106 -0.743480,
        4.860496 3.847530 -0.770049,
        4.881228 3.870990 -0.791272,
        4.903855 3.894094 -0.807383,
        4.929522 3.916958 -0.819708,
        4.956034 3.941727 -0.827065,
        4.983815 3.965231 -0.830248,
        5.014288 3.989571 -0.828722,
        5.046235 4.011793 -0.819912,
        5.077440 4.031504 -0.803036,
        5.107061 4.050608 -0.776418,
        5.129509 4.067144 -0.739793,
        5.141293 4.080561 -0.696169,
        5.139176 4.093197 -0.647492,
        5.121666 4.104188 -0.599913,
        5.090273 4.112477 -0.558899,
        5.046002 4.121783 -0.528788,
        4.994223 4.130750 -0.513428,
        4.940513 4.136940 -0.514678,
        4.889533 4.145509 -0.532531,
        4.847319 4.155015 -0.564446,
        4.818369 4.164359 -0.605867,
        4.803387 4.176272 -0.653098,
        4.803153 4.190005 -0.700231,
        4.815137 4.204625 -0.741906,
        4.837733 4.222291 -0.776650,
        4.866088 4.242086 -0.802142,
        4.896269 4.262484 -0.818186,
        4.927099 4.285699 -0.826502,
        4.956828 4.309425 -0.829054,
        4.984454 4.332486 -0.826444,
        5.011803 4.355126 -0.819033,
        5.036816 4.380148 -0.807202,
        5.059906 4.403637 -0.791448,
        5.081885 4.427739 -0.770505,
        5.100368 4.450199 -0.742807,
        5.112939 4.469925 -0.709622,
        5.117988 4.488777 -0.670309,
        5.110976 4.505537 -0.627748,
        5.091337 4.518997 -0.587009,
        5.058115 4.531366 -0.551698,
        5.013586 4.542566 -0.527051,
        4.962941 4.550928 -0.516550,
        4.910033 4.559953 -0.522647,
        4.860623 4.569116 -0.544939,
        4.820731 4.575407 -0.581083,
        4.793980 4.583681 -0.627663,
        4.782825 4.593367 -0.679577,
        4.788013 4.602843 -0.729974,
        4.807477 4.614446 -0.775231,
        4.838169 4.628344 -0.811191,
        4.874588 4.643125 -0.834976,
        4.914176 4.660468 -0.846368,
        4.952406 4.680413 -0.847169,
        4.985867 4.701001 -0.839567,
        5.014411 4.723879 -0.825758,
        5.038661 4.747741 -0.808227,
        5.057956 4.771021 -0.788092,
        5.073680 4.793310 -0.764782,
        5.084914 4.818452 -0.739414,
        5.092098 4.842189 -0.712238,
        5.095057 4.865926 -0.682260,
        5.090932 4.888492 -0.649147,
        5.078621 4.908496 -0.615653,
        5.056955 4.926969 -0.582804,
        5.023775 4.943820 -0.555128,
        4.867470 3.472615 -0.768883,
        4.884929 3.494810 -0.790848,
        4.905230 3.519004 -0.808881,
        4.929511 3.543737 -0.824252,
        4.957207 3.567475 -0.836099,
        4.989323 3.589044 -0.842239,
        5.025638 3.609995 -0.840493,
        5.063550 3.628563 -0.829684,
        5.099385 3.644373 -0.807081,
        5.129628 3.659034 -0.772080,
        5.148863 3.671200 -0.727777,
        5.154064 3.681396 -0.678109,
        5.143452 3.690929 -0.626306,
        5.116979 3.699832 -0.580236,
        5.077879 3.707942 -0.544272,
        5.027904 3.715370 -0.521303,
        4.974580 3.723604 -0.515183,
        4.923554 3.732192 -0.525211,
        4.878260 3.742765 -0.550190,
        4.844374 3.754409 -0.586002,
        4.823990 3.767170 -0.627546,
        4.816100 3.783004 -0.671217,
        4.821296 3.800469 -0.712177,
        4.835466 3.819243 -0.746766,
        4.855881 3.840835 -0.775209,
        4.879942 3.863916 -0.796066,
        4.904997 3.886576 -0.810974,
        4.931632 3.910807 -0.821069,
        4.959434 3.933380 -0.826320,
        4.986412 3.957297 -0.826687,
        5.014773 3.981925 -0.822478,
        5.043686 4.006027 -0.813218,
        5.071868 4.027348 -0.796972,
        5.098173 4.048179 -0.771997,
        5.119879 4.067097 -0.738774,
        5.132191 4.082688 -0.698419,
        5.132242 4.097214 -0.652277,
        5.117693 4.109717 -0.605902,
        5.089267 4.119723 -0.565064,
        5.047513 4.129106 -0.532857,
        4.997047 4.138333 -0.515211,
        4.944114 4.146281 -0.513578,
        4.891436 4.153544 -0.528798,
        4.846813 4.162088 -0.559187,
        4.814862 4.170544 -0.600048,
        4.796975 4.180937 -0.648399,
        4.794683 4.192876 -0.697921,
        4.806426 4.205535 -0.742588,
        4.828935 4.221175 -0.780646,
        4.859767 4.238921 -0.808436,
        4.893066 4.257622 -0.825298,
        4.926973 4.279004 -0.833423,
        4.958991 4.302352 -0.833521,
        4.987666 4.324969 -0.828413,
        5.014289 4.348975 -0.818686,
        5.038900 4.371801 -0.804416,
        5.059542 4.395703 -0.787056,
        5.078174 4.420093 -0.765459,
        5.094062 4.444433 -0.739410,
        5.104758 4.465769 -0.708679,
        5.108370 4.486347 -0.672766,
        5.103024 4.505490 -0.633273,
        5.085923 4.521124 -0.594664,
        5.055990 4.535383 -0.559849,
        5.014495 4.548095 -0.534180,
        4.966213 4.558175 -0.521870,
        4.913835 4.567277 -0.524742,
        4.863925 4.576697 -0.544441,
        4.822734 4.584748 -0.577895,
        4.792983 4.591717 -0.623594,
        4.779004 4.600439 -0.675929,
        4.781554 4.609027 -0.727868,
        4.799552 4.619112 -0.775859,
        4.830249 4.631216 -0.814980,
        4.868448 4.644036 -0.841191,
        4.910123 4.659352 -0.855140,
        4.951737 4.677248 -0.856064,
        4.988099 4.696139 -0.847041,
        5.018836 4.717184 -0.831082,
        5.043218 4.740667 -0.810194,
        5.061674 4.763503 -0.787479,
        5.075336 4.787159 -0.762895,
        5.084671 4.810105 -0.735943,
        5.088948 4.834256 -0.709155,
        5.088952 4.858281 -0.680862,
        5.083939 4.882726 -0.650697,
        5.071820 4.904339 -0.620296,
        5.051276 4.924539 -0.590946,
        5.021367 4.943772 -0.564507,
        5.017991 4.941343 -0.573843,
        5.045885 4.920383 -0.597171,
        5.065450 4.898573 -0.623573,
        5.077679 4.875081 -0.650928,
        5.085119 4.850347 -0.678686,
        5.087831 4.825908 -0.705859,
        5.085781 4.803954 -0.733691,
        5.078773 4.779641 -0.761352,
        5.066581 4.756430 -0.788225,
        5.048871 4.733973 -0.814190,
        5.022907 4.712322 -0.837735,
        4.989707 4.692974 -0.855815,
        4.950094 4.676131 -0.865586,
        4.905780 4.660262 -0.862721,
        4.861747 4.646907 -0.846863,
        4.822757 4.635881 -0.817639,
        4.792770 4.625296 -0.775480,
        4.776933 4.616100 -0.725307,
        4.776987 4.608474 -0.672256,
        4.794102 4.601058 -0.619999,
        4.825804 4.592330 -0.576578,
        4.868140 4.584021 -0.545481,
        4.918363 4.574523 -0.529044,
        4.968896 4.563704 -0.528538,
        5.014550 4.552113 -0.542605,
        5.052725 4.537510 -0.568639,
        5.079627 4.521077 -0.602021,
        5.094368 4.503060 -0.638134,
        5.100222 4.482191 -0.673959,
        5.097798 4.460002 -0.706986,
        5.089173 4.436788 -0.735495,
        5.076693 4.412159 -0.761308,
        5.060855 4.387356 -0.783833,
        5.041213 4.365650 -0.803437,
        5.017900 4.341458 -0.819762,
        4.990888 4.317896 -0.832189,
        4.960657 4.295657 -0.840240,
        4.925711 4.274142 -0.841120,
        4.888540 4.254456 -0.832985,
        4.852300 4.237804 -0.814569,
        4.820695 4.222085 -0.783551,
        4.797648 4.208407 -0.742492,
        4.787275 4.197542 -0.695036,
        4.792086 4.187122 -0.643682,
        4.813044 4.177617 -0.595088,
        4.847688 4.170123 -0.555090,
        4.894631 4.162886 -0.526806,
        4.947297 4.153863 -0.514590,
        4.999556 4.145656 -0.518753,
        5.048132 4.136353 -0.539073,
        5.086935 4.125253 -0.571862,
        5.112226 4.113734 -0.612312,
        5.124031 4.099341 -0.656802,
        5.122617 4.082641 -0.699865,
        5.110152 4.064668 -0.736791,
        5.091223 4.044022 -0.767580,
        5.067710 4.021582 -0.791139,
        5.042547 3.998381 -0.807059,
        5.016362 3.973991 -0.818367,
        4.989513 3.948949 -0.825107,
        4.961822 3.927229 -0.827092,
        4.933664 3.903289 -0.824242,
        4.904965 3.879504 -0.815937,
        4.876808 3.857221 -0.802238,
        4.849898 3.835973 -0.780214,
        4.827016 3.816078 -0.749623,
        4.811637 3.799353 -0.711931,
        4.807962 3.783915 -0.668035,
        4.817409 3.770042 -0.621734,
        4.840659 3.759075 -0.578974,
        4.877638 3.748950 -0.543426,
        4.925421 3.739265 -0.520269,
        4.977922 3.731639 -0.512657,
        5.031625 3.724712 -0.521881,
        5.079626 3.715524 -0.547118,
        5.116558 3.707156 -0.584557,
        5.139863 3.698176 -0.631418,
        5.147856 3.686926 -0.681730,
        5.140535 3.675217 -0.729046,
        5.120455 3.661161 -0.770143,
        5.091194 3.644326 -0.801917,
        5.057493 3.626133 -0.821819,
        5.023261 3.605839 -0.832609,
        4.989988 3.583278 -0.835107,
        4.960378 3.559829 -0.830698,
        4.933399 3.535804 -0.822177,
        4.908609 3.510657 -0.809712,
        4.886229 3.488659 -0.792995,
        4.866937 3.465098 -0.772613,
        4.850609 3.441221 -0.747524,
        5.014397 4.937186 -0.581253,
        5.040563 4.914617 -0.601965,
        5.059456 4.890928 -0.625388,
        5.073413 4.867147 -0.649820,
        5.083197 4.842000 -0.675785,
        5.088334 4.819757 -0.703399,
        5.088702 4.796436 -0.731310,
        5.083708 4.772569 -0.760819,
        5.073063 4.749735 -0.790656,
        5.054527 4.729110 -0.819562,
        5.026707 4.709157 -0.845806,
        4.990533 4.691857 -0.865442,
        4.947863 4.677042 -0.874033,
        4.900756 4.663134 -0.869921,
        4.855174 4.651573 -0.851334,
        4.816108 4.642066 -0.819029,
        4.787646 4.632369 -0.774189,
        4.774052 4.624135 -0.722265,
        4.777137 4.617816 -0.668494,
        4.796730 4.608640 -0.617938,
        4.830144 4.599654 -0.576517,
        4.873627 4.591268 -0.548465,
        4.922668 4.580053 -0.534799,
        4.971081 4.567722 -0.536674,
        5.013671 4.554240 -0.551939,
        5.048531 4.537463 -0.577367,
        5.072482 4.518648 -0.608913,
        5.086806 4.498904 -0.641394,
        5.093060 4.476425 -0.674113,
        5.092078 4.452357 -0.704434,
        5.086669 4.428854 -0.731868,
        5.077132 4.403812 -0.757856,
        5.062845 4.381205 -0.782302,
        5.044979 4.358132 -0.803544,
        5.021986 4.334385 -0.822581,
        4.994198 4.311201 -0.838270,
        4.961426 4.290795 -0.848002,
        4.923318 4.270977 -0.849714,
        4.882864 4.253340 -0.840805,
        4.845089 4.238715 -0.819503,
        4.812189 4.224957 -0.785722,
        4.789751 4.213072 -0.741572,
        4.781334 4.203727 -0.691741,
        4.789050 4.194195 -0.639359,
        4.812855 4.185652 -0.590902,
        4.850261 4.179464 -0.552341,
        4.897967 4.170468 -0.526962,
        4.950620 4.161187 -0.517383,
        5.001758 4.152903 -0.524598,
        5.047635 4.141882 -0.546242,
        5.083265 4.129270 -0.579445,
        5.105458 4.115861 -0.618800,
        5.115155 4.099294 -0.660672,
        5.112704 4.080211 -0.700405,
        5.102299 4.060511 -0.734312,
        5.085698 4.038256 -0.763020,
        5.065052 4.013936 -0.785468,
        5.043025 3.990447 -0.802677,
        5.018949 3.965644 -0.816039,
        4.992019 3.942799 -0.825250,
        4.964602 3.919711 -0.829636,
        4.934917 3.896216 -0.829045,
        4.903494 3.872809 -0.822702,
        4.872312 3.852359 -0.808613,
        4.842474 3.832807 -0.785159,
        4.817608 3.814961 -0.751828,
        4.802956 3.800264 -0.710946,
        4.800103 3.786787 -0.664124,
        4.812037 3.774708 -0.615874,
        4.838322 3.765259 -0.572596,
        4.878162 3.756023 -0.538168,
        4.928015 3.747300 -0.516978,
        4.981667 3.740980 -0.512261,
        5.034050 3.732293 -0.524178,
        5.080314 3.722848 -0.551404,
        5.114398 3.714403 -0.590417,
        5.134804 3.703706 -0.636522,
        5.140121 3.690943 -0.685070,
        5.131171 3.677344 -0.729522,
        5.111205 3.661114 -0.767278,
        5.083339 3.641896 -0.795846,
        5.053178 3.621977 -0.814805,
        5.022055 3.600072 -0.825548,
        4.991683 3.575632 -0.829077,
        4.963607 3.551895 -0.827698,
        4.936878 3.527456 -0.822104,
        4.910413 3.504505 -0.811459,
        4.886665 3.481141 -0.796738,
        4.864748 3.458024 -0.777068,
        4.860480 3.451330 -0.782519,
        4.885686 3.474068 -0.801604,
        4.911786 3.496988 -0.814968,
        4.939073 3.521306 -0.823324,
        4.966952 3.543548 -0.826739,
        4.994045 3.567698 -0.825356,
        5.022130 3.592427 -0.819285,
        5.050207 3.616211 -0.808287,
        5.077385 3.637739 -0.790157,
        5.102046 3.658684 -0.763449,
        5.121496 3.677297 -0.729120,
        5.131185 3.693070 -0.687905,
        5.128198 3.707722 -0.641752,
        5.110816 3.719932 -0.596648,
        5.079710 3.730094 -0.557621,
        5.035824 3.739617 -0.528139,
        4.984599 3.748562 -0.513859,
        4.931537 3.756641 -0.515648,
        4.879815 3.764057 -0.534319,
        4.837480 3.772332 -0.567380,
        4.808161 3.780893 -0.610295,
        4.793396 3.791452 -0.659855,
        4.794355 3.803135 -0.709185,
        4.808960 3.815872 -0.753072,
        4.833958 3.831691 -0.789724,
        4.866409 3.849194 -0.815300,
        4.900756 3.867946 -0.830006,
        4.935245 3.889522 -0.835960,
        4.967048 3.912638 -0.833955,
        4.995352 3.935281 -0.827009,
        5.021407 3.959493 -0.815529,
        5.044926 3.982100 -0.799762,
        5.064406 4.006002 -0.781108,
        5.081665 4.030611 -0.758228,
        5.095786 4.054745 -0.731329,
        5.104480 4.076055 -0.699991,
        5.105718 4.096864 -0.663755,
        5.097879 4.115814 -0.624827,
        5.078355 4.131397 -0.587432,
        5.046048 4.145899 -0.554516,
        5.003126 4.158432 -0.531654,
        4.954226 4.168433 -0.522483,
        4.901898 4.177791 -0.528804,
        4.853524 4.187046 -0.551631,
        4.814651 4.194993 -0.587593,
        4.787787 4.202230 -0.635363,
        4.777285 4.210800 -0.688348,
        4.783171 4.219257 -0.739884,
        4.804322 4.229622 -0.786869,
        4.837432 4.241587 -0.823797,
        4.877134 4.254250 -0.847401,
        4.919849 4.269860 -0.858732,
        4.961335 4.287630 -0.856922,
        4.996903 4.306339 -0.845586,
        5.026749 4.327690 -0.827604,
        5.049654 4.351059 -0.805211,
        5.066516 4.373687 -0.781453,
        5.078661 4.397661 -0.755864,
        5.086200 4.420506 -0.728420,
        5.088738 4.444423 -0.701558,
        5.086876 4.468779 -0.673118,
        5.079928 4.493137 -0.643396,
        5.065990 4.514491 -0.613980,
        5.043397 4.535033 -0.585863,
        5.011878 4.554193 -0.561455,
        4.972592 4.569848 -0.545927,
        4.926870 4.584070 -0.542101,
        4.879275 4.596797 -0.552909,
        4.836208 4.606901 -0.578014,
        4.800910 4.615963 -0.616765,
        4.779143 4.625398 -0.665823,
        4.773244 4.633477 -0.718587,
        4.784081 4.640404 -0.771987,
        4.810824 4.649139 -0.819108,
        4.849093 4.657757 -0.854364,
        4.895547 4.667800 -0.875926,
        4.944874 4.679913 -0.882289,
        4.990517 4.692768 -0.874179,
        5.029970 4.708040 -0.854901,
        5.060287 4.725945 -0.826372,
        5.079897 4.744873 -0.794417,
        5.090596 4.765874 -0.761511,
        5.093330 4.789363 -0.729517,
        5.090553 4.812239 -0.700355,
        5.083054 4.835848 -0.673278,
        5.070806 4.858800 -0.647516,
        5.055049 4.882993 -0.625400,
        5.035230 4.906971 -0.605251,
        5.010499 4.931420 -0.587263,
        4.980506 4.953080 -0.574087,
        4.978266 4.947313 -0.580891,
        5.006200 4.923774 -0.591817,
        5.030972 4.899037 -0.606388,
        5.051941 4.874646 -0.623835,
        5.070018 4.852648 -0.645132,
        5.084422 4.828331 -0.669768,
        5.094574 4.805166 -0.697444,
        5.100162 4.782669 -0.728401,
        5.098164 4.761011 -0.763399,
        5.087198 4.741707 -0.799542,
        5.065795 4.724828 -0.834312,
        5.032190 4.708950 -0.863351,
        4.989719 4.695639 -0.882922,
        4.941398 4.684579 -0.889438,
        4.890446 4.673984 -0.880413,
        4.844003 4.664830 -0.855780,
        4.806812 4.657174 -0.817905,
        4.782358 4.649745 -0.768639,
        4.774507 4.641058 -0.715495,
        4.782876 4.632722 -0.663608,
        4.807156 4.623210 -0.616657,
        4.842797 4.612430 -0.580884,
        4.885223 4.600814 -0.558875,
        4.930706 4.586197 -0.550656,
        4.973265 4.569801 -0.555587,
        5.009117 4.551763 -0.570991,
        5.038425 4.530877 -0.592428,
        5.059842 4.508725 -0.617656,
        5.073697 4.485492 -0.644034,
        5.082909 4.460845 -0.671198,
        5.087413 4.436076 -0.698341,
        5.087162 4.414355 -0.726101,
        5.081990 4.390144 -0.754099,
        5.071461 4.366614 -0.781884,
        5.055554 4.344365 -0.808832,
        5.031248 4.322828 -0.833976,
        4.999069 4.303173 -0.854239,
        4.960313 4.286513 -0.866531,
        4.916012 4.270770 -0.866582,
        4.870810 4.257122 -0.853490,
        4.830128 4.246252 -0.826936,
        4.797529 4.235807 -0.786935,
        4.778395 4.226330 -0.737624,
        4.775035 4.218834 -0.684813,
        4.788669 4.211571 -0.631703,
        4.817628 4.202575 -0.586081,
        4.857797 4.194370 -0.552396,
        4.906699 4.185038 -0.532800,
        4.957331 4.173963 -0.528965,
        5.003726 4.162449 -0.540057,
        5.043367 4.148026 -0.563500,
        5.072545 4.131350 -0.595179,
        5.089555 4.113385 -0.630236,
        5.097666 4.092707 -0.665480,
        5.097424 4.070289 -0.698750,
        5.090655 4.047100 -0.727737,
        5.079915 4.022677 -0.754183,
        5.065509 3.997655 -0.777807,
        5.047170 3.975949 -0.798637,
        5.025081 3.951975 -0.816366,
        4.998811 3.928207 -0.830569,
        4.969144 3.905943 -0.840553,
        4.934490 3.884659 -0.843723,
        4.896736 3.864781 -0.837969,
        4.859351 3.848077 -0.821900,
        4.825926 3.832602 -0.793163,
        4.800194 3.818744 -0.753544,
        4.786777 3.807801 -0.706781,
        4.788209 3.797637 -0.655469,
        4.806025 3.787965 -0.605463,
        4.838090 3.780367 -0.563235,
        4.882873 3.773399 -0.532121,
        4.934779 3.764223 -0.516451,
        4.987330 3.755886 -0.517234,
        5.036850 3.746864 -0.534301,
        5.077823 3.735623 -0.564556,
        5.105770 3.723950 -0.603394,
        5.120301 3.709850 -0.646805,
        5.121724 3.693023 -0.689969,
        5.111662 3.674868 -0.727763,
        5.094821 3.654528 -0.759496,
        5.072857 3.631974 -0.784607,
        5.048678 3.608565 -0.802213,
        5.023446 3.584493 -0.815079,
        4.997036 3.559351 -0.823578,
        4.969386 3.537396 -0.827357,
        4.941308 3.513787 -0.826357,
        4.912077 3.489915 -0.819923,
        4.882951 3.467373 -0.807963,
        4.975267 4.939668 -0.586389,
        5.002382 4.915841 -0.594019,
        5.027567 4.890690 -0.605668,
        5.050573 4.868495 -0.621730,
        5.070430 4.845131 -0.641387,
        5.087566 4.821258 -0.665927,
        5.100899 4.798472 -0.694630,
        5.107961 4.777806 -0.728264,
        5.106533 4.757846 -0.766487,
        5.094540 4.740591 -0.805824,
        5.070128 4.725739 -0.841898,
        5.033658 4.711822 -0.872007,
        4.988170 4.700305 -0.890720,
        4.937633 4.690764 -0.895093,
        4.885888 4.681057 -0.883085,
        4.839816 4.672865 -0.855633,
        4.804280 4.666515 -0.815118,
        4.782786 4.657327 -0.765328,
        4.777558 4.648382 -0.712407,
        4.788880 4.639968 -0.661887,
        4.814260 4.628739 -0.617740,
        4.850061 4.616447 -0.585150,
        4.891143 4.602941 -0.566145,
        4.933837 4.586150 -0.559819,
        4.973006 4.567371 -0.565511,
        5.006013 4.547606 -0.578618,
        5.033428 4.525111 -0.597560,
        5.053975 4.501080 -0.619848,
        5.069369 4.477558 -0.643205,
        5.080801 4.452498 -0.668429,
        5.087757 4.429925 -0.695854,
        5.089921 4.406838 -0.723535,
        5.086879 4.383070 -0.753244,
        5.078085 4.359919 -0.783896,
        5.061547 4.339502 -0.813825,
        5.035568 4.319662 -0.841780,
        5.000508 4.302056 -0.863794,
        4.958635 4.287424 -0.875105,
        4.911470 4.273643 -0.874095,
        4.864536 4.261787 -0.858372,
        4.823583 4.252437 -0.828754,
        4.792332 4.242880 -0.785982,
        4.775326 4.234365 -0.734772,
        4.774941 4.228176 -0.681049,
        4.791156 4.219153 -0.629474,
        4.821956 4.209898 -0.585742,
        4.863466 4.201617 -0.555019,
        4.911372 4.190567 -0.538259,
        4.960035 4.177980 -0.536943,
        5.003451 4.164576 -0.549429,
        5.039754 4.147979 -0.572484,
        5.065857 4.128920 -0.602516,
        5.082219 4.109228 -0.633978,
        5.090530 4.086942 -0.666103,
        5.091552 4.062643 -0.696571,
        5.087922 4.039166 -0.724280,
        5.080126 4.014330 -0.750709,
        5.067396 3.991504 -0.776151,
        5.050935 3.968431 -0.798500,
        5.029342 3.944902 -0.818911,
        5.002506 3.921513 -0.836423,
        4.970411 3.901081 -0.848250,
        4.932666 3.881494 -0.852455,
        4.891577 3.863664 -0.846139,
        4.852472 3.848987 -0.827287,
        4.817580 3.835473 -0.795887,
        4.792254 3.823409 -0.753135,
        4.780637 3.813985 -0.703874,
        4.784895 3.804709 -0.651354,
        4.805567 3.796000 -0.601298,
        4.840481 3.789708 -0.560326,
        4.886212 3.780981 -0.532058,
        4.938276 3.771546 -0.519024,
        4.989902 3.763133 -0.522926,
        5.036823 3.752393 -0.541487,
        5.074653 3.739641 -0.572361,
        5.099431 3.726076 -0.610302,
        5.111698 3.709802 -0.651249,
        5.111867 3.690593 -0.691151,
        5.103667 3.670711 -0.725791,
        5.089010 3.648762 -0.755308,
        5.069837 3.624328 -0.779120,
        5.048875 3.600631 -0.797810,
        5.025875 3.576146 -0.812587,
        4.999547 3.553200 -0.823558,
        4.972322 3.529880 -0.829718,
        4.942873 3.506715 -0.831067,
        4.911048 3.483220 -0.826769,
        4.878870 3.462511 -0.814611,
        4.972135 4.931734 -0.589490,
        4.998907 4.907493 -0.594206,
        5.025708 4.884539 -0.603981,
        5.050019 4.860978 -0.618003,
        5.072471 4.838058 -0.636862,
        5.092962 4.814563 -0.661590,
        5.108407 4.793609 -0.692516,
        5.116844 4.774640 -0.729078,
        5.115237 4.756729 -0.770682,
        5.100657 4.741502 -0.812062,
        5.073788 4.728611 -0.849879,
        5.034156 4.716488 -0.879941,
        4.985963 4.706489 -0.897144,
        4.933924 4.697837 -0.898854,
        4.881803 4.689092 -0.884016,
        4.836661 4.682206 -0.853578,
        4.803836 4.674097 -0.811808,
        4.784944 4.664651 -0.761560,
        4.782930 4.655629 -0.709221,
        4.796023 4.645497 -0.661093,
        4.822376 4.632757 -0.619999,
        4.857629 4.618574 -0.590685,
        4.896539 4.602894 -0.574186,
        4.936136 4.583720 -0.569476,
        4.971933 4.563215 -0.573676,
        5.002515 4.541840 -0.584869,
        5.028322 4.517465 -0.601187,
        5.049578 4.493145 -0.620141,
        5.066616 4.469211 -0.641076,
        5.080494 4.446347 -0.665937,
        5.089778 4.422407 -0.692674,
        5.094424 4.399765 -0.721444,
        5.093798 4.376376 -0.753483,
        5.085144 4.355057 -0.787213,
        5.067738 4.336337 -0.820247,
        5.039420 4.318546 -0.850643,
        5.001050 4.302967 -0.872514,
        4.956188 4.290295 -0.883537,
        4.906666 4.278308 -0.880429,
        4.858662 4.267972 -0.861785,
        4.818316 4.259510 -0.829175,
        4.788631 4.250915 -0.784019,
        4.774283 4.243706 -0.731154,
        4.776769 4.235757 -0.678254,
        4.795250 4.226476 -0.628030,
        4.828104 4.217145 -0.586848,
        4.869390 4.207146 -0.559088,
        4.916043 4.194584 -0.545270,
        4.962137 4.180107 -0.546081,
        5.002277 4.164529 -0.559041,
        5.035188 4.145550 -0.581299,
        5.059704 4.124763 -0.607989,
        5.075485 4.103462 -0.636419,
        5.084294 4.079296 -0.665515,
        5.088034 4.054709 -0.693916,
        5.087232 4.030819 -0.720869,
        5.081521 4.008178 -0.748622,
        5.071004 3.983987 -0.775068,
        5.055708 3.961359 -0.799863,
        5.034426 3.938207 -0.823611,
        5.005677 3.916651 -0.843550,
        4.970894 3.897916 -0.857157,
        4.929796 3.880377 -0.861681,
        4.886284 3.864575 -0.853091,
        4.845107 3.851859 -0.832065,
        4.809806 3.840139 -0.797546,
        4.785578 3.829594 -0.751876,
        4.776378 3.821058 -0.700748,
        4.783374 3.812744 -0.647450,
        4.807144 3.805341 -0.597880,
        4.843693 3.797291 -0.559408,
        4.890255 3.788304 -0.533638,
        4.942204 3.778793 -0.523880,
        4.991719 3.768662 -0.529880,
        5.035782 3.756411 -0.549847,
        5.070271 3.741768 -0.580650,
        5.092253 3.726029 -0.616802,
        5.102483 3.707372 -0.654943,
        5.103633 3.686436 -0.691271,
        5.096977 3.664944 -0.723230,
        5.084672 3.641116 -0.750791,
        5.068909 3.616394 -0.774811,
        5.050586 3.592284 -0.794780,
        5.028295 3.569995 -0.811917,
        5.002986 3.545683 -0.825096,
        4.975039 3.522806 -0.833873,
        4.943653 3.500020 -0.837946,
        4.908791 3.478357 -0.834235,
        4.873404 3.459345 -0.821661,
        4.941669 4.947728 -0.592822,
        4.968822 4.923387 -0.590555,
        4.996673 4.901342 -0.593058,
        5.024221 4.877021 -0.600519,
        5.050843 4.853905 -0.613108,
        5.076559 4.831363 -0.631275,
        5.099681 4.809701 -0.657628,
        5.117206 4.790444 -0.691048,
        5.126338 4.773524 -0.730875,
        5.122746 4.757640 -0.775149,
        5.106222 4.744373 -0.818852,
        5.076325 4.733276 -0.857413,
        5.033666 4.722672 -0.886717,
        4.983328 4.713562 -0.901724,
        4.930219 4.705871 -0.900811,
        4.878227 4.698433 -0.882838,
        4.835393 4.689788 -0.850489,
        4.804944 4.681420 -0.807611,
        4.789319 4.671898 -0.757103,
        4.789640 4.661158 -0.706645,
        4.804447 4.649515 -0.661175,
        4.831110 4.634884 -0.623407,
        4.864884 4.618527 -0.597098,
        4.901259 4.600465 -0.582920,
        4.937195 4.579563 -0.577643,
        4.970129 4.557448 -0.580608,
        4.998520 4.534195 -0.589694,
        5.024147 4.509531 -0.602600,
        5.046376 4.484798 -0.618777,
        5.065676 4.463059 -0.638748,
        5.081630 4.438830 -0.662344,
        5.093606 4.415335 -0.689513,
        5.101169 4.393070 -0.719887,
        5.101474 4.371513 -0.754872,
        5.092757 4.351891 -0.791862,
        5.073749 4.335220 -0.827813,
        5.042189 4.319456 -0.858929,
        5.000813 4.305839 -0.881290,
        4.953183 4.294961 -0.890897,
        4.901870 4.284493 -0.885240,
        4.853672 4.275045 -0.863523,
        4.814233 4.267544 -0.828235,
        4.786691 4.260256 -0.780791,
        4.775346 4.251288 -0.727988,
        4.780351 4.243081 -0.675802,
        4.801474 4.233723 -0.627512,
        4.834864 4.222675 -0.589289,
        4.875711 4.211163 -0.564657,
        4.920432 4.196711 -0.553556,
        4.963429 4.180060 -0.555677,
        5.000139 4.162100 -0.568735,
        5.030657 4.141393 -0.588176,
        5.053806 4.118998 -0.612052,
        5.069308 4.095817 -0.637458,
        5.080209 4.071362 -0.663859,
        5.086505 4.046362 -0.690790,
        5.088043 4.024667 -0.718492,
        5.084728 4.000661 -0.746643,
        5.075967 3.976913 -0.775180,
        5.061830 3.954664 -0.803096,
        5.039332 3.933345 -0.829675,
        5.008396 3.913485 -0.852045,
        4.970493 3.896799 -0.866811,
        4.926481 3.881287 -0.869766,
        4.880367 3.867446 -0.859576,
        4.838020 3.856524 -0.835667,
        4.803031 3.846323 -0.798057,
        4.780667 3.836667 -0.749930,
        4.773905 3.829093 -0.697365,
        4.784013 3.822086 -0.643739,
        4.810018 3.812923 -0.596178,
        4.848006 3.804614 -0.559898,
        4.895307 3.795551 -0.537311,
        4.945723 3.784323 -0.530146,
        4.992856 3.772679 -0.538227,
        5.033695 3.758537 -0.558988,
        5.064975 3.741720 -0.588756,
        5.084293 3.723599 -0.622733,
        5.094561 3.703216 -0.657191,
        5.096513 3.680670 -0.690490,
        5.091627 3.657299 -0.719974,
        5.082660 3.633182 -0.746869,
        5.069795 3.608046 -0.771446,
        5.052754 3.586133 -0.793513,
        5.032016 3.562478 -0.812512,
        5.006669 3.538609 -0.828424,
        4.977550 3.516111 -0.840324,
        4.943407 3.495157 -0.845742,
        4.905297 3.475192 -0.842443,
        4.866781 3.458229 -0.828696,
        4.938737 4.939381 -0.594697,
        4.966370 4.917236 -0.590014,
        4.994340 4.893825 -0.590100,
        5.023768 4.869948 -0.595576,
        5.053376 4.847210 -0.606665,
        5.082022 4.826501 -0.625708,
        5.107813 4.806535 -0.653960,
        5.126845 4.789327 -0.690374,
        5.134748 4.774434 -0.733244,
        5.129863 4.760511 -0.780290,
        5.110587 4.749039 -0.825496,
        5.077606 4.739461 -0.864085,
        5.032291 4.729745 -0.891818,
        4.980241 4.721597 -0.904556,
        4.926459 4.715213 -0.900600,
        4.876209 4.706015 -0.880176,
        4.835401 4.697112 -0.846148,
        4.808017 4.688667 -0.802172,
        4.795144 4.677427 -0.752893,
        4.797810 4.665175 -0.704590,
        4.813766 4.651642 -0.662205,
        4.839768 4.634837 -0.627743,
        4.871661 4.616098 -0.604352,
        4.904396 4.596308 -0.590534,
        4.937232 4.573797 -0.584806,
        4.967486 4.549803 -0.586286,
        4.994854 4.526261 -0.592139,
        5.020703 4.501184 -0.602105,
        5.044877 4.478647 -0.616763,
        5.065843 4.455542 -0.634984,
        5.084515 4.431756 -0.658306,
        5.099739 4.408640 -0.686301,
        5.108942 4.388208 -0.719244,
        5.110026 4.368348 -0.757405,
        5.100486 4.350775 -0.797663,
        5.078566 4.336130 -0.835102,
        5.044220 4.322328 -0.867470,
        4.999765 4.310504 -0.889171,
        4.949793 4.301146 -0.896783,
        4.897497 4.291565 -0.888206,
        4.849485 4.283080 -0.863644,
        4.811526 4.276886 -0.825617,
        4.786902 4.267838 -0.777458,
        4.778193 4.258612 -0.724711,
        4.786231 4.250328 -0.673696,
        4.808635 4.239252 -0.628127,
        4.842387 4.226692 -0.593081,
        4.882089 4.213290 -0.571529,
        4.924157 4.196664 -0.562494,
        4.963807 4.177630 -0.565597,
        4.997533 4.157943 -0.576547,
        5.026007 4.135627 -0.593625,
        5.048092 4.111352 -0.614618,
        5.064935 4.087883 -0.636911,
        5.077924 4.063015 -0.661235,
        5.086689 4.040211 -0.688286,
        5.090631 4.017150 -0.715754,
        5.089550 3.993588 -0.745468,
        5.082707 3.970219 -0.776761,
        5.068131 3.949801 -0.807693,
        5.044156 3.930180 -0.837179,
        5.010449 3.912369 -0.861488,
        4.969369 3.897710 -0.875476,
        4.922442 3.884159 -0.877561,
        4.874420 3.872112 -0.864853,
        4.831605 3.862709 -0.837902,
        4.797783 3.853396 -0.797448,
        4.777419 3.844702 -0.747283,
        4.773570 3.838434 -0.693615,
        4.786349 3.829668 -0.641352,
        4.814315 3.820246 -0.595560,
        4.853831 3.811860 -0.562151,
        4.900329 3.801080 -0.542452,
        4.948937 3.788340 -0.537933,
        4.993183 3.774806 -0.547597,
        5.030679 3.758490 -0.568190,
        5.058777 3.739291 -0.596511,
        5.077211 3.719443 -0.626936,
        5.087481 3.697450 -0.658281,
        5.090511 3.673025 -0.688697,
        5.088678 3.649365 -0.716697,
        5.082644 3.624835 -0.743389,
        5.071571 3.601896 -0.769671,
        5.056502 3.578616 -0.793137,
        5.036435 3.555404 -0.814772,
        5.010737 3.531915 -0.834026,
        4.979305 3.511249 -0.847924,
        4.942159 3.491992 -0.854574,
        4.900680 3.474076 -0.850931,
        4.860259 3.459139 -0.834511,
        4.823615 3.445967 -0.805659,
        4.795524 3.433830 -0.764590,
        4.780715 3.424121 -0.715902,
        4.781542 3.415199 -0.663570,
        3.502061 0.393701 -1.101969,
        3.348422 0.000000 -1.101969,
        3.406037 -0.000000 -1.101969,
        3.445872 0.110428 -1.101969,
        3.608514 0.110428 -1.101969,
        3.646098 -0.000000 -1.101969,
        3.703713 -0.000000 -1.101969,
        3.554875 0.393701 -1.101969,
        3.595235 0.153639 -1.101969,
        3.463576 0.153639 -1.101969,
        3.536495 0.318081 -1.101969,
        3.532706 0.331736 -1.101969,
        3.530194 0.345689 -1.101969,
        3.528918 0.345689 -1.101969,
        3.526349 0.331778 -1.101969,
        3.522842 0.318081 -1.101969,
        3.595235 0.153639 -1.102362,
        3.463576 0.153639 -1.102362,
        3.536495 0.318081 -1.102362,
        3.532706 0.331736 -1.102362,
        3.530194 0.345689 -1.102362,
        3.528918 0.345689 -1.102362,
        3.526349 0.331778 -1.102362,
        3.522842 0.318081 -1.102362,
        3.942349 -0.000000 -1.101969,
        4.049402 -0.000000 -1.101969,
        4.049402 0.393701 -1.101969,
        3.938298 0.393701 -1.101969,
        3.732520 0.201802 -1.101969,
        3.735381 0.238847 -1.101969,
        3.745956 0.277637 -1.101969,
        3.764252 0.311496 -1.101969,
        3.792093 0.342367 -1.101969,
        3.792505 0.342728 -1.101969,
        3.835356 0.371446 -1.101969,
        3.881419 0.387621 -1.101969,
        3.893635 0.004252 -1.101969,
        3.848270 0.017774 -1.101969,
        3.807163 0.041663 -1.101969,
        3.774757 0.072691 -1.101969,
        3.752180 0.107905 -1.101969,
        3.738045 0.149113 -1.101969,
        3.811546 0.295281 -1.101969,
        3.830670 0.315586 -1.101969,
        3.859428 0.334164 -1.101969,
        3.891925 0.345536 -1.101969,
        3.938523 0.350490 -1.101969,
        3.996588 0.350490 -1.101969,
        3.996588 0.043211 -1.101969,
        3.940699 0.043211 -1.101969,
        3.899163 0.047077 -1.101969,
        3.866032 0.057419 -1.101969,
        3.839182 0.073362 -1.101969,
        3.817101 0.095173 -1.101969,
        3.800496 0.122317 -1.101969,
        3.788948 0.159325 -1.101969,
        3.785334 0.200676 -1.101969,
        3.788678 0.239859 -1.101969,
        3.797869 0.270998 -1.101969,
        3.938523 0.350490 -1.102362,
        3.996588 0.350490 -1.102362,
        3.891925 0.345536 -1.102362,
        3.859428 0.334164 -1.102362,
        3.830670 0.315586 -1.102362,
        3.811546 0.295281 -1.102362,
        3.797869 0.270998 -1.102362,
        3.788678 0.239859 -1.102362,
        3.785334 0.200676 -1.102362,
        3.788948 0.159325 -1.102362,
        3.800496 0.122317 -1.102362,
        3.817101 0.095173 -1.102362,
        3.839182 0.073362 -1.102362,
        3.866032 0.057419 -1.102362,
        3.899163 0.047077 -1.102362,
        3.940699 0.043211 -1.102362,
        3.996588 0.043211 -1.102362,
        4.126221 0.043211 -1.101969,
        4.126221 0.000000 -1.101969,
        4.337475 -0.000000 -1.101969,
        4.337475 0.393701 -1.101969,
        4.135824 0.393701 -1.101969,
        4.135824 0.350490 -1.101969,
        4.284661 0.350490 -1.101969,
        4.284661 0.220857 -1.101969,
        4.145426 0.220857 -1.101969,
        4.145426 0.177645 -1.101969,
        4.284661 0.177645 -1.101969,
        4.284661 0.043211 -1.101969,
        4.414295 0.063616 -1.101969,
        4.414295 0.020405 -1.101969,
        4.456261 0.003174 -1.101969,
        4.522623 -0.004801 -1.101969,
        4.511857 -0.004617 -1.101969,
        4.703363 0.143828 -1.101969,
        4.707170 0.189424 -1.101969,
        4.691514 0.102155 -1.101969,
        4.670541 0.064720 -1.101969,
        4.640969 0.033587 -1.101969,
        4.609300 0.013364 -1.101969,
        4.571141 0.000230 -1.101969,
        4.701506 0.245396 -1.101969,
        4.686392 0.290005 -1.101969,
        4.663316 0.326814 -1.101969,
        4.627772 0.360998 -1.101969,
        4.590377 0.382523 -1.101969,
        4.546487 0.395274 -1.101969,
        4.506944 0.398502 -1.101969,
        4.414295 0.382898 -1.101969,
        4.459813 0.395250 -1.101969,
        4.414295 0.330085 -1.101969,
        4.506494 0.355291 -1.101969,
        4.458641 0.349074 -1.101969,
        4.654356 0.192649 -1.101969,
        4.652478 0.223281 -1.101969,
        4.641984 0.265428 -1.101969,
        4.625753 0.295826 -1.101969,
        4.601978 0.322073 -1.101969,
        4.574728 0.340302 -1.101969,
        4.545261 0.350937 -1.101969,
        4.515346 0.038410 -1.101969,
        4.552067 0.042529 -1.101969,
        4.580754 0.053090 -1.101969,
        4.604916 0.069375 -1.101969,
        4.623391 0.088866 -1.101969,
        4.639674 0.116165 -1.101969,
        4.650370 0.150029 -1.101969,
        4.421351 0.059708 -1.101969,
        4.463085 0.044210 -1.101969,
        4.740778 0.043211 -1.101969,
        4.740778 0.000000 -1.101969,
        4.942430 -0.000000 -1.101969,
        4.942430 0.393701 -1.101969,
        4.889617 0.393701 -1.101969,
        4.889617 0.043211 -1.101969,
      ]
    }
    coordIndex [
      124, 123, 188, -1,
      189, 190, 188, -1,
      188, 190, 191, -1,
      188, 191, 124, -1,
      160, 161, 192, -1,
      160, 192, 193, -1,
      193, 192, 194, -1,
      193, 194, 195, -1,
      196, 197, 194, -1,
      194, 197, 198, -1,
      194, 198, 195, -1,
      199, 200, 201, -1,
      196, 194, 202, -1,
      202, 194, 203, -1,
      202, 203, 201, -1,
      201, 203, 204, -1,
      201, 204, 199, -1,
      205, 195, 198, -1,
      206, 198, 197, -1,
      207, 196, 202, -1,
      208, 209, 210, -1,
      211, 202, 201, -1,
      212, 201, 200, -1,
      213, 200, 199, -1,
      214, 199, 204, -1,
      215, 204, 203, -1,
      216, 203, 194, -1,
      217, 194, 192, -1,
      120, 119, 218, -1,
      143, 219, 144, -1,
      107, 220, 110, -1,
      90, 115, 210, -1,
      113, 112, 221, -1,
      88, 121, 222, -1,
      223, 92, 89, -1,
      95, 94, 224, -1,
      224, 94, 93, -1,
      98, 97, 225, -1,
      225, 97, 96, -1,
      226, 100, 99, -1,
      111, 117, 227, -1,
      227, 117, 116, -1,
      227, 116, 101, -1,
      113, 221, 114, -1,
      209, 102, 210, -1,
      210, 102, 91, -1,
      210, 91, 90, -1,
      104, 228, 105, -1,
      105, 228, 106, -1,
      107, 106, 220, -1,
      220, 106, 228, -1,
      220, 228, 208, -1,
      208, 228, 104, -1,
      208, 104, 209, -1,
      209, 104, 103, -1,
      209, 103, 102, -1,
      109, 229, 108, -1,
      108, 229, 230, -1,
      129, 128, 231, -1,
      231, 128, 127, -1,
      135, 232, 125, -1,
      125, 232, 126, -1,
      233, 133, 130, -1,
      131, 234, 132, -1,
      132, 234, 136, -1,
      145, 138, 235, -1,
      236, 141, 140, -1,
      123, 122, 237, -1,
      160, 193, 167, -1,
      167, 193, 238, -1,
      167, 238, 170, -1,
      170, 238, 171, -1,
      171, 239, 172, -1,
      172, 239, 176, -1,
      169, 168, 240, -1,
      176, 239, 177, -1,
      177, 239, 241, -1,
      177, 241, 168, -1,
      185, 184, 240, -1,
      240, 184, 183, -1,
      240, 183, 169, -1,
      178, 242, 179, -1,
      179, 242, 186, -1,
      243, 180, 242, -1,
      242, 180, 187, -1,
      242, 187, 186, -1,
      174, 173, 243, -1,
      173, 182, 243, -1,
      243, 182, 181, -1,
      243, 181, 180, -1,
      156, 155, 244, -1,
      244, 155, 154, -1,
      154, 153, 245, -1,
      245, 153, 152, -1,
      245, 152, 175, -1,
      158, 157, 246, -1,
      246, 157, 156, -1,
      247, 151, 150, -1,
      248, 164, 151, -1,
      249, 165, 164, -1,
      166, 250, 163, -1,
      163, 250, 162, -1,
      251, 161, 162, -1,
      110, 220, 252, -1,
      252, 220, 208, -1,
      252, 208, 253, -1,
      253, 208, 210, -1,
      253, 210, 221, -1,
      221, 210, 115, -1,
      221, 115, 114, -1,
      109, 110, 229, -1,
      229, 110, 252, -1,
      229, 252, 254, -1,
      254, 252, 253, -1,
      254, 253, 255, -1,
      255, 253, 221, -1,
      255, 221, 227, -1,
      227, 221, 112, -1,
      227, 112, 111, -1,
      230, 229, 256, -1,
      256, 229, 254, -1,
      256, 254, 257, -1,
      257, 254, 255, -1,
      257, 255, 258, -1,
      258, 255, 227, -1,
      258, 227, 226, -1,
      226, 227, 101, -1,
      226, 101, 100, -1,
      190, 259, 191, -1,
      191, 259, 118, -1,
      191, 118, 124, -1,
      161, 251, 260, -1,
      260, 251, 261, -1,
      260, 261, 262, -1,
      262, 261, 263, -1,
      262, 263, 264, -1,
      264, 263, 265, -1,
      264, 265, 266, -1,
      266, 265, 267, -1,
      266, 267, 268, -1,
      268, 267, 269, -1,
      268, 269, 270, -1,
      270, 269, 271, -1,
      270, 271, 272, -1,
      272, 271, 273, -1,
      272, 273, 274, -1,
      274, 273, 275, -1,
      274, 275, 276, -1,
      276, 275, 277, -1,
      276, 277, 278, -1,
      278, 277, 279, -1,
      278, 279, 280, -1,
      280, 279, 281, -1,
      280, 281, 282, -1,
      282, 281, 283, -1,
      282, 283, 284, -1,
      284, 283, 285, -1,
      284, 285, 286, -1,
      286, 285, 287, -1,
      286, 287, 288, -1,
      288, 287, 289, -1,
      288, 289, 290, -1,
      290, 289, 291, -1,
      290, 291, 292, -1,
      292, 291, 293, -1,
      292, 293, 294, -1,
      294, 293, 295, -1,
      294, 295, 296, -1,
      296, 295, 297, -1,
      296, 297, 298, -1,
      298, 297, 299, -1,
      298, 299, 300, -1,
      300, 299, 301, -1,
      300, 301, 302, -1,
      302, 301, 303, -1,
      302, 303, 304, -1,
      304, 303, 305, -1,
      304, 305, 306, -1,
      306, 305, 307, -1,
      306, 307, 308, -1,
      308, 307, 309, -1,
      308, 309, 310, -1,
      310, 309, 311, -1,
      310, 311, 312, -1,
      312, 311, 313, -1,
      312, 313, 314, -1,
      314, 313, 315, -1,
      314, 315, 316, -1,
      316, 315, 317, -1,
      316, 317, 318, -1,
      318, 317, 319, -1,
      318, 319, 320, -1,
      320, 319, 321, -1,
      320, 321, 322, -1,
      322, 321, 323, -1,
      322, 323, 324, -1,
      324, 323, 325, -1,
      324, 325, 326, -1,
      326, 325, 327, -1,
      326, 327, 328, -1,
      328, 327, 329, -1,
      328, 329, 330, -1,
      330, 329, 331, -1,
      330, 331, 332, -1,
      332, 331, 333, -1,
      332, 333, 334, -1,
      334, 333, 335, -1,
      334, 335, 336, -1,
      336, 335, 337, -1,
      336, 337, 338, -1,
      338, 337, 339, -1,
      338, 339, 340, -1,
      340, 339, 341, -1,
      340, 341, 342, -1,
      342, 341, 343, -1,
      342, 343, 344, -1,
      344, 343, 345, -1,
      344, 345, 346, -1,
      346, 345, 347, -1,
      346, 347, 348, -1,
      348, 347, 349, -1,
      348, 349, 350, -1,
      350, 349, 351, -1,
      350, 351, 352, -1,
      352, 351, 353, -1,
      352, 353, 354, -1,
      354, 353, 355, -1,
      354, 355, 356, -1,
      356, 355, 357, -1,
      356, 357, 358, -1,
      358, 357, 359, -1,
      358, 359, 360, -1,
      360, 359, 361, -1,
      360, 361, 362, -1,
      362, 361, 363, -1,
      362, 363, 364, -1,
      364, 363, 365, -1,
      364, 365, 366, -1,
      366, 365, 367, -1,
      366, 367, 368, -1,
      368, 367, 369, -1,
      368, 369, 370, -1,
      370, 369, 371, -1,
      370, 371, 372, -1,
      372, 371, 373, -1,
      372, 373, 374, -1,
      374, 373, 375, -1,
      374, 375, 376, -1,
      376, 375, 377, -1,
      376, 377, 378, -1,
      378, 377, 379, -1,
      378, 379, 380, -1,
      380, 379, 381, -1,
      380, 381, 382, -1,
      382, 381, 383, -1,
      382, 383, 384, -1,
      384, 383, 385, -1,
      384, 385, 386, -1,
      386, 385, 387, -1,
      386, 387, 388, -1,
      388, 387, 389, -1,
      388, 389, 390, -1,
      390, 389, 391, -1,
      390, 391, 392, -1,
      392, 391, 393, -1,
      392, 393, 394, -1,
      394, 393, 395, -1,
      394, 395, 396, -1,
      396, 395, 397, -1,
      396, 397, 398, -1,
      398, 397, 399, -1,
      398, 399, 400, -1,
      400, 399, 401, -1,
      400, 401, 402, -1,
      402, 401, 403, -1,
      402, 403, 404, -1,
      404, 403, 405, -1,
      404, 405, 406, -1,
      406, 405, 407, -1,
      406, 407, 408, -1,
      408, 407, 409, -1,
      408, 409, 410, -1,
      410, 409, 411, -1,
      410, 411, 412, -1,
      412, 411, 413, -1,
      412, 413, 414, -1,
      414, 413, 415, -1,
      414, 415, 416, -1,
      416, 415, 417, -1,
      416, 417, 418, -1,
      418, 417, 419, -1,
      418, 419, 420, -1,
      420, 419, 421, -1,
      420, 421, 422, -1,
      422, 421, 423, -1,
      422, 423, 424, -1,
      424, 423, 425, -1,
      424, 425, 426, -1,
      426, 425, 427, -1,
      426, 427, 428, -1,
      428, 427, 429, -1,
      428, 429, 430, -1,
      430, 429, 431, -1,
      430, 431, 432, -1,
      432, 431, 433, -1,
      432, 433, 434, -1,
      434, 433, 435, -1,
      434, 435, 436, -1,
      436, 435, 437, -1,
      436, 437, 438, -1,
      438, 437, 439, -1,
      438, 439, 440, -1,
      440, 439, 441, -1,
      440, 441, 442, -1,
      442, 441, 443, -1,
      442, 443, 444, -1,
      444, 443, 445, -1,
      444, 445, 446, -1,
      446, 445, 447, -1,
      446, 447, 448, -1,
      448, 447, 224, -1,
      448, 224, 223, -1,
      223, 224, 93, -1,
      223, 93, 92, -1,
      89, 449, 223, -1,
      223, 449, 450, -1,
      223, 450, 448, -1,
      448, 450, 451, -1,
      448, 451, 446, -1,
      446, 451, 452, -1,
      446, 452, 444, -1,
      444, 452, 453, -1,
      444, 453, 442, -1,
      442, 453, 454, -1,
      442, 454, 440, -1,
      440, 454, 455, -1,
      440, 455, 438, -1,
      438, 455, 456, -1,
      438, 456, 436, -1,
      436, 456, 457, -1,
      436, 457, 434, -1,
      434, 457, 458, -1,
      434, 458, 432, -1,
      432, 458, 459, -1,
      432, 459, 430, -1,
      430, 459, 460, -1,
      430, 460, 428, -1,
      428, 460, 461, -1,
      428, 461, 426, -1,
      426, 461, 462, -1,
      426, 462, 424, -1,
      424, 462, 463, -1,
      424, 463, 422, -1,
      422, 463, 464, -1,
      422, 464, 420, -1,
      420, 464, 465, -1,
      420, 465, 418, -1,
      418, 465, 466, -1,
      418, 466, 416, -1,
      416, 466, 467, -1,
      416, 467, 414, -1,
      414, 467, 468, -1,
      414, 468, 412, -1,
      412, 468, 469, -1,
      412, 469, 410, -1,
      410, 469, 470, -1,
      410, 470, 408, -1,
      408, 470, 471, -1,
      408, 471, 406, -1,
      406, 471, 472, -1,
      406, 472, 404, -1,
      404, 472, 473, -1,
      404, 473, 402, -1,
      402, 473, 474, -1,
      402, 474, 400, -1,
      400, 474, 475, -1,
      400, 475, 398, -1,
      398, 475, 476, -1,
      398, 476, 396, -1,
      396, 476, 477, -1,
      396, 477, 394, -1,
      394, 477, 478, -1,
      394, 478, 392, -1,
      392, 478, 479, -1,
      392, 479, 390, -1,
      390, 479, 480, -1,
      390, 480, 388, -1,
      388, 480, 481, -1,
      388, 481, 386, -1,
      386, 481, 482, -1,
      386, 482, 384, -1,
      384, 482, 483, -1,
      384, 483, 382, -1,
      382, 483, 484, -1,
      382, 484, 380, -1,
      380, 484, 485, -1,
      380, 485, 378, -1,
      378, 485, 486, -1,
      378, 486, 376, -1,
      376, 486, 487, -1,
      376, 487, 374, -1,
      374, 487, 488, -1,
      374, 488, 372, -1,
      372, 488, 489, -1,
      372, 489, 370, -1,
      370, 489, 490, -1,
      370, 490, 368, -1,
      368, 490, 491, -1,
      368, 491, 366, -1,
      366, 491, 492, -1,
      366, 492, 364, -1,
      364, 492, 493, -1,
      364, 493, 362, -1,
      362, 493, 494, -1,
      362, 494, 360, -1,
      360, 494, 495, -1,
      360, 495, 358, -1,
      358, 495, 496, -1,
      358, 496, 356, -1,
      356, 496, 497, -1,
      356, 497, 354, -1,
      354, 497, 498, -1,
      354, 498, 352, -1,
      352, 498, 499, -1,
      352, 499, 350, -1,
      350, 499, 500, -1,
      350, 500, 348, -1,
      348, 500, 501, -1,
      348, 501, 346, -1,
      346, 501, 502, -1,
      346, 502, 344, -1,
      344, 502, 503, -1,
      344, 503, 342, -1,
      342, 503, 504, -1,
      342, 504, 340, -1,
      340, 504, 505, -1,
      340, 505, 338, -1,
      338, 505, 506, -1,
      338, 506, 336, -1,
      336, 506, 507, -1,
      336, 507, 334, -1,
      334, 507, 508, -1,
      334, 508, 332, -1,
      332, 508, 509, -1,
      332, 509, 330, -1,
      330, 509, 510, -1,
      330, 510, 328, -1,
      328, 510, 511, -1,
      328, 511, 326, -1,
      326, 511, 512, -1,
      326, 512, 324, -1,
      324, 512, 513, -1,
      324, 513, 322, -1,
      322, 513, 514, -1,
      322, 514, 320, -1,
      320, 514, 515, -1,
      320, 515, 318, -1,
      318, 515, 516, -1,
      318, 516, 316, -1,
      316, 516, 517, -1,
      316, 517, 314, -1,
      314, 517, 518, -1,
      314, 518, 312, -1,
      312, 518, 519, -1,
      312, 519, 310, -1,
      310, 519, 520, -1,
      310, 520, 308, -1,
      308, 520, 521, -1,
      308, 521, 306, -1,
      306, 521, 522, -1,
      306, 522, 304, -1,
      304, 522, 523, -1,
      304, 523, 302, -1,
      302, 523, 524, -1,
      302, 524, 300, -1,
      300, 524, 525, -1,
      300, 525, 298, -1,
      298, 525, 526, -1,
      298, 526, 296, -1,
      296, 526, 527, -1,
      296, 527, 294, -1,
      294, 527, 528, -1,
      294, 528, 292, -1,
      292, 528, 529, -1,
      292, 529, 290, -1,
      290, 529, 530, -1,
      290, 530, 288, -1,
      288, 530, 531, -1,
      288, 531, 286, -1,
      286, 531, 532, -1,
      286, 532, 284, -1,
      284, 532, 533, -1,
      284, 533, 282, -1,
      282, 533, 534, -1,
      282, 534, 280, -1,
      280, 534, 535, -1,
      280, 535, 278, -1,
      278, 535, 536, -1,
      278, 536, 276, -1,
      276, 536, 537, -1,
      276, 537, 274, -1,
      274, 537, 538, -1,
      274, 538, 272, -1,
      272, 538, 539, -1,
      272, 539, 270, -1,
      270, 539, 540, -1,
      270, 540, 268, -1,
      268, 540, 541, -1,
      268, 541, 266, -1,
      266, 541, 542, -1,
      266, 542, 264, -1,
      264, 542, 543, -1,
      264, 543, 262, -1,
      262, 543, 217, -1,
      262, 217, 260, -1,
      260, 217, 192, -1,
      260, 192, 161, -1,
      194, 217, 216, -1,
      216, 217, 543, -1,
      216, 543, 544, -1,
      544, 543, 542, -1,
      544, 542, 545, -1,
      545, 542, 541, -1,
      545, 541, 546, -1,
      546, 541, 540, -1,
      546, 540, 547, -1,
      547, 540, 539, -1,
      547, 539, 548, -1,
      548, 539, 538, -1,
      548, 538, 549, -1,
      549, 538, 537, -1,
      549, 537, 550, -1,
      550, 537, 536, -1,
      550, 536, 551, -1,
      551, 536, 535, -1,
      551, 535, 552, -1,
      552, 535, 534, -1,
      552, 534, 553, -1,
      553, 534, 533, -1,
      553, 533, 554, -1,
      554, 533, 532, -1,
      554, 532, 555, -1,
      555, 532, 531, -1,
      555, 531, 556, -1,
      556, 531, 530, -1,
      556, 530, 557, -1,
      557, 530, 529, -1,
      557, 529, 558, -1,
      558, 529, 528, -1,
      558, 528, 559, -1,
      559, 528, 527, -1,
      559, 527, 560, -1,
      560, 527, 526, -1,
      560, 526, 561, -1,
      561, 526, 525, -1,
      561, 525, 562, -1,
      562, 525, 524, -1,
      562, 524, 563, -1,
      563, 524, 523, -1,
      563, 523, 564, -1,
      564, 523, 522, -1,
      564, 522, 565, -1,
      565, 522, 521, -1,
      565, 521, 566, -1,
      566, 521, 520, -1,
      566, 520, 567, -1,
      567, 520, 519, -1,
      567, 519, 568, -1,
      568, 519, 518, -1,
      568, 518, 569, -1,
      569, 518, 517, -1,
      569, 517, 570, -1,
      570, 517, 516, -1,
      570, 516, 571, -1,
      571, 516, 515, -1,
      571, 515, 572, -1,
      572, 515, 514, -1,
      572, 514, 573, -1,
      573, 514, 513, -1,
      573, 513, 574, -1,
      574, 513, 512, -1,
      574, 512, 575, -1,
      575, 512, 511, -1,
      575, 511, 576, -1,
      576, 511, 510, -1,
      576, 510, 577, -1,
      577, 510, 509, -1,
      577, 509, 578, -1,
      578, 509, 508, -1,
      578, 508, 579, -1,
      579, 508, 507, -1,
      579, 507, 580, -1,
      580, 507, 506, -1,
      580, 506, 581, -1,
      581, 506, 505, -1,
      581, 505, 582, -1,
      582, 505, 504, -1,
      582, 504, 583, -1,
      583, 504, 503, -1,
      583, 503, 584, -1,
      584, 503, 502, -1,
      584, 502, 585, -1,
      585, 502, 501, -1,
      585, 501, 586, -1,
      586, 501, 500, -1,
      586, 500, 587, -1,
      587, 500, 499, -1,
      587, 499, 588, -1,
      588, 499, 498, -1,
      588, 498, 589, -1,
      589, 498, 497, -1,
      589, 497, 590, -1,
      590, 497, 496, -1,
      590, 496, 591, -1,
      591, 496, 495, -1,
      591, 495, 592, -1,
      592, 495, 494, -1,
      592, 494, 593, -1,
      593, 494, 493, -1,
      593, 493, 594, -1,
      594, 493, 492, -1,
      594, 492, 595, -1,
      595, 492, 491, -1,
      595, 491, 596, -1,
      596, 491, 490, -1,
      596, 490, 597, -1,
      597, 490, 489, -1,
      597, 489, 598, -1,
      598, 489, 488, -1,
      598, 488, 599, -1,
      599, 488, 487, -1,
      599, 487, 600, -1,
      600, 487, 486, -1,
      600, 486, 601, -1,
      601, 486, 485, -1,
      601, 485, 602, -1,
      602, 485, 484, -1,
      602, 484, 603, -1,
      603, 484, 483, -1,
      603, 483, 604, -1,
      604, 483, 482, -1,
      604, 482, 605, -1,
      605, 482, 481, -1,
      605, 481, 606, -1,
      606, 481, 480, -1,
      606, 480, 607, -1,
      607, 480, 479, -1,
      607, 479, 608, -1,
      608, 479, 478, -1,
      608, 478, 609, -1,
      609, 478, 477, -1,
      609, 477, 610, -1,
      610, 477, 476, -1,
      610, 476, 611, -1,
      611, 476, 475, -1,
      611, 475, 612, -1,
      612, 475, 474, -1,
      612, 474, 613, -1,
      613, 474, 473, -1,
      613, 473, 614, -1,
      614, 473, 472, -1,
      614, 472, 615, -1,
      615, 472, 471, -1,
      615, 471, 616, -1,
      616, 471, 470, -1,
      616, 470, 617, -1,
      617, 470, 469, -1,
      617, 469, 618, -1,
      618, 469, 468, -1,
      618, 468, 619, -1,
      619, 468, 467, -1,
      619, 467, 620, -1,
      620, 467, 466, -1,
      620, 466, 621, -1,
      621, 466, 465, -1,
      621, 465, 622, -1,
      622, 465, 464, -1,
      622, 464, 623, -1,
      623, 464, 463, -1,
      623, 463, 624, -1,
      624, 463, 462, -1,
      624, 462, 625, -1,
      625, 462, 461, -1,
      625, 461, 626, -1,
      626, 461, 460, -1,
      626, 460, 627, -1,
      627, 460, 459, -1,
      627, 459, 628, -1,
      628, 459, 458, -1,
      628, 458, 629, -1,
      629, 458, 457, -1,
      629, 457, 630, -1,
      630, 457, 456, -1,
      630, 456, 631, -1,
      631, 456, 455, -1,
      631, 455, 632, -1,
      632, 455, 454, -1,
      632, 454, 633, -1,
      633, 454, 453, -1,
      633, 453, 634, -1,
      634, 453, 452, -1,
      634, 452, 635, -1,
      635, 452, 451, -1,
      635, 451, 636, -1,
      636, 451, 450, -1,
      636, 450, 637, -1,
      637, 450, 449, -1,
      637, 449, 222, -1,
      222, 449, 89, -1,
      222, 89, 88, -1,
      203, 216, 215, -1,
      215, 216, 544, -1,
      215, 544, 638, -1,
      638, 544, 545, -1,
      638, 545, 639, -1,
      639, 545, 546, -1,
      639, 546, 640, -1,
      640, 546, 547, -1,
      640, 547, 641, -1,
      641, 547, 548, -1,
      641, 548, 642, -1,
      642, 548, 549, -1,
      642, 549, 643, -1,
      643, 549, 550, -1,
      643, 550, 644, -1,
      644, 550, 551, -1,
      644, 551, 645, -1,
      645, 551, 552, -1,
      645, 552, 646, -1,
      646, 552, 553, -1,
      646, 553, 647, -1,
      647, 553, 554, -1,
      647, 554, 648, -1,
      648, 554, 555, -1,
      648, 555, 649, -1,
      649, 555, 556, -1,
      649, 556, 650, -1,
      650, 556, 557, -1,
      650, 557, 651, -1,
      651, 557, 558, -1,
      651, 558, 652, -1,
      652, 558, 559, -1,
      652, 559, 653, -1,
      653, 559, 560, -1,
      653, 560, 654, -1,
      654, 560, 561, -1,
      654, 561, 655, -1,
      655, 561, 562, -1,
      655, 562, 656, -1,
      656, 562, 563, -1,
      656, 563, 657, -1,
      657, 563, 564, -1,
      657, 564, 658, -1,
      658, 564, 565, -1,
      658, 565, 659, -1,
      659, 565, 566, -1,
      659, 566, 660, -1,
      660, 566, 567, -1,
      660, 567, 661, -1,
      661, 567, 568, -1,
      661, 568, 662, -1,
      662, 568, 569, -1,
      662, 569, 663, -1,
      663, 569, 570, -1,
      663, 570, 664, -1,
      664, 570, 571, -1,
      664, 571, 665, -1,
      665, 571, 572, -1,
      665, 572, 666, -1,
      666, 572, 573, -1,
      666, 573, 667, -1,
      667, 573, 574, -1,
      667, 574, 668, -1,
      668, 574, 575, -1,
      668, 575, 669, -1,
      669, 575, 576, -1,
      669, 576, 670, -1,
      670, 576, 577, -1,
      670, 577, 671, -1,
      671, 577, 578, -1,
      671, 578, 672, -1,
      672, 578, 579, -1,
      672, 579, 673, -1,
      673, 579, 580, -1,
      673, 580, 674, -1,
      674, 580, 581, -1,
      674, 581, 675, -1,
      675, 581, 582, -1,
      675, 582, 676, -1,
      676, 582, 583, -1,
      676, 583, 677, -1,
      677, 583, 584, -1,
      677, 584, 678, -1,
      678, 584, 585, -1,
      678, 585, 679, -1,
      679, 585, 586, -1,
      679, 586, 680, -1,
      680, 586, 587, -1,
      680, 587, 681, -1,
      681, 587, 588, -1,
      681, 588, 682, -1,
      682, 588, 589, -1,
      682, 589, 683, -1,
      683, 589, 590, -1,
      683, 590, 684, -1,
      684, 590, 591, -1,
      684, 591, 685, -1,
      685, 591, 592, -1,
      685, 592, 686, -1,
      686, 592, 593, -1,
      686, 593, 687, -1,
      687, 593, 594, -1,
      687, 594, 688, -1,
      688, 594, 595, -1,
      688, 595, 689, -1,
      689, 595, 596, -1,
      689, 596, 690, -1,
      690, 596, 597, -1,
      690, 597, 691, -1,
      691, 597, 598, -1,
      691, 598, 692, -1,
      692, 598, 599, -1,
      692, 599, 693, -1,
      693, 599, 600, -1,
      693, 600, 694, -1,
      694, 600, 601, -1,
      694, 601, 695, -1,
      695, 601, 602, -1,
      695, 602, 696, -1,
      696, 602, 603, -1,
      696, 603, 697, -1,
      697, 603, 604, -1,
      697, 604, 698, -1,
      698, 604, 605, -1,
      698, 605, 699, -1,
      699, 605, 606, -1,
      699, 606, 700, -1,
      700, 606, 607, -1,
      700, 607, 701, -1,
      701, 607, 608, -1,
      701, 608, 702, -1,
      702, 608, 609, -1,
      702, 609, 703, -1,
      703, 609, 610, -1,
      703, 610, 704, -1,
      704, 610, 611, -1,
      704, 611, 705, -1,
      705, 611, 612, -1,
      705, 612, 706, -1,
      706, 612, 613, -1,
      706, 613, 707, -1,
      707, 613, 614, -1,
      707, 614, 708, -1,
      708, 614, 615, -1,
      708, 615, 709, -1,
      709, 615, 616, -1,
      709, 616, 710, -1,
      710, 616, 617, -1,
      710, 617, 711, -1,
      711, 617, 618, -1,
      711, 618, 712, -1,
      712, 618, 619, -1,
      712, 619, 713, -1,
      713, 619, 620, -1,
      713, 620, 714, -1,
      714, 620, 621, -1,
      714, 621, 715, -1,
      715, 621, 622, -1,
      715, 622, 716, -1,
      716, 622, 623, -1,
      716, 623, 717, -1,
      717, 623, 624, -1,
      717, 624, 718, -1,
      718, 624, 625, -1,
      718, 625, 719, -1,
      719, 625, 626, -1,
      719, 626, 720, -1,
      720, 626, 627, -1,
      720, 627, 721, -1,
      721, 627, 628, -1,
      721, 628, 722, -1,
      722, 628, 629, -1,
      722, 629, 723, -1,
      723, 629, 630, -1,
      723, 630, 724, -1,
      724, 630, 631, -1,
      724, 631, 725, -1,
      725, 631, 632, -1,
      725, 632, 726, -1,
      726, 632, 633, -1,
      726, 633, 727, -1,
      727, 633, 634, -1,
      727, 634, 728, -1,
      728, 634, 635, -1,
      728, 635, 729, -1,
      729, 635, 636, -1,
      729, 636, 730, -1,
      730, 636, 637, -1,
      730, 637, 731, -1,
      731, 637, 222, -1,
      731, 222, 218, -1,
      218, 222, 121, -1,
      218, 121, 120, -1,
      204, 215, 214, -1,
      214, 215, 638, -1,
      214, 638, 732, -1,
      732, 638, 639, -1,
      732, 639, 733, -1,
      733, 639, 640, -1,
      733, 640, 734, -1,
      734, 640, 641, -1,
      734, 641, 735, -1,
      735, 641, 642, -1,
      735, 642, 736, -1,
      736, 642, 643, -1,
      736, 643, 737, -1,
      737, 643, 644, -1,
      737, 644, 738, -1,
      738, 644, 645, -1,
      738, 645, 739, -1,
      739, 645, 646, -1,
      739, 646, 740, -1,
      740, 646, 647, -1,
      740, 647, 741, -1,
      741, 647, 648, -1,
      741, 648, 742, -1,
      742, 648, 649, -1,
      742, 649, 743, -1,
      743, 649, 650, -1,
      743, 650, 744, -1,
      744, 650, 651, -1,
      744, 651, 745, -1,
      745, 651, 652, -1,
      745, 652, 746, -1,
      746, 652, 653, -1,
      746, 653, 747, -1,
      747, 653, 654, -1,
      747, 654, 748, -1,
      748, 654, 655, -1,
      748, 655, 749, -1,
      749, 655, 656, -1,
      749, 656, 750, -1,
      750, 656, 657, -1,
      750, 657, 751, -1,
      751, 657, 658, -1,
      751, 658, 752, -1,
      752, 658, 659, -1,
      752, 659, 753, -1,
      753, 659, 660, -1,
      753, 660, 754, -1,
      754, 660, 661, -1,
      754, 661, 755, -1,
      755, 661, 662, -1,
      755, 662, 756, -1,
      756, 662, 663, -1,
      756, 663, 757, -1,
      757, 663, 664, -1,
      757, 664, 758, -1,
      758, 664, 665, -1,
      758, 665, 759, -1,
      759, 665, 666, -1,
      759, 666, 760, -1,
      760, 666, 667, -1,
      760, 667, 761, -1,
      761, 667, 668, -1,
      761, 668, 762, -1,
      762, 668, 669, -1,
      762, 669, 763, -1,
      763, 669, 670, -1,
      763, 670, 764, -1,
      764, 670, 671, -1,
      764, 671, 765, -1,
      765, 671, 672, -1,
      765, 672, 766, -1,
      766, 672, 673, -1,
      766, 673, 767, -1,
      767, 673, 674, -1,
      767, 674, 768, -1,
      768, 674, 675, -1,
      768, 675, 769, -1,
      769, 675, 676, -1,
      769, 676, 770, -1,
      770, 676, 677, -1,
      770, 677, 771, -1,
      771, 677, 678, -1,
      771, 678, 772, -1,
      772, 678, 679, -1,
      772, 679, 773, -1,
      773, 679, 680, -1,
      773, 680, 774, -1,
      774, 680, 681, -1,
      774, 681, 775, -1,
      775, 681, 682, -1,
      775, 682, 776, -1,
      776, 682, 683, -1,
      776, 683, 777, -1,
      777, 683, 684, -1,
      777, 684, 778, -1,
      778, 684, 685, -1,
      778, 685, 779, -1,
      779, 685, 686, -1,
      779, 686, 780, -1,
      780, 686, 687, -1,
      780, 687, 781, -1,
      781, 687, 688, -1,
      781, 688, 782, -1,
      782, 688, 689, -1,
      782, 689, 783, -1,
      783, 689, 690, -1,
      783, 690, 784, -1,
      784, 690, 691, -1,
      784, 691, 785, -1,
      785, 691, 692, -1,
      785, 692, 786, -1,
      786, 692, 693, -1,
      786, 693, 787, -1,
      787, 693, 694, -1,
      787, 694, 788, -1,
      788, 694, 695, -1,
      788, 695, 789, -1,
      789, 695, 696, -1,
      789, 696, 790, -1,
      790, 696, 697, -1,
      790, 697, 791, -1,
      791, 697, 698, -1,
      791, 698, 792, -1,
      792, 698, 699, -1,
      792, 699, 793, -1,
      793, 699, 700, -1,
      793, 700, 794, -1,
      794, 700, 701, -1,
      794, 701, 795, -1,
      795, 701, 702, -1,
      795, 702, 796, -1,
      796, 702, 703, -1,
      796, 703, 797, -1,
      797, 703, 704, -1,
      797, 704, 798, -1,
      798, 704, 705, -1,
      798, 705, 799, -1,
      799, 705, 706, -1,
      799, 706, 800, -1,
      800, 706, 707, -1,
      800, 707, 801, -1,
      801, 707, 708, -1,
      801, 708, 802, -1,
      802, 708, 709, -1,
      802, 709, 803, -1,
      803, 709, 710, -1,
      803, 710, 804, -1,
      804, 710, 711, -1,
      804, 711, 805, -1,
      805, 711, 712, -1,
      805, 712, 806, -1,
      806, 712, 713, -1,
      806, 713, 807, -1,
      807, 713, 714, -1,
      807, 714, 808, -1,
      808, 714, 715, -1,
      808, 715, 809, -1,
      809, 715, 716, -1,
      809, 716, 810, -1,
      810, 716, 717, -1,
      810, 717, 811, -1,
      811, 717, 718, -1,
      811, 718, 812, -1,
      812, 718, 719, -1,
      812, 719, 813, -1,
      813, 719, 720, -1,
      813, 720, 814, -1,
      814, 720, 721, -1,
      814, 721, 815, -1,
      815, 721, 722, -1,
      815, 722, 816, -1,
      816, 722, 723, -1,
      816, 723, 817, -1,
      817, 723, 724, -1,
      817, 724, 818, -1,
      818, 724, 725, -1,
      818, 725, 819, -1,
      819, 725, 726, -1,
      819, 726, 820, -1,
      820, 726, 727, -1,
      820, 727, 821, -1,
      821, 727, 728, -1,
      821, 728, 822, -1,
      822, 728, 729, -1,
      822, 729, 823, -1,
      823, 729, 730, -1,
      823, 730, 824, -1,
      824, 730, 731, -1,
      824, 731, 825, -1,
      825, 731, 218, -1,
      825, 218, 259, -1,
      259, 218, 119, -1,
      259, 119, 118, -1,
      199, 214, 213, -1,
      213, 214, 732, -1,
      213, 732, 826, -1,
      826, 732, 733, -1,
      826, 733, 827, -1,
      827, 733, 734, -1,
      827, 734, 828, -1,
      828, 734, 735, -1,
      828, 735, 829, -1,
      829, 735, 736, -1,
      829, 736, 830, -1,
      830, 736, 737, -1,
      830, 737, 831, -1,
      831, 737, 738, -1,
      831, 738, 832, -1,
      832, 738, 739, -1,
      832, 739, 833, -1,
      833, 739, 740, -1,
      833, 740, 834, -1,
      834, 740, 741, -1,
      834, 741, 835, -1,
      835, 741, 742, -1,
      835, 742, 836, -1,
      836, 742, 743, -1,
      836, 743, 837, -1,
      837, 743, 744, -1,
      837, 744, 838, -1,
      838, 744, 745, -1,
      838, 745, 839, -1,
      839, 745, 746, -1,
      839, 746, 840, -1,
      840, 746, 747, -1,
      840, 747, 841, -1,
      841, 747, 748, -1,
      841, 748, 842, -1,
      842, 748, 749, -1,
      842, 749, 843, -1,
      843, 749, 750, -1,
      843, 750, 844, -1,
      844, 750, 751, -1,
      844, 751, 845, -1,
      845, 751, 752, -1,
      845, 752, 846, -1,
      846, 752, 753, -1,
      846, 753, 847, -1,
      847, 753, 754, -1,
      847, 754, 848, -1,
      848, 754, 755, -1,
      848, 755, 849, -1,
      849, 755, 756, -1,
      849, 756, 850, -1,
      850, 756, 757, -1,
      850, 757, 851, -1,
      851, 757, 758, -1,
      851, 758, 852, -1,
      852, 758, 759, -1,
      852, 759, 853, -1,
      853, 759, 760, -1,
      853, 760, 854, -1,
      854, 760, 761, -1,
      854, 761, 855, -1,
      855, 761, 762, -1,
      855, 762, 856, -1,
      856, 762, 763, -1,
      856, 763, 857, -1,
      857, 763, 764, -1,
      857, 764, 858, -1,
      858, 764, 765, -1,
      858, 765, 859, -1,
      859, 765, 766, -1,
      859, 766, 860, -1,
      860, 766, 767, -1,
      860, 767, 861, -1,
      861, 767, 768, -1,
      861, 768, 862, -1,
      862, 768, 769, -1,
      862, 769, 863, -1,
      863, 769, 770, -1,
      863, 770, 864, -1,
      864, 770, 771, -1,
      864, 771, 865, -1,
      865, 771, 772, -1,
      865, 772, 866, -1,
      866, 772, 773, -1,
      866, 773, 867, -1,
      867, 773, 774, -1,
      867, 774, 868, -1,
      868, 774, 775, -1,
      868, 775, 869, -1,
      869, 775, 776, -1,
      869, 776, 870, -1,
      870, 776, 777, -1,
      870, 777, 871, -1,
      871, 777, 778, -1,
      871, 778, 872, -1,
      872, 778, 779, -1,
      872, 779, 873, -1,
      873, 779, 780, -1,
      873, 780, 874, -1,
      874, 780, 781, -1,
      874, 781, 875, -1,
      875, 781, 782, -1,
      875, 782, 876, -1,
      876, 782, 783, -1,
      876, 783, 877, -1,
      877, 783, 784, -1,
      877, 784, 878, -1,
      878, 784, 785, -1,
      878, 785, 879, -1,
      879, 785, 786, -1,
      879, 786, 880, -1,
      880, 786, 787, -1,
      880, 787, 881, -1,
      881, 787, 788, -1,
      881, 788, 882, -1,
      882, 788, 789, -1,
      882, 789, 883, -1,
      883, 789, 790, -1,
      883, 790, 884, -1,
      884, 790, 791, -1,
      884, 791, 885, -1,
      885, 791, 792, -1,
      885, 792, 886, -1,
      886, 792, 793, -1,
      886, 793, 887, -1,
      887, 793, 794, -1,
      887, 794, 888, -1,
      888, 794, 795, -1,
      888, 795, 889, -1,
      889, 795, 796, -1,
      889, 796, 890, -1,
      890, 796, 797, -1,
      890, 797, 891, -1,
      891, 797, 798, -1,
      891, 798, 892, -1,
      892, 798, 799, -1,
      892, 799, 893, -1,
      893, 799, 800, -1,
      893, 800, 894, -1,
      894, 800, 801, -1,
      894, 801, 895, -1,
      895, 801, 802, -1,
      895, 802, 896, -1,
      896, 802, 803, -1,
      896, 803, 897, -1,
      897, 803, 804, -1,
      897, 804, 898, -1,
      898, 804, 805, -1,
      898, 805, 899, -1,
      899, 805, 806, -1,
      899, 806, 900, -1,
      900, 806, 807, -1,
      900, 807, 901, -1,
      901, 807, 808, -1,
      901, 808, 902, -1,
      902, 808, 809, -1,
      902, 809, 903, -1,
      903, 809, 810, -1,
      903, 810, 904, -1,
      904, 810, 811, -1,
      904, 811, 905, -1,
      905, 811, 812, -1,
      905, 812, 906, -1,
      906, 812, 813, -1,
      906, 813, 907, -1,
      907, 813, 814, -1,
      907, 814, 908, -1,
      908, 814, 815, -1,
      908, 815, 909, -1,
      909, 815, 816, -1,
      909, 816, 910, -1,
      910, 816, 817, -1,
      910, 817, 911, -1,
      911, 817, 818, -1,
      911, 818, 912, -1,
      912, 818, 819, -1,
      912, 819, 913, -1,
      913, 819, 820, -1,
      913, 820, 914, -1,
      914, 820, 821, -1,
      914, 821, 915, -1,
      915, 821, 822, -1,
      915, 822, 916, -1,
      916, 822, 823, -1,
      916, 823, 917, -1,
      917, 823, 824, -1,
      917, 824, 918, -1,
      918, 824, 825, -1,
      918, 825, 919, -1,
      919, 825, 259, -1,
      919, 259, 920, -1,
      920, 259, 190, -1,
      920, 190, 189, -1,
      200, 213, 212, -1,
      212, 213, 826, -1,
      212, 826, 921, -1,
      921, 826, 827, -1,
      921, 827, 922, -1,
      922, 827, 828, -1,
      922, 828, 923, -1,
      923, 828, 829, -1,
      923, 829, 924, -1,
      924, 829, 830, -1,
      924, 830, 925, -1,
      925, 830, 831, -1,
      925, 831, 926, -1,
      926, 831, 832, -1,
      926, 832, 927, -1,
      927, 832, 833, -1,
      927, 833, 928, -1,
      928, 833, 834, -1,
      928, 834, 929, -1,
      929, 834, 835, -1,
      929, 835, 930, -1,
      930, 835, 836, -1,
      930, 836, 931, -1,
      931, 836, 837, -1,
      931, 837, 932, -1,
      932, 837, 838, -1,
      932, 838, 933, -1,
      933, 838, 839, -1,
      933, 839, 934, -1,
      934, 839, 840, -1,
      934, 840, 935, -1,
      935, 840, 841, -1,
      935, 841, 936, -1,
      936, 841, 842, -1,
      936, 842, 937, -1,
      937, 842, 843, -1,
      937, 843, 938, -1,
      938, 843, 844, -1,
      938, 844, 939, -1,
      939, 844, 845, -1,
      939, 845, 940, -1,
      940, 845, 846, -1,
      940, 846, 941, -1,
      941, 846, 847, -1,
      941, 847, 942, -1,
      942, 847, 848, -1,
      942, 848, 943, -1,
      943, 848, 849, -1,
      943, 849, 944, -1,
      944, 849, 850, -1,
      944, 850, 945, -1,
      945, 850, 851, -1,
      945, 851, 946, -1,
      946, 851, 852, -1,
      946, 852, 947, -1,
      947, 852, 853, -1,
      947, 853, 948, -1,
      948, 853, 854, -1,
      948, 854, 949, -1,
      949, 854, 855, -1,
      949, 855, 950, -1,
      950, 855, 856, -1,
      950, 856, 951, -1,
      951, 856, 857, -1,
      951, 857, 952, -1,
      952, 857, 858, -1,
      952, 858, 953, -1,
      953, 858, 859, -1,
      953, 859, 954, -1,
      954, 859, 860, -1,
      954, 860, 955, -1,
      955, 860, 861, -1,
      955, 861, 956, -1,
      956, 861, 862, -1,
      956, 862, 957, -1,
      957, 862, 863, -1,
      957, 863, 958, -1,
      958, 863, 864, -1,
      958, 864, 959, -1,
      959, 864, 865, -1,
      959, 865, 960, -1,
      960, 865, 866, -1,
      960, 866, 961, -1,
      961, 866, 867, -1,
      961, 867, 962, -1,
      962, 867, 868, -1,
      962, 868, 963, -1,
      963, 868, 869, -1,
      963, 869, 964, -1,
      964, 869, 870, -1,
      964, 870, 965, -1,
      965, 870, 871, -1,
      965, 871, 966, -1,
      966, 871, 872, -1,
      966, 872, 967, -1,
      967, 872, 873, -1,
      967, 873, 968, -1,
      968, 873, 874, -1,
      968, 874, 969, -1,
      969, 874, 875, -1,
      969, 875, 970, -1,
      970, 875, 876, -1,
      970, 876, 971, -1,
      971, 876, 877, -1,
      971, 877, 972, -1,
      972, 877, 878, -1,
      972, 878, 973, -1,
      973, 878, 879, -1,
      973, 879, 974, -1,
      974, 879, 880, -1,
      974, 880, 975, -1,
      975, 880, 881, -1,
      975, 881, 976, -1,
      976, 881, 882, -1,
      976, 882, 977, -1,
      977, 882, 883, -1,
      977, 883, 978, -1,
      978, 883, 884, -1,
      978, 884, 979, -1,
      979, 884, 885, -1,
      979, 885, 980, -1,
      980, 885, 886, -1,
      980, 886, 981, -1,
      981, 886, 887, -1,
      981, 887, 982, -1,
      982, 887, 888, -1,
      982, 888, 983, -1,
      983, 888, 889, -1,
      983, 889, 984, -1,
      984, 889, 890, -1,
      984, 890, 985, -1,
      985, 890, 891, -1,
      985, 891, 986, -1,
      986, 891, 892, -1,
      986, 892, 987, -1,
      987, 892, 893, -1,
      987, 893, 988, -1,
      988, 893, 894, -1,
      988, 894, 989, -1,
      989, 894, 895, -1,
      989, 895, 990, -1,
      990, 895, 896, -1,
      990, 896, 991, -1,
      991, 896, 897, -1,
      991, 897, 992, -1,
      992, 897, 898, -1,
      992, 898, 993, -1,
      993, 898, 899, -1,
      993, 899, 994, -1,
      994, 899, 900, -1,
      994, 900, 995, -1,
      995, 900, 901, -1,
      995, 901, 996, -1,
      996, 901, 902, -1,
      996, 902, 997, -1,
      997, 902, 903, -1,
      997, 903, 998, -1,
      998, 903, 904, -1,
      998, 904, 999, -1,
      999, 904, 905, -1,
      999, 905, 1000, -1,
      1000, 905, 906, -1,
      1000, 906, 1001, -1,
      1001, 906, 907, -1,
      1001, 907, 1002, -1,
      1002, 907, 908, -1,
      1002, 908, 1003, -1,
      1003, 908, 909, -1,
      1003, 909, 1004, -1,
      1004, 909, 910, -1,
      1004, 910, 1005, -1,
      1005, 910, 911, -1,
      1005, 911, 1006, -1,
      1006, 911, 912, -1,
      1006, 912, 1007, -1,
      1007, 912, 913, -1,
      1007, 913, 1008, -1,
      1008, 913, 914, -1,
      1008, 914, 1009, -1,
      1009, 914, 915, -1,
      1009, 915, 1010, -1,
      1010, 915, 916, -1,
      1010, 916, 1011, -1,
      1011, 916, 917, -1,
      1011, 917, 1012, -1,
      1012, 917, 918, -1,
      1012, 918, 1013, -1,
      1013, 918, 919, -1,
      1013, 919, 1014, -1,
      1014, 919, 920, -1,
      1014, 920, 1015, -1,
      1015, 920, 189, -1,
      1015, 189, 188, -1,
      201, 212, 211, -1,
      211, 212, 921, -1,
      211, 921, 1016, -1,
      1016, 921, 922, -1,
      1016, 922, 1017, -1,
      1017, 922, 923, -1,
      1017, 923, 1018, -1,
      1018, 923, 924, -1,
      1018, 924, 1019, -1,
      1019, 924, 925, -1,
      1019, 925, 1020, -1,
      1020, 925, 926, -1,
      1020, 926, 1021, -1,
      1021, 926, 927, -1,
      1021, 927, 1022, -1,
      1022, 927, 928, -1,
      1022, 928, 1023, -1,
      1023, 928, 929, -1,
      1023, 929, 1024, -1,
      1024, 929, 930, -1,
      1024, 930, 1025, -1,
      1025, 930, 931, -1,
      1025, 931, 1026, -1,
      1026, 931, 932, -1,
      1026, 932, 1027, -1,
      1027, 932, 933, -1,
      1027, 933, 1028, -1,
      1028, 933, 934, -1,
      1028, 934, 1029, -1,
      1029, 934, 935, -1,
      1029, 935, 1030, -1,
      1030, 935, 936, -1,
      1030, 936, 1031, -1,
      1031, 936, 937, -1,
      1031, 937, 1032, -1,
      1032, 937, 938, -1,
      1032, 938, 1033, -1,
      1033, 938, 939, -1,
      1033, 939, 1034, -1,
      1034, 939, 940, -1,
      1034, 940, 1035, -1,
      1035, 940, 941, -1,
      1035, 941, 1036, -1,
      1036, 941, 942, -1,
      1036, 942, 1037, -1,
      1037, 942, 943, -1,
      1037, 943, 1038, -1,
      1038, 943, 944, -1,
      1038, 944, 1039, -1,
      1039, 944, 945, -1,
      1039, 945, 1040, -1,
      1040, 945, 946, -1,
      1040, 946, 1041, -1,
      1041, 946, 947, -1,
      1041, 947, 1042, -1,
      1042, 947, 948, -1,
      1042, 948, 1043, -1,
      1043, 948, 949, -1,
      1043, 949, 1044, -1,
      1044, 949, 950, -1,
      1044, 950, 1045, -1,
      1045, 950, 951, -1,
      1045, 951, 1046, -1,
      1046, 951, 952, -1,
      1046, 952, 1047, -1,
      1047, 952, 953, -1,
      1047, 953, 1048, -1,
      1048, 953, 954, -1,
      1048, 954, 1049, -1,
      1049, 954, 955, -1,
      1049, 955, 1050, -1,
      1050, 955, 956, -1,
      1050, 956, 1051, -1,
      1051, 956, 957, -1,
      1051, 957, 1052, -1,
      1052, 957, 958, -1,
      1052, 958, 1053, -1,
      1053, 958, 959, -1,
      1053, 959, 1054, -1,
      1054, 959, 960, -1,
      1054, 960, 1055, -1,
      1055, 960, 961, -1,
      1055, 961, 1056, -1,
      1056, 961, 962, -1,
      1056, 962, 1057, -1,
      1057, 962, 963, -1,
      1057, 963, 1058, -1,
      1058, 963, 964, -1,
      1058, 964, 1059, -1,
      1059, 964, 965, -1,
      1059, 965, 1060, -1,
      1060, 965, 966, -1,
      1060, 966, 1061, -1,
      1061, 966, 967, -1,
      1061, 967, 1062, -1,
      1062, 967, 968, -1,
      1062, 968, 1063, -1,
      1063, 968, 969, -1,
      1063, 969, 1064, -1,
      1064, 969, 970, -1,
      1064, 970, 1065, -1,
      1065, 970, 971, -1,
      1065, 971, 1066, -1,
      1066, 971, 972, -1,
      1066, 972, 1067, -1,
      1067, 972, 973, -1,
      1067, 973, 1068, -1,
      1068, 973, 974, -1,
      1068, 974, 1069, -1,
      1069, 974, 975, -1,
      1069, 975, 1070, -1,
      1070, 975, 976, -1,
      1070, 976, 1071, -1,
      1071, 976, 977, -1,
      1071, 977, 1072, -1,
      1072, 977, 978, -1,
      1072, 978, 1073, -1,
      1073, 978, 979, -1,
      1073, 979, 1074, -1,
      1074, 979, 980, -1,
      1074, 980, 1075, -1,
      1075, 980, 981, -1,
      1075, 981, 1076, -1,
      1076, 981, 982, -1,
      1076, 982, 1077, -1,
      1077, 982, 983, -1,
      1077, 983, 1078, -1,
      1078, 983, 984, -1,
      1078, 984, 1079, -1,
      1079, 984, 985, -1,
      1079, 985, 1080, -1,
      1080, 985, 986, -1,
      1080, 986, 1081, -1,
      1081, 986, 987, -1,
      1081, 987, 1082, -1,
      1082, 987, 988, -1,
      1082, 988, 1083, -1,
      1083, 988, 989, -1,
      1083, 989, 1084, -1,
      1084, 989, 990, -1,
      1084, 990, 1085, -1,
      1085, 990, 991, -1,
      1085, 991, 1086, -1,
      1086, 991, 992, -1,
      1086, 992, 1087, -1,
      1087, 992, 993, -1,
      1087, 993, 1088, -1,
      1088, 993, 994, -1,
      1088, 994, 1089, -1,
      1089, 994, 995, -1,
      1089, 995, 1090, -1,
      1090, 995, 996, -1,
      1090, 996, 1091, -1,
      1091, 996, 997, -1,
      1091, 997, 1092, -1,
      1092, 997, 998, -1,
      1092, 998, 1093, -1,
      1093, 998, 999, -1,
      1093, 999, 1094, -1,
      1094, 999, 1000, -1,
      1094, 1000, 1095, -1,
      1095, 1000, 1001, -1,
      1095, 1001, 1096, -1,
      1096, 1001, 1002, -1,
      1096, 1002, 1097, -1,
      1097, 1002, 1003, -1,
      1097, 1003, 1098, -1,
      1098, 1003, 1004, -1,
      1098, 1004, 1099, -1,
      1099, 1004, 1005, -1,
      1099, 1005, 1100, -1,
      1100, 1005, 1006, -1,
      1100, 1006, 1101, -1,
      1101, 1006, 1007, -1,
      1101, 1007, 1102, -1,
      1102, 1007, 1008, -1,
      1102, 1008, 1103, -1,
      1103, 1008, 1009, -1,
      1103, 1009, 1104, -1,
      1104, 1009, 1010, -1,
      1104, 1010, 1105, -1,
      1105, 1010, 1011, -1,
      1105, 1011, 1106, -1,
      1106, 1011, 1012, -1,
      1106, 1012, 1107, -1,
      1107, 1012, 1013, -1,
      1107, 1013, 1108, -1,
      1108, 1013, 1014, -1,
      1108, 1014, 1109, -1,
      1109, 1014, 1015, -1,
      1109, 1015, 237, -1,
      237, 1015, 188, -1,
      237, 188, 123, -1,
      202, 211, 207, -1,
      207, 211, 1016, -1,
      207, 1016, 1110, -1,
      1110, 1016, 1017, -1,
      1110, 1017, 1111, -1,
      1111, 1017, 1018, -1,
      1111, 1018, 1112, -1,
      1112, 1018, 1019, -1,
      1112, 1019, 1113, -1,
      1113, 1019, 1020, -1,
      1113, 1020, 1114, -1,
      1114, 1020, 1021, -1,
      1114, 1021, 1115, -1,
      1115, 1021, 1022, -1,
      1115, 1022, 1116, -1,
      1116, 1022, 1023, -1,
      1116, 1023, 1117, -1,
      1117, 1023, 1024, -1,
      1117, 1024, 1118, -1,
      1118, 1024, 1025, -1,
      1118, 1025, 1119, -1,
      1119, 1025, 1026, -1,
      1119, 1026, 1120, -1,
      1120, 1026, 1027, -1,
      1120, 1027, 1121, -1,
      1121, 1027, 1028, -1,
      1121, 1028, 1122, -1,
      1122, 1028, 1029, -1,
      1122, 1029, 1123, -1,
      1123, 1029, 1030, -1,
      1123, 1030, 1124, -1,
      1124, 1030, 1031, -1,
      1124, 1031, 1125, -1,
      1125, 1031, 1032, -1,
      1125, 1032, 1126, -1,
      1126, 1032, 1033, -1,
      1126, 1033, 1127, -1,
      1127, 1033, 1034, -1,
      1127, 1034, 1128, -1,
      1128, 1034, 1035, -1,
      1128, 1035, 1129, -1,
      1129, 1035, 1036, -1,
      1129, 1036, 1130, -1,
      1130, 1036, 1037, -1,
      1130, 1037, 1131, -1,
      1131, 1037, 1038, -1,
      1131, 1038, 1132, -1,
      1132, 1038, 1039, -1,
      1132, 1039, 1133, -1,
      1133, 1039, 1040, -1,
      1133, 1040, 1134, -1,
      1134, 1040, 1041, -1,
      1134, 1041, 1135, -1,
      1135, 1041, 1042, -1,
      1135, 1042, 1136, -1,
      1136, 1042, 1043, -1,
      1136, 1043, 1137, -1,
      1137, 1043, 1044, -1,
      1137, 1044, 1138, -1,
      1138, 1044, 1045, -1,
      1138, 1045, 1139, -1,
      1139, 1045, 1046, -1,
      1139, 1046, 1140, -1,
      1140, 1046, 1047, -1,
      1140, 1047, 1141, -1,
      1141, 1047, 1048, -1,
      1141, 1048, 1142, -1,
      1142, 1048, 1049, -1,
      1142, 1049, 1143, -1,
      1143, 1049, 1050, -1,
      1143, 1050, 1144, -1,
      1144, 1050, 1051, -1,
      1144, 1051, 1145, -1,
      1145, 1051, 1052, -1,
      1145, 1052, 1146, -1,
      1146, 1052, 1053, -1,
      1146, 1053, 1147, -1,
      1147, 1053, 1054, -1,
      1147, 1054, 1148, -1,
      1148, 1054, 1055, -1,
      1148, 1055, 1149, -1,
      1149, 1055, 1056, -1,
      1149, 1056, 1150, -1,
      1150, 1056, 1057, -1,
      1150, 1057, 1151, -1,
      1151, 1057, 1058, -1,
      1151, 1058, 1152, -1,
      1152, 1058, 1059, -1,
      1152, 1059, 1153, -1,
      1153, 1059, 1060, -1,
      1153, 1060, 1154, -1,
      1154, 1060, 1061, -1,
      1154, 1061, 1155, -1,
      1155, 1061, 1062, -1,
      1155, 1062, 1156, -1,
      1156, 1062, 1063, -1,
      1156, 1063, 1157, -1,
      1157, 1063, 1064, -1,
      1157, 1064, 1158, -1,
      1158, 1064, 1065, -1,
      1158, 1065, 1159, -1,
      1159, 1065, 1066, -1,
      1159, 1066, 1160, -1,
      1160, 1066, 1067, -1,
      1160, 1067, 1161, -1,
      1161, 1067, 1068, -1,
      1161, 1068, 1162, -1,
      1162, 1068, 1069, -1,
      1162, 1069, 1163, -1,
      1163, 1069, 1070, -1,
      1163, 1070, 1164, -1,
      1164, 1070, 1071, -1,
      1164, 1071, 1165, -1,
      1165, 1071, 1072, -1,
      1165, 1072, 1166, -1,
      1166, 1072, 1073, -1,
      1166, 1073, 1167, -1,
      1167, 1073, 1074, -1,
      1167, 1074, 1168, -1,
      1168, 1074, 1075, -1,
      1168, 1075, 1169, -1,
      1169, 1075, 1076, -1,
      1169, 1076, 1170, -1,
      1170, 1076, 1077, -1,
      1170, 1077, 1171, -1,
      1171, 1077, 1078, -1,
      1171, 1078, 1172, -1,
      1172, 1078, 1079, -1,
      1172, 1079, 1173, -1,
      1173, 1079, 1080, -1,
      1173, 1080, 1174, -1,
      1174, 1080, 1081, -1,
      1174, 1081, 1175, -1,
      1175, 1081, 1082, -1,
      1175, 1082, 1176, -1,
      1176, 1082, 1083, -1,
      1176, 1083, 1177, -1,
      1177, 1083, 1084, -1,
      1177, 1084, 1178, -1,
      1178, 1084, 1085, -1,
      1178, 1085, 1179, -1,
      1179, 1085, 1086, -1,
      1179, 1086, 1180, -1,
      1180, 1086, 1087, -1,
      1180, 1087, 1181, -1,
      1181, 1087, 1088, -1,
      1181, 1088, 1182, -1,
      1182, 1088, 1089, -1,
      1182, 1089, 1183, -1,
      1183, 1089, 1090, -1,
      1183, 1090, 1184, -1,
      1184, 1090, 1091, -1,
      1184, 1091, 1185, -1,
      1185, 1091, 1092, -1,
      1185, 1092, 1186, -1,
      1186, 1092, 1093, -1,
      1186, 1093, 1187, -1,
      1187, 1093, 1094, -1,
      1187, 1094, 1188, -1,
      1188, 1094, 1095, -1,
      1188, 1095, 1189, -1,
      1189, 1095, 1096, -1,
      1189, 1096, 1190, -1,
      1190, 1096, 1097, -1,
      1190, 1097, 1191, -1,
      1191, 1097, 1098, -1,
      1191, 1098, 1192, -1,
      1192, 1098, 1099, -1,
      1192, 1099, 1193, -1,
      1193, 1099, 1100, -1,
      1193, 1100, 1194, -1,
      1194, 1100, 1101, -1,
      1194, 1101, 1195, -1,
      1195, 1101, 1102, -1,
      1195, 1102, 1196, -1,
      1196, 1102, 1103, -1,
      1196, 1103, 1197, -1,
      1197, 1103, 1104, -1,
      1197, 1104, 1198, -1,
      1198, 1104, 1105, -1,
      1198, 1105, 1199, -1,
      1199, 1105, 1106, -1,
      1199, 1106, 1200, -1,
      1200, 1106, 1107, -1,
      1200, 1107, 1201, -1,
      1201, 1107, 1108, -1,
      1201, 1108, 1202, -1,
      1202, 1108, 1109, -1,
      1202, 1109, 1203, -1,
      1203, 1109, 237, -1,
      1203, 237, 236, -1,
      236, 237, 122, -1,
      236, 122, 141, -1,
      196, 207, 1204, -1,
      1204, 207, 1110, -1,
      1204, 1110, 1205, -1,
      1205, 1110, 1111, -1,
      1205, 1111, 1206, -1,
      1206, 1111, 1112, -1,
      1206, 1112, 1207, -1,
      1207, 1112, 1113, -1,
      1207, 1113, 1208, -1,
      1208, 1113, 1114, -1,
      1208, 1114, 1209, -1,
      1209, 1114, 1115, -1,
      1209, 1115, 1210, -1,
      1210, 1115, 1116, -1,
      1210, 1116, 1211, -1,
      1211, 1116, 1117, -1,
      1211, 1117, 1212, -1,
      1212, 1117, 1118, -1,
      1212, 1118, 1213, -1,
      1213, 1118, 1119, -1,
      1213, 1119, 1214, -1,
      1214, 1119, 1120, -1,
      1214, 1120, 1215, -1,
      1215, 1120, 1121, -1,
      1215, 1121, 1216, -1,
      1216, 1121, 1122, -1,
      1216, 1122, 1217, -1,
      1217, 1122, 1123, -1,
      1217, 1123, 1218, -1,
      1218, 1123, 1124, -1,
      1218, 1124, 1219, -1,
      1219, 1124, 1125, -1,
      1219, 1125, 1220, -1,
      1220, 1125, 1126, -1,
      1220, 1126, 1221, -1,
      1221, 1126, 1127, -1,
      1221, 1127, 1222, -1,
      1222, 1127, 1128, -1,
      1222, 1128, 1223, -1,
      1223, 1128, 1129, -1,
      1223, 1129, 1224, -1,
      1224, 1129, 1130, -1,
      1224, 1130, 1225, -1,
      1225, 1130, 1131, -1,
      1225, 1131, 1226, -1,
      1226, 1131, 1132, -1,
      1226, 1132, 1227, -1,
      1227, 1132, 1133, -1,
      1227, 1133, 1228, -1,
      1228, 1133, 1134, -1,
      1228, 1134, 1229, -1,
      1229, 1134, 1135, -1,
      1229, 1135, 1230, -1,
      1230, 1135, 1136, -1,
      1230, 1136, 1231, -1,
      1231, 1136, 1137, -1,
      1231, 1137, 1232, -1,
      1232, 1137, 1138, -1,
      1232, 1138, 1233, -1,
      1233, 1138, 1139, -1,
      1233, 1139, 1234, -1,
      1234, 1139, 1140, -1,
      1234, 1140, 1235, -1,
      1235, 1140, 1141, -1,
      1235, 1141, 1236, -1,
      1236, 1141, 1142, -1,
      1236, 1142, 1237, -1,
      1237, 1142, 1143, -1,
      1237, 1143, 1238, -1,
      1238, 1143, 1144, -1,
      1238, 1144, 1239, -1,
      1239, 1144, 1145, -1,
      1239, 1145, 1240, -1,
      1240, 1145, 1146, -1,
      1240, 1146, 1241, -1,
      1241, 1146, 1147, -1,
      1241, 1147, 1242, -1,
      1242, 1147, 1148, -1,
      1242, 1148, 1243, -1,
      1243, 1148, 1149, -1,
      1243, 1149, 1244, -1,
      1244, 1149, 1150, -1,
      1244, 1150, 1245, -1,
      1245, 1150, 1151, -1,
      1245, 1151, 1246, -1,
      1246, 1151, 1152, -1,
      1246, 1152, 1247, -1,
      1247, 1152, 1153, -1,
      1247, 1153, 1248, -1,
      1248, 1153, 1154, -1,
      1248, 1154, 1249, -1,
      1249, 1154, 1155, -1,
      1249, 1155, 1250, -1,
      1250, 1155, 1156, -1,
      1250, 1156, 1251, -1,
      1251, 1156, 1157, -1,
      1251, 1157, 1252, -1,
      1252, 1157, 1158, -1,
      1252, 1158, 1253, -1,
      1253, 1158, 1159, -1,
      1253, 1159, 1254, -1,
      1254, 1159, 1160, -1,
      1254, 1160, 1255, -1,
      1255, 1160, 1161, -1,
      1255, 1161, 1256, -1,
      1256, 1161, 1162, -1,
      1256, 1162, 1257, -1,
      1257, 1162, 1163, -1,
      1257, 1163, 1258, -1,
      1258, 1163, 1164, -1,
      1258, 1164, 1259, -1,
      1259, 1164, 1165, -1,
      1259, 1165, 1260, -1,
      1260, 1165, 1166, -1,
      1260, 1166, 1261, -1,
      1261, 1166, 1167, -1,
      1261, 1167, 1262, -1,
      1262, 1167, 1168, -1,
      1262, 1168, 1263, -1,
      1263, 1168, 1169, -1,
      1263, 1169, 1264, -1,
      1264, 1169, 1170, -1,
      1264, 1170, 1265, -1,
      1265, 1170, 1171, -1,
      1265, 1171, 1266, -1,
      1266, 1171, 1172, -1,
      1266, 1172, 1267, -1,
      1267, 1172, 1173, -1,
      1267, 1173, 1268, -1,
      1268, 1173, 1174, -1,
      1268, 1174, 1269, -1,
      1269, 1174, 1175, -1,
      1269, 1175, 1270, -1,
      1270, 1175, 1176, -1,
      1270, 1176, 1271, -1,
      1271, 1176, 1177, -1,
      1271, 1177, 1272, -1,
      1272, 1177, 1178, -1,
      1272, 1178, 1273, -1,
      1273, 1178, 1179, -1,
      1273, 1179, 1274, -1,
      1274, 1179, 1180, -1,
      1274, 1180, 1275, -1,
      1275, 1180, 1181, -1,
      1275, 1181, 1276, -1,
      1276, 1181, 1182, -1,
      1276, 1182, 1277, -1,
      1277, 1182, 1183, -1,
      1277, 1183, 1278, -1,
      1278, 1183, 1184, -1,
      1278, 1184, 1279, -1,
      1279, 1184, 1185, -1,
      1279, 1185, 1280, -1,
      1280, 1185, 1186, -1,
      1280, 1186, 1281, -1,
      1281, 1186, 1187, -1,
      1281, 1187, 1282, -1,
      1282, 1187, 1188, -1,
      1282, 1188, 1283, -1,
      1283, 1188, 1189, -1,
      1283, 1189, 1284, -1,
      1284, 1189, 1190, -1,
      1284, 1190, 1285, -1,
      1285, 1190, 1191, -1,
      1285, 1191, 1286, -1,
      1286, 1191, 1192, -1,
      1286, 1192, 1287, -1,
      1287, 1192, 1193, -1,
      1287, 1193, 1288, -1,
      1288, 1193, 1194, -1,
      1288, 1194, 1289, -1,
      1289, 1194, 1195, -1,
      1289, 1195, 1290, -1,
      1290, 1195, 1196, -1,
      1290, 1196, 1291, -1,
      1291, 1196, 1197, -1,
      1291, 1197, 1292, -1,
      1292, 1197, 1198, -1,
      1292, 1198, 1293, -1,
      1293, 1198, 1199, -1,
      1293, 1199, 1294, -1,
      1294, 1199, 1200, -1,
      1294, 1200, 1295, -1,
      1295, 1200, 1201, -1,
      1295, 1201, 1296, -1,
      1296, 1201, 1202, -1,
      1296, 1202, 1297, -1,
      1297, 1202, 1203, -1,
      1297, 1203, 1298, -1,
      1298, 1203, 236, -1,
      1298, 236, 1299, -1,
      1299, 236, 140, -1,
      1299, 140, 139, -1,
      139, 149, 1299, -1,
      1299, 149, 1300, -1,
      1299, 1300, 1298, -1,
      1298, 1300, 1301, -1,
      1298, 1301, 1297, -1,
      1297, 1301, 1302, -1,
      1297, 1302, 1296, -1,
      1296, 1302, 1303, -1,
      1296, 1303, 1295, -1,
      1295, 1303, 1304, -1,
      1295, 1304, 1294, -1,
      1294, 1304, 1305, -1,
      1294, 1305, 1293, -1,
      1293, 1305, 1306, -1,
      1293, 1306, 1292, -1,
      1292, 1306, 1307, -1,
      1292, 1307, 1291, -1,
      1291, 1307, 1308, -1,
      1291, 1308, 1290, -1,
      1290, 1308, 1309, -1,
      1290, 1309, 1289, -1,
      1289, 1309, 1310, -1,
      1289, 1310, 1288, -1,
      1288, 1310, 1311, -1,
      1288, 1311, 1287, -1,
      1287, 1311, 1312, -1,
      1287, 1312, 1286, -1,
      1286, 1312, 1313, -1,
      1286, 1313, 1285, -1,
      1285, 1313, 1314, -1,
      1285, 1314, 1284, -1,
      1284, 1314, 1315, -1,
      1284, 1315, 1283, -1,
      1283, 1315, 1316, -1,
      1283, 1316, 1282, -1,
      1282, 1316, 1317, -1,
      1282, 1317, 1281, -1,
      1281, 1317, 1318, -1,
      1281, 1318, 1280, -1,
      1280, 1318, 1319, -1,
      1280, 1319, 1279, -1,
      1279, 1319, 1320, -1,
      1279, 1320, 1278, -1,
      1278, 1320, 1321, -1,
      1278, 1321, 1277, -1,
      1277, 1321, 1322, -1,
      1277, 1322, 1276, -1,
      1276, 1322, 1323, -1,
      1276, 1323, 1275, -1,
      1275, 1323, 1324, -1,
      1275, 1324, 1274, -1,
      1274, 1324, 1325, -1,
      1274, 1325, 1273, -1,
      1273, 1325, 1326, -1,
      1273, 1326, 1272, -1,
      1272, 1326, 1327, -1,
      1272, 1327, 1271, -1,
      1271, 1327, 1328, -1,
      1271, 1328, 1270, -1,
      1270, 1328, 1329, -1,
      1270, 1329, 1269, -1,
      1269, 1329, 1330, -1,
      1269, 1330, 1268, -1,
      1268, 1330, 1331, -1,
      1268, 1331, 1267, -1,
      1267, 1331, 1332, -1,
      1267, 1332, 1266, -1,
      1266, 1332, 1333, -1,
      1266, 1333, 1265, -1,
      1265, 1333, 1334, -1,
      1265, 1334, 1264, -1,
      1264, 1334, 1335, -1,
      1264, 1335, 1263, -1,
      1263, 1335, 1336, -1,
      1263, 1336, 1262, -1,
      1262, 1336, 1337, -1,
      1262, 1337, 1261, -1,
      1261, 1337, 1338, -1,
      1261, 1338, 1260, -1,
      1260, 1338, 1339, -1,
      1260, 1339, 1259, -1,
      1259, 1339, 1340, -1,
      1259, 1340, 1258, -1,
      1258, 1340, 1341, -1,
      1258, 1341, 1257, -1,
      1257, 1341, 1342, -1,
      1257, 1342, 1256, -1,
      1256, 1342, 1343, -1,
      1256, 1343, 1255, -1,
      1255, 1343, 1344, -1,
      1255, 1344, 1254, -1,
      1254, 1344, 1345, -1,
      1254, 1345, 1253, -1,
      1253, 1345, 1346, -1,
      1253, 1346, 1252, -1,
      1252, 1346, 1347, -1,
      1252, 1347, 1251, -1,
      1251, 1347, 1348, -1,
      1251, 1348, 1250, -1,
      1250, 1348, 1349, -1,
      1250, 1349, 1249, -1,
      1249, 1349, 1350, -1,
      1249, 1350, 1248, -1,
      1248, 1350, 1351, -1,
      1248, 1351, 1247, -1,
      1247, 1351, 1352, -1,
      1247, 1352, 1246, -1,
      1246, 1352, 1353, -1,
      1246, 1353, 1245, -1,
      1245, 1353, 1354, -1,
      1245, 1354, 1244, -1,
      1244, 1354, 1355, -1,
      1244, 1355, 1243, -1,
      1243, 1355, 1356, -1,
      1243, 1356, 1242, -1,
      1242, 1356, 1357, -1,
      1242, 1357, 1241, -1,
      1241, 1357, 1358, -1,
      1241, 1358, 1240, -1,
      1240, 1358, 1359, -1,
      1240, 1359, 1239, -1,
      1239, 1359, 1360, -1,
      1239, 1360, 1238, -1,
      1238, 1360, 1361, -1,
      1238, 1361, 1237, -1,
      1237, 1361, 1362, -1,
      1237, 1362, 1236, -1,
      1236, 1362, 1363, -1,
      1236, 1363, 1235, -1,
      1235, 1363, 1364, -1,
      1235, 1364, 1234, -1,
      1234, 1364, 1365, -1,
      1234, 1365, 1233, -1,
      1233, 1365, 1366, -1,
      1233, 1366, 1232, -1,
      1232, 1366, 1367, -1,
      1232, 1367, 1231, -1,
      1231, 1367, 1368, -1,
      1231, 1368, 1230, -1,
      1230, 1368, 1369, -1,
      1230, 1369, 1229, -1,
      1229, 1369, 1370, -1,
      1229, 1370, 1228, -1,
      1228, 1370, 1371, -1,
      1228, 1371, 1227, -1,
      1227, 1371, 1372, -1,
      1227, 1372, 1226, -1,
      1226, 1372, 1373, -1,
      1226, 1373, 1225, -1,
      1225, 1373, 1374, -1,
      1225, 1374, 1224, -1,
      1224, 1374, 1375, -1,
      1224, 1375, 1223, -1,
      1223, 1375, 1376, -1,
      1223, 1376, 1222, -1,
      1222, 1376, 1377, -1,
      1222, 1377, 1221, -1,
      1221, 1377, 1378, -1,
      1221, 1378, 1220, -1,
      1220, 1378, 1379, -1,
      1220, 1379, 1219, -1,
      1219, 1379, 1380, -1,
      1219, 1380, 1218, -1,
      1218, 1380, 1381, -1,
      1218, 1381, 1217, -1,
      1217, 1381, 1382, -1,
      1217, 1382, 1216, -1,
      1216, 1382, 1383, -1,
      1216, 1383, 1215, -1,
      1215, 1383, 1384, -1,
      1215, 1384, 1214, -1,
      1214, 1384, 1385, -1,
      1214, 1385, 1213, -1,
      1213, 1385, 1386, -1,
      1213, 1386, 1212, -1,
      1212, 1386, 1387, -1,
      1212, 1387, 1211, -1,
      1211, 1387, 1388, -1,
      1211, 1388, 1210, -1,
      1210, 1388, 1389, -1,
      1210, 1389, 1209, -1,
      1209, 1389, 1390, -1,
      1209, 1390, 1208, -1,
      1208, 1390, 1391, -1,
      1208, 1391, 1207, -1,
      1207, 1391, 1392, -1,
      1207, 1392, 1206, -1,
      1206, 1392, 1393, -1,
      1206, 1393, 1205, -1,
      1205, 1393, 206, -1,
      1205, 206, 1204, -1,
      1204, 206, 197, -1,
      1204, 197, 196, -1,
      198, 206, 205, -1,
      205, 206, 1393, -1,
      205, 1393, 1394, -1,
      1394, 1393, 1392, -1,
      1394, 1392, 1395, -1,
      1395, 1392, 1391, -1,
      1395, 1391, 1396, -1,
      1396, 1391, 1390, -1,
      1396, 1390, 1397, -1,
      1397, 1390, 1389, -1,
      1397, 1389, 1398, -1,
      1398, 1389, 1388, -1,
      1398, 1388, 1399, -1,
      1399, 1388, 1387, -1,
      1399, 1387, 1400, -1,
      1400, 1387, 1386, -1,
      1400, 1386, 1401, -1,
      1401, 1386, 1385, -1,
      1401, 1385, 1402, -1,
      1402, 1385, 1384, -1,
      1402, 1384, 1403, -1,
      1403, 1384, 1383, -1,
      1403, 1383, 1404, -1,
      1404, 1383, 1382, -1,
      1404, 1382, 1405, -1,
      1405, 1382, 1381, -1,
      1405, 1381, 1406, -1,
      1406, 1381, 1380, -1,
      1406, 1380, 1407, -1,
      1407, 1380, 1379, -1,
      1407, 1379, 1408, -1,
      1408, 1379, 1378, -1,
      1408, 1378, 1409, -1,
      1409, 1378, 1377, -1,
      1409, 1377, 1410, -1,
      1410, 1377, 1376, -1,
      1410, 1376, 1411, -1,
      1411, 1376, 1375, -1,
      1411, 1375, 1412, -1,
      1412, 1375, 1374, -1,
      1412, 1374, 1413, -1,
      1413, 1374, 1373, -1,
      1413, 1373, 1414, -1,
      1414, 1373, 1372, -1,
      1414, 1372, 1415, -1,
      1415, 1372, 1371, -1,
      1415, 1371, 1416, -1,
      1416, 1371, 1370, -1,
      1416, 1370, 1417, -1,
      1417, 1370, 1369, -1,
      1417, 1369, 1418, -1,
      1418, 1369, 1368, -1,
      1418, 1368, 1419, -1,
      1419, 1368, 1367, -1,
      1419, 1367, 1420, -1,
      1420, 1367, 1366, -1,
      1420, 1366, 1421, -1,
      1421, 1366, 1365, -1,
      1421, 1365, 1422, -1,
      1422, 1365, 1364, -1,
      1422, 1364, 1423, -1,
      1423, 1364, 1363, -1,
      1423, 1363, 1424, -1,
      1424, 1363, 1362, -1,
      1424, 1362, 1425, -1,
      1425, 1362, 1361, -1,
      1425, 1361, 1426, -1,
      1426, 1361, 1360, -1,
      1426, 1360, 1427, -1,
      1427, 1360, 1359, -1,
      1427, 1359, 1428, -1,
      1428, 1359, 1358, -1,
      1428, 1358, 1429, -1,
      1429, 1358, 1357, -1,
      1429, 1357, 1430, -1,
      1430, 1357, 1356, -1,
      1430, 1356, 1431, -1,
      1431, 1356, 1355, -1,
      1431, 1355, 1432, -1,
      1432, 1355, 1354, -1,
      1432, 1354, 1433, -1,
      1433, 1354, 1353, -1,
      1433, 1353, 1434, -1,
      1434, 1353, 1352, -1,
      1434, 1352, 1435, -1,
      1435, 1352, 1351, -1,
      1435, 1351, 1436, -1,
      1436, 1351, 1350, -1,
      1436, 1350, 1437, -1,
      1437, 1350, 1349, -1,
      1437, 1349, 1438, -1,
      1438, 1349, 1348, -1,
      1438, 1348, 1439, -1,
      1439, 1348, 1347, -1,
      1439, 1347, 1440, -1,
      1440, 1347, 1346, -1,
      1440, 1346, 1441, -1,
      1441, 1346, 1345, -1,
      1441, 1345, 1442, -1,
      1442, 1345, 1344, -1,
      1442, 1344, 1443, -1,
      1443, 1344, 1343, -1,
      1443, 1343, 1444, -1,
      1444, 1343, 1342, -1,
      1444, 1342, 1445, -1,
      1445, 1342, 1341, -1,
      1445, 1341, 1446, -1,
      1446, 1341, 1340, -1,
      1446, 1340, 1447, -1,
      1447, 1340, 1339, -1,
      1447, 1339, 1448, -1,
      1448, 1339, 1338, -1,
      1448, 1338, 1449, -1,
      1449, 1338, 1337, -1,
      1449, 1337, 1450, -1,
      1450, 1337, 1336, -1,
      1450, 1336, 1451, -1,
      1451, 1336, 1335, -1,
      1451, 1335, 1452, -1,
      1452, 1335, 1334, -1,
      1452, 1334, 1453, -1,
      1453, 1334, 1333, -1,
      1453, 1333, 1454, -1,
      1454, 1333, 1332, -1,
      1454, 1332, 1455, -1,
      1455, 1332, 1331, -1,
      1455, 1331, 1456, -1,
      1456, 1331, 1330, -1,
      1456, 1330, 1457, -1,
      1457, 1330, 1329, -1,
      1457, 1329, 1458, -1,
      1458, 1329, 1328, -1,
      1458, 1328, 1459, -1,
      1459, 1328, 1327, -1,
      1459, 1327, 1460, -1,
      1460, 1327, 1326, -1,
      1460, 1326, 1461, -1,
      1461, 1326, 1325, -1,
      1461, 1325, 1462, -1,
      1462, 1325, 1324, -1,
      1462, 1324, 1463, -1,
      1463, 1324, 1323, -1,
      1463, 1323, 1464, -1,
      1464, 1323, 1322, -1,
      1464, 1322, 1465, -1,
      1465, 1322, 1321, -1,
      1465, 1321, 1466, -1,
      1466, 1321, 1320, -1,
      1466, 1320, 1467, -1,
      1467, 1320, 1319, -1,
      1467, 1319, 1468, -1,
      1468, 1319, 1318, -1,
      1468, 1318, 1469, -1,
      1469, 1318, 1317, -1,
      1469, 1317, 1470, -1,
      1470, 1317, 1316, -1,
      1470, 1316, 1471, -1,
      1471, 1316, 1315, -1,
      1471, 1315, 1472, -1,
      1472, 1315, 1314, -1,
      1472, 1314, 1473, -1,
      1473, 1314, 1313, -1,
      1473, 1313, 1474, -1,
      1474, 1313, 1312, -1,
      1474, 1312, 1475, -1,
      1475, 1312, 1311, -1,
      1475, 1311, 1476, -1,
      1476, 1311, 1310, -1,
      1476, 1310, 1477, -1,
      1477, 1310, 1309, -1,
      1477, 1309, 1478, -1,
      1478, 1309, 1308, -1,
      1478, 1308, 1479, -1,
      1479, 1308, 1307, -1,
      1479, 1307, 1480, -1,
      1480, 1307, 1306, -1,
      1480, 1306, 1481, -1,
      1481, 1306, 1305, -1,
      1481, 1305, 1482, -1,
      1482, 1305, 1304, -1,
      1482, 1304, 1483, -1,
      1483, 1304, 1303, -1,
      1483, 1303, 1484, -1,
      1484, 1303, 1302, -1,
      1484, 1302, 1485, -1,
      1485, 1302, 1301, -1,
      1485, 1301, 1486, -1,
      1486, 1301, 1300, -1,
      1486, 1300, 1487, -1,
      1487, 1300, 149, -1,
      1487, 149, 148, -1,
      195, 205, 1488, -1,
      1488, 205, 1394, -1,
      1488, 1394, 1489, -1,
      1489, 1394, 1395, -1,
      1489, 1395, 1490, -1,
      1490, 1395, 1396, -1,
      1490, 1396, 1491, -1,
      1491, 1396, 1397, -1,
      1491, 1397, 1492, -1,
      1492, 1397, 1398, -1,
      1492, 1398, 1493, -1,
      1493, 1398, 1399, -1,
      1493, 1399, 1494, -1,
      1494, 1399, 1400, -1,
      1494, 1400, 1495, -1,
      1495, 1400, 1401, -1,
      1495, 1401, 1496, -1,
      1496, 1401, 1402, -1,
      1496, 1402, 1497, -1,
      1497, 1402, 1403, -1,
      1497, 1403, 1498, -1,
      1498, 1403, 1404, -1,
      1498, 1404, 1499, -1,
      1499, 1404, 1405, -1,
      1499, 1405, 1500, -1,
      1500, 1405, 1406, -1,
      1500, 1406, 1501, -1,
      1501, 1406, 1407, -1,
      1501, 1407, 1502, -1,
      1502, 1407, 1408, -1,
      1502, 1408, 1503, -1,
      1503, 1408, 1409, -1,
      1503, 1409, 1504, -1,
      1504, 1409, 1410, -1,
      1504, 1410, 1505, -1,
      1505, 1410, 1411, -1,
      1505, 1411, 1506, -1,
      1506, 1411, 1412, -1,
      1506, 1412, 1507, -1,
      1507, 1412, 1413, -1,
      1507, 1413, 1508, -1,
      1508, 1413, 1414, -1,
      1508, 1414, 1509, -1,
      1509, 1414, 1415, -1,
      1509, 1415, 1510, -1,
      1510, 1415, 1416, -1,
      1510, 1416, 1511, -1,
      1511, 1416, 1417, -1,
      1511, 1417, 1512, -1,
      1512, 1417, 1418, -1,
      1512, 1418, 1513, -1,
      1513, 1418, 1419, -1,
      1513, 1419, 1514, -1,
      1514, 1419, 1420, -1,
      1514, 1420, 1515, -1,
      1515, 1420, 1421, -1,
      1515, 1421, 1516, -1,
      1516, 1421, 1422, -1,
      1516, 1422, 1517, -1,
      1517, 1422, 1423, -1,
      1517, 1423, 1518, -1,
      1518, 1423, 1424, -1,
      1518, 1424, 1519, -1,
      1519, 1424, 1425, -1,
      1519, 1425, 1520, -1,
      1520, 1425, 1426, -1,
      1520, 1426, 1521, -1,
      1521, 1426, 1427, -1,
      1521, 1427, 1522, -1,
      1522, 1427, 1428, -1,
      1522, 1428, 1523, -1,
      1523, 1428, 1429, -1,
      1523, 1429, 1524, -1,
      1524, 1429, 1430, -1,
      1524, 1430, 1525, -1,
      1525, 1430, 1431, -1,
      1525, 1431, 1526, -1,
      1526, 1431, 1432, -1,
      1526, 1432, 1527, -1,
      1527, 1432, 1433, -1,
      1527, 1433, 1528, -1,
      1528, 1433, 1434, -1,
      1528, 1434, 1529, -1,
      1529, 1434, 1435, -1,
      1529, 1435, 1530, -1,
      1530, 1435, 1436, -1,
      1530, 1436, 1531, -1,
      1531, 1436, 1437, -1,
      1531, 1437, 1532, -1,
      1532, 1437, 1438, -1,
      1532, 1438, 1533, -1,
      1533, 1438, 1439, -1,
      1533, 1439, 1534, -1,
      1534, 1439, 1440, -1,
      1534, 1440, 1535, -1,
      1535, 1440, 1441, -1,
      1535, 1441, 1536, -1,
      1536, 1441, 1442, -1,
      1536, 1442, 1537, -1,
      1537, 1442, 1443, -1,
      1537, 1443, 1538, -1,
      1538, 1443, 1444, -1,
      1538, 1444, 1539, -1,
      1539, 1444, 1445, -1,
      1539, 1445, 1540, -1,
      1540, 1445, 1446, -1,
      1540, 1446, 1541, -1,
      1541, 1446, 1447, -1,
      1541, 1447, 1542, -1,
      1542, 1447, 1448, -1,
      1542, 1448, 1543, -1,
      1543, 1448, 1449, -1,
      1543, 1449, 1544, -1,
      1544, 1449, 1450, -1,
      1544, 1450, 1545, -1,
      1545, 1450, 1451, -1,
      1545, 1451, 1546, -1,
      1546, 1451, 1452, -1,
      1546, 1452, 1547, -1,
      1547, 1452, 1453, -1,
      1547, 1453, 1548, -1,
      1548, 1453, 1454, -1,
      1548, 1454, 1549, -1,
      1549, 1454, 1455, -1,
      1549, 1455, 1550, -1,
      1550, 1455, 1456, -1,
      1550, 1456, 1551, -1,
      1551, 1456, 1457, -1,
      1551, 1457, 1552, -1,
      1552, 1457, 1458, -1,
      1552, 1458, 1553, -1,
      1553, 1458, 1459, -1,
      1553, 1459, 1554, -1,
      1554, 1459, 1460, -1,
      1554, 1460, 1555, -1,
      1555, 1460, 1461, -1,
      1555, 1461, 1556, -1,
      1556, 1461, 1462, -1,
      1556, 1462, 1557, -1,
      1557, 1462, 1463, -1,
      1557, 1463, 1558, -1,
      1558, 1463, 1464, -1,
      1558, 1464, 1559, -1,
      1559, 1464, 1465, -1,
      1559, 1465, 1560, -1,
      1560, 1465, 1466, -1,
      1560, 1466, 1561, -1,
      1561, 1466, 1467, -1,
      1561, 1467, 1562, -1,
      1562, 1467, 1468, -1,
      1562, 1468, 1563, -1,
      1563, 1468, 1469, -1,
      1563, 1469, 1564, -1,
      1564, 1469, 1470, -1,
      1564, 1470, 1565, -1,
      1565, 1470, 1471, -1,
      1565, 1471, 1566, -1,
      1566, 1471, 1472, -1,
      1566, 1472, 1567, -1,
      1567, 1472, 1473, -1,
      1567, 1473, 1568, -1,
      1568, 1473, 1474, -1,
      1568, 1474, 1569, -1,
      1569, 1474, 1475, -1,
      1569, 1475, 1570, -1,
      1570, 1475, 1476, -1,
      1570, 1476, 1571, -1,
      1571, 1476, 1477, -1,
      1571, 1477, 1572, -1,
      1572, 1477, 1478, -1,
      1572, 1478, 1573, -1,
      1573, 1478, 1479, -1,
      1573, 1479, 1574, -1,
      1574, 1479, 1480, -1,
      1574, 1480, 1575, -1,
      1575, 1480, 1481, -1,
      1575, 1481, 1576, -1,
      1576, 1481, 1482, -1,
      1576, 1482, 1577, -1,
      1577, 1482, 1483, -1,
      1577, 1483, 1578, -1,
      1578, 1483, 1484, -1,
      1578, 1484, 1579, -1,
      1579, 1484, 1485, -1,
      1579, 1485, 1580, -1,
      1580, 1485, 1486, -1,
      1580, 1486, 1581, -1,
      1581, 1486, 1487, -1,
      1581, 1487, 219, -1,
      219, 1487, 148, -1,
      219, 148, 144, -1,
      143, 142, 219, -1,
      219, 142, 1582, -1,
      219, 1582, 1581, -1,
      1581, 1582, 1583, -1,
      1581, 1583, 1580, -1,
      1580, 1583, 1584, -1,
      1580, 1584, 1579, -1,
      1579, 1584, 1585, -1,
      1579, 1585, 1578, -1,
      1578, 1585, 1586, -1,
      1578, 1586, 1577, -1,
      1577, 1586, 1587, -1,
      1577, 1587, 1576, -1,
      1576, 1587, 1588, -1,
      1576, 1588, 1575, -1,
      1575, 1588, 1589, -1,
      1575, 1589, 1574, -1,
      1574, 1589, 1590, -1,
      1574, 1590, 1573, -1,
      1573, 1590, 1591, -1,
      1573, 1591, 1572, -1,
      1572, 1591, 1592, -1,
      1572, 1592, 1571, -1,
      1571, 1592, 1593, -1,
      1571, 1593, 1570, -1,
      1570, 1593, 1594, -1,
      1570, 1594, 1569, -1,
      1569, 1594, 1595, -1,
      1569, 1595, 1568, -1,
      1568, 1595, 1596, -1,
      1568, 1596, 1567, -1,
      1567, 1596, 1597, -1,
      1567, 1597, 1566, -1,
      1566, 1597, 1598, -1,
      1566, 1598, 1565, -1,
      1565, 1598, 1599, -1,
      1565, 1599, 1564, -1,
      1564, 1599, 1600, -1,
      1564, 1600, 1563, -1,
      1563, 1600, 1601, -1,
      1563, 1601, 1562, -1,
      1562, 1601, 1602, -1,
      1562, 1602, 1561, -1,
      1561, 1602, 1603, -1,
      1561, 1603, 1560, -1,
      1560, 1603, 1604, -1,
      1560, 1604, 1559, -1,
      1559, 1604, 1605, -1,
      1559, 1605, 1558, -1,
      1558, 1605, 1606, -1,
      1558, 1606, 1557, -1,
      1557, 1606, 1607, -1,
      1557, 1607, 1556, -1,
      1556, 1607, 1608, -1,
      1556, 1608, 1555, -1,
      1555, 1608, 1609, -1,
      1555, 1609, 1554, -1,
      1554, 1609, 1610, -1,
      1554, 1610, 1553, -1,
      1553, 1610, 1611, -1,
      1553, 1611, 1552, -1,
      1552, 1611, 1612, -1,
      1552, 1612, 1551, -1,
      1551, 1612, 1613, -1,
      1551, 1613, 1550, -1,
      1550, 1613, 1614, -1,
      1550, 1614, 1549, -1,
      1549, 1614, 1615, -1,
      1549, 1615, 1548, -1,
      1548, 1615, 1616, -1,
      1548, 1616, 1547, -1,
      1547, 1616, 1617, -1,
      1547, 1617, 1546, -1,
      1546, 1617, 1618, -1,
      1546, 1618, 1545, -1,
      1545, 1618, 1619, -1,
      1545, 1619, 1544, -1,
      1544, 1619, 1620, -1,
      1544, 1620, 1543, -1,
      1543, 1620, 1621, -1,
      1543, 1621, 1542, -1,
      1542, 1621, 1622, -1,
      1542, 1622, 1541, -1,
      1541, 1622, 1623, -1,
      1541, 1623, 1540, -1,
      1540, 1623, 1624, -1,
      1540, 1624, 1539, -1,
      1539, 1624, 1625, -1,
      1539, 1625, 1538, -1,
      1538, 1625, 1626, -1,
      1538, 1626, 1537, -1,
      1537, 1626, 1627, -1,
      1537, 1627, 1536, -1,
      1536, 1627, 1628, -1,
      1536, 1628, 1535, -1,
      1535, 1628, 1629, -1,
      1535, 1629, 1534, -1,
      1534, 1629, 1630, -1,
      1534, 1630, 1533, -1,
      1533, 1630, 1631, -1,
      1533, 1631, 1532, -1,
      1532, 1631, 1632, -1,
      1532, 1632, 1531, -1,
      1531, 1632, 1633, -1,
      1531, 1633, 1530, -1,
      1530, 1633, 1634, -1,
      1530, 1634, 1529, -1,
      1529, 1634, 1635, -1,
      1529, 1635, 1528, -1,
      1528, 1635, 1636, -1,
      1528, 1636, 1527, -1,
      1527, 1636, 1637, -1,
      1527, 1637, 1526, -1,
      1526, 1637, 1638, -1,
      1526, 1638, 1525, -1,
      1525, 1638, 1639, -1,
      1525, 1639, 1524, -1,
      1524, 1639, 1640, -1,
      1524, 1640, 1523, -1,
      1523, 1640, 1641, -1,
      1523, 1641, 1522, -1,
      1522, 1641, 1642, -1,
      1522, 1642, 1521, -1,
      1521, 1642, 1643, -1,
      1521, 1643, 1520, -1,
      1520, 1643, 1644, -1,
      1520, 1644, 1519, -1,
      1519, 1644, 1645, -1,
      1519, 1645, 1518, -1,
      1518, 1645, 1646, -1,
      1518, 1646, 1517, -1,
      1517, 1646, 1647, -1,
      1517, 1647, 1516, -1,
      1516, 1647, 1648, -1,
      1516, 1648, 1515, -1,
      1515, 1648, 1649, -1,
      1515, 1649, 1514, -1,
      1514, 1649, 1650, -1,
      1514, 1650, 1513, -1,
      1513, 1650, 1651, -1,
      1513, 1651, 1512, -1,
      1512, 1651, 1652, -1,
      1512, 1652, 1511, -1,
      1511, 1652, 1653, -1,
      1511, 1653, 1510, -1,
      1510, 1653, 1654, -1,
      1510, 1654, 1509, -1,
      1509, 1654, 1655, -1,
      1509, 1655, 1508, -1,
      1508, 1655, 1656, -1,
      1508, 1656, 1507, -1,
      1507, 1656, 1657, -1,
      1507, 1657, 1506, -1,
      1506, 1657, 1658, -1,
      1506, 1658, 1505, -1,
      1505, 1658, 1659, -1,
      1505, 1659, 1504, -1,
      1504, 1659, 1660, -1,
      1504, 1660, 1503, -1,
      1503, 1660, 1661, -1,
      1503, 1661, 1502, -1,
      1502, 1661, 1662, -1,
      1502, 1662, 1501, -1,
      1501, 1662, 1663, -1,
      1501, 1663, 1500, -1,
      1500, 1663, 1664, -1,
      1500, 1664, 1499, -1,
      1499, 1664, 1665, -1,
      1499, 1665, 1498, -1,
      1498, 1665, 1666, -1,
      1498, 1666, 1497, -1,
      1497, 1666, 1667, -1,
      1497, 1667, 1496, -1,
      1496, 1667, 1668, -1,
      1496, 1668, 1495, -1,
      1495, 1668, 1669, -1,
      1495, 1669, 1494, -1,
      1494, 1669, 1670, -1,
      1494, 1670, 1493, -1,
      1493, 1670, 1671, -1,
      1493, 1671, 1492, -1,
      1492, 1671, 1672, -1,
      1492, 1672, 1491, -1,
      1491, 1672, 1673, -1,
      1491, 1673, 1490, -1,
      1490, 1673, 1674, -1,
      1490, 1674, 1489, -1,
      1489, 1674, 238, -1,
      1489, 238, 1488, -1,
      1488, 238, 193, -1,
      1488, 193, 195, -1,
      171, 238, 239, -1,
      239, 238, 1674, -1,
      239, 1674, 241, -1,
      241, 1674, 1673, -1,
      241, 1673, 1675, -1,
      1675, 1673, 1672, -1,
      1675, 1672, 1676, -1,
      1676, 1672, 1671, -1,
      1676, 1671, 1677, -1,
      1677, 1671, 1670, -1,
      1677, 1670, 1678, -1,
      1678, 1670, 1669, -1,
      1678, 1669, 1679, -1,
      1679, 1669, 1668, -1,
      1679, 1668, 1680, -1,
      1680, 1668, 1667, -1,
      1680, 1667, 1681, -1,
      1681, 1667, 1666, -1,
      1681, 1666, 1682, -1,
      1682, 1666, 1665, -1,
      1682, 1665, 1683, -1,
      1683, 1665, 1664, -1,
      1683, 1664, 1684, -1,
      1684, 1664, 1663, -1,
      1684, 1663, 1685, -1,
      1685, 1663, 1662, -1,
      1685, 1662, 1686, -1,
      1686, 1662, 1661, -1,
      1686, 1661, 1687, -1,
      1687, 1661, 1660, -1,
      1687, 1660, 1688, -1,
      1688, 1660, 1659, -1,
      1688, 1659, 1689, -1,
      1689, 1659, 1658, -1,
      1689, 1658, 1690, -1,
      1690, 1658, 1657, -1,
      1690, 1657, 1691, -1,
      1691, 1657, 1656, -1,
      1691, 1656, 1692, -1,
      1692, 1656, 1655, -1,
      1692, 1655, 1693, -1,
      1693, 1655, 1654, -1,
      1693, 1654, 1694, -1,
      1694, 1654, 1653, -1,
      1694, 1653, 1695, -1,
      1695, 1653, 1652, -1,
      1695, 1652, 1696, -1,
      1696, 1652, 1651, -1,
      1696, 1651, 1697, -1,
      1697, 1651, 1650, -1,
      1697, 1650, 1698, -1,
      1698, 1650, 1649, -1,
      1698, 1649, 1699, -1,
      1699, 1649, 1648, -1,
      1699, 1648, 1700, -1,
      1700, 1648, 1647, -1,
      1700, 1647, 1701, -1,
      1701, 1647, 1646, -1,
      1701, 1646, 1702, -1,
      1702, 1646, 1645, -1,
      1702, 1645, 1703, -1,
      1703, 1645, 1644, -1,
      1703, 1644, 1704, -1,
      1704, 1644, 1643, -1,
      1704, 1643, 1705, -1,
      1705, 1643, 1642, -1,
      1705, 1642, 1706, -1,
      1706, 1642, 1641, -1,
      1706, 1641, 1707, -1,
      1707, 1641, 1640, -1,
      1707, 1640, 1708, -1,
      1708, 1640, 1639, -1,
      1708, 1639, 1709, -1,
      1709, 1639, 1638, -1,
      1709, 1638, 1710, -1,
      1710, 1638, 1637, -1,
      1710, 1637, 1711, -1,
      1711, 1637, 1636, -1,
      1711, 1636, 1712, -1,
      1712, 1636, 1635, -1,
      1712, 1635, 1713, -1,
      1713, 1635, 1634, -1,
      1713, 1634, 1714, -1,
      1714, 1634, 1633, -1,
      1714, 1633, 1715, -1,
      1715, 1633, 1632, -1,
      1715, 1632, 1716, -1,
      1716, 1632, 1631, -1,
      1716, 1631, 1717, -1,
      1717, 1631, 1630, -1,
      1717, 1630, 1718, -1,
      1718, 1630, 1629, -1,
      1718, 1629, 1719, -1,
      1719, 1629, 1628, -1,
      1719, 1628, 1720, -1,
      1720, 1628, 1627, -1,
      1720, 1627, 1721, -1,
      1721, 1627, 1626, -1,
      1721, 1626, 1722, -1,
      1722, 1626, 1625, -1,
      1722, 1625, 1723, -1,
      1723, 1625, 1624, -1,
      1723, 1624, 1724, -1,
      1724, 1624, 1623, -1,
      1724, 1623, 1725, -1,
      1725, 1623, 1622, -1,
      1725, 1622, 1726, -1,
      1726, 1622, 1621, -1,
      1726, 1621, 1727, -1,
      1727, 1621, 1620, -1,
      1727, 1620, 1728, -1,
      1728, 1620, 1619, -1,
      1728, 1619, 1729, -1,
      1729, 1619, 1618, -1,
      1729, 1618, 1730, -1,
      1730, 1618, 1617, -1,
      1730, 1617, 1731, -1,
      1731, 1617, 1616, -1,
      1731, 1616, 1732, -1,
      1732, 1616, 1615, -1,
      1732, 1615, 1733, -1,
      1733, 1615, 1614, -1,
      1733, 1614, 1734, -1,
      1734, 1614, 1613, -1,
      1734, 1613, 1735, -1,
      1735, 1613, 1612, -1,
      1735, 1612, 1736, -1,
      1736, 1612, 1611, -1,
      1736, 1611, 1737, -1,
      1737, 1611, 1610, -1,
      1737, 1610, 1738, -1,
      1738, 1610, 1609, -1,
      1738, 1609, 1739, -1,
      1739, 1609, 1608, -1,
      1739, 1608, 1740, -1,
      1740, 1608, 1607, -1,
      1740, 1607, 1741, -1,
      1741, 1607, 1606, -1,
      1741, 1606, 1742, -1,
      1742, 1606, 1605, -1,
      1742, 1605, 1743, -1,
      1743, 1605, 1604, -1,
      1743, 1604, 1744, -1,
      1744, 1604, 1603, -1,
      1744, 1603, 1745, -1,
      1745, 1603, 1602, -1,
      1745, 1602, 1746, -1,
      1746, 1602, 1601, -1,
      1746, 1601, 1747, -1,
      1747, 1601, 1600, -1,
      1747, 1600, 1748, -1,
      1748, 1600, 1599, -1,
      1748, 1599, 1749, -1,
      1749, 1599, 1598, -1,
      1749, 1598, 1750, -1,
      1750, 1598, 1597, -1,
      1750, 1597, 1751, -1,
      1751, 1597, 1596, -1,
      1751, 1596, 1752, -1,
      1752, 1596, 1595, -1,
      1752, 1595, 1753, -1,
      1753, 1595, 1594, -1,
      1753, 1594, 1754, -1,
      1754, 1594, 1593, -1,
      1754, 1593, 1755, -1,
      1755, 1593, 1592, -1,
      1755, 1592, 1756, -1,
      1756, 1592, 1591, -1,
      1756, 1591, 1757, -1,
      1757, 1591, 1590, -1,
      1757, 1590, 1758, -1,
      1758, 1590, 1589, -1,
      1758, 1589, 1759, -1,
      1759, 1589, 1588, -1,
      1759, 1588, 1760, -1,
      1760, 1588, 1587, -1,
      1760, 1587, 1761, -1,
      1761, 1587, 1586, -1,
      1761, 1586, 1762, -1,
      1762, 1586, 1585, -1,
      1762, 1585, 1763, -1,
      1763, 1585, 1584, -1,
      1763, 1584, 1764, -1,
      1764, 1584, 1583, -1,
      1764, 1583, 1765, -1,
      1765, 1583, 1582, -1,
      1765, 1582, 1766, -1,
      1766, 1582, 142, -1,
      1766, 142, 147, -1,
      168, 241, 240, -1,
      240, 241, 1675, -1,
      240, 1675, 1767, -1,
      1767, 1675, 1676, -1,
      1767, 1676, 1768, -1,
      1768, 1676, 1677, -1,
      1768, 1677, 1769, -1,
      1769, 1677, 1678, -1,
      1769, 1678, 1770, -1,
      1770, 1678, 1679, -1,
      1770, 1679, 1771, -1,
      1771, 1679, 1680, -1,
      1771, 1680, 1772, -1,
      1772, 1680, 1681, -1,
      1772, 1681, 1773, -1,
      1773, 1681, 1682, -1,
      1773, 1682, 1774, -1,
      1774, 1682, 1683, -1,
      1774, 1683, 1775, -1,
      1775, 1683, 1684, -1,
      1775, 1684, 1776, -1,
      1776, 1684, 1685, -1,
      1776, 1685, 1777, -1,
      1777, 1685, 1686, -1,
      1777, 1686, 1778, -1,
      1778, 1686, 1687, -1,
      1778, 1687, 1779, -1,
      1779, 1687, 1688, -1,
      1779, 1688, 1780, -1,
      1780, 1688, 1689, -1,
      1780, 1689, 1781, -1,
      1781, 1689, 1690, -1,
      1781, 1690, 1782, -1,
      1782, 1690, 1691, -1,
      1782, 1691, 1783, -1,
      1783, 1691, 1692, -1,
      1783, 1692, 1784, -1,
      1784, 1692, 1693, -1,
      1784, 1693, 1785, -1,
      1785, 1693, 1694, -1,
      1785, 1694, 1786, -1,
      1786, 1694, 1695, -1,
      1786, 1695, 1787, -1,
      1787, 1695, 1696, -1,
      1787, 1696, 1788, -1,
      1788, 1696, 1697, -1,
      1788, 1697, 1789, -1,
      1789, 1697, 1698, -1,
      1789, 1698, 1790, -1,
      1790, 1698, 1699, -1,
      1790, 1699, 1791, -1,
      1791, 1699, 1700, -1,
      1791, 1700, 1792, -1,
      1792, 1700, 1701, -1,
      1792, 1701, 1793, -1,
      1793, 1701, 1702, -1,
      1793, 1702, 1794, -1,
      1794, 1702, 1703, -1,
      1794, 1703, 1795, -1,
      1795, 1703, 1704, -1,
      1795, 1704, 1796, -1,
      1796, 1704, 1705, -1,
      1796, 1705, 1797, -1,
      1797, 1705, 1706, -1,
      1797, 1706, 1798, -1,
      1798, 1706, 1707, -1,
      1798, 1707, 1799, -1,
      1799, 1707, 1708, -1,
      1799, 1708, 1800, -1,
      1800, 1708, 1709, -1,
      1800, 1709, 1801, -1,
      1801, 1709, 1710, -1,
      1801, 1710, 1802, -1,
      1802, 1710, 1711, -1,
      1802, 1711, 1803, -1,
      1803, 1711, 1712, -1,
      1803, 1712, 1804, -1,
      1804, 1712, 1713, -1,
      1804, 1713, 1805, -1,
      1805, 1713, 1714, -1,
      1805, 1714, 1806, -1,
      1806, 1714, 1715, -1,
      1806, 1715, 1807, -1,
      1807, 1715, 1716, -1,
      1807, 1716, 1808, -1,
      1808, 1716, 1717, -1,
      1808, 1717, 1809, -1,
      1809, 1717, 1718, -1,
      1809, 1718, 1810, -1,
      1810, 1718, 1719, -1,
      1810, 1719, 1811, -1,
      1811, 1719, 1720, -1,
      1811, 1720, 1812, -1,
      1812, 1720, 1721, -1,
      1812, 1721, 1813, -1,
      1813, 1721, 1722, -1,
      1813, 1722, 1814, -1,
      1814, 1722, 1723, -1,
      1814, 1723, 1815, -1,
      1815, 1723, 1724, -1,
      1815, 1724, 1816, -1,
      1816, 1724, 1725, -1,
      1816, 1725, 1817, -1,
      1817, 1725, 1726, -1,
      1817, 1726, 1818, -1,
      1818, 1726, 1727, -1,
      1818, 1727, 1819, -1,
      1819, 1727, 1728, -1,
      1819, 1728, 1820, -1,
      1820, 1728, 1729, -1,
      1820, 1729, 1821, -1,
      1821, 1729, 1730, -1,
      1821, 1730, 1822, -1,
      1822, 1730, 1731, -1,
      1822, 1731, 1823, -1,
      1823, 1731, 1732, -1,
      1823, 1732, 1824, -1,
      1824, 1732, 1733, -1,
      1824, 1733, 1825, -1,
      1825, 1733, 1734, -1,
      1825, 1734, 1826, -1,
      1826, 1734, 1735, -1,
      1826, 1735, 1827, -1,
      1827, 1735, 1736, -1,
      1827, 1736, 1828, -1,
      1828, 1736, 1737, -1,
      1828, 1737, 1829, -1,
      1829, 1737, 1738, -1,
      1829, 1738, 1830, -1,
      1830, 1738, 1739, -1,
      1830, 1739, 1831, -1,
      1831, 1739, 1740, -1,
      1831, 1740, 1832, -1,
      1832, 1740, 1741, -1,
      1832, 1741, 1833, -1,
      1833, 1741, 1742, -1,
      1833, 1742, 1834, -1,
      1834, 1742, 1743, -1,
      1834, 1743, 1835, -1,
      1835, 1743, 1744, -1,
      1835, 1744, 1836, -1,
      1836, 1744, 1745, -1,
      1836, 1745, 1837, -1,
      1837, 1745, 1746, -1,
      1837, 1746, 1838, -1,
      1838, 1746, 1747, -1,
      1838, 1747, 1839, -1,
      1839, 1747, 1748, -1,
      1839, 1748, 1840, -1,
      1840, 1748, 1749, -1,
      1840, 1749, 1841, -1,
      1841, 1749, 1750, -1,
      1841, 1750, 1842, -1,
      1842, 1750, 1751, -1,
      1842, 1751, 1843, -1,
      1843, 1751, 1752, -1,
      1843, 1752, 1844, -1,
      1844, 1752, 1753, -1,
      1844, 1753, 1845, -1,
      1845, 1753, 1754, -1,
      1845, 1754, 1846, -1,
      1846, 1754, 1755, -1,
      1846, 1755, 1847, -1,
      1847, 1755, 1756, -1,
      1847, 1756, 1848, -1,
      1848, 1756, 1757, -1,
      1848, 1757, 1849, -1,
      1849, 1757, 1758, -1,
      1849, 1758, 1850, -1,
      1850, 1758, 1759, -1,
      1850, 1759, 1851, -1,
      1851, 1759, 1760, -1,
      1851, 1760, 1852, -1,
      1852, 1760, 1761, -1,
      1852, 1761, 1853, -1,
      1853, 1761, 1762, -1,
      1853, 1762, 1854, -1,
      1854, 1762, 1763, -1,
      1854, 1763, 1855, -1,
      1855, 1763, 1764, -1,
      1855, 1764, 1856, -1,
      1856, 1764, 1765, -1,
      1856, 1765, 1857, -1,
      1857, 1765, 1766, -1,
      1857, 1766, 1858, -1,
      1858, 1766, 147, -1,
      1858, 147, 146, -1,
      146, 1859, 1858, -1,
      1858, 1859, 1860, -1,
      1858, 1860, 1857, -1,
      1857, 1860, 1861, -1,
      1857, 1861, 1856, -1,
      1856, 1861, 1862, -1,
      1856, 1862, 1855, -1,
      1855, 1862, 1863, -1,
      1855, 1863, 1854, -1,
      1854, 1863, 1864, -1,
      1854, 1864, 1853, -1,
      1853, 1864, 1865, -1,
      1853, 1865, 1852, -1,
      1852, 1865, 1866, -1,
      1852, 1866, 1851, -1,
      1851, 1866, 1867, -1,
      1851, 1867, 1850, -1,
      1850, 1867, 1868, -1,
      1850, 1868, 1849, -1,
      1849, 1868, 1869, -1,
      1849, 1869, 1848, -1,
      1848, 1869, 1870, -1,
      1848, 1870, 1847, -1,
      1847, 1870, 1871, -1,
      1847, 1871, 1846, -1,
      1846, 1871, 1872, -1,
      1846, 1872, 1845, -1,
      1845, 1872, 1873, -1,
      1845, 1873, 1844, -1,
      1844, 1873, 1874, -1,
      1844, 1874, 1843, -1,
      1843, 1874, 1875, -1,
      1843, 1875, 1842, -1,
      1842, 1875, 1876, -1,
      1842, 1876, 1841, -1,
      1841, 1876, 1877, -1,
      1841, 1877, 1840, -1,
      1840, 1877, 1878, -1,
      1840, 1878, 1839, -1,
      1839, 1878, 1879, -1,
      1839, 1879, 1838, -1,
      1838, 1879, 1880, -1,
      1838, 1880, 1837, -1,
      1837, 1880, 1881, -1,
      1837, 1881, 1836, -1,
      1836, 1881, 1882, -1,
      1836, 1882, 1835, -1,
      1835, 1882, 1883, -1,
      1835, 1883, 1834, -1,
      1834, 1883, 1884, -1,
      1834, 1884, 1833, -1,
      1833, 1884, 1885, -1,
      1833, 1885, 1832, -1,
      1832, 1885, 1886, -1,
      1832, 1886, 1831, -1,
      1831, 1886, 1887, -1,
      1831, 1887, 1830, -1,
      1830, 1887, 1888, -1,
      1830, 1888, 1829, -1,
      1829, 1888, 1889, -1,
      1829, 1889, 1828, -1,
      1828, 1889, 1890, -1,
      1828, 1890, 1827, -1,
      1827, 1890, 1891, -1,
      1827, 1891, 1826, -1,
      1826, 1891, 1892, -1,
      1826, 1892, 1825, -1,
      1825, 1892, 1893, -1,
      1825, 1893, 1824, -1,
      1824, 1893, 1894, -1,
      1824, 1894, 1823, -1,
      1823, 1894, 1895, -1,
      1823, 1895, 1822, -1,
      1822, 1895, 1896, -1,
      1822, 1896, 1821, -1,
      1821, 1896, 1897, -1,
      1821, 1897, 1820, -1,
      1820, 1897, 1898, -1,
      1820, 1898, 1819, -1,
      1819, 1898, 1899, -1,
      1819, 1899, 1818, -1,
      1818, 1899, 1900, -1,
      1818, 1900, 1817, -1,
      1817, 1900, 1901, -1,
      1817, 1901, 1816, -1,
      1816, 1901, 1902, -1,
      1816, 1902, 1815, -1,
      1815, 1902, 1903, -1,
      1815, 1903, 1814, -1,
      1814, 1903, 1904, -1,
      1814, 1904, 1813, -1,
      1813, 1904, 1905, -1,
      1813, 1905, 1812, -1,
      1812, 1905, 1906, -1,
      1812, 1906, 1811, -1,
      1811, 1906, 1907, -1,
      1811, 1907, 1810, -1,
      1810, 1907, 1908, -1,
      1810, 1908, 1809, -1,
      1809, 1908, 1909, -1,
      1809, 1909, 1808, -1,
      1808, 1909, 1910, -1,
      1808, 1910, 1807, -1,
      1807, 1910, 1911, -1,
      1807, 1911, 1806, -1,
      1806, 1911, 1912, -1,
      1806, 1912, 1805, -1,
      1805, 1912, 1913, -1,
      1805, 1913, 1804, -1,
      1804, 1913, 1914, -1,
      1804, 1914, 1803, -1,
      1803, 1914, 1915, -1,
      1803, 1915, 1802, -1,
      1802, 1915, 1916, -1,
      1802, 1916, 1801, -1,
      1801, 1916, 1917, -1,
      1801, 1917, 1800, -1,
      1800, 1917, 1918, -1,
      1800, 1918, 1799, -1,
      1799, 1918, 1919, -1,
      1799, 1919, 1798, -1,
      1798, 1919, 1920, -1,
      1798, 1920, 1797, -1,
      1797, 1920, 1921, -1,
      1797, 1921, 1796, -1,
      1796, 1921, 1922, -1,
      1796, 1922, 1795, -1,
      1795, 1922, 1923, -1,
      1795, 1923, 1794, -1,
      1794, 1923, 1924, -1,
      1794, 1924, 1793, -1,
      1793, 1924, 1925, -1,
      1793, 1925, 1792, -1,
      1792, 1925, 1926, -1,
      1792, 1926, 1791, -1,
      1791, 1926, 1927, -1,
      1791, 1927, 1790, -1,
      1790, 1927, 1928, -1,
      1790, 1928, 1789, -1,
      1789, 1928, 1929, -1,
      1789, 1929, 1788, -1,
      1788, 1929, 1930, -1,
      1788, 1930, 1787, -1,
      1787, 1930, 1931, -1,
      1787, 1931, 1786, -1,
      1786, 1931, 1932, -1,
      1786, 1932, 1785, -1,
      1785, 1932, 1933, -1,
      1785, 1933, 1784, -1,
      1784, 1933, 1934, -1,
      1784, 1934, 1783, -1,
      1783, 1934, 1935, -1,
      1783, 1935, 1782, -1,
      1782, 1935, 1936, -1,
      1782, 1936, 1781, -1,
      1781, 1936, 1937, -1,
      1781, 1937, 1780, -1,
      1780, 1937, 1938, -1,
      1780, 1938, 1779, -1,
      1779, 1938, 1939, -1,
      1779, 1939, 1778, -1,
      1778, 1939, 1940, -1,
      1778, 1940, 1777, -1,
      1777, 1940, 1941, -1,
      1777, 1941, 1776, -1,
      1776, 1941, 1942, -1,
      1776, 1942, 1775, -1,
      1775, 1942, 1943, -1,
      1775, 1943, 1774, -1,
      1774, 1943, 1944, -1,
      1774, 1944, 1773, -1,
      1773, 1944, 1945, -1,
      1773, 1945, 1772, -1,
      1772, 1945, 1946, -1,
      1772, 1946, 1771, -1,
      1771, 1946, 1947, -1,
      1771, 1947, 1770, -1,
      1770, 1947, 1948, -1,
      1770, 1948, 1769, -1,
      1769, 1948, 1949, -1,
      1769, 1949, 1768, -1,
      1768, 1949, 243, -1,
      1768, 243, 1767, -1,
      1767, 243, 242, -1,
      1767, 242, 240, -1,
      240, 242, 178, -1,
      240, 178, 185, -1,
      146, 145, 1859, -1,
      1859, 145, 235, -1,
      1859, 235, 1860, -1,
      1860, 235, 1950, -1,
      1860, 1950, 1861, -1,
      1861, 1950, 1951, -1,
      1861, 1951, 1862, -1,
      1862, 1951, 1952, -1,
      1862, 1952, 1863, -1,
      1863, 1952, 1953, -1,
      1863, 1953, 1864, -1,
      1864, 1953, 1954, -1,
      1864, 1954, 1865, -1,
      1865, 1954, 1955, -1,
      1865, 1955, 1866, -1,
      1866, 1955, 1956, -1,
      1866, 1956, 1867, -1,
      1867, 1956, 1957, -1,
      1867, 1957, 1868, -1,
      1868, 1957, 1958, -1,
      1868, 1958, 1869, -1,
      1869, 1958, 1959, -1,
      1869, 1959, 1870, -1,
      1870, 1959, 1960, -1,
      1870, 1960, 1871, -1,
      1871, 1960, 1961, -1,
      1871, 1961, 1872, -1,
      1872, 1961, 1962, -1,
      1872, 1962, 1873, -1,
      1873, 1962, 1963, -1,
      1873, 1963, 1874, -1,
      1874, 1963, 1964, -1,
      1874, 1964, 1875, -1,
      1875, 1964, 1965, -1,
      1875, 1965, 1876, -1,
      1876, 1965, 1966, -1,
      1876, 1966, 1877, -1,
      1877, 1966, 1967, -1,
      1877, 1967, 1878, -1,
      1878, 1967, 1968, -1,
      1878, 1968, 1879, -1,
      1879, 1968, 1969, -1,
      1879, 1969, 1880, -1,
      1880, 1969, 1970, -1,
      1880, 1970, 1881, -1,
      1881, 1970, 1971, -1,
      1881, 1971, 1882, -1,
      1882, 1971, 1972, -1,
      1882, 1972, 1883, -1,
      1883, 1972, 1973, -1,
      1883, 1973, 1884, -1,
      1884, 1973, 1974, -1,
      1884, 1974, 1885, -1,
      1885, 1974, 1975, -1,
      1885, 1975, 1886, -1,
      1886, 1975, 1976, -1,
      1886, 1976, 1887, -1,
      1887, 1976, 1977, -1,
      1887, 1977, 1888, -1,
      1888, 1977, 1978, -1,
      1888, 1978, 1889, -1,
      1889, 1978, 1979, -1,
      1889, 1979, 1890, -1,
      1890, 1979, 1980, -1,
      1890, 1980, 1891, -1,
      1891, 1980, 1981, -1,
      1891, 1981, 1892, -1,
      1892, 1981, 1982, -1,
      1892, 1982, 1893, -1,
      1893, 1982, 1983, -1,
      1893, 1983, 1894, -1,
      1894, 1983, 1984, -1,
      1894, 1984, 1895, -1,
      1895, 1984, 1985, -1,
      1895, 1985, 1896, -1,
      1896, 1985, 1986, -1,
      1896, 1986, 1897, -1,
      1897, 1986, 1987, -1,
      1897, 1987, 1898, -1,
      1898, 1987, 1988, -1,
      1898, 1988, 1899, -1,
      1899, 1988, 1989, -1,
      1899, 1989, 1900, -1,
      1900, 1989, 1990, -1,
      1900, 1990, 1901, -1,
      1901, 1990, 1991, -1,
      1901, 1991, 1902, -1,
      1902, 1991, 1992, -1,
      1902, 1992, 1903, -1,
      1903, 1992, 1993, -1,
      1903, 1993, 1904, -1,
      1904, 1993, 1994, -1,
      1904, 1994, 1905, -1,
      1905, 1994, 1995, -1,
      1905, 1995, 1906, -1,
      1906, 1995, 1996, -1,
      1906, 1996, 1907, -1,
      1907, 1996, 1997, -1,
      1907, 1997, 1908, -1,
      1908, 1997, 1998, -1,
      1908, 1998, 1909, -1,
      1909, 1998, 1999, -1,
      1909, 1999, 1910, -1,
      1910, 1999, 2000, -1,
      1910, 2000, 1911, -1,
      1911, 2000, 2001, -1,
      1911, 2001, 1912, -1,
      1912, 2001, 2002, -1,
      1912, 2002, 1913, -1,
      1913, 2002, 2003, -1,
      1913, 2003, 1914, -1,
      1914, 2003, 2004, -1,
      1914, 2004, 1915, -1,
      1915, 2004, 2005, -1,
      1915, 2005, 1916, -1,
      1916, 2005, 2006, -1,
      1916, 2006, 1917, -1,
      1917, 2006, 2007, -1,
      1917, 2007, 1918, -1,
      1918, 2007, 2008, -1,
      1918, 2008, 1919, -1,
      1919, 2008, 2009, -1,
      1919, 2009, 1920, -1,
      1920, 2009, 2010, -1,
      1920, 2010, 1921, -1,
      1921, 2010, 2011, -1,
      1921, 2011, 1922, -1,
      1922, 2011, 2012, -1,
      1922, 2012, 1923, -1,
      1923, 2012, 2013, -1,
      1923, 2013, 1924, -1,
      1924, 2013, 2014, -1,
      1924, 2014, 1925, -1,
      1925, 2014, 2015, -1,
      1925, 2015, 1926, -1,
      1926, 2015, 2016, -1,
      1926, 2016, 1927, -1,
      1927, 2016, 2017, -1,
      1927, 2017, 1928, -1,
      1928, 2017, 2018, -1,
      1928, 2018, 1929, -1,
      1929, 2018, 2019, -1,
      1929, 2019, 1930, -1,
      1930, 2019, 2020, -1,
      1930, 2020, 1931, -1,
      1931, 2020, 2021, -1,
      1931, 2021, 1932, -1,
      1932, 2021, 2022, -1,
      1932, 2022, 1933, -1,
      1933, 2022, 2023, -1,
      1933, 2023, 1934, -1,
      1934, 2023, 2024, -1,
      1934, 2024, 1935, -1,
      1935, 2024, 2025, -1,
      1935, 2025, 1936, -1,
      1936, 2025, 2026, -1,
      1936, 2026, 1937, -1,
      1937, 2026, 2027, -1,
      1937, 2027, 1938, -1,
      1938, 2027, 2028, -1,
      1938, 2028, 1939, -1,
      1939, 2028, 2029, -1,
      1939, 2029, 1940, -1,
      1940, 2029, 2030, -1,
      1940, 2030, 1941, -1,
      1941, 2030, 2031, -1,
      1941, 2031, 1942, -1,
      1942, 2031, 2032, -1,
      1942, 2032, 1943, -1,
      1943, 2032, 2033, -1,
      1943, 2033, 1944, -1,
      1944, 2033, 2034, -1,
      1944, 2034, 1945, -1,
      1945, 2034, 2035, -1,
      1945, 2035, 1946, -1,
      1946, 2035, 2036, -1,
      1946, 2036, 1947, -1,
      1947, 2036, 2037, -1,
      1947, 2037, 1948, -1,
      1948, 2037, 2038, -1,
      1948, 2038, 1949, -1,
      1949, 2038, 245, -1,
      1949, 245, 243, -1,
      243, 245, 175, -1,
      243, 175, 174, -1,
      154, 245, 244, -1,
      244, 245, 2038, -1,
      244, 2038, 2039, -1,
      2039, 2038, 2037, -1,
      2039, 2037, 2040, -1,
      2040, 2037, 2036, -1,
      2040, 2036, 2041, -1,
      2041, 2036, 2035, -1,
      2041, 2035, 2042, -1,
      2042, 2035, 2034, -1,
      2042, 2034, 2043, -1,
      2043, 2034, 2033, -1,
      2043, 2033, 2044, -1,
      2044, 2033, 2032, -1,
      2044, 2032, 2045, -1,
      2045, 2032, 2031, -1,
      2045, 2031, 2046, -1,
      2046, 2031, 2030, -1,
      2046, 2030, 2047, -1,
      2047, 2030, 2029, -1,
      2047, 2029, 2048, -1,
      2048, 2029, 2028, -1,
      2048, 2028, 2049, -1,
      2049, 2028, 2027, -1,
      2049, 2027, 2050, -1,
      2050, 2027, 2026, -1,
      2050, 2026, 2051, -1,
      2051, 2026, 2025, -1,
      2051, 2025, 2052, -1,
      2052, 2025, 2024, -1,
      2052, 2024, 2053, -1,
      2053, 2024, 2023, -1,
      2053, 2023, 2054, -1,
      2054, 2023, 2022, -1,
      2054, 2022, 2055, -1,
      2055, 2022, 2021, -1,
      2055, 2021, 2056, -1,
      2056, 2021, 2020, -1,
      2056, 2020, 2057, -1,
      2057, 2020, 2019, -1,
      2057, 2019, 2058, -1,
      2058, 2019, 2018, -1,
      2058, 2018, 2059, -1,
      2059, 2018, 2017, -1,
      2059, 2017, 2060, -1,
      2060, 2017, 2016, -1,
      2060, 2016, 2061, -1,
      2061, 2016, 2015, -1,
      2061, 2015, 2062, -1,
      2062, 2015, 2014, -1,
      2062, 2014, 2063, -1,
      2063, 2014, 2013, -1,
      2063, 2013, 2064, -1,
      2064, 2013, 2012, -1,
      2064, 2012, 2065, -1,
      2065, 2012, 2011, -1,
      2065, 2011, 2066, -1,
      2066, 2011, 2010, -1,
      2066, 2010, 2067, -1,
      2067, 2010, 2009, -1,
      2067, 2009, 2068, -1,
      2068, 2009, 2008, -1,
      2068, 2008, 2069, -1,
      2069, 2008, 2007, -1,
      2069, 2007, 2070, -1,
      2070, 2007, 2006, -1,
      2070, 2006, 2071, -1,
      2071, 2006, 2005, -1,
      2071, 2005, 2072, -1,
      2072, 2005, 2004, -1,
      2072, 2004, 2073, -1,
      2073, 2004, 2003, -1,
      2073, 2003, 2074, -1,
      2074, 2003, 2002, -1,
      2074, 2002, 2075, -1,
      2075, 2002, 2001, -1,
      2075, 2001, 2076, -1,
      2076, 2001, 2000, -1,
      2076, 2000, 2077, -1,
      2077, 2000, 1999, -1,
      2077, 1999, 2078, -1,
      2078, 1999, 1998, -1,
      2078, 1998, 2079, -1,
      2079, 1998, 1997, -1,
      2079, 1997, 2080, -1,
      2080, 1997, 1996, -1,
      2080, 1996, 2081, -1,
      2081, 1996, 1995, -1,
      2081, 1995, 2082, -1,
      2082, 1995, 1994, -1,
      2082, 1994, 2083, -1,
      2083, 1994, 1993, -1,
      2083, 1993, 2084, -1,
      2084, 1993, 1992, -1,
      2084, 1992, 2085, -1,
      2085, 1992, 1991, -1,
      2085, 1991, 2086, -1,
      2086, 1991, 1990, -1,
      2086, 1990, 2087, -1,
      2087, 1990, 1989, -1,
      2087, 1989, 2088, -1,
      2088, 1989, 1988, -1,
      2088, 1988, 2089, -1,
      2089, 1988, 1987, -1,
      2089, 1987, 2090, -1,
      2090, 1987, 1986, -1,
      2090, 1986, 2091, -1,
      2091, 1986, 1985, -1,
      2091, 1985, 2092, -1,
      2092, 1985, 1984, -1,
      2092, 1984, 2093, -1,
      2093, 1984, 1983, -1,
      2093, 1983, 2094, -1,
      2094, 1983, 1982, -1,
      2094, 1982, 2095, -1,
      2095, 1982, 1981, -1,
      2095, 1981, 2096, -1,
      2096, 1981, 1980, -1,
      2096, 1980, 2097, -1,
      2097, 1980, 1979, -1,
      2097, 1979, 2098, -1,
      2098, 1979, 1978, -1,
      2098, 1978, 2099, -1,
      2099, 1978, 1977, -1,
      2099, 1977, 2100, -1,
      2100, 1977, 1976, -1,
      2100, 1976, 2101, -1,
      2101, 1976, 1975, -1,
      2101, 1975, 2102, -1,
      2102, 1975, 1974, -1,
      2102, 1974, 2103, -1,
      2103, 1974, 1973, -1,
      2103, 1973, 2104, -1,
      2104, 1973, 1972, -1,
      2104, 1972, 2105, -1,
      2105, 1972, 1971, -1,
      2105, 1971, 2106, -1,
      2106, 1971, 1970, -1,
      2106, 1970, 2107, -1,
      2107, 1970, 1969, -1,
      2107, 1969, 2108, -1,
      2108, 1969, 1968, -1,
      2108, 1968, 2109, -1,
      2109, 1968, 1967, -1,
      2109, 1967, 2110, -1,
      2110, 1967, 1966, -1,
      2110, 1966, 2111, -1,
      2111, 1966, 1965, -1,
      2111, 1965, 2112, -1,
      2112, 1965, 1964, -1,
      2112, 1964, 2113, -1,
      2113, 1964, 1963, -1,
      2113, 1963, 2114, -1,
      2114, 1963, 1962, -1,
      2114, 1962, 2115, -1,
      2115, 1962, 1961, -1,
      2115, 1961, 2116, -1,
      2116, 1961, 1960, -1,
      2116, 1960, 2117, -1,
      2117, 1960, 1959, -1,
      2117, 1959, 2118, -1,
      2118, 1959, 1958, -1,
      2118, 1958, 2119, -1,
      2119, 1958, 1957, -1,
      2119, 1957, 2120, -1,
      2120, 1957, 1956, -1,
      2120, 1956, 2121, -1,
      2121, 1956, 1955, -1,
      2121, 1955, 2122, -1,
      2122, 1955, 1954, -1,
      2122, 1954, 2123, -1,
      2123, 1954, 1953, -1,
      2123, 1953, 2124, -1,
      2124, 1953, 1952, -1,
      2124, 1952, 2125, -1,
      2125, 1952, 1951, -1,
      2125, 1951, 2126, -1,
      2126, 1951, 1950, -1,
      2126, 1950, 2127, -1,
      2127, 1950, 235, -1,
      2127, 235, 2128, -1,
      2128, 235, 138, -1,
      2128, 138, 137, -1,
      156, 244, 246, -1,
      246, 244, 2039, -1,
      246, 2039, 2129, -1,
      2129, 2039, 2040, -1,
      2129, 2040, 2130, -1,
      2130, 2040, 2041, -1,
      2130, 2041, 2131, -1,
      2131, 2041, 2042, -1,
      2131, 2042, 2132, -1,
      2132, 2042, 2043, -1,
      2132, 2043, 2133, -1,
      2133, 2043, 2044, -1,
      2133, 2044, 2134, -1,
      2134, 2044, 2045, -1,
      2134, 2045, 2135, -1,
      2135, 2045, 2046, -1,
      2135, 2046, 2136, -1,
      2136, 2046, 2047, -1,
      2136, 2047, 2137, -1,
      2137, 2047, 2048, -1,
      2137, 2048, 2138, -1,
      2138, 2048, 2049, -1,
      2138, 2049, 2139, -1,
      2139, 2049, 2050, -1,
      2139, 2050, 2140, -1,
      2140, 2050, 2051, -1,
      2140, 2051, 2141, -1,
      2141, 2051, 2052, -1,
      2141, 2052, 2142, -1,
      2142, 2052, 2053, -1,
      2142, 2053, 2143, -1,
      2143, 2053, 2054, -1,
      2143, 2054, 2144, -1,
      2144, 2054, 2055, -1,
      2144, 2055, 2145, -1,
      2145, 2055, 2056, -1,
      2145, 2056, 2146, -1,
      2146, 2056, 2057, -1,
      2146, 2057, 2147, -1,
      2147, 2057, 2058, -1,
      2147, 2058, 2148, -1,
      2148, 2058, 2059, -1,
      2148, 2059, 2149, -1,
      2149, 2059, 2060, -1,
      2149, 2060, 2150, -1,
      2150, 2060, 2061, -1,
      2150, 2061, 2151, -1,
      2151, 2061, 2062, -1,
      2151, 2062, 2152, -1,
      2152, 2062, 2063, -1,
      2152, 2063, 2153, -1,
      2153, 2063, 2064, -1,
      2153, 2064, 2154, -1,
      2154, 2064, 2065, -1,
      2154, 2065, 2155, -1,
      2155, 2065, 2066, -1,
      2155, 2066, 2156, -1,
      2156, 2066, 2067, -1,
      2156, 2067, 2157, -1,
      2157, 2067, 2068, -1,
      2157, 2068, 2158, -1,
      2158, 2068, 2069, -1,
      2158, 2069, 2159, -1,
      2159, 2069, 2070, -1,
      2159, 2070, 2160, -1,
      2160, 2070, 2071, -1,
      2160, 2071, 2161, -1,
      2161, 2071, 2072, -1,
      2161, 2072, 2162, -1,
      2162, 2072, 2073, -1,
      2162, 2073, 2163, -1,
      2163, 2073, 2074, -1,
      2163, 2074, 2164, -1,
      2164, 2074, 2075, -1,
      2164, 2075, 2165, -1,
      2165, 2075, 2076, -1,
      2165, 2076, 2166, -1,
      2166, 2076, 2077, -1,
      2166, 2077, 2167, -1,
      2167, 2077, 2078, -1,
      2167, 2078, 2168, -1,
      2168, 2078, 2079, -1,
      2168, 2079, 2169, -1,
      2169, 2079, 2080, -1,
      2169, 2080, 2170, -1,
      2170, 2080, 2081, -1,
      2170, 2081, 2171, -1,
      2171, 2081, 2082, -1,
      2171, 2082, 2172, -1,
      2172, 2082, 2083, -1,
      2172, 2083, 2173, -1,
      2173, 2083, 2084, -1,
      2173, 2084, 2174, -1,
      2174, 2084, 2085, -1,
      2174, 2085, 2175, -1,
      2175, 2085, 2086, -1,
      2175, 2086, 2176, -1,
      2176, 2086, 2087, -1,
      2176, 2087, 2177, -1,
      2177, 2087, 2088, -1,
      2177, 2088, 2178, -1,
      2178, 2088, 2089, -1,
      2178, 2089, 2179, -1,
      2179, 2089, 2090, -1,
      2179, 2090, 2180, -1,
      2180, 2090, 2091, -1,
      2180, 2091, 2181, -1,
      2181, 2091, 2092, -1,
      2181, 2092, 2182, -1,
      2182, 2092, 2093, -1,
      2182, 2093, 2183, -1,
      2183, 2093, 2094, -1,
      2183, 2094, 2184, -1,
      2184, 2094, 2095, -1,
      2184, 2095, 2185, -1,
      2185, 2095, 2096, -1,
      2185, 2096, 2186, -1,
      2186, 2096, 2097, -1,
      2186, 2097, 2187, -1,
      2187, 2097, 2098, -1,
      2187, 2098, 2188, -1,
      2188, 2098, 2099, -1,
      2188, 2099, 2189, -1,
      2189, 2099, 2100, -1,
      2189, 2100, 2190, -1,
      2190, 2100, 2101, -1,
      2190, 2101, 2191, -1,
      2191, 2101, 2102, -1,
      2191, 2102, 2192, -1,
      2192, 2102, 2103, -1,
      2192, 2103, 2193, -1,
      2193, 2103, 2104, -1,
      2193, 2104, 2194, -1,
      2194, 2104, 2105, -1,
      2194, 2105, 2195, -1,
      2195, 2105, 2106, -1,
      2195, 2106, 2196, -1,
      2196, 2106, 2107, -1,
      2196, 2107, 2197, -1,
      2197, 2107, 2108, -1,
      2197, 2108, 2198, -1,
      2198, 2108, 2109, -1,
      2198, 2109, 2199, -1,
      2199, 2109, 2110, -1,
      2199, 2110, 2200, -1,
      2200, 2110, 2111, -1,
      2200, 2111, 2201, -1,
      2201, 2111, 2112, -1,
      2201, 2112, 2202, -1,
      2202, 2112, 2113, -1,
      2202, 2113, 2203, -1,
      2203, 2113, 2114, -1,
      2203, 2114, 2204, -1,
      2204, 2114, 2115, -1,
      2204, 2115, 2205, -1,
      2205, 2115, 2116, -1,
      2205, 2116, 2206, -1,
      2206, 2116, 2117, -1,
      2206, 2117, 2207, -1,
      2207, 2117, 2118, -1,
      2207, 2118, 2208, -1,
      2208, 2118, 2119, -1,
      2208, 2119, 2209, -1,
      2209, 2119, 2120, -1,
      2209, 2120, 2210, -1,
      2210, 2120, 2121, -1,
      2210, 2121, 2211, -1,
      2211, 2121, 2122, -1,
      2211, 2122, 2212, -1,
      2212, 2122, 2123, -1,
      2212, 2123, 2213, -1,
      2213, 2123, 2124, -1,
      2213, 2124, 2214, -1,
      2214, 2124, 2125, -1,
      2214, 2125, 2215, -1,
      2215, 2125, 2126, -1,
      2215, 2126, 2216, -1,
      2216, 2126, 2127, -1,
      2216, 2127, 2217, -1,
      2217, 2127, 2128, -1,
      2217, 2128, 234, -1,
      234, 2128, 137, -1,
      234, 137, 136, -1,
      131, 134, 234, -1,
      234, 134, 2218, -1,
      234, 2218, 2217, -1,
      2217, 2218, 2219, -1,
      2217, 2219, 2216, -1,
      2216, 2219, 2220, -1,
      2216, 2220, 2215, -1,
      2215, 2220, 2221, -1,
      2215, 2221, 2214, -1,
      2214, 2221, 2222, -1,
      2214, 2222, 2213, -1,
      2213, 2222, 2223, -1,
      2213, 2223, 2212, -1,
      2212, 2223, 2224, -1,
      2212, 2224, 2211, -1,
      2211, 2224, 2225, -1,
      2211, 2225, 2210, -1,
      2210, 2225, 2226, -1,
      2210, 2226, 2209, -1,
      2209, 2226, 2227, -1,
      2209, 2227, 2208, -1,
      2208, 2227, 2228, -1,
      2208, 2228, 2207, -1,
      2207, 2228, 2229, -1,
      2207, 2229, 2206, -1,
      2206, 2229, 2230, -1,
      2206, 2230, 2205, -1,
      2205, 2230, 2231, -1,
      2205, 2231, 2204, -1,
      2204, 2231, 2232, -1,
      2204, 2232, 2203, -1,
      2203, 2232, 2233, -1,
      2203, 2233, 2202, -1,
      2202, 2233, 2234, -1,
      2202, 2234, 2201, -1,
      2201, 2234, 2235, -1,
      2201, 2235, 2200, -1,
      2200, 2235, 2236, -1,
      2200, 2236, 2199, -1,
      2199, 2236, 2237, -1,
      2199, 2237, 2198, -1,
      2198, 2237, 2238, -1,
      2198, 2238, 2197, -1,
      2197, 2238, 2239, -1,
      2197, 2239, 2196, -1,
      2196, 2239, 2240, -1,
      2196, 2240, 2195, -1,
      2195, 2240, 2241, -1,
      2195, 2241, 2194, -1,
      2194, 2241, 2242, -1,
      2194, 2242, 2193, -1,
      2193, 2242, 2243, -1,
      2193, 2243, 2192, -1,
      2192, 2243, 2244, -1,
      2192, 2244, 2191, -1,
      2191, 2244, 2245, -1,
      2191, 2245, 2190, -1,
      2190, 2245, 2246, -1,
      2190, 2246, 2189, -1,
      2189, 2246, 2247, -1,
      2189, 2247, 2188, -1,
      2188, 2247, 2248, -1,
      2188, 2248, 2187, -1,
      2187, 2248, 2249, -1,
      2187, 2249, 2186, -1,
      2186, 2249, 2250, -1,
      2186, 2250, 2185, -1,
      2185, 2250, 2251, -1,
      2185, 2251, 2184, -1,
      2184, 2251, 2252, -1,
      2184, 2252, 2183, -1,
      2183, 2252, 2253, -1,
      2183, 2253, 2182, -1,
      2182, 2253, 2254, -1,
      2182, 2254, 2181, -1,
      2181, 2254, 2255, -1,
      2181, 2255, 2180, -1,
      2180, 2255, 2256, -1,
      2180, 2256, 2179, -1,
      2179, 2256, 2257, -1,
      2179, 2257, 2178, -1,
      2178, 2257, 2258, -1,
      2178, 2258, 2177, -1,
      2177, 2258, 2259, -1,
      2177, 2259, 2176, -1,
      2176, 2259, 2260, -1,
      2176, 2260, 2175, -1,
      2175, 2260, 2261, -1,
      2175, 2261, 2174, -1,
      2174, 2261, 2262, -1,
      2174, 2262, 2173, -1,
      2173, 2262, 2263, -1,
      2173, 2263, 2172, -1,
      2172, 2263, 2264, -1,
      2172, 2264, 2171, -1,
      2171, 2264, 2265, -1,
      2171, 2265, 2170, -1,
      2170, 2265, 2266, -1,
      2170, 2266, 2169, -1,
      2169, 2266, 2267, -1,
      2169, 2267, 2168, -1,
      2168, 2267, 2268, -1,
      2168, 2268, 2167, -1,
      2167, 2268, 2269, -1,
      2167, 2269, 2166, -1,
      2166, 2269, 2270, -1,
      2166, 2270, 2165, -1,
      2165, 2270, 2271, -1,
      2165, 2271, 2164, -1,
      2164, 2271, 2272, -1,
      2164, 2272, 2163, -1,
      2163, 2272, 2273, -1,
      2163, 2273, 2162, -1,
      2162, 2273, 2274, -1,
      2162, 2274, 2161, -1,
      2161, 2274, 2275, -1,
      2161, 2275, 2160, -1,
      2160, 2275, 2276, -1,
      2160, 2276, 2159, -1,
      2159, 2276, 2277, -1,
      2159, 2277, 2158, -1,
      2158, 2277, 2278, -1,
      2158, 2278, 2157, -1,
      2157, 2278, 2279, -1,
      2157, 2279, 2156, -1,
      2156, 2279, 2280, -1,
      2156, 2280, 2155, -1,
      2155, 2280, 2281, -1,
      2155, 2281, 2154, -1,
      2154, 2281, 2282, -1,
      2154, 2282, 2153, -1,
      2153, 2282, 2283, -1,
      2153, 2283, 2152, -1,
      2152, 2283, 2284, -1,
      2152, 2284, 2151, -1,
      2151, 2284, 2285, -1,
      2151, 2285, 2150, -1,
      2150, 2285, 2286, -1,
      2150, 2286, 2149, -1,
      2149, 2286, 2287, -1,
      2149, 2287, 2148, -1,
      2148, 2287, 2288, -1,
      2148, 2288, 2147, -1,
      2147, 2288, 2289, -1,
      2147, 2289, 2146, -1,
      2146, 2289, 2290, -1,
      2146, 2290, 2145, -1,
      2145, 2290, 2291, -1,
      2145, 2291, 2144, -1,
      2144, 2291, 2292, -1,
      2144, 2292, 2143, -1,
      2143, 2292, 2293, -1,
      2143, 2293, 2142, -1,
      2142, 2293, 2294, -1,
      2142, 2294, 2141, -1,
      2141, 2294, 2295, -1,
      2141, 2295, 2140, -1,
      2140, 2295, 2296, -1,
      2140, 2296, 2139, -1,
      2139, 2296, 2297, -1,
      2139, 2297, 2138, -1,
      2138, 2297, 2298, -1,
      2138, 2298, 2137, -1,
      2137, 2298, 2299, -1,
      2137, 2299, 2136, -1,
      2136, 2299, 2300, -1,
      2136, 2300, 2135, -1,
      2135, 2300, 2301, -1,
      2135, 2301, 2134, -1,
      2134, 2301, 2302, -1,
      2134, 2302, 2133, -1,
      2133, 2302, 2303, -1,
      2133, 2303, 2132, -1,
      2132, 2303, 2304, -1,
      2132, 2304, 2131, -1,
      2131, 2304, 2305, -1,
      2131, 2305, 2130, -1,
      2130, 2305, 2306, -1,
      2130, 2306, 2129, -1,
      2129, 2306, 2307, -1,
      2129, 2307, 246, -1,
      246, 2307, 159, -1,
      246, 159, 158, -1,
      150, 159, 247, -1,
      247, 159, 2307, -1,
      247, 2307, 2308, -1,
      2308, 2307, 2306, -1,
      2308, 2306, 2309, -1,
      2309, 2306, 2305, -1,
      2309, 2305, 2310, -1,
      2310, 2305, 2304, -1,
      2310, 2304, 2311, -1,
      2311, 2304, 2303, -1,
      2311, 2303, 2312, -1,
      2312, 2303, 2302, -1,
      2312, 2302, 2313, -1,
      2313, 2302, 2301, -1,
      2313, 2301, 2314, -1,
      2314, 2301, 2300, -1,
      2314, 2300, 2315, -1,
      2315, 2300, 2299, -1,
      2315, 2299, 2316, -1,
      2316, 2299, 2298, -1,
      2316, 2298, 2317, -1,
      2317, 2298, 2297, -1,
      2317, 2297, 2318, -1,
      2318, 2297, 2296, -1,
      2318, 2296, 2319, -1,
      2319, 2296, 2295, -1,
      2319, 2295, 2320, -1,
      2320, 2295, 2294, -1,
      2320, 2294, 2321, -1,
      2321, 2294, 2293, -1,
      2321, 2293, 2322, -1,
      2322, 2293, 2292, -1,
      2322, 2292, 2323, -1,
      2323, 2292, 2291, -1,
      2323, 2291, 2324, -1,
      2324, 2291, 2290, -1,
      2324, 2290, 2325, -1,
      2325, 2290, 2289, -1,
      2325, 2289, 2326, -1,
      2326, 2289, 2288, -1,
      2326, 2288, 2327, -1,
      2327, 2288, 2287, -1,
      2327, 2287, 2328, -1,
      2328, 2287, 2286, -1,
      2328, 2286, 2329, -1,
      2329, 2286, 2285, -1,
      2329, 2285, 2330, -1,
      2330, 2285, 2284, -1,
      2330, 2284, 2331, -1,
      2331, 2284, 2283, -1,
      2331, 2283, 2332, -1,
      2332, 2283, 2282, -1,
      2332, 2282, 2333, -1,
      2333, 2282, 2281, -1,
      2333, 2281, 2334, -1,
      2334, 2281, 2280, -1,
      2334, 2280, 2335, -1,
      2335, 2280, 2279, -1,
      2335, 2279, 2336, -1,
      2336, 2279, 2278, -1,
      2336, 2278, 2337, -1,
      2337, 2278, 2277, -1,
      2337, 2277, 2338, -1,
      2338, 2277, 2276, -1,
      2338, 2276, 2339, -1,
      2339, 2276, 2275, -1,
      2339, 2275, 2340, -1,
      2340, 2275, 2274, -1,
      2340, 2274, 2341, -1,
      2341, 2274, 2273, -1,
      2341, 2273, 2342, -1,
      2342, 2273, 2272, -1,
      2342, 2272, 2343, -1,
      2343, 2272, 2271, -1,
      2343, 2271, 2344, -1,
      2344, 2271, 2270, -1,
      2344, 2270, 2345, -1,
      2345, 2270, 2269, -1,
      2345, 2269, 2346, -1,
      2346, 2269, 2268, -1,
      2346, 2268, 2347, -1,
      2347, 2268, 2267, -1,
      2347, 2267, 2348, -1,
      2348, 2267, 2266, -1,
      2348, 2266, 2349, -1,
      2349, 2266, 2265, -1,
      2349, 2265, 2350, -1,
      2350, 2265, 2264, -1,
      2350, 2264, 2351, -1,
      2351, 2264, 2263, -1,
      2351, 2263, 2352, -1,
      2352, 2263, 2262, -1,
      2352, 2262, 2353, -1,
      2353, 2262, 2261, -1,
      2353, 2261, 2354, -1,
      2354, 2261, 2260, -1,
      2354, 2260, 2355, -1,
      2355, 2260, 2259, -1,
      2355, 2259, 2356, -1,
      2356, 2259, 2258, -1,
      2356, 2258, 2357, -1,
      2357, 2258, 2257, -1,
      2357, 2257, 2358, -1,
      2358, 2257, 2256, -1,
      2358, 2256, 2359, -1,
      2359, 2256, 2255, -1,
      2359, 2255, 2360, -1,
      2360, 2255, 2254, -1,
      2360, 2254, 2361, -1,
      2361, 2254, 2253, -1,
      2361, 2253, 2362, -1,
      2362, 2253, 2252, -1,
      2362, 2252, 2363, -1,
      2363, 2252, 2251, -1,
      2363, 2251, 2364, -1,
      2364, 2251, 2250, -1,
      2364, 2250, 2365, -1,
      2365, 2250, 2249, -1,
      2365, 2249, 2366, -1,
      2366, 2249, 2248, -1,
      2366, 2248, 2367, -1,
      2367, 2248, 2247, -1,
      2367, 2247, 2368, -1,
      2368, 2247, 2246, -1,
      2368, 2246, 2369, -1,
      2369, 2246, 2245, -1,
      2369, 2245, 2370, -1,
      2370, 2245, 2244, -1,
      2370, 2244, 2371, -1,
      2371, 2244, 2243, -1,
      2371, 2243, 2372, -1,
      2372, 2243, 2242, -1,
      2372, 2242, 2373, -1,
      2373, 2242, 2241, -1,
      2373, 2241, 2374, -1,
      2374, 2241, 2240, -1,
      2374, 2240, 2375, -1,
      2375, 2240, 2239, -1,
      2375, 2239, 2376, -1,
      2376, 2239, 2238, -1,
      2376, 2238, 2377, -1,
      2377, 2238, 2237, -1,
      2377, 2237, 2378, -1,
      2378, 2237, 2236, -1,
      2378, 2236, 2379, -1,
      2379, 2236, 2235, -1,
      2379, 2235, 2380, -1,
      2380, 2235, 2234, -1,
      2380, 2234, 2381, -1,
      2381, 2234, 2233, -1,
      2381, 2233, 2382, -1,
      2382, 2233, 2232, -1,
      2382, 2232, 2383, -1,
      2383, 2232, 2231, -1,
      2383, 2231, 2384, -1,
      2384, 2231, 2230, -1,
      2384, 2230, 2385, -1,
      2385, 2230, 2229, -1,
      2385, 2229, 2386, -1,
      2386, 2229, 2228, -1,
      2386, 2228, 2387, -1,
      2387, 2228, 2227, -1,
      2387, 2227, 2388, -1,
      2388, 2227, 2226, -1,
      2388, 2226, 2389, -1,
      2389, 2226, 2225, -1,
      2389, 2225, 2390, -1,
      2390, 2225, 2224, -1,
      2390, 2224, 2391, -1,
      2391, 2224, 2223, -1,
      2391, 2223, 2392, -1,
      2392, 2223, 2222, -1,
      2392, 2222, 2393, -1,
      2393, 2222, 2221, -1,
      2393, 2221, 2394, -1,
      2394, 2221, 2220, -1,
      2394, 2220, 2395, -1,
      2395, 2220, 2219, -1,
      2395, 2219, 2396, -1,
      2396, 2219, 2218, -1,
      2396, 2218, 233, -1,
      233, 2218, 134, -1,
      233, 134, 133, -1,
      151, 247, 248, -1,
      248, 247, 2308, -1,
      248, 2308, 2397, -1,
      2397, 2308, 2309, -1,
      2397, 2309, 2398, -1,
      2398, 2309, 2310, -1,
      2398, 2310, 2399, -1,
      2399, 2310, 2311, -1,
      2399, 2311, 2400, -1,
      2400, 2311, 2312, -1,
      2400, 2312, 2401, -1,
      2401, 2312, 2313, -1,
      2401, 2313, 2402, -1,
      2402, 2313, 2314, -1,
      2402, 2314, 2403, -1,
      2403, 2314, 2315, -1,
      2403, 2315, 2404, -1,
      2404, 2315, 2316, -1,
      2404, 2316, 2405, -1,
      2405, 2316, 2317, -1,
      2405, 2317, 2406, -1,
      2406, 2317, 2318, -1,
      2406, 2318, 2407, -1,
      2407, 2318, 2319, -1,
      2407, 2319, 2408, -1,
      2408, 2319, 2320, -1,
      2408, 2320, 2409, -1,
      2409, 2320, 2321, -1,
      2409, 2321, 2410, -1,
      2410, 2321, 2322, -1,
      2410, 2322, 2411, -1,
      2411, 2322, 2323, -1,
      2411, 2323, 2412, -1,
      2412, 2323, 2324, -1,
      2412, 2324, 2413, -1,
      2413, 2324, 2325, -1,
      2413, 2325, 2414, -1,
      2414, 2325, 2326, -1,
      2414, 2326, 2415, -1,
      2415, 2326, 2327, -1,
      2415, 2327, 2416, -1,
      2416, 2327, 2328, -1,
      2416, 2328, 2417, -1,
      2417, 2328, 2329, -1,
      2417, 2329, 2418, -1,
      2418, 2329, 2330, -1,
      2418, 2330, 2419, -1,
      2419, 2330, 2331, -1,
      2419, 2331, 2420, -1,
      2420, 2331, 2332, -1,
      2420, 2332, 2421, -1,
      2421, 2332, 2333, -1,
      2421, 2333, 2422, -1,
      2422, 2333, 2334, -1,
      2422, 2334, 2423, -1,
      2423, 2334, 2335, -1,
      2423, 2335, 2424, -1,
      2424, 2335, 2336, -1,
      2424, 2336, 2425, -1,
      2425, 2336, 2337, -1,
      2425, 2337, 2426, -1,
      2426, 2337, 2338, -1,
      2426, 2338, 2427, -1,
      2427, 2338, 2339, -1,
      2427, 2339, 2428, -1,
      2428, 2339, 2340, -1,
      2428, 2340, 2429, -1,
      2429, 2340, 2341, -1,
      2429, 2341, 2430, -1,
      2430, 2341, 2342, -1,
      2430, 2342, 2431, -1,
      2431, 2342, 2343, -1,
      2431, 2343, 2432, -1,
      2432, 2343, 2344, -1,
      2432, 2344, 2433, -1,
      2433, 2344, 2345, -1,
      2433, 2345, 2434, -1,
      2434, 2345, 2346, -1,
      2434, 2346, 2435, -1,
      2435, 2346, 2347, -1,
      2435, 2347, 2436, -1,
      2436, 2347, 2348, -1,
      2436, 2348, 2437, -1,
      2437, 2348, 2349, -1,
      2437, 2349, 2438, -1,
      2438, 2349, 2350, -1,
      2438, 2350, 2439, -1,
      2439, 2350, 2351, -1,
      2439, 2351, 2440, -1,
      2440, 2351, 2352, -1,
      2440, 2352, 2441, -1,
      2441, 2352, 2353, -1,
      2441, 2353, 2442, -1,
      2442, 2353, 2354, -1,
      2442, 2354, 2443, -1,
      2443, 2354, 2355, -1,
      2443, 2355, 2444, -1,
      2444, 2355, 2356, -1,
      2444, 2356, 2445, -1,
      2445, 2356, 2357, -1,
      2445, 2357, 2446, -1,
      2446, 2357, 2358, -1,
      2446, 2358, 2447, -1,
      2447, 2358, 2359, -1,
      2447, 2359, 2448, -1,
      2448, 2359, 2360, -1,
      2448, 2360, 2449, -1,
      2449, 2360, 2361, -1,
      2449, 2361, 2450, -1,
      2450, 2361, 2362, -1,
      2450, 2362, 2451, -1,
      2451, 2362, 2363, -1,
      2451, 2363, 2452, -1,
      2452, 2363, 2364, -1,
      2452, 2364, 2453, -1,
      2453, 2364, 2365, -1,
      2453, 2365, 2454, -1,
      2454, 2365, 2366, -1,
      2454, 2366, 2455, -1,
      2455, 2366, 2367, -1,
      2455, 2367, 2456, -1,
      2456, 2367, 2368, -1,
      2456, 2368, 2457, -1,
      2457, 2368, 2369, -1,
      2457, 2369, 2458, -1,
      2458, 2369, 2370, -1,
      2458, 2370, 2459, -1,
      2459, 2370, 2371, -1,
      2459, 2371, 2460, -1,
      2460, 2371, 2372, -1,
      2460, 2372, 2461, -1,
      2461, 2372, 2373, -1,
      2461, 2373, 2462, -1,
      2462, 2373, 2374, -1,
      2462, 2374, 2463, -1,
      2463, 2374, 2375, -1,
      2463, 2375, 2464, -1,
      2464, 2375, 2376, -1,
      2464, 2376, 2465, -1,
      2465, 2376, 2377, -1,
      2465, 2377, 2466, -1,
      2466, 2377, 2378, -1,
      2466, 2378, 2467, -1,
      2467, 2378, 2379, -1,
      2467, 2379, 2468, -1,
      2468, 2379, 2380, -1,
      2468, 2380, 2469, -1,
      2469, 2380, 2381, -1,
      2469, 2381, 2470, -1,
      2470, 2381, 2382, -1,
      2470, 2382, 2471, -1,
      2471, 2382, 2383, -1,
      2471, 2383, 2472, -1,
      2472, 2383, 2384, -1,
      2472, 2384, 2473, -1,
      2473, 2384, 2385, -1,
      2473, 2385, 2474, -1,
      2474, 2385, 2386, -1,
      2474, 2386, 2475, -1,
      2475, 2386, 2387, -1,
      2475, 2387, 2476, -1,
      2476, 2387, 2388, -1,
      2476, 2388, 2477, -1,
      2477, 2388, 2389, -1,
      2477, 2389, 2478, -1,
      2478, 2389, 2390, -1,
      2478, 2390, 2479, -1,
      2479, 2390, 2391, -1,
      2479, 2391, 2480, -1,
      2480, 2391, 2392, -1,
      2480, 2392, 2481, -1,
      2481, 2392, 2393, -1,
      2481, 2393, 2482, -1,
      2482, 2393, 2394, -1,
      2482, 2394, 2483, -1,
      2483, 2394, 2395, -1,
      2483, 2395, 2484, -1,
      2484, 2395, 2396, -1,
      2484, 2396, 2485, -1,
      2485, 2396, 233, -1,
      2485, 233, 231, -1,
      231, 233, 130, -1,
      231, 130, 129, -1,
      164, 248, 249, -1,
      249, 248, 2397, -1,
      249, 2397, 2486, -1,
      2486, 2397, 2398, -1,
      2486, 2398, 2487, -1,
      2487, 2398, 2399, -1,
      2487, 2399, 2488, -1,
      2488, 2399, 2400, -1,
      2488, 2400, 2489, -1,
      2489, 2400, 2401, -1,
      2489, 2401, 2490, -1,
      2490, 2401, 2402, -1,
      2490, 2402, 2491, -1,
      2491, 2402, 2403, -1,
      2491, 2403, 2492, -1,
      2492, 2403, 2404, -1,
      2492, 2404, 2493, -1,
      2493, 2404, 2405, -1,
      2493, 2405, 2494, -1,
      2494, 2405, 2406, -1,
      2494, 2406, 2495, -1,
      2495, 2406, 2407, -1,
      2495, 2407, 2496, -1,
      2496, 2407, 2408, -1,
      2496, 2408, 2497, -1,
      2497, 2408, 2409, -1,
      2497, 2409, 2498, -1,
      2498, 2409, 2410, -1,
      2498, 2410, 2499, -1,
      2499, 2410, 2411, -1,
      2499, 2411, 2500, -1,
      2500, 2411, 2412, -1,
      2500, 2412, 2501, -1,
      2501, 2412, 2413, -1,
      2501, 2413, 2502, -1,
      2502, 2413, 2414, -1,
      2502, 2414, 2503, -1,
      2503, 2414, 2415, -1,
      2503, 2415, 2504, -1,
      2504, 2415, 2416, -1,
      2504, 2416, 2505, -1,
      2505, 2416, 2417, -1,
      2505, 2417, 2506, -1,
      2506, 2417, 2418, -1,
      2506, 2418, 2507, -1,
      2507, 2418, 2419, -1,
      2507, 2419, 2508, -1,
      2508, 2419, 2420, -1,
      2508, 2420, 2509, -1,
      2509, 2420, 2421, -1,
      2509, 2421, 2510, -1,
      2510, 2421, 2422, -1,
      2510, 2422, 2511, -1,
      2511, 2422, 2423, -1,
      2511, 2423, 2512, -1,
      2512, 2423, 2424, -1,
      2512, 2424, 2513, -1,
      2513, 2424, 2425, -1,
      2513, 2425, 2514, -1,
      2514, 2425, 2426, -1,
      2514, 2426, 2515, -1,
      2515, 2426, 2427, -1,
      2515, 2427, 2516, -1,
      2516, 2427, 2428, -1,
      2516, 2428, 2517, -1,
      2517, 2428, 2429, -1,
      2517, 2429, 2518, -1,
      2518, 2429, 2430, -1,
      2518, 2430, 2519, -1,
      2519, 2430, 2431, -1,
      2519, 2431, 2520, -1,
      2520, 2431, 2432, -1,
      2520, 2432, 2521, -1,
      2521, 2432, 2433, -1,
      2521, 2433, 2522, -1,
      2522, 2433, 2434, -1,
      2522, 2434, 2523, -1,
      2523, 2434, 2435, -1,
      2523, 2435, 2524, -1,
      2524, 2435, 2436, -1,
      2524, 2436, 2525, -1,
      2525, 2436, 2437, -1,
      2525, 2437, 2526, -1,
      2526, 2437, 2438, -1,
      2526, 2438, 2527, -1,
      2527, 2438, 2439, -1,
      2527, 2439, 2528, -1,
      2528, 2439, 2440, -1,
      2528, 2440, 2529, -1,
      2529, 2440, 2441, -1,
      2529, 2441, 2530, -1,
      2530, 2441, 2442, -1,
      2530, 2442, 2531, -1,
      2531, 2442, 2443, -1,
      2531, 2443, 2532, -1,
      2532, 2443, 2444, -1,
      2532, 2444, 2533, -1,
      2533, 2444, 2445, -1,
      2533, 2445, 2534, -1,
      2534, 2445, 2446, -1,
      2534, 2446, 2535, -1,
      2535, 2446, 2447, -1,
      2535, 2447, 2536, -1,
      2536, 2447, 2448, -1,
      2536, 2448, 2537, -1,
      2537, 2448, 2449, -1,
      2537, 2449, 2538, -1,
      2538, 2449, 2450, -1,
      2538, 2450, 2539, -1,
      2539, 2450, 2451, -1,
      2539, 2451, 2540, -1,
      2540, 2451, 2452, -1,
      2540, 2452, 2541, -1,
      2541, 2452, 2453, -1,
      2541, 2453, 2542, -1,
      2542, 2453, 2454, -1,
      2542, 2454, 2543, -1,
      2543, 2454, 2455, -1,
      2543, 2455, 2544, -1,
      2544, 2455, 2456, -1,
      2544, 2456, 2545, -1,
      2545, 2456, 2457, -1,
      2545, 2457, 2546, -1,
      2546, 2457, 2458, -1,
      2546, 2458, 2547, -1,
      2547, 2458, 2459, -1,
      2547, 2459, 2548, -1,
      2548, 2459, 2460, -1,
      2548, 2460, 2549, -1,
      2549, 2460, 2461, -1,
      2549, 2461, 2550, -1,
      2550, 2461, 2462, -1,
      2550, 2462, 2551, -1,
      2551, 2462, 2463, -1,
      2551, 2463, 2552, -1,
      2552, 2463, 2464, -1,
      2552, 2464, 2553, -1,
      2553, 2464, 2465, -1,
      2553, 2465, 2554, -1,
      2554, 2465, 2466, -1,
      2554, 2466, 2555, -1,
      2555, 2466, 2467, -1,
      2555, 2467, 2556, -1,
      2556, 2467, 2468, -1,
      2556, 2468, 2557, -1,
      2557, 2468, 2469, -1,
      2557, 2469, 2558, -1,
      2558, 2469, 2470, -1,
      2558, 2470, 2559, -1,
      2559, 2470, 2471, -1,
      2559, 2471, 2560, -1,
      2560, 2471, 2472, -1,
      2560, 2472, 2561, -1,
      2561, 2472, 2473, -1,
      2561, 2473, 2562, -1,
      2562, 2473, 2474, -1,
      2562, 2474, 2563, -1,
      2563, 2474, 2475, -1,
      2563, 2475, 2564, -1,
      2564, 2475, 2476, -1,
      2564, 2476, 2565, -1,
      2565, 2476, 2477, -1,
      2565, 2477, 2566, -1,
      2566, 2477, 2478, -1,
      2566, 2478, 2567, -1,
      2567, 2478, 2479, -1,
      2567, 2479, 2568, -1,
      2568, 2479, 2480, -1,
      2568, 2480, 2569, -1,
      2569, 2480, 2481, -1,
      2569, 2481, 2570, -1,
      2570, 2481, 2482, -1,
      2570, 2482, 2571, -1,
      2571, 2482, 2483, -1,
      2571, 2483, 2572, -1,
      2572, 2483, 2484, -1,
      2572, 2484, 2573, -1,
      2573, 2484, 2485, -1,
      2573, 2485, 2574, -1,
      2574, 2485, 231, -1,
      2574, 231, 232, -1,
      232, 231, 127, -1,
      232, 127, 126, -1,
      165, 249, 2575, -1,
      2575, 249, 2486, -1,
      2575, 2486, 2576, -1,
      2576, 2486, 2487, -1,
      2576, 2487, 2577, -1,
      2577, 2487, 2488, -1,
      2577, 2488, 2578, -1,
      2578, 2488, 2489, -1,
      2578, 2489, 2579, -1,
      2579, 2489, 2490, -1,
      2579, 2490, 2580, -1,
      2580, 2490, 2491, -1,
      2580, 2491, 2581, -1,
      2581, 2491, 2492, -1,
      2581, 2492, 2582, -1,
      2582, 2492, 2493, -1,
      2582, 2493, 2583, -1,
      2583, 2493, 2494, -1,
      2583, 2494, 2584, -1,
      2584, 2494, 2495, -1,
      2584, 2495, 2585, -1,
      2585, 2495, 2496, -1,
      2585, 2496, 2586, -1,
      2586, 2496, 2497, -1,
      2586, 2497, 2587, -1,
      2587, 2497, 2498, -1,
      2587, 2498, 2588, -1,
      2588, 2498, 2499, -1,
      2588, 2499, 2589, -1,
      2589, 2499, 2500, -1,
      2589, 2500, 2590, -1,
      2590, 2500, 2501, -1,
      2590, 2501, 2591, -1,
      2591, 2501, 2502, -1,
      2591, 2502, 2592, -1,
      2592, 2502, 2503, -1,
      2592, 2503, 2593, -1,
      2593, 2503, 2504, -1,
      2593, 2504, 2594, -1,
      2594, 2504, 2505, -1,
      2594, 2505, 2595, -1,
      2595, 2505, 2506, -1,
      2595, 2506, 2596, -1,
      2596, 2506, 2507, -1,
      2596, 2507, 2597, -1,
      2597, 2507, 2508, -1,
      2597, 2508, 2598, -1,
      2598, 2508, 2509, -1,
      2598, 2509, 2599, -1,
      2599, 2509, 2510, -1,
      2599, 2510, 2600, -1,
      2600, 2510, 2511, -1,
      2600, 2511, 2601, -1,
      2601, 2511, 2512, -1,
      2601, 2512, 2602, -1,
      2602, 2512, 2513, -1,
      2602, 2513, 2603, -1,
      2603, 2513, 2514, -1,
      2603, 2514, 2604, -1,
      2604, 2514, 2515, -1,
      2604, 2515, 2605, -1,
      2605, 2515, 2516, -1,
      2605, 2516, 2606, -1,
      2606, 2516, 2517, -1,
      2606, 2517, 2607, -1,
      2607, 2517, 2518, -1,
      2607, 2518, 2608, -1,
      2608, 2518, 2519, -1,
      2608, 2519, 2609, -1,
      2609, 2519, 2520, -1,
      2609, 2520, 2610, -1,
      2610, 2520, 2521, -1,
      2610, 2521, 2611, -1,
      2611, 2521, 2522, -1,
      2611, 2522, 2612, -1,
      2612, 2522, 2523, -1,
      2612, 2523, 2613, -1,
      2613, 2523, 2524, -1,
      2613, 2524, 2614, -1,
      2614, 2524, 2525, -1,
      2614, 2525, 2615, -1,
      2615, 2525, 2526, -1,
      2615, 2526, 2616, -1,
      2616, 2526, 2527, -1,
      2616, 2527, 2617, -1,
      2617, 2527, 2528, -1,
      2617, 2528, 2618, -1,
      2618, 2528, 2529, -1,
      2618, 2529, 2619, -1,
      2619, 2529, 2530, -1,
      2619, 2530, 2620, -1,
      2620, 2530, 2531, -1,
      2620, 2531, 2621, -1,
      2621, 2531, 2532, -1,
      2621, 2532, 2622, -1,
      2622, 2532, 2533, -1,
      2622, 2533, 2623, -1,
      2623, 2533, 2534, -1,
      2623, 2534, 2624, -1,
      2624, 2534, 2535, -1,
      2624, 2535, 2625, -1,
      2625, 2535, 2536, -1,
      2625, 2536, 2626, -1,
      2626, 2536, 2537, -1,
      2626, 2537, 2627, -1,
      2627, 2537, 2538, -1,
      2627, 2538, 2628, -1,
      2628, 2538, 2539, -1,
      2628, 2539, 2629, -1,
      2629, 2539, 2540, -1,
      2629, 2540, 2630, -1,
      2630, 2540, 2541, -1,
      2630, 2541, 2631, -1,
      2631, 2541, 2542, -1,
      2631, 2542, 2632, -1,
      2632, 2542, 2543, -1,
      2632, 2543, 2633, -1,
      2633, 2543, 2544, -1,
      2633, 2544, 2634, -1,
      2634, 2544, 2545, -1,
      2634, 2545, 2635, -1,
      2635, 2545, 2546, -1,
      2635, 2546, 2636, -1,
      2636, 2546, 2547, -1,
      2636, 2547, 2637, -1,
      2637, 2547, 2548, -1,
      2637, 2548, 2638, -1,
      2638, 2548, 2549, -1,
      2638, 2549, 2639, -1,
      2639, 2549, 2550, -1,
      2639, 2550, 2640, -1,
      2640, 2550, 2551, -1,
      2640, 2551, 2641, -1,
      2641, 2551, 2552, -1,
      2641, 2552, 2642, -1,
      2642, 2552, 2553, -1,
      2642, 2553, 2643, -1,
      2643, 2553, 2554, -1,
      2643, 2554, 2644, -1,
      2644, 2554, 2555, -1,
      2644, 2555, 2645, -1,
      2645, 2555, 2556, -1,
      2645, 2556, 2646, -1,
      2646, 2556, 2557, -1,
      2646, 2557, 2647, -1,
      2647, 2557, 2558, -1,
      2647, 2558, 2648, -1,
      2648, 2558, 2559, -1,
      2648, 2559, 2649, -1,
      2649, 2559, 2560, -1,
      2649, 2560, 2650, -1,
      2650, 2560, 2561, -1,
      2650, 2561, 2651, -1,
      2651, 2561, 2562, -1,
      2651, 2562, 2652, -1,
      2652, 2562, 2563, -1,
      2652, 2563, 2653, -1,
      2653, 2563, 2564, -1,
      2653, 2564, 2654, -1,
      2654, 2564, 2565, -1,
      2654, 2565, 2655, -1,
      2655, 2565, 2566, -1,
      2655, 2566, 2656, -1,
      2656, 2566, 2567, -1,
      2656, 2567, 2657, -1,
      2657, 2567, 2568, -1,
      2657, 2568, 2658, -1,
      2658, 2568, 2569, -1,
      2658, 2569, 2659, -1,
      2659, 2569, 2570, -1,
      2659, 2570, 2660, -1,
      2660, 2570, 2571, -1,
      2660, 2571, 2661, -1,
      2661, 2571, 2572, -1,
      2661, 2572, 2662, -1,
      2662, 2572, 2573, -1,
      2662, 2573, 2663, -1,
      2663, 2573, 2574, -1,
      2663, 2574, 2664, -1,
      2664, 2574, 232, -1,
      2664, 232, 230, -1,
      230, 232, 135, -1,
      230, 135, 108, -1,
      166, 165, 250, -1,
      250, 165, 2575, -1,
      250, 2575, 2665, -1,
      2665, 2575, 2576, -1,
      2665, 2576, 2666, -1,
      2666, 2576, 2577, -1,
      2666, 2577, 2667, -1,
      2667, 2577, 2578, -1,
      2667, 2578, 2668, -1,
      2668, 2578, 2579, -1,
      2668, 2579, 2669, -1,
      2669, 2579, 2580, -1,
      2669, 2580, 2670, -1,
      2670, 2580, 2581, -1,
      2670, 2581, 2671, -1,
      2671, 2581, 2582, -1,
      2671, 2582, 2672, -1,
      2672, 2582, 2583, -1,
      2672, 2583, 2673, -1,
      2673, 2583, 2584, -1,
      2673, 2584, 2674, -1,
      2674, 2584, 2585, -1,
      2674, 2585, 2675, -1,
      2675, 2585, 2586, -1,
      2675, 2586, 2676, -1,
      2676, 2586, 2587, -1,
      2676, 2587, 2677, -1,
      2677, 2587, 2588, -1,
      2677, 2588, 2678, -1,
      2678, 2588, 2589, -1,
      2678, 2589, 2679, -1,
      2679, 2589, 2590, -1,
      2679, 2590, 2680, -1,
      2680, 2590, 2591, -1,
      2680, 2591, 2681, -1,
      2681, 2591, 2592, -1,
      2681, 2592, 2682, -1,
      2682, 2592, 2593, -1,
      2682, 2593, 2683, -1,
      2683, 2593, 2594, -1,
      2683, 2594, 2684, -1,
      2684, 2594, 2595, -1,
      2684, 2595, 2685, -1,
      2685, 2595, 2596, -1,
      2685, 2596, 2686, -1,
      2686, 2596, 2597, -1,
      2686, 2597, 2687, -1,
      2687, 2597, 2598, -1,
      2687, 2598, 2688, -1,
      2688, 2598, 2599, -1,
      2688, 2599, 2689, -1,
      2689, 2599, 2600, -1,
      2689, 2600, 2690, -1,
      2690, 2600, 2601, -1,
      2690, 2601, 2691, -1,
      2691, 2601, 2602, -1,
      2691, 2602, 2692, -1,
      2692, 2602, 2603, -1,
      2692, 2603, 2693, -1,
      2693, 2603, 2604, -1,
      2693, 2604, 2694, -1,
      2694, 2604, 2605, -1,
      2694, 2605, 2695, -1,
      2695, 2605, 2606, -1,
      2695, 2606, 2696, -1,
      2696, 2606, 2607, -1,
      2696, 2607, 2697, -1,
      2697, 2607, 2608, -1,
      2697, 2608, 2698, -1,
      2698, 2608, 2609, -1,
      2698, 2609, 2699, -1,
      2699, 2609, 2610, -1,
      2699, 2610, 2700, -1,
      2700, 2610, 2611, -1,
      2700, 2611, 2701, -1,
      2701, 2611, 2612, -1,
      2701, 2612, 2702, -1,
      2702, 2612, 2613, -1,
      2702, 2613, 2703, -1,
      2703, 2613, 2614, -1,
      2703, 2614, 2704, -1,
      2704, 2614, 2615, -1,
      2704, 2615, 2705, -1,
      2705, 2615, 2616, -1,
      2705, 2616, 2706, -1,
      2706, 2616, 2617, -1,
      2706, 2617, 2707, -1,
      2707, 2617, 2618, -1,
      2707, 2618, 2708, -1,
      2708, 2618, 2619, -1,
      2708, 2619, 2709, -1,
      2709, 2619, 2620, -1,
      2709, 2620, 2710, -1,
      2710, 2620, 2621, -1,
      2710, 2621, 2711, -1,
      2711, 2621, 2622, -1,
      2711, 2622, 2712, -1,
      2712, 2622, 2623, -1,
      2712, 2623, 2713, -1,
      2713, 2623, 2624, -1,
      2713, 2624, 2714, -1,
      2714, 2624, 2625, -1,
      2714, 2625, 2715, -1,
      2715, 2625, 2626, -1,
      2715, 2626, 2716, -1,
      2716, 2626, 2627, -1,
      2716, 2627, 2717, -1,
      2717, 2627, 2628, -1,
      2717, 2628, 2718, -1,
      2718, 2628, 2629, -1,
      2718, 2629, 2719, -1,
      2719, 2629, 2630, -1,
      2719, 2630, 2720, -1,
      2720, 2630, 2631, -1,
      2720, 2631, 2721, -1,
      2721, 2631, 2632, -1,
      2721, 2632, 2722, -1,
      2722, 2632, 2633, -1,
      2722, 2633, 2723, -1,
      2723, 2633, 2634, -1,
      2723, 2634, 2724, -1,
      2724, 2634, 2635, -1,
      2724, 2635, 2725, -1,
      2725, 2635, 2636, -1,
      2725, 2636, 2726, -1,
      2726, 2636, 2637, -1,
      2726, 2637, 2727, -1,
      2727, 2637, 2638, -1,
      2727, 2638, 2728, -1,
      2728, 2638, 2639, -1,
      2728, 2639, 2729, -1,
      2729, 2639, 2640, -1,
      2729, 2640, 2730, -1,
      2730, 2640, 2641, -1,
      2730, 2641, 2731, -1,
      2731, 2641, 2642, -1,
      2731, 2642, 2732, -1,
      2732, 2642, 2643, -1,
      2732, 2643, 2733, -1,
      2733, 2643, 2644, -1,
      2733, 2644, 2734, -1,
      2734, 2644, 2645, -1,
      2734, 2645, 2735, -1,
      2735, 2645, 2646, -1,
      2735, 2646, 2736, -1,
      2736, 2646, 2647, -1,
      2736, 2647, 2737, -1,
      2737, 2647, 2648, -1,
      2737, 2648, 2738, -1,
      2738, 2648, 2649, -1,
      2738, 2649, 2739, -1,
      2739, 2649, 2650, -1,
      2739, 2650, 2740, -1,
      2740, 2650, 2651, -1,
      2740, 2651, 2741, -1,
      2741, 2651, 2652, -1,
      2741, 2652, 2742, -1,
      2742, 2652, 2653, -1,
      2742, 2653, 2743, -1,
      2743, 2653, 2654, -1,
      2743, 2654, 2744, -1,
      2744, 2654, 2655, -1,
      2744, 2655, 2745, -1,
      2745, 2655, 2656, -1,
      2745, 2656, 2746, -1,
      2746, 2656, 2657, -1,
      2746, 2657, 2747, -1,
      2747, 2657, 2658, -1,
      2747, 2658, 2748, -1,
      2748, 2658, 2659, -1,
      2748, 2659, 2749, -1,
      2749, 2659, 2660, -1,
      2749, 2660, 2750, -1,
      2750, 2660, 2661, -1,
      2750, 2661, 2751, -1,
      2751, 2661, 2662, -1,
      2751, 2662, 2752, -1,
      2752, 2662, 2663, -1,
      2752, 2663, 2753, -1,
      2753, 2663, 2664, -1,
      2753, 2664, 2754, -1,
      2754, 2664, 230, -1,
      2754, 230, 2755, -1,
      2755, 230, 256, -1,
      2755, 256, 2756, -1,
      2756, 256, 257, -1,
      2756, 257, 2757, -1,
      2757, 257, 258, -1,
      2757, 258, 2758, -1,
      2758, 258, 226, -1,
      2758, 226, 225, -1,
      225, 226, 99, -1,
      225, 99, 98, -1,
      162, 250, 251, -1,
      251, 250, 2665, -1,
      251, 2665, 261, -1,
      261, 2665, 2666, -1,
      261, 2666, 263, -1,
      263, 2666, 2667, -1,
      263, 2667, 265, -1,
      265, 2667, 2668, -1,
      265, 2668, 267, -1,
      267, 2668, 2669, -1,
      267, 2669, 269, -1,
      269, 2669, 2670, -1,
      269, 2670, 271, -1,
      271, 2670, 2671, -1,
      271, 2671, 273, -1,
      273, 2671, 2672, -1,
      273, 2672, 275, -1,
      275, 2672, 2673, -1,
      275, 2673, 277, -1,
      277, 2673, 2674, -1,
      277, 2674, 279, -1,
      279, 2674, 2675, -1,
      279, 2675, 281, -1,
      281, 2675, 2676, -1,
      281, 2676, 283, -1,
      283, 2676, 2677, -1,
      283, 2677, 285, -1,
      285, 2677, 2678, -1,
      285, 2678, 287, -1,
      287, 2678, 2679, -1,
      287, 2679, 289, -1,
      289, 2679, 2680, -1,
      289, 2680, 291, -1,
      291, 2680, 2681, -1,
      291, 2681, 293, -1,
      293, 2681, 2682, -1,
      293, 2682, 295, -1,
      295, 2682, 2683, -1,
      295, 2683, 297, -1,
      297, 2683, 2684, -1,
      297, 2684, 299, -1,
      299, 2684, 2685, -1,
      299, 2685, 301, -1,
      301, 2685, 2686, -1,
      301, 2686, 303, -1,
      303, 2686, 2687, -1,
      303, 2687, 305, -1,
      305, 2687, 2688, -1,
      305, 2688, 307, -1,
      307, 2688, 2689, -1,
      307, 2689, 309, -1,
      309, 2689, 2690, -1,
      309, 2690, 311, -1,
      311, 2690, 2691, -1,
      311, 2691, 313, -1,
      313, 2691, 2692, -1,
      313, 2692, 315, -1,
      315, 2692, 2693, -1,
      315, 2693, 317, -1,
      317, 2693, 2694, -1,
      317, 2694, 319, -1,
      319, 2694, 2695, -1,
      319, 2695, 321, -1,
      321, 2695, 2696, -1,
      321, 2696, 323, -1,
      323, 2696, 2697, -1,
      323, 2697, 325, -1,
      325, 2697, 2698, -1,
      325, 2698, 327, -1,
      327, 2698, 2699, -1,
      327, 2699, 329, -1,
      329, 2699, 2700, -1,
      329, 2700, 331, -1,
      331, 2700, 2701, -1,
      331, 2701, 333, -1,
      333, 2701, 2702, -1,
      333, 2702, 335, -1,
      335, 2702, 2703, -1,
      335, 2703, 337, -1,
      337, 2703, 2704, -1,
      337, 2704, 339, -1,
      339, 2704, 2705, -1,
      339, 2705, 341, -1,
      341, 2705, 2706, -1,
      341, 2706, 343, -1,
      343, 2706, 2707, -1,
      343, 2707, 345, -1,
      345, 2707, 2708, -1,
      345, 2708, 347, -1,
      347, 2708, 2709, -1,
      347, 2709, 349, -1,
      349, 2709, 2710, -1,
      349, 2710, 351, -1,
      351, 2710, 2711, -1,
      351, 2711, 353, -1,
      353, 2711, 2712, -1,
      353, 2712, 355, -1,
      355, 2712, 2713, -1,
      355, 2713, 357, -1,
      357, 2713, 2714, -1,
      357, 2714, 359, -1,
      359, 2714, 2715, -1,
      359, 2715, 361, -1,
      361, 2715, 2716, -1,
      361, 2716, 363, -1,
      363, 2716, 2717, -1,
      363, 2717, 365, -1,
      365, 2717, 2718, -1,
      365, 2718, 367, -1,
      367, 2718, 2719, -1,
      367, 2719, 369, -1,
      369, 2719, 2720, -1,
      369, 2720, 371, -1,
      371, 2720, 2721, -1,
      371, 2721, 373, -1,
      373, 2721, 2722, -1,
      373, 2722, 375, -1,
      375, 2722, 2723, -1,
      375, 2723, 377, -1,
      377, 2723, 2724, -1,
      377, 2724, 379, -1,
      379, 2724, 2725, -1,
      379, 2725, 381, -1,
      381, 2725, 2726, -1,
      381, 2726, 383, -1,
      383, 2726, 2727, -1,
      383, 2727, 385, -1,
      385, 2727, 2728, -1,
      385, 2728, 387, -1,
      387, 2728, 2729, -1,
      387, 2729, 389, -1,
      389, 2729, 2730, -1,
      389, 2730, 391, -1,
      391, 2730, 2731, -1,
      391, 2731, 393, -1,
      393, 2731, 2732, -1,
      393, 2732, 395, -1,
      395, 2732, 2733, -1,
      395, 2733, 397, -1,
      397, 2733, 2734, -1,
      397, 2734, 399, -1,
      399, 2734, 2735, -1,
      399, 2735, 401, -1,
      401, 2735, 2736, -1,
      401, 2736, 403, -1,
      403, 2736, 2737, -1,
      403, 2737, 405, -1,
      405, 2737, 2738, -1,
      405, 2738, 407, -1,
      407, 2738, 2739, -1,
      407, 2739, 409, -1,
      409, 2739, 2740, -1,
      409, 2740, 411, -1,
      411, 2740, 2741, -1,
      411, 2741, 413, -1,
      413, 2741, 2742, -1,
      413, 2742, 415, -1,
      415, 2742, 2743, -1,
      415, 2743, 417, -1,
      417, 2743, 2744, -1,
      417, 2744, 419, -1,
      419, 2744, 2745, -1,
      419, 2745, 421, -1,
      421, 2745, 2746, -1,
      421, 2746, 423, -1,
      423, 2746, 2747, -1,
      423, 2747, 425, -1,
      425, 2747, 2748, -1,
      425, 2748, 427, -1,
      427, 2748, 2749, -1,
      427, 2749, 429, -1,
      429, 2749, 2750, -1,
      429, 2750, 431, -1,
      431, 2750, 2751, -1,
      431, 2751, 433, -1,
      433, 2751, 2752, -1,
      433, 2752, 435, -1,
      435, 2752, 2753, -1,
      435, 2753, 437, -1,
      437, 2753, 2754, -1,
      437, 2754, 439, -1,
      439, 2754, 2755, -1,
      439, 2755, 441, -1,
      441, 2755, 2756, -1,
      441, 2756, 443, -1,
      443, 2756, 2757, -1,
      443, 2757, 445, -1,
      445, 2757, 2758, -1,
      445, 2758, 447, -1,
      447, 2758, 225, -1,
      447, 225, 224, -1,
      224, 225, 96, -1,
      224, 96, 95, -1,
      2759, 2760, 49, -1,
      49, 2760, 48, -1,
      2760, 2761, 48, -1,
      48, 2761, 44, -1,
      2761, 2762, 44, -1,
      44, 2762, 45, -1,
      2762, 2763, 45, -1,
      45, 2763, 46, -1,
      2763, 2764, 46, -1,
      46, 2764, 47, -1,
      2764, 2765, 47, -1,
      47, 2765, 51, -1,
      2765, 2766, 51, -1,
      51, 2766, 50, -1,
      2766, 2759, 50, -1,
      50, 2759, 49, -1,
      2767, 2763, 2768, -1,
      2768, 2763, 2762, -1,
      2769, 2766, 2767, -1,
      2767, 2766, 2765, -1,
      2767, 2765, 2763, -1,
      2763, 2765, 2764, -1,
      2769, 2770, 2766, -1,
      2766, 2770, 2771, -1,
      2766, 2771, 2759, -1,
      2759, 2771, 2772, -1,
      2759, 2772, 2773, -1,
      2773, 2774, 2759, -1,
      2759, 2774, 2768, -1,
      2759, 2768, 2760, -1,
      2760, 2768, 2762, -1,
      2760, 2762, 2761, -1,
      2767, 2768, 2775, -1,
      2775, 2768, 2776, -1,
      2769, 2767, 2777, -1,
      2777, 2767, 2775, -1,
      2769, 2777, 2778, -1,
      2769, 2778, 2770, -1,
      2770, 2778, 2779, -1,
      2770, 2779, 2771, -1,
      2772, 2771, 2780, -1,
      2780, 2771, 2779, -1,
      2772, 2780, 2781, -1,
      2772, 2781, 2773, -1,
      2773, 2781, 2782, -1,
      2773, 2782, 2774, -1,
      2768, 2774, 2776, -1,
      2776, 2774, 2782, -1,
      2783, 2784, 65, -1,
      65, 2784, 64, -1,
      2784, 2785, 64, -1,
      64, 2785, 60, -1,
      2785, 2786, 60, -1,
      60, 2786, 56, -1,
      2787, 68, 67, -1,
      2787, 67, 2788, -1,
      2788, 67, 63, -1,
      2788, 63, 2789, -1,
      2789, 63, 62, -1,
      2789, 62, 2790, -1,
      2790, 62, 61, -1,
      2790, 61, 2791, -1,
      2791, 61, 59, -1,
      2791, 59, 2792, -1,
      2792, 59, 58, -1,
      2792, 58, 2793, -1,
      2793, 58, 57, -1,
      2793, 57, 2794, -1,
      2794, 57, 56, -1,
      2794, 56, 2786, -1,
      2783, 65, 66, -1,
      2783, 66, 2795, -1,
      2795, 66, 55, -1,
      2795, 55, 2796, -1,
      2796, 55, 54, -1,
      2796, 54, 2797, -1,
      2797, 54, 53, -1,
      2797, 53, 2798, -1,
      2798, 53, 52, -1,
      2798, 52, 2799, -1,
      2799, 52, 69, -1,
      2799, 69, 2800, -1,
      2800, 69, 68, -1,
      2800, 68, 2787, -1,
      2789, 2790, 2801, -1,
      2801, 2790, 2791, -1,
      2801, 2791, 2802, -1,
      2802, 2791, 2792, -1,
      2802, 2792, 2803, -1,
      2803, 2792, 2793, -1,
      2803, 2793, 2804, -1,
      2804, 2793, 2794, -1,
      2804, 2794, 2805, -1,
      2805, 2794, 2786, -1,
      2805, 2786, 2806, -1,
      2806, 2786, 2785, -1,
      2806, 2785, 2807, -1,
      2807, 2785, 2784, -1,
      2807, 2784, 2808, -1,
      2808, 2784, 2783, -1,
      2808, 2783, 2809, -1,
      2809, 2783, 2795, -1,
      2809, 2795, 2810, -1,
      2810, 2795, 2796, -1,
      2810, 2796, 2811, -1,
      2811, 2796, 2797, -1,
      2811, 2797, 2812, -1,
      2812, 2797, 2798, -1,
      2812, 2798, 2813, -1,
      2813, 2798, 2799, -1,
      2813, 2799, 2814, -1,
      2814, 2799, 2800, -1,
      2814, 2800, 2815, -1,
      2815, 2800, 2787, -1,
      2815, 2787, 2816, -1,
      2816, 2787, 2788, -1,
      2816, 2788, 2817, -1,
      2817, 2788, 2789, -1,
      2817, 2789, 2801, -1,
      2805, 2806, 2818, -1,
      2818, 2806, 2819, -1,
      2805, 2818, 2820, -1,
      2805, 2820, 2804, -1,
      2804, 2820, 2821, -1,
      2804, 2821, 2803, -1,
      2803, 2821, 2822, -1,
      2803, 2822, 2802, -1,
      2802, 2822, 2823, -1,
      2802, 2823, 2801, -1,
      2801, 2823, 2824, -1,
      2801, 2824, 2817, -1,
      2817, 2824, 2825, -1,
      2817, 2825, 2816, -1,
      2816, 2825, 2826, -1,
      2816, 2826, 2815, -1,
      2815, 2826, 2827, -1,
      2815, 2827, 2814, -1,
      2814, 2827, 2828, -1,
      2814, 2828, 2813, -1,
      2813, 2828, 2829, -1,
      2813, 2829, 2812, -1,
      2812, 2829, 2830, -1,
      2812, 2830, 2811, -1,
      2811, 2830, 2831, -1,
      2811, 2831, 2810, -1,
      2810, 2831, 2832, -1,
      2810, 2832, 2809, -1,
      2809, 2832, 2833, -1,
      2809, 2833, 2808, -1,
      2807, 2808, 2834, -1,
      2834, 2808, 2833, -1,
      2806, 2807, 2819, -1,
      2819, 2807, 2834, -1,
      2835, 2836, 73, -1,
      73, 2836, 70, -1,
      2836, 2837, 70, -1,
      70, 2837, 71, -1,
      2837, 2838, 71, -1,
      71, 2838, 72, -1,
      2838, 2839, 72, -1,
      72, 2839, 75, -1,
      2839, 2840, 75, -1,
      75, 2840, 74, -1,
      2840, 2841, 74, -1,
      74, 2841, 81, -1,
      2841, 2842, 81, -1,
      81, 2842, 80, -1,
      2842, 2843, 80, -1,
      80, 2843, 79, -1,
      2843, 2844, 79, -1,
      79, 2844, 78, -1,
      2844, 2845, 78, -1,
      78, 2845, 76, -1,
      2845, 2846, 76, -1,
      76, 2846, 77, -1,
      2846, 2835, 77, -1,
      77, 2835, 73, -1,
      2837, 2836, 2835, -1,
      2835, 2846, 2837, -1,
      2837, 2846, 2845, -1,
      2837, 2845, 2838, -1,
      2840, 2839, 2841, -1,
      2841, 2839, 2838, -1,
      2841, 2838, 2842, -1,
      2842, 2838, 2845, -1,
      2842, 2845, 2843, -1,
      2843, 2845, 2844, -1,
      2847, 2848, 1, -1,
      1, 2848, 0, -1,
      0, 2848, 2849, -1,
      2850, 43, 42, -1,
      2850, 42, 2851, -1,
      2851, 42, 41, -1,
      2851, 41, 2849, -1,
      2849, 41, 40, -1,
      2849, 40, 0, -1,
      2852, 2853, 33, -1,
      33, 2853, 34, -1,
      33, 32, 2852, -1,
      2852, 32, 31, -1,
      2852, 31, 2854, -1,
      2854, 31, 30, -1,
      2854, 30, 2855, -1,
      2855, 30, 29, -1,
      2855, 29, 2856, -1,
      2856, 29, 39, -1,
      2856, 39, 2857, -1,
      2857, 39, 38, -1,
      2857, 38, 2858, -1,
      2858, 38, 37, -1,
      2858, 37, 2850, -1,
      2850, 37, 43, -1,
      34, 2853, 35, -1,
      35, 2853, 2859, -1,
      35, 2859, 36, -1,
      36, 2859, 2860, -1,
      36, 2860, 2, -1,
      2, 2860, 2861, -1,
      2, 2861, 3, -1,
      3, 2861, 2862, -1,
      3, 2862, 4, -1,
      4, 2862, 2863, -1,
      4, 2863, 26, -1,
      26, 2863, 2864, -1,
      26, 2864, 27, -1,
      27, 2864, 2865, -1,
      27, 2865, 28, -1,
      2866, 6, 5, -1,
      2866, 5, 2867, -1,
      2867, 5, 28, -1,
      2867, 28, 2865, -1,
      2866, 2868, 6, -1,
      6, 2868, 7, -1,
      2869, 10, 8, -1,
      2869, 8, 2870, -1,
      2870, 8, 7, -1,
      2870, 7, 2868, -1,
      2871, 15, 25, -1,
      2871, 25, 2872, -1,
      2872, 25, 24, -1,
      2872, 24, 2873, -1,
      2873, 24, 14, -1,
      2873, 14, 2874, -1,
      2874, 14, 13, -1,
      2874, 13, 2875, -1,
      2875, 13, 12, -1,
      2875, 12, 2876, -1,
      2876, 12, 11, -1,
      2876, 11, 2877, -1,
      2877, 11, 10, -1,
      2877, 10, 2869, -1,
      2878, 19, 18, -1,
      2878, 18, 2879, -1,
      2879, 18, 20, -1,
      2879, 20, 2880, -1,
      2880, 20, 21, -1,
      2880, 21, 2881, -1,
      2881, 21, 22, -1,
      2881, 22, 2882, -1,
      2882, 22, 17, -1,
      2882, 17, 2883, -1,
      2883, 17, 16, -1,
      2883, 16, 2884, -1,
      2884, 16, 15, -1,
      2884, 15, 2871, -1,
      2847, 1, 9, -1,
      2847, 9, 2885, -1,
      2885, 9, 23, -1,
      2885, 23, 2886, -1,
      2886, 23, 19, -1,
      2886, 19, 2878, -1,
      2879, 2850, 2878, -1,
      2878, 2850, 2851, -1,
      2878, 2851, 2886, -1,
      2886, 2851, 2849, -1,
      2886, 2849, 2885, -1,
      2885, 2849, 2848, -1,
      2885, 2848, 2847, -1,
      2868, 2866, 2870, -1,
      2870, 2866, 2867, -1,
      2870, 2867, 2869, -1,
      2869, 2867, 2865, -1,
      2869, 2865, 2877, -1,
      2877, 2865, 2864, -1,
      2877, 2864, 2876, -1,
      2876, 2864, 2863, -1,
      2876, 2863, 2875, -1,
      2875, 2863, 2862, -1,
      2875, 2862, 2874, -1,
      2874, 2862, 2861, -1,
      2874, 2861, 2873, -1,
      2873, 2861, 2860, -1,
      2873, 2860, 2872, -1,
      2872, 2860, 2859, -1,
      2872, 2859, 2871, -1,
      2871, 2859, 2853, -1,
      2871, 2853, 2884, -1,
      2884, 2853, 2852, -1,
      2884, 2852, 2883, -1,
      2883, 2852, 2854, -1,
      2883, 2854, 2882, -1,
      2882, 2854, 2855, -1,
      2882, 2855, 2881, -1,
      2881, 2855, 2856, -1,
      2881, 2856, 2880, -1,
      2880, 2856, 2857, -1,
      2880, 2857, 2879, -1,
      2879, 2857, 2858, -1,
      2879, 2858, 2850, -1,
      2887, 2888, 82, -1,
      82, 2888, 83, -1,
      2888, 2889, 83, -1,
      83, 2889, 84, -1,
      2889, 2890, 84, -1,
      84, 2890, 87, -1,
      2890, 2891, 87, -1,
      87, 2891, 86, -1,
      2891, 2892, 86, -1,
      86, 2892, 85, -1,
      2892, 2887, 85, -1,
      85, 2887, 82, -1,
      2891, 2890, 2892, -1,
      2892, 2890, 2889, -1,
      2892, 2889, 2887, -1,
      2887, 2889, 2888, -1,
    ]
  }
}

Shape {
  appearance Appearance {
    material Material {
      diffuseColor 0.2510 0.2510 0.2510
      specularColor 0.1255 0.1255 0.1255
      ambientIntensity 0.2
      transparency 0.0000
      shininess 0.5
    }
  }
  geometry IndexedFaceSet {
    ccw TRUE
    solid FALSE
    coord DEF co Coordinate {
      point [
        3.595235 0.153639 -1.102362,
        3.463576 0.153639 -1.102362,
        3.536495 0.318081 -1.102362,
        3.532706 0.331736 -1.102362,
        3.530194 0.345689 -1.102362,
        3.528918 0.345689 -1.102362,
        3.526349 0.331778 -1.102362,
        3.522842 0.318081 -1.102362,
        3.938523 0.350490 -1.102362,
        3.996588 0.350490 -1.102362,
        3.891925 0.345536 -1.102362,
        3.859428 0.334164 -1.102362,
        3.830670 0.315586 -1.102362,
        3.811546 0.295281 -1.102362,
        3.797869 0.270998 -1.102362,
        3.788678 0.239859 -1.102362,
        3.785334 0.200676 -1.102362,
        3.788948 0.159325 -1.102362,
        3.800496 0.122317 -1.102362,
        3.817101 0.095173 -1.102362,
        3.839182 0.073362 -1.102362,
        3.866032 0.057419 -1.102362,
        3.899163 0.047077 -1.102362,
        3.940699 0.043211 -1.102362,
        3.996588 0.043211 -1.102362,
      ]
    }
    coordIndex [
      0, 1, 2, -1,
      2, 1, 7, -1,
      2, 7, 3, -1,
      3, 7, 6, -1,
      3, 6, 4, -1,
      4, 6, 5, -1,
      9, 24, 8, -1,
      8, 24, 23, -1,
      8, 23, 22, -1,
      16, 15, 8, -1,
      8, 15, 14, -1,
      8, 14, 10, -1,
      22, 21, 8, -1,
      8, 21, 20, -1,
      8, 20, 19, -1,
      19, 18, 8, -1,
      8, 18, 17, -1,
      8, 17, 16, -1,
      13, 12, 14, -1,
      14, 12, 11, -1,
      14, 11, 10, -1,
    ]
  }
}

Shape {
  appearance Appearance {
    material Material {
      diffuseColor 0.5020 0.2510 0.0000
      specularColor 0.4431 0.2196 0.0000
      ambientIntensity 0.2
      transparency 0.0000
      shininess 0.5
    }
  }
  geometry IndexedFaceSet {
    ccw TRUE
    solid FALSE
    coord DEF co Coordinate {
      point [
        -5.606300 -3.307087 -0.078740,
        -5.607319 -3.307087 -0.078874,
        -5.608268 -3.307087 -0.079268,
        -5.609083 -3.307087 -0.079893,
        -5.609709 -3.307087 -0.080709,
        -5.610102 -3.307087 -0.081658,
        -5.610236 -3.307087 -0.082677,
        -5.606300 -2.401575 -0.078740,
        -5.607319 -2.401575 -0.078874,
        -5.608268 -2.401575 -0.079268,
        -5.609083 -2.401575 -0.079893,
        -5.609709 -2.401575 -0.080709,
        -5.610102 -2.401575 -0.081658,
        -5.610236 -2.401575 -0.082677,
      ]
    }
    coordIndex [
      0, 7, 8, -1,
      0, 8, 1, -1,
      1, 8, 9, -1,
      1, 9, 2, -1,
      2, 9, 10, -1,
      2, 10, 3, -1,
      3, 10, 11, -1,
      3, 11, 4, -1,
      4, 11, 12, -1,
      4, 12, 5, -1,
      5, 12, 13, -1,
      5, 13, 6, -1,
    ]
  }
}

Shape {
  appearance Appearance {
    material Material {
      diffuseColor 0.2510 0.2510 0.2510
      specularColor 0.1255 0.1255 0.1255
      ambientIntensity 0.2
      transparency 0.0000
      shininess 0.5
    }
  }
  geometry IndexedFaceSet {
    ccw TRUE
    solid FALSE
    coord DEF co Coordinate {
      point [
        -5.295276 -2.362205 -1.102362,
        -5.610236 -2.362205 -1.102362,
        -5.295276 -3.110236 -1.102362,
        -5.610236 -3.110236 -1.102362,
        5.610236 -1.889764 -1.102362,
        5.295276 -1.889764 -1.102362,
        5.295276 -2.637795 -1.102362,
        5.610236 -2.637795 -1.102362,
        5.610236 -2.637795 -1.023622,
        5.610236 -1.889764 -1.023622,
        -5.610236 -2.362205 -1.023622,
        -5.610236 -3.110236 -1.023622,
        -5.295276 -3.110236 -1.023622,
        -5.295276 -2.362205 -1.023622,
        5.295276 -1.889764 -1.023622,
        5.295276 -2.637795 -1.023622,
      ]
    }
    coordIndex [
      11, 12, 3, -1,
      3, 12, 2, -1,
      12, 13, 2, -1,
      2, 13, 0, -1,
      13, 10, 0, -1,
      0, 10, 1, -1,
      13, 12, 10, -1,
      10, 12, 11, -1,
      9, 14, 4, -1,
      4, 14, 5, -1,
      14, 15, 5, -1,
      5, 15, 6, -1,
      15, 8, 6, -1,
      6, 8, 7, -1,
      15, 14, 8, -1,
      8, 14, 9, -1,
    ]
  }
}

Shape {
  appearance Appearance {
    material Material {
      diffuseColor 1.0000 1.0000 1.0000
      specularColor 0.5020 0.5020 0.5020
      ambientIntensity 0.2
      transparency 0.0000
      shininess 0.5
    }
  }
  geometry IndexedFaceSet {
    ccw TRUE
    solid FALSE
    coord DEF co Coordinate {
      point [
        5.610236 -5.688976 -0.082677,
        5.610236 -2.539370 -0.082677,
        5.610102 -2.539370 -0.081658,
        5.610102 -5.688976 -0.081658,
        5.609709 -2.539370 -0.080709,
        5.609709 -5.688976 -0.080709,
        5.609083 -2.539370 -0.079893,
        5.609083 -5.688976 -0.079893,
        5.608268 -2.539370 -0.079268,
        5.608268 -5.688976 -0.079268,
        5.607319 -2.539370 -0.078874,
        5.607319 -5.688976 -0.078874,
        5.606300 -2.539370 -0.078740,
        5.606300 -5.688976 -0.078740,
        4.822835 -2.539370 -0.078740,
        -5.610236 -2.362205 -1.102362,
        5.610236 5.688976 -1.102362,
        -5.610236 -5.688976 -1.102362,
        -5.610236 -3.110236 -1.102362,
        5.610236 -1.889764 -1.102362,
        5.610236 -2.637795 -1.102362,
        5.610236 -5.688976 -1.102362,
        -5.606300 -5.688976 -0.078740,
        -5.607319 -5.688976 -0.078874,
        -5.608268 -5.688976 -0.079268,
        -5.609083 -5.688976 -0.079893,
        -5.609709 -5.688976 -0.080709,
        -5.610102 -5.688976 -0.081658,
        -5.610236 -5.688976 -0.082677,
        5.610236 -2.539370 -0.196850,
        5.610236 0.610236 -0.196850,
        5.610236 5.688976 -0.082677,
        5.610236 0.610236 -0.082677,
        5.610102 5.688976 -0.081658,
        5.610102 0.610236 -0.081658,
        5.609709 5.688976 -0.080709,
        5.609709 0.610236 -0.080709,
        5.609083 5.688976 -0.079893,
        5.609083 0.610236 -0.079893,
        5.608268 5.688976 -0.079268,
        5.608268 0.610236 -0.079268,
        5.607319 5.688976 -0.078874,
        5.607319 0.610236 -0.078874,
        5.606300 5.688976 -0.078740,
        5.606300 0.610236 -0.078740,
        4.822835 0.610236 -0.078740,
        4.822835 -2.539370 -0.196850,
        4.822835 0.610236 -0.196850,
        -4.141732 5.748031 -1.062992,
        -4.141732 5.748031 -1.106299,
        -4.141732 5.708661 -1.066929,
        -4.141732 5.708661 -1.023622,
        -4.141732 5.737842 -1.104957,
        -4.141732 5.728346 -1.101024,
        -4.141732 5.720193 -1.094768,
        -4.141732 5.718851 -1.024963,
        -4.141732 5.728346 -1.028897,
        -4.141732 5.736500 -1.035153,
        -4.141732 5.713936 -1.086614,
        -4.141732 5.710003 -1.077119,
        -4.141732 5.746690 -1.052802,
        -4.141732 5.742757 -1.043307,
        -3.944882 5.748031 -1.106299,
        -3.944882 5.748031 -1.062992,
        -3.944882 5.742757 -1.043307,
        -3.944882 5.736500 -1.035153,
        -3.944882 5.708661 -1.066929,
        -3.944882 5.720193 -1.094768,
        -3.944882 5.728346 -1.101024,
        -3.944882 5.737842 -1.104957,
        -3.944882 5.708661 -1.023622,
        -3.944882 5.728346 -1.028897,
        -3.944882 5.718851 -1.024963,
        -3.944882 5.746690 -1.052802,
        -3.944882 5.710003 -1.077119,
        -3.944882 5.713936 -1.086614,
        -3.275591 5.748031 -1.106299,
        -3.275591 5.748031 -1.062992,
        -3.275591 5.742757 -1.043307,
        -3.275591 5.736500 -1.035153,
        -3.275591 5.708661 -1.066929,
        -3.275591 5.720193 -1.094768,
        -3.275591 5.728346 -1.101024,
        -3.275591 5.737842 -1.104957,
        -3.275591 5.708661 -1.023622,
        -3.275591 5.728346 -1.028897,
        -3.275591 5.718851 -1.024963,
        -3.275591 5.746690 -1.052802,
        -3.275591 5.710003 -1.077119,
        -3.275591 5.713936 -1.086614,
        -3.472441 5.748031 -1.062992,
        -3.472441 5.748031 -1.106299,
        -3.472441 5.708661 -1.066929,
        -3.472441 5.708661 -1.023622,
        -3.472441 5.737842 -1.104957,
        -3.472441 5.728346 -1.101024,
        -3.472441 5.720193 -1.094768,
        -3.472441 5.718851 -1.024963,
        -3.472441 5.728346 -1.028897,
        -3.472441 5.736500 -1.035153,
        -3.472441 5.713936 -1.086614,
        -3.472441 5.710003 -1.077119,
        -3.472441 5.746690 -1.052802,
        -3.472441 5.742757 -1.043307,
        -2.519685 5.748031 -1.062992,
        -2.519685 5.748031 -1.106299,
        -2.519685 5.708661 -1.066929,
        -2.519685 5.708661 -1.023622,
        -2.519685 5.737842 -1.104957,
        -2.519685 5.728346 -1.101024,
        -2.519685 5.720193 -1.094768,
        -2.519685 5.718851 -1.024963,
        -2.519685 5.728346 -1.028897,
        -2.519685 5.736500 -1.035153,
        -2.519685 5.713936 -1.086614,
        -2.519685 5.710003 -1.077119,
        -2.519685 5.746690 -1.052802,
        -2.519685 5.742757 -1.043307,
        -2.322835 5.748031 -1.106299,
        -2.322835 5.748031 -1.062992,
        -2.322835 5.742757 -1.043307,
        -2.322835 5.736500 -1.035153,
        -2.322835 5.708661 -1.066929,
        -2.322835 5.720193 -1.094768,
        -2.322835 5.728346 -1.101024,
        -2.322835 5.737842 -1.104957,
        -2.322835 5.708661 -1.023622,
        -2.322835 5.728346 -1.028897,
        -2.322835 5.718851 -1.024963,
        -2.322835 5.746690 -1.052802,
        -2.322835 5.710003 -1.077119,
        -2.322835 5.713936 -1.086614,
        -0.551181 5.748031 -1.062992,
        -0.551181 5.748031 -1.106299,
        -0.551181 5.708661 -1.066929,
        -0.551181 5.708661 -1.023622,
        -0.551181 5.737842 -1.104957,
        -0.551181 5.728346 -1.101024,
        -0.551181 5.720193 -1.094768,
        -0.551181 5.718851 -1.024963,
        -0.551181 5.728346 -1.028897,
        -0.551181 5.736500 -1.035153,
        -0.551181 5.713936 -1.086614,
        -0.551181 5.710003 -1.077119,
        -0.551181 5.746690 -1.052802,
        -0.551181 5.742757 -1.043307,
        -0.354331 5.748031 -1.106299,
        -0.354331 5.748031 -1.062992,
        -0.354331 5.720193 -1.094768,
        -0.354331 5.728346 -1.101024,
        -0.354331 5.737842 -1.104957,
        -0.354331 5.742757 -1.043307,
        -0.354331 5.736500 -1.035153,
        -0.354331 5.708661 -1.066929,
        -0.354331 5.728346 -1.028897,
        -0.354331 5.708661 -1.023622,
        -0.354331 5.718851 -1.024963,
        -0.354331 5.746690 -1.052802,
        -0.354331 5.710003 -1.077119,
        -0.354331 5.713936 -1.086614,
        -1.535433 5.748031 -1.062992,
        -1.535433 5.748031 -1.106299,
        -1.535433 5.708661 -1.066929,
        -1.535433 5.708661 -1.023622,
        -1.535433 5.737842 -1.104957,
        -1.535433 5.728346 -1.101024,
        -1.535433 5.720193 -1.094768,
        -1.535433 5.718851 -1.024963,
        -1.535433 5.728346 -1.028897,
        -1.535433 5.736500 -1.035153,
        -1.535433 5.713936 -1.086614,
        -1.535433 5.710003 -1.077119,
        -1.535433 5.746690 -1.052802,
        -1.535433 5.742757 -1.043307,
        -1.338583 5.748031 -1.106299,
        -1.338583 5.748031 -1.062992,
        -1.338583 5.720193 -1.094768,
        -1.338583 5.728346 -1.101024,
        -1.338583 5.737842 -1.104957,
        -1.338583 5.742757 -1.043307,
        -1.338583 5.736500 -1.035153,
        -1.338583 5.708661 -1.066929,
        -1.338583 5.728346 -1.028897,
        -1.338583 5.708661 -1.023622,
        -1.338583 5.718851 -1.024963,
        -1.338583 5.746690 -1.052802,
        -1.338583 5.710003 -1.077119,
        -1.338583 5.713936 -1.086614,
        0.125984 5.748031 -1.062992,
        0.125984 5.748031 -1.106299,
        0.125984 5.708661 -1.066929,
        0.125984 5.708661 -1.023622,
        0.125984 5.737842 -1.104957,
        0.125984 5.728346 -1.101024,
        0.125984 5.720193 -1.094768,
        0.125984 5.718851 -1.024963,
        0.125984 5.728346 -1.028897,
        0.125984 5.736500 -1.035153,
        0.125984 5.713936 -1.086614,
        0.125984 5.710003 -1.077119,
        0.125984 5.746690 -1.052802,
        0.125984 5.742757 -1.043307,
        0.283465 5.748031 -1.106299,
        0.283465 5.748031 -1.062992,
        0.283465 5.720193 -1.094768,
        0.283465 5.728346 -1.101024,
        0.283465 5.737842 -1.104957,
        0.283465 5.742757 -1.043307,
        0.283465 5.736500 -1.035153,
        0.283465 5.708661 -1.066929,
        0.283465 5.728346 -1.028897,
        0.283465 5.708661 -1.023622,
        0.283465 5.718851 -1.024963,
        0.283465 5.746690 -1.052802,
        0.283465 5.710003 -1.077119,
        0.283465 5.713936 -1.086614,
        1.618110 5.748031 -1.106299,
        1.618110 5.748031 -1.062992,
        1.618110 5.720193 -1.094768,
        1.618110 5.728346 -1.101024,
        1.618110 5.737842 -1.104957,
        1.618110 5.742757 -1.043307,
        1.618110 5.736500 -1.035153,
        1.618110 5.708661 -1.066929,
        1.618110 5.728346 -1.028897,
        1.618110 5.708661 -1.023622,
        1.618110 5.718851 -1.024963,
        1.618110 5.746690 -1.052802,
        1.618110 5.710003 -1.077119,
        1.618110 5.713936 -1.086614,
        1.421260 5.748031 -1.062992,
        1.421260 5.748031 -1.106299,
        1.421260 5.708661 -1.066929,
        1.421260 5.708661 -1.023622,
        1.421260 5.737842 -1.104957,
        1.421260 5.728346 -1.101024,
        1.421260 5.720193 -1.094768,
        1.421260 5.718851 -1.024963,
        1.421260 5.728346 -1.028897,
        1.421260 5.736500 -1.035153,
        1.421260 5.713936 -1.086614,
        1.421260 5.710003 -1.077119,
        1.421260 5.746690 -1.052802,
        1.421260 5.742757 -1.043307,
        0.787402 5.748031 -1.062992,
        0.787402 5.748031 -1.106299,
        0.787402 5.708661 -1.066929,
        0.787402 5.708661 -1.023622,
        0.787402 5.737842 -1.104957,
        0.787402 5.728346 -1.101024,
        0.787402 5.720193 -1.094768,
        0.787402 5.718851 -1.024963,
        0.787402 5.728346 -1.028897,
        0.787402 5.736500 -1.035153,
        0.787402 5.713936 -1.086614,
        0.787402 5.710003 -1.077119,
        0.787402 5.746690 -1.052802,
        0.787402 5.742757 -1.043307,
        0.944882 5.748031 -1.106299,
        0.944882 5.748031 -1.062992,
        0.944882 5.720193 -1.094768,
        0.944882 5.728346 -1.101024,
        0.944882 5.737842 -1.104957,
        0.944882 5.742757 -1.043307,
        0.944882 5.736500 -1.035153,
        0.944882 5.708661 -1.066929,
        0.944882 5.728346 -1.028897,
        0.944882 5.708661 -1.023622,
        0.944882 5.718851 -1.024963,
        0.944882 5.746690 -1.052802,
        0.944882 5.710003 -1.077119,
        0.944882 5.713936 -1.086614,
        2.405512 5.748031 -1.062992,
        2.405512 5.748031 -1.106299,
        2.405512 5.708661 -1.066929,
        2.405512 5.708661 -1.023622,
        2.405512 5.737842 -1.104957,
        2.405512 5.728346 -1.101024,
        2.405512 5.720193 -1.094768,
        2.405512 5.718851 -1.024963,
        2.405512 5.728346 -1.028897,
        2.405512 5.736500 -1.035153,
        2.405512 5.713936 -1.086614,
        2.405512 5.710003 -1.077119,
        2.405512 5.746690 -1.052802,
        2.405512 5.742757 -1.043307,
        2.602362 5.748031 -1.106299,
        2.602362 5.748031 -1.062992,
        2.602362 5.720193 -1.094768,
        2.602362 5.728346 -1.101024,
        2.602362 5.737842 -1.104957,
        2.602362 5.742757 -1.043307,
        2.602362 5.736500 -1.035153,
        2.602362 5.708661 -1.066929,
        2.602362 5.728346 -1.028897,
        2.602362 5.708661 -1.023622,
        2.602362 5.718851 -1.024963,
        2.602362 5.746690 -1.052802,
        2.602362 5.710003 -1.077119,
        2.602362 5.713936 -1.086614,
        3.586614 5.748031 -1.106299,
        3.586614 5.748031 -1.062992,
        3.586614 5.742757 -1.043307,
        3.586614 5.736500 -1.035153,
        3.586614 5.708661 -1.066929,
        3.586614 5.720193 -1.094768,
        3.586614 5.728346 -1.101024,
        3.586614 5.737842 -1.104957,
        3.586614 5.708661 -1.023622,
        3.586614 5.728346 -1.028897,
        3.586614 5.718851 -1.024963,
        3.586614 5.746690 -1.052802,
        3.586614 5.710003 -1.077119,
        3.586614 5.713936 -1.086614,
        3.389764 5.748031 -1.062992,
        3.389764 5.748031 -1.106299,
        3.389764 5.708661 -1.066929,
        3.389764 5.708661 -1.023622,
        3.389764 5.737842 -1.104957,
        3.389764 5.728346 -1.101024,
        3.389764 5.720193 -1.094768,
        3.389764 5.718851 -1.024963,
        3.389764 5.728346 -1.028897,
        3.389764 5.736500 -1.035153,
        3.389764 5.713936 -1.086614,
        3.389764 5.710003 -1.077119,
        3.389764 5.746690 -1.052802,
        3.389764 5.742757 -1.043307,
        -5.165354 6.043307 -0.712598,
        -5.165354 5.570867 -0.712598,
        -5.165354 6.043307 -0.791339,
        -5.165354 5.570867 -0.791339,
        -5.322835 6.043307 -1.106299,
        -5.421260 6.043307 -1.106299,
        -5.322835 6.043307 -0.791339,
        -5.421260 6.043307 -0.712598,
        -5.421260 5.570867 -0.712598,
        -5.421260 5.570867 -1.106299,
        -5.322835 5.570867 -0.791339,
        -5.322835 5.570867 -1.106299,
        5.610236 -1.889764 -0.944882,
        5.688976 -1.889764 -0.944882,
        5.610236 -1.889765 -0.944651,
        5.688976 -1.889765 -0.944651,
        0.590551 5.685040 -0.000000,
        3.641732 5.685040 -0.000000,
        3.641732 5.706438 -0.002817,
        0.590551 5.706438 -0.002817,
        3.641732 5.726378 -0.011077,
        0.590551 5.726378 -0.011077,
        3.641732 5.743501 -0.024216,
        0.590551 5.743501 -0.024216,
        3.641732 5.756640 -0.041339,
        0.590551 5.756640 -0.041339,
        3.641732 5.764899 -0.061279,
        0.590551 5.764899 -0.061279,
        3.641732 5.767717 -0.082677,
        0.590551 5.767717 -0.082677,
        0.590551 5.688976 -0.082677,
        3.641732 5.688976 -0.082677,
        0.590551 5.688842 -0.081658,
        3.641732 5.688842 -0.081658,
        0.590551 5.688449 -0.080709,
        3.641732 5.688449 -0.080709,
        0.590551 5.687823 -0.079893,
        3.641732 5.687823 -0.079893,
        0.590551 5.687008 -0.079268,
        3.641732 5.687008 -0.079268,
        0.590551 5.686058 -0.078874,
        3.641732 5.686058 -0.078874,
        0.590551 5.685040 -0.078740,
        3.641732 5.685040 -0.078740,
        5.688976 0.610236 -0.196850,
        5.688976 0.610236 -0.082677,
        5.686159 0.610236 -0.061279,
        5.677900 0.610236 -0.041339,
        5.664761 0.610236 -0.024216,
        5.647637 0.610236 -0.011077,
        5.627698 0.610236 -0.002817,
        5.606300 0.610236 -0.000000,
        5.412965 0.610236 -0.078740,
        5.412965 0.610236 0.000000,
        5.606300 -2.539370 -0.000000,
        5.606300 -4.114173 -0.000000,
        5.627698 -4.114173 -0.002817,
        5.627698 -2.539370 -0.002817,
        5.647637 -4.114173 -0.011077,
        5.647637 -2.539370 -0.011077,
        5.664761 -4.114173 -0.024216,
        5.664761 -2.539370 -0.024216,
        5.677900 -4.114173 -0.041339,
        5.677900 -2.539370 -0.041339,
        5.686159 -4.114173 -0.061279,
        5.686159 -2.539370 -0.061279,
        5.688976 -4.114173 -0.082677,
        5.688976 -2.539370 -0.082677,
        5.610236 -4.114173 -0.082677,
        5.610102 -4.114173 -0.081658,
        5.609709 -4.114173 -0.080709,
        5.609083 -4.114173 -0.079893,
        5.608268 -4.114173 -0.079268,
        5.607319 -4.114173 -0.078874,
        5.606300 -4.114173 -0.078740,
        -5.610236 -4.114173 -1.102362,
        -5.688976 -4.114173 -1.102362,
        -5.688976 -3.110236 -1.102362,
        -5.688976 2.913386 -0.314961,
        -5.688976 2.913386 -0.082677,
        -5.688976 5.688976 -0.082677,
        -5.688976 4.398650 -0.944651,
        -5.688976 5.144275 -0.944651,
        -5.688976 5.688976 -1.102362,
        -5.688976 -4.114173 -0.082677,
        -5.688976 -1.220472 -0.082677,
        -5.688976 -2.176887 -0.575289,
        -5.688976 -1.479430 -0.575289,
        -5.688976 -3.110236 -0.944882,
        -5.688976 5.144275 -0.575289,
        -5.688976 4.398650 -0.575289,
        -5.688976 -0.944882 -0.314961,
        -5.688976 2.913386 -0.551181,
        -5.688976 -2.429414 -0.917043,
        -5.688976 -2.435670 -0.925197,
        -5.688976 -3.081056 -0.906853,
        -5.688976 -3.090551 -0.910786,
        -5.688976 -2.362205 -1.102362,
        -5.688976 -2.176887 -0.944651,
        -5.688976 -1.479430 -0.944651,
        -5.688976 -1.220472 -0.708661,
        -5.688976 2.913386 -0.708661,
        -5.688976 -0.984252 -0.540632,
        -5.688976 -1.000559 -0.528119,
        -5.688976 -1.013073 -0.511811,
        -5.688976 -0.944882 -0.551181,
        -5.688976 -1.023622 -0.472441,
        -5.688976 -1.023622 -0.393701,
        -5.688976 -2.373736 -0.917043,
        -5.688976 -2.381890 -0.910786,
        -5.688976 -0.965261 -0.548498,
        -5.688976 -1.020939 -0.492820,
        -5.688976 -1.013073 -0.354331,
        -5.688976 -1.000559 -0.338023,
        -5.688976 -0.984252 -0.325510,
        -5.688976 -2.362205 -0.944882,
        -5.688976 -2.363546 -0.934692,
        -5.688976 -2.367480 -0.925197,
        -5.688976 -2.421260 -0.910786,
        -5.688976 -1.020939 -0.373321,
        -5.688976 -0.965261 -0.317644,
        -5.688976 -2.440945 -0.944882,
        -5.688976 -2.440945 -1.023622,
        -5.688976 -3.031496 -1.023622,
        -5.688976 -3.032837 -0.934692,
        -5.688976 -3.036771 -0.925197,
        -5.688976 -3.043027 -0.917043,
        -5.688976 -3.098705 -0.917043,
        -5.688976 -3.104961 -0.925197,
        -5.688976 -3.108895 -0.934692,
        -5.688976 -2.391385 -0.906853,
        -5.688976 -2.401575 -0.905512,
        -5.688976 -2.411765 -0.906853,
        -5.688976 -2.439603 -0.934692,
        -5.688976 -3.031496 -0.944882,
        -5.688976 -3.051181 -0.910786,
        -5.688976 -3.060676 -0.906853,
        -5.688976 -3.070866 -0.905512,
        -5.610236 5.144275 -0.944651,
        -5.610236 5.688976 -1.102362,
        -5.610236 5.144275 -0.575289,
        -5.610236 5.688976 -0.082677,
        -5.610236 4.398650 -0.575289,
        -5.610236 2.913386 -0.082677,
        -5.610236 4.398650 -0.944651,
        -5.610236 2.913386 -0.314961,
        -5.610236 -0.965261 -0.548498,
        -5.610236 -0.944882 -0.551181,
        -5.610236 -1.023622 -0.472441,
        -5.610236 -1.023622 -0.393701,
        -5.610236 -1.013073 -0.511811,
        -5.610236 -1.000559 -0.528119,
        -5.610236 -0.984252 -0.540632,
        -5.610236 -3.098705 -0.917043,
        -5.610236 -3.090551 -0.910786,
        -5.610236 -4.114173 -0.082677,
        -5.610236 -3.081056 -0.906853,
        -5.610236 -3.036771 -0.925197,
        -5.610236 -3.032837 -0.934692,
        -5.610236 -2.435670 -0.925197,
        -5.610236 -2.411765 -0.906853,
        -5.610236 -2.401575 -0.905512,
        -5.610236 -2.176887 -0.575289,
        -5.610236 -2.391385 -0.906853,
        -5.610236 -2.381890 -0.910786,
        -5.610236 -3.043027 -0.917043,
        -5.610236 -2.373736 -0.917043,
        -5.610236 -2.367480 -0.925197,
        -5.610236 -2.176887 -0.944651,
        -5.610236 -2.363546 -0.934692,
        -5.610236 -1.479430 -0.944651,
        -5.610236 -2.362205 -0.944882,
        -5.610236 -0.944882 -0.314961,
        -5.610236 -1.013073 -0.354331,
        -5.610236 -1.020939 -0.373321,
        -5.610236 -1.020939 -0.492820,
        -5.610236 -3.110236 -0.944882,
        -5.610236 -3.108895 -0.934692,
        -5.610236 -3.104961 -0.925197,
        -5.610236 -0.965261 -0.317644,
        -5.610236 -0.984252 -0.325510,
        -5.610236 -1.000559 -0.338023,
        -5.610236 -2.429414 -0.917043,
        -5.610236 -2.421260 -0.910786,
        -5.610236 -1.220472 -0.082677,
        -5.610236 -1.479430 -0.575289,
        -5.610236 -1.220472 -0.708661,
        -5.610236 2.913386 -0.708661,
        -5.610236 2.913386 -0.551181,
        -5.610236 -3.070866 -0.905512,
        -5.610236 -3.060676 -0.906853,
        -5.610236 -3.051181 -0.910786,
        -5.610236 -3.031496 -1.023622,
        -5.610236 -2.440945 -1.023622,
        -5.610236 -3.031496 -0.944882,
        -5.610236 -2.440945 -0.944882,
        -5.610236 -2.439603 -0.934692,
        5.688976 5.688976 -1.102362,
        5.688976 -1.889764 -1.102362,
        5.688976 -1.968504 -0.944882,
        5.688976 -1.968504 -0.944651,
        5.688976 -2.176887 -0.944651,
        5.688976 -2.539370 -0.196850,
        5.688976 -1.479430 -0.575289,
        5.688976 -2.578740 -0.910786,
        5.688976 -2.570586 -0.917043,
        5.688976 -2.564330 -0.925197,
        5.688976 -2.560396 -0.934692,
        5.688976 -2.559055 -0.944882,
        5.688976 4.398650 -0.944651,
        5.688976 -1.479430 -0.944651,
        5.688976 -4.114173 -1.102362,
        5.688976 -2.632521 -0.925197,
        5.688976 -2.626264 -0.917043,
        5.688976 -2.618110 -0.910786,
        5.688976 -2.608615 -0.906853,
        5.688976 -2.598425 -0.905512,
        5.688976 -2.559055 -1.023622,
        5.688976 -1.968504 -1.023622,
        5.688976 -2.637795 -1.102362,
        5.688976 -2.637795 -0.944882,
        5.688976 -2.636454 -0.934692,
        5.688976 -2.176887 -0.575289,
        5.688976 -2.588235 -0.906853,
        5.688976 4.398650 -0.575289,
        5.688976 5.688976 -0.082677,
        5.688976 5.144275 -0.575289,
        5.688976 5.144275 -0.944651,
        5.610236 -1.479430 -0.944651,
        5.610236 -1.479430 -0.575289,
        5.610236 4.398650 -0.575289,
        5.610236 4.398650 -0.944651,
        5.610236 5.144275 -0.944651,
        5.610236 5.144275 -0.575289,
        5.610236 -4.114173 -1.102362,
        5.610236 -1.968504 -1.023622,
        5.610236 -2.559055 -1.023622,
        5.610236 -1.968504 -0.944882,
        5.610236 -2.176887 -0.944651,
        5.610236 -1.968504 -0.944651,
        5.610236 -2.608615 -0.906853,
        5.610236 -2.618110 -0.910786,
        5.610236 -2.626264 -0.917043,
        5.610236 -2.632521 -0.925197,
        5.610236 -2.559055 -0.944882,
        5.610236 -2.560396 -0.934692,
        5.610236 -2.176887 -0.575289,
        5.610236 -2.564330 -0.925197,
        5.610236 -2.570586 -0.917043,
        5.610236 -2.636454 -0.934692,
        5.610236 -2.637795 -0.944882,
        5.610236 -2.578740 -0.910786,
        5.610236 -2.588235 -0.906853,
        5.610236 -2.598425 -0.905512,
        -3.611068 -4.120468 -0.078740,
        -5.098426 -5.019685 -0.078740,
        -3.363856 -3.643370 -0.078740,
        -3.053981 -3.204378 -0.078740,
        3.681102 5.384565 -0.078740,
        3.700093 5.376699 -0.078740,
        -5.606300 -5.295276 -0.078740,
        -3.937008 -5.688976 -0.078740,
        -5.098426 -5.295276 -0.078740,
        -3.900338 -5.152887 -0.078740,
        -3.791013 -4.626784 -0.078740,
        -5.098426 -4.114173 -0.078740,
        -5.098426 -4.389764 -0.078740,
        -5.133858 -4.389764 -0.078740,
        -5.133858 -5.019685 -0.078740,
        -4.311024 5.374016 -0.078740,
        -4.290644 5.376699 -0.078740,
        -5.295276 2.913386 -0.078740,
        0.590551 5.452756 -0.078740,
        3.641732 5.452756 -0.078740,
        -4.389764 5.688976 -0.078740,
        -4.389764 5.452756 -0.078740,
        -5.606300 5.688976 -0.078740,
        -4.387081 5.432376 -0.078740,
        -5.606300 2.913386 -0.078740,
        -4.379215 5.413386 -0.078740,
        5.434670 -1.661713 -0.078740,
        5.434670 -2.106570 -0.078740,
        5.242261 -1.453747 -0.078740,
        4.760082 -2.106570 -0.078740,
        5.412965 0.143989 -0.078740,
        4.760082 0.610236 -0.078740,
        -4.366701 5.397078 -0.078740,
        -4.350394 5.384565 -0.078740,
        -4.331403 5.376699 -0.078740,
        -4.232283 5.685040 -0.078740,
        -0.590551 5.685040 -0.078740,
        -4.232283 5.452756 -0.078740,
        -4.234967 5.432376 -0.078740,
        2.270395 -2.472559 -0.078740,
        1.811280 -2.193365 -0.078740,
        4.507874 0.610236 -0.078740,
        4.507874 -2.539370 -0.078740,
        5.098426 -4.114173 -0.078740,
        3.644415 5.432376 -0.078740,
        3.652281 5.413386 -0.078740,
        3.664794 5.397078 -0.078740,
        3.788663 5.413386 -0.078740,
        3.796530 5.432376 -0.078740,
        3.799213 5.452756 -0.078740,
        3.799213 5.688976 -0.078740,
        -1.811280 -2.193365 -0.078740,
        -2.270395 -2.472559 -0.078740,
        -5.295276 -1.220472 -0.078740,
        -2.687217 -2.811669 -0.078740,
        -5.606300 -1.220472 -0.078740,
        -5.606300 -4.114173 -0.078740,
        -4.271654 5.384565 -0.078740,
        -4.255346 5.397078 -0.078740,
        -4.242832 5.413386 -0.078740,
        3.053981 -3.204378 -0.078740,
        2.687217 -2.811669 -0.078740,
        1.318424 -1.979287 -0.078740,
        0.801008 -1.834315 -0.078740,
        -0.590551 5.452756 -0.078740,
        0.268671 -1.761146 -0.078740,
        3.937008 -5.688976 -0.078740,
        3.900338 -5.152887 -0.078740,
        5.098426 -4.389764 -0.078740,
        3.791013 -4.626784 -0.078740,
        3.611068 -4.120468 -0.078740,
        3.363856 -3.643370 -0.078740,
        5.606300 -5.295276 -0.078740,
        5.098426 -5.295276 -0.078740,
        5.098426 -5.019685 -0.078740,
        5.133858 -5.019685 -0.078740,
        5.133858 -4.389764 -0.078740,
        3.720472 5.374016 -0.078740,
        3.740852 5.376699 -0.078740,
        3.759842 5.384565 -0.078740,
        3.776150 5.397078 -0.078740,
        -0.268671 -1.761146 -0.078740,
        -0.801008 -1.834315 -0.078740,
        -1.318424 -1.979287 -0.078740,
        -5.606300 -1.220472 0.000000,
        -5.606300 -4.114173 0.000000,
        -5.098426 -4.114173 0.000000,
        5.606300 5.688976 0.000000,
        3.799213 5.688976 0.000000,
        3.799213 5.452756 0.000000,
        -4.389764 5.452756 0.000000,
        -4.389764 5.688976 0.000000,
        -5.606300 5.688976 0.000000,
        -5.295276 -1.220472 0.000000,
        3.363856 -3.643370 0.000000,
        3.611068 -4.120468 0.000000,
        5.098426 -5.019685 0.000000,
        -4.271654 5.384565 0.000000,
        -4.290644 5.376699 0.000000,
        -5.295276 2.913386 0.000000,
        -3.611068 -4.120468 0.000000,
        -3.791013 -4.626784 0.000000,
        -5.098426 -4.389764 0.000000,
        -3.900338 -5.152887 0.000000,
        -3.937008 -5.688976 0.000000,
        -5.606300 -5.295276 0.000000,
        -5.606300 -5.688976 0.000000,
        -5.098426 -5.295276 0.000000,
        -5.098426 -5.019685 0.000000,
        -5.133858 -5.019685 0.000000,
        -5.133858 -4.389764 0.000000,
        3.740852 5.376699 0.000000,
        3.759842 5.384565 0.000000,
        5.133858 -5.019685 0.000000,
        5.133858 -4.389764 0.000000,
        5.098426 -4.389764 0.000000,
        -4.232283 5.685040 0.000000,
        -4.232283 5.452756 0.000000,
        -0.590551 5.685040 0.000000,
        -4.234967 5.432376 0.000000,
        -4.242832 5.413386 0.000000,
        3.796530 5.432376 0.000000,
        3.788663 5.413386 0.000000,
        3.776150 5.397078 0.000000,
        3.664794 5.397078 0.000000,
        3.652281 5.413386 0.000000,
        0.590551 5.452756 0.000000,
        3.641732 5.452756 0.000000,
        3.644415 5.432376 0.000000,
        3.720472 5.374016 0.000000,
        3.700093 5.376699 0.000000,
        3.681102 5.384565 0.000000,
        5.606300 -5.688976 0.000000,
        5.606300 -5.295276 0.000000,
        3.937008 -5.688976 0.000000,
        5.098426 -5.295276 0.000000,
        3.900338 -5.152887 0.000000,
        3.791013 -4.626784 0.000000,
        -4.255346 5.397078 0.000000,
        -3.363856 -3.643370 0.000000,
        -3.053981 -3.204378 0.000000,
        -2.687217 -2.811669 0.000000,
        -0.590551 5.452756 0.000000,
        2.270395 -2.472559 0.000000,
        2.687217 -2.811669 0.000000,
        -2.270395 -2.472559 0.000000,
        -4.311024 5.374016 0.000000,
        -4.331403 5.376699 0.000000,
        -5.606300 2.913386 0.000000,
        -4.350394 5.384565 0.000000,
        -4.366701 5.397078 0.000000,
        -4.379215 5.413386 0.000000,
        -4.387081 5.432376 0.000000,
        -1.811280 -2.193365 0.000000,
        -1.318424 -1.979287 0.000000,
        -0.801008 -1.834315 0.000000,
        5.098426 -4.114173 0.000000,
        3.053981 -3.204378 0.000000,
        4.507874 -2.539370 0.000000,
        4.507874 0.610236 0.000000,
        4.760082 0.610236 0.000000,
        5.434670 -2.106570 0.000000,
        5.434670 -1.661713 0.000000,
        4.760082 -2.106570 0.000000,
        5.242261 -1.453747 0.000000,
        5.412965 0.143989 0.000000,
        -0.268671 -1.761146 0.000000,
        0.268671 -1.761146 0.000000,
        0.801008 -1.834315 0.000000,
        1.318424 -1.979287 0.000000,
        1.811280 -2.193365 0.000000,
        -5.627698 5.688976 -0.002817,
        -5.627698 2.913386 -0.002817,
        -5.647637 5.688976 -0.011077,
        -5.647637 2.913386 -0.011077,
        -5.664761 5.688976 -0.024216,
        -5.664761 2.913386 -0.024216,
        -5.677900 5.688976 -0.041339,
        -5.677900 2.913386 -0.041339,
        -5.686159 5.688976 -0.061279,
        -5.686159 2.913386 -0.061279,
        -5.610102 2.913386 -0.081658,
        -5.610102 5.688976 -0.081658,
        -5.609709 2.913386 -0.080709,
        -5.609709 5.688976 -0.080709,
        -5.609083 2.913386 -0.079893,
        -5.609083 5.688976 -0.079893,
        -5.608268 2.913386 -0.079268,
        -5.608268 5.688976 -0.079268,
        -5.607319 2.913386 -0.078874,
        -5.607319 5.688976 -0.078874,
        -5.624697 -1.220472 -0.002073,
        -5.624697 -4.114173 -0.002073,
        -5.642172 -1.220472 -0.008188,
        -5.642172 -4.114173 -0.008188,
        -5.657848 -1.220472 -0.018037,
        -5.657848 -4.114173 -0.018037,
        -5.670939 -1.220472 -0.031129,
        -5.670939 -4.114173 -0.031129,
        -5.680789 -1.220472 -0.046805,
        -5.680789 -4.114173 -0.046805,
        -5.686904 -1.220472 -0.064280,
        -5.686904 -4.114173 -0.064280,
        -5.610137 -4.114173 -0.081801,
        -5.610137 -1.220472 -0.081801,
        -5.609846 -4.114173 -0.080969,
        -5.609846 -1.220472 -0.080969,
        -5.609377 -4.114173 -0.080222,
        -5.609377 -1.220472 -0.080222,
        -5.608754 -4.114173 -0.079599,
        -5.608754 -1.220472 -0.079599,
        -5.608007 -4.114173 -0.079130,
        -5.608007 -1.220472 -0.079130,
        -5.607176 -4.114173 -0.078839,
        -5.607176 -1.220472 -0.078839,
        5.627698 5.688976 -0.002817,
        5.647637 5.688976 -0.011077,
        5.664761 5.688976 -0.024216,
        5.677900 5.688976 -0.041339,
        5.686159 5.688976 -0.061279,
        -5.627698 -5.688976 -0.002817,
        -5.647637 -5.688976 -0.011077,
        -5.664761 -5.688976 -0.024216,
        -5.677900 -5.688976 -0.041339,
        -5.686159 -5.688976 -0.061279,
        -5.688976 -5.688976 -0.082677,
        -5.610236 -5.295276 -0.082677,
        -5.688976 -5.295276 -0.082677,
        -5.610102 -5.295276 -0.081658,
        -5.686159 -5.295276 -0.061279,
        -5.609709 -5.295276 -0.080709,
        -5.677900 -5.295276 -0.041339,
        -5.609083 -5.295276 -0.079893,
        -5.664761 -5.295276 -0.024216,
        -5.608268 -5.295276 -0.079268,
        -5.647637 -5.295276 -0.011077,
        -5.607319 -5.295276 -0.078874,
        -5.627698 -5.295276 -0.002817,
        -5.610236 -5.295276 -1.102362,
        -5.688976 -5.295276 -1.102362,
        -5.688976 -5.688976 -1.102362,
        5.607319 -5.295276 -0.078874,
        5.627698 -5.295276 -0.002817,
        5.608268 -5.295276 -0.079268,
        5.647637 -5.295276 -0.011077,
        5.609083 -5.295276 -0.079893,
        5.664761 -5.295276 -0.024216,
        5.609709 -5.295276 -0.080709,
        5.677900 -5.295276 -0.041339,
        5.610102 -5.295276 -0.081658,
        5.686159 -5.295276 -0.061279,
        5.610236 -5.295276 -0.082677,
        5.688976 -5.295276 -0.082677,
        5.688976 -5.688976 -0.082677,
        5.686159 -5.688976 -0.061279,
        5.677900 -5.688976 -0.041339,
        5.664761 -5.688976 -0.024216,
        5.647637 -5.688976 -0.011077,
        5.627698 -5.688976 -0.002817,
        5.688976 -5.688976 -1.102362,
        5.688976 -5.295276 -1.102362,
        5.610236 -5.295276 -1.102362,
        -4.232283 5.686058 -0.078874,
        -4.232283 5.706438 -0.002817,
        -4.232283 5.687008 -0.079268,
        -4.232283 5.726378 -0.011077,
        -4.232283 5.687823 -0.079893,
        -4.232283 5.743501 -0.024216,
        -4.232283 5.688449 -0.080709,
        -4.232283 5.756640 -0.041339,
        -4.232283 5.688842 -0.081658,
        -4.232283 5.764899 -0.061279,
        -4.232283 5.688976 -0.082677,
        -4.232283 5.767717 -0.082677,
        -0.590551 5.706438 -0.002817,
        -0.590551 5.726378 -0.011077,
        -0.590551 5.743501 -0.024216,
        -0.590551 5.756640 -0.041339,
        -0.590551 5.764899 -0.061279,
        -0.590551 5.767717 -0.082677,
        -0.590551 5.688976 -0.082677,
        -0.590551 5.688842 -0.081658,
        -0.590551 5.688449 -0.080709,
        -0.590551 5.687823 -0.079893,
        -0.590551 5.687008 -0.079268,
        -0.590551 5.686058 -0.078874,
        3.641732 5.688976 -0.472441,
        3.641732 5.767717 -0.472441,
        -4.232283 5.767717 -0.472441,
        -4.232283 5.688976 -0.472441,
        0.590551 5.767717 -0.118110,
        -0.590551 5.767717 -0.118110,
        -0.590551 5.688976 -0.118110,
        0.590551 5.688976 -0.118110,
        -5.134877 -5.019685 -0.078874,
        -5.155257 -5.019685 -0.002817,
        -5.135827 -5.019685 -0.079268,
        -5.175197 -5.019685 -0.011077,
        -5.136642 -5.019685 -0.079893,
        -5.192320 -5.019685 -0.024216,
        -5.137268 -5.019685 -0.080709,
        -5.205459 -5.019685 -0.041339,
        -5.137661 -5.019685 -0.081658,
        -5.213719 -5.019685 -0.061279,
        -5.137795 -5.019685 -0.082677,
        -5.216535 -5.019685 -0.082677,
        -5.137795 -4.389764 -0.082677,
        -5.216535 -4.389764 -0.082677,
        -5.137661 -4.389764 -0.081658,
        -5.213719 -4.389764 -0.061279,
        -5.137268 -4.389764 -0.080709,
        -5.205459 -4.389764 -0.041339,
        -5.136642 -4.389764 -0.079893,
        -5.192320 -4.389764 -0.024216,
        -5.135827 -4.389764 -0.079268,
        -5.175197 -4.389764 -0.011077,
        -5.134877 -4.389764 -0.078874,
        -5.155257 -4.389764 -0.002817,
        -5.137795 -4.389764 -0.393701,
        -5.216535 -4.389764 -0.393701,
        -5.216535 -5.019685 -0.393701,
        -5.137795 -5.019685 -0.393701,
        5.134877 -4.389764 -0.078874,
        5.155257 -4.389764 -0.002817,
        5.135827 -4.389764 -0.079268,
        5.175197 -4.389764 -0.011077,
        5.136642 -4.389764 -0.079893,
        5.192320 -4.389764 -0.024216,
        5.137268 -4.389764 -0.080709,
        5.205459 -4.389764 -0.041339,
        5.137661 -4.389764 -0.081658,
        5.213719 -4.389764 -0.061279,
        5.137795 -4.389764 -0.082677,
        5.216535 -4.389764 -0.082677,
        5.137795 -5.019685 -0.082677,
        5.216535 -5.019685 -0.082677,
        5.137661 -5.019685 -0.081658,
        5.213719 -5.019685 -0.061279,
        5.137268 -5.019685 -0.080709,
        5.205459 -5.019685 -0.041339,
        5.136642 -5.019685 -0.079893,
        5.192320 -5.019685 -0.024216,
        5.135827 -5.019685 -0.079268,
        5.175197 -5.019685 -0.011077,
        5.134877 -5.019685 -0.078874,
        5.155257 -5.019685 -0.002817,
        5.137795 -5.019685 -0.393701,
        5.216535 -5.019685 -0.393701,
        5.216535 -4.389764 -0.393701,
        5.137795 -4.389764 -0.393701,
        5.610102 -1.968504 -1.024641,
        5.686159 -1.968504 -1.045020,
        5.609709 -1.968504 -1.025591,
        5.677900 -1.968504 -1.064961,
        5.609083 -1.968504 -1.026406,
        5.664761 -1.968504 -1.082083,
        5.608268 -1.968504 -1.027031,
        5.647637 -1.968504 -1.095222,
        5.607319 -1.968504 -1.027425,
        5.627698 -1.968504 -1.103482,
        5.606300 -1.968504 -1.027559,
        5.606300 -1.968504 -1.106299,
        5.606300 -2.559055 -1.027559,
        5.606300 -2.559055 -1.106299,
        5.607319 -2.559055 -1.027425,
        5.627698 -2.559055 -1.103482,
        5.608268 -2.559055 -1.027031,
        5.647637 -2.559055 -1.095222,
        5.609083 -2.559055 -1.026406,
        5.664761 -2.559055 -1.082083,
        5.609709 -2.559055 -1.025591,
        5.677900 -2.559055 -1.064961,
        5.610102 -2.559055 -1.024641,
        5.686159 -2.559055 -1.045020,
        5.374016 -2.559055 -1.027559,
        5.374016 -2.559055 -1.106299,
        5.374016 -1.968504 -1.106299,
        5.374016 -1.968504 -1.027559,
        -5.610102 -3.031496 -1.024641,
        -5.686159 -3.031496 -1.045020,
        -5.609709 -3.031496 -1.025591,
        -5.677900 -3.031496 -1.064961,
        -5.609083 -3.031496 -1.026406,
        -5.664761 -3.031496 -1.082083,
        -5.608268 -3.031496 -1.027031,
        -5.647637 -3.031496 -1.095222,
        -5.607319 -3.031496 -1.027425,
        -5.627698 -3.031496 -1.103482,
        -5.606300 -3.031496 -1.027559,
        -5.606300 -3.031496 -1.106299,
        -5.606300 -2.440945 -1.027559,
        -5.606300 -2.440945 -1.106299,
        -5.607319 -2.440945 -1.027425,
        -5.627698 -2.440945 -1.103482,
        -5.608268 -2.440945 -1.027031,
        -5.647637 -2.440945 -1.095222,
        -5.609083 -2.440945 -1.026406,
        -5.664761 -2.440945 -1.082083,
        -5.609709 -2.440945 -1.025591,
        -5.677900 -2.440945 -1.064961,
        -5.610102 -2.440945 -1.024641,
        -5.686159 -2.440945 -1.045020,
        -5.374016 -2.440945 -1.027559,
        -5.374016 -2.440945 -1.106299,
        -5.374016 -3.031496 -1.106299,
        -5.374016 -3.031496 -1.027559,
      ]
    }
    coordIndex [
      46, 29, 47, -1,
      47, 29, 30, -1,
      1, 29, 46, -1,
      46, 14, 1, -1,
      1, 14, 12, -1,
      1, 12, 10, -1,
      4, 2, 6, -1,
      6, 2, 1, -1,
      6, 1, 8, -1,
      8, 1, 10, -1,
      47, 30, 45, -1,
      45, 30, 32, -1,
      45, 32, 44, -1,
      44, 32, 42, -1,
      34, 36, 38, -1,
      34, 38, 32, -1,
      32, 38, 40, -1,
      32, 40, 42, -1,
      301, 314, 326, -1,
      301, 326, 311, -1,
      311, 326, 327, -1,
      311, 327, 302, -1,
      302, 327, 323, -1,
      302, 323, 303, -1,
      303, 323, 322, -1,
      303, 322, 309, -1,
      309, 322, 321, -1,
      309, 321, 310, -1,
      310, 321, 317, -1,
      310, 317, 308, -1,
      287, 272, 284, -1,
      287, 284, 297, -1,
      297, 284, 285, -1,
      297, 285, 291, -1,
      291, 285, 281, -1,
      291, 281, 292, -1,
      292, 281, 280, -1,
      292, 280, 294, -1,
      294, 280, 279, -1,
      294, 279, 296, -1,
      296, 279, 275, -1,
      296, 275, 295, -1,
      217, 230, 242, -1,
      217, 242, 227, -1,
      227, 242, 243, -1,
      227, 243, 221, -1,
      221, 243, 239, -1,
      221, 239, 222, -1,
      222, 239, 238, -1,
      222, 238, 224, -1,
      224, 238, 237, -1,
      224, 237, 226, -1,
      226, 237, 233, -1,
      226, 233, 225, -1,
      259, 244, 256, -1,
      259, 256, 269, -1,
      269, 256, 257, -1,
      269, 257, 263, -1,
      263, 257, 253, -1,
      263, 253, 264, -1,
      264, 253, 252, -1,
      264, 252, 266, -1,
      266, 252, 251, -1,
      266, 251, 268, -1,
      268, 251, 247, -1,
      268, 247, 267, -1,
      203, 188, 200, -1,
      203, 200, 213, -1,
      213, 200, 201, -1,
      213, 201, 207, -1,
      207, 201, 197, -1,
      207, 197, 208, -1,
      208, 197, 196, -1,
      208, 196, 210, -1,
      210, 196, 195, -1,
      210, 195, 212, -1,
      212, 195, 191, -1,
      212, 191, 211, -1,
      147, 132, 144, -1,
      147, 144, 157, -1,
      157, 144, 145, -1,
      157, 145, 151, -1,
      151, 145, 141, -1,
      151, 141, 152, -1,
      152, 141, 140, -1,
      152, 140, 154, -1,
      154, 140, 139, -1,
      154, 139, 156, -1,
      156, 139, 135, -1,
      156, 135, 155, -1,
      175, 160, 172, -1,
      175, 172, 185, -1,
      185, 172, 173, -1,
      185, 173, 179, -1,
      179, 173, 169, -1,
      179, 169, 180, -1,
      180, 169, 168, -1,
      180, 168, 182, -1,
      182, 168, 167, -1,
      182, 167, 184, -1,
      184, 167, 163, -1,
      184, 163, 183, -1,
      119, 104, 116, -1,
      119, 116, 129, -1,
      129, 116, 117, -1,
      129, 117, 120, -1,
      120, 117, 113, -1,
      120, 113, 121, -1,
      121, 113, 112, -1,
      121, 112, 127, -1,
      127, 112, 111, -1,
      127, 111, 128, -1,
      128, 111, 107, -1,
      128, 107, 126, -1,
      77, 90, 102, -1,
      77, 102, 87, -1,
      87, 102, 103, -1,
      87, 103, 78, -1,
      78, 103, 99, -1,
      78, 99, 79, -1,
      79, 99, 98, -1,
      79, 98, 85, -1,
      85, 98, 97, -1,
      85, 97, 86, -1,
      86, 97, 93, -1,
      86, 93, 84, -1,
      304, 316, 325, -1,
      304, 325, 312, -1,
      312, 325, 324, -1,
      312, 324, 313, -1,
      313, 324, 320, -1,
      313, 320, 305, -1,
      305, 320, 319, -1,
      305, 319, 306, -1,
      306, 319, 318, -1,
      306, 318, 307, -1,
      307, 318, 315, -1,
      307, 315, 300, -1,
      273, 286, 290, -1,
      273, 290, 276, -1,
      276, 290, 289, -1,
      276, 289, 277, -1,
      277, 289, 288, -1,
      277, 288, 278, -1,
      278, 288, 299, -1,
      278, 299, 282, -1,
      282, 299, 298, -1,
      282, 298, 283, -1,
      283, 298, 293, -1,
      283, 293, 274, -1,
      231, 216, 220, -1,
      231, 220, 234, -1,
      234, 220, 219, -1,
      234, 219, 235, -1,
      235, 219, 218, -1,
      235, 218, 236, -1,
      236, 218, 229, -1,
      236, 229, 240, -1,
      240, 229, 228, -1,
      240, 228, 241, -1,
      241, 228, 223, -1,
      241, 223, 232, -1,
      245, 258, 262, -1,
      245, 262, 248, -1,
      248, 262, 261, -1,
      248, 261, 249, -1,
      249, 261, 260, -1,
      249, 260, 250, -1,
      250, 260, 271, -1,
      250, 271, 254, -1,
      254, 271, 270, -1,
      254, 270, 255, -1,
      255, 270, 265, -1,
      255, 265, 246, -1,
      189, 202, 206, -1,
      189, 206, 192, -1,
      192, 206, 205, -1,
      192, 205, 193, -1,
      193, 205, 204, -1,
      193, 204, 194, -1,
      194, 204, 215, -1,
      194, 215, 198, -1,
      198, 215, 214, -1,
      198, 214, 199, -1,
      199, 214, 209, -1,
      199, 209, 190, -1,
      133, 146, 150, -1,
      133, 150, 136, -1,
      136, 150, 149, -1,
      136, 149, 137, -1,
      137, 149, 148, -1,
      137, 148, 138, -1,
      138, 148, 159, -1,
      138, 159, 142, -1,
      142, 159, 158, -1,
      142, 158, 143, -1,
      143, 158, 153, -1,
      143, 153, 134, -1,
      161, 174, 178, -1,
      161, 178, 164, -1,
      164, 178, 177, -1,
      164, 177, 165, -1,
      165, 177, 176, -1,
      165, 176, 166, -1,
      166, 176, 187, -1,
      166, 187, 170, -1,
      170, 187, 186, -1,
      170, 186, 171, -1,
      171, 186, 181, -1,
      171, 181, 162, -1,
      105, 118, 125, -1,
      105, 125, 108, -1,
      108, 125, 124, -1,
      108, 124, 109, -1,
      109, 124, 123, -1,
      109, 123, 110, -1,
      110, 123, 131, -1,
      110, 131, 114, -1,
      114, 131, 130, -1,
      114, 130, 115, -1,
      115, 130, 122, -1,
      115, 122, 106, -1,
      91, 76, 83, -1,
      91, 83, 94, -1,
      94, 83, 82, -1,
      94, 82, 95, -1,
      95, 82, 81, -1,
      95, 81, 96, -1,
      96, 81, 89, -1,
      96, 89, 100, -1,
      100, 89, 88, -1,
      100, 88, 101, -1,
      101, 88, 80, -1,
      101, 80, 92, -1,
      63, 48, 60, -1,
      63, 60, 73, -1,
      73, 60, 61, -1,
      73, 61, 64, -1,
      64, 61, 57, -1,
      64, 57, 65, -1,
      65, 57, 56, -1,
      65, 56, 71, -1,
      71, 56, 55, -1,
      71, 55, 72, -1,
      72, 55, 51, -1,
      72, 51, 70, -1,
      49, 62, 69, -1,
      49, 69, 52, -1,
      52, 69, 68, -1,
      52, 68, 53, -1,
      53, 68, 67, -1,
      53, 67, 54, -1,
      54, 67, 75, -1,
      54, 75, 58, -1,
      58, 75, 74, -1,
      58, 74, 59, -1,
      59, 74, 66, -1,
      59, 66, 50, -1,
      328, 329, 330, -1,
      330, 329, 331, -1,
      332, 333, 334, -1,
      334, 333, 335, -1,
      334, 335, 330, -1,
      330, 335, 328, -1,
      336, 335, 337, -1,
      337, 335, 333, -1,
      331, 329, 338, -1,
      338, 329, 336, -1,
      338, 336, 339, -1,
      339, 336, 337, -1,
      335, 336, 328, -1,
      328, 336, 329, -1,
      339, 337, 332, -1,
      332, 337, 333, -1,
      334, 338, 332, -1,
      332, 338, 339, -1,
      330, 331, 334, -1,
      334, 331, 338, -1,
      340, 341, 342, -1,
      342, 341, 343, -1,
      344, 345, 346, -1,
      344, 346, 347, -1,
      347, 346, 348, -1,
      347, 348, 349, -1,
      349, 348, 350, -1,
      349, 350, 351, -1,
      351, 350, 352, -1,
      351, 352, 353, -1,
      353, 352, 354, -1,
      353, 354, 355, -1,
      355, 354, 356, -1,
      355, 356, 357, -1,
      358, 359, 360, -1,
      360, 359, 361, -1,
      360, 361, 362, -1,
      362, 361, 363, -1,
      362, 363, 364, -1,
      364, 363, 365, -1,
      364, 365, 366, -1,
      366, 365, 367, -1,
      366, 367, 368, -1,
      368, 367, 369, -1,
      368, 369, 370, -1,
      370, 369, 371, -1,
      30, 372, 32, -1,
      32, 372, 373, -1,
      32, 373, 34, -1,
      34, 373, 374, -1,
      34, 374, 36, -1,
      36, 374, 375, -1,
      36, 375, 38, -1,
      38, 375, 376, -1,
      38, 376, 40, -1,
      40, 376, 377, -1,
      40, 377, 42, -1,
      42, 377, 378, -1,
      42, 378, 44, -1,
      44, 378, 379, -1,
      44, 379, 380, -1,
      380, 379, 381, -1,
      382, 383, 384, -1,
      382, 384, 385, -1,
      385, 384, 386, -1,
      385, 386, 387, -1,
      387, 386, 388, -1,
      387, 388, 389, -1,
      389, 388, 390, -1,
      389, 390, 391, -1,
      391, 390, 392, -1,
      391, 392, 393, -1,
      393, 392, 394, -1,
      393, 394, 395, -1,
      1, 396, 2, -1,
      2, 396, 397, -1,
      2, 397, 4, -1,
      4, 397, 398, -1,
      4, 398, 6, -1,
      6, 398, 399, -1,
      6, 399, 8, -1,
      8, 399, 400, -1,
      8, 400, 10, -1,
      10, 400, 401, -1,
      10, 401, 12, -1,
      12, 401, 402, -1,
      403, 404, 18, -1,
      18, 404, 405, -1,
      406, 407, 408, -1,
      409, 410, 411, -1,
      412, 413, 414, -1,
      414, 413, 415, -1,
      416, 405, 404, -1,
      411, 410, 408, -1,
      408, 410, 417, -1,
      408, 417, 418, -1,
      419, 406, 420, -1,
      421, 422, 412, -1,
      423, 424, 412, -1,
      425, 426, 427, -1,
      415, 413, 427, -1,
      427, 413, 428, -1,
      427, 428, 429, -1,
      406, 408, 420, -1,
      420, 408, 418, -1,
      420, 418, 429, -1,
      429, 418, 409, -1,
      429, 409, 427, -1,
      427, 409, 411, -1,
      427, 411, 425, -1,
      430, 431, 432, -1,
      420, 433, 419, -1,
      419, 433, 434, -1,
      419, 434, 435, -1,
      414, 436, 437, -1,
      433, 438, 434, -1,
      434, 438, 430, -1,
      434, 430, 439, -1,
      439, 430, 432, -1,
      440, 441, 442, -1,
      425, 443, 426, -1,
      426, 443, 444, -1,
      426, 444, 414, -1,
      414, 444, 445, -1,
      414, 445, 436, -1,
      421, 412, 446, -1,
      435, 447, 419, -1,
      419, 447, 440, -1,
      419, 440, 448, -1,
      448, 440, 442, -1,
      449, 450, 451, -1,
      452, 453, 422, -1,
      422, 453, 454, -1,
      424, 455, 412, -1,
      412, 455, 456, -1,
      412, 456, 404, -1,
      404, 456, 457, -1,
      404, 457, 416, -1,
      437, 458, 414, -1,
      414, 458, 459, -1,
      414, 459, 412, -1,
      412, 459, 460, -1,
      412, 460, 446, -1,
      422, 461, 452, -1,
      452, 461, 449, -1,
      452, 449, 462, -1,
      462, 449, 451, -1,
      454, 463, 422, -1,
      422, 463, 464, -1,
      422, 464, 412, -1,
      412, 464, 465, -1,
      412, 465, 423, -1,
      466, 467, 468, -1,
      468, 467, 469, -1,
      468, 469, 470, -1,
      470, 469, 471, -1,
      470, 471, 472, -1,
      472, 471, 473, -1,
      474, 475, 476, -1,
      476, 475, 477, -1,
      478, 479, 480, -1,
      481, 482, 483, -1,
      483, 482, 484, -1,
      485, 486, 487, -1,
      488, 489, 490, -1,
      490, 489, 491, -1,
      490, 491, 492, -1,
      485, 487, 493, -1,
      492, 494, 490, -1,
      490, 494, 495, -1,
      490, 495, 496, -1,
      496, 495, 497, -1,
      466, 472, 467, -1,
      467, 472, 498, -1,
      467, 498, 15, -1,
      15, 498, 496, -1,
      15, 496, 499, -1,
      499, 496, 497, -1,
      500, 501, 502, -1,
      474, 476, 480, -1,
      480, 476, 503, -1,
      480, 503, 478, -1,
      18, 504, 403, -1,
      403, 504, 505, -1,
      403, 505, 483, -1,
      483, 505, 506, -1,
      483, 506, 481, -1,
      500, 507, 501, -1,
      501, 507, 508, -1,
      501, 508, 509, -1,
      487, 510, 483, -1,
      483, 510, 511, -1,
      511, 488, 483, -1,
      483, 488, 490, -1,
      483, 490, 512, -1,
      512, 490, 513, -1,
      512, 513, 514, -1,
      514, 513, 498, -1,
      514, 498, 515, -1,
      515, 498, 472, -1,
      515, 472, 516, -1,
      516, 472, 473, -1,
      516, 473, 475, -1,
      475, 473, 500, -1,
      475, 500, 477, -1,
      477, 500, 502, -1,
      484, 517, 483, -1,
      483, 517, 518, -1,
      483, 518, 487, -1,
      487, 518, 519, -1,
      487, 519, 493, -1,
      520, 521, 522, -1,
      522, 521, 523, -1,
      522, 523, 486, -1,
      486, 523, 524, -1,
      486, 524, 487, -1,
      411, 467, 425, -1,
      425, 467, 15, -1,
      16, 525, 19, -1,
      19, 525, 526, -1,
      527, 528, 529, -1,
      530, 395, 394, -1,
      531, 372, 530, -1,
      532, 533, 529, -1,
      533, 534, 529, -1,
      529, 534, 535, -1,
      529, 535, 536, -1,
      537, 538, 525, -1,
      394, 539, 530, -1,
      530, 539, 540, -1,
      530, 540, 541, -1,
      541, 542, 530, -1,
      530, 542, 543, -1,
      530, 543, 544, -1,
      343, 341, 538, -1,
      538, 341, 526, -1,
      538, 526, 525, -1,
      536, 545, 529, -1,
      529, 545, 546, -1,
      529, 546, 527, -1,
      547, 548, 539, -1,
      539, 548, 549, -1,
      539, 549, 540, -1,
      531, 530, 550, -1,
      550, 530, 544, -1,
      550, 544, 529, -1,
      529, 544, 551, -1,
      529, 551, 532, -1,
      531, 538, 372, -1,
      372, 538, 537, -1,
      372, 537, 373, -1,
      373, 537, 552, -1,
      373, 552, 553, -1,
      553, 552, 554, -1,
      553, 554, 525, -1,
      525, 554, 555, -1,
      525, 555, 537, -1,
      16, 19, 556, -1,
      556, 19, 340, -1,
      556, 340, 342, -1,
      557, 558, 556, -1,
      556, 558, 559, -1,
      556, 559, 16, -1,
      16, 559, 560, -1,
      16, 560, 31, -1,
      31, 560, 561, -1,
      31, 561, 558, -1,
      396, 1, 562, -1,
      562, 1, 29, -1,
      563, 564, 565, -1,
      565, 564, 566, -1,
      565, 566, 567, -1,
      568, 569, 29, -1,
      29, 569, 570, -1,
      29, 570, 562, -1,
      562, 570, 571, -1,
      564, 572, 566, -1,
      566, 572, 573, -1,
      566, 573, 574, -1,
      574, 573, 575, -1,
      574, 575, 576, -1,
      571, 577, 562, -1,
      562, 577, 578, -1,
      562, 578, 20, -1,
      579, 580, 29, -1,
      29, 580, 581, -1,
      29, 581, 568, -1,
      576, 579, 574, -1,
      574, 579, 29, -1,
      574, 29, 557, -1,
      557, 29, 30, -1,
      557, 30, 558, -1,
      558, 30, 32, -1,
      558, 32, 31, -1,
      539, 562, 547, -1,
      547, 562, 20, -1,
      582, 583, 584, -1,
      584, 583, 585, -1,
      586, 587, 380, -1,
      22, 588, 589, -1,
      589, 588, 590, -1,
      589, 590, 591, -1,
      591, 590, 583, -1,
      591, 583, 592, -1,
      592, 583, 582, -1,
      593, 585, 594, -1,
      594, 585, 583, -1,
      594, 583, 595, -1,
      595, 583, 596, -1,
      597, 598, 599, -1,
      370, 371, 600, -1,
      600, 371, 601, -1,
      602, 603, 604, -1,
      604, 603, 605, -1,
      604, 605, 606, -1,
      606, 605, 607, -1,
      608, 609, 610, -1,
      610, 609, 611, -1,
      610, 611, 612, -1,
      612, 611, 613, -1,
      612, 613, 380, -1,
      607, 614, 606, -1,
      606, 614, 615, -1,
      606, 615, 599, -1,
      599, 615, 616, -1,
      599, 616, 597, -1,
      617, 618, 619, -1,
      619, 618, 620, -1,
      621, 622, 623, -1,
      12, 402, 624, -1,
      624, 402, 625, -1,
      601, 626, 600, -1,
      600, 626, 627, -1,
      600, 627, 628, -1,
      629, 630, 43, -1,
      43, 630, 631, -1,
      43, 631, 632, -1,
      633, 634, 635, -1,
      634, 636, 635, -1,
      635, 636, 585, -1,
      635, 585, 637, -1,
      637, 585, 593, -1,
      637, 593, 638, -1,
      639, 640, 618, -1,
      618, 640, 641, -1,
      618, 641, 620, -1,
      624, 642, 623, -1,
      623, 642, 643, -1,
      623, 643, 621, -1,
      644, 645, 646, -1,
      646, 645, 647, -1,
      648, 649, 650, -1,
      650, 649, 651, -1,
      650, 651, 625, -1,
      625, 651, 652, -1,
      625, 652, 624, -1,
      624, 652, 653, -1,
      624, 653, 642, -1,
      654, 13, 655, -1,
      655, 13, 648, -1,
      655, 648, 656, -1,
      656, 648, 650, -1,
      656, 650, 657, -1,
      657, 650, 658, -1,
      587, 659, 380, -1,
      380, 659, 660, -1,
      380, 660, 44, -1,
      44, 660, 661, -1,
      44, 661, 43, -1,
      43, 661, 662, -1,
      43, 662, 629, -1,
      622, 644, 623, -1,
      623, 644, 646, -1,
      623, 646, 613, -1,
      613, 646, 600, -1,
      613, 600, 380, -1,
      380, 600, 628, -1,
      380, 628, 586, -1,
      647, 663, 646, -1,
      646, 663, 664, -1,
      646, 664, 665, -1,
      665, 633, 646, -1,
      646, 633, 635, -1,
      646, 635, 618, -1,
      618, 635, 599, -1,
      618, 599, 639, -1,
      639, 599, 598, -1,
      666, 667, 668, -1,
      669, 670, 671, -1,
      672, 673, 674, -1,
      666, 668, 675, -1,
      676, 677, 678, -1,
      679, 680, 681, -1,
      682, 668, 683, -1,
      683, 668, 684, -1,
      683, 684, 685, -1,
      685, 684, 686, -1,
      687, 688, 689, -1,
      689, 688, 686, -1,
      689, 686, 690, -1,
      690, 686, 684, -1,
      690, 684, 691, -1,
      691, 684, 692, -1,
      693, 381, 694, -1,
      694, 381, 379, -1,
      695, 696, 678, -1,
      678, 696, 697, -1,
      698, 699, 700, -1,
      700, 699, 701, -1,
      700, 701, 702, -1,
      671, 703, 669, -1,
      669, 703, 704, -1,
      669, 704, 379, -1,
      379, 704, 705, -1,
      379, 705, 694, -1,
      706, 707, 708, -1,
      345, 344, 709, -1,
      709, 344, 708, -1,
      709, 708, 710, -1,
      710, 708, 707, -1,
      693, 711, 381, -1,
      381, 711, 712, -1,
      381, 712, 708, -1,
      708, 712, 713, -1,
      708, 713, 706, -1,
      714, 715, 716, -1,
      716, 715, 717, -1,
      716, 717, 718, -1,
      718, 717, 678, -1,
      718, 678, 719, -1,
      719, 678, 677, -1,
      679, 681, 720, -1,
      682, 721, 668, -1,
      668, 721, 722, -1,
      668, 722, 675, -1,
      675, 722, 723, -1,
      724, 725, 726, -1,
      723, 727, 675, -1,
      675, 727, 724, -1,
      675, 724, 681, -1,
      681, 724, 700, -1,
      681, 700, 720, -1,
      720, 700, 702, -1,
      680, 728, 681, -1,
      681, 728, 729, -1,
      681, 729, 730, -1,
      730, 729, 731, -1,
      731, 732, 730, -1,
      730, 732, 733, -1,
      730, 733, 674, -1,
      674, 733, 734, -1,
      674, 734, 672, -1,
      727, 735, 724, -1,
      724, 735, 736, -1,
      724, 736, 737, -1,
      738, 724, 697, -1,
      697, 724, 726, -1,
      697, 726, 678, -1,
      678, 726, 739, -1,
      678, 739, 676, -1,
      383, 382, 738, -1,
      738, 382, 740, -1,
      738, 740, 724, -1,
      724, 740, 741, -1,
      724, 741, 708, -1,
      708, 741, 742, -1,
      708, 742, 381, -1,
      743, 744, 745, -1,
      745, 744, 746, -1,
      745, 746, 742, -1,
      742, 746, 747, -1,
      742, 747, 381, -1,
      737, 748, 724, -1,
      724, 748, 749, -1,
      724, 749, 750, -1,
      750, 751, 724, -1,
      724, 751, 752, -1,
      724, 752, 725, -1,
      473, 471, 406, -1,
      406, 471, 407, -1,
      695, 678, 657, -1,
      657, 678, 656, -1,
      692, 684, 595, -1,
      595, 684, 594, -1,
      650, 625, 697, -1,
      697, 625, 738, -1,
      583, 590, 690, -1,
      690, 590, 689, -1,
      709, 601, 345, -1,
      345, 601, 371, -1,
      619, 699, 617, -1,
      617, 699, 698, -1,
      604, 674, 602, -1,
      602, 674, 673, -1,
      666, 675, 637, -1,
      637, 675, 635, -1,
      512, 514, 413, -1,
      413, 514, 428, -1,
      420, 429, 516, -1,
      516, 429, 515, -1,
      606, 599, 730, -1,
      730, 599, 681, -1,
      730, 674, 753, -1,
      730, 753, 754, -1,
      754, 753, 755, -1,
      754, 755, 756, -1,
      756, 755, 757, -1,
      756, 757, 758, -1,
      758, 757, 759, -1,
      758, 759, 760, -1,
      760, 759, 761, -1,
      760, 761, 762, -1,
      762, 761, 408, -1,
      762, 408, 407, -1,
      471, 469, 763, -1,
      763, 469, 764, -1,
      763, 764, 765, -1,
      765, 764, 766, -1,
      765, 766, 767, -1,
      767, 766, 768, -1,
      767, 768, 769, -1,
      769, 768, 770, -1,
      769, 770, 771, -1,
      771, 770, 772, -1,
      771, 772, 606, -1,
      606, 772, 604, -1,
      714, 716, 13, -1,
      13, 716, 648, -1,
      655, 717, 654, -1,
      654, 717, 715, -1,
      689, 590, 687, -1,
      687, 590, 588, -1,
      738, 625, 383, -1,
      383, 625, 402, -1,
      593, 668, 638, -1,
      638, 668, 667, -1,
      669, 43, 670, -1,
      670, 43, 632, -1,
      589, 686, 22, -1,
      22, 686, 688, -1,
      684, 668, 594, -1,
      594, 668, 593, -1,
      648, 716, 649, -1,
      649, 716, 718, -1,
      649, 718, 651, -1,
      651, 718, 719, -1,
      651, 719, 652, -1,
      652, 719, 677, -1,
      652, 677, 653, -1,
      653, 677, 676, -1,
      653, 676, 642, -1,
      642, 676, 739, -1,
      642, 739, 643, -1,
      643, 739, 726, -1,
      643, 726, 621, -1,
      621, 726, 725, -1,
      621, 725, 622, -1,
      622, 725, 752, -1,
      622, 752, 644, -1,
      644, 752, 751, -1,
      644, 751, 645, -1,
      645, 751, 750, -1,
      645, 750, 647, -1,
      647, 750, 749, -1,
      647, 749, 663, -1,
      663, 749, 748, -1,
      663, 748, 664, -1,
      664, 748, 737, -1,
      664, 737, 665, -1,
      665, 737, 736, -1,
      665, 736, 633, -1,
      633, 736, 735, -1,
      633, 735, 634, -1,
      634, 735, 727, -1,
      634, 727, 636, -1,
      636, 727, 723, -1,
      636, 723, 585, -1,
      585, 723, 722, -1,
      585, 722, 584, -1,
      584, 722, 721, -1,
      584, 721, 582, -1,
      582, 721, 682, -1,
      582, 682, 592, -1,
      592, 682, 683, -1,
      592, 683, 591, -1,
      591, 683, 685, -1,
      591, 685, 589, -1,
      589, 685, 686, -1,
      678, 717, 656, -1,
      656, 717, 655, -1,
      469, 408, 764, -1,
      764, 408, 761, -1,
      764, 761, 766, -1,
      766, 761, 759, -1,
      766, 759, 768, -1,
      768, 759, 757, -1,
      768, 757, 770, -1,
      770, 757, 755, -1,
      770, 755, 772, -1,
      772, 755, 753, -1,
      772, 753, 604, -1,
      604, 753, 674, -1,
      667, 666, 773, -1,
      667, 773, 774, -1,
      774, 773, 775, -1,
      774, 775, 776, -1,
      776, 775, 777, -1,
      776, 777, 778, -1,
      778, 777, 779, -1,
      778, 779, 780, -1,
      780, 779, 781, -1,
      780, 781, 782, -1,
      782, 781, 783, -1,
      782, 783, 784, -1,
      784, 783, 413, -1,
      784, 413, 412, -1,
      483, 512, 785, -1,
      785, 512, 786, -1,
      785, 786, 787, -1,
      787, 786, 788, -1,
      787, 788, 789, -1,
      789, 788, 790, -1,
      789, 790, 791, -1,
      791, 790, 792, -1,
      791, 792, 793, -1,
      793, 792, 794, -1,
      793, 794, 795, -1,
      795, 794, 796, -1,
      795, 796, 638, -1,
      638, 796, 637, -1,
      467, 411, 469, -1,
      469, 411, 408, -1,
      638, 667, 795, -1,
      795, 667, 774, -1,
      795, 774, 793, -1,
      793, 774, 776, -1,
      793, 776, 791, -1,
      791, 776, 778, -1,
      791, 778, 789, -1,
      789, 778, 780, -1,
      789, 780, 787, -1,
      787, 780, 782, -1,
      787, 782, 785, -1,
      785, 782, 784, -1,
      785, 784, 483, -1,
      483, 784, 412, -1,
      404, 403, 412, -1,
      412, 403, 483, -1,
      43, 669, 41, -1,
      41, 669, 797, -1,
      41, 797, 39, -1,
      39, 797, 798, -1,
      39, 798, 37, -1,
      37, 798, 799, -1,
      37, 799, 35, -1,
      35, 799, 800, -1,
      35, 800, 33, -1,
      33, 800, 801, -1,
      33, 801, 31, -1,
      31, 801, 553, -1,
      396, 394, 397, -1,
      397, 394, 392, -1,
      397, 392, 398, -1,
      398, 392, 390, -1,
      398, 390, 399, -1,
      399, 390, 388, -1,
      399, 388, 400, -1,
      400, 388, 386, -1,
      400, 386, 401, -1,
      401, 386, 384, -1,
      401, 384, 402, -1,
      402, 384, 383, -1,
      669, 379, 378, -1,
      669, 378, 797, -1,
      797, 378, 377, -1,
      797, 377, 798, -1,
      798, 377, 376, -1,
      798, 376, 799, -1,
      799, 376, 375, -1,
      799, 375, 800, -1,
      800, 375, 374, -1,
      800, 374, 801, -1,
      801, 374, 373, -1,
      801, 373, 553, -1,
      31, 32, 33, -1,
      33, 32, 34, -1,
      33, 34, 35, -1,
      35, 34, 36, -1,
      35, 36, 37, -1,
      37, 36, 38, -1,
      37, 38, 39, -1,
      39, 38, 40, -1,
      39, 40, 41, -1,
      41, 40, 42, -1,
      41, 42, 43, -1,
      43, 42, 44, -1,
      562, 539, 396, -1,
      396, 539, 394, -1,
      525, 16, 553, -1,
      553, 16, 31, -1,
      22, 688, 23, -1,
      23, 688, 802, -1,
      23, 802, 24, -1,
      24, 802, 803, -1,
      24, 803, 25, -1,
      25, 803, 804, -1,
      25, 804, 26, -1,
      26, 804, 805, -1,
      26, 805, 27, -1,
      27, 805, 806, -1,
      27, 806, 28, -1,
      28, 806, 807, -1,
      808, 809, 810, -1,
      810, 809, 811, -1,
      810, 811, 812, -1,
      812, 811, 813, -1,
      812, 813, 814, -1,
      814, 813, 815, -1,
      814, 815, 816, -1,
      816, 815, 817, -1,
      816, 817, 818, -1,
      818, 817, 819, -1,
      818, 819, 588, -1,
      588, 819, 687, -1,
      688, 687, 819, -1,
      688, 819, 802, -1,
      802, 819, 817, -1,
      802, 817, 803, -1,
      803, 817, 815, -1,
      803, 815, 804, -1,
      804, 815, 813, -1,
      804, 813, 805, -1,
      805, 813, 811, -1,
      805, 811, 806, -1,
      806, 811, 809, -1,
      806, 809, 807, -1,
      28, 808, 27, -1,
      27, 808, 810, -1,
      27, 810, 26, -1,
      26, 810, 812, -1,
      26, 812, 25, -1,
      25, 812, 814, -1,
      25, 814, 24, -1,
      24, 814, 816, -1,
      24, 816, 23, -1,
      23, 816, 818, -1,
      23, 818, 22, -1,
      22, 818, 588, -1,
      820, 821, 808, -1,
      808, 821, 809, -1,
      822, 17, 807, -1,
      807, 17, 28, -1,
      821, 822, 809, -1,
      809, 822, 807, -1,
      28, 17, 808, -1,
      808, 17, 820, -1,
      822, 821, 17, -1,
      17, 821, 820, -1,
      654, 715, 823, -1,
      823, 715, 824, -1,
      823, 824, 825, -1,
      825, 824, 826, -1,
      825, 826, 827, -1,
      827, 826, 828, -1,
      827, 828, 829, -1,
      829, 828, 830, -1,
      829, 830, 831, -1,
      831, 830, 832, -1,
      831, 832, 833, -1,
      833, 832, 834, -1,
      0, 835, 3, -1,
      3, 835, 836, -1,
      3, 836, 5, -1,
      5, 836, 837, -1,
      5, 837, 7, -1,
      7, 837, 838, -1,
      7, 838, 9, -1,
      9, 838, 839, -1,
      9, 839, 11, -1,
      11, 839, 840, -1,
      11, 840, 13, -1,
      13, 840, 714, -1,
      715, 714, 840, -1,
      715, 840, 824, -1,
      824, 840, 839, -1,
      824, 839, 826, -1,
      826, 839, 838, -1,
      826, 838, 828, -1,
      828, 838, 837, -1,
      828, 837, 830, -1,
      830, 837, 836, -1,
      830, 836, 832, -1,
      832, 836, 835, -1,
      832, 835, 834, -1,
      833, 0, 831, -1,
      831, 0, 3, -1,
      831, 3, 829, -1,
      829, 3, 5, -1,
      829, 5, 827, -1,
      827, 5, 7, -1,
      827, 7, 825, -1,
      825, 7, 9, -1,
      825, 9, 823, -1,
      823, 9, 11, -1,
      823, 11, 654, -1,
      654, 11, 13, -1,
      21, 841, 0, -1,
      0, 841, 835, -1,
      842, 843, 834, -1,
      834, 843, 833, -1,
      841, 842, 835, -1,
      835, 842, 834, -1,
      833, 843, 0, -1,
      0, 843, 21, -1,
      842, 841, 843, -1,
      843, 841, 21, -1,
      681, 599, 675, -1,
      675, 599, 635, -1,
      606, 730, 771, -1,
      771, 730, 754, -1,
      771, 754, 769, -1,
      769, 754, 756, -1,
      769, 756, 767, -1,
      767, 756, 758, -1,
      767, 758, 765, -1,
      765, 758, 760, -1,
      765, 760, 763, -1,
      763, 760, 762, -1,
      763, 762, 471, -1,
      471, 762, 407, -1,
      512, 413, 786, -1,
      786, 413, 783, -1,
      786, 783, 788, -1,
      788, 783, 781, -1,
      788, 781, 790, -1,
      790, 781, 779, -1,
      790, 779, 792, -1,
      792, 779, 777, -1,
      792, 777, 794, -1,
      794, 777, 775, -1,
      794, 775, 796, -1,
      796, 775, 773, -1,
      796, 773, 637, -1,
      637, 773, 666, -1,
      429, 428, 515, -1,
      515, 428, 514, -1,
      601, 709, 626, -1,
      626, 709, 710, -1,
      626, 710, 627, -1,
      627, 710, 707, -1,
      627, 707, 628, -1,
      628, 707, 706, -1,
      628, 706, 586, -1,
      586, 706, 713, -1,
      586, 713, 587, -1,
      587, 713, 712, -1,
      587, 712, 659, -1,
      659, 712, 711, -1,
      659, 711, 660, -1,
      660, 711, 693, -1,
      660, 693, 661, -1,
      661, 693, 694, -1,
      661, 694, 662, -1,
      662, 694, 705, -1,
      662, 705, 629, -1,
      629, 705, 704, -1,
      629, 704, 630, -1,
      630, 704, 703, -1,
      630, 703, 631, -1,
      631, 703, 671, -1,
      670, 632, 671, -1,
      671, 632, 631, -1,
      603, 672, 605, -1,
      605, 672, 734, -1,
      605, 734, 607, -1,
      607, 734, 733, -1,
      607, 733, 614, -1,
      614, 733, 732, -1,
      614, 732, 615, -1,
      615, 732, 731, -1,
      615, 731, 616, -1,
      616, 731, 729, -1,
      616, 729, 597, -1,
      597, 729, 728, -1,
      597, 728, 598, -1,
      598, 728, 680, -1,
      598, 680, 639, -1,
      639, 680, 679, -1,
      639, 679, 640, -1,
      640, 679, 720, -1,
      640, 720, 641, -1,
      641, 720, 702, -1,
      641, 702, 620, -1,
      620, 702, 701, -1,
      620, 701, 619, -1,
      619, 701, 699, -1,
      672, 603, 673, -1,
      673, 603, 602, -1,
      617, 698, 844, -1,
      844, 698, 845, -1,
      844, 845, 846, -1,
      846, 845, 847, -1,
      846, 847, 848, -1,
      848, 847, 849, -1,
      848, 849, 850, -1,
      850, 849, 851, -1,
      850, 851, 852, -1,
      852, 851, 853, -1,
      852, 853, 854, -1,
      854, 853, 855, -1,
      359, 356, 361, -1,
      361, 356, 354, -1,
      361, 354, 363, -1,
      363, 354, 352, -1,
      363, 352, 365, -1,
      365, 352, 350, -1,
      365, 350, 367, -1,
      367, 350, 348, -1,
      367, 348, 369, -1,
      369, 348, 346, -1,
      369, 346, 371, -1,
      371, 346, 345, -1,
      698, 700, 856, -1,
      698, 856, 845, -1,
      845, 856, 857, -1,
      845, 857, 847, -1,
      847, 857, 858, -1,
      847, 858, 849, -1,
      849, 858, 859, -1,
      849, 859, 851, -1,
      851, 859, 860, -1,
      851, 860, 853, -1,
      853, 860, 861, -1,
      853, 861, 855, -1,
      854, 862, 852, -1,
      852, 862, 863, -1,
      852, 863, 850, -1,
      850, 863, 864, -1,
      850, 864, 848, -1,
      848, 864, 865, -1,
      848, 865, 846, -1,
      846, 865, 866, -1,
      846, 866, 844, -1,
      844, 866, 867, -1,
      844, 867, 617, -1,
      617, 867, 618, -1,
      868, 869, 359, -1,
      359, 869, 356, -1,
      870, 871, 855, -1,
      855, 871, 854, -1,
      357, 356, 872, -1,
      872, 356, 869, -1,
      872, 869, 873, -1,
      873, 869, 870, -1,
      873, 870, 861, -1,
      861, 870, 855, -1,
      874, 862, 854, -1,
      868, 359, 358, -1,
      358, 875, 868, -1,
      868, 875, 874, -1,
      868, 874, 871, -1,
      871, 874, 854, -1,
      870, 869, 871, -1,
      871, 869, 868, -1,
      583, 690, 596, -1,
      596, 690, 691, -1,
      650, 697, 658, -1,
      658, 697, 696, -1,
      596, 691, 876, -1,
      876, 691, 877, -1,
      876, 877, 878, -1,
      878, 877, 879, -1,
      878, 879, 880, -1,
      880, 879, 881, -1,
      880, 881, 882, -1,
      882, 881, 883, -1,
      882, 883, 884, -1,
      884, 883, 885, -1,
      884, 885, 886, -1,
      886, 885, 887, -1,
      888, 889, 890, -1,
      890, 889, 891, -1,
      890, 891, 892, -1,
      892, 891, 893, -1,
      892, 893, 894, -1,
      894, 893, 895, -1,
      894, 895, 896, -1,
      896, 895, 897, -1,
      896, 897, 898, -1,
      898, 897, 899, -1,
      898, 899, 595, -1,
      595, 899, 692, -1,
      691, 692, 899, -1,
      691, 899, 877, -1,
      877, 899, 897, -1,
      877, 897, 879, -1,
      879, 897, 895, -1,
      879, 895, 881, -1,
      881, 895, 893, -1,
      881, 893, 883, -1,
      883, 893, 891, -1,
      883, 891, 885, -1,
      885, 891, 889, -1,
      885, 889, 887, -1,
      886, 888, 884, -1,
      884, 888, 890, -1,
      884, 890, 882, -1,
      882, 890, 892, -1,
      882, 892, 880, -1,
      880, 892, 894, -1,
      880, 894, 878, -1,
      878, 894, 896, -1,
      878, 896, 876, -1,
      876, 896, 898, -1,
      876, 898, 596, -1,
      596, 898, 595, -1,
      900, 901, 888, -1,
      888, 901, 889, -1,
      902, 903, 887, -1,
      887, 903, 886, -1,
      901, 902, 889, -1,
      889, 902, 887, -1,
      886, 903, 888, -1,
      888, 903, 900, -1,
      902, 901, 903, -1,
      903, 901, 900, -1,
      658, 696, 904, -1,
      904, 696, 905, -1,
      904, 905, 906, -1,
      906, 905, 907, -1,
      906, 907, 908, -1,
      908, 907, 909, -1,
      908, 909, 910, -1,
      910, 909, 911, -1,
      910, 911, 912, -1,
      912, 911, 913, -1,
      912, 913, 914, -1,
      914, 913, 915, -1,
      916, 917, 918, -1,
      918, 917, 919, -1,
      918, 919, 920, -1,
      920, 919, 921, -1,
      920, 921, 922, -1,
      922, 921, 923, -1,
      922, 923, 924, -1,
      924, 923, 925, -1,
      924, 925, 926, -1,
      926, 925, 927, -1,
      926, 927, 657, -1,
      657, 927, 695, -1,
      696, 695, 927, -1,
      696, 927, 905, -1,
      905, 927, 925, -1,
      905, 925, 907, -1,
      907, 925, 923, -1,
      907, 923, 909, -1,
      909, 923, 921, -1,
      909, 921, 911, -1,
      911, 921, 919, -1,
      911, 919, 913, -1,
      913, 919, 917, -1,
      913, 917, 915, -1,
      914, 916, 912, -1,
      912, 916, 918, -1,
      912, 918, 910, -1,
      910, 918, 920, -1,
      910, 920, 908, -1,
      908, 920, 922, -1,
      908, 922, 906, -1,
      906, 922, 924, -1,
      906, 924, 904, -1,
      904, 924, 926, -1,
      904, 926, 658, -1,
      658, 926, 657, -1,
      928, 929, 916, -1,
      916, 929, 917, -1,
      930, 931, 915, -1,
      915, 931, 914, -1,
      929, 930, 917, -1,
      917, 930, 915, -1,
      914, 931, 916, -1,
      916, 931, 928, -1,
      930, 929, 931, -1,
      931, 929, 928, -1,
      500, 473, 419, -1,
      419, 473, 406, -1,
      500, 419, 448, -1,
      500, 448, 507, -1,
      507, 448, 442, -1,
      507, 442, 508, -1,
      508, 442, 441, -1,
      508, 441, 509, -1,
      509, 441, 440, -1,
      509, 440, 501, -1,
      501, 440, 447, -1,
      501, 447, 502, -1,
      502, 447, 435, -1,
      502, 435, 477, -1,
      476, 477, 434, -1,
      434, 477, 435, -1,
      476, 434, 439, -1,
      476, 439, 503, -1,
      503, 439, 432, -1,
      503, 432, 478, -1,
      478, 432, 431, -1,
      478, 431, 479, -1,
      479, 431, 430, -1,
      479, 430, 480, -1,
      480, 430, 438, -1,
      480, 438, 474, -1,
      474, 438, 433, -1,
      474, 433, 475, -1,
      516, 475, 420, -1,
      420, 475, 433, -1,
      572, 536, 573, -1,
      573, 536, 535, -1,
      573, 535, 575, -1,
      575, 535, 534, -1,
      575, 534, 576, -1,
      576, 534, 533, -1,
      576, 533, 579, -1,
      579, 533, 532, -1,
      579, 532, 580, -1,
      580, 532, 551, -1,
      580, 551, 581, -1,
      581, 551, 544, -1,
      581, 544, 568, -1,
      568, 544, 543, -1,
      568, 543, 569, -1,
      569, 543, 542, -1,
      569, 542, 570, -1,
      570, 542, 541, -1,
      570, 541, 571, -1,
      571, 541, 540, -1,
      571, 540, 577, -1,
      577, 540, 549, -1,
      577, 549, 578, -1,
      578, 549, 548, -1,
      536, 572, 545, -1,
      545, 572, 564, -1,
      546, 563, 527, -1,
      527, 563, 565, -1,
      567, 528, 565, -1,
      565, 528, 527, -1,
      526, 341, 19, -1,
      19, 341, 340, -1,
      547, 20, 548, -1,
      548, 20, 578, -1,
      523, 449, 524, -1,
      524, 449, 461, -1,
      524, 461, 487, -1,
      487, 461, 422, -1,
      487, 422, 510, -1,
      510, 422, 421, -1,
      510, 421, 511, -1,
      511, 421, 446, -1,
      511, 446, 488, -1,
      488, 446, 460, -1,
      488, 460, 489, -1,
      489, 460, 459, -1,
      489, 459, 491, -1,
      491, 459, 458, -1,
      491, 458, 492, -1,
      492, 458, 437, -1,
      492, 437, 494, -1,
      494, 437, 436, -1,
      494, 436, 495, -1,
      495, 436, 445, -1,
      495, 445, 497, -1,
      497, 445, 444, -1,
      497, 444, 499, -1,
      499, 444, 443, -1,
      449, 523, 450, -1,
      450, 523, 521, -1,
      451, 520, 462, -1,
      462, 520, 522, -1,
      504, 416, 505, -1,
      505, 416, 457, -1,
      505, 457, 506, -1,
      506, 457, 456, -1,
      506, 456, 481, -1,
      481, 456, 455, -1,
      481, 455, 482, -1,
      482, 455, 424, -1,
      482, 424, 484, -1,
      484, 424, 423, -1,
      484, 423, 517, -1,
      517, 423, 465, -1,
      517, 465, 518, -1,
      518, 465, 464, -1,
      518, 464, 519, -1,
      519, 464, 463, -1,
      519, 463, 493, -1,
      493, 463, 454, -1,
      493, 454, 485, -1,
      485, 454, 453, -1,
      485, 453, 486, -1,
      486, 453, 452, -1,
      486, 452, 522, -1,
      522, 452, 462, -1,
      405, 416, 18, -1,
      18, 416, 504, -1,
      425, 15, 443, -1,
      443, 15, 499, -1,
      563, 546, 932, -1,
      932, 546, 933, -1,
      932, 933, 934, -1,
      934, 933, 935, -1,
      934, 935, 936, -1,
      936, 935, 937, -1,
      936, 937, 938, -1,
      938, 937, 939, -1,
      938, 939, 940, -1,
      940, 939, 941, -1,
      940, 941, 942, -1,
      942, 941, 943, -1,
      944, 945, 946, -1,
      946, 945, 947, -1,
      946, 947, 948, -1,
      948, 947, 949, -1,
      948, 949, 950, -1,
      950, 949, 951, -1,
      950, 951, 952, -1,
      952, 951, 953, -1,
      952, 953, 954, -1,
      954, 953, 955, -1,
      954, 955, 564, -1,
      564, 955, 545, -1,
      546, 545, 955, -1,
      546, 955, 933, -1,
      933, 955, 953, -1,
      933, 953, 935, -1,
      935, 953, 951, -1,
      935, 951, 937, -1,
      937, 951, 949, -1,
      937, 949, 939, -1,
      939, 949, 947, -1,
      939, 947, 941, -1,
      941, 947, 945, -1,
      941, 945, 943, -1,
      942, 944, 940, -1,
      940, 944, 946, -1,
      940, 946, 938, -1,
      938, 946, 948, -1,
      938, 948, 936, -1,
      936, 948, 950, -1,
      936, 950, 934, -1,
      934, 950, 952, -1,
      934, 952, 932, -1,
      932, 952, 954, -1,
      932, 954, 563, -1,
      563, 954, 564, -1,
      956, 957, 944, -1,
      944, 957, 945, -1,
      958, 959, 943, -1,
      943, 959, 942, -1,
      957, 958, 945, -1,
      945, 958, 943, -1,
      942, 959, 944, -1,
      944, 959, 956, -1,
      958, 957, 959, -1,
      959, 957, 956, -1,
      520, 451, 960, -1,
      960, 451, 961, -1,
      960, 961, 962, -1,
      962, 961, 963, -1,
      962, 963, 964, -1,
      964, 963, 965, -1,
      964, 965, 966, -1,
      966, 965, 967, -1,
      966, 967, 968, -1,
      968, 967, 969, -1,
      968, 969, 970, -1,
      970, 969, 971, -1,
      972, 973, 974, -1,
      974, 973, 975, -1,
      974, 975, 976, -1,
      976, 975, 977, -1,
      976, 977, 978, -1,
      978, 977, 979, -1,
      978, 979, 980, -1,
      980, 979, 981, -1,
      980, 981, 982, -1,
      982, 981, 983, -1,
      982, 983, 521, -1,
      521, 983, 450, -1,
      451, 450, 983, -1,
      451, 983, 961, -1,
      961, 983, 981, -1,
      961, 981, 963, -1,
      963, 981, 979, -1,
      963, 979, 965, -1,
      965, 979, 977, -1,
      965, 977, 967, -1,
      967, 977, 975, -1,
      967, 975, 969, -1,
      969, 975, 973, -1,
      969, 973, 971, -1,
      970, 972, 968, -1,
      968, 972, 974, -1,
      968, 974, 966, -1,
      966, 974, 976, -1,
      966, 976, 964, -1,
      964, 976, 978, -1,
      964, 978, 962, -1,
      962, 978, 980, -1,
      962, 980, 960, -1,
      960, 980, 982, -1,
      960, 982, 520, -1,
      520, 982, 521, -1,
      984, 985, 972, -1,
      972, 985, 973, -1,
      986, 987, 971, -1,
      971, 987, 970, -1,
      985, 986, 973, -1,
      973, 986, 971, -1,
      970, 987, 972, -1,
      972, 987, 984, -1,
      986, 985, 987, -1,
      987, 985, 984, -1,
      740, 624, 741, -1,
      741, 624, 623, -1,
      624, 740, 12, -1,
      12, 740, 382, -1,
      12, 382, 10, -1,
      10, 382, 385, -1,
      10, 385, 8, -1,
      8, 385, 387, -1,
      8, 387, 6, -1,
      6, 387, 389, -1,
      6, 389, 4, -1,
      4, 389, 391, -1,
      4, 391, 2, -1,
      2, 391, 393, -1,
      2, 393, 1, -1,
      1, 393, 395, -1,
      1, 395, 29, -1,
      29, 395, 530, -1,
      742, 741, 613, -1,
      613, 741, 623, -1,
      372, 30, 530, -1,
      530, 30, 29, -1,
      612, 380, 747, -1,
      747, 380, 381, -1,
      610, 612, 746, -1,
      746, 612, 747, -1,
      608, 610, 744, -1,
      744, 610, 746, -1,
      609, 608, 743, -1,
      743, 608, 744, -1,
      611, 609, 745, -1,
      745, 609, 743, -1,
      613, 611, 742, -1,
      742, 611, 745, -1,
      708, 600, 724, -1,
      724, 600, 646, -1,
      600, 708, 370, -1,
      370, 708, 344, -1,
      370, 344, 368, -1,
      368, 344, 347, -1,
      368, 347, 366, -1,
      366, 347, 349, -1,
      366, 349, 364, -1,
      364, 349, 351, -1,
      364, 351, 362, -1,
      362, 351, 353, -1,
      362, 353, 360, -1,
      360, 353, 355, -1,
      360, 355, 358, -1,
      358, 355, 357, -1,
      358, 357, 875, -1,
      875, 357, 872, -1,
      874, 873, 862, -1,
      862, 873, 861, -1,
      862, 861, 863, -1,
      863, 861, 860, -1,
      863, 860, 864, -1,
      864, 860, 859, -1,
      864, 859, 865, -1,
      865, 859, 858, -1,
      865, 858, 866, -1,
      866, 858, 857, -1,
      866, 857, 867, -1,
      867, 857, 856, -1,
      867, 856, 618, -1,
      618, 856, 700, -1,
      618, 700, 646, -1,
      646, 700, 724, -1,
      873, 874, 872, -1,
      872, 874, 875, -1,
      343, 538, 342, -1,
      342, 538, 556, -1,
      538, 531, 556, -1,
      556, 531, 557, -1,
      529, 528, 566, -1,
      566, 528, 567, -1,
      550, 529, 574, -1,
      574, 529, 566, -1,
      531, 550, 557, -1,
      557, 550, 574, -1,
      555, 554, 560, -1,
      560, 554, 561, -1,
      537, 555, 559, -1,
      559, 555, 560, -1,
      552, 537, 558, -1,
      558, 537, 559, -1,
      554, 552, 561, -1,
      561, 552, 558, -1,
      414, 415, 490, -1,
      490, 415, 513, -1,
      426, 414, 496, -1,
      496, 414, 490, -1,
      415, 427, 513, -1,
      513, 427, 498, -1,
      427, 426, 498, -1,
      498, 426, 496, -1,
      418, 417, 470, -1,
      470, 417, 468, -1,
      409, 418, 472, -1,
      472, 418, 470, -1,
      410, 409, 466, -1,
      466, 409, 472, -1,
      417, 410, 468, -1,
      468, 410, 466, -1,
    ]
  }
}
