#VRML V2.0 utf8

Shape {
  appearance Appearance {
    material Material {
      diffuseColor 0.6667 0.6980 0.7686
      specularColor 0.3333 0.3490 0.3843
      ambientIntensity 0.2
      transparency 0.0000
      shininess 0.5
    }
  }
  geometry IndexedFaceSet {
    ccw TRUE
    solid FALSE
    coord DEF co Coordinate {
      point [
        1.663386 5.980315 -0.007874,
        1.663386 5.709297 -0.007874,
        1.427165 5.980315 -0.007874,
        1.427165 5.709297 -0.007874,
        1.663386 5.980315 0.031496,
        1.427165 5.980315 0.031496,
        1.663386 5.709297 0.031496,
        1.427165 5.709297 0.031496,
        1.663386 5.699385 0.032764,
        1.427165 5.699385 0.032764,
        1.663386 5.690111 0.036487,
        1.427165 5.690111 0.036487,
        1.663386 5.682074 0.042425,
        1.427165 5.682074 0.042425,
        1.663386 5.675790 0.050195,
        1.427165 5.675790 0.050195,
        1.663386 5.485713 0.358306,
        1.427165 5.485713 0.358306,
        1.427165 5.466861 0.381617,
        1.663386 5.466861 0.381617,
        1.427165 5.442749 0.399430,
        1.663386 5.442749 0.399430,
        1.427165 5.414928 0.410599,
        1.663386 5.414928 0.410599,
        1.427165 5.385191 0.414404,
        1.663386 5.385191 0.414404,
        1.663386 3.630708 0.414404,
        1.427165 3.630708 0.414404,
        1.663386 3.625099 0.414806,
        1.427165 3.625099 0.414806,
        1.663386 2.866967 0.523931,
        1.427165 2.866967 0.523931,
        1.427165 2.842283 0.524874,
        1.663386 2.842283 0.524874,
        1.427165 2.817943 0.520662,
        1.663386 2.817943 0.520662,
        1.427165 2.795011 0.511480,
        1.663386 2.795011 0.511480,
        1.663386 2.387258 0.296277,
        1.427165 2.387258 0.296277,
        1.663386 2.405635 0.261459,
        1.427165 2.405635 0.261459,
        1.663386 2.813387 0.476662,
        1.427165 2.813387 0.476662,
        1.663386 2.828675 0.482783,
        1.427165 2.828675 0.482783,
        1.663386 2.844902 0.485591,
        1.427165 2.844902 0.485591,
        1.663386 2.861358 0.484962,
        1.427165 2.861358 0.484962,
        1.663386 3.619490 0.375837,
        1.427165 3.619490 0.375837,
        1.427165 3.630708 0.375034,
        1.663386 3.630708 0.375034,
        1.663386 5.385191 0.375034,
        1.427165 5.385191 0.375034,
        1.663386 5.405016 0.372498,
        1.427165 5.405016 0.372498,
        1.663386 5.423563 0.365052,
        1.427165 5.423563 0.365052,
        1.663386 5.439638 0.353176,
        1.427165 5.439638 0.353176,
        1.663386 5.452206 0.337635,
        1.427165 5.452206 0.337635,
        1.663386 5.642283 0.029524,
        1.427165 5.642283 0.029524,
        1.427165 5.654850 0.013984,
        1.663386 5.654850 0.013984,
        1.427165 5.670925 0.002108,
        1.663386 5.670925 0.002108,
        1.427165 5.689472 -0.005337,
        1.663386 5.689472 -0.005337,
        1.013780 5.980315 -0.007874,
        1.013780 5.709297 -0.007874,
        0.777559 5.980315 -0.007874,
        0.777559 5.709297 -0.007874,
        1.013780 5.980315 0.031496,
        0.777559 5.980315 0.031496,
        1.013780 5.709297 0.031496,
        0.777559 5.709297 0.031496,
        1.013780 5.699385 0.032764,
        0.777559 5.699385 0.032764,
        1.013780 5.690111 0.036487,
        0.777559 5.690111 0.036487,
        1.013780 5.682074 0.042425,
        0.777559 5.682074 0.042425,
        1.013780 5.675790 0.050195,
        0.777559 5.675790 0.050195,
        1.013780 5.485713 0.358306,
        0.777559 5.485713 0.358306,
        0.777559 5.466861 0.381617,
        1.013780 5.466861 0.381617,
        0.777559 5.442749 0.399430,
        1.013780 5.442749 0.399430,
        0.777559 5.414928 0.410599,
        1.013780 5.414928 0.410599,
        0.777559 5.385191 0.414404,
        1.013780 5.385191 0.414404,
        1.013780 3.630708 0.414404,
        0.777559 3.630708 0.414404,
        1.013780 3.625099 0.414806,
        0.777559 3.625099 0.414806,
        1.013780 2.866967 0.523931,
        0.777559 2.866967 0.523931,
        0.777559 2.842283 0.524874,
        1.013780 2.842283 0.524874,
        0.777559 2.817943 0.520662,
        1.013780 2.817943 0.520662,
        0.777559 2.795011 0.511480,
        1.013780 2.795011 0.511480,
        1.013780 2.387258 0.296277,
        0.777559 2.387258 0.296277,
        1.013780 2.405635 0.261459,
        0.777559 2.405635 0.261459,
        1.013780 2.813387 0.476662,
        0.777559 2.813387 0.476662,
        1.013780 2.828675 0.482783,
        0.777559 2.828675 0.482783,
        1.013780 2.844902 0.485591,
        0.777559 2.844902 0.485591,
        1.013780 2.861358 0.484962,
        0.777559 2.861358 0.484962,
        1.013780 3.619490 0.375837,
        0.777559 3.619490 0.375837,
        0.777559 3.630708 0.375034,
        1.013780 3.630708 0.375034,
        1.013780 5.385191 0.375034,
        0.777559 5.385191 0.375034,
        1.013780 5.405016 0.372498,
        0.777559 5.405016 0.372498,
        1.013780 5.423563 0.365052,
        0.777559 5.423563 0.365052,
        1.013780 5.439638 0.353176,
        0.777559 5.439638 0.353176,
        1.013780 5.452206 0.337635,
        0.777559 5.452206 0.337635,
        1.013780 5.642283 0.029524,
        0.777559 5.642283 0.029524,
        0.777559 5.654850 0.013984,
        1.013780 5.654850 0.013984,
        0.777559 5.670925 0.002108,
        1.013780 5.670925 0.002108,
        0.777559 5.689472 -0.005337,
        1.013780 5.689472 -0.005337,
        0.364173 5.980315 -0.007874,
        0.364173 5.709297 -0.007874,
        0.127953 5.980315 -0.007874,
        0.127953 5.709297 -0.007874,
        0.364173 5.980315 0.031496,
        0.127953 5.980315 0.031496,
        0.364173 5.709297 0.031496,
        0.127953 5.709297 0.031496,
        0.364173 5.699385 0.032764,
        0.127953 5.699385 0.032764,
        0.364173 5.690111 0.036487,
        0.127953 5.690111 0.036487,
        0.364173 5.682074 0.042425,
        0.127953 5.682074 0.042425,
        0.364173 5.675790 0.050195,
        0.127953 5.675790 0.050195,
        0.364173 5.485713 0.358306,
        0.127953 5.485713 0.358306,
        0.127953 5.466861 0.381617,
        0.364173 5.466861 0.381617,
        0.127953 5.442749 0.399430,
        0.364173 5.442749 0.399430,
        0.127953 5.414928 0.410599,
        0.364173 5.414928 0.410599,
        0.127953 5.385191 0.414404,
        0.364173 5.385191 0.414404,
        0.364173 3.630708 0.414404,
        0.127953 3.630708 0.414404,
        0.364173 3.625099 0.414806,
        0.127953 3.625099 0.414806,
        0.364173 2.866967 0.523931,
        0.127953 2.866967 0.523931,
        0.127953 2.842283 0.524874,
        0.364173 2.842283 0.524874,
        0.127953 2.817943 0.520662,
        0.364173 2.817943 0.520662,
        0.127953 2.795011 0.511480,
        0.364173 2.795011 0.511480,
        0.364173 2.387258 0.296277,
        0.127953 2.387258 0.296277,
        0.364173 2.405635 0.261459,
        0.127953 2.405635 0.261459,
        0.364173 2.813387 0.476662,
        0.127953 2.813387 0.476662,
        0.364173 2.828675 0.482783,
        0.127953 2.828675 0.482783,
        0.364173 2.844902 0.485591,
        0.127953 2.844902 0.485591,
        0.364173 2.861358 0.484962,
        0.127953 2.861358 0.484962,
        0.364173 3.619490 0.375837,
        0.127953 3.619490 0.375837,
        0.127953 3.630708 0.375034,
        0.364173 3.630708 0.375034,
        0.364173 5.385191 0.375034,
        0.127953 5.385191 0.375034,
        0.364173 5.405016 0.372498,
        0.127953 5.405016 0.372498,
        0.364173 5.423563 0.365052,
        0.127953 5.423563 0.365052,
        0.364173 5.439638 0.353176,
        0.127953 5.439638 0.353176,
        0.364173 5.452206 0.337635,
        0.127953 5.452206 0.337635,
        0.364173 5.642283 0.029524,
        0.127953 5.642283 0.029524,
        0.127953 5.654850 0.013984,
        0.364173 5.654850 0.013984,
        0.127953 5.670925 0.002108,
        0.364173 5.670925 0.002108,
        0.127953 5.689472 -0.005337,
        0.364173 5.689472 -0.005337,
        5.653544 5.429134 -0.027559,
        5.653544 3.147244 -0.027559,
        5.629921 5.429134 -0.027559,
        5.653544 0.865354 -0.027559,
        5.629921 -2.318898 -0.027559,
        5.653544 -1.416535 -0.027559,
        5.653544 -2.318898 -0.027559,
        -5.653544 -3.381890 -0.027559,
        -5.629921 -3.381890 -0.027559,
        -5.653544 -3.698425 -0.027559,
        -5.629921 -5.980315 -0.027559,
        -5.653544 -5.980315 -0.027559,
        -5.629921 5.429134 -0.027559,
        -5.653544 5.429134 -0.027559,
        -5.657760 5.429134 -0.023902,
        -3.802759 5.429134 1.141732,
        -3.802759 5.429134 1.102362,
        -5.590551 5.429134 1.141732,
        -5.590551 5.429134 1.102362,
        -5.610931 5.429134 1.139049,
        -5.600741 5.429134 1.101021,
        -5.629921 5.429134 1.131183,
        -5.610236 5.429134 1.097087,
        -5.646229 5.429134 1.118670,
        -5.618390 5.429134 1.090831,
        -5.658742 5.429134 1.102362,
        -5.624647 5.429134 1.082677,
        -5.666609 5.429134 1.083372,
        -5.628580 5.429134 1.073182,
        -5.669291 5.429134 1.062992,
        -5.629921 5.429134 1.062992,
        -5.669291 5.429134 0.003937,
        -5.664017 5.429134 -0.015748,
        -5.667950 5.429134 -0.006253,
        5.078741 -4.215267 1.102362,
        5.078741 -4.215267 1.141732,
        5.078741 -4.532052 1.102362,
        5.078741 -4.532052 1.141732,
        -5.078741 -5.768530 1.102362,
        -5.078741 -5.768530 1.141732,
        -5.078741 -5.574372 1.102362,
        -5.078741 -5.574372 1.141732,
        5.590551 -4.215267 1.102362,
        5.590551 -2.858043 1.102362,
        5.600741 -4.215267 1.101021,
        5.600741 -2.858043 1.101021,
        5.610236 -4.215267 1.097087,
        5.610236 -2.858043 1.097087,
        5.618390 -4.215267 1.090831,
        5.618390 -2.858043 1.090831,
        5.624647 -4.215267 1.082677,
        5.624647 -2.858043 1.082677,
        5.628580 -4.215267 1.073182,
        5.628580 -2.858043 1.073182,
        5.629921 -4.215267 1.062992,
        5.629921 -2.858043 1.062992,
        5.669291 -4.215267 1.062992,
        5.669291 -2.858043 1.062992,
        5.666609 -2.858043 1.083372,
        5.666609 -4.215267 1.083372,
        5.658742 -2.858043 1.102362,
        5.658742 -4.215267 1.102362,
        5.646229 -2.858043 1.118670,
        5.646229 -4.215267 1.118670,
        5.629921 -2.858043 1.131183,
        5.629921 -4.215267 1.131183,
        5.610931 -2.858043 1.139049,
        5.610931 -4.215267 1.139049,
        5.590551 -2.858043 1.141732,
        5.590551 -4.215267 1.141732,
        -5.667950 -5.980315 -0.006253,
        -5.664017 -5.980315 -0.015748,
        -5.657760 -5.980315 -0.023902,
        -5.135033 -5.980315 1.102362,
        -5.135033 -5.980315 1.141732,
        -5.590551 -5.980315 1.102362,
        -5.590551 -5.980315 1.141732,
        -5.600741 -5.980315 1.101021,
        -5.610931 -5.980315 1.139049,
        -5.610236 -5.980315 1.097087,
        -5.629921 -5.980315 1.131183,
        -5.618390 -5.980315 1.090831,
        -5.646229 -5.980315 1.118670,
        -5.624647 -5.980315 1.082677,
        -5.658742 -5.980315 1.102362,
        -5.628580 -5.980315 1.073182,
        -5.666609 -5.980315 1.083372,
        -5.629921 -5.980315 1.062992,
        -5.669291 -5.980315 1.062992,
        -5.669291 -5.980315 0.003937,
        5.629921 0.976541 1.023622,
        5.629921 0.976541 1.062992,
        5.629921 5.429134 1.062992,
        5.629921 -5.980315 -0.027559,
        5.629921 -5.980315 1.062992,
        5.629921 -5.768530 1.062992,
        5.629921 -0.381682 0.350785,
        5.629921 -1.280939 0.350785,
        5.629921 -2.858043 1.023622,
        5.629921 -1.280939 0.779976,
        5.629921 -2.318898 0.003937,
        5.629921 -2.909449 0.003937,
        5.629921 -5.768530 0.350785,
        5.629921 -4.215267 0.350785,
        5.629921 -2.909449 -0.027559,
        5.629921 4.736428 0.779976,
        5.629921 4.736428 0.350785,
        5.629921 3.837170 0.350785,
        5.629921 3.837170 0.779976,
        5.629921 -0.381682 0.779976,
        5.590551 -5.980315 1.102362,
        5.590551 -5.768530 1.102362,
        5.600741 -5.980315 1.101021,
        5.600741 -5.768530 1.101021,
        5.610236 -5.980315 1.097087,
        5.610236 -5.768530 1.097087,
        5.618390 -5.980315 1.090831,
        5.618390 -5.768530 1.090831,
        5.624647 -5.980315 1.082677,
        5.624647 -5.768530 1.082677,
        5.628580 -5.980315 1.073182,
        5.628580 -5.768530 1.073182,
        5.590551 0.976541 1.102362,
        5.590551 5.429134 1.102362,
        5.600741 0.976541 1.101021,
        5.600741 5.429134 1.101021,
        5.610236 0.976541 1.097087,
        5.610236 5.429134 1.097087,
        5.618390 0.976541 1.090831,
        5.618390 5.429134 1.090831,
        5.624647 0.976541 1.082677,
        5.624647 5.429134 1.082677,
        5.628580 0.976541 1.073182,
        5.628580 5.429134 1.073182,
        -5.590551 -5.768530 1.102362,
        -4.992896 -5.962955 1.102362,
        -5.078741 -4.215267 1.102362,
        -2.173411 -3.768906 1.102362,
        -2.756224 -4.032942 1.102362,
        -5.590551 -4.215267 1.102362,
        -5.590551 -0.162667 1.102362,
        -5.472441 -0.162667 1.102362,
        4.013814 5.429134 1.102362,
        -3.302727 -4.365689 1.102362,
        -3.804857 -4.762238 1.102362,
        -5.078741 -4.532052 1.102362,
        -4.255207 -5.216739 1.102362,
        4.562647 0.976541 1.102362,
        4.545126 0.974567 1.102362,
        4.528483 0.968743 1.102362,
        4.513554 0.959362 1.102362,
        4.501085 0.946894 1.102362,
        4.491705 0.931965 1.102362,
        -4.893064 2.324340 1.102362,
        -4.909707 2.318517 1.102362,
        -4.924636 2.309136 1.102362,
        -4.937104 2.296668 1.102362,
        -4.647133 -5.722486 1.102362,
        -4.741557 -5.830135 1.102362,
        -4.859115 -5.911894 1.102362,
        4.485881 0.915322 1.102362,
        4.483907 0.897800 1.102362,
        4.483907 -2.779303 1.102362,
        4.513554 -2.840865 1.102362,
        4.528483 -2.850246 1.102362,
        -4.946485 2.281738 1.102362,
        -4.952309 2.265096 1.102362,
        -4.954283 2.247574 1.102362,
        4.485881 -2.796824 1.102362,
        4.491705 -2.813467 1.102362,
        4.501085 -2.828397 1.102362,
        -4.946485 -0.093469 1.102362,
        -4.937104 -0.108398 1.102362,
        -4.952309 -0.076826 1.102362,
        -4.924636 -0.120867 1.102362,
        -4.909707 -0.130247 1.102362,
        -4.893064 -0.136071 1.102362,
        -4.875543 -0.138045 1.102362,
        -4.624000 -0.138045 1.102362,
        -4.606479 -0.136071 1.102362,
        -1.562887 -3.577476 1.102362,
        4.562647 -2.858043 1.102362,
        4.545126 -2.856069 1.102362,
        -4.589836 -0.130247 1.102362,
        -4.574907 -0.120867 1.102362,
        -0.933657 -3.461477 1.102362,
        -4.562439 -0.108398 1.102362,
        -4.589836 2.318517 1.102362,
        -4.574907 2.309136 1.102362,
        -4.562439 2.296668 1.102362,
        -4.606479 2.324340 1.102362,
        -4.624000 2.326314 1.102362,
        -4.875543 2.326314 1.102362,
        -5.590551 2.330728 1.102362,
        -5.472441 2.330728 1.102362,
        -4.954283 -0.059305 1.102362,
        -4.545261 -0.059305 1.102362,
        -4.545261 2.247574 1.102362,
        -4.547234 2.265096 1.102362,
        -4.553058 2.281738 1.102362,
        3.214846 -4.762238 1.102362,
        2.712717 -4.365689 1.102362,
        2.166214 -4.032942 1.102362,
        1.583401 -3.768906 1.102362,
        0.972876 -3.577476 1.102362,
        -4.553058 -0.093469 1.102362,
        0.343646 -3.461477 1.102362,
        -0.295005 -3.422620 1.102362,
        -4.547234 -0.076826 1.102362,
        5.078741 -5.768530 1.102362,
        4.545022 -5.980315 1.102362,
        5.078741 -5.574372 1.102362,
        4.402885 -5.962955 1.102362,
        4.269105 -5.911894 1.102362,
        4.151546 -5.830135 1.102362,
        4.057122 -5.722486 1.102362,
        3.665196 -5.216739 1.102362,
        -5.590551 2.330728 1.141732,
        -5.472441 2.330728 1.141732,
        -5.590551 -4.215267 1.141732,
        -5.078741 -4.215267 1.141732,
        -5.590551 -0.162667 1.141732,
        -5.472441 -0.162667 1.141732,
        -3.804857 -4.762238 1.141732,
        -3.302727 -4.365689 1.141732,
        4.485881 0.915322 1.141732,
        4.491705 0.931965 1.141732,
        -4.545261 2.247574 1.141732,
        4.501085 0.946894 1.141732,
        4.513554 0.959362 1.141732,
        4.528483 0.968743 1.141732,
        4.545126 0.974567 1.141732,
        -0.933657 -3.461477 1.141732,
        -0.295005 -3.422620 1.141732,
        -4.562439 -0.108398 1.141732,
        -4.647133 -5.722486 1.141732,
        -4.255207 -5.216739 1.141732,
        -4.547234 -0.076826 1.141732,
        5.078741 -5.574372 1.141732,
        -4.545261 -0.059305 1.141732,
        -4.553058 -0.093469 1.141732,
        -4.606479 -0.136071 1.141732,
        -4.624000 -0.138045 1.141732,
        -2.173411 -3.768906 1.141732,
        -4.875543 -0.138045 1.141732,
        -4.893064 -0.136071 1.141732,
        -4.893064 2.324340 1.141732,
        -4.875543 2.326314 1.141732,
        -4.624000 2.326314 1.141732,
        -4.606479 2.324340 1.141732,
        4.562647 0.976541 1.141732,
        5.590551 0.976541 1.141732,
        -4.547234 2.265096 1.141732,
        5.590551 5.429134 1.141732,
        -5.078741 -4.532052 1.141732,
        -5.301474 -4.532052 1.141732,
        -5.301474 -5.574372 1.141732,
        4.485881 -2.796824 1.141732,
        4.491705 -2.813467 1.141732,
        4.501085 -2.828397 1.141732,
        -1.562887 -3.577476 1.141732,
        -4.574907 -0.120867 1.141732,
        -4.589836 -0.130247 1.141732,
        -2.756224 -4.032942 1.141732,
        -4.909707 -0.130247 1.141732,
        -4.589836 2.318517 1.141732,
        -4.574907 2.309136 1.141732,
        4.013814 5.429134 1.141732,
        -4.562439 2.296668 1.141732,
        -4.553058 2.281738 1.141732,
        -5.590551 -5.768530 1.141732,
        4.545126 -2.856069 1.141732,
        4.528483 -2.850246 1.141732,
        4.513554 -2.840865 1.141732,
        4.483907 -2.779303 1.141732,
        4.483907 0.897800 1.141732,
        -4.924636 -0.120867 1.141732,
        -4.937104 -0.108398 1.141732,
        -4.946485 -0.093469 1.141732,
        -4.924636 2.309136 1.141732,
        -4.909707 2.318517 1.141732,
        -4.992896 -5.962955 1.141732,
        -4.859115 -5.911894 1.141732,
        -4.741557 -5.830135 1.141732,
        5.301474 -5.574372 1.141732,
        5.301474 -4.532052 1.141732,
        4.562647 -2.858043 1.141732,
        0.343646 -3.461477 1.141732,
        0.972876 -3.577476 1.141732,
        -4.952309 2.265096 1.141732,
        -4.946485 2.281738 1.141732,
        -4.937104 2.296668 1.141732,
        2.712717 -4.365689 1.141732,
        2.166214 -4.032942 1.141732,
        1.583401 -3.768906 1.141732,
        3.214846 -4.762238 1.141732,
        3.665196 -5.216739 1.141732,
        4.057122 -5.722486 1.141732,
        5.590551 -5.980315 1.141732,
        5.590551 -5.768530 1.141732,
        4.545022 -5.980315 1.141732,
        5.078741 -5.768530 1.141732,
        4.402885 -5.962955 1.141732,
        -4.952309 -0.076826 1.141732,
        -4.954283 -0.059305 1.141732,
        -4.954283 2.247574 1.141732,
        4.151546 -5.830135 1.141732,
        4.269105 -5.911894 1.141732,
        5.669291 -5.980315 1.062992,
        5.669291 -5.768530 1.062992,
        5.666609 -5.768530 1.083372,
        5.666609 -5.980315 1.083372,
        5.658742 -5.768530 1.102362,
        5.658742 -5.980315 1.102362,
        5.646229 -5.768530 1.118670,
        5.646229 -5.980315 1.118670,
        5.629921 -5.768530 1.131183,
        5.629921 -5.980315 1.131183,
        5.610931 -5.768530 1.139049,
        5.610931 -5.980315 1.139049,
        5.669291 0.976541 1.062992,
        5.669291 5.429134 1.062992,
        5.666609 5.429134 1.083372,
        5.666609 0.976541 1.083372,
        5.658742 5.429134 1.102362,
        5.658742 0.976541 1.102362,
        5.646229 5.429134 1.118670,
        5.646229 0.976541 1.118670,
        5.629921 5.429134 1.131183,
        5.629921 0.976541 1.131183,
        5.610931 5.429134 1.139049,
        5.610931 0.976541 1.139049,
        5.669291 3.147244 0.003937,
        5.669291 3.837170 0.350785,
        5.669291 3.837170 0.779976,
        5.669291 -1.280939 0.350785,
        5.669291 -1.280939 0.779976,
        5.669291 -5.768530 0.350785,
        5.669291 -5.980315 0.003937,
        5.669291 -4.215267 0.350785,
        5.669291 -3.698425 0.003937,
        5.669291 4.736428 0.350785,
        5.669291 5.429134 0.003937,
        5.669291 4.736428 0.779976,
        5.669291 0.976541 1.023622,
        5.669291 0.865354 0.003937,
        5.669291 -2.858043 1.023622,
        5.669291 -0.381682 0.779976,
        5.669291 -0.381682 0.350785,
        5.669291 -1.416535 0.003937,
        -5.629921 -4.215267 1.062992,
        -5.629921 -0.162667 1.062992,
        -5.628580 -4.215267 1.073182,
        -5.628580 -0.162667 1.073182,
        -5.624647 -4.215267 1.082677,
        -5.624647 -0.162667 1.082677,
        -5.618390 -4.215267 1.090831,
        -5.618390 -0.162667 1.090831,
        -5.610236 -4.215267 1.097087,
        -5.610236 -0.162667 1.097087,
        -5.600741 -4.215267 1.101021,
        -5.600741 -0.162667 1.101021,
        -5.610931 -0.162667 1.139049,
        -5.610931 -4.215267 1.139049,
        -5.629921 -0.162667 1.131183,
        -5.629921 -4.215267 1.131183,
        -5.646229 -0.162667 1.118670,
        -5.646229 -4.215267 1.118670,
        -5.658742 -0.162667 1.102362,
        -5.658742 -4.215267 1.102362,
        -5.666609 -0.162667 1.083372,
        -5.666609 -4.215267 1.083372,
        -5.669291 -0.162667 1.062992,
        -5.669291 -4.215267 1.062992,
        -5.618667 2.330728 1.090551,
        -5.618667 -0.070697 1.090551,
        -5.624647 -0.070697 1.082677,
        -5.600741 2.330728 1.101021,
        -5.610236 2.330728 1.097087,
        -5.618390 2.330728 1.090831,
        -5.629921 -0.070697 1.062992,
        -5.628580 -0.070697 1.073182,
        -5.610931 2.330728 1.139049,
        -5.629921 2.330728 1.131183,
        -5.646229 2.330728 1.118670,
        -5.658742 2.330728 1.102362,
        -5.666609 -0.070697 1.083372,
        -5.664311 -0.070697 1.090551,
        -5.664311 2.330728 1.090551,
        -5.669291 -0.070697 1.062992,
        5.667950 5.429134 -0.006253,
        5.664017 5.429134 -0.015748,
        5.657760 5.429134 -0.023902,
        5.653544 -5.980315 -0.027559,
        5.653544 -3.698425 -0.027559,
        5.653544 -2.909449 -0.027559,
        -5.629921 -5.768530 1.062992,
        -5.628580 -5.768530 1.073182,
        -5.624647 -5.768530 1.082677,
        -5.618390 -5.768530 1.090831,
        -5.610236 -5.768530 1.097087,
        -5.600741 -5.768530 1.101021,
        -5.629921 -5.768530 0.350785,
        -5.629921 -4.215267 0.350785,
        -5.629921 -3.381890 0.003937,
        -5.629921 -0.070697 0.647131,
        -5.629921 2.330728 0.647131,
        -5.629921 4.736428 0.350785,
        -5.629921 4.736428 0.779976,
        -5.629921 3.837170 0.779976,
        -5.629921 -1.280939 0.779976,
        -5.629921 -2.791339 0.003937,
        -5.629921 -1.280939 0.350785,
        -5.629921 -2.791339 -0.027559,
        -5.629921 -0.381682 0.350785,
        -5.629921 3.837170 0.350785,
        -5.629921 2.330728 0.483630,
        -5.629921 -0.162667 0.483630,
        -5.629921 -0.381682 0.779976,
        -5.653544 -2.791339 -0.027559,
        -5.653544 -1.416535 -0.027559,
        -5.653544 0.865354 -0.027559,
        -5.653544 3.147244 -0.027559,
        -5.669291 2.330728 0.647131,
        -5.669291 -0.070697 0.647131,
        -5.669291 -5.768530 1.062992,
        -5.669291 -5.768530 0.350785,
        -5.669291 -3.698425 0.003937,
        -5.669291 -4.215267 0.350785,
        -5.669291 -0.162667 0.483630,
        -5.669291 -0.381682 0.779976,
        -5.669291 -1.280939 0.779976,
        -5.669291 -1.280939 0.350785,
        -5.669291 -1.416535 0.003937,
        -5.669291 -0.381682 0.350785,
        -5.669291 0.865354 0.003937,
        -5.669291 3.147244 0.003937,
        -5.669291 2.330728 0.483630,
        -5.669291 3.837170 0.779976,
        -5.669291 3.837170 0.350785,
        -5.669291 4.736428 0.350785,
        -5.669291 4.736428 0.779976,
        -5.610931 -5.768530 1.139049,
        -5.629921 -5.768530 1.131183,
        -5.646229 -5.768530 1.118670,
        -5.658742 -5.768530 1.102362,
        -5.666609 -5.768530 1.083372,
        5.657760 -5.980315 -0.023902,
        5.664017 -5.980315 -0.015748,
        5.667950 -5.980315 -0.006253,
        -5.078741 -5.574372 0.944882,
        -5.078741 -4.532052 0.944882,
        -5.380214 -5.574372 0.944882,
        -5.380214 -5.574372 1.062992,
        -5.377531 -5.574372 1.083372,
        -5.369665 -5.574372 1.102362,
        -5.321854 -5.574372 1.139049,
        -5.340844 -5.574372 1.131183,
        -5.357151 -5.574372 1.118670,
        -5.380214 -4.532052 1.062992,
        -5.380214 -4.532052 0.944882,
        -5.377531 -4.532052 1.083372,
        -5.369665 -4.532052 1.102362,
        -5.357151 -4.532052 1.118670,
        -5.340844 -4.532052 1.131183,
        -5.321854 -4.532052 1.139049,
        5.078741 -4.532052 0.944882,
        5.078741 -5.574372 0.944882,
        5.380214 -4.532052 0.944882,
        5.380214 -4.532052 1.062992,
        5.377531 -4.532052 1.083372,
        5.369665 -4.532052 1.102362,
        5.321854 -4.532052 1.139049,
        5.340844 -4.532052 1.131183,
        5.357151 -4.532052 1.118670,
        5.380214 -5.574372 1.062992,
        5.380214 -5.574372 0.944882,
        5.377531 -5.574372 1.083372,
        5.369665 -5.574372 1.102362,
        5.357151 -5.574372 1.118670,
        5.340844 -5.574372 1.131183,
        5.321854 -5.574372 1.139049,
        -3.802759 5.429134 0.697218,
        4.013814 5.429134 0.697218,
        -3.802759 5.468504 0.697218,
        -3.802759 5.468504 1.102362,
        -3.802759 5.467162 1.112552,
        -3.802759 5.439324 1.140391,
        -3.802759 5.448819 1.136458,
        -3.802759 5.456973 1.130201,
        -3.802759 5.463230 1.122047,
        4.013814 5.468504 0.697218,
        4.013814 5.439324 1.140391,
        4.013814 5.468504 1.102362,
        4.013814 5.467162 1.112552,
        4.013814 5.463230 1.122047,
        4.013814 5.456973 1.130201,
        4.013814 5.448819 1.136458,
        -5.275591 -3.381890 0.003937,
        -5.275591 -3.381890 -0.035433,
        -5.649606 -3.381890 -0.030159,
        -5.640111 -3.381890 -0.034092,
        -5.629921 -3.381890 -0.035433,
        -5.275591 -2.791339 0.003937,
        -5.275591 -2.791339 -0.035433,
        -5.629921 -2.791339 -0.035433,
        -5.640111 -2.791339 -0.034092,
        -5.649606 -2.791339 -0.030159,
        5.275591 -2.318898 0.003937,
        5.275591 -2.909449 0.003937,
        5.275591 -2.318898 -0.035433,
        5.649606 -2.318898 -0.030159,
        5.640111 -2.318898 -0.034092,
        5.629921 -2.318898 -0.035433,
        5.275591 -2.909449 -0.035433,
        5.629921 -2.909449 -0.035433,
        5.640111 -2.909449 -0.034092,
        5.649606 -2.909449 -0.030159,
        5.657760 3.147244 -0.023902,
        5.657760 0.865354 -0.023902,
        5.657760 -1.416535 -0.023902,
        5.657760 -3.698425 -0.023902,
        5.664017 3.147244 -0.015748,
        5.664017 0.865354 -0.015748,
        5.664017 -1.416535 -0.015748,
        5.664017 -3.698425 -0.015748,
        5.667950 3.147244 -0.006253,
        5.667950 0.865354 -0.006253,
        5.667950 -1.416535 -0.006253,
        5.667950 -3.698425 -0.006253,
        -5.657760 -3.698425 -0.023902,
        -5.657760 -1.416535 -0.023902,
        -5.657760 3.147244 -0.023902,
        -5.657760 0.865354 -0.023902,
        -5.664017 -3.698425 -0.015748,
        -5.664017 -1.416535 -0.015748,
        -5.664017 0.865354 -0.015748,
        -5.664017 3.147244 -0.015748,
        -5.667950 -3.698425 -0.006253,
        -5.667950 -1.416535 -0.006253,
        -5.667950 0.865354 -0.006253,
        -5.667950 3.147244 -0.006253,
        3.627681 5.979345 -0.007874,
        3.627681 5.708839 -0.007874,
        3.391461 5.979345 -0.007874,
        3.391461 5.708839 -0.007874,
        3.627681 5.979345 0.031496,
        3.391461 5.979345 0.031496,
        3.627681 5.708839 0.031496,
        3.391461 5.708839 0.031496,
        3.627681 5.698833 0.032789,
        3.391461 5.698833 0.032789,
        3.627681 5.689483 0.036583,
        3.391461 5.689483 0.036583,
        3.627681 5.681406 0.042628,
        3.391461 5.681406 0.042628,
        3.627681 5.675130 0.050528,
        3.391461 5.675130 0.050528,
        3.627681 5.480179 0.373658,
        3.391461 5.480179 0.373658,
        3.391461 5.467627 0.389458,
        3.627681 5.467627 0.389458,
        3.391461 5.451470 0.401549,
        3.627681 5.451470 0.401549,
        3.391461 5.432772 0.409137,
        3.627681 5.432772 0.409137,
        3.391461 5.412759 0.411722,
        3.627681 5.412759 0.411722,
        3.627681 5.364857 0.411722,
        3.391461 5.364857 0.411722,
        3.627681 3.623519 0.415199,
        3.391461 3.623519 0.415199,
        3.627681 3.619579 0.415405,
        3.391461 3.619579 0.415405,
        3.627681 1.936926 0.588091,
        3.391461 1.936926 0.588091,
        3.391461 1.915805 0.588360,
        3.627681 1.915805 0.588360,
        3.391461 1.894974 0.584862,
        3.627681 1.894974 0.584862,
        3.391461 1.875098 0.577710,
        3.627681 1.875098 0.577710,
        3.627681 1.268573 0.295890,
        3.391461 1.268573 0.295890,
        3.627681 1.285163 0.260186,
        3.391461 1.285163 0.260186,
        3.627681 1.891688 0.542006,
        3.391461 1.891688 0.542006,
        3.627681 1.904938 0.546774,
        3.391461 1.904938 0.546774,
        3.627681 1.918826 0.549106,
        3.391461 1.918826 0.549106,
        3.627681 1.932907 0.548927,
        3.391461 1.932907 0.548927,
        3.627681 3.615559 0.376241,
        3.391461 3.615559 0.376241,
        3.391461 3.623441 0.375829,
        3.627681 3.623441 0.375829,
        3.627681 5.364817 0.372352,
        3.391461 5.364817 0.372352,
        3.627681 5.412759 0.372352,
        3.391461 5.412759 0.372352,
        3.627681 5.422765 0.371059,
        3.391461 5.422765 0.371059,
        3.627681 5.432115 0.367266,
        3.391461 5.432115 0.367266,
        3.627681 5.440193 0.361220,
        3.391461 5.440193 0.361220,
        3.627681 5.446469 0.353320,
        3.391461 5.446469 0.353320,
        3.627681 5.641420 0.030190,
        3.391461 5.641420 0.030190,
        3.391461 5.653972 0.014390,
        3.627681 5.653972 0.014390,
        3.391461 5.670128 0.002299,
        3.627681 5.670128 0.002299,
        3.391461 5.688826 -0.005288,
        3.627681 5.688826 -0.005288,
        5.509670 0.760272 0.825285,
        5.509670 0.760272 0.864655,
        5.509670 0.215016 0.825285,
        5.509670 0.215016 0.864655,
        5.482184 0.154857 0.825285,
        4.643528 0.154857 0.825285,
        4.643528 0.760272 0.825285,
        4.643528 0.760272 0.864655,
        4.643528 0.154857 0.864655,
        5.482184 0.154857 0.864655,
        4.643528 0.075818 0.867394,
        5.446072 0.075818 0.867394,
        4.643528 -0.002843 0.875598,
        5.410134 -0.002843 0.875598,
        5.248367 -0.428448 0.934953,
        5.258731 -0.352281 0.924331,
        5.283696 -0.279580 0.914192,
        4.643528 -2.109593 1.169404,
        5.508803 -2.109593 1.169404,
        5.253002 -0.505176 0.945653,
        5.509670 -2.115031 1.170150,
        4.643528 -2.193678 1.178174,
        5.509670 -2.193678 1.178174,
        4.643528 -2.278168 1.181102,
        5.509670 -2.278168 1.181102,
        5.509670 -2.858043 1.181102,
        4.643528 -2.858043 1.181102,
        5.509670 -2.858043 1.141732,
        4.643528 -2.858043 1.141732,
        5.509670 -2.278168 1.141732,
        4.643528 -2.278168 1.141732,
        5.509670 -2.196404 1.138899,
        4.643528 -2.196404 1.138899,
        5.509670 -2.115031 1.130411,
        4.643528 -2.115031 1.130411,
        5.258731 -0.352281 0.884580,
        4.643528 -0.008280 0.836606,
        5.283696 -0.279580 0.874441,
        5.407650 -0.008280 0.836606,
        5.253002 -0.505176 0.905902,
        5.248367 -0.428448 0.895202,
        4.643528 0.073092 0.828119,
        5.444827 0.073092 0.828119,
      ]
    }
    coordIndex [
      0, 1, 2, -1,
      2, 1, 3, -1,
      4, 0, 5, -1,
      5, 0, 2, -1,
      6, 4, 7, -1,
      7, 4, 5, -1,
      6, 7, 8, -1,
      8, 7, 9, -1,
      8, 9, 10, -1,
      10, 9, 11, -1,
      10, 11, 12, -1,
      12, 11, 13, -1,
      12, 13, 14, -1,
      14, 13, 15, -1,
      16, 14, 17, -1,
      17, 14, 15, -1,
      16, 17, 18, -1,
      16, 18, 19, -1,
      19, 18, 20, -1,
      19, 20, 21, -1,
      21, 20, 22, -1,
      21, 22, 23, -1,
      23, 22, 24, -1,
      23, 24, 25, -1,
      26, 25, 27, -1,
      27, 25, 24, -1,
      26, 27, 28, -1,
      28, 27, 29, -1,
      30, 28, 31, -1,
      31, 28, 29, -1,
      30, 31, 32, -1,
      30, 32, 33, -1,
      33, 32, 34, -1,
      33, 34, 35, -1,
      35, 34, 36, -1,
      35, 36, 37, -1,
      38, 37, 39, -1,
      39, 37, 36, -1,
      40, 38, 41, -1,
      41, 38, 39, -1,
      42, 40, 43, -1,
      43, 40, 41, -1,
      42, 43, 44, -1,
      44, 43, 45, -1,
      44, 45, 46, -1,
      46, 45, 47, -1,
      46, 47, 48, -1,
      48, 47, 49, -1,
      50, 48, 51, -1,
      51, 48, 49, -1,
      51, 52, 50, -1,
      50, 52, 53, -1,
      54, 53, 55, -1,
      55, 53, 52, -1,
      54, 55, 56, -1,
      56, 55, 57, -1,
      56, 57, 58, -1,
      58, 57, 59, -1,
      58, 59, 60, -1,
      60, 59, 61, -1,
      60, 61, 62, -1,
      62, 61, 63, -1,
      64, 62, 65, -1,
      65, 62, 63, -1,
      64, 65, 66, -1,
      64, 66, 67, -1,
      67, 66, 68, -1,
      67, 68, 69, -1,
      69, 68, 70, -1,
      69, 70, 71, -1,
      71, 70, 3, -1,
      71, 3, 1, -1,
      38, 40, 37, -1,
      37, 40, 42, -1,
      37, 42, 35, -1,
      35, 42, 44, -1,
      35, 44, 33, -1,
      33, 44, 46, -1,
      33, 46, 30, -1,
      30, 46, 48, -1,
      30, 48, 28, -1,
      28, 48, 50, -1,
      28, 50, 26, -1,
      26, 50, 53, -1,
      26, 53, 25, -1,
      25, 53, 54, -1,
      25, 54, 23, -1,
      23, 54, 56, -1,
      23, 56, 21, -1,
      21, 56, 58, -1,
      21, 58, 19, -1,
      19, 58, 60, -1,
      19, 60, 16, -1,
      16, 60, 62, -1,
      16, 62, 14, -1,
      14, 62, 64, -1,
      14, 64, 12, -1,
      12, 64, 67, -1,
      12, 67, 10, -1,
      10, 67, 69, -1,
      10, 69, 8, -1,
      8, 69, 71, -1,
      8, 71, 6, -1,
      6, 71, 1, -1,
      6, 1, 4, -1,
      4, 1, 0, -1,
      5, 2, 7, -1,
      7, 2, 3, -1,
      7, 3, 9, -1,
      9, 3, 70, -1,
      9, 70, 11, -1,
      11, 70, 68, -1,
      11, 68, 13, -1,
      13, 68, 66, -1,
      13, 66, 15, -1,
      15, 66, 65, -1,
      15, 65, 17, -1,
      17, 65, 63, -1,
      17, 63, 18, -1,
      18, 63, 61, -1,
      18, 61, 20, -1,
      20, 61, 59, -1,
      20, 59, 22, -1,
      22, 59, 57, -1,
      22, 57, 24, -1,
      24, 57, 55, -1,
      24, 55, 27, -1,
      27, 55, 52, -1,
      27, 52, 29, -1,
      29, 52, 51, -1,
      29, 51, 31, -1,
      31, 51, 49, -1,
      31, 49, 32, -1,
      32, 49, 47, -1,
      32, 47, 34, -1,
      34, 47, 45, -1,
      34, 45, 36, -1,
      36, 45, 43, -1,
      36, 43, 39, -1,
      39, 43, 41, -1,
      72, 73, 74, -1,
      74, 73, 75, -1,
      76, 72, 77, -1,
      77, 72, 74, -1,
      78, 76, 79, -1,
      79, 76, 77, -1,
      78, 79, 80, -1,
      80, 79, 81, -1,
      80, 81, 82, -1,
      82, 81, 83, -1,
      82, 83, 84, -1,
      84, 83, 85, -1,
      84, 85, 86, -1,
      86, 85, 87, -1,
      88, 86, 89, -1,
      89, 86, 87, -1,
      88, 89, 90, -1,
      88, 90, 91, -1,
      91, 90, 92, -1,
      91, 92, 93, -1,
      93, 92, 94, -1,
      93, 94, 95, -1,
      95, 94, 96, -1,
      95, 96, 97, -1,
      98, 97, 99, -1,
      99, 97, 96, -1,
      98, 99, 100, -1,
      100, 99, 101, -1,
      102, 100, 103, -1,
      103, 100, 101, -1,
      102, 103, 104, -1,
      102, 104, 105, -1,
      105, 104, 106, -1,
      105, 106, 107, -1,
      107, 106, 108, -1,
      107, 108, 109, -1,
      110, 109, 111, -1,
      111, 109, 108, -1,
      112, 110, 113, -1,
      113, 110, 111, -1,
      114, 112, 115, -1,
      115, 112, 113, -1,
      114, 115, 116, -1,
      116, 115, 117, -1,
      116, 117, 118, -1,
      118, 117, 119, -1,
      118, 119, 120, -1,
      120, 119, 121, -1,
      122, 120, 123, -1,
      123, 120, 121, -1,
      123, 124, 122, -1,
      122, 124, 125, -1,
      126, 125, 127, -1,
      127, 125, 124, -1,
      126, 127, 128, -1,
      128, 127, 129, -1,
      128, 129, 130, -1,
      130, 129, 131, -1,
      130, 131, 132, -1,
      132, 131, 133, -1,
      132, 133, 134, -1,
      134, 133, 135, -1,
      136, 134, 137, -1,
      137, 134, 135, -1,
      136, 137, 138, -1,
      136, 138, 139, -1,
      139, 138, 140, -1,
      139, 140, 141, -1,
      141, 140, 142, -1,
      141, 142, 143, -1,
      143, 142, 75, -1,
      143, 75, 73, -1,
      110, 112, 109, -1,
      109, 112, 114, -1,
      109, 114, 107, -1,
      107, 114, 116, -1,
      107, 116, 105, -1,
      105, 116, 118, -1,
      105, 118, 102, -1,
      102, 118, 120, -1,
      102, 120, 100, -1,
      100, 120, 122, -1,
      100, 122, 98, -1,
      98, 122, 125, -1,
      98, 125, 97, -1,
      97, 125, 126, -1,
      97, 126, 95, -1,
      95, 126, 128, -1,
      95, 128, 93, -1,
      93, 128, 130, -1,
      93, 130, 91, -1,
      91, 130, 132, -1,
      91, 132, 88, -1,
      88, 132, 134, -1,
      88, 134, 86, -1,
      86, 134, 136, -1,
      86, 136, 84, -1,
      84, 136, 139, -1,
      84, 139, 82, -1,
      82, 139, 141, -1,
      82, 141, 80, -1,
      80, 141, 143, -1,
      80, 143, 78, -1,
      78, 143, 73, -1,
      78, 73, 76, -1,
      76, 73, 72, -1,
      77, 74, 79, -1,
      79, 74, 75, -1,
      79, 75, 81, -1,
      81, 75, 142, -1,
      81, 142, 83, -1,
      83, 142, 140, -1,
      83, 140, 85, -1,
      85, 140, 138, -1,
      85, 138, 87, -1,
      87, 138, 137, -1,
      87, 137, 89, -1,
      89, 137, 135, -1,
      89, 135, 90, -1,
      90, 135, 133, -1,
      90, 133, 92, -1,
      92, 133, 131, -1,
      92, 131, 94, -1,
      94, 131, 129, -1,
      94, 129, 96, -1,
      96, 129, 127, -1,
      96, 127, 99, -1,
      99, 127, 124, -1,
      99, 124, 101, -1,
      101, 124, 123, -1,
      101, 123, 103, -1,
      103, 123, 121, -1,
      103, 121, 104, -1,
      104, 121, 119, -1,
      104, 119, 106, -1,
      106, 119, 117, -1,
      106, 117, 108, -1,
      108, 117, 115, -1,
      108, 115, 111, -1,
      111, 115, 113, -1,
      144, 145, 146, -1,
      146, 145, 147, -1,
      148, 144, 149, -1,
      149, 144, 146, -1,
      150, 148, 151, -1,
      151, 148, 149, -1,
      150, 151, 152, -1,
      152, 151, 153, -1,
      152, 153, 154, -1,
      154, 153, 155, -1,
      154, 155, 156, -1,
      156, 155, 157, -1,
      156, 157, 158, -1,
      158, 157, 159, -1,
      160, 158, 161, -1,
      161, 158, 159, -1,
      160, 161, 162, -1,
      160, 162, 163, -1,
      163, 162, 164, -1,
      163, 164, 165, -1,
      165, 164, 166, -1,
      165, 166, 167, -1,
      167, 166, 168, -1,
      167, 168, 169, -1,
      170, 169, 171, -1,
      171, 169, 168, -1,
      170, 171, 172, -1,
      172, 171, 173, -1,
      174, 172, 175, -1,
      175, 172, 173, -1,
      174, 175, 176, -1,
      174, 176, 177, -1,
      177, 176, 178, -1,
      177, 178, 179, -1,
      179, 178, 180, -1,
      179, 180, 181, -1,
      182, 181, 183, -1,
      183, 181, 180, -1,
      184, 182, 185, -1,
      185, 182, 183, -1,
      186, 184, 187, -1,
      187, 184, 185, -1,
      186, 187, 188, -1,
      188, 187, 189, -1,
      188, 189, 190, -1,
      190, 189, 191, -1,
      190, 191, 192, -1,
      192, 191, 193, -1,
      194, 192, 195, -1,
      195, 192, 193, -1,
      195, 196, 194, -1,
      194, 196, 197, -1,
      198, 197, 199, -1,
      199, 197, 196, -1,
      198, 199, 200, -1,
      200, 199, 201, -1,
      200, 201, 202, -1,
      202, 201, 203, -1,
      202, 203, 204, -1,
      204, 203, 205, -1,
      204, 205, 206, -1,
      206, 205, 207, -1,
      208, 206, 209, -1,
      209, 206, 207, -1,
      208, 209, 210, -1,
      208, 210, 211, -1,
      211, 210, 212, -1,
      211, 212, 213, -1,
      213, 212, 214, -1,
      213, 214, 215, -1,
      215, 214, 147, -1,
      215, 147, 145, -1,
      182, 184, 181, -1,
      181, 184, 186, -1,
      181, 186, 179, -1,
      179, 186, 188, -1,
      179, 188, 177, -1,
      177, 188, 190, -1,
      177, 190, 174, -1,
      174, 190, 192, -1,
      174, 192, 172, -1,
      172, 192, 194, -1,
      172, 194, 170, -1,
      170, 194, 197, -1,
      170, 197, 169, -1,
      169, 197, 198, -1,
      169, 198, 167, -1,
      167, 198, 200, -1,
      167, 200, 165, -1,
      165, 200, 202, -1,
      165, 202, 163, -1,
      163, 202, 204, -1,
      163, 204, 160, -1,
      160, 204, 206, -1,
      160, 206, 158, -1,
      158, 206, 208, -1,
      158, 208, 156, -1,
      156, 208, 211, -1,
      156, 211, 154, -1,
      154, 211, 213, -1,
      154, 213, 152, -1,
      152, 213, 215, -1,
      152, 215, 150, -1,
      150, 215, 145, -1,
      150, 145, 148, -1,
      148, 145, 144, -1,
      149, 146, 151, -1,
      151, 146, 147, -1,
      151, 147, 153, -1,
      153, 147, 214, -1,
      153, 214, 155, -1,
      155, 214, 212, -1,
      155, 212, 157, -1,
      157, 212, 210, -1,
      157, 210, 159, -1,
      159, 210, 209, -1,
      159, 209, 161, -1,
      161, 209, 207, -1,
      161, 207, 162, -1,
      162, 207, 205, -1,
      162, 205, 164, -1,
      164, 205, 203, -1,
      164, 203, 166, -1,
      166, 203, 201, -1,
      166, 201, 168, -1,
      168, 201, 199, -1,
      168, 199, 171, -1,
      171, 199, 196, -1,
      171, 196, 173, -1,
      173, 196, 195, -1,
      173, 195, 175, -1,
      175, 195, 193, -1,
      175, 193, 176, -1,
      176, 193, 191, -1,
      176, 191, 178, -1,
      178, 191, 189, -1,
      178, 189, 180, -1,
      180, 189, 187, -1,
      180, 187, 183, -1,
      183, 187, 185, -1,
      216, 217, 218, -1,
      218, 217, 219, -1,
      218, 219, 220, -1,
      220, 219, 221, -1,
      220, 221, 222, -1,
      223, 224, 225, -1,
      225, 224, 226, -1,
      225, 226, 227, -1,
      228, 229, 230, -1,
      231, 232, 233, -1,
      233, 232, 234, -1,
      233, 234, 235, -1,
      235, 234, 236, -1,
      235, 236, 237, -1,
      237, 236, 238, -1,
      237, 238, 239, -1,
      239, 238, 240, -1,
      239, 240, 241, -1,
      241, 240, 242, -1,
      241, 242, 243, -1,
      243, 242, 244, -1,
      243, 244, 245, -1,
      245, 244, 246, -1,
      245, 246, 247, -1,
      247, 246, 228, -1,
      230, 248, 228, -1,
      228, 248, 249, -1,
      228, 249, 247, -1,
      250, 251, 252, -1,
      252, 251, 253, -1,
      254, 255, 256, -1,
      256, 255, 257, -1,
      258, 259, 260, -1,
      260, 259, 261, -1,
      260, 261, 262, -1,
      262, 261, 263, -1,
      262, 263, 264, -1,
      264, 263, 265, -1,
      264, 265, 266, -1,
      266, 265, 267, -1,
      266, 267, 268, -1,
      268, 267, 269, -1,
      268, 269, 270, -1,
      270, 269, 271, -1,
      272, 273, 274, -1,
      272, 274, 275, -1,
      275, 274, 276, -1,
      275, 276, 277, -1,
      277, 276, 278, -1,
      277, 278, 279, -1,
      279, 278, 280, -1,
      279, 280, 281, -1,
      281, 280, 282, -1,
      281, 282, 283, -1,
      283, 282, 284, -1,
      283, 284, 285, -1,
      286, 287, 226, -1,
      226, 287, 288, -1,
      226, 288, 227, -1,
      289, 290, 291, -1,
      291, 290, 292, -1,
      291, 292, 293, -1,
      293, 292, 294, -1,
      293, 294, 295, -1,
      295, 294, 296, -1,
      295, 296, 297, -1,
      297, 296, 298, -1,
      297, 298, 299, -1,
      299, 298, 300, -1,
      299, 300, 301, -1,
      301, 300, 302, -1,
      301, 302, 303, -1,
      303, 302, 304, -1,
      303, 304, 226, -1,
      226, 304, 305, -1,
      226, 305, 286, -1,
      306, 307, 308, -1,
      309, 310, 311, -1,
      218, 220, 312, -1,
      312, 220, 313, -1,
      270, 271, 314, -1,
      313, 220, 315, -1,
      315, 220, 316, -1,
      315, 316, 317, -1,
      311, 318, 309, -1,
      309, 318, 319, -1,
      309, 319, 320, -1,
      320, 319, 317, -1,
      321, 308, 322, -1,
      322, 308, 218, -1,
      322, 218, 323, -1,
      323, 218, 312, -1,
      323, 312, 324, -1,
      324, 312, 325, -1,
      321, 324, 308, -1,
      308, 324, 325, -1,
      308, 325, 306, -1,
      306, 325, 315, -1,
      306, 315, 314, -1,
      314, 315, 317, -1,
      314, 317, 270, -1,
      270, 317, 319, -1,
      326, 327, 328, -1,
      328, 327, 329, -1,
      328, 329, 330, -1,
      330, 329, 331, -1,
      330, 331, 332, -1,
      332, 331, 333, -1,
      332, 333, 334, -1,
      334, 333, 335, -1,
      334, 335, 336, -1,
      336, 335, 337, -1,
      336, 337, 310, -1,
      310, 337, 311, -1,
      338, 339, 340, -1,
      340, 339, 341, -1,
      340, 341, 342, -1,
      342, 341, 343, -1,
      342, 343, 344, -1,
      344, 343, 345, -1,
      344, 345, 346, -1,
      346, 345, 347, -1,
      346, 347, 348, -1,
      348, 347, 349, -1,
      348, 349, 307, -1,
      307, 349, 308, -1,
      291, 350, 289, -1,
      289, 350, 254, -1,
      289, 254, 351, -1,
      352, 353, 354, -1,
      355, 356, 352, -1,
      352, 356, 357, -1,
      352, 357, 353, -1,
      358, 339, 338, -1,
      354, 359, 352, -1,
      352, 359, 360, -1,
      352, 360, 361, -1,
      361, 360, 362, -1,
      361, 362, 256, -1,
      338, 363, 358, -1,
      358, 363, 364, -1,
      358, 364, 232, -1,
      232, 364, 365, -1,
      365, 366, 232, -1,
      232, 366, 367, -1,
      232, 367, 368, -1,
      369, 370, 234, -1,
      234, 370, 371, -1,
      234, 371, 372, -1,
      362, 373, 256, -1,
      256, 373, 374, -1,
      256, 374, 254, -1,
      254, 374, 375, -1,
      254, 375, 351, -1,
      368, 376, 232, -1,
      232, 376, 377, -1,
      232, 377, 378, -1,
      379, 380, 250, -1,
      372, 381, 234, -1,
      234, 381, 382, -1,
      234, 382, 383, -1,
      378, 384, 232, -1,
      232, 384, 385, -1,
      232, 385, 250, -1,
      250, 385, 386, -1,
      250, 386, 379, -1,
      387, 388, 357, -1,
      387, 357, 389, -1,
      388, 390, 357, -1,
      357, 390, 391, -1,
      357, 391, 353, -1,
      353, 391, 392, -1,
      353, 392, 393, -1,
      393, 394, 353, -1,
      353, 394, 395, -1,
      353, 395, 396, -1,
      259, 258, 397, -1,
      397, 258, 250, -1,
      397, 250, 398, -1,
      398, 250, 380, -1,
      395, 399, 396, -1,
      396, 399, 400, -1,
      396, 400, 401, -1,
      401, 400, 402, -1,
      403, 232, 404, -1,
      404, 232, 405, -1,
      403, 406, 232, -1,
      232, 406, 407, -1,
      232, 407, 234, -1,
      234, 407, 408, -1,
      234, 408, 369, -1,
      409, 234, 410, -1,
      410, 234, 383, -1,
      410, 383, 357, -1,
      357, 383, 411, -1,
      357, 411, 389, -1,
      412, 413, 250, -1,
      250, 413, 414, -1,
      250, 414, 232, -1,
      232, 414, 415, -1,
      232, 415, 405, -1,
      416, 417, 252, -1,
      252, 417, 418, -1,
      419, 420, 421, -1,
      421, 420, 422, -1,
      421, 422, 402, -1,
      402, 422, 423, -1,
      402, 423, 401, -1,
      418, 419, 252, -1,
      252, 419, 421, -1,
      252, 421, 250, -1,
      250, 421, 424, -1,
      250, 424, 412, -1,
      327, 326, 425, -1,
      425, 326, 426, -1,
      425, 426, 427, -1,
      427, 426, 428, -1,
      427, 428, 429, -1,
      429, 430, 427, -1,
      427, 430, 431, -1,
      427, 431, 252, -1,
      252, 431, 432, -1,
      252, 432, 416, -1,
      233, 433, 231, -1,
      231, 433, 434, -1,
      435, 436, 437, -1,
      437, 436, 438, -1,
      439, 440, 436, -1,
      441, 442, 443, -1,
      443, 442, 444, -1,
      444, 445, 443, -1,
      443, 445, 446, -1,
      443, 446, 447, -1,
      448, 449, 450, -1,
      451, 452, 257, -1,
      453, 454, 455, -1,
      455, 454, 443, -1,
      450, 449, 456, -1,
      457, 458, 459, -1,
      459, 458, 460, -1,
      459, 460, 461, -1,
      462, 463, 231, -1,
      231, 463, 464, -1,
      231, 464, 465, -1,
      447, 466, 443, -1,
      443, 466, 467, -1,
      443, 467, 468, -1,
      468, 467, 469, -1,
      439, 436, 452, -1,
      452, 436, 470, -1,
      452, 470, 257, -1,
      257, 470, 471, -1,
      257, 471, 472, -1,
      473, 443, 474, -1,
      474, 443, 475, -1,
      448, 450, 476, -1,
      476, 450, 477, -1,
      476, 477, 459, -1,
      459, 477, 478, -1,
      459, 478, 457, -1,
      440, 479, 436, -1,
      436, 479, 459, -1,
      436, 459, 438, -1,
      438, 459, 461, -1,
      438, 461, 480, -1,
      465, 481, 231, -1,
      231, 481, 482, -1,
      231, 482, 483, -1,
      483, 482, 484, -1,
      483, 484, 469, -1,
      469, 484, 485, -1,
      469, 485, 468, -1,
      486, 292, 255, -1,
      255, 292, 290, -1,
      487, 488, 251, -1,
      251, 488, 489, -1,
      473, 490, 443, -1,
      443, 490, 491, -1,
      443, 491, 441, -1,
      480, 492, 438, -1,
      438, 492, 493, -1,
      438, 493, 494, -1,
      434, 495, 231, -1,
      231, 495, 496, -1,
      231, 496, 462, -1,
      290, 497, 255, -1,
      255, 497, 498, -1,
      255, 498, 257, -1,
      257, 498, 499, -1,
      257, 499, 451, -1,
      500, 501, 454, -1,
      454, 501, 253, -1,
      454, 253, 443, -1,
      443, 253, 251, -1,
      443, 251, 475, -1,
      475, 251, 489, -1,
      285, 284, 251, -1,
      251, 284, 502, -1,
      251, 502, 487, -1,
      456, 449, 453, -1,
      453, 449, 503, -1,
      453, 503, 504, -1,
      505, 506, 434, -1,
      434, 506, 507, -1,
      434, 507, 495, -1,
      508, 454, 509, -1,
      509, 454, 453, -1,
      509, 453, 510, -1,
      510, 453, 504, -1,
      508, 511, 454, -1,
      454, 511, 512, -1,
      454, 512, 513, -1,
      514, 515, 516, -1,
      516, 515, 517, -1,
      516, 517, 518, -1,
      518, 517, 454, -1,
      494, 519, 438, -1,
      438, 519, 520, -1,
      438, 520, 434, -1,
      434, 520, 521, -1,
      434, 521, 505, -1,
      513, 522, 454, -1,
      454, 522, 523, -1,
      454, 523, 518, -1,
      524, 525, 526, -1,
      524, 526, 527, -1,
      527, 526, 528, -1,
      527, 528, 529, -1,
      529, 528, 530, -1,
      529, 530, 531, -1,
      531, 530, 532, -1,
      531, 532, 533, -1,
      533, 532, 534, -1,
      533, 534, 535, -1,
      535, 534, 515, -1,
      535, 515, 514, -1,
      536, 537, 538, -1,
      536, 538, 539, -1,
      539, 538, 540, -1,
      539, 540, 541, -1,
      541, 540, 542, -1,
      541, 542, 543, -1,
      543, 542, 544, -1,
      543, 544, 545, -1,
      545, 544, 546, -1,
      545, 546, 547, -1,
      547, 546, 469, -1,
      547, 469, 467, -1,
      548, 549, 550, -1,
      551, 552, 272, -1,
      525, 524, 553, -1,
      553, 524, 554, -1,
      553, 554, 555, -1,
      555, 554, 556, -1,
      549, 548, 557, -1,
      557, 548, 558, -1,
      557, 558, 559, -1,
      559, 558, 537, -1,
      559, 537, 550, -1,
      550, 537, 536, -1,
      550, 536, 548, -1,
      548, 536, 560, -1,
      548, 560, 561, -1,
      273, 272, 562, -1,
      562, 272, 552, -1,
      562, 552, 560, -1,
      560, 552, 563, -1,
      560, 563, 561, -1,
      561, 563, 564, -1,
      561, 564, 565, -1,
      565, 564, 551, -1,
      565, 551, 556, -1,
      556, 551, 272, -1,
      556, 272, 555, -1,
      566, 567, 568, -1,
      568, 567, 569, -1,
      568, 569, 570, -1,
      570, 569, 571, -1,
      570, 571, 572, -1,
      572, 571, 573, -1,
      572, 573, 574, -1,
      574, 573, 575, -1,
      574, 575, 576, -1,
      576, 575, 577, -1,
      576, 577, 355, -1,
      355, 577, 356, -1,
      435, 437, 578, -1,
      435, 578, 579, -1,
      579, 578, 580, -1,
      579, 580, 581, -1,
      581, 580, 582, -1,
      581, 582, 583, -1,
      583, 582, 584, -1,
      583, 584, 585, -1,
      585, 584, 586, -1,
      585, 586, 587, -1,
      587, 586, 588, -1,
      587, 588, 589, -1,
      590, 591, 592, -1,
      234, 409, 236, -1,
      236, 409, 593, -1,
      236, 593, 238, -1,
      238, 593, 594, -1,
      238, 594, 240, -1,
      240, 594, 595, -1,
      240, 595, 242, -1,
      596, 246, 597, -1,
      597, 246, 244, -1,
      597, 244, 592, -1,
      592, 244, 242, -1,
      592, 242, 590, -1,
      590, 242, 595, -1,
      433, 233, 235, -1,
      433, 235, 598, -1,
      598, 235, 237, -1,
      598, 237, 599, -1,
      599, 237, 239, -1,
      599, 239, 600, -1,
      600, 239, 241, -1,
      600, 241, 601, -1,
      602, 603, 604, -1,
      601, 241, 604, -1,
      604, 241, 243, -1,
      604, 243, 602, -1,
      602, 243, 245, -1,
      602, 245, 605, -1,
      606, 607, 218, -1,
      218, 607, 608, -1,
      218, 608, 216, -1,
      358, 483, 339, -1,
      339, 483, 469, -1,
      339, 469, 341, -1,
      341, 469, 546, -1,
      341, 546, 343, -1,
      343, 546, 544, -1,
      343, 544, 345, -1,
      345, 544, 542, -1,
      345, 542, 347, -1,
      347, 542, 540, -1,
      347, 540, 349, -1,
      349, 540, 538, -1,
      349, 538, 308, -1,
      308, 538, 537, -1,
      308, 537, 218, -1,
      218, 537, 558, -1,
      218, 558, 606, -1,
      609, 309, 610, -1,
      610, 309, 320, -1,
      610, 320, 611, -1,
      303, 612, 301, -1,
      301, 612, 613, -1,
      301, 613, 299, -1,
      299, 613, 614, -1,
      299, 614, 297, -1,
      297, 614, 615, -1,
      297, 615, 295, -1,
      295, 615, 616, -1,
      295, 616, 293, -1,
      293, 616, 617, -1,
      293, 617, 291, -1,
      291, 617, 350, -1,
      612, 303, 618, -1,
      618, 303, 226, -1,
      618, 226, 619, -1,
      619, 226, 224, -1,
      619, 224, 566, -1,
      566, 224, 620, -1,
      596, 621, 622, -1,
      623, 228, 624, -1,
      624, 228, 246, -1,
      624, 246, 625, -1,
      626, 627, 628, -1,
      628, 627, 629, -1,
      628, 629, 630, -1,
      630, 629, 228, -1,
      630, 228, 631, -1,
      631, 228, 623, -1,
      246, 596, 625, -1,
      625, 596, 622, -1,
      625, 622, 631, -1,
      631, 622, 632, -1,
      631, 632, 630, -1,
      630, 632, 633, -1,
      630, 633, 634, -1,
      634, 633, 567, -1,
      634, 567, 626, -1,
      626, 567, 566, -1,
      626, 566, 627, -1,
      627, 566, 620, -1,
      635, 636, 629, -1,
      629, 636, 637, -1,
      629, 637, 228, -1,
      228, 637, 638, -1,
      228, 638, 229, -1,
      639, 640, 605, -1,
      304, 641, 305, -1,
      305, 641, 642, -1,
      305, 642, 643, -1,
      643, 642, 644, -1,
      645, 646, 588, -1,
      588, 646, 647, -1,
      588, 647, 589, -1,
      589, 647, 648, -1,
      644, 589, 643, -1,
      643, 589, 648, -1,
      643, 648, 649, -1,
      649, 648, 650, -1,
      649, 650, 651, -1,
      639, 652, 653, -1,
      653, 652, 651, -1,
      653, 651, 645, -1,
      645, 651, 650, -1,
      645, 650, 646, -1,
      605, 245, 639, -1,
      639, 245, 654, -1,
      639, 654, 652, -1,
      652, 654, 655, -1,
      652, 655, 247, -1,
      247, 655, 656, -1,
      247, 656, 245, -1,
      245, 656, 657, -1,
      245, 657, 654, -1,
      292, 486, 658, -1,
      292, 658, 294, -1,
      294, 658, 659, -1,
      294, 659, 296, -1,
      296, 659, 660, -1,
      296, 660, 298, -1,
      298, 660, 661, -1,
      298, 661, 300, -1,
      300, 661, 662, -1,
      300, 662, 302, -1,
      302, 662, 641, -1,
      302, 641, 304, -1,
      309, 609, 663, -1,
      309, 554, 310, -1,
      310, 554, 524, -1,
      310, 524, 336, -1,
      336, 524, 527, -1,
      336, 527, 334, -1,
      334, 527, 529, -1,
      334, 529, 332, -1,
      332, 529, 531, -1,
      332, 531, 330, -1,
      330, 531, 533, -1,
      330, 533, 328, -1,
      328, 533, 535, -1,
      328, 535, 326, -1,
      326, 535, 514, -1,
      326, 514, 426, -1,
      426, 514, 516, -1,
      663, 664, 309, -1,
      309, 664, 665, -1,
      309, 665, 554, -1,
      642, 618, 644, -1,
      644, 618, 619, -1,
      352, 436, 355, -1,
      355, 436, 435, -1,
      355, 435, 576, -1,
      576, 435, 579, -1,
      576, 579, 574, -1,
      574, 579, 581, -1,
      574, 581, 572, -1,
      572, 581, 583, -1,
      572, 583, 570, -1,
      570, 583, 585, -1,
      570, 585, 568, -1,
      568, 585, 587, -1,
      568, 587, 566, -1,
      566, 587, 589, -1,
      566, 589, 619, -1,
      619, 589, 644, -1,
      618, 642, 612, -1,
      612, 642, 641, -1,
      612, 641, 613, -1,
      613, 641, 662, -1,
      613, 662, 614, -1,
      614, 662, 661, -1,
      614, 661, 615, -1,
      615, 661, 660, -1,
      615, 660, 616, -1,
      616, 660, 659, -1,
      616, 659, 617, -1,
      617, 659, 658, -1,
      617, 658, 350, -1,
      350, 658, 486, -1,
      350, 486, 254, -1,
      254, 486, 255, -1,
      436, 352, 470, -1,
      470, 352, 361, -1,
      650, 630, 646, -1,
      646, 630, 634, -1,
      646, 634, 647, -1,
      647, 634, 626, -1,
      647, 626, 648, -1,
      648, 626, 628, -1,
      648, 628, 650, -1,
      650, 628, 630, -1,
      655, 631, 656, -1,
      656, 631, 623, -1,
      656, 623, 657, -1,
      657, 623, 624, -1,
      657, 624, 654, -1,
      654, 624, 625, -1,
      654, 625, 655, -1,
      655, 625, 631, -1,
      603, 591, 604, -1,
      604, 591, 590, -1,
      645, 633, 653, -1,
      653, 633, 632, -1,
      653, 632, 639, -1,
      639, 632, 622, -1,
      639, 622, 640, -1,
      640, 622, 621, -1,
      640, 621, 605, -1,
      605, 621, 596, -1,
      605, 596, 602, -1,
      602, 596, 597, -1,
      602, 597, 603, -1,
      603, 597, 592, -1,
      603, 592, 591, -1,
      633, 645, 567, -1,
      567, 645, 588, -1,
      567, 588, 569, -1,
      569, 588, 586, -1,
      569, 586, 571, -1,
      571, 586, 584, -1,
      571, 584, 573, -1,
      573, 584, 582, -1,
      573, 582, 575, -1,
      575, 582, 580, -1,
      575, 580, 577, -1,
      577, 580, 578, -1,
      577, 578, 356, -1,
      356, 578, 437, -1,
      356, 437, 357, -1,
      357, 437, 438, -1,
      604, 590, 601, -1,
      601, 590, 595, -1,
      410, 434, 409, -1,
      409, 434, 433, -1,
      409, 433, 593, -1,
      593, 433, 598, -1,
      593, 598, 594, -1,
      594, 598, 599, -1,
      594, 599, 595, -1,
      595, 599, 600, -1,
      595, 600, 601, -1,
      434, 410, 438, -1,
      438, 410, 357, -1,
      517, 425, 454, -1,
      454, 425, 427, -1,
      553, 555, 318, -1,
      318, 555, 319, -1,
      425, 517, 327, -1,
      327, 517, 515, -1,
      327, 515, 329, -1,
      329, 515, 534, -1,
      329, 534, 331, -1,
      331, 534, 532, -1,
      331, 532, 333, -1,
      333, 532, 530, -1,
      333, 530, 335, -1,
      335, 530, 528, -1,
      335, 528, 337, -1,
      337, 528, 526, -1,
      337, 526, 311, -1,
      311, 526, 525, -1,
      311, 525, 318, -1,
      318, 525, 553, -1,
      319, 555, 270, -1,
      270, 555, 272, -1,
      270, 272, 268, -1,
      268, 272, 275, -1,
      268, 275, 266, -1,
      266, 275, 277, -1,
      266, 277, 264, -1,
      264, 277, 279, -1,
      264, 279, 262, -1,
      262, 279, 281, -1,
      262, 281, 260, -1,
      260, 281, 283, -1,
      260, 283, 258, -1,
      258, 283, 285, -1,
      258, 285, 250, -1,
      250, 285, 251, -1,
      564, 563, 312, -1,
      312, 563, 325, -1,
      551, 564, 313, -1,
      313, 564, 312, -1,
      552, 551, 315, -1,
      315, 551, 313, -1,
      563, 552, 325, -1,
      325, 552, 315, -1,
      549, 557, 323, -1,
      323, 557, 322, -1,
      550, 549, 324, -1,
      324, 549, 323, -1,
      559, 550, 321, -1,
      321, 550, 324, -1,
      557, 559, 322, -1,
      322, 559, 321, -1,
      431, 513, 432, -1,
      432, 513, 512, -1,
      432, 512, 416, -1,
      416, 512, 511, -1,
      416, 511, 417, -1,
      417, 511, 508, -1,
      417, 508, 418, -1,
      418, 508, 509, -1,
      418, 509, 419, -1,
      419, 509, 510, -1,
      419, 510, 420, -1,
      420, 510, 504, -1,
      420, 504, 422, -1,
      422, 504, 503, -1,
      422, 503, 423, -1,
      423, 503, 449, -1,
      423, 449, 401, -1,
      401, 449, 448, -1,
      401, 448, 396, -1,
      396, 448, 476, -1,
      396, 476, 353, -1,
      353, 476, 459, -1,
      353, 459, 354, -1,
      354, 459, 479, -1,
      354, 479, 359, -1,
      359, 479, 440, -1,
      359, 440, 360, -1,
      360, 440, 439, -1,
      360, 439, 362, -1,
      362, 439, 452, -1,
      362, 452, 373, -1,
      373, 452, 451, -1,
      378, 490, 384, -1,
      384, 490, 473, -1,
      384, 473, 385, -1,
      385, 473, 474, -1,
      385, 474, 386, -1,
      386, 474, 475, -1,
      386, 475, 379, -1,
      379, 475, 489, -1,
      379, 489, 380, -1,
      380, 489, 488, -1,
      380, 488, 398, -1,
      398, 488, 487, -1,
      398, 487, 397, -1,
      397, 487, 502, -1,
      490, 378, 491, -1,
      491, 378, 377, -1,
      363, 466, 364, -1,
      364, 466, 447, -1,
      364, 447, 365, -1,
      365, 447, 446, -1,
      365, 446, 366, -1,
      366, 446, 445, -1,
      366, 445, 367, -1,
      367, 445, 444, -1,
      367, 444, 368, -1,
      368, 444, 442, -1,
      368, 442, 376, -1,
      376, 442, 441, -1,
      376, 441, 377, -1,
      377, 441, 491, -1,
      397, 502, 259, -1,
      259, 502, 284, -1,
      259, 284, 261, -1,
      261, 284, 282, -1,
      261, 282, 263, -1,
      263, 282, 280, -1,
      263, 280, 265, -1,
      265, 280, 278, -1,
      265, 278, 267, -1,
      267, 278, 276, -1,
      267, 276, 269, -1,
      269, 276, 274, -1,
      269, 274, 271, -1,
      271, 274, 273, -1,
      271, 273, 314, -1,
      314, 273, 562, -1,
      306, 560, 307, -1,
      307, 560, 536, -1,
      307, 536, 348, -1,
      348, 536, 539, -1,
      348, 539, 346, -1,
      346, 539, 541, -1,
      346, 541, 344, -1,
      344, 541, 543, -1,
      344, 543, 342, -1,
      342, 543, 545, -1,
      342, 545, 340, -1,
      340, 545, 547, -1,
      340, 547, 338, -1,
      338, 547, 467, -1,
      338, 467, 363, -1,
      363, 467, 466, -1,
      562, 560, 314, -1,
      314, 560, 306, -1,
      413, 443, 414, -1,
      414, 443, 468, -1,
      414, 468, 415, -1,
      415, 468, 485, -1,
      415, 485, 405, -1,
      405, 485, 484, -1,
      405, 484, 404, -1,
      404, 484, 482, -1,
      404, 482, 403, -1,
      403, 482, 481, -1,
      403, 481, 406, -1,
      406, 481, 465, -1,
      406, 465, 407, -1,
      407, 465, 464, -1,
      443, 413, 455, -1,
      455, 413, 412, -1,
      394, 458, 395, -1,
      395, 458, 457, -1,
      395, 457, 399, -1,
      399, 457, 478, -1,
      399, 478, 400, -1,
      400, 478, 477, -1,
      400, 477, 402, -1,
      402, 477, 450, -1,
      402, 450, 421, -1,
      421, 450, 456, -1,
      421, 456, 424, -1,
      424, 456, 453, -1,
      424, 453, 412, -1,
      412, 453, 455, -1,
      458, 394, 460, -1,
      460, 394, 393, -1,
      411, 520, 389, -1,
      389, 520, 519, -1,
      389, 519, 387, -1,
      387, 519, 494, -1,
      387, 494, 388, -1,
      388, 494, 493, -1,
      388, 493, 390, -1,
      390, 493, 492, -1,
      390, 492, 391, -1,
      391, 492, 480, -1,
      391, 480, 392, -1,
      392, 480, 461, -1,
      392, 461, 393, -1,
      393, 461, 460, -1,
      520, 411, 521, -1,
      521, 411, 383, -1,
      408, 463, 369, -1,
      369, 463, 462, -1,
      369, 462, 370, -1,
      370, 462, 496, -1,
      370, 496, 371, -1,
      371, 496, 495, -1,
      371, 495, 372, -1,
      372, 495, 507, -1,
      372, 507, 381, -1,
      381, 507, 506, -1,
      381, 506, 382, -1,
      382, 506, 505, -1,
      382, 505, 383, -1,
      383, 505, 521, -1,
      463, 408, 464, -1,
      464, 408, 407, -1,
      666, 667, 256, -1,
      256, 667, 361, -1,
      668, 666, 669, -1,
      669, 666, 256, -1,
      669, 256, 670, -1,
      670, 256, 671, -1,
      671, 256, 257, -1,
      671, 257, 472, -1,
      472, 672, 671, -1,
      671, 672, 673, -1,
      671, 673, 674, -1,
      675, 676, 669, -1,
      669, 676, 668, -1,
      471, 470, 361, -1,
      667, 676, 361, -1,
      361, 676, 675, -1,
      675, 677, 361, -1,
      361, 677, 678, -1,
      361, 678, 471, -1,
      679, 680, 678, -1,
      678, 680, 681, -1,
      678, 681, 471, -1,
      668, 676, 666, -1,
      666, 676, 667, -1,
      682, 683, 252, -1,
      252, 683, 427, -1,
      684, 682, 685, -1,
      685, 682, 252, -1,
      685, 252, 686, -1,
      686, 252, 687, -1,
      687, 252, 253, -1,
      687, 253, 501, -1,
      501, 688, 687, -1,
      687, 688, 689, -1,
      687, 689, 690, -1,
      691, 692, 685, -1,
      685, 692, 684, -1,
      500, 454, 427, -1,
      683, 692, 427, -1,
      427, 692, 691, -1,
      691, 693, 427, -1,
      427, 693, 694, -1,
      427, 694, 500, -1,
      695, 696, 694, -1,
      694, 696, 697, -1,
      694, 697, 500, -1,
      684, 692, 682, -1,
      682, 692, 683, -1,
      691, 685, 686, -1,
      691, 686, 693, -1,
      693, 686, 687, -1,
      693, 687, 694, -1,
      694, 687, 690, -1,
      694, 690, 695, -1,
      695, 690, 689, -1,
      695, 689, 696, -1,
      696, 689, 688, -1,
      696, 688, 697, -1,
      697, 688, 501, -1,
      697, 501, 500, -1,
      675, 669, 670, -1,
      675, 670, 677, -1,
      677, 670, 671, -1,
      677, 671, 678, -1,
      678, 671, 674, -1,
      678, 674, 679, -1,
      679, 674, 673, -1,
      679, 673, 680, -1,
      680, 673, 672, -1,
      680, 672, 681, -1,
      681, 672, 472, -1,
      681, 472, 471, -1,
      698, 699, 232, -1,
      232, 699, 358, -1,
      700, 698, 701, -1,
      701, 698, 232, -1,
      701, 232, 702, -1,
      231, 703, 232, -1,
      232, 703, 704, -1,
      704, 705, 232, -1,
      232, 705, 706, -1,
      232, 706, 702, -1,
      358, 699, 707, -1,
      708, 483, 358, -1,
      707, 709, 358, -1,
      358, 709, 710, -1,
      358, 710, 711, -1,
      711, 712, 358, -1,
      358, 712, 713, -1,
      358, 713, 708, -1,
      700, 707, 698, -1,
      698, 707, 699, -1,
      709, 707, 701, -1,
      701, 707, 700, -1,
      709, 701, 702, -1,
      709, 702, 710, -1,
      710, 702, 706, -1,
      710, 706, 711, -1,
      711, 706, 705, -1,
      711, 705, 712, -1,
      712, 705, 704, -1,
      712, 704, 713, -1,
      713, 704, 703, -1,
      713, 703, 708, -1,
      708, 703, 231, -1,
      708, 231, 483, -1,
      714, 620, 715, -1,
      715, 620, 224, -1,
      224, 223, 716, -1,
      716, 717, 224, -1,
      224, 717, 718, -1,
      224, 718, 715, -1,
      627, 719, 629, -1,
      629, 719, 720, -1,
      629, 720, 721, -1,
      721, 722, 629, -1,
      629, 722, 723, -1,
      629, 723, 635, -1,
      714, 719, 620, -1,
      620, 719, 627, -1,
      720, 719, 715, -1,
      715, 719, 714, -1,
      721, 720, 718, -1,
      718, 720, 715, -1,
      724, 725, 316, -1,
      316, 725, 317, -1,
      724, 316, 726, -1,
      726, 316, 220, -1,
      220, 222, 727, -1,
      727, 728, 220, -1,
      220, 728, 729, -1,
      220, 729, 726, -1,
      317, 725, 320, -1,
      320, 725, 730, -1,
      320, 730, 731, -1,
      731, 732, 320, -1,
      320, 732, 733, -1,
      320, 733, 611, -1,
      730, 725, 726, -1,
      726, 725, 724, -1,
      731, 730, 729, -1,
      729, 730, 726, -1,
      727, 222, 611, -1,
      216, 608, 217, -1,
      217, 608, 734, -1,
      217, 734, 219, -1,
      219, 734, 735, -1,
      219, 735, 221, -1,
      221, 735, 736, -1,
      221, 736, 222, -1,
      222, 736, 737, -1,
      222, 737, 611, -1,
      611, 733, 727, -1,
      727, 733, 732, -1,
      727, 732, 728, -1,
      728, 732, 731, -1,
      728, 731, 729, -1,
      663, 609, 737, -1,
      737, 609, 610, -1,
      737, 610, 611, -1,
      608, 607, 734, -1,
      734, 607, 738, -1,
      734, 738, 735, -1,
      735, 738, 739, -1,
      735, 739, 736, -1,
      736, 739, 740, -1,
      736, 740, 737, -1,
      737, 740, 741, -1,
      737, 741, 663, -1,
      663, 741, 664, -1,
      607, 606, 738, -1,
      738, 606, 742, -1,
      738, 742, 739, -1,
      739, 742, 743, -1,
      739, 743, 740, -1,
      740, 743, 744, -1,
      740, 744, 741, -1,
      741, 744, 745, -1,
      741, 745, 664, -1,
      664, 745, 665, -1,
      606, 558, 742, -1,
      742, 558, 548, -1,
      742, 548, 743, -1,
      743, 548, 561, -1,
      743, 561, 744, -1,
      744, 561, 565, -1,
      744, 565, 745, -1,
      745, 565, 556, -1,
      745, 556, 665, -1,
      665, 556, 554, -1,
      635, 746, 747, -1,
      227, 288, 225, -1,
      225, 288, 746, -1,
      225, 746, 223, -1,
      223, 746, 635, -1,
      223, 635, 716, -1,
      635, 723, 716, -1,
      716, 723, 722, -1,
      716, 722, 717, -1,
      717, 722, 721, -1,
      717, 721, 718, -1,
      230, 229, 748, -1,
      748, 229, 638, -1,
      748, 638, 749, -1,
      749, 638, 637, -1,
      749, 637, 747, -1,
      747, 637, 636, -1,
      747, 636, 635, -1,
      288, 287, 746, -1,
      746, 287, 750, -1,
      746, 750, 747, -1,
      747, 750, 751, -1,
      747, 751, 749, -1,
      749, 751, 752, -1,
      749, 752, 748, -1,
      748, 752, 753, -1,
      748, 753, 230, -1,
      230, 753, 248, -1,
      287, 286, 750, -1,
      750, 286, 754, -1,
      750, 754, 751, -1,
      751, 754, 755, -1,
      751, 755, 752, -1,
      752, 755, 756, -1,
      752, 756, 753, -1,
      753, 756, 757, -1,
      753, 757, 248, -1,
      248, 757, 249, -1,
      286, 305, 754, -1,
      754, 305, 643, -1,
      754, 643, 755, -1,
      755, 643, 649, -1,
      755, 649, 756, -1,
      756, 649, 651, -1,
      756, 651, 757, -1,
      757, 651, 652, -1,
      757, 652, 249, -1,
      249, 652, 247, -1,
      426, 516, 518, -1,
      426, 518, 428, -1,
      428, 518, 523, -1,
      428, 523, 429, -1,
      429, 523, 522, -1,
      429, 522, 430, -1,
      430, 522, 513, -1,
      430, 513, 431, -1,
      373, 451, 499, -1,
      373, 499, 374, -1,
      374, 499, 498, -1,
      374, 498, 375, -1,
      375, 498, 497, -1,
      375, 497, 351, -1,
      351, 497, 290, -1,
      351, 290, 289, -1,
      758, 759, 760, -1,
      760, 759, 761, -1,
      762, 758, 763, -1,
      763, 758, 760, -1,
      764, 762, 765, -1,
      765, 762, 763, -1,
      764, 765, 766, -1,
      766, 765, 767, -1,
      766, 767, 768, -1,
      768, 767, 769, -1,
      768, 769, 770, -1,
      770, 769, 771, -1,
      770, 771, 772, -1,
      772, 771, 773, -1,
      774, 772, 775, -1,
      775, 772, 773, -1,
      774, 775, 776, -1,
      774, 776, 777, -1,
      777, 776, 778, -1,
      777, 778, 779, -1,
      779, 778, 780, -1,
      779, 780, 781, -1,
      781, 780, 782, -1,
      781, 782, 783, -1,
      784, 783, 785, -1,
      785, 783, 782, -1,
      786, 784, 787, -1,
      787, 784, 785, -1,
      786, 787, 788, -1,
      788, 787, 789, -1,
      790, 788, 791, -1,
      791, 788, 789, -1,
      790, 791, 792, -1,
      790, 792, 793, -1,
      793, 792, 794, -1,
      793, 794, 795, -1,
      795, 794, 796, -1,
      795, 796, 797, -1,
      798, 797, 799, -1,
      799, 797, 796, -1,
      800, 798, 801, -1,
      801, 798, 799, -1,
      802, 800, 803, -1,
      803, 800, 801, -1,
      802, 803, 804, -1,
      804, 803, 805, -1,
      804, 805, 806, -1,
      806, 805, 807, -1,
      806, 807, 808, -1,
      808, 807, 809, -1,
      810, 808, 811, -1,
      811, 808, 809, -1,
      811, 812, 810, -1,
      810, 812, 813, -1,
      814, 813, 815, -1,
      815, 813, 812, -1,
      816, 814, 817, -1,
      817, 814, 815, -1,
      816, 817, 818, -1,
      818, 817, 819, -1,
      818, 819, 820, -1,
      820, 819, 821, -1,
      820, 821, 822, -1,
      822, 821, 823, -1,
      822, 823, 824, -1,
      824, 823, 825, -1,
      826, 824, 827, -1,
      827, 824, 825, -1,
      826, 827, 828, -1,
      826, 828, 829, -1,
      829, 828, 830, -1,
      829, 830, 831, -1,
      831, 830, 832, -1,
      831, 832, 833, -1,
      833, 832, 761, -1,
      833, 761, 759, -1,
      798, 800, 797, -1,
      797, 800, 802, -1,
      797, 802, 795, -1,
      795, 802, 804, -1,
      795, 804, 793, -1,
      793, 804, 806, -1,
      793, 806, 790, -1,
      790, 806, 808, -1,
      790, 808, 788, -1,
      788, 808, 810, -1,
      788, 810, 786, -1,
      786, 810, 813, -1,
      786, 813, 784, -1,
      784, 813, 814, -1,
      784, 814, 783, -1,
      783, 814, 816, -1,
      783, 816, 781, -1,
      781, 816, 818, -1,
      781, 818, 779, -1,
      779, 818, 820, -1,
      779, 820, 777, -1,
      777, 820, 822, -1,
      777, 822, 774, -1,
      774, 822, 824, -1,
      774, 824, 772, -1,
      772, 824, 826, -1,
      772, 826, 770, -1,
      770, 826, 829, -1,
      770, 829, 768, -1,
      768, 829, 831, -1,
      768, 831, 766, -1,
      766, 831, 833, -1,
      766, 833, 764, -1,
      764, 833, 759, -1,
      764, 759, 762, -1,
      762, 759, 758, -1,
      763, 760, 765, -1,
      765, 760, 761, -1,
      765, 761, 767, -1,
      767, 761, 832, -1,
      767, 832, 769, -1,
      769, 832, 830, -1,
      769, 830, 771, -1,
      771, 830, 828, -1,
      771, 828, 773, -1,
      773, 828, 827, -1,
      773, 827, 775, -1,
      775, 827, 825, -1,
      775, 825, 776, -1,
      776, 825, 823, -1,
      776, 823, 778, -1,
      778, 823, 821, -1,
      778, 821, 780, -1,
      780, 821, 819, -1,
      780, 819, 782, -1,
      782, 819, 817, -1,
      782, 817, 785, -1,
      785, 817, 815, -1,
      785, 815, 787, -1,
      787, 815, 812, -1,
      787, 812, 789, -1,
      789, 812, 811, -1,
      789, 811, 791, -1,
      791, 811, 809, -1,
      791, 809, 792, -1,
      792, 809, 807, -1,
      792, 807, 794, -1,
      794, 807, 805, -1,
      794, 805, 796, -1,
      796, 805, 803, -1,
      796, 803, 799, -1,
      799, 803, 801, -1,
      834, 835, 836, -1,
      836, 835, 837, -1,
      838, 839, 836, -1,
      836, 839, 840, -1,
      836, 840, 834, -1,
      835, 834, 841, -1,
      841, 834, 840, -1,
      835, 841, 837, -1,
      837, 841, 842, -1,
      837, 842, 843, -1,
      843, 842, 844, -1,
      843, 844, 845, -1,
      845, 844, 846, -1,
      845, 846, 847, -1,
      848, 849, 846, -1,
      846, 849, 850, -1,
      846, 850, 847, -1,
      851, 852, 846, -1,
      846, 852, 853, -1,
      846, 853, 848, -1,
      852, 851, 854, -1,
      854, 851, 855, -1,
      854, 855, 856, -1,
      856, 855, 857, -1,
      856, 857, 858, -1,
      859, 858, 860, -1,
      860, 858, 857, -1,
      861, 859, 862, -1,
      862, 859, 860, -1,
      863, 861, 864, -1,
      864, 861, 862, -1,
      863, 864, 865, -1,
      865, 864, 866, -1,
      865, 866, 867, -1,
      867, 866, 868, -1,
      869, 870, 871, -1,
      871, 870, 872, -1,
      867, 868, 873, -1,
      873, 868, 870, -1,
      873, 870, 874, -1,
      874, 870, 869, -1,
      872, 870, 875, -1,
      872, 875, 876, -1,
      876, 875, 839, -1,
      876, 839, 838, -1,
      867, 854, 865, -1,
      865, 854, 856, -1,
      865, 856, 863, -1,
      863, 856, 858, -1,
      863, 858, 861, -1,
      861, 858, 859, -1,
      841, 840, 842, -1,
      842, 840, 839, -1,
      842, 839, 844, -1,
      844, 839, 875, -1,
      844, 875, 846, -1,
      846, 875, 870, -1,
      846, 870, 851, -1,
      851, 870, 868, -1,
      851, 868, 855, -1,
      855, 868, 866, -1,
      855, 866, 857, -1,
      857, 866, 864, -1,
      857, 864, 860, -1,
      860, 864, 862, -1,
      871, 850, 849, -1,
      871, 849, 869, -1,
      869, 849, 848, -1,
      869, 848, 874, -1,
      874, 848, 853, -1,
      874, 853, 873, -1,
      850, 871, 847, -1,
      847, 871, 872, -1,
      847, 872, 845, -1,
      845, 872, 876, -1,
      845, 876, 843, -1,
      843, 876, 838, -1,
      843, 838, 837, -1,
      837, 838, 836, -1,
      854, 867, 852, -1,
      852, 867, 873, -1,
      852, 873, 853, -1,
    ]
  }
}

Shape {
  appearance Appearance {
    material Material {
      diffuseColor 0.2980 0.2980 0.2980
      specularColor 0.0902 0.0902 0.0902
      ambientIntensity 0.2
      transparency 0.0000
      shininess 0.5
    }
  }
  geometry IndexedFaceSet {
    ccw TRUE
    solid FALSE
    coord DEF co Coordinate {
      point [
        0.023122 2.188096 0.000000,
        -0.120915 2.188096 0.000000,
        -0.120915 2.303708 0.000000,
        0.698819 1.170200 0.000000,
        0.374654 1.170200 0.000000,
        0.374654 1.194815 0.000000,
        -5.032774 -2.457629 0.000000,
        -5.418307 -2.457629 0.000000,
        -5.418307 1.170200 0.000000,
        -5.629921 -2.457629 0.000000,
        -5.629921 1.170200 0.000000,
        0.374654 0.488631 0.000000,
        0.197167 0.488631 0.000000,
        0.197167 1.170200 0.000000,
        0.045770 0.488631 0.000000,
        0.045770 1.170200 0.000000,
        -3.687008 -1.441272 0.000000,
        -4.302202 -3.334645 0.000000,
        -4.446850 -3.334645 0.000000,
        -4.808071 -3.683241 0.000000,
        -4.872164 -3.656693 0.000000,
        -5.032774 -3.499950 0.000000,
        -4.446850 -3.947942 0.000000,
        -4.448819 -3.972954 0.000000,
        -4.684252 -3.982166 0.000000,
        -4.753032 -3.725474 0.000000,
        -5.032774 -3.334645 0.000000,
        -4.940945 -3.647638 0.000000,
        -5.009726 -3.656693 0.000000,
        -5.418307 -3.499950 0.000000,
        -5.073819 -3.683241 0.000000,
        -5.128857 -3.725474 0.000000,
        -4.675197 -3.913386 0.000000,
        -4.684252 -3.844605 0.000000,
        -4.710800 -3.780512 0.000000,
        -5.171089 -3.780512 0.000000,
        -5.197638 -3.844605 0.000000,
        -5.206693 -3.913386 0.000000,
        -5.197638 -3.982166 0.000000,
        -5.171089 -4.046260 0.000000,
        -5.418307 -5.980315 0.000000,
        -5.128857 -4.101298 0.000000,
        -4.872164 -4.170079 0.000000,
        -4.448819 -5.665354 0.000000,
        -4.940945 -4.179134 0.000000,
        -4.763780 -5.980315 0.000000,
        -5.009726 -4.170079 0.000000,
        -5.073819 -4.143531 0.000000,
        -4.808071 -4.143531 0.000000,
        -4.753032 -4.101298 0.000000,
        -4.710800 -4.046260 0.000000,
        -4.391012 -3.607973 0.000000,
        -4.434278 -3.788189 0.000000,
        -2.495551 0.451524 0.000000,
        -2.770823 0.342537 0.000000,
        -2.874016 1.170200 0.000000,
        -2.874016 0.267563 0.000000,
        -3.687008 1.170200 0.000000,
        -3.010343 0.168515 0.000000,
        -3.199061 -0.059605 0.000000,
        -2.201823 0.488631 0.000000,
        -1.903543 1.170200 0.000000,
        -1.903543 0.488631 0.000000,
        -0.917323 0.488631 0.000000,
        -0.917323 1.170200 0.000000,
        -0.555344 0.488631 0.000000,
        -0.555344 1.170200 0.000000,
        -0.305762 0.488631 0.000000,
        -0.305762 1.170200 0.000000,
        -0.120915 0.488631 0.000000,
        0.023122 1.170200 0.000000,
        0.698819 0.488631 0.000000,
        1.801246 0.488631 0.000000,
        2.798484 -0.059605 0.000000,
        3.019549 1.170200 0.000000,
        2.924542 -0.327491 0.000000,
        3.019549 -0.619893 0.000000,
        2.609767 0.168515 0.000000,
        2.370247 0.342537 0.000000,
        2.037402 1.170200 0.000000,
        2.094975 0.451524 0.000000,
        2.037402 0.458798 0.000000,
        4.075311 1.170200 0.000000,
        4.075311 -3.334645 0.000000,
        3.706421 1.146787 0.000000,
        4.075311 -3.911210 0.000000,
        4.036681 -3.750303 0.000000,
        3.901626 -3.334645 0.000000,
        3.312720 1.146787 0.000000,
        3.312720 1.170200 0.000000,
        4.464054 -3.735411 0.000000,
        4.460673 -3.737243 0.000000,
        4.453780 -3.743530 0.000000,
        4.444201 -4.057503 0.000000,
        4.445307 -4.066766 0.000000,
        4.094488 -4.115284 0.000000,
        4.444201 -3.769269 0.000000,
        4.448561 -3.751262 0.000000,
        4.445307 -3.760005 0.000000,
        4.079947 -3.930519 0.000000,
        5.629921 -3.091196 0.000000,
        5.629921 -3.334645 0.000000,
        5.104306 -3.091196 0.000000,
        4.484941 -3.334645 0.000000,
        5.629921 1.170200 0.000000,
        5.629921 -2.059094 0.000000,
        5.104306 -2.059094 0.000000,
        4.652629 0.286584 0.000000,
        4.625500 0.297821 0.000000,
        4.484941 1.170200 0.000000,
        4.693800 0.245413 0.000000,
        4.675924 0.268709 0.000000,
        4.484941 -2.917028 0.000000,
        4.487740 -2.938283 0.000000,
        4.498977 -2.965412 0.000000,
        4.540148 0.286584 0.000000,
        4.516852 0.268709 0.000000,
        4.596388 0.301654 0.000000,
        4.567276 0.297821 0.000000,
        4.498977 0.245413 0.000000,
        4.487740 0.218285 0.000000,
        4.484941 0.197030 0.000000,
        4.516852 -2.988707 0.000000,
        4.540148 -3.006583 0.000000,
        4.567276 -3.017820 0.000000,
        4.675924 -2.988707 0.000000,
        4.693800 -2.965412 0.000000,
        4.596388 -3.021652 0.000000,
        4.625500 -3.017820 0.000000,
        4.652629 -3.006583 0.000000,
        4.705036 -2.938283 0.000000,
        4.708869 -2.909171 0.000000,
        4.708869 0.189173 0.000000,
        4.705036 0.218285 0.000000,
        -3.325118 -0.327491 0.000000,
        -4.446850 1.170200 0.000000,
        -5.629921 -5.980315 0.000000,
        -5.629921 -3.499950 0.000000,
        -0.620079 3.460630 0.000000,
        -0.917323 3.308474 0.000000,
        -0.620079 4.641732 0.000000,
        -0.917323 5.429134 0.000000,
        -0.555344 4.641732 0.000000,
        -0.555344 5.429134 0.000000,
        -0.305762 4.641732 0.000000,
        -0.305762 5.429134 0.000000,
        -0.226378 4.641732 0.000000,
        -0.120915 5.429134 0.000000,
        -0.555344 3.308474 0.000000,
        -0.555344 3.460630 0.000000,
        -0.305762 3.308474 0.000000,
        -0.305762 3.460630 0.000000,
        -0.120915 3.308474 0.000000,
        -0.226378 3.460630 0.000000,
        3.019549 3.308474 0.000000,
        2.726378 3.229406 0.000000,
        2.332677 3.229406 0.000000,
        2.726378 2.303708 0.000000,
        3.019549 2.303708 0.000000,
        2.726378 2.279528 0.000000,
        3.019549 2.188096 0.000000,
        2.332677 2.279528 0.000000,
        2.037402 2.188096 0.000000,
        2.332677 2.303708 0.000000,
        2.037402 2.303708 0.000000,
        2.037402 3.308474 0.000000,
        3.706421 1.194815 0.000000,
        3.706421 2.096665 0.000000,
        4.075311 2.188096 0.000000,
        3.312720 1.194815 0.000000,
        3.019549 1.194815 0.000000,
        3.312720 2.096665 0.000000,
        4.075311 1.194815 0.000000,
        3.706421 1.170200 0.000000,
        -0.226378 2.303708 0.000000,
        -0.226378 2.279528 0.000000,
        -0.305762 2.279528 0.000000,
        -0.305762 2.188096 0.000000,
        -0.555344 2.279528 0.000000,
        -0.555344 2.188096 0.000000,
        -0.620079 2.279528 0.000000,
        -0.917323 2.188096 0.000000,
        -0.620079 2.303708 0.000000,
        -0.917323 2.303708 0.000000,
        -0.620079 3.229406 0.000000,
        -0.226378 3.229406 0.000000,
        -0.305762 3.229406 0.000000,
        -0.555344 3.229406 0.000000,
        0.698819 2.188096 0.000000,
        0.954724 2.279528 0.000000,
        1.742126 2.279528 0.000000,
        0.954724 2.303708 0.000000,
        0.698819 2.303708 0.000000,
        0.954724 3.229406 0.000000,
        0.698819 3.308474 0.000000,
        1.742126 3.229406 0.000000,
        1.742126 2.303708 0.000000,
        0.049213 4.641732 0.000000,
        0.049213 3.460630 0.000000,
        0.045770 3.308474 0.000000,
        0.045770 5.429134 0.000000,
        0.197167 5.429134 0.000000,
        0.197167 4.641732 0.000000,
        0.374654 4.641732 0.000000,
        0.374654 5.429134 0.000000,
        0.442913 4.641732 0.000000,
        0.698819 5.429134 0.000000,
        0.442913 3.460630 0.000000,
        0.197167 3.308474 0.000000,
        0.197167 3.460630 0.000000,
        0.374654 3.308474 0.000000,
        0.374654 3.460630 0.000000,
        -3.687008 2.188096 0.000000,
        -3.549213 2.279528 0.000000,
        -3.155512 2.279528 0.000000,
        -3.549213 2.303708 0.000000,
        -3.687008 2.303708 0.000000,
        -3.549213 3.229406 0.000000,
        -3.687008 3.308474 0.000000,
        -3.155512 3.229406 0.000000,
        -2.874016 3.308474 0.000000,
        -3.155512 2.303708 0.000000,
        -2.874016 2.303708 0.000000,
        -2.874016 2.188096 0.000000,
        -3.824803 2.279528 0.000000,
        -4.218504 2.279528 0.000000,
        -4.446850 2.188096 0.000000,
        -4.218504 2.303708 0.000000,
        -4.446850 2.303708 0.000000,
        -4.218504 3.229406 0.000000,
        -4.446850 3.308474 0.000000,
        -3.824803 3.229406 0.000000,
        -3.824803 2.303708 0.000000,
        3.312720 2.327889 0.000000,
        3.706421 2.327889 0.000000,
        4.075311 3.308474 0.000000,
        3.706421 3.308474 0.000000,
        3.706421 3.508991 0.000000,
        3.312720 3.308474 0.000000,
        3.312720 3.508991 0.000000,
        3.019549 5.429134 0.000000,
        4.075311 5.429134 0.000000,
        -1.903543 2.188096 0.000000,
        -1.608268 2.279528 0.000000,
        -1.214567 2.279528 0.000000,
        -1.608268 2.303708 0.000000,
        -1.903543 2.303708 0.000000,
        -1.608268 3.229406 0.000000,
        -1.903543 3.308474 0.000000,
        -1.214567 3.229406 0.000000,
        -1.214567 2.303708 0.000000,
        -2.592520 2.279528 0.000000,
        -2.198819 2.279528 0.000000,
        -2.592520 2.303708 0.000000,
        -2.592520 3.229406 0.000000,
        -2.198819 3.229406 0.000000,
        -2.198819 2.303708 0.000000,
        4.613426 -3.698517 0.000000,
        4.559802 -3.698517 0.000000,
        4.507821 -3.711695 0.000000,
        4.484941 -3.724093 0.000000,
        4.665407 -4.115076 0.000000,
        5.629921 -5.980315 0.000000,
        4.613426 -4.128255 0.000000,
        4.484941 -5.980315 0.000000,
        4.559802 -4.128255 0.000000,
        4.724668 -3.751262 0.000000,
        4.719448 -3.743530 0.000000,
        4.712556 -3.737243 0.000000,
        4.665407 -3.711695 0.000000,
        4.712556 -4.089529 0.000000,
        4.719448 -4.083242 0.000000,
        4.724668 -4.075510 0.000000,
        4.727922 -4.066766 0.000000,
        4.729027 -4.057503 0.000000,
        4.729027 -3.769269 0.000000,
        4.727922 -3.760005 0.000000,
        4.448561 -4.075510 0.000000,
        4.453780 -4.083242 0.000000,
        4.094488 -5.665354 0.000000,
        4.460673 -4.089529 0.000000,
        4.409449 -5.980315 0.000000,
        4.464054 -4.091361 0.000000,
        4.464054 -5.980315 0.000000,
        4.484941 -4.102679 0.000000,
        4.507821 -4.115076 0.000000,
        0.045770 1.388398 0.000000,
        0.042327 1.387464 0.000000,
        0.042327 1.361057 0.000000,
        0.042327 1.227823 0.000000,
        0.045770 1.225916 0.000000,
        0.045770 1.362531 0.000000,
        0.064500 1.370552 0.000000,
        0.045855 1.225869 0.000000,
        0.088426 1.373660 0.000000,
        0.107810 1.371483 0.000000,
        0.122544 1.366166 0.000000,
        0.136169 1.357051 0.000000,
        0.148056 1.343928 0.000000,
        0.162358 1.292339 0.000000,
        0.160365 1.271029 0.000000,
        0.155017 1.254097 0.000000,
        0.111213 1.217279 0.000000,
        0.092853 1.215220 0.000000,
        0.125557 1.222559 0.000000,
        0.137638 1.230702 0.000000,
        0.146875 1.240448 0.000000,
        0.066722 1.218120 0.000000,
        0.156172 1.328729 0.000000,
        0.161419 1.307656 0.000000,
        0.139830 1.202697 0.000000,
        0.155664 1.212808 0.000000,
        0.197167 1.194815 0.000000,
        0.170450 1.228374 0.000000,
        0.180937 1.247092 0.000000,
        0.178376 1.341017 0.000000,
        0.166838 1.359422 0.000000,
        0.197167 2.188096 0.000000,
        0.149066 1.376513 0.000000,
        0.186861 1.267929 0.000000,
        0.188765 1.290726 0.000000,
        0.185933 1.318713 0.000000,
        0.130368 1.387276 0.000000,
        0.108423 1.393652 0.000000,
        0.045770 2.188096 0.000000,
        0.088652 1.395266 0.000000,
        0.065086 1.393640 0.000000,
        0.083202 1.194815 0.000000,
        0.091109 1.193706 0.000000,
        0.096491 1.193614 0.000000,
        0.108067 1.194815 0.000000,
        0.120750 1.196130 0.000000,
        0.023122 1.194815 0.000000,
        0.042327 1.206217 0.000000,
        0.045770 1.194815 0.000000,
        0.045770 1.204804 0.000000,
        0.063310 1.197602 0.000000,
        4.464054 -3.334645 0.000000,
        4.483907 -2.909171 0.000000,
        4.483907 0.189173 0.000000,
        4.464054 1.170200 0.000000,
        2.037402 1.194815 0.000000,
        0.698819 1.194815 0.000000,
        -0.120915 1.194815 0.000000,
        -4.446850 1.194815 0.000000,
        -3.687008 1.194815 0.000000,
        -2.874016 1.194815 0.000000,
        -1.903543 1.194815 0.000000,
        -0.917323 1.194815 0.000000,
        -0.555344 1.194815 0.000000,
        0.374654 2.188096 0.000000,
        0.205569 1.217620 0.000000,
        0.205569 1.196015 0.000000,
        0.306395 1.196015 0.000000,
        0.306395 1.392865 0.000000,
        0.279988 1.217620 0.000000,
        0.279988 1.392865 0.000000,
        -0.101710 1.217620 0.000000,
        -0.101710 1.196015 0.000000,
        0.003917 1.196015 0.000000,
        0.003917 1.392865 0.000000,
        -0.096909 1.371259 0.000000,
        -0.096909 1.392865 0.000000,
        -0.022489 1.284837 0.000000,
        -0.022489 1.217620 0.000000,
        -0.092107 1.284837 0.000000,
        -0.092107 1.306443 0.000000,
        -0.022489 1.306443 0.000000,
        -0.022489 1.371259 0.000000,
        -0.193646 1.196015 0.000000,
        -0.140120 1.196015 0.000000,
        -0.140120 1.392865 0.000000,
        -0.305762 1.194815 0.000000,
        -0.288730 1.249967 0.000000,
        -0.277442 1.232360 0.000000,
        -0.261239 1.216846 0.000000,
        -0.240685 1.204902 0.000000,
        -0.218002 1.198141 0.000000,
        -0.224111 1.389825 0.000000,
        -0.247143 1.381738 0.000000,
        -0.268568 1.367379 0.000000,
        -0.195671 1.392865 0.000000,
        -0.268774 1.367198 0.000000,
        -0.282694 1.351763 0.000000,
        -0.291843 1.334833 0.000000,
        -0.120915 1.170200 0.000000,
        0.023122 0.488631 0.000000,
        -0.297130 1.315438 0.000000,
        -0.298560 1.296915 0.000000,
        -0.295798 1.270571 0.000000,
        -0.341771 1.196015 0.000000,
        -0.312964 1.196015 0.000000,
        -0.387383 1.392865 0.000000,
        -0.413790 1.392865 0.000000,
        -0.490609 1.196015 0.000000,
        -0.461802 1.196015 0.000000,
        -0.441884 1.251229 0.000000,
        -0.360563 1.251229 0.000000,
        4.075311 2.303708 0.000000,
        0.023122 2.303708 0.000000,
        4.484941 1.194815 0.000000,
        5.629921 1.194815 0.000000,
        4.484941 2.188096 0.000000,
        5.629921 2.188096 0.000000,
        4.484941 2.303708 0.000000,
        5.629921 2.303708 0.000000,
        4.484941 3.308474 0.000000,
        5.629921 3.308474 0.000000,
        0.023122 3.308474 0.000000,
        0.045770 2.303708 0.000000,
        0.049213 2.279528 0.000000,
        0.197167 2.279528 0.000000,
        0.374654 2.279528 0.000000,
        0.442913 2.279528 0.000000,
        0.442913 2.303708 0.000000,
        0.442913 3.229406 0.000000,
        0.374654 3.229406 0.000000,
        0.197167 3.229406 0.000000,
        0.049213 3.229406 0.000000,
        0.049213 2.303708 0.000000,
        4.485976 4.991898 0.000000,
        4.484941 5.429134 0.000000,
        5.461965 4.991898 0.000000,
        5.629921 5.429134 0.000000,
        5.461965 3.387542 0.000000,
        4.485976 3.387542 0.000000,
        4.464054 1.194815 0.000000,
        4.464054 2.188096 0.000000,
        4.464054 2.303708 0.000000,
        4.464054 3.308474 0.000000,
        4.464054 5.429134 0.000000,
        2.332677 4.641732 0.000000,
        2.037402 5.429134 0.000000,
        2.726378 4.641732 0.000000,
        2.726378 3.460630 0.000000,
        2.332677 3.460630 0.000000,
        0.954724 4.641732 0.000000,
        1.053150 5.429134 0.000000,
        1.742126 4.641732 0.000000,
        1.742126 3.460630 0.000000,
        0.954724 3.460630 0.000000,
        0.023122 5.429134 0.000000,
        -1.608268 4.641732 0.000000,
        -1.903543 5.429134 0.000000,
        -1.214567 4.641732 0.000000,
        -1.214567 3.460630 0.000000,
        -1.608268 3.460630 0.000000,
        -2.198819 4.641732 0.000000,
        -2.198819 3.460630 0.000000,
        -2.592520 3.460630 0.000000,
        -2.592520 4.641732 0.000000,
        -2.874016 5.429134 0.000000,
        -2.873031 5.429134 0.000000,
        -3.155512 4.641732 0.000000,
        -3.549213 4.641732 0.000000,
        -3.687008 5.429134 0.000000,
        -3.549213 3.460630 0.000000,
        -3.155512 3.460630 0.000000,
        -3.685039 5.429134 0.000000,
        -3.824803 3.460630 0.000000,
        -3.824803 4.641732 0.000000,
        -4.218504 3.460630 0.000000,
        -4.218504 4.641732 0.000000,
        -4.446850 5.429134 0.000000,
        -5.418307 3.308474 0.000000,
        -5.418307 5.429134 0.000000,
        -4.669291 5.429134 0.000000,
        -5.418307 1.194815 0.000000,
        -5.418307 2.188096 0.000000,
        -5.418307 2.303708 0.000000,
        -5.629921 3.308474 0.000000,
        -5.629921 5.429134 0.000000,
        -5.533464 5.429134 0.000000,
        -5.629921 1.194815 0.000000,
        -5.629921 2.188096 0.000000,
        -5.629921 2.303708 0.000000,
        4.409449 -5.980315 0.196850,
        4.763780 -5.980315 0.196850,
        4.763780 -5.980315 1.102362,
        5.629921 -5.980315 1.102362,
        -5.629921 3.862028 0.759655,
        -5.629921 -5.980315 1.102362,
        -5.629921 -5.730261 1.102362,
        -5.629921 -5.730261 0.376983,
        -5.629921 -4.255106 0.376983,
        -5.629921 -3.499950 0.039370,
        -5.629921 -4.255106 1.102362,
        -5.629921 -2.457629 0.039370,
        -5.629921 -1.258888 0.759655,
        -5.629921 -0.433674 0.759655,
        -5.629921 3.862028 0.376983,
        -5.629921 4.702243 0.376983,
        -5.629921 5.429134 0.754144,
        -5.629921 4.702243 0.759655,
        -5.629921 5.429134 1.102362,
        -5.629921 -0.433674 0.376983,
        -5.629921 -1.258888 0.376983,
        5.629921 -3.091196 0.039370,
        5.629921 -2.834981 0.708661,
        5.629921 -2.834981 1.102362,
        5.629921 -2.059094 0.039370,
        5.629921 0.976541 0.708661,
        5.629921 0.976541 1.102362,
        5.629921 5.429134 1.102362,
        5.629921 5.429134 0.754144,
        -5.200787 5.429134 0.361632,
        -5.200787 5.429134 0.405925,
        -4.669291 5.429134 0.754144,
        -5.533464 5.429134 1.102362,
        -5.533464 5.429134 0.754144,
        -5.437008 5.429134 0.405925,
        -5.437008 5.429134 0.361632,
        -4.137795 5.429134 0.405925,
        -4.137795 5.429134 0.361632,
        -3.901575 5.429134 0.405925,
        -3.685039 5.429134 0.754144,
        -3.901575 5.429134 0.361632,
        -3.468504 5.429134 0.361632,
        -3.468504 5.429134 0.405925,
        -3.232283 5.429134 0.405925,
        -2.873031 5.429134 0.754144,
        -3.232283 5.429134 0.361632,
        -2.277559 5.429134 0.361632,
        -2.513780 5.429134 0.361632,
        -2.513780 5.429134 0.405925,
        -2.277559 5.429134 0.405925,
        -1.903543 5.429134 0.754144,
        -1.293307 5.429134 0.361632,
        -1.529528 5.429134 0.361632,
        -1.529528 5.429134 0.405925,
        -1.293307 5.429134 0.405925,
        -0.917323 5.429134 0.754144,
        -0.305118 5.429134 0.361632,
        1.053150 5.429134 0.754144,
        -0.541339 5.429134 0.361632,
        -0.541339 5.429134 0.405925,
        -0.305118 5.429134 0.405925,
        2.647638 5.429134 0.405925,
        2.411417 5.429134 0.405925,
        2.411417 5.429134 0.361632,
        2.647638 5.429134 0.361632,
        -4.669291 5.429134 1.102362,
        -3.685039 5.429134 1.102362,
        -2.873031 5.429134 1.102362,
        -1.903543 5.429134 1.102362,
        -0.917323 5.429134 1.102362,
        1.053150 5.429134 1.102362,
        -5.354331 -5.980315 0.196850,
        -5.354331 -5.980315 1.102362,
        -4.763780 -5.980315 0.196850,
        4.506969 0.976541 1.102362,
        -5.039370 4.838583 1.102362,
        -5.039370 -5.665354 1.102362,
        -5.669291 -4.255106 1.102362,
        -5.669291 -5.730261 1.102362,
        4.448819 -5.665354 1.102362,
        4.506969 -2.834981 1.102362,
        4.448819 4.838583 1.102362,
        3.548228 4.838583 1.102362,
        1.053150 4.838583 1.102362,
        -0.917323 4.838583 1.102362,
        -1.903543 4.838583 1.102362,
        -2.873031 4.838583 1.102362,
        -3.685039 4.838583 1.102362,
        -5.039370 -5.665354 0.196850,
        -5.039370 2.188096 0.196850,
        -5.039370 2.303708 0.196850,
        -5.039370 3.345018 0.196850,
        -5.039370 4.075361 0.196850,
        -5.039370 4.838583 0.285942,
        -5.039370 4.838583 0.196850,
        3.019549 4.838583 0.196850,
        3.548228 4.838583 0.196850,
        3.548228 4.838583 0.285942,
        -3.687008 4.838583 0.196850,
        -3.685039 4.838583 0.285942,
        -3.685039 4.838583 0.196850,
        -2.874016 4.838583 0.196850,
        -2.873031 4.838583 0.285942,
        -2.873031 4.838583 0.196850,
        -1.903543 4.838583 0.285942,
        -1.903543 4.838583 0.196850,
        -0.917323 4.838583 0.285942,
        -0.917323 4.838583 0.196850,
        -0.088583 4.838583 0.196850,
        1.053150 4.838583 0.285942,
        0.698819 4.838583 0.196850,
        1.053150 4.838583 0.196850,
        2.037402 4.838583 0.196850,
        4.448819 4.838583 0.285942,
        4.235100 4.838583 0.196850,
        4.448819 4.838583 0.196850,
        -3.901575 4.838583 0.414404,
        -3.901575 4.838583 0.375034,
        -4.137795 4.838583 0.375034,
        -4.137795 4.838583 0.414404,
        -3.468504 4.838583 0.414404,
        -3.232283 4.838583 0.414404,
        -3.232283 4.838583 0.375034,
        -3.468504 4.838583 0.375034,
        -2.513780 4.838583 0.375034,
        -2.277559 4.838583 0.375034,
        -2.277559 4.838583 0.414404,
        -2.513780 4.838583 0.414404,
        -1.529528 4.838583 0.375034,
        -1.293307 4.838583 0.375034,
        -1.293307 4.838583 0.414404,
        -1.529528 4.838583 0.414404,
        -0.541339 4.838583 0.375034,
        -0.305118 4.838583 0.375034,
        -0.305118 4.838583 0.414404,
        -0.541339 4.838583 0.414404,
        2.411417 4.838583 0.414404,
        2.647638 4.838583 0.414404,
        2.647638 4.838583 0.375034,
        2.411417 4.838583 0.375034,
        4.448819 3.345018 0.196850,
        4.448819 4.075361 0.196850,
        4.448819 -5.665354 0.196850,
        4.448819 2.188096 0.196850,
        4.448819 2.303708 0.196850,
        -4.448819 -5.665354 0.196850,
        -4.448819 -3.972954 0.196850,
        -4.434278 -3.788189 0.196850,
        -4.391012 -3.607973 0.196850,
        -3.687008 -1.441272 0.196850,
        -3.687008 2.188096 0.196850,
        -3.824803 2.279528 0.196850,
        -4.218504 2.279528 0.196850,
        -3.687008 3.345018 0.196850,
        -3.824803 3.460630 0.196850,
        -4.218504 3.460630 0.196850,
        -3.824803 4.075361 0.196850,
        -3.687008 4.075361 0.196850,
        -3.824803 4.641732 0.196850,
        -4.218504 4.641732 0.196850,
        -4.218504 4.075361 0.196850,
        4.235100 4.075361 0.196850,
        4.235100 3.345018 0.196850,
        4.235100 2.303708 0.196850,
        4.235100 2.188096 0.196850,
        4.235100 -5.805967 0.196850,
        3.019549 -0.619893 0.196850,
        4.036681 -3.750303 0.196850,
        3.706421 1.146787 0.196850,
        4.079947 -3.930519 0.196850,
        4.094488 -4.115284 0.196850,
        3.312720 1.146787 0.196850,
        3.312720 2.096665 0.196850,
        3.019549 2.188096 0.196850,
        3.706421 2.096665 0.196850,
        4.094488 -5.665354 0.196850,
        2.924542 -0.327491 0.196850,
        2.798484 -0.059605 0.196850,
        2.037402 0.458798 0.196850,
        2.094975 0.451524 0.196850,
        2.370247 0.342537 0.196850,
        2.609767 0.168515 0.196850,
        -0.088583 2.188096 0.196850,
        -0.088583 0.488631 0.196850,
        0.698819 2.188096 0.196850,
        0.698819 0.488631 0.196850,
        2.037402 2.188096 0.196850,
        1.801246 0.488631 0.196850,
        -0.917323 0.488631 0.196850,
        -0.917323 2.188096 0.196850,
        -1.903543 0.488631 0.196850,
        -1.903543 2.188096 0.196850,
        -2.770823 0.342537 0.196850,
        -2.495551 0.451524 0.196850,
        -2.874016 2.188096 0.196850,
        -2.201823 0.488631 0.196850,
        -3.325118 -0.327491 0.196850,
        -3.199061 -0.059605 0.196850,
        -3.010343 0.168515 0.196850,
        -2.874016 0.267563 0.196850,
        -3.824803 2.303708 0.196850,
        -3.687008 2.303708 0.196850,
        -3.824803 3.229406 0.196850,
        -4.218504 3.229406 0.196850,
        -4.218504 2.303708 0.196850,
        0.442913 3.229406 0.196850,
        0.698819 3.345018 0.196850,
        0.049213 3.229406 0.196850,
        -0.088583 3.345018 0.196850,
        0.049213 2.303708 0.196850,
        -0.088583 2.303708 0.196850,
        0.049213 2.279528 0.196850,
        0.442913 2.279528 0.196850,
        0.442913 2.303708 0.196850,
        0.698819 2.303708 0.196850,
        -0.620079 3.460630 0.196850,
        -0.917323 3.345018 0.196850,
        -0.226378 3.460630 0.196850,
        -0.226378 4.075361 0.196850,
        -0.088583 4.075361 0.196850,
        -0.226378 4.641732 0.196850,
        -0.620079 4.641732 0.196850,
        -0.620079 4.075361 0.196850,
        -0.917323 4.075361 0.196850,
        2.726378 2.303708 0.196850,
        2.726378 2.279528 0.196850,
        2.332677 2.279528 0.196850,
        2.037402 2.303708 0.196850,
        2.332677 2.303708 0.196850,
        2.037402 3.345018 0.196850,
        2.332677 3.229406 0.196850,
        3.019549 3.345018 0.196850,
        2.726378 3.229406 0.196850,
        3.019549 2.303708 0.196850,
        2.332677 3.460630 0.196850,
        2.726378 3.460630 0.196850,
        2.726378 4.075361 0.196850,
        3.019549 4.075361 0.196850,
        2.726378 4.641732 0.196850,
        2.332677 4.641732 0.196850,
        2.332677 4.075361 0.196850,
        2.037402 4.075361 0.196850,
        -0.226378 2.279528 0.196850,
        -0.620079 2.279528 0.196850,
        -0.226378 2.303708 0.196850,
        -0.226378 3.229406 0.196850,
        -0.620079 3.229406 0.196850,
        -0.620079 2.303708 0.196850,
        -0.917323 2.303708 0.196850,
        1.742126 3.229406 0.196850,
        0.954724 3.229406 0.196850,
        0.954724 2.303708 0.196850,
        0.954724 2.279528 0.196850,
        1.742126 2.279528 0.196850,
        1.742126 2.303708 0.196850,
        0.954724 4.641732 0.196850,
        0.954724 4.075361 0.196850,
        0.698819 4.075361 0.196850,
        0.954724 3.460630 0.196850,
        1.742126 3.460630 0.196850,
        1.742126 4.075361 0.196850,
        1.742126 4.641732 0.196850,
        0.049213 3.460630 0.196850,
        0.442913 3.460630 0.196850,
        0.442913 4.075361 0.196850,
        0.442913 4.641732 0.196850,
        0.049213 4.641732 0.196850,
        0.049213 4.075361 0.196850,
        -2.874016 4.075361 0.196850,
        -2.592520 4.641732 0.196850,
        -2.198819 4.641732 0.196850,
        -1.903543 4.075361 0.196850,
        -2.198819 4.075361 0.196850,
        -1.903543 3.345018 0.196850,
        -2.198819 3.460630 0.196850,
        -2.874016 3.345018 0.196850,
        -2.592520 3.460630 0.196850,
        -2.592520 4.075361 0.196850,
        -3.155512 3.229406 0.196850,
        -3.549213 3.229406 0.196850,
        -3.549213 2.303708 0.196850,
        -3.549213 2.279528 0.196850,
        -3.155512 2.279528 0.196850,
        -3.155512 2.303708 0.196850,
        -2.874016 2.303708 0.196850,
        -3.549213 4.641732 0.196850,
        -3.549213 4.075361 0.196850,
        -3.549213 3.460630 0.196850,
        -3.155512 3.460630 0.196850,
        -3.155512 4.075361 0.196850,
        -3.155512 4.641732 0.196850,
        3.312720 2.327889 0.196850,
        3.706421 2.327889 0.196850,
        3.706421 3.345018 0.196850,
        3.706421 3.508991 0.196850,
        3.312720 3.508991 0.196850,
        3.312720 3.345018 0.196850,
        -1.214567 3.229406 0.196850,
        -1.608268 3.229406 0.196850,
        -1.608268 2.303708 0.196850,
        -1.903543 2.303708 0.196850,
        -1.608268 2.279528 0.196850,
        -1.214567 2.279528 0.196850,
        -1.214567 2.303708 0.196850,
        -1.608268 3.460630 0.196850,
        -1.214567 3.460630 0.196850,
        -1.214567 4.075361 0.196850,
        -1.214567 4.641732 0.196850,
        -1.608268 4.641732 0.196850,
        -1.608268 4.075361 0.196850,
        -2.198819 3.229406 0.196850,
        -2.592520 3.229406 0.196850,
        -2.592520 2.303708 0.196850,
        -2.592520 2.279528 0.196850,
        -2.198819 2.279528 0.196850,
        -2.198819 2.303708 0.196850,
      ]
    }
    coordIndex [
      0, 1, 2, -1,
      3, 4, 5, -1,
      6, 7, 8, -1,
      7, 9, 10, -1,
      11, 12, 13, -1,
      12, 14, 15, -1,
      16, 17, 18, -1,
      19, 20, 21, -1,
      22, 23, 24, -1,
      19, 21, 25, -1,
      25, 21, 26, -1,
      25, 26, 18, -1,
      20, 27, 21, -1,
      21, 27, 28, -1,
      21, 28, 29, -1,
      29, 28, 30, -1,
      29, 30, 31, -1,
      24, 32, 22, -1,
      22, 32, 33, -1,
      22, 33, 18, -1,
      18, 33, 34, -1,
      18, 34, 25, -1,
      31, 35, 29, -1,
      29, 35, 36, -1,
      29, 36, 37, -1,
      38, 39, 40, -1,
      40, 39, 41, -1,
      42, 43, 44, -1,
      44, 43, 45, -1,
      44, 45, 46, -1,
      46, 45, 40, -1,
      46, 40, 47, -1,
      47, 40, 41, -1,
      42, 48, 43, -1,
      43, 48, 49, -1,
      43, 49, 23, -1,
      23, 49, 50, -1,
      23, 50, 24, -1,
      17, 51, 18, -1,
      18, 51, 52, -1,
      18, 52, 22, -1,
      53, 54, 55, -1,
      55, 54, 56, -1,
      55, 56, 57, -1,
      57, 56, 58, -1,
      57, 58, 59, -1,
      53, 55, 60, -1,
      60, 55, 61, -1,
      60, 61, 62, -1,
      62, 61, 63, -1,
      63, 61, 64, -1,
      63, 64, 65, -1,
      65, 64, 66, -1,
      65, 66, 67, -1,
      67, 66, 68, -1,
      67, 68, 69, -1,
      15, 14, 70, -1,
      11, 4, 71, -1,
      71, 4, 3, -1,
      71, 3, 72, -1,
      73, 74, 75, -1,
      75, 74, 76, -1,
      73, 77, 74, -1,
      74, 77, 78, -1,
      74, 78, 79, -1,
      79, 78, 80, -1,
      79, 80, 81, -1,
      82, 83, 84, -1,
      85, 86, 83, -1,
      83, 86, 87, -1,
      83, 87, 84, -1,
      84, 87, 76, -1,
      84, 76, 88, -1,
      88, 76, 74, -1,
      88, 74, 89, -1,
      90, 91, 83, -1,
      83, 91, 92, -1,
      93, 94, 95, -1,
      93, 95, 96, -1,
      92, 97, 83, -1,
      83, 97, 98, -1,
      83, 98, 85, -1,
      85, 98, 96, -1,
      85, 96, 99, -1,
      99, 96, 95, -1,
      100, 101, 102, -1,
      102, 101, 103, -1,
      104, 105, 106, -1,
      107, 108, 109, -1,
      110, 111, 104, -1,
      104, 111, 107, -1,
      112, 113, 103, -1,
      103, 113, 114, -1,
      109, 115, 116, -1,
      108, 117, 109, -1,
      109, 117, 118, -1,
      109, 118, 115, -1,
      116, 119, 109, -1,
      109, 119, 120, -1,
      109, 120, 121, -1,
      114, 122, 103, -1,
      103, 122, 123, -1,
      103, 123, 124, -1,
      125, 126, 102, -1,
      124, 127, 103, -1,
      103, 127, 128, -1,
      103, 128, 102, -1,
      102, 128, 129, -1,
      102, 129, 125, -1,
      126, 130, 102, -1,
      102, 130, 131, -1,
      102, 131, 106, -1,
      106, 131, 132, -1,
      106, 132, 104, -1,
      104, 132, 133, -1,
      104, 133, 110, -1,
      59, 134, 57, -1,
      57, 134, 16, -1,
      57, 16, 135, -1,
      135, 16, 18, -1,
      135, 18, 6, -1,
      6, 18, 26, -1,
      136, 137, 40, -1,
      40, 137, 29, -1,
      40, 29, 38, -1,
      38, 29, 37, -1,
      138, 139, 140, -1,
      140, 139, 141, -1,
      140, 141, 142, -1,
      142, 141, 143, -1,
      142, 143, 144, -1,
      144, 143, 145, -1,
      144, 145, 146, -1,
      146, 145, 147, -1,
      148, 149, 150, -1,
      150, 149, 151, -1,
      150, 151, 152, -1,
      152, 151, 153, -1,
      154, 155, 156, -1,
      155, 154, 157, -1,
      157, 154, 158, -1,
      157, 158, 159, -1,
      159, 158, 160, -1,
      159, 160, 161, -1,
      161, 160, 162, -1,
      161, 162, 163, -1,
      163, 162, 164, -1,
      163, 164, 156, -1,
      156, 164, 165, -1,
      156, 165, 154, -1,
      166, 167, 168, -1,
      169, 170, 171, -1,
      171, 170, 160, -1,
      168, 172, 166, -1,
      166, 172, 82, -1,
      166, 82, 173, -1,
      173, 82, 84, -1,
      174, 2, 175, -1,
      175, 2, 1, -1,
      175, 1, 176, -1,
      176, 1, 177, -1,
      176, 177, 178, -1,
      178, 177, 179, -1,
      178, 179, 180, -1,
      180, 179, 181, -1,
      180, 181, 182, -1,
      182, 181, 183, -1,
      182, 183, 184, -1,
      184, 183, 139, -1,
      184, 139, 148, -1,
      148, 139, 138, -1,
      148, 138, 149, -1,
      152, 185, 150, -1,
      150, 185, 186, -1,
      150, 186, 148, -1,
      148, 186, 187, -1,
      148, 187, 184, -1,
      188, 189, 190, -1,
      189, 188, 191, -1,
      191, 188, 192, -1,
      191, 192, 193, -1,
      193, 192, 194, -1,
      193, 194, 195, -1,
      195, 194, 165, -1,
      195, 165, 196, -1,
      196, 165, 164, -1,
      196, 164, 190, -1,
      190, 164, 162, -1,
      190, 162, 188, -1,
      197, 198, 199, -1,
      200, 201, 202, -1,
      202, 201, 203, -1,
      203, 201, 204, -1,
      203, 204, 205, -1,
      205, 204, 206, -1,
      205, 206, 207, -1,
      199, 198, 208, -1,
      208, 198, 209, -1,
      208, 209, 210, -1,
      210, 209, 211, -1,
      210, 211, 194, -1,
      212, 213, 214, -1,
      213, 212, 215, -1,
      215, 212, 216, -1,
      215, 216, 217, -1,
      217, 216, 218, -1,
      217, 218, 219, -1,
      219, 218, 220, -1,
      219, 220, 221, -1,
      221, 220, 222, -1,
      221, 222, 214, -1,
      214, 222, 223, -1,
      214, 223, 212, -1,
      224, 212, 225, -1,
      225, 212, 226, -1,
      225, 226, 227, -1,
      227, 226, 228, -1,
      227, 228, 229, -1,
      229, 228, 230, -1,
      229, 230, 231, -1,
      231, 230, 218, -1,
      231, 218, 232, -1,
      232, 218, 216, -1,
      232, 216, 224, -1,
      224, 216, 212, -1,
      158, 233, 234, -1,
      235, 236, 237, -1,
      233, 158, 238, -1,
      238, 158, 154, -1,
      238, 154, 239, -1,
      239, 154, 240, -1,
      239, 240, 237, -1,
      237, 240, 241, -1,
      237, 241, 235, -1,
      242, 243, 244, -1,
      243, 242, 245, -1,
      245, 242, 246, -1,
      245, 246, 247, -1,
      247, 246, 248, -1,
      247, 248, 249, -1,
      249, 248, 139, -1,
      249, 139, 250, -1,
      250, 139, 183, -1,
      250, 183, 244, -1,
      244, 183, 181, -1,
      244, 181, 242, -1,
      223, 251, 252, -1,
      251, 223, 253, -1,
      253, 223, 222, -1,
      253, 222, 254, -1,
      254, 222, 220, -1,
      254, 220, 255, -1,
      255, 220, 248, -1,
      255, 248, 256, -1,
      256, 248, 246, -1,
      256, 246, 252, -1,
      252, 246, 242, -1,
      252, 242, 223, -1,
      257, 258, 103, -1,
      103, 258, 259, -1,
      103, 259, 260, -1,
      261, 262, 263, -1,
      263, 262, 264, -1,
      263, 264, 265, -1,
      266, 267, 101, -1,
      101, 267, 268, -1,
      101, 268, 103, -1,
      103, 268, 269, -1,
      103, 269, 257, -1,
      261, 270, 262, -1,
      262, 270, 271, -1,
      262, 271, 101, -1,
      271, 272, 101, -1,
      101, 272, 273, -1,
      101, 273, 274, -1,
      274, 275, 101, -1,
      101, 275, 276, -1,
      101, 276, 266, -1,
      94, 277, 95, -1,
      95, 277, 278, -1,
      95, 278, 279, -1,
      279, 278, 280, -1,
      279, 280, 281, -1,
      281, 280, 282, -1,
      281, 282, 283, -1,
      283, 282, 284, -1,
      283, 284, 264, -1,
      264, 284, 285, -1,
      264, 285, 265, -1,
      286, 287, 0, -1,
      0, 287, 288, -1,
      0, 288, 289, -1,
      289, 288, 290, -1,
      288, 291, 290, -1,
      290, 291, 292, -1,
      290, 292, 293, -1,
      293, 292, 294, -1,
      293, 294, 295, -1,
      295, 296, 293, -1,
      293, 296, 297, -1,
      293, 297, 298, -1,
      299, 300, 293, -1,
      293, 300, 301, -1,
      302, 303, 304, -1,
      304, 303, 305, -1,
      301, 306, 293, -1,
      293, 306, 305, -1,
      293, 305, 307, -1,
      307, 305, 303, -1,
      298, 308, 293, -1,
      293, 308, 309, -1,
      293, 309, 299, -1,
      310, 311, 312, -1,
      312, 311, 313, -1,
      312, 313, 314, -1,
      315, 316, 317, -1,
      317, 316, 318, -1,
      314, 319, 312, -1,
      312, 319, 320, -1,
      312, 320, 317, -1,
      317, 320, 321, -1,
      317, 321, 315, -1,
      318, 322, 317, -1,
      317, 322, 323, -1,
      317, 323, 324, -1,
      324, 323, 325, -1,
      324, 325, 326, -1,
      327, 328, 15, -1,
      15, 328, 329, -1,
      15, 329, 330, -1,
      12, 15, 13, -1,
      13, 15, 330, -1,
      13, 330, 312, -1,
      312, 330, 331, -1,
      312, 331, 310, -1,
      332, 333, 334, -1,
      334, 333, 335, -1,
      334, 335, 336, -1,
      260, 90, 103, -1,
      103, 90, 337, -1,
      103, 337, 112, -1,
      112, 337, 338, -1,
      338, 337, 339, -1,
      339, 337, 340, -1,
      339, 340, 121, -1,
      169, 89, 170, -1,
      170, 89, 74, -1,
      170, 74, 341, -1,
      341, 74, 79, -1,
      341, 79, 342, -1,
      336, 327, 334, -1,
      334, 327, 15, -1,
      334, 15, 332, -1,
      332, 15, 70, -1,
      332, 70, 343, -1,
      135, 344, 57, -1,
      57, 344, 345, -1,
      57, 345, 55, -1,
      55, 345, 346, -1,
      55, 346, 61, -1,
      61, 346, 347, -1,
      61, 347, 64, -1,
      64, 347, 348, -1,
      64, 348, 66, -1,
      66, 348, 349, -1,
      66, 349, 68, -1,
      160, 170, 162, -1,
      162, 170, 341, -1,
      162, 341, 188, -1,
      188, 341, 342, -1,
      188, 342, 350, -1,
      317, 351, 312, -1,
      312, 351, 352, -1,
      312, 352, 353, -1,
      11, 13, 4, -1,
      4, 13, 312, -1,
      4, 312, 5, -1,
      5, 312, 353, -1,
      5, 353, 354, -1,
      355, 351, 356, -1,
      356, 351, 317, -1,
      356, 317, 354, -1,
      354, 317, 350, -1,
      354, 350, 5, -1,
      5, 350, 342, -1,
      5, 342, 3, -1,
      3, 342, 79, -1,
      3, 79, 72, -1,
      72, 79, 81, -1,
      357, 358, 343, -1,
      343, 358, 359, -1,
      343, 359, 332, -1,
      332, 359, 360, -1,
      361, 357, 362, -1,
      362, 357, 1, -1,
      362, 1, 360, -1,
      360, 1, 0, -1,
      360, 0, 332, -1,
      332, 0, 289, -1,
      332, 289, 333, -1,
      363, 364, 365, -1,
      365, 364, 357, -1,
      365, 357, 366, -1,
      366, 357, 361, -1,
      366, 361, 367, -1,
      367, 361, 368, -1,
      369, 370, 343, -1,
      343, 370, 371, -1,
      372, 373, 374, -1,
      374, 375, 372, -1,
      372, 375, 376, -1,
      372, 376, 377, -1,
      378, 379, 177, -1,
      177, 379, 380, -1,
      357, 343, 1, -1,
      1, 343, 371, -1,
      1, 371, 177, -1,
      177, 371, 381, -1,
      177, 381, 378, -1,
      380, 382, 177, -1,
      177, 382, 383, -1,
      177, 383, 384, -1,
      377, 369, 372, -1,
      372, 369, 343, -1,
      372, 343, 385, -1,
      385, 343, 70, -1,
      385, 70, 386, -1,
      386, 70, 14, -1,
      384, 387, 177, -1,
      177, 387, 388, -1,
      177, 388, 372, -1,
      372, 388, 389, -1,
      372, 389, 373, -1,
      390, 391, 372, -1,
      372, 391, 177, -1,
      177, 391, 392, -1,
      177, 392, 179, -1,
      393, 394, 349, -1,
      349, 394, 395, -1,
      396, 397, 395, -1,
      395, 397, 390, -1,
      395, 390, 349, -1,
      349, 390, 372, -1,
      349, 372, 68, -1,
      68, 372, 385, -1,
      68, 385, 69, -1,
      69, 385, 386, -1,
      344, 226, 345, -1,
      345, 226, 212, -1,
      345, 212, 346, -1,
      346, 212, 223, -1,
      346, 223, 347, -1,
      347, 223, 242, -1,
      347, 242, 348, -1,
      348, 242, 181, -1,
      348, 181, 349, -1,
      349, 181, 179, -1,
      349, 179, 393, -1,
      393, 179, 392, -1,
      236, 235, 234, -1,
      234, 235, 398, -1,
      234, 398, 158, -1,
      158, 398, 168, -1,
      158, 168, 160, -1,
      160, 168, 167, -1,
      160, 167, 171, -1,
      326, 286, 324, -1,
      324, 286, 0, -1,
      324, 0, 399, -1,
      399, 0, 2, -1,
      399, 2, 152, -1,
      152, 2, 174, -1,
      152, 174, 185, -1,
      107, 109, 104, -1,
      104, 109, 400, -1,
      104, 400, 401, -1,
      401, 400, 402, -1,
      401, 402, 403, -1,
      403, 402, 404, -1,
      403, 404, 405, -1,
      405, 404, 406, -1,
      405, 406, 407, -1,
      408, 199, 409, -1,
      152, 408, 399, -1,
      399, 408, 409, -1,
      399, 409, 324, -1,
      324, 409, 410, -1,
      324, 410, 317, -1,
      317, 410, 411, -1,
      317, 411, 350, -1,
      350, 411, 412, -1,
      350, 412, 188, -1,
      188, 412, 413, -1,
      188, 413, 192, -1,
      192, 413, 414, -1,
      192, 414, 194, -1,
      194, 414, 415, -1,
      194, 415, 210, -1,
      210, 415, 416, -1,
      210, 416, 208, -1,
      208, 416, 417, -1,
      208, 417, 199, -1,
      199, 417, 418, -1,
      199, 418, 409, -1,
      409, 418, 419, -1,
      409, 419, 410, -1,
      420, 421, 422, -1,
      422, 421, 423, -1,
      422, 423, 424, -1,
      424, 423, 407, -1,
      424, 407, 425, -1,
      425, 407, 406, -1,
      425, 406, 420, -1,
      420, 406, 421, -1,
      121, 340, 109, -1,
      109, 340, 426, -1,
      109, 426, 400, -1,
      400, 426, 427, -1,
      400, 427, 402, -1,
      402, 427, 428, -1,
      402, 428, 404, -1,
      404, 428, 429, -1,
      404, 429, 406, -1,
      406, 429, 430, -1,
      406, 430, 421, -1,
      90, 83, 337, -1,
      337, 83, 82, -1,
      337, 82, 340, -1,
      340, 82, 172, -1,
      340, 172, 426, -1,
      426, 172, 168, -1,
      426, 168, 427, -1,
      427, 168, 398, -1,
      427, 398, 428, -1,
      428, 398, 235, -1,
      428, 235, 429, -1,
      429, 235, 241, -1,
      429, 241, 430, -1,
      431, 432, 433, -1,
      433, 432, 240, -1,
      433, 240, 434, -1,
      434, 240, 154, -1,
      434, 154, 435, -1,
      435, 154, 165, -1,
      435, 165, 431, -1,
      431, 165, 432, -1,
      211, 207, 194, -1,
      194, 207, 206, -1,
      194, 206, 436, -1,
      436, 206, 437, -1,
      436, 437, 438, -1,
      438, 437, 432, -1,
      438, 432, 439, -1,
      439, 432, 165, -1,
      439, 165, 440, -1,
      440, 165, 194, -1,
      440, 194, 436, -1,
      153, 146, 152, -1,
      152, 146, 147, -1,
      152, 147, 408, -1,
      408, 147, 441, -1,
      408, 441, 199, -1,
      199, 441, 200, -1,
      199, 200, 197, -1,
      197, 200, 202, -1,
      442, 443, 444, -1,
      444, 443, 141, -1,
      444, 141, 445, -1,
      445, 141, 139, -1,
      445, 139, 446, -1,
      446, 139, 248, -1,
      446, 248, 442, -1,
      442, 248, 443, -1,
      447, 443, 448, -1,
      448, 443, 248, -1,
      448, 248, 449, -1,
      449, 248, 220, -1,
      449, 220, 450, -1,
      450, 220, 451, -1,
      450, 451, 447, -1,
      447, 451, 452, -1,
      447, 452, 443, -1,
      453, 454, 455, -1,
      218, 456, 220, -1,
      220, 456, 457, -1,
      220, 457, 451, -1,
      451, 457, 453, -1,
      451, 453, 458, -1,
      458, 453, 455, -1,
      218, 459, 460, -1,
      459, 218, 461, -1,
      461, 218, 230, -1,
      461, 230, 462, -1,
      462, 230, 463, -1,
      462, 463, 460, -1,
      460, 463, 455, -1,
      460, 455, 218, -1,
      218, 455, 454, -1,
      218, 454, 456, -1,
      464, 465, 466, -1,
      6, 8, 135, -1,
      135, 8, 467, -1,
      135, 467, 344, -1,
      344, 467, 468, -1,
      344, 468, 226, -1,
      226, 468, 469, -1,
      226, 469, 228, -1,
      228, 469, 464, -1,
      228, 464, 230, -1,
      230, 464, 466, -1,
      230, 466, 463, -1,
      470, 471, 472, -1,
      7, 10, 8, -1,
      8, 10, 473, -1,
      8, 473, 467, -1,
      467, 473, 474, -1,
      467, 474, 468, -1,
      468, 474, 475, -1,
      468, 475, 469, -1,
      469, 475, 470, -1,
      469, 470, 464, -1,
      464, 470, 472, -1,
      464, 472, 465, -1,
      281, 283, 476, -1,
      476, 283, 264, -1,
      476, 264, 477, -1,
      477, 264, 262, -1,
      477, 262, 478, -1,
      478, 262, 479, -1,
      480, 475, 474, -1,
      481, 482, 136, -1,
      136, 482, 483, -1,
      136, 483, 137, -1,
      137, 483, 484, -1,
      137, 484, 485, -1,
      485, 484, 486, -1,
      485, 486, 487, -1,
      487, 486, 488, -1,
      487, 488, 9, -1,
      480, 474, 489, -1,
      475, 480, 470, -1,
      470, 480, 490, -1,
      470, 490, 471, -1,
      471, 490, 491, -1,
      471, 491, 492, -1,
      492, 491, 493, -1,
      492, 493, 494, -1,
      494, 493, 480, -1,
      494, 480, 486, -1,
      486, 480, 489, -1,
      486, 489, 488, -1,
      474, 473, 489, -1,
      489, 473, 10, -1,
      489, 10, 495, -1,
      495, 10, 9, -1,
      495, 9, 496, -1,
      496, 9, 488, -1,
      101, 100, 497, -1,
      262, 101, 479, -1,
      479, 101, 498, -1,
      479, 498, 499, -1,
      101, 497, 498, -1,
      498, 497, 500, -1,
      498, 500, 501, -1,
      501, 500, 105, -1,
      501, 105, 104, -1,
      104, 401, 501, -1,
      501, 401, 403, -1,
      501, 403, 502, -1,
      502, 403, 405, -1,
      502, 405, 503, -1,
      503, 405, 407, -1,
      503, 407, 504, -1,
      504, 407, 423, -1,
      505, 506, 507, -1,
      492, 494, 508, -1,
      507, 506, 509, -1,
      509, 506, 510, -1,
      509, 510, 511, -1,
      511, 505, 466, -1,
      466, 465, 511, -1,
      511, 465, 472, -1,
      511, 472, 509, -1,
      509, 472, 471, -1,
      509, 471, 492, -1,
      507, 512, 513, -1,
      505, 507, 466, -1,
      466, 507, 513, -1,
      466, 513, 463, -1,
      512, 507, 514, -1,
      514, 507, 515, -1,
      514, 515, 516, -1,
      516, 515, 458, -1,
      516, 458, 513, -1,
      513, 458, 455, -1,
      513, 455, 463, -1,
      517, 458, 518, -1,
      518, 458, 515, -1,
      518, 515, 519, -1,
      519, 515, 520, -1,
      519, 520, 521, -1,
      521, 520, 452, -1,
      521, 452, 517, -1,
      517, 452, 451, -1,
      517, 451, 458, -1,
      522, 443, 523, -1,
      523, 443, 452, -1,
      523, 452, 524, -1,
      524, 452, 520, -1,
      524, 520, 525, -1,
      525, 520, 526, -1,
      525, 526, 522, -1,
      522, 526, 443, -1,
      527, 141, 528, -1,
      528, 141, 443, -1,
      528, 443, 529, -1,
      529, 443, 526, -1,
      529, 526, 530, -1,
      530, 526, 531, -1,
      530, 531, 527, -1,
      527, 531, 141, -1,
      532, 441, 147, -1,
      206, 204, 533, -1,
      533, 204, 201, -1,
      147, 145, 532, -1,
      532, 145, 143, -1,
      532, 143, 534, -1,
      534, 143, 141, -1,
      534, 141, 535, -1,
      535, 141, 531, -1,
      535, 531, 536, -1,
      531, 533, 536, -1,
      536, 533, 201, -1,
      536, 201, 532, -1,
      532, 201, 200, -1,
      532, 200, 441, -1,
      537, 538, 533, -1,
      533, 538, 539, -1,
      423, 421, 504, -1,
      504, 421, 430, -1,
      504, 430, 241, -1,
      533, 504, 537, -1,
      537, 504, 241, -1,
      537, 241, 540, -1,
      540, 241, 240, -1,
      540, 240, 539, -1,
      539, 240, 432, -1,
      539, 432, 533, -1,
      533, 432, 437, -1,
      533, 437, 206, -1,
      492, 508, 509, -1,
      509, 508, 541, -1,
      509, 541, 507, -1,
      507, 541, 542, -1,
      507, 542, 515, -1,
      515, 542, 543, -1,
      515, 543, 520, -1,
      520, 543, 544, -1,
      520, 544, 526, -1,
      526, 544, 545, -1,
      526, 545, 531, -1,
      531, 545, 546, -1,
      531, 546, 533, -1,
      533, 546, 503, -1,
      533, 503, 504, -1,
      547, 548, 481, -1,
      45, 549, 40, -1,
      40, 549, 547, -1,
      40, 547, 136, -1,
      136, 547, 481, -1,
      550, 502, 503, -1,
      508, 494, 551, -1,
      478, 479, 499, -1,
      481, 548, 482, -1,
      482, 548, 552, -1,
      551, 494, 552, -1,
      552, 494, 486, -1,
      552, 486, 482, -1,
      482, 486, 553, -1,
      482, 553, 554, -1,
      478, 499, 555, -1,
      499, 556, 555, -1,
      555, 556, 550, -1,
      555, 550, 557, -1,
      557, 550, 503, -1,
      557, 503, 558, -1,
      558, 503, 546, -1,
      558, 546, 559, -1,
      559, 546, 560, -1,
      560, 546, 545, -1,
      560, 545, 561, -1,
      561, 545, 544, -1,
      561, 544, 562, -1,
      562, 544, 543, -1,
      562, 543, 563, -1,
      563, 543, 542, -1,
      563, 542, 551, -1,
      551, 542, 541, -1,
      551, 541, 508, -1,
      552, 564, 551, -1,
      551, 564, 565, -1,
      551, 565, 566, -1,
      566, 567, 551, -1,
      551, 567, 568, -1,
      551, 568, 569, -1,
      569, 568, 570, -1,
      571, 572, 573, -1,
      569, 570, 574, -1,
      575, 576, 577, -1,
      575, 577, 578, -1,
      578, 577, 579, -1,
      578, 579, 580, -1,
      580, 579, 581, -1,
      580, 581, 582, -1,
      581, 583, 582, -1,
      582, 583, 584, -1,
      582, 584, 585, -1,
      584, 586, 585, -1,
      585, 586, 587, -1,
      585, 587, 588, -1,
      573, 572, 589, -1,
      589, 572, 590, -1,
      589, 590, 591, -1,
      592, 593, 575, -1,
      575, 593, 594, -1,
      592, 563, 595, -1,
      595, 563, 551, -1,
      595, 551, 594, -1,
      594, 551, 569, -1,
      594, 569, 575, -1,
      575, 569, 574, -1,
      575, 574, 576, -1,
      592, 575, 563, -1,
      563, 575, 596, -1,
      563, 596, 562, -1,
      562, 596, 597, -1,
      562, 597, 578, -1,
      578, 597, 598, -1,
      578, 598, 575, -1,
      575, 598, 599, -1,
      575, 599, 596, -1,
      600, 578, 601, -1,
      601, 578, 580, -1,
      601, 580, 602, -1,
      602, 580, 561, -1,
      602, 561, 603, -1,
      603, 561, 562, -1,
      603, 562, 600, -1,
      600, 562, 578, -1,
      604, 580, 605, -1,
      605, 580, 582, -1,
      605, 582, 606, -1,
      606, 582, 560, -1,
      606, 560, 607, -1,
      607, 560, 561, -1,
      607, 561, 604, -1,
      604, 561, 580, -1,
      608, 582, 609, -1,
      609, 582, 585, -1,
      609, 585, 610, -1,
      610, 585, 559, -1,
      610, 559, 611, -1,
      611, 559, 560, -1,
      611, 560, 608, -1,
      608, 560, 582, -1,
      558, 559, 612, -1,
      613, 614, 573, -1,
      573, 614, 615, -1,
      612, 559, 615, -1,
      615, 559, 585, -1,
      615, 585, 573, -1,
      573, 585, 588, -1,
      573, 588, 571, -1,
      589, 557, 573, -1,
      573, 557, 558, -1,
      573, 558, 613, -1,
      613, 558, 612, -1,
      616, 557, 617, -1,
      617, 557, 589, -1,
      617, 589, 591, -1,
      618, 555, 619, -1,
      619, 555, 557, -1,
      619, 557, 620, -1,
      620, 557, 616, -1,
      547, 549, 564, -1,
      564, 549, 621, -1,
      621, 622, 564, -1,
      564, 622, 623, -1,
      564, 623, 565, -1,
      565, 623, 624, -1,
      565, 624, 625, -1,
      626, 627, 628, -1,
      629, 630, 631, -1,
      630, 629, 632, -1,
      632, 629, 633, -1,
      632, 633, 634, -1,
      634, 633, 574, -1,
      634, 574, 635, -1,
      635, 574, 570, -1,
      635, 570, 636, -1,
      636, 570, 568, -1,
      636, 568, 631, -1,
      631, 568, 567, -1,
      631, 567, 629, -1,
      617, 637, 638, -1,
      617, 638, 616, -1,
      616, 638, 639, -1,
      616, 639, 620, -1,
      619, 640, 618, -1,
      618, 640, 641, -1,
      618, 641, 477, -1,
      477, 641, 476, -1,
      642, 643, 644, -1,
      644, 643, 645, -1,
      644, 645, 646, -1,
      647, 648, 649, -1,
      649, 648, 650, -1,
      649, 650, 640, -1,
      640, 650, 644, -1,
      640, 644, 641, -1,
      641, 644, 646, -1,
      641, 646, 651, -1,
      644, 647, 642, -1,
      642, 647, 649, -1,
      642, 649, 652, -1,
      652, 649, 653, -1,
      654, 655, 649, -1,
      655, 656, 649, -1,
      649, 656, 657, -1,
      649, 657, 653, -1,
      658, 659, 660, -1,
      660, 659, 661, -1,
      660, 661, 662, -1,
      662, 661, 663, -1,
      662, 663, 654, -1,
      664, 665, 666, -1,
      666, 665, 667, -1,
      668, 669, 670, -1,
      670, 669, 667, -1,
      667, 669, 671, -1,
      667, 671, 666, -1,
      672, 673, 626, -1,
      626, 673, 674, -1,
      626, 674, 670, -1,
      670, 674, 675, -1,
      670, 675, 668, -1,
      627, 626, 676, -1,
      676, 626, 677, -1,
      676, 677, 678, -1,
      678, 677, 629, -1,
      678, 629, 679, -1,
      679, 629, 567, -1,
      679, 567, 680, -1,
      680, 567, 566, -1,
      680, 566, 628, -1,
      628, 566, 565, -1,
      628, 565, 626, -1,
      626, 565, 625, -1,
      626, 625, 672, -1,
      681, 682, 683, -1,
      683, 682, 684, -1,
      683, 684, 685, -1,
      685, 684, 686, -1,
      685, 686, 687, -1,
      687, 686, 658, -1,
      687, 658, 688, -1,
      688, 658, 660, -1,
      688, 660, 689, -1,
      689, 660, 690, -1,
      689, 690, 681, -1,
      681, 690, 682, -1,
      691, 692, 693, -1,
      693, 692, 684, -1,
      693, 684, 694, -1,
      694, 684, 695, -1,
      694, 695, 696, -1,
      696, 695, 584, -1,
      696, 584, 697, -1,
      697, 584, 583, -1,
      697, 583, 698, -1,
      698, 583, 699, -1,
      698, 699, 691, -1,
      691, 699, 692, -1,
      700, 701, 649, -1,
      649, 701, 702, -1,
      654, 649, 662, -1,
      662, 649, 702, -1,
      662, 702, 703, -1,
      703, 702, 704, -1,
      703, 704, 705, -1,
      705, 704, 706, -1,
      705, 706, 707, -1,
      707, 706, 708, -1,
      707, 708, 709, -1,
      710, 705, 711, -1,
      711, 705, 707, -1,
      711, 707, 712, -1,
      712, 707, 713, -1,
      712, 713, 714, -1,
      714, 713, 571, -1,
      714, 571, 715, -1,
      715, 571, 588, -1,
      715, 588, 716, -1,
      716, 588, 717, -1,
      716, 717, 710, -1,
      710, 717, 705, -1,
      658, 718, 719, -1,
      718, 658, 720, -1,
      720, 658, 686, -1,
      720, 686, 721, -1,
      721, 686, 684, -1,
      721, 684, 722, -1,
      722, 684, 692, -1,
      722, 692, 723, -1,
      723, 692, 724, -1,
      723, 724, 719, -1,
      719, 724, 665, -1,
      719, 665, 658, -1,
      658, 665, 664, -1,
      658, 664, 659, -1,
      725, 705, 726, -1,
      726, 705, 682, -1,
      726, 682, 727, -1,
      727, 682, 690, -1,
      727, 690, 728, -1,
      728, 690, 660, -1,
      728, 660, 729, -1,
      729, 660, 662, -1,
      729, 662, 730, -1,
      730, 662, 703, -1,
      730, 703, 725, -1,
      725, 703, 705, -1,
      588, 587, 731, -1,
      731, 587, 586, -1,
      731, 586, 732, -1,
      732, 586, 733, -1,
      732, 733, 734, -1,
      734, 733, 682, -1,
      734, 682, 735, -1,
      735, 682, 705, -1,
      735, 705, 736, -1,
      736, 705, 717, -1,
      736, 717, 737, -1,
      737, 717, 588, -1,
      737, 588, 731, -1,
      738, 684, 739, -1,
      739, 684, 682, -1,
      739, 682, 740, -1,
      740, 682, 733, -1,
      740, 733, 741, -1,
      741, 733, 586, -1,
      741, 586, 742, -1,
      742, 586, 584, -1,
      742, 584, 743, -1,
      743, 584, 695, -1,
      743, 695, 738, -1,
      738, 695, 684, -1,
      577, 744, 579, -1,
      579, 744, 745, -1,
      579, 745, 581, -1,
      581, 745, 746, -1,
      581, 746, 747, -1,
      747, 746, 748, -1,
      747, 748, 749, -1,
      749, 748, 750, -1,
      749, 750, 751, -1,
      751, 750, 752, -1,
      751, 752, 744, -1,
      744, 752, 753, -1,
      744, 753, 745, -1,
      754, 751, 755, -1,
      755, 751, 629, -1,
      755, 629, 756, -1,
      756, 629, 677, -1,
      756, 677, 757, -1,
      757, 677, 626, -1,
      757, 626, 758, -1,
      758, 626, 670, -1,
      758, 670, 759, -1,
      759, 670, 760, -1,
      759, 760, 754, -1,
      754, 760, 751, -1,
      577, 576, 761, -1,
      761, 576, 574, -1,
      761, 574, 762, -1,
      762, 574, 633, -1,
      762, 633, 763, -1,
      763, 633, 629, -1,
      763, 629, 764, -1,
      764, 629, 751, -1,
      764, 751, 765, -1,
      765, 751, 744, -1,
      765, 744, 766, -1,
      766, 744, 577, -1,
      766, 577, 761, -1,
      767, 709, 768, -1,
      768, 709, 639, -1,
      768, 639, 769, -1,
      769, 639, 638, -1,
      769, 638, 770, -1,
      770, 638, 637, -1,
      770, 637, 771, -1,
      771, 637, 713, -1,
      771, 713, 772, -1,
      772, 713, 707, -1,
      772, 707, 767, -1,
      767, 707, 709, -1,
      773, 692, 774, -1,
      774, 692, 749, -1,
      774, 749, 775, -1,
      775, 749, 776, -1,
      775, 776, 777, -1,
      777, 776, 667, -1,
      777, 667, 778, -1,
      778, 667, 665, -1,
      778, 665, 779, -1,
      779, 665, 724, -1,
      779, 724, 773, -1,
      773, 724, 692, -1,
      780, 749, 781, -1,
      781, 749, 692, -1,
      781, 692, 782, -1,
      782, 692, 699, -1,
      782, 699, 783, -1,
      783, 699, 583, -1,
      783, 583, 784, -1,
      784, 583, 581, -1,
      784, 581, 785, -1,
      785, 581, 747, -1,
      785, 747, 780, -1,
      780, 747, 749, -1,
      786, 749, 787, -1,
      787, 749, 751, -1,
      787, 751, 788, -1,
      788, 751, 760, -1,
      788, 760, 789, -1,
      789, 760, 670, -1,
      789, 670, 790, -1,
      790, 670, 667, -1,
      790, 667, 791, -1,
      791, 667, 776, -1,
      791, 776, 786, -1,
      786, 776, 749, -1,
      619, 620, 640, -1,
      640, 620, 639, -1,
      640, 639, 649, -1,
      649, 639, 709, -1,
      649, 709, 700, -1,
      700, 709, 708, -1,
      617, 591, 637, -1,
      637, 591, 590, -1,
      637, 590, 713, -1,
      713, 590, 572, -1,
      713, 572, 571, -1,
      418, 683, 419, -1,
      419, 683, 685, -1,
      419, 685, 410, -1,
      410, 685, 687, -1,
      688, 413, 412, -1,
      688, 412, 687, -1,
      687, 412, 411, -1,
      687, 411, 410, -1,
      413, 688, 414, -1,
      414, 688, 689, -1,
      414, 689, 415, -1,
      415, 689, 681, -1,
      683, 418, 417, -1,
      683, 417, 681, -1,
      681, 417, 416, -1,
      681, 416, 415, -1,
      459, 630, 460, -1,
      460, 630, 632, -1,
      460, 632, 634, -1,
      460, 634, 462, -1,
      462, 634, 635, -1,
      631, 461, 636, -1,
      636, 461, 462, -1,
      636, 462, 635, -1,
      461, 631, 459, -1,
      459, 631, 630, -1,
      153, 693, 146, -1,
      146, 693, 694, -1,
      146, 694, 696, -1,
      146, 696, 144, -1,
      144, 696, 697, -1,
      144, 697, 142, -1,
      142, 697, 140, -1,
      691, 138, 698, -1,
      698, 138, 140, -1,
      698, 140, 697, -1,
      138, 691, 149, -1,
      149, 691, 693, -1,
      149, 693, 151, -1,
      151, 693, 153, -1,
      156, 706, 163, -1,
      163, 706, 704, -1,
      163, 704, 161, -1,
      161, 704, 702, -1,
      161, 702, 159, -1,
      159, 702, 701, -1,
      159, 701, 157, -1,
      157, 701, 700, -1,
      157, 700, 155, -1,
      155, 700, 708, -1,
      155, 708, 156, -1,
      156, 708, 706, -1,
      434, 711, 433, -1,
      433, 711, 712, -1,
      433, 712, 714, -1,
      433, 714, 431, -1,
      431, 714, 715, -1,
      710, 435, 716, -1,
      716, 435, 431, -1,
      716, 431, 715, -1,
      435, 710, 434, -1,
      434, 710, 711, -1,
      171, 648, 169, -1,
      169, 648, 647, -1,
      169, 647, 89, -1,
      89, 647, 88, -1,
      88, 647, 84, -1,
      84, 647, 644, -1,
      644, 650, 167, -1,
      167, 166, 644, -1,
      644, 166, 173, -1,
      644, 173, 84, -1,
      167, 650, 171, -1,
      171, 650, 648, -1,
      184, 722, 182, -1,
      182, 722, 723, -1,
      182, 723, 180, -1,
      180, 723, 719, -1,
      180, 719, 178, -1,
      178, 719, 718, -1,
      178, 718, 176, -1,
      176, 718, 175, -1,
      175, 718, 174, -1,
      174, 718, 720, -1,
      174, 720, 185, -1,
      185, 720, 721, -1,
      185, 721, 186, -1,
      186, 721, 722, -1,
      186, 722, 187, -1,
      187, 722, 184, -1,
      193, 726, 191, -1,
      191, 726, 727, -1,
      191, 727, 189, -1,
      189, 727, 728, -1,
      189, 728, 190, -1,
      190, 728, 729, -1,
      190, 729, 196, -1,
      196, 729, 730, -1,
      196, 730, 195, -1,
      195, 730, 725, -1,
      195, 725, 193, -1,
      193, 725, 726, -1,
      440, 734, 439, -1,
      439, 734, 735, -1,
      439, 735, 438, -1,
      438, 735, 736, -1,
      438, 736, 737, -1,
      438, 737, 436, -1,
      436, 737, 731, -1,
      734, 440, 732, -1,
      732, 440, 436, -1,
      732, 436, 731, -1,
      207, 739, 205, -1,
      205, 739, 740, -1,
      205, 740, 741, -1,
      742, 197, 202, -1,
      742, 202, 741, -1,
      741, 202, 203, -1,
      741, 203, 205, -1,
      738, 198, 743, -1,
      743, 198, 197, -1,
      743, 197, 742, -1,
      739, 207, 211, -1,
      739, 211, 738, -1,
      738, 211, 209, -1,
      738, 209, 198, -1,
      448, 750, 447, -1,
      447, 750, 748, -1,
      447, 748, 746, -1,
      447, 746, 450, -1,
      450, 746, 745, -1,
      752, 449, 753, -1,
      753, 449, 450, -1,
      753, 450, 745, -1,
      449, 752, 448, -1,
      448, 752, 750, -1,
      217, 755, 215, -1,
      215, 755, 756, -1,
      215, 756, 213, -1,
      213, 756, 757, -1,
      213, 757, 214, -1,
      214, 757, 758, -1,
      214, 758, 221, -1,
      221, 758, 759, -1,
      221, 759, 219, -1,
      219, 759, 754, -1,
      219, 754, 217, -1,
      217, 754, 755, -1,
      457, 764, 453, -1,
      453, 764, 765, -1,
      453, 765, 766, -1,
      453, 766, 454, -1,
      454, 766, 761, -1,
      763, 456, 762, -1,
      762, 456, 454, -1,
      762, 454, 761, -1,
      456, 763, 457, -1,
      457, 763, 764, -1,
      229, 679, 227, -1,
      227, 679, 680, -1,
      227, 680, 225, -1,
      225, 680, 628, -1,
      225, 628, 224, -1,
      224, 628, 627, -1,
      224, 627, 232, -1,
      232, 627, 676, -1,
      232, 676, 231, -1,
      231, 676, 678, -1,
      231, 678, 229, -1,
      229, 678, 679, -1,
      234, 768, 236, -1,
      236, 768, 769, -1,
      236, 769, 237, -1,
      237, 769, 770, -1,
      237, 770, 239, -1,
      239, 770, 771, -1,
      239, 771, 238, -1,
      238, 771, 772, -1,
      238, 772, 233, -1,
      233, 772, 767, -1,
      233, 767, 234, -1,
      234, 767, 768, -1,
      247, 774, 245, -1,
      245, 774, 775, -1,
      245, 775, 243, -1,
      243, 775, 777, -1,
      243, 777, 244, -1,
      244, 777, 778, -1,
      244, 778, 250, -1,
      250, 778, 779, -1,
      250, 779, 249, -1,
      249, 779, 773, -1,
      249, 773, 247, -1,
      247, 773, 774, -1,
      445, 781, 444, -1,
      444, 781, 782, -1,
      444, 782, 783, -1,
      444, 783, 442, -1,
      442, 783, 784, -1,
      780, 446, 785, -1,
      785, 446, 442, -1,
      785, 442, 784, -1,
      446, 780, 445, -1,
      445, 780, 781, -1,
      254, 787, 253, -1,
      253, 787, 788, -1,
      253, 788, 251, -1,
      251, 788, 789, -1,
      251, 789, 252, -1,
      252, 789, 790, -1,
      252, 790, 256, -1,
      256, 790, 791, -1,
      256, 791, 255, -1,
      255, 791, 786, -1,
      255, 786, 254, -1,
      254, 786, 787, -1,
    ]
  }
}

Shape {
  appearance Appearance {
    material Material {
      diffuseColor 0.6667 0.6980 0.7686
      specularColor 0.3333 0.3490 0.3843
      ambientIntensity 0.2
      transparency 0.0000
      shininess 0.5
    }
  }
  geometry IndexedFaceSet {
    ccw TRUE
    solid FALSE
    coord DEF co Coordinate {
      point [
        -4.137795 5.429134 0.405925,
        -4.137795 5.429134 0.361632,
        -3.901575 5.429134 0.405925,
        -3.901575 5.429134 0.361632,
        -3.468504 5.429134 0.361632,
        -3.468504 5.429134 0.405925,
        -3.232283 5.429134 0.405925,
        -3.232283 5.429134 0.361632,
        -2.277559 5.429134 0.361632,
        -2.513780 5.429134 0.361632,
        -2.513780 5.429134 0.405925,
        -2.277559 5.429134 0.405925,
        -1.293307 5.429134 0.361632,
        -1.529528 5.429134 0.361632,
        -1.529528 5.429134 0.405925,
        -1.293307 5.429134 0.405925,
        -0.305118 5.429134 0.361632,
        -0.541339 5.429134 0.361632,
        -0.541339 5.429134 0.405925,
        -0.305118 5.429134 0.405925,
        2.647638 5.429134 0.405925,
        2.411417 5.429134 0.405925,
        2.411417 5.429134 0.361632,
        2.647638 5.429134 0.361632,
        -3.901575 4.838583 0.414404,
        -3.901575 4.838583 0.375034,
        -4.137795 4.838583 0.375034,
        -4.137795 4.838583 0.414404,
        -3.468504 4.838583 0.414404,
        -3.232283 4.838583 0.414404,
        -3.232283 4.838583 0.375034,
        -3.468504 4.838583 0.375034,
        -2.513780 4.838583 0.375034,
        -2.277559 4.838583 0.375034,
        -2.277559 4.838583 0.414404,
        -2.513780 4.838583 0.414404,
        -1.529528 4.838583 0.375034,
        -1.293307 4.838583 0.375034,
        -1.293307 4.838583 0.414404,
        -1.529528 4.838583 0.414404,
        -0.541339 4.838583 0.375034,
        -0.305118 4.838583 0.375034,
        -0.305118 4.838583 0.414404,
        -0.541339 4.838583 0.414404,
        2.411417 4.838583 0.414404,
        2.647638 4.838583 0.414404,
        2.647638 4.838583 0.375034,
        2.411417 4.838583 0.375034,
        2.647638 3.630708 0.414404,
        2.411417 3.630708 0.414404,
        2.647638 3.625099 0.414806,
        2.411417 3.625099 0.414806,
        2.647638 2.866967 0.523931,
        2.411417 2.866967 0.523931,
        2.411417 2.842283 0.524874,
        2.647638 2.842283 0.524874,
        2.411417 2.817943 0.520662,
        2.647638 2.817943 0.520662,
        2.411417 2.795011 0.511480,
        2.647638 2.795011 0.511480,
        2.647638 2.387258 0.296277,
        2.411417 2.387258 0.296277,
        2.647638 2.405635 0.261459,
        2.411417 2.405635 0.261459,
        2.647638 2.813387 0.476662,
        2.411417 2.813387 0.476662,
        2.647638 2.828675 0.482783,
        2.411417 2.828675 0.482783,
        2.647638 2.844902 0.485591,
        2.411417 2.844902 0.485591,
        2.647638 2.861358 0.484962,
        2.411417 2.861358 0.484962,
        2.647638 3.619490 0.375837,
        2.411417 3.619490 0.375837,
        2.411417 3.630708 0.375034,
        2.647638 3.630708 0.375034,
        2.647638 5.485713 0.358306,
        2.411417 5.485713 0.358306,
        2.411417 5.470391 0.378093,
        2.647638 5.470391 0.378093,
        2.411417 5.451245 0.394207,
        2.647638 5.451245 0.394207,
        2.647638 5.441952 0.350867,
        2.411417 5.441952 0.350867,
        2.647638 5.452206 0.337635,
        2.411417 5.452206 0.337635,
        2.647638 5.980315 -0.007874,
        2.647638 5.980315 0.031496,
        2.647638 5.709297 -0.007874,
        2.647638 5.709297 0.031496,
        2.647638 5.689472 -0.005337,
        2.647638 5.699385 0.032764,
        2.647638 5.670925 0.002108,
        2.647638 5.690111 0.036487,
        2.647638 5.654850 0.013984,
        2.647638 5.682074 0.042425,
        2.647638 5.642283 0.029524,
        2.647638 5.675790 0.050195,
        2.411417 5.980315 0.031496,
        2.411417 5.980315 -0.007874,
        2.411417 5.709297 0.031496,
        2.411417 5.709297 -0.007874,
        2.411417 5.699385 0.032764,
        2.411417 5.689472 -0.005337,
        2.411417 5.690111 0.036487,
        2.411417 5.670925 0.002108,
        2.411417 5.682074 0.042425,
        2.411417 5.654850 0.013984,
        2.411417 5.675790 0.050195,
        2.411417 5.642283 0.029524,
        -0.305118 3.630708 0.414404,
        -0.541339 3.630708 0.414404,
        -0.305118 3.625099 0.414806,
        -0.541339 3.625099 0.414806,
        -0.305118 2.866967 0.523931,
        -0.541339 2.866967 0.523931,
        -0.541339 2.842283 0.524874,
        -0.305118 2.842283 0.524874,
        -0.541339 2.817943 0.520662,
        -0.305118 2.817943 0.520662,
        -0.541339 2.795011 0.511480,
        -0.305118 2.795011 0.511480,
        -0.305118 2.387258 0.296277,
        -0.541339 2.387258 0.296277,
        -0.305118 2.405635 0.261459,
        -0.541339 2.405635 0.261459,
        -0.305118 2.813387 0.476662,
        -0.541339 2.813387 0.476662,
        -0.305118 2.828675 0.482783,
        -0.541339 2.828675 0.482783,
        -0.305118 2.844902 0.485591,
        -0.541339 2.844902 0.485591,
        -0.305118 2.861358 0.484962,
        -0.541339 2.861358 0.484962,
        -0.305118 3.619490 0.375837,
        -0.541339 3.619490 0.375837,
        -0.541339 3.630708 0.375034,
        -0.305118 3.630708 0.375034,
        -0.305118 5.485713 0.358306,
        -0.541339 5.485713 0.358306,
        -0.541339 5.470391 0.378093,
        -0.305118 5.470391 0.378093,
        -0.541339 5.451245 0.394207,
        -0.305118 5.451245 0.394207,
        -0.305118 5.441952 0.350867,
        -0.541339 5.441952 0.350867,
        -0.305118 5.452206 0.337635,
        -0.541339 5.452206 0.337635,
        -0.305118 5.980315 -0.007874,
        -0.305118 5.980315 0.031496,
        -0.305118 5.709297 -0.007874,
        -0.305118 5.709297 0.031496,
        -0.305118 5.689472 -0.005337,
        -0.305118 5.699385 0.032764,
        -0.305118 5.670925 0.002108,
        -0.305118 5.690111 0.036487,
        -0.305118 5.654850 0.013984,
        -0.305118 5.682074 0.042425,
        -0.305118 5.642283 0.029524,
        -0.305118 5.675790 0.050195,
        -0.541339 5.980315 0.031496,
        -0.541339 5.980315 -0.007874,
        -0.541339 5.709297 0.031496,
        -0.541339 5.709297 -0.007874,
        -0.541339 5.699385 0.032764,
        -0.541339 5.689472 -0.005337,
        -0.541339 5.690111 0.036487,
        -0.541339 5.670925 0.002108,
        -0.541339 5.682074 0.042425,
        -0.541339 5.654850 0.013984,
        -0.541339 5.675790 0.050195,
        -0.541339 5.642283 0.029524,
        -1.293307 3.630708 0.414404,
        -1.529528 3.630708 0.414404,
        -1.293307 3.625099 0.414806,
        -1.529528 3.625099 0.414806,
        -1.293307 2.866967 0.523931,
        -1.529528 2.866967 0.523931,
        -1.529528 2.842283 0.524874,
        -1.293307 2.842283 0.524874,
        -1.529528 2.817943 0.520662,
        -1.293307 2.817943 0.520662,
        -1.529528 2.795011 0.511480,
        -1.293307 2.795011 0.511480,
        -1.293307 2.387258 0.296277,
        -1.529528 2.387258 0.296277,
        -1.293307 2.405635 0.261459,
        -1.529528 2.405635 0.261459,
        -1.293307 2.813387 0.476662,
        -1.529528 2.813387 0.476662,
        -1.293307 2.828675 0.482783,
        -1.529528 2.828675 0.482783,
        -1.293307 2.844902 0.485591,
        -1.529528 2.844902 0.485591,
        -1.293307 2.861358 0.484962,
        -1.529528 2.861358 0.484962,
        -1.293307 3.619490 0.375837,
        -1.529528 3.619490 0.375837,
        -1.529528 3.630708 0.375034,
        -1.293307 3.630708 0.375034,
        -1.293307 5.485713 0.358306,
        -1.529528 5.485713 0.358306,
        -1.529528 5.470391 0.378093,
        -1.293307 5.470391 0.378093,
        -1.529528 5.451245 0.394207,
        -1.293307 5.451245 0.394207,
        -1.293307 5.441952 0.350867,
        -1.529528 5.441952 0.350867,
        -1.293307 5.452206 0.337635,
        -1.529528 5.452206 0.337635,
        -1.293307 5.980315 -0.007874,
        -1.293307 5.980315 0.031496,
        -1.293307 5.709297 -0.007874,
        -1.293307 5.709297 0.031496,
        -1.293307 5.689472 -0.005337,
        -1.293307 5.699385 0.032764,
        -1.293307 5.670925 0.002108,
        -1.293307 5.690111 0.036487,
        -1.293307 5.654850 0.013984,
        -1.293307 5.682074 0.042425,
        -1.293307 5.642283 0.029524,
        -1.293307 5.675790 0.050195,
        -1.529528 5.980315 0.031496,
        -1.529528 5.980315 -0.007874,
        -1.529528 5.709297 0.031496,
        -1.529528 5.709297 -0.007874,
        -1.529528 5.699385 0.032764,
        -1.529528 5.689472 -0.005337,
        -1.529528 5.690111 0.036487,
        -1.529528 5.670925 0.002108,
        -1.529528 5.682074 0.042425,
        -1.529528 5.654850 0.013984,
        -1.529528 5.675790 0.050195,
        -1.529528 5.642283 0.029524,
        -2.277559 3.630708 0.414404,
        -2.513780 3.630708 0.414404,
        -2.277559 3.625099 0.414806,
        -2.513780 3.625099 0.414806,
        -2.277559 2.866967 0.523931,
        -2.513780 2.866967 0.523931,
        -2.513780 2.842283 0.524874,
        -2.277559 2.842283 0.524874,
        -2.513780 2.817943 0.520662,
        -2.277559 2.817943 0.520662,
        -2.513780 2.795011 0.511480,
        -2.277559 2.795011 0.511480,
        -2.277559 2.387258 0.296277,
        -2.513780 2.387258 0.296277,
        -2.277559 2.405635 0.261459,
        -2.513780 2.405635 0.261459,
        -2.277559 2.813387 0.476662,
        -2.513780 2.813387 0.476662,
        -2.277559 2.828675 0.482783,
        -2.513780 2.828675 0.482783,
        -2.277559 2.844902 0.485591,
        -2.513780 2.844902 0.485591,
        -2.277559 2.861358 0.484962,
        -2.513780 2.861358 0.484962,
        -2.277559 3.619490 0.375837,
        -2.513780 3.619490 0.375837,
        -2.513780 3.630708 0.375034,
        -2.277559 3.630708 0.375034,
        -2.277559 5.485713 0.358306,
        -2.513780 5.485713 0.358306,
        -2.513780 5.470391 0.378093,
        -2.277559 5.470391 0.378093,
        -2.513780 5.451245 0.394207,
        -2.277559 5.451245 0.394207,
        -2.277559 5.441952 0.350867,
        -2.513780 5.441952 0.350867,
        -2.277559 5.452206 0.337635,
        -2.513780 5.452206 0.337635,
        -2.277559 5.980315 -0.007874,
        -2.277559 5.980315 0.031496,
        -2.277559 5.709297 -0.007874,
        -2.277559 5.709297 0.031496,
        -2.277559 5.689472 -0.005337,
        -2.277559 5.699385 0.032764,
        -2.277559 5.670925 0.002108,
        -2.277559 5.690111 0.036487,
        -2.277559 5.654850 0.013984,
        -2.277559 5.682074 0.042425,
        -2.277559 5.642283 0.029524,
        -2.277559 5.675790 0.050195,
        -2.513780 5.980315 0.031496,
        -2.513780 5.980315 -0.007874,
        -2.513780 5.709297 0.031496,
        -2.513780 5.709297 -0.007874,
        -2.513780 5.699385 0.032764,
        -2.513780 5.689472 -0.005337,
        -2.513780 5.690111 0.036487,
        -2.513780 5.670925 0.002108,
        -2.513780 5.682074 0.042425,
        -2.513780 5.654850 0.013984,
        -2.513780 5.675790 0.050195,
        -2.513780 5.642283 0.029524,
        -3.232283 3.630708 0.414404,
        -3.468504 3.630708 0.414404,
        -3.232283 3.625099 0.414806,
        -3.468504 3.625099 0.414806,
        -3.232283 2.866967 0.523931,
        -3.468504 2.866967 0.523931,
        -3.468504 2.842283 0.524874,
        -3.232283 2.842283 0.524874,
        -3.468504 2.817943 0.520662,
        -3.232283 2.817943 0.520662,
        -3.468504 2.795011 0.511480,
        -3.232283 2.795011 0.511480,
        -3.232283 2.387258 0.296277,
        -3.468504 2.387258 0.296277,
        -3.232283 2.405635 0.261459,
        -3.468504 2.405635 0.261459,
        -3.232283 2.813387 0.476662,
        -3.468504 2.813387 0.476662,
        -3.232283 2.828675 0.482783,
        -3.468504 2.828675 0.482783,
        -3.232283 2.844902 0.485591,
        -3.468504 2.844902 0.485591,
        -3.232283 2.861358 0.484962,
        -3.468504 2.861358 0.484962,
        -3.232283 3.619490 0.375837,
        -3.468504 3.619490 0.375837,
        -3.468504 3.630708 0.375034,
        -3.232283 3.630708 0.375034,
        -3.232283 5.485713 0.358306,
        -3.468504 5.485713 0.358306,
        -3.468504 5.470391 0.378093,
        -3.232283 5.470391 0.378093,
        -3.468504 5.451245 0.394207,
        -3.232283 5.451245 0.394207,
        -3.232283 5.441952 0.350867,
        -3.468504 5.441952 0.350867,
        -3.232283 5.452206 0.337635,
        -3.468504 5.452206 0.337635,
        -3.232283 5.980315 -0.007874,
        -3.232283 5.980315 0.031496,
        -3.232283 5.709297 -0.007874,
        -3.232283 5.709297 0.031496,
        -3.232283 5.689472 -0.005337,
        -3.232283 5.699385 0.032764,
        -3.232283 5.670925 0.002108,
        -3.232283 5.690111 0.036487,
        -3.232283 5.654850 0.013984,
        -3.232283 5.682074 0.042425,
        -3.232283 5.642283 0.029524,
        -3.232283 5.675790 0.050195,
        -3.468504 5.980315 0.031496,
        -3.468504 5.980315 -0.007874,
        -3.468504 5.709297 0.031496,
        -3.468504 5.709297 -0.007874,
        -3.468504 5.699385 0.032764,
        -3.468504 5.689472 -0.005337,
        -3.468504 5.690111 0.036487,
        -3.468504 5.670925 0.002108,
        -3.468504 5.682074 0.042425,
        -3.468504 5.654850 0.013984,
        -3.468504 5.675790 0.050195,
        -3.468504 5.642283 0.029524,
        -3.901575 3.630708 0.414404,
        -4.137795 3.630708 0.414404,
        -3.901575 3.625099 0.414806,
        -4.137795 3.625099 0.414806,
        -3.901575 2.866967 0.523931,
        -4.137795 2.866967 0.523931,
        -4.137795 2.842283 0.524874,
        -3.901575 2.842283 0.524874,
        -4.137795 2.817943 0.520662,
        -3.901575 2.817943 0.520662,
        -4.137795 2.795011 0.511480,
        -3.901575 2.795011 0.511480,
        -3.901575 2.387258 0.296277,
        -4.137795 2.387258 0.296277,
        -3.901575 2.405635 0.261459,
        -4.137795 2.405635 0.261459,
        -3.901575 2.813387 0.476662,
        -4.137795 2.813387 0.476662,
        -3.901575 2.828675 0.482783,
        -4.137795 2.828675 0.482783,
        -3.901575 2.844902 0.485591,
        -4.137795 2.844902 0.485591,
        -3.901575 2.861358 0.484962,
        -4.137795 2.861358 0.484962,
        -3.901575 3.619490 0.375837,
        -4.137795 3.619490 0.375837,
        -4.137795 3.630708 0.375034,
        -3.901575 3.630708 0.375034,
        -3.901575 5.485713 0.358306,
        -4.137795 5.485713 0.358306,
        -4.137795 5.470391 0.378093,
        -3.901575 5.470391 0.378093,
        -4.137795 5.451245 0.394207,
        -3.901575 5.451245 0.394207,
        -3.901575 5.441952 0.350867,
        -4.137795 5.441952 0.350867,
        -3.901575 5.452206 0.337635,
        -4.137795 5.452206 0.337635,
        -3.901575 5.980315 -0.007874,
        -3.901575 5.980315 0.031496,
        -3.901575 5.709297 -0.007874,
        -3.901575 5.709297 0.031496,
        -3.901575 5.689472 -0.005337,
        -3.901575 5.699385 0.032764,
        -3.901575 5.670925 0.002108,
        -3.901575 5.690111 0.036487,
        -3.901575 5.654850 0.013984,
        -3.901575 5.682074 0.042425,
        -3.901575 5.642283 0.029524,
        -3.901575 5.675790 0.050195,
        -4.137795 5.980315 0.031496,
        -4.137795 5.980315 -0.007874,
        -4.137795 5.709297 0.031496,
        -4.137795 5.709297 -0.007874,
        -4.137795 5.699385 0.032764,
        -4.137795 5.689472 -0.005337,
        -4.137795 5.690111 0.036487,
        -4.137795 5.670925 0.002108,
        -4.137795 5.682074 0.042425,
        -4.137795 5.654850 0.013984,
        -4.137795 5.675790 0.050195,
        -4.137795 5.642283 0.029524,
      ]
    }
    coordIndex [
      48, 49, 50, -1,
      50, 49, 51, -1,
      52, 50, 53, -1,
      53, 50, 51, -1,
      52, 53, 54, -1,
      52, 54, 55, -1,
      55, 54, 56, -1,
      55, 56, 57, -1,
      57, 56, 58, -1,
      57, 58, 59, -1,
      60, 59, 61, -1,
      61, 59, 58, -1,
      62, 60, 63, -1,
      63, 60, 61, -1,
      64, 62, 65, -1,
      65, 62, 63, -1,
      64, 65, 66, -1,
      66, 65, 67, -1,
      66, 67, 68, -1,
      68, 67, 69, -1,
      68, 69, 70, -1,
      70, 69, 71, -1,
      72, 70, 73, -1,
      73, 70, 71, -1,
      73, 74, 72, -1,
      72, 74, 75, -1,
      60, 62, 59, -1,
      59, 62, 64, -1,
      59, 64, 57, -1,
      57, 64, 66, -1,
      57, 66, 55, -1,
      55, 66, 68, -1,
      55, 68, 52, -1,
      52, 68, 70, -1,
      52, 70, 50, -1,
      50, 70, 72, -1,
      50, 72, 48, -1,
      48, 72, 75, -1,
      48, 75, 45, -1,
      45, 75, 46, -1,
      44, 47, 49, -1,
      49, 47, 74, -1,
      49, 74, 51, -1,
      51, 74, 73, -1,
      51, 73, 53, -1,
      53, 73, 71, -1,
      53, 71, 54, -1,
      54, 71, 69, -1,
      54, 69, 56, -1,
      56, 69, 67, -1,
      56, 67, 58, -1,
      58, 67, 65, -1,
      58, 65, 61, -1,
      61, 65, 63, -1,
      46, 75, 47, -1,
      47, 75, 74, -1,
      49, 48, 44, -1,
      44, 48, 45, -1,
      76, 77, 78, -1,
      76, 78, 79, -1,
      79, 78, 80, -1,
      79, 80, 81, -1,
      81, 80, 21, -1,
      81, 21, 20, -1,
      23, 22, 82, -1,
      82, 22, 83, -1,
      82, 83, 84, -1,
      84, 83, 85, -1,
      20, 23, 81, -1,
      81, 23, 82, -1,
      86, 87, 88, -1,
      88, 87, 89, -1,
      88, 89, 90, -1,
      90, 89, 91, -1,
      90, 91, 92, -1,
      92, 91, 93, -1,
      92, 93, 94, -1,
      94, 93, 95, -1,
      94, 95, 96, -1,
      96, 95, 97, -1,
      96, 97, 84, -1,
      84, 97, 76, -1,
      84, 76, 82, -1,
      82, 76, 79, -1,
      82, 79, 81, -1,
      98, 99, 100, -1,
      100, 99, 101, -1,
      100, 101, 102, -1,
      102, 101, 103, -1,
      102, 103, 104, -1,
      104, 103, 105, -1,
      104, 105, 106, -1,
      106, 105, 107, -1,
      106, 107, 108, -1,
      108, 107, 109, -1,
      108, 109, 77, -1,
      77, 109, 85, -1,
      77, 85, 78, -1,
      78, 85, 83, -1,
      78, 83, 80, -1,
      80, 83, 22, -1,
      80, 22, 21, -1,
      86, 88, 99, -1,
      99, 88, 101, -1,
      87, 86, 98, -1,
      98, 86, 99, -1,
      89, 87, 100, -1,
      100, 87, 98, -1,
      89, 100, 91, -1,
      91, 100, 102, -1,
      91, 102, 93, -1,
      93, 102, 104, -1,
      93, 104, 95, -1,
      95, 104, 106, -1,
      95, 106, 97, -1,
      97, 106, 108, -1,
      76, 97, 77, -1,
      77, 97, 108, -1,
      96, 84, 109, -1,
      109, 84, 85, -1,
      96, 109, 107, -1,
      96, 107, 94, -1,
      94, 107, 105, -1,
      94, 105, 92, -1,
      92, 105, 103, -1,
      92, 103, 90, -1,
      90, 103, 101, -1,
      90, 101, 88, -1,
      110, 111, 112, -1,
      112, 111, 113, -1,
      114, 112, 115, -1,
      115, 112, 113, -1,
      114, 115, 116, -1,
      114, 116, 117, -1,
      117, 116, 118, -1,
      117, 118, 119, -1,
      119, 118, 120, -1,
      119, 120, 121, -1,
      122, 121, 123, -1,
      123, 121, 120, -1,
      124, 122, 125, -1,
      125, 122, 123, -1,
      126, 124, 127, -1,
      127, 124, 125, -1,
      126, 127, 128, -1,
      128, 127, 129, -1,
      128, 129, 130, -1,
      130, 129, 131, -1,
      130, 131, 132, -1,
      132, 131, 133, -1,
      134, 132, 135, -1,
      135, 132, 133, -1,
      135, 136, 134, -1,
      134, 136, 137, -1,
      122, 124, 121, -1,
      121, 124, 126, -1,
      121, 126, 119, -1,
      119, 126, 128, -1,
      119, 128, 117, -1,
      117, 128, 130, -1,
      117, 130, 114, -1,
      114, 130, 132, -1,
      114, 132, 112, -1,
      112, 132, 134, -1,
      112, 134, 110, -1,
      110, 134, 137, -1,
      110, 137, 42, -1,
      42, 137, 41, -1,
      43, 40, 111, -1,
      111, 40, 136, -1,
      111, 136, 113, -1,
      113, 136, 135, -1,
      113, 135, 115, -1,
      115, 135, 133, -1,
      115, 133, 116, -1,
      116, 133, 131, -1,
      116, 131, 118, -1,
      118, 131, 129, -1,
      118, 129, 120, -1,
      120, 129, 127, -1,
      120, 127, 123, -1,
      123, 127, 125, -1,
      41, 137, 40, -1,
      40, 137, 136, -1,
      111, 110, 43, -1,
      43, 110, 42, -1,
      138, 139, 140, -1,
      138, 140, 141, -1,
      141, 140, 142, -1,
      141, 142, 143, -1,
      143, 142, 18, -1,
      143, 18, 19, -1,
      16, 17, 144, -1,
      144, 17, 145, -1,
      144, 145, 146, -1,
      146, 145, 147, -1,
      19, 16, 143, -1,
      143, 16, 144, -1,
      148, 149, 150, -1,
      150, 149, 151, -1,
      150, 151, 152, -1,
      152, 151, 153, -1,
      152, 153, 154, -1,
      154, 153, 155, -1,
      154, 155, 156, -1,
      156, 155, 157, -1,
      156, 157, 158, -1,
      158, 157, 159, -1,
      158, 159, 146, -1,
      146, 159, 138, -1,
      146, 138, 144, -1,
      144, 138, 141, -1,
      144, 141, 143, -1,
      160, 161, 162, -1,
      162, 161, 163, -1,
      162, 163, 164, -1,
      164, 163, 165, -1,
      164, 165, 166, -1,
      166, 165, 167, -1,
      166, 167, 168, -1,
      168, 167, 169, -1,
      168, 169, 170, -1,
      170, 169, 171, -1,
      170, 171, 139, -1,
      139, 171, 147, -1,
      139, 147, 140, -1,
      140, 147, 145, -1,
      140, 145, 142, -1,
      142, 145, 17, -1,
      142, 17, 18, -1,
      148, 150, 161, -1,
      161, 150, 163, -1,
      149, 148, 160, -1,
      160, 148, 161, -1,
      151, 149, 162, -1,
      162, 149, 160, -1,
      151, 162, 153, -1,
      153, 162, 164, -1,
      153, 164, 155, -1,
      155, 164, 166, -1,
      155, 166, 157, -1,
      157, 166, 168, -1,
      157, 168, 159, -1,
      159, 168, 170, -1,
      138, 159, 139, -1,
      139, 159, 170, -1,
      158, 146, 171, -1,
      171, 146, 147, -1,
      158, 171, 169, -1,
      158, 169, 156, -1,
      156, 169, 167, -1,
      156, 167, 154, -1,
      154, 167, 165, -1,
      154, 165, 152, -1,
      152, 165, 163, -1,
      152, 163, 150, -1,
      172, 173, 174, -1,
      174, 173, 175, -1,
      176, 174, 177, -1,
      177, 174, 175, -1,
      176, 177, 178, -1,
      176, 178, 179, -1,
      179, 178, 180, -1,
      179, 180, 181, -1,
      181, 180, 182, -1,
      181, 182, 183, -1,
      184, 183, 185, -1,
      185, 183, 182, -1,
      186, 184, 187, -1,
      187, 184, 185, -1,
      188, 186, 189, -1,
      189, 186, 187, -1,
      188, 189, 190, -1,
      190, 189, 191, -1,
      190, 191, 192, -1,
      192, 191, 193, -1,
      192, 193, 194, -1,
      194, 193, 195, -1,
      196, 194, 197, -1,
      197, 194, 195, -1,
      197, 198, 196, -1,
      196, 198, 199, -1,
      184, 186, 183, -1,
      183, 186, 188, -1,
      183, 188, 181, -1,
      181, 188, 190, -1,
      181, 190, 179, -1,
      179, 190, 192, -1,
      179, 192, 176, -1,
      176, 192, 194, -1,
      176, 194, 174, -1,
      174, 194, 196, -1,
      174, 196, 172, -1,
      172, 196, 199, -1,
      172, 199, 38, -1,
      38, 199, 37, -1,
      39, 36, 173, -1,
      173, 36, 198, -1,
      173, 198, 175, -1,
      175, 198, 197, -1,
      175, 197, 177, -1,
      177, 197, 195, -1,
      177, 195, 178, -1,
      178, 195, 193, -1,
      178, 193, 180, -1,
      180, 193, 191, -1,
      180, 191, 182, -1,
      182, 191, 189, -1,
      182, 189, 185, -1,
      185, 189, 187, -1,
      37, 199, 36, -1,
      36, 199, 198, -1,
      173, 172, 39, -1,
      39, 172, 38, -1,
      200, 201, 202, -1,
      200, 202, 203, -1,
      203, 202, 204, -1,
      203, 204, 205, -1,
      205, 204, 14, -1,
      205, 14, 15, -1,
      12, 13, 206, -1,
      206, 13, 207, -1,
      206, 207, 208, -1,
      208, 207, 209, -1,
      15, 12, 205, -1,
      205, 12, 206, -1,
      210, 211, 212, -1,
      212, 211, 213, -1,
      212, 213, 214, -1,
      214, 213, 215, -1,
      214, 215, 216, -1,
      216, 215, 217, -1,
      216, 217, 218, -1,
      218, 217, 219, -1,
      218, 219, 220, -1,
      220, 219, 221, -1,
      220, 221, 208, -1,
      208, 221, 200, -1,
      208, 200, 206, -1,
      206, 200, 203, -1,
      206, 203, 205, -1,
      222, 223, 224, -1,
      224, 223, 225, -1,
      224, 225, 226, -1,
      226, 225, 227, -1,
      226, 227, 228, -1,
      228, 227, 229, -1,
      228, 229, 230, -1,
      230, 229, 231, -1,
      230, 231, 232, -1,
      232, 231, 233, -1,
      232, 233, 201, -1,
      201, 233, 209, -1,
      201, 209, 202, -1,
      202, 209, 207, -1,
      202, 207, 204, -1,
      204, 207, 13, -1,
      204, 13, 14, -1,
      210, 212, 223, -1,
      223, 212, 225, -1,
      211, 210, 222, -1,
      222, 210, 223, -1,
      213, 211, 224, -1,
      224, 211, 222, -1,
      213, 224, 215, -1,
      215, 224, 226, -1,
      215, 226, 217, -1,
      217, 226, 228, -1,
      217, 228, 219, -1,
      219, 228, 230, -1,
      219, 230, 221, -1,
      221, 230, 232, -1,
      200, 221, 201, -1,
      201, 221, 232, -1,
      220, 208, 233, -1,
      233, 208, 209, -1,
      220, 233, 231, -1,
      220, 231, 218, -1,
      218, 231, 229, -1,
      218, 229, 216, -1,
      216, 229, 227, -1,
      216, 227, 214, -1,
      214, 227, 225, -1,
      214, 225, 212, -1,
      234, 235, 236, -1,
      236, 235, 237, -1,
      238, 236, 239, -1,
      239, 236, 237, -1,
      238, 239, 240, -1,
      238, 240, 241, -1,
      241, 240, 242, -1,
      241, 242, 243, -1,
      243, 242, 244, -1,
      243, 244, 245, -1,
      246, 245, 247, -1,
      247, 245, 244, -1,
      248, 246, 249, -1,
      249, 246, 247, -1,
      250, 248, 251, -1,
      251, 248, 249, -1,
      250, 251, 252, -1,
      252, 251, 253, -1,
      252, 253, 254, -1,
      254, 253, 255, -1,
      254, 255, 256, -1,
      256, 255, 257, -1,
      258, 256, 259, -1,
      259, 256, 257, -1,
      259, 260, 258, -1,
      258, 260, 261, -1,
      246, 248, 245, -1,
      245, 248, 250, -1,
      245, 250, 243, -1,
      243, 250, 252, -1,
      243, 252, 241, -1,
      241, 252, 254, -1,
      241, 254, 238, -1,
      238, 254, 256, -1,
      238, 256, 236, -1,
      236, 256, 258, -1,
      236, 258, 234, -1,
      234, 258, 261, -1,
      234, 261, 34, -1,
      34, 261, 33, -1,
      35, 32, 235, -1,
      235, 32, 260, -1,
      235, 260, 237, -1,
      237, 260, 259, -1,
      237, 259, 239, -1,
      239, 259, 257, -1,
      239, 257, 240, -1,
      240, 257, 255, -1,
      240, 255, 242, -1,
      242, 255, 253, -1,
      242, 253, 244, -1,
      244, 253, 251, -1,
      244, 251, 247, -1,
      247, 251, 249, -1,
      33, 261, 32, -1,
      32, 261, 260, -1,
      235, 234, 35, -1,
      35, 234, 34, -1,
      262, 263, 264, -1,
      262, 264, 265, -1,
      265, 264, 266, -1,
      265, 266, 267, -1,
      267, 266, 10, -1,
      267, 10, 11, -1,
      8, 9, 268, -1,
      268, 9, 269, -1,
      268, 269, 270, -1,
      270, 269, 271, -1,
      11, 8, 267, -1,
      267, 8, 268, -1,
      272, 273, 274, -1,
      274, 273, 275, -1,
      274, 275, 276, -1,
      276, 275, 277, -1,
      276, 277, 278, -1,
      278, 277, 279, -1,
      278, 279, 280, -1,
      280, 279, 281, -1,
      280, 281, 282, -1,
      282, 281, 283, -1,
      282, 283, 270, -1,
      270, 283, 262, -1,
      270, 262, 268, -1,
      268, 262, 265, -1,
      268, 265, 267, -1,
      284, 285, 286, -1,
      286, 285, 287, -1,
      286, 287, 288, -1,
      288, 287, 289, -1,
      288, 289, 290, -1,
      290, 289, 291, -1,
      290, 291, 292, -1,
      292, 291, 293, -1,
      292, 293, 294, -1,
      294, 293, 295, -1,
      294, 295, 263, -1,
      263, 295, 271, -1,
      263, 271, 264, -1,
      264, 271, 269, -1,
      264, 269, 266, -1,
      266, 269, 9, -1,
      266, 9, 10, -1,
      272, 274, 285, -1,
      285, 274, 287, -1,
      273, 272, 284, -1,
      284, 272, 285, -1,
      275, 273, 286, -1,
      286, 273, 284, -1,
      275, 286, 277, -1,
      277, 286, 288, -1,
      277, 288, 279, -1,
      279, 288, 290, -1,
      279, 290, 281, -1,
      281, 290, 292, -1,
      281, 292, 283, -1,
      283, 292, 294, -1,
      262, 283, 263, -1,
      263, 283, 294, -1,
      282, 270, 295, -1,
      295, 270, 271, -1,
      282, 295, 293, -1,
      282, 293, 280, -1,
      280, 293, 291, -1,
      280, 291, 278, -1,
      278, 291, 289, -1,
      278, 289, 276, -1,
      276, 289, 287, -1,
      276, 287, 274, -1,
      296, 297, 298, -1,
      298, 297, 299, -1,
      300, 298, 301, -1,
      301, 298, 299, -1,
      300, 301, 302, -1,
      300, 302, 303, -1,
      303, 302, 304, -1,
      303, 304, 305, -1,
      305, 304, 306, -1,
      305, 306, 307, -1,
      308, 307, 309, -1,
      309, 307, 306, -1,
      310, 308, 311, -1,
      311, 308, 309, -1,
      312, 310, 313, -1,
      313, 310, 311, -1,
      312, 313, 314, -1,
      314, 313, 315, -1,
      314, 315, 316, -1,
      316, 315, 317, -1,
      316, 317, 318, -1,
      318, 317, 319, -1,
      320, 318, 321, -1,
      321, 318, 319, -1,
      321, 322, 320, -1,
      320, 322, 323, -1,
      308, 310, 307, -1,
      307, 310, 312, -1,
      307, 312, 305, -1,
      305, 312, 314, -1,
      305, 314, 303, -1,
      303, 314, 316, -1,
      303, 316, 300, -1,
      300, 316, 318, -1,
      300, 318, 298, -1,
      298, 318, 320, -1,
      298, 320, 296, -1,
      296, 320, 323, -1,
      296, 323, 29, -1,
      29, 323, 30, -1,
      28, 31, 297, -1,
      297, 31, 322, -1,
      297, 322, 299, -1,
      299, 322, 321, -1,
      299, 321, 301, -1,
      301, 321, 319, -1,
      301, 319, 302, -1,
      302, 319, 317, -1,
      302, 317, 304, -1,
      304, 317, 315, -1,
      304, 315, 306, -1,
      306, 315, 313, -1,
      306, 313, 309, -1,
      309, 313, 311, -1,
      30, 323, 31, -1,
      31, 323, 322, -1,
      297, 296, 28, -1,
      28, 296, 29, -1,
      324, 325, 326, -1,
      324, 326, 327, -1,
      327, 326, 328, -1,
      327, 328, 329, -1,
      329, 328, 5, -1,
      329, 5, 6, -1,
      7, 4, 330, -1,
      330, 4, 331, -1,
      330, 331, 332, -1,
      332, 331, 333, -1,
      6, 7, 329, -1,
      329, 7, 330, -1,
      334, 335, 336, -1,
      336, 335, 337, -1,
      336, 337, 338, -1,
      338, 337, 339, -1,
      338, 339, 340, -1,
      340, 339, 341, -1,
      340, 341, 342, -1,
      342, 341, 343, -1,
      342, 343, 344, -1,
      344, 343, 345, -1,
      344, 345, 332, -1,
      332, 345, 324, -1,
      332, 324, 330, -1,
      330, 324, 327, -1,
      330, 327, 329, -1,
      346, 347, 348, -1,
      348, 347, 349, -1,
      348, 349, 350, -1,
      350, 349, 351, -1,
      350, 351, 352, -1,
      352, 351, 353, -1,
      352, 353, 354, -1,
      354, 353, 355, -1,
      354, 355, 356, -1,
      356, 355, 357, -1,
      356, 357, 325, -1,
      325, 357, 333, -1,
      325, 333, 326, -1,
      326, 333, 331, -1,
      326, 331, 328, -1,
      328, 331, 4, -1,
      328, 4, 5, -1,
      334, 336, 347, -1,
      347, 336, 349, -1,
      335, 334, 346, -1,
      346, 334, 347, -1,
      337, 335, 348, -1,
      348, 335, 346, -1,
      337, 348, 339, -1,
      339, 348, 350, -1,
      339, 350, 341, -1,
      341, 350, 352, -1,
      341, 352, 343, -1,
      343, 352, 354, -1,
      343, 354, 345, -1,
      345, 354, 356, -1,
      324, 345, 325, -1,
      325, 345, 356, -1,
      344, 332, 357, -1,
      357, 332, 333, -1,
      344, 357, 355, -1,
      344, 355, 342, -1,
      342, 355, 353, -1,
      342, 353, 340, -1,
      340, 353, 351, -1,
      340, 351, 338, -1,
      338, 351, 349, -1,
      338, 349, 336, -1,
      358, 359, 360, -1,
      360, 359, 361, -1,
      362, 360, 363, -1,
      363, 360, 361, -1,
      362, 363, 364, -1,
      362, 364, 365, -1,
      365, 364, 366, -1,
      365, 366, 367, -1,
      367, 366, 368, -1,
      367, 368, 369, -1,
      370, 369, 371, -1,
      371, 369, 368, -1,
      372, 370, 373, -1,
      373, 370, 371, -1,
      374, 372, 375, -1,
      375, 372, 373, -1,
      374, 375, 376, -1,
      376, 375, 377, -1,
      376, 377, 378, -1,
      378, 377, 379, -1,
      378, 379, 380, -1,
      380, 379, 381, -1,
      382, 380, 383, -1,
      383, 380, 381, -1,
      383, 384, 382, -1,
      382, 384, 385, -1,
      370, 372, 369, -1,
      369, 372, 374, -1,
      369, 374, 367, -1,
      367, 374, 376, -1,
      367, 376, 365, -1,
      365, 376, 378, -1,
      365, 378, 362, -1,
      362, 378, 380, -1,
      362, 380, 360, -1,
      360, 380, 382, -1,
      360, 382, 358, -1,
      358, 382, 385, -1,
      358, 385, 24, -1,
      24, 385, 25, -1,
      27, 26, 359, -1,
      359, 26, 384, -1,
      359, 384, 361, -1,
      361, 384, 383, -1,
      361, 383, 363, -1,
      363, 383, 381, -1,
      363, 381, 364, -1,
      364, 381, 379, -1,
      364, 379, 366, -1,
      366, 379, 377, -1,
      366, 377, 368, -1,
      368, 377, 375, -1,
      368, 375, 371, -1,
      371, 375, 373, -1,
      25, 385, 26, -1,
      26, 385, 384, -1,
      359, 358, 27, -1,
      27, 358, 24, -1,
      386, 387, 388, -1,
      386, 388, 389, -1,
      389, 388, 390, -1,
      389, 390, 391, -1,
      391, 390, 0, -1,
      391, 0, 2, -1,
      3, 1, 392, -1,
      392, 1, 393, -1,
      392, 393, 394, -1,
      394, 393, 395, -1,
      2, 3, 391, -1,
      391, 3, 392, -1,
      396, 397, 398, -1,
      398, 397, 399, -1,
      398, 399, 400, -1,
      400, 399, 401, -1,
      400, 401, 402, -1,
      402, 401, 403, -1,
      402, 403, 404, -1,
      404, 403, 405, -1,
      404, 405, 406, -1,
      406, 405, 407, -1,
      406, 407, 394, -1,
      394, 407, 386, -1,
      394, 386, 392, -1,
      392, 386, 389, -1,
      392, 389, 391, -1,
      408, 409, 410, -1,
      410, 409, 411, -1,
      410, 411, 412, -1,
      412, 411, 413, -1,
      412, 413, 414, -1,
      414, 413, 415, -1,
      414, 415, 416, -1,
      416, 415, 417, -1,
      416, 417, 418, -1,
      418, 417, 419, -1,
      418, 419, 387, -1,
      387, 419, 395, -1,
      387, 395, 388, -1,
      388, 395, 393, -1,
      388, 393, 390, -1,
      390, 393, 1, -1,
      390, 1, 0, -1,
      396, 398, 409, -1,
      409, 398, 411, -1,
      397, 396, 408, -1,
      408, 396, 409, -1,
      399, 397, 410, -1,
      410, 397, 408, -1,
      399, 410, 401, -1,
      401, 410, 412, -1,
      401, 412, 403, -1,
      403, 412, 414, -1,
      403, 414, 405, -1,
      405, 414, 416, -1,
      405, 416, 407, -1,
      407, 416, 418, -1,
      386, 407, 387, -1,
      387, 407, 418, -1,
      406, 394, 419, -1,
      419, 394, 395, -1,
      406, 419, 417, -1,
      406, 417, 404, -1,
      404, 417, 415, -1,
      404, 415, 402, -1,
      402, 415, 413, -1,
      402, 413, 400, -1,
      400, 413, 411, -1,
      400, 411, 398, -1,
    ]
  }
}

Shape {
  appearance Appearance {
    material Material {
      diffuseColor 0.2980 0.2980 0.2980
      specularColor 0.0902 0.0902 0.0902
      ambientIntensity 0.2
      transparency 0.0000
      shininess 0.5
    }
  }
  geometry IndexedFaceSet {
    ccw TRUE
    solid FALSE
    coord DEF co Coordinate {
      point [
        0.374654 0.488631 0.000000,
        0.197167 0.488631 0.000000,
        0.045770 0.488631 0.000000,
        -3.687008 -1.441272 0.000000,
        -4.302202 -3.334645 0.000000,
        -4.808071 -3.683241 0.000000,
        -4.872164 -3.656693 0.000000,
        -4.446850 -3.947942 0.000000,
        -4.448819 -3.972954 0.000000,
        -4.684252 -3.982166 0.000000,
        -4.753032 -3.725474 0.000000,
        -4.940945 -3.647638 0.000000,
        -5.009726 -3.656693 0.000000,
        -5.073819 -3.683241 0.000000,
        -5.128857 -3.725474 0.000000,
        -4.675197 -3.913386 0.000000,
        -4.684252 -3.844605 0.000000,
        -4.710800 -3.780512 0.000000,
        -5.171089 -3.780512 0.000000,
        -5.197638 -3.844605 0.000000,
        -5.206693 -3.913386 0.000000,
        -5.197638 -3.982166 0.000000,
        -5.171089 -4.046260 0.000000,
        -5.128857 -4.101298 0.000000,
        -4.872164 -4.170079 0.000000,
        -4.448819 -5.665354 0.000000,
        -4.940945 -4.179134 0.000000,
        -5.009726 -4.170079 0.000000,
        -5.073819 -4.143531 0.000000,
        -4.808071 -4.143531 0.000000,
        -4.753032 -4.101298 0.000000,
        -4.710800 -4.046260 0.000000,
        -4.391012 -3.607973 0.000000,
        -4.434278 -3.788189 0.000000,
        -2.495551 0.451524 0.000000,
        -2.770823 0.342537 0.000000,
        -2.874016 0.267563 0.000000,
        -3.010343 0.168515 0.000000,
        -3.199061 -0.059605 0.000000,
        -2.201823 0.488631 0.000000,
        -1.903543 0.488631 0.000000,
        -0.917323 0.488631 0.000000,
        -0.555344 0.488631 0.000000,
        -0.305762 0.488631 0.000000,
        -0.120915 0.488631 0.000000,
        0.698819 0.488631 0.000000,
        1.801246 0.488631 0.000000,
        2.798484 -0.059605 0.000000,
        2.924542 -0.327491 0.000000,
        3.019549 -0.619893 0.000000,
        2.609767 0.168515 0.000000,
        2.370247 0.342537 0.000000,
        2.094975 0.451524 0.000000,
        2.037402 0.458798 0.000000,
        4.075311 -3.911210 0.000000,
        4.036681 -3.750303 0.000000,
        3.901626 -3.334645 0.000000,
        4.464054 -3.735411 0.000000,
        4.460673 -3.737243 0.000000,
        4.453780 -3.743530 0.000000,
        4.444201 -4.057503 0.000000,
        4.445307 -4.066766 0.000000,
        4.094488 -4.115284 0.000000,
        4.444201 -3.769269 0.000000,
        4.448561 -3.751262 0.000000,
        4.445307 -3.760005 0.000000,
        4.079947 -3.930519 0.000000,
        -3.325118 -0.327491 0.000000,
        4.613426 -3.698517 0.000000,
        4.559802 -3.698517 0.000000,
        4.507821 -3.711695 0.000000,
        4.484941 -3.724093 0.000000,
        4.665407 -4.115076 0.000000,
        4.613426 -4.128255 0.000000,
        4.559802 -4.128255 0.000000,
        4.724668 -3.751262 0.000000,
        4.719448 -3.743530 0.000000,
        4.712556 -3.737243 0.000000,
        4.665407 -3.711695 0.000000,
        4.712556 -4.089529 0.000000,
        4.719448 -4.083242 0.000000,
        4.724668 -4.075510 0.000000,
        4.727922 -4.066766 0.000000,
        4.729027 -4.057503 0.000000,
        4.729027 -3.769269 0.000000,
        4.727922 -3.760005 0.000000,
        4.448561 -4.075510 0.000000,
        4.453780 -4.083242 0.000000,
        4.094488 -5.665354 0.000000,
        4.460673 -4.089529 0.000000,
        4.464054 -4.091361 0.000000,
        4.484941 -4.102679 0.000000,
        4.507821 -4.115076 0.000000,
        0.023122 0.488631 0.000000,
        4.485976 4.991898 0.000000,
        5.461965 4.991898 0.000000,
        5.461965 3.387542 0.000000,
        4.485976 3.387542 0.000000,
        -5.629921 3.862028 0.759655,
        -5.629921 -5.730261 1.102362,
        -5.629921 -5.730261 0.376983,
        -5.629921 -4.255106 0.376983,
        -5.629921 -4.255106 1.102362,
        -5.629921 -1.258888 0.759655,
        -5.629921 -0.433674 0.759655,
        -5.629921 3.862028 0.376983,
        -5.629921 4.702243 0.376983,
        -5.629921 4.702243 0.759655,
        -5.629921 -0.433674 0.376983,
        -5.629921 -1.258888 0.376983,
        5.629921 -2.834981 0.708661,
        5.629921 -2.834981 1.102362,
        5.629921 0.976541 0.708661,
        5.629921 0.976541 1.102362,
        4.506969 0.976541 1.102362,
        -5.669291 -4.255106 1.102362,
        -5.669291 -5.730261 1.102362,
        4.506969 -2.834981 1.102362,
        -4.448819 -5.665354 0.196850,
        -4.448819 -3.972954 0.196850,
        -4.434278 -3.788189 0.196850,
        -4.391012 -3.607973 0.196850,
        -3.687008 -1.441272 0.196850,
        3.019549 -0.619893 0.196850,
        4.036681 -3.750303 0.196850,
        4.079947 -3.930519 0.196850,
        4.094488 -4.115284 0.196850,
        4.094488 -5.665354 0.196850,
        2.924542 -0.327491 0.196850,
        2.798484 -0.059605 0.196850,
        2.037402 0.458798 0.196850,
        2.094975 0.451524 0.196850,
        2.370247 0.342537 0.196850,
        2.609767 0.168515 0.196850,
        -0.088583 0.488631 0.196850,
        0.698819 0.488631 0.196850,
        1.801246 0.488631 0.196850,
        -0.917323 0.488631 0.196850,
        -1.903543 0.488631 0.196850,
        -2.770823 0.342537 0.196850,
        -2.495551 0.451524 0.196850,
        -2.201823 0.488631 0.196850,
        -3.325118 -0.327491 0.196850,
        -3.199061 -0.059605 0.196850,
        -3.010343 0.168515 0.196850,
        -2.874016 0.267563 0.196850,
        -5.669291 -1.258888 0.376983,
        -5.669291 -0.433674 0.376983,
        -5.669291 -1.258888 0.759655,
        -5.669291 -0.433674 0.759655,
        -5.669291 3.862028 0.376983,
        -5.669291 4.702243 0.376983,
        -5.669291 3.862028 0.759655,
        -5.669291 4.702243 0.759655,
        -5.669291 -5.730261 0.376983,
        -5.669291 -4.255106 0.376983,
        -4.684252 -3.844605 -0.196850,
        -4.710800 -3.780512 -0.196850,
        -4.753032 -3.725474 -0.196850,
        -4.808071 -3.683241 -0.196850,
        -4.872164 -3.656693 -0.196850,
        -4.940945 -3.647638 -0.196850,
        -5.009726 -3.656693 -0.196850,
        -5.073819 -3.683241 -0.196850,
        -5.128857 -3.725474 -0.196850,
        -5.171089 -3.780512 -0.196850,
        -5.197638 -3.844605 -0.196850,
        -5.206693 -3.913386 -0.196850,
        -5.197638 -3.982166 -0.196850,
        -5.171089 -4.046260 -0.196850,
        -5.128857 -4.101298 -0.196850,
        -5.073819 -4.143531 -0.196850,
        -5.009726 -4.170079 -0.196850,
        -4.940945 -4.179134 -0.196850,
        -4.872164 -4.170079 -0.196850,
        -4.808071 -4.143531 -0.196850,
        -4.753032 -4.101298 -0.196850,
        -4.710800 -4.046260 -0.196850,
        -4.684252 -3.982166 -0.196850,
        -4.675197 -3.913386 -0.196850,
        -5.136994 -4.026575 -0.236220,
        -5.159609 -3.971977 -0.236220,
        -4.940945 -3.913386 -0.236220,
        -5.167323 -3.913386 -0.236220,
        -5.159609 -3.854795 -0.236220,
        -4.999536 -4.132050 -0.236220,
        -5.054134 -4.109435 -0.236220,
        -5.101019 -4.073459 -0.236220,
        -4.827756 -4.109435 -0.236220,
        -4.882354 -4.132050 -0.236220,
        -4.940945 -4.139763 -0.236220,
        -4.722281 -3.971977 -0.236220,
        -4.744896 -4.026575 -0.236220,
        -4.780872 -4.073459 -0.236220,
        -4.744896 -3.800197 -0.236220,
        -4.722281 -3.854795 -0.236220,
        -4.714567 -3.913386 -0.236220,
        -4.882354 -3.694722 -0.236220,
        -4.827756 -3.717337 -0.236220,
        -4.780872 -3.753313 -0.236220,
        -5.054134 -3.717337 -0.236220,
        -4.999536 -3.694722 -0.236220,
        -4.940945 -3.687008 -0.236220,
        -5.136994 -3.800197 -0.236220,
        -5.101019 -3.753313 -0.236220,
        4.444201 -3.769269 -0.196850,
        4.445307 -3.760005 -0.196850,
        4.448561 -3.751262 -0.196850,
        4.453780 -3.743530 -0.196850,
        4.460673 -3.737243 -0.196850,
        4.507821 -3.711695 -0.196850,
        4.559802 -3.698517 -0.196850,
        4.613426 -3.698517 -0.196850,
        4.665407 -3.711695 -0.196850,
        4.712556 -3.737243 -0.196850,
        4.719448 -3.743530 -0.196850,
        4.724668 -3.751262 -0.196850,
        4.727922 -3.760005 -0.196850,
        4.729027 -3.769269 -0.196850,
        4.729027 -4.057503 -0.196850,
        4.727922 -4.066766 -0.196850,
        4.724668 -4.075510 -0.196850,
        4.719448 -4.083242 -0.196850,
        4.712556 -4.089529 -0.196850,
        4.665407 -4.115076 -0.196850,
        4.613426 -4.128255 -0.196850,
        4.559802 -4.128255 -0.196850,
        4.507821 -4.115076 -0.196850,
        4.460673 -4.089529 -0.196850,
        4.453780 -4.083242 -0.196850,
        4.448561 -4.075510 -0.196850,
        4.445307 -4.066766 -0.196850,
        4.444201 -4.057503 -0.196850,
        4.522147 -3.748366 -0.236220,
        4.651081 -4.078406 -0.236220,
        4.608552 -4.089188 -0.236220,
        4.689657 -3.769269 -0.236220,
        4.689657 -4.057503 -0.236220,
        4.651081 -3.748366 -0.236220,
        4.564676 -3.737584 -0.236220,
        4.608552 -3.737584 -0.236220,
        4.483571 -4.057503 -0.236220,
        4.483571 -3.769269 -0.236220,
        4.522147 -4.078406 -0.236220,
        4.564676 -4.089188 -0.236220,
        4.506969 -2.834981 0.708661,
        4.506969 0.976541 0.708661,
        5.461965 3.387542 0.787402,
        5.461965 4.991898 0.787402,
        4.720197 4.991898 0.638844,
        4.652922 4.991898 0.678961,
        5.053835 4.991898 0.715692,
        5.064220 4.991898 0.705297,
        5.035437 4.991898 0.691942,
        5.030629 4.991898 0.693152,
        5.001581 4.991898 0.699706,
        4.969983 4.991898 0.706835,
        4.957201 4.991898 0.709719,
        5.060056 4.991898 0.685744,
        4.975014 4.991898 0.761358,
        5.008463 4.991898 0.747327,
        5.015404 4.991898 0.742817,
        5.069753 4.991898 0.696918,
        5.070456 4.991898 0.695391,
        5.071486 4.991898 0.691996,
        5.071329 4.991898 0.688823,
        5.071178 4.991898 0.688441,
        5.070677 4.991898 0.687616,
        5.041926 4.991898 0.690308,
        4.719140 4.991898 0.730978,
        4.772846 4.991898 0.758112,
        4.485976 4.991898 0.787402,
        5.043143 4.991898 0.724790,
        5.047709 4.991898 0.721822,
        5.071592 4.991898 0.690186,
        5.071570 4.991898 0.689942,
        5.070269 4.991898 0.687170,
        5.069349 4.991898 0.686498,
        5.069156 4.991898 0.686394,
        5.067380 4.991898 0.685771,
        4.711328 4.991898 0.727031,
        4.805154 4.991898 0.768047,
        4.869731 4.991898 0.776370,
        4.875472 4.991898 0.777109,
        4.886144 4.991898 0.776628,
        4.909869 4.991898 0.775559,
        4.953470 4.991898 0.766055,
        4.969337 4.991898 0.762596,
        4.708765 4.991898 0.725736,
        4.789103 4.991898 0.763111,
        4.799243 4.991898 0.766230,
        4.748522 4.991898 0.660767,
        5.066858 4.991898 0.685667,
        5.067079 4.991898 0.685711,
        4.950370 4.991898 0.710080,
        4.910672 4.991898 0.712179,
        4.903953 4.991898 0.711257,
        4.814718 4.991898 0.694393,
        4.811078 4.991898 0.693248,
        5.062052 4.991898 0.685540,
        4.774872 4.991898 0.674656,
        4.749898 4.991898 0.661832,
        4.882171 4.991898 0.708267,
        4.840737 4.991898 0.702580,
        4.836813 4.991898 0.701345,
        4.485976 3.387542 0.787402,
        4.648152 3.387542 0.614652,
        4.648616 3.387542 0.614398,
        4.647452 3.387542 0.615230,
        4.654198 3.387542 0.646036,
        4.660330 3.387542 0.654870,
        4.680457 3.387542 0.683864,
        4.895088 3.387542 0.781848,
        4.860293 3.387542 0.779030,
        4.837976 3.387542 0.773266,
        4.705932 3.387542 0.709474,
        4.692619 3.387542 0.696090,
        4.691906 3.387542 0.695373,
        5.199890 3.387542 0.446975,
        5.200265 3.387542 0.447327,
        4.816530 3.387542 0.767727,
        4.792176 3.387542 0.761438,
        4.759987 3.387542 0.746717,
        4.757294 3.387542 0.744861,
        4.746791 3.387542 0.737625,
        4.648665 3.387542 0.632711,
        4.647529 3.387542 0.629976,
        4.646436 3.387542 0.625317,
        5.197251 3.387542 0.445574,
        5.198275 3.387542 0.445898,
        5.198503 3.387542 0.446007,
        5.202022 3.387542 0.449650,
        5.202518 3.387542 0.450305,
        5.202854 3.387542 0.450886,
        4.997184 3.387542 0.767484,
        4.966648 3.387542 0.775386,
        4.649623 3.387542 0.614080,
        4.649843 3.387542 0.614042,
        4.651564 3.387542 0.614027,
        5.190487 3.387542 0.450105,
        5.192215 3.387542 0.447879,
        5.193734 3.387542 0.446513,
        5.194418 3.387542 0.446085,
        5.195468 3.387542 0.445656,
        5.081669 3.387542 0.726204,
        5.063270 3.387542 0.738214,
        4.646220 3.387542 0.624396,
        4.645896 3.387542 0.619919,
        4.646013 3.387542 0.618632,
        4.646445 3.387542 0.616890,
        4.646653 3.387542 0.616405,
        4.647225 3.387542 0.615489,
        5.195785 3.387542 0.445582,
        5.196722 3.387542 0.445513,
        5.188172 3.387542 0.598121,
        5.152892 3.387542 0.658487,
        4.923079 3.387542 0.779320,
        4.904884 3.387542 0.780963,
        4.657774 3.387542 0.616130,
        4.656119 3.387542 0.615364,
        4.652056 3.387542 0.614093,
        5.207756 3.387542 0.524620,
        5.196702 3.387542 0.576067,
        5.016144 3.387542 0.759087,
        5.004706 3.387542 0.764152,
        5.181476 3.387542 0.470510,
        5.182047 3.387542 0.469067,
        5.187002 3.387542 0.456552,
        5.140105 3.387542 0.674300,
        5.093038 3.387542 0.717333,
        5.087498 3.387542 0.722398,
        5.191708 3.387542 0.588978,
        5.190499 3.387542 0.592105,
        5.151278 3.387542 0.660483,
        5.146282 3.387542 0.666661,
        5.167675 3.387542 0.507874,
        5.171375 3.387542 0.498773,
        5.173244 3.387542 0.493542,
        5.210728 3.387542 0.502714,
        5.210195 3.387542 0.511695,
        5.210065 3.387542 0.513874,
        4.666240 3.387542 0.621778,
        5.144172 3.387542 0.553097,
        5.160707 3.387542 0.525015,
        5.207116 3.387542 0.462294,
        5.207776 3.387542 0.465030,
        5.208737 3.387542 0.477291,
        5.106191 3.387542 0.609161,
        5.123048 3.387542 0.588972,
        4.797886 3.387542 0.692513,
        5.142180 3.387542 0.556480,
        4.669297 3.387542 0.623817,
        4.680160 3.387542 0.631063,
        4.697485 3.387542 0.642244,
        5.055151 3.387542 0.653982,
        4.841123 3.387542 0.704471,
        5.103064 3.387542 0.612907,
        5.103910 3.387542 0.611893,
        4.732020 3.387542 0.664529,
        4.739364 3.387542 0.669268,
        4.744951 3.387542 0.672874,
        4.772588 3.387542 0.685516,
        4.797759 3.387542 0.692478,
        4.859748 3.387542 0.706201,
        4.866841 3.387542 0.706860,
        4.878616 3.387542 0.707954,
        4.984176 3.387542 0.691695,
        4.996903 3.387542 0.685301,
        4.947500 3.387542 0.701930,
        4.934923 3.387542 0.703030,
        4.926815 3.387542 0.703739,
        5.052147 3.387542 0.656557,
        5.049365 3.387542 0.658943,
      ]
    }
    coordIndex [
      146, 147, 109, -1,
      109, 147, 108, -1,
      148, 146, 103, -1,
      103, 146, 109, -1,
      149, 148, 104, -1,
      104, 148, 103, -1,
      147, 149, 108, -1,
      108, 149, 104, -1,
      148, 149, 146, -1,
      146, 149, 147, -1,
      150, 151, 105, -1,
      105, 151, 106, -1,
      152, 150, 98, -1,
      98, 150, 105, -1,
      153, 152, 107, -1,
      107, 152, 98, -1,
      151, 153, 106, -1,
      106, 153, 107, -1,
      152, 153, 150, -1,
      150, 153, 151, -1,
      154, 155, 100, -1,
      100, 155, 101, -1,
      116, 154, 99, -1,
      99, 154, 100, -1,
      155, 115, 101, -1,
      101, 115, 102, -1,
      116, 115, 154, -1,
      154, 115, 155, -1,
      15, 156, 16, -1,
      16, 156, 157, -1,
      16, 157, 17, -1,
      17, 157, 158, -1,
      17, 158, 10, -1,
      10, 158, 159, -1,
      10, 159, 5, -1,
      5, 159, 160, -1,
      5, 160, 6, -1,
      6, 160, 161, -1,
      6, 161, 11, -1,
      11, 161, 162, -1,
      11, 162, 12, -1,
      12, 162, 163, -1,
      12, 163, 13, -1,
      13, 163, 164, -1,
      13, 164, 14, -1,
      14, 164, 165, -1,
      14, 165, 18, -1,
      18, 165, 166, -1,
      18, 166, 19, -1,
      19, 166, 167, -1,
      19, 167, 20, -1,
      20, 167, 168, -1,
      20, 168, 21, -1,
      21, 168, 169, -1,
      21, 169, 22, -1,
      22, 169, 170, -1,
      22, 170, 23, -1,
      23, 170, 171, -1,
      23, 171, 28, -1,
      28, 171, 172, -1,
      28, 172, 27, -1,
      27, 172, 173, -1,
      27, 173, 26, -1,
      26, 173, 174, -1,
      26, 174, 24, -1,
      24, 174, 175, -1,
      24, 175, 29, -1,
      29, 175, 176, -1,
      29, 176, 30, -1,
      30, 176, 177, -1,
      30, 177, 31, -1,
      31, 177, 178, -1,
      31, 178, 9, -1,
      9, 178, 179, -1,
      9, 179, 15, -1,
      15, 179, 156, -1,
      180, 181, 182, -1,
      182, 181, 183, -1,
      182, 183, 184, -1,
      185, 186, 182, -1,
      182, 186, 187, -1,
      182, 187, 180, -1,
      188, 189, 182, -1,
      182, 189, 190, -1,
      182, 190, 185, -1,
      191, 192, 182, -1,
      182, 192, 193, -1,
      182, 193, 188, -1,
      194, 195, 182, -1,
      182, 195, 196, -1,
      182, 196, 191, -1,
      197, 198, 182, -1,
      182, 198, 199, -1,
      182, 199, 194, -1,
      200, 201, 182, -1,
      182, 201, 202, -1,
      182, 202, 197, -1,
      184, 203, 182, -1,
      182, 203, 204, -1,
      182, 204, 200, -1,
      205, 63, 65, -1,
      205, 65, 206, -1,
      206, 65, 64, -1,
      206, 64, 207, -1,
      207, 64, 59, -1,
      207, 59, 208, -1,
      208, 59, 58, -1,
      208, 58, 209, -1,
      58, 57, 209, -1,
      209, 57, 71, -1,
      209, 71, 210, -1,
      71, 70, 210, -1,
      210, 70, 69, -1,
      210, 69, 211, -1,
      211, 69, 68, -1,
      211, 68, 212, -1,
      212, 68, 78, -1,
      212, 78, 213, -1,
      213, 78, 77, -1,
      213, 77, 214, -1,
      214, 77, 76, -1,
      214, 76, 215, -1,
      215, 76, 75, -1,
      215, 75, 216, -1,
      216, 75, 85, -1,
      216, 85, 217, -1,
      217, 85, 84, -1,
      217, 84, 218, -1,
      218, 84, 219, -1,
      219, 84, 83, -1,
      219, 83, 82, -1,
      219, 82, 220, -1,
      220, 82, 81, -1,
      220, 81, 221, -1,
      221, 81, 80, -1,
      221, 80, 222, -1,
      222, 80, 79, -1,
      222, 79, 223, -1,
      223, 79, 72, -1,
      223, 72, 224, -1,
      224, 72, 73, -1,
      224, 73, 225, -1,
      225, 73, 74, -1,
      225, 74, 226, -1,
      226, 74, 92, -1,
      226, 92, 227, -1,
      89, 228, 90, -1,
      90, 228, 227, -1,
      90, 227, 91, -1,
      91, 227, 92, -1,
      228, 89, 87, -1,
      228, 87, 229, -1,
      229, 87, 86, -1,
      229, 86, 230, -1,
      230, 86, 61, -1,
      230, 61, 231, -1,
      231, 61, 60, -1,
      231, 60, 232, -1,
      232, 60, 205, -1,
      205, 60, 63, -1,
      233, 234, 235, -1,
      236, 237, 238, -1,
      238, 237, 234, -1,
      233, 239, 234, -1,
      234, 239, 240, -1,
      234, 240, 238, -1,
      241, 242, 243, -1,
      243, 242, 233, -1,
      243, 233, 244, -1,
      244, 233, 235, -1,
      110, 245, 111, -1,
      111, 245, 117, -1,
      245, 246, 117, -1,
      117, 246, 114, -1,
      246, 112, 114, -1,
      114, 112, 113, -1,
      246, 245, 112, -1,
      112, 245, 110, -1,
      127, 126, 88, -1,
      88, 126, 62, -1,
      62, 126, 66, -1,
      66, 126, 125, -1,
      66, 125, 54, -1,
      54, 125, 124, -1,
      54, 124, 55, -1,
      128, 48, 123, -1,
      123, 48, 49, -1,
      123, 49, 124, -1,
      124, 49, 56, -1,
      124, 56, 55, -1,
      136, 46, 130, -1,
      130, 46, 53, -1,
      130, 53, 131, -1,
      131, 53, 52, -1,
      131, 52, 132, -1,
      132, 52, 51, -1,
      132, 51, 133, -1,
      133, 51, 50, -1,
      133, 50, 129, -1,
      129, 50, 47, -1,
      129, 47, 128, -1,
      128, 47, 48, -1,
      141, 39, 138, -1,
      138, 39, 40, -1,
      138, 40, 137, -1,
      40, 41, 137, -1,
      137, 41, 42, -1,
      137, 42, 134, -1,
      42, 43, 134, -1,
      134, 43, 44, -1,
      134, 44, 93, -1,
      93, 2, 134, -1,
      134, 2, 1, -1,
      134, 1, 135, -1,
      46, 136, 45, -1,
      45, 136, 135, -1,
      45, 135, 0, -1,
      0, 135, 1, -1,
      142, 67, 143, -1,
      143, 67, 38, -1,
      143, 38, 144, -1,
      144, 38, 37, -1,
      144, 37, 145, -1,
      145, 37, 36, -1,
      145, 36, 139, -1,
      139, 36, 35, -1,
      139, 35, 140, -1,
      140, 35, 34, -1,
      140, 34, 141, -1,
      141, 34, 39, -1,
      67, 142, 3, -1,
      3, 142, 122, -1,
      3, 122, 4, -1,
      4, 122, 121, -1,
      4, 121, 32, -1,
      32, 121, 33, -1,
      33, 121, 120, -1,
      33, 120, 7, -1,
      7, 120, 119, -1,
      7, 119, 8, -1,
      25, 8, 118, -1,
      118, 8, 119, -1,
      247, 248, 96, -1,
      96, 248, 95, -1,
      94, 249, 250, -1,
      251, 252, 248, -1,
      253, 254, 255, -1,
      256, 257, 258, -1,
      259, 260, 248, -1,
      248, 260, 261, -1,
      252, 262, 248, -1,
      248, 262, 263, -1,
      248, 263, 264, -1,
      248, 265, 95, -1,
      95, 265, 266, -1,
      95, 266, 267, -1,
      256, 258, 255, -1,
      255, 258, 268, -1,
      255, 268, 253, -1,
      269, 270, 271, -1,
      261, 272, 248, -1,
      248, 272, 273, -1,
      248, 273, 251, -1,
      264, 274, 248, -1,
      248, 274, 275, -1,
      248, 275, 265, -1,
      267, 276, 95, -1,
      95, 276, 277, -1,
      95, 277, 94, -1,
      94, 277, 278, -1,
      94, 278, 279, -1,
      269, 271, 280, -1,
      281, 282, 271, -1,
      271, 282, 283, -1,
      271, 283, 248, -1,
      248, 283, 284, -1,
      248, 284, 285, -1,
      285, 286, 248, -1,
      248, 286, 287, -1,
      248, 287, 259, -1,
      94, 250, 271, -1,
      271, 250, 288, -1,
      271, 288, 280, -1,
      270, 289, 271, -1,
      271, 289, 290, -1,
      271, 290, 281, -1,
      291, 249, 292, -1,
      292, 249, 94, -1,
      292, 94, 293, -1,
      293, 94, 279, -1,
      257, 294, 258, -1,
      258, 294, 295, -1,
      258, 295, 296, -1,
      297, 298, 299, -1,
      299, 298, 300, -1,
      299, 300, 292, -1,
      292, 300, 301, -1,
      292, 301, 291, -1,
      296, 302, 258, -1,
      258, 302, 303, -1,
      258, 303, 299, -1,
      299, 303, 304, -1,
      299, 304, 297, -1,
      271, 305, 94, -1,
      94, 305, 97, -1,
      306, 307, 97, -1,
      306, 97, 308, -1,
      309, 305, 310, -1,
      310, 305, 311, -1,
      247, 312, 305, -1,
      305, 312, 313, -1,
      305, 313, 314, -1,
      315, 316, 305, -1,
      305, 316, 317, -1,
      305, 317, 311, -1,
      318, 319, 96, -1,
      314, 320, 305, -1,
      305, 320, 321, -1,
      305, 321, 322, -1,
      322, 323, 305, -1,
      305, 323, 324, -1,
      305, 324, 315, -1,
      309, 325, 305, -1,
      305, 325, 326, -1,
      305, 326, 327, -1,
      328, 329, 96, -1,
      96, 329, 330, -1,
      96, 330, 318, -1,
      319, 331, 96, -1,
      96, 331, 332, -1,
      96, 332, 333, -1,
      247, 334, 335, -1,
      307, 336, 97, -1,
      97, 336, 337, -1,
      97, 337, 338, -1,
      339, 340, 97, -1,
      97, 340, 341, -1,
      97, 341, 96, -1,
      96, 341, 342, -1,
      96, 342, 343, -1,
      344, 345, 247, -1,
      327, 346, 305, -1,
      305, 346, 347, -1,
      305, 347, 97, -1,
      97, 347, 348, -1,
      97, 348, 349, -1,
      349, 350, 97, -1,
      97, 350, 351, -1,
      97, 351, 308, -1,
      343, 352, 96, -1,
      96, 352, 353, -1,
      96, 353, 328, -1,
      247, 354, 355, -1,
      335, 356, 247, -1,
      247, 356, 357, -1,
      247, 357, 312, -1,
      358, 339, 359, -1,
      359, 339, 97, -1,
      359, 97, 360, -1,
      360, 97, 338, -1,
      361, 362, 247, -1,
      345, 363, 247, -1,
      247, 363, 364, -1,
      247, 364, 334, -1,
      365, 366, 358, -1,
      358, 366, 367, -1,
      358, 367, 339, -1,
      368, 369, 247, -1,
      247, 369, 370, -1,
      247, 370, 344, -1,
      362, 371, 247, -1,
      247, 371, 372, -1,
      247, 372, 354, -1,
      355, 373, 247, -1,
      247, 373, 374, -1,
      247, 374, 368, -1,
      375, 376, 358, -1,
      358, 376, 377, -1,
      358, 377, 365, -1,
      378, 379, 247, -1,
      247, 379, 380, -1,
      247, 380, 361, -1,
      381, 382, 358, -1,
      358, 382, 383, -1,
      358, 383, 375, -1,
      333, 384, 96, -1,
      96, 384, 385, -1,
      96, 385, 247, -1,
      247, 385, 386, -1,
      247, 386, 378, -1,
      387, 388, 389, -1,
      389, 388, 390, -1,
      389, 390, 382, -1,
      381, 391, 382, -1,
      382, 391, 392, -1,
      382, 392, 393, -1,
      394, 389, 395, -1,
      394, 396, 389, -1,
      389, 396, 397, -1,
      389, 397, 387, -1,
      393, 398, 382, -1,
      382, 398, 399, -1,
      382, 399, 400, -1,
      400, 401, 382, -1,
      382, 401, 402, -1,
      382, 402, 389, -1,
      395, 403, 394, -1,
      394, 403, 404, -1,
      394, 404, 405, -1,
      406, 407, 408, -1,
      408, 407, 409, -1,
      405, 410, 394, -1,
      394, 410, 409, -1,
      394, 409, 411, -1,
      411, 409, 407, -1,
      411, 407, 412, -1,
      305, 271, 247, -1,
      247, 271, 248, -1,
    ]
  }
}

Shape {
  appearance Appearance {
    material Material {
      diffuseColor 0.6667 0.6980 0.7686
      specularColor 0.3333 0.3490 0.3843
      ambientIntensity 0.2
      transparency 0.0000
      shininess 0.5
    }
  }
  geometry IndexedFaceSet {
    ccw TRUE
    solid FALSE
    coord DEF co Coordinate {
      point [
        4.720197 4.991898 0.638844,
        4.652922 4.991898 0.678961,
        5.053835 4.991898 0.715692,
        5.064220 4.991898 0.705297,
        5.035437 4.991898 0.691942,
        5.030629 4.991898 0.693152,
        5.001581 4.991898 0.699706,
        4.969983 4.991898 0.706835,
        4.957201 4.991898 0.709719,
        5.060056 4.991898 0.685744,
        4.975014 4.991898 0.761358,
        5.008463 4.991898 0.747327,
        5.015404 4.991898 0.742817,
        5.069753 4.991898 0.696918,
        5.070456 4.991898 0.695391,
        5.071486 4.991898 0.691996,
        5.071329 4.991898 0.688823,
        5.071178 4.991898 0.688441,
        5.070677 4.991898 0.687616,
        5.041926 4.991898 0.690308,
        4.719140 4.991898 0.730978,
        4.772846 4.991898 0.758112,
        5.043143 4.991898 0.724790,
        5.047709 4.991898 0.721822,
        5.071592 4.991898 0.690186,
        5.071570 4.991898 0.689942,
        5.070269 4.991898 0.687170,
        5.069349 4.991898 0.686498,
        5.069156 4.991898 0.686394,
        5.067380 4.991898 0.685771,
        4.711328 4.991898 0.727031,
        4.805154 4.991898 0.768047,
        4.869731 4.991898 0.776370,
        4.875472 4.991898 0.777109,
        4.886144 4.991898 0.776628,
        4.909869 4.991898 0.775559,
        4.953470 4.991898 0.766055,
        4.969337 4.991898 0.762596,
        4.708765 4.991898 0.725736,
        4.789103 4.991898 0.763111,
        4.799243 4.991898 0.766230,
        4.748522 4.991898 0.660767,
        5.066858 4.991898 0.685667,
        5.067079 4.991898 0.685711,
        4.950370 4.991898 0.710080,
        4.910672 4.991898 0.712179,
        4.903953 4.991898 0.711257,
        4.814718 4.991898 0.694393,
        4.811078 4.991898 0.693248,
        5.062052 4.991898 0.685540,
        4.774872 4.991898 0.674656,
        4.749898 4.991898 0.661832,
        4.882171 4.991898 0.708267,
        4.840737 4.991898 0.702580,
        4.836813 4.991898 0.701345,
        4.648152 3.387542 0.614652,
        4.648616 3.387542 0.614398,
        4.647452 3.387542 0.615230,
        4.654198 3.387542 0.646036,
        4.660330 3.387542 0.654870,
        4.680457 3.387542 0.683864,
        4.895088 3.387542 0.781848,
        4.860293 3.387542 0.779030,
        4.837976 3.387542 0.773266,
        4.705932 3.387542 0.709474,
        4.692619 3.387542 0.696090,
        4.691906 3.387542 0.695373,
        5.199890 3.387542 0.446975,
        5.200265 3.387542 0.447327,
        4.816530 3.387542 0.767727,
        4.792176 3.387542 0.761438,
        4.759987 3.387542 0.746717,
        4.757294 3.387542 0.744861,
        4.746791 3.387542 0.737625,
        4.648665 3.387542 0.632711,
        4.647529 3.387542 0.629976,
        4.646436 3.387542 0.625317,
        5.197251 3.387542 0.445574,
        5.198275 3.387542 0.445898,
        5.198503 3.387542 0.446007,
        5.202022 3.387542 0.449650,
        5.202518 3.387542 0.450305,
        5.202854 3.387542 0.450886,
        4.997184 3.387542 0.767484,
        4.966648 3.387542 0.775386,
        4.649623 3.387542 0.614080,
        4.649843 3.387542 0.614042,
        4.651564 3.387542 0.614027,
        5.190487 3.387542 0.450105,
        5.192215 3.387542 0.447879,
        5.193734 3.387542 0.446513,
        5.194418 3.387542 0.446085,
        5.195468 3.387542 0.445656,
        5.081669 3.387542 0.726204,
        5.063270 3.387542 0.738214,
        4.646220 3.387542 0.624396,
        4.645896 3.387542 0.619919,
        4.646013 3.387542 0.618632,
        4.646445 3.387542 0.616890,
        4.646653 3.387542 0.616405,
        4.647225 3.387542 0.615489,
        5.195785 3.387542 0.445582,
        5.196722 3.387542 0.445513,
        5.188172 3.387542 0.598121,
        5.152892 3.387542 0.658487,
        4.923079 3.387542 0.779320,
        4.904884 3.387542 0.780963,
        4.657774 3.387542 0.616130,
        4.656119 3.387542 0.615364,
        4.652056 3.387542 0.614093,
        5.207756 3.387542 0.524620,
        5.196702 3.387542 0.576067,
        5.016144 3.387542 0.759087,
        5.004706 3.387542 0.764152,
        5.181476 3.387542 0.470510,
        5.182047 3.387542 0.469067,
        5.187002 3.387542 0.456552,
        5.140105 3.387542 0.674300,
        5.093038 3.387542 0.717333,
        5.087498 3.387542 0.722398,
        5.191708 3.387542 0.588978,
        5.190499 3.387542 0.592105,
        5.151278 3.387542 0.660483,
        5.146282 3.387542 0.666661,
        5.167675 3.387542 0.507874,
        5.171375 3.387542 0.498773,
        5.173244 3.387542 0.493542,
        5.210728 3.387542 0.502714,
        5.210195 3.387542 0.511695,
        5.210065 3.387542 0.513874,
        4.666240 3.387542 0.621778,
        5.144172 3.387542 0.553097,
        5.160707 3.387542 0.525015,
        5.207116 3.387542 0.462294,
        5.207776 3.387542 0.465030,
        5.208737 3.387542 0.477291,
        5.106191 3.387542 0.609161,
        5.123048 3.387542 0.588972,
        4.797886 3.387542 0.692513,
        5.142180 3.387542 0.556480,
        4.669297 3.387542 0.623817,
        4.680160 3.387542 0.631063,
        4.697485 3.387542 0.642244,
        5.055151 3.387542 0.653982,
        4.841123 3.387542 0.704471,
        5.103064 3.387542 0.612907,
        5.103910 3.387542 0.611893,
        4.732020 3.387542 0.664529,
        4.739364 3.387542 0.669268,
        4.744951 3.387542 0.672874,
        4.772588 3.387542 0.685516,
        4.797759 3.387542 0.692478,
        4.859748 3.387542 0.706201,
        4.866841 3.387542 0.706860,
        4.878616 3.387542 0.707954,
        4.984176 3.387542 0.691695,
        4.996903 3.387542 0.685301,
        4.947500 3.387542 0.701930,
        4.934923 3.387542 0.703030,
        4.926815 3.387542 0.703739,
        5.052147 3.387542 0.656557,
        5.049365 3.387542 0.658943,
        4.719892 4.989300 0.639026,
        4.653341 4.988557 0.678711,
        4.717924 4.981209 0.640200,
        4.655667 4.979910 0.677324,
        4.671585 4.960620 0.667832,
        4.664946 4.965642 0.671791,
        4.659508 4.972298 0.675034,
        4.702434 4.961158 0.649436,
        4.694850 4.957752 0.653959,
        4.686559 4.956550 0.658903,
        4.679061 4.957530 0.663374,
        4.714412 4.973597 0.642294,
        4.708925 4.966392 0.645566,
        4.719015 4.981023 0.731596,
        4.753115 4.950217 0.697350,
        4.732575 3.388286 0.664162,
        4.643135 3.389843 0.635055,
        4.686344 3.394276 0.699681,
        4.754883 3.393892 0.747952,
        4.836803 3.394037 0.776681,
        5.034061 4.988462 0.686172,
        5.104474 4.987286 0.667443,
        5.044570 4.988989 0.730175,
        4.799156 4.990756 0.766313,
        4.719146 4.990609 0.731018,
        4.885928 4.990319 0.777919,
        4.969448 4.990452 0.764574,
        5.108889 4.984996 0.675670,
        5.099895 4.987235 0.658911,
        5.095224 4.984619 0.650205,
        4.970280 4.989670 0.705713,
        4.970356 4.981443 0.700239,
        4.905062 4.980569 0.707514,
        4.837678 4.980010 0.699931,
        4.774574 4.988133 0.675131,
        4.773688 4.981766 0.676689,
        4.997651 3.394932 0.687601,
        5.056683 3.395582 0.657371,
        5.108813 3.394741 0.613460,
        5.150785 3.393275 0.558261,
        5.178370 3.390413 0.496037,
        5.187237 3.393027 0.500396,
        5.195928 3.393078 0.504667,
        5.204307 3.390789 0.508786,
        5.185254 3.393801 0.587563,
        5.190277 3.387771 0.591922,
        5.143016 3.396106 0.661892,
        5.146185 3.388307 0.666437,
        5.080578 3.396793 0.723042,
        5.004903 3.396800 0.763431,
        5.081678 3.388911 0.726065,
        4.923207 3.395914 0.781587,
        4.985915 3.387569 0.770776,
        5.004667 3.388817 0.763857,
        4.691592 3.387896 0.695515,
        4.636019 3.394864 0.638072,
        4.611585 3.394839 0.563424,
        4.629773 3.395061 0.560763,
        4.620222 3.393859 0.562161,
        4.676204 3.390381 0.621035,
        4.683161 3.395613 0.618085,
        4.737323 3.395575 0.661111,
        4.799802 3.395191 0.691061,
        4.867571 3.394780 0.705567,
        4.935091 3.393223 0.703842,
        4.867794 3.401399 0.705052,
        4.801569 3.409902 0.688823,
        4.801221 3.403282 0.689263,
        4.742857 3.417898 0.656924,
        4.742410 3.411278 0.657262,
        4.695433 3.425142 0.612882,
        4.694917 3.418522 0.613101,
        4.659178 3.433230 0.556461,
        4.658623 3.426609 0.556542,
        4.638161 3.441737 0.491581,
        4.637604 3.435117 0.491517,
        4.634449 3.449832 0.424598,
        4.633927 3.443212 0.424395,
        4.647048 3.457077 0.361112,
        4.646591 3.450457 0.360788,
        4.675897 3.465065 0.300868,
        4.675536 3.458445 0.300439,
        4.720026 3.473567 0.248892,
        4.719787 3.466947 0.248385,
        4.775267 3.481750 0.210404,
        4.775165 3.475130 0.209853,
        4.836004 3.489028 0.187776,
        4.836041 3.482407 0.187217,
        4.902127 3.496908 0.180719,
        4.902302 3.490288 0.180187,
        4.969494 3.505392 0.190924,
        4.969800 3.498772 0.190455,
        5.031461 3.513654 0.217784,
        5.031877 3.507033 0.217408,
        5.082742 3.520996 0.257719,
        5.083237 3.514376 0.257457,
        5.123269 3.528759 0.310033,
        5.123814 3.522139 0.309902,
        5.149973 3.537214 0.372633,
        5.150533 3.530594 0.372647,
        5.159715 3.545544 0.439651,
        5.160252 3.538924 0.439807,
        5.152604 3.552981 0.504527,
        5.153087 3.546361 0.504811,
        5.129474 3.560620 0.566156,
        5.129872 3.554000 0.566551,
        5.090322 3.569034 0.621692,
        5.090604 3.562414 0.622176,
        5.038309 3.577422 0.665304,
        5.038459 3.570802 0.665844,
        4.979034 3.584985 0.693448,
        4.979045 3.578365 0.694009,
        4.914800 3.592491 0.706031,
        4.914673 3.585870 0.706577,
        4.847111 3.600854 0.701924,
        4.846849 3.594234 0.702419,
        4.782553 3.609288 0.680563,
        4.782172 3.602668 0.680975,
        4.727180 3.616981 0.644684,
        4.726709 3.610361 0.644987,
        4.682976 3.624374 0.596843,
        4.682444 3.617754 0.597021,
        4.650973 3.632675 0.537245,
        4.650413 3.626055 0.537282,
        4.635183 3.641144 0.471006,
        4.634633 3.634524 0.470898,
        4.636658 3.648959 0.404704,
        4.636153 3.642339 0.404462,
        4.654120 3.656270 0.342190,
        4.653689 3.649650 0.341831,
        4.687909 3.664498 0.283813,
        4.687583 3.657879 0.283357,
        4.736000 3.672992 0.235512,
        4.735802 3.666372 0.234987,
        4.793469 3.680920 0.201793,
        4.793410 3.674300 0.201236,
        4.855709 3.688180 0.183886,
        4.855787 3.681559 0.183331,
        4.922907 3.696325 0.181968,
        4.923124 3.689706 0.181451,
        4.989310 3.704831 0.197490,
        4.989652 3.698211 0.197046,
        5.048440 3.712864 0.228818,
        5.048883 3.706243 0.228475,
        5.096309 3.720104 0.272362,
        5.096823 3.713484 0.272138,
        5.133105 3.728157 0.328321,
        5.133659 3.721537 0.328234,
        5.154814 3.736664 0.392970,
        5.155372 3.730044 0.393028,
        5.159237 3.744791 0.459999,
        5.159761 3.738172 0.460196,
        5.147290 3.752044 0.523633,
        5.147750 3.745424 0.523953,
        5.119117 3.759995 0.584083,
        5.119482 3.753376 0.584509,
        5.075555 3.768492 0.636518,
        5.075798 3.761872 0.637023,
        5.020659 3.776705 0.675633,
        5.020767 3.770085 0.676183,
        4.960108 3.784001 0.698906,
        4.960078 3.777381 0.699466,
        4.894174 3.791841 0.706639,
        4.894004 3.785221 0.707173,
        4.826726 3.800316 0.697157,
        4.826424 3.793696 0.697630,
        4.764413 3.808603 0.670929,
        4.764001 3.801983 0.671309,
        4.712656 3.815976 0.631473,
        4.712163 3.809356 0.631741,
        4.671664 3.823696 0.579678,
        4.671120 3.817076 0.579814,
        4.644307 3.832137 0.517398,
        4.643746 3.825517 0.517391,
        4.633844 3.840489 0.450430,
        4.633305 3.833869 0.450279,
        4.640299 3.847968 0.385368,
        4.639813 3.841348 0.385089,
        4.662746 3.855559 0.323627,
        4.662345 3.848939 0.323236,
        4.701280 3.863957 0.267713,
        4.700991 3.857337 0.267233,
        4.752861 3.872362 0.223519,
        4.752705 3.865743 0.222980,
        4.811961 3.879973 0.194707,
        4.811944 3.873353 0.194147,
        4.875942 3.887435 0.181489,
        4.876063 3.880815 0.180941,
        4.943614 3.895778 0.184873,
        4.943872 3.889157 0.184375,
        5.008432 3.904225 0.205555,
        5.008809 3.897605 0.205140,
        5.064278 3.911963 0.240925,
        5.064746 3.905343 0.240617,
        5.108910 3.919322 0.288241,
        5.109440 3.912702 0.288057,
        5.141511 3.927599 0.347437,
        5.142070 3.920979 0.347394,
        5.158014 3.936078 0.413530,
        5.158565 3.929458 0.413632,
        5.157228 3.943934 0.479958,
        5.157736 3.937315 0.480195,
        5.140428 3.951223 0.542590,
        5.140862 3.944603 0.542944,
        5.107296 3.959424 0.601254,
        5.107626 3.952804 0.601707,
        5.059713 3.967923 0.650078,
        5.059916 3.961302 0.650600,
        5.002511 3.975889 0.684450,
        5.002575 3.969269 0.685006,
        4.940487 3.983138 0.702989,
        4.940413 3.976518 0.703545,
        4.873399 3.991252 0.705613,
        4.873187 3.984632 0.706132,
        4.806829 3.999759 0.690801,
        4.806491 3.993140 0.691248,
        4.747289 4.007827 0.660052,
        4.746848 4.001207 0.660400,
        4.698971 4.015069 0.617003,
        4.698459 4.008448 0.617232,
        4.661643 4.023086 0.561514,
        4.661091 4.016466 0.561607,
        4.639246 4.031591 0.497107,
        4.638688 4.024970 0.497054,
        4.634110 4.039749 0.430043,
        4.633583 4.033130 0.429850,
        4.645406 4.047015 0.366255,
        4.644943 4.040394 0.365940,
        4.672902 4.054927 0.305611,
        4.672532 4.048307 0.305189,
        4.715890 4.063417 0.252726,
        4.715641 4.056797 0.252224,
        4.770429 4.071657 0.212989,
        4.770316 4.065037 0.212439,
        4.830798 4.078978 0.189068,
        4.830823 4.072357 0.188508,
        4.896533 4.086775 0.180664,
        4.896697 4.080156 0.180128,
        4.964051 4.095240 0.189421,
        4.964348 4.088620 0.188945,
        5.026699 4.103551 0.215011,
        5.027106 4.096931 0.214626,
        5.078937 4.110958 0.253990,
        5.079428 4.104338 0.253718,
        5.120385 4.118633 0.305261,
        5.120927 4.112013 0.305119,
        5.148389 4.127061 0.367210,
        5.148949 4.120441 0.367211,
        5.159572 4.135432 0.434117,
        5.160113 4.128812 0.434262,
        5.153776 4.142957 0.499369,
        5.154265 4.136337 0.499644,
        5.132010 4.150501 0.561213,
        5.132416 4.143881 0.561599,
        5.094102 4.158880 0.617492,
        5.094395 4.152261 0.617970,
        5.042962 4.167302 0.662263,
        5.043123 4.160681 0.662800,
        4.984046 4.174959 0.691741,
        4.984069 4.168339 0.692301,
        4.920315 4.182381 0.705594,
        4.920199 4.175761 0.706142,
        4.852671 4.190701 0.702931,
        4.852419 4.184081 0.703431,
        4.787603 4.199161 0.682932,
        4.787231 4.192541 0.683352,
        4.731291 4.206942 0.648081,
        4.730826 4.200322 0.648394,
        4.686230 4.214273 0.601286,
        4.685702 4.207653 0.601475,
        4.653038 4.222523 0.542500,
        4.652480 4.215904 0.542548,
        4.635825 4.231011 0.476565,
        4.635272 4.224391 0.476469,
        4.635917 4.238908 0.410022,
        4.635407 4.232287 0.409790,
        4.652059 4.246179 0.347268,
        4.651620 4.239558 0.346918,
        4.684530 4.254349 0.288327,
        4.684194 4.247729 0.287878,
        4.731595 4.262852 0.238989,
        4.731387 4.256233 0.238469,
        4.788522 4.270856 0.203967,
        4.788451 4.264236 0.203410,
        4.850333 4.278099 0.184793,
        4.850401 4.271479 0.184236,
        4.917299 4.286180 0.181468,
        4.917505 4.279559 0.180947,
        4.984024 4.294687 0.195567,
        4.984358 4.288067 0.195116,
        5.043968 4.302789 0.225729,
        5.044404 4.296169 0.225377,
        5.092737 4.310035 0.268286,
        5.093246 4.303415 0.268052,
        5.130588 4.318016 0.323298,
        5.131139 4.311396 0.323200,
        5.153669 4.326517 0.387453,
        5.154228 4.319896 0.387499,
        5.159520 4.334706 0.454540,
        5.160049 4.328086 0.454727,
        5.148875 4.341987 0.518486,
        5.149342 4.335367 0.518796,
        5.122058 4.349859 0.579313,
        5.122433 4.343239 0.579731,
        5.079651 4.358342 0.632637,
        5.079906 4.351721 0.633137,
        5.025478 4.366608 0.672994,
        5.025597 4.359988 0.673542,
        4.965288 4.373956 0.697564,
        4.965269 4.367336 0.698124,
        4.899761 4.381711 0.706634,
        4.899603 4.375091 0.707172,
        4.832185 4.390163 0.698603,
        4.831894 4.383543 0.699082,
        4.769213 4.398498 0.673657,
        4.740583 3.403187 0.658644,
        4.692808 3.410431 0.613995,
        4.656356 3.418519 0.556874,
        4.635328 3.427026 0.491254,
        4.631791 3.435121 0.423565,
        4.644722 3.442366 0.359462,
        4.674062 3.450354 0.298685,
        4.718814 3.458856 0.246311,
        4.774750 3.467039 0.207600,
        4.836189 3.474317 0.184931,
        4.903020 3.482197 0.178011,
        4.971052 3.490681 0.188536,
        5.033577 3.498943 0.215872,
        5.085262 3.506285 0.256384,
        5.126041 3.514048 0.309369,
        5.152824 3.522503 0.372703,
        5.162453 3.530833 0.440446,
        5.155062 3.538271 0.505972,
        5.131496 3.545909 0.568166,
        5.091761 3.554324 0.624154,
        5.039071 3.562711 0.668052,
        4.979092 3.570274 0.696299,
        4.914152 3.577780 0.708808,
        4.845775 3.586144 0.704443,
        4.780615 3.594577 0.682656,
        4.724783 3.602271 0.646228,
        4.680272 3.609663 0.597750,
        4.648128 3.617965 0.537433,
        4.632385 3.626434 0.470457,
        4.634087 3.634248 0.403472,
        4.651928 3.641559 0.340366,
        4.686253 3.649788 0.281491,
        4.734996 3.658281 0.232843,
        4.793168 3.666209 0.198958,
        4.856110 3.673469 0.181063,
        4.924011 3.681615 0.179339,
        4.991053 3.690120 0.195233,
        5.050696 3.698153 0.227074,
        5.098923 3.705393 0.271222,
        5.135922 3.713447 0.327878,
        5.157650 3.721954 0.393266,
        5.161906 3.730081 0.461004,
        5.149632 3.737334 0.525260,
        5.120974 3.745285 0.586247,
        5.076794 3.753781 0.639086,
        5.021205 3.761994 0.678432,
        4.959952 3.769291 0.701753,
        4.893310 3.777130 0.709356,
        4.825193 3.785606 0.699562,
        4.762318 3.793893 0.672864,
        4.710150 3.801265 0.632833,
        4.668898 3.808985 0.580371,
        4.641456 3.817427 0.517359,
        4.631098 3.825778 0.449663,
        4.637826 3.833258 0.383947,
        4.660703 3.840849 0.321637,
        4.699813 3.849247 0.265267,
        4.752070 3.857652 0.220779,
        4.811875 3.865263 0.191857,
        4.876560 3.872724 0.178705,
        4.944924 3.881067 0.182340,
        5.010348 3.889515 0.203443,
        5.066659 3.897252 0.239357,
        5.111604 3.904612 0.287306,
        5.144354 3.912889 0.347219,
        5.160817 3.921368 0.414049,
        5.159812 3.929224 0.481163,
        5.142638 3.936512 0.544391,
        5.108977 3.944713 0.603558,
        5.060745 3.953212 0.652736,
        5.002840 3.961179 0.687282,
        4.940114 3.968427 0.705817,
        4.872323 3.976542 0.708254,
        4.805111 3.985049 0.693076,
        4.745050 3.993116 0.661819,
        4.696369 4.000358 0.618170,
        4.658831 4.008375 0.561987,
        4.636407 4.016880 0.496841,
        4.631431 4.025039 0.429065,
        4.643047 4.032304 0.364652,
        4.671021 4.040216 0.303467,
        4.714623 4.048706 0.250172,
        4.769854 4.056946 0.210195,
        4.830925 4.064267 0.186219,
        4.897368 4.072065 0.177938,
        4.965558 4.080529 0.187000,
        5.028774 4.088840 0.213055,
        5.081430 4.096248 0.252604,
        5.123144 4.103922 0.304538,
        5.151240 4.112350 0.367219,
        5.162326 4.120722 0.434855,
        5.156263 4.128247 0.500765,
        5.134074 4.135791 0.563180,
        5.095594 4.144170 0.619922,
        5.043781 4.152591 0.664994,
        4.984161 4.160248 0.694590,
        4.919725 4.167670 0.708384,
        4.851388 4.175991 0.705478,
        4.785710 4.184450 0.685065,
        4.728926 4.192232 0.649673,
        4.683546 4.199562 0.602249,
        4.650198 4.207813 0.542748,
        4.633015 4.216300 0.476076,
        4.633321 4.224197 0.408843,
        4.649829 4.231468 0.345489,
        4.682824 4.239639 0.286042,
        4.730535 4.248142 0.236342,
        4.788163 4.256145 0.201137,
        4.850677 4.263388 0.181962,
        4.918346 4.271469 0.178816,
        4.985719 4.279977 0.193273,
        5.046187 4.288078 0.223939,
        5.095327 4.295324 0.267092,
        5.133394 4.303305 0.322795,
        5.156511 4.311806 0.387688,
        5.162209 4.319995 0.455490,
        5.151250 4.327276 0.520064,
        5.123962 4.335148 0.581437,
        5.080945 4.343631 0.635179,
        5.026083 4.351898 0.675781,
        4.965190 4.359245 0.700414,
        4.898956 4.367000 0.709370,
        4.689044 3.402819 0.615591,
        4.652310 3.410906 0.557465,
        4.631266 3.419414 0.490786,
        4.627980 3.427509 0.422085,
        4.641388 3.434754 0.357095,
        4.671432 3.442742 0.295554,
        4.717077 3.451243 0.242609,
        4.774009 3.459426 0.203579,
        4.836454 3.466704 0.180850,
        4.904300 3.474584 0.174128,
        4.973287 3.483069 0.185112,
        5.036610 3.491330 0.213130,
        5.088875 3.498672 0.254470,
        5.130019 3.506435 0.308417,
        5.156911 3.514891 0.372804,
        5.166379 3.523220 0.441587,
        5.158587 3.530658 0.508045,
        5.134396 3.538296 0.571049,
        5.093825 3.546711 0.627683,
        5.040163 3.555098 0.671992,
        4.979174 3.562662 0.700387,
        4.913222 3.570168 0.712790,
        4.843858 3.578531 0.708055,
        4.777836 3.586965 0.685655,
        4.721345 3.594658 0.648441,
        4.676395 3.602051 0.599051,
        4.644047 3.610352 0.537702,
        4.628373 3.618821 0.469669,
        4.630398 3.626636 0.401706,
        4.648785 3.633947 0.337750,
        4.683879 3.642175 0.278162,
        4.733557 3.650668 0.229016,
        4.792737 3.658596 0.194892,
        4.856686 3.665856 0.177015,
        4.925594 3.674002 0.175569,
        4.993552 3.682508 0.191997,
        5.053932 3.690541 0.224574,
        5.102671 3.697781 0.269587,
        5.139961 3.705834 0.327243,
        5.161717 3.714341 0.393691,
        5.165732 3.722469 0.462445,
        5.152991 3.729722 0.527592,
        5.123638 3.737672 0.589349,
        5.078571 3.746169 0.642769,
        5.021988 3.754381 0.682445,
        4.959728 3.761678 0.705836,
        4.892071 3.769518 0.713253,
        4.822994 3.777993 0.703010,
        4.759313 3.786280 0.675637,
        4.706556 3.793653 0.634785,
        4.664932 3.801372 0.581365,
        4.637367 3.809814 0.517302,
        4.627160 3.818165 0.448564,
        4.634280 3.825645 0.381910,
        4.657774 3.833237 0.318785,
        4.697712 3.841634 0.261760,
        4.750936 3.850039 0.216851,
        4.811751 3.857650 0.187770,
        4.877448 3.865112 0.174714,
        4.946802 3.873454 0.178708,
        5.013095 3.881902 0.200414,
        5.070075 3.889640 0.237109,
        5.115466 3.896999 0.285964,
        5.148431 3.905276 0.346906,
        5.164838 3.913755 0.414794,
        5.163518 3.921611 0.482892,
        5.145809 3.928900 0.546974,
        5.111387 3.937101 0.606861,
        5.062225 3.945600 0.656548,
        5.003312 3.953566 0.691344,
        4.939580 3.960815 0.709870,
        4.870780 3.968929 0.712040,
        4.802646 3.977437 0.696339,
        4.741841 3.985504 0.664353,
        4.692638 3.992745 0.619844,
        4.654799 4.000763 0.562665,
        4.632336 4.009267 0.496459,
        4.627590 4.017426 0.427664,
        4.639665 4.024691 0.362355,
        4.668324 4.032604 0.300394,
        4.712807 4.041094 0.246508,
        4.769030 4.049334 0.206191,
        4.831107 4.056655 0.182135,
        4.898566 4.064452 0.174028,
        4.967719 4.072917 0.183529,
        5.031749 4.081228 0.210250,
        5.085004 4.088635 0.250617,
        5.127099 4.096310 0.303502,
        5.155329 4.104737 0.367231,
        5.166276 4.113109 0.435913,
        5.159829 4.120634 0.502766,
        5.137034 4.128178 0.566001,
        5.097734 4.136557 0.623407,
        5.044957 4.144979 0.668910,
        4.984326 4.152636 0.698676,
        4.918880 4.160057 0.712384,
        4.849550 4.168378 0.709130,
        4.782995 4.176838 0.688123,
        4.725533 4.184619 0.651956,
        4.679698 4.191950 0.603631,
        4.646124 4.200200 0.543105,
        4.628987 4.208688 0.475374,
        4.629598 4.216584 0.407152,
        4.646632 4.223856 0.342940,
        4.680380 4.232026 0.282764,
        4.729015 4.240530 0.232546,
        4.787648 4.248533 0.197081,
        4.851169 4.255776 0.177903,
        4.919849 4.263856 0.175013,
        4.988149 4.272364 0.189985,
        5.049370 4.280465 0.221372,
        5.099040 4.287711 0.265381,
        5.137419 4.295692 0.322074,
        5.160585 4.304194 0.388026,
        5.166064 4.312382 0.456851,
        5.154656 4.319664 0.522327,
        5.126691 4.327536 0.584481,
        5.082801 4.336019 0.638822,
        5.026948 4.344285 0.679777,
        4.965050 4.351633 0.704500,
        4.645988 3.403701 0.558391,
        4.624919 3.412209 0.490054,
        4.622024 3.420304 0.419770,
        4.636177 3.427548 0.353396,
        4.667321 3.435537 0.290663,
        4.714361 3.444038 0.236825,
        4.772852 3.452221 0.197295,
        4.836869 3.459499 0.174474,
        4.906300 3.467380 0.168059,
        4.976779 3.475863 0.179761,
        5.041350 3.484125 0.208845,
        5.094521 3.491467 0.251478,
        5.136232 3.499230 0.306930,
        5.163299 3.507686 0.372960,
        5.172515 3.516015 0.443370,
        5.164095 3.523454 0.511284,
        5.138928 3.531091 0.575554,
        5.097050 3.539506 0.633199,
        5.041870 3.547893 0.678150,
        4.979304 3.555457 0.706776,
        4.911770 3.562962 0.719013,
        4.840863 3.571326 0.713699,
        4.773494 3.579759 0.690343,
        4.715972 3.587453 0.651900,
        4.670338 3.594845 0.601083,
        4.637672 3.603147 0.538122,
        4.622103 3.611616 0.468438,
        4.624636 3.619431 0.398946,
        4.643874 3.626741 0.333663,
        4.680169 3.634970 0.272960,
        4.731309 3.643463 0.223035,
        4.792064 3.651391 0.188537,
        4.857586 3.658651 0.170689,
        4.928069 3.666797 0.169678,
        4.997458 3.675303 0.186940,
        5.058987 3.683335 0.220666,
        5.108528 3.690576 0.267032,
        5.146273 3.698629 0.326250,
        5.168072 3.707135 0.394354,
        5.171711 3.715263 0.464697,
        5.158239 3.722516 0.531237,
        5.127801 3.730467 0.594196,
        5.081348 3.738963 0.648524,
        5.023211 3.747176 0.688717,
        4.959380 3.754473 0.712216,
        4.890135 3.762312 0.719343,
        4.819560 3.770788 0.708398,
        4.754619 3.779074 0.679972,
        4.700941 3.786448 0.637833,
        4.658734 3.794167 0.582919,
        4.630978 3.802609 0.517214,
        4.621006 3.810960 0.446846,
        4.628740 3.818440 0.378727,
        4.653195 3.826031 0.314328,
        4.694427 3.834429 0.256280,
        4.749165 3.842834 0.210711,
        4.811557 3.850444 0.181383,
        4.878835 3.857907 0.168476,
        4.949736 3.866249 0.173032,
        5.017387 3.874697 0.195680,
        5.075412 3.882434 0.233595,
        5.121502 3.889794 0.283868,
        5.154802 3.898071 0.346418,
        5.171120 3.906550 0.415958,
        5.169308 3.914406 0.485593,
        5.150762 3.921695 0.551010,
        5.115152 3.929895 0.612023,
        5.064537 3.938394 0.662504,
        5.004051 3.946361 0.697691,
        4.938746 3.953610 0.716206,
        4.868369 3.961724 0.717957,
        4.798794 3.970231 0.701437,
        4.736826 3.978298 0.668313,
        4.686808 3.985540 0.622459,
        4.648498 3.993558 0.563725,
        4.625974 4.002062 0.495864,
        4.621587 4.010221 0.425474,
        4.634380 4.017486 0.358764,
        4.664110 4.025398 0.295591,
        4.709968 4.033889 0.240784,
        4.767741 4.042129 0.199932,
        4.831391 4.049449 0.175751,
        4.900436 4.057247 0.167919,
        4.971096 4.065711 0.178104,
        5.036398 4.074023 0.205867,
        5.090588 4.081430 0.247511,
        5.133280 4.089105 0.301883,
        5.161719 4.097532 0.367251,
        5.172448 4.105904 0.437566,
        5.165400 4.113429 0.505894,
        5.141659 4.120973 0.570409,
        5.101077 4.129352 0.628852,
        5.046793 4.137774 0.675030,
        4.984584 4.145430 0.705060,
        4.917559 4.152852 0.718636,
        4.846676 4.161173 0.714837,
        4.778754 4.169633 0.692902,
        4.720232 4.177414 0.655523,
        4.673684 4.184744 0.605790,
        4.639759 4.192995 0.543662,
        4.622692 4.201482 0.474276,
        4.623780 4.209379 0.404510,
        4.641637 4.216650 0.338956,
        4.676559 4.224821 0.277643,
        4.726639 4.233324 0.226615,
        4.786845 4.241328 0.190742,
        4.851937 4.248570 0.171559,
        4.922196 4.256651 0.169070,
        4.991946 4.265159 0.184845,
        5.054344 4.273260 0.217361,
        5.104843 4.280506 0.262706,
        5.143709 4.288487 0.320947,
        5.166954 4.296988 0.388553,
        5.172090 4.305177 0.458978,
        5.159978 4.312459 0.525863,
        5.130956 4.320330 0.589239,
        5.085701 4.328813 0.644516,
        5.028302 4.337080 0.686022,
        4.638511 3.398468 0.559485,
        4.617412 3.406976 0.489189,
        4.614980 3.415070 0.417034,
        4.630016 3.422315 0.349023,
        4.662460 3.430304 0.284878,
        4.711151 3.438805 0.229985,
        4.771483 3.446988 0.189863,
        4.837359 3.454266 0.166933,
        4.908666 3.462146 0.160883,
        4.980909 3.470630 0.173433,
        5.046956 3.478892 0.203778,
        5.101198 3.486234 0.247940,
        5.143581 3.493998 0.305170,
        5.170853 3.502452 0.373146,
        5.179772 3.510782 0.445479,
        5.170609 3.518220 0.515114,
        5.144285 3.525858 0.580882,
        5.100866 3.534273 0.639722,
        5.043888 3.542660 0.685432,
        4.979456 3.550223 0.714330,
        4.910052 3.557730 0.726371,
        4.837321 3.566093 0.720374,
        4.768358 3.574526 0.695886,
        4.709620 3.582220 0.655991,
        4.663174 3.589613 0.603487,
        4.630131 3.597913 0.538619,
        4.614688 3.606383 0.466983,
        4.617821 3.614198 0.395681,
        4.638066 3.621508 0.328829,
        4.675781 3.629737 0.266808,
        4.728649 3.638230 0.215961,
        4.791267 3.646158 0.181023,
        4.858650 3.653418 0.163208,
        4.930994 3.661564 0.162711,
        5.002077 3.670070 0.180960,
        5.064966 3.678102 0.216045,
        5.115454 3.685343 0.264011,
        5.153738 3.693396 0.325076,
        5.175587 3.701903 0.395139,
        5.178783 3.710030 0.467360,
        5.164445 3.717283 0.535547,
        5.132724 3.725234 0.599930,
        5.084632 3.733730 0.655329,
        5.024657 3.741943 0.696133,
        4.958966 3.749240 0.719761,
        4.887846 3.757080 0.726544,
        4.815498 3.765554 0.714770,
        4.749067 3.773842 0.685097,
        4.694300 3.781214 0.641439,
        4.651404 3.788934 0.584756,
        4.623422 3.797376 0.517110,
        4.613727 3.805727 0.444813,
        4.622188 3.813207 0.374963,
        4.647780 3.820798 0.309057,
        4.690543 3.829196 0.249798,
        4.747070 3.837601 0.203451,
        4.811329 3.845211 0.173830,
        4.880475 3.852674 0.161100,
        4.953206 3.861016 0.166319,
        5.022463 3.869463 0.190083,
        5.081724 3.877201 0.229440,
        5.128641 3.884561 0.281389,
        5.162336 3.892838 0.345840,
        5.178551 3.901317 0.417335,
        5.176156 3.909173 0.488788,
        5.156620 3.916462 0.555783,
        5.119606 3.924662 0.618128,
        5.067272 3.933161 0.669548,
        5.004924 3.941128 0.705196,
        4.937759 3.948376 0.723697,
        4.865518 3.956491 0.724956,
        4.794239 3.964998 0.707467,
        4.730896 3.973065 0.672995,
        4.679913 3.980307 0.625551,
        4.641046 3.988324 0.564979,
        4.618450 3.996829 0.495159,
        4.614488 4.004987 0.422885,
        4.628129 4.012253 0.354518,
        4.659126 4.020165 0.289911,
        4.706611 4.028656 0.234014,
        4.766218 4.036896 0.192531,
        4.831728 4.044216 0.168202,
        4.902649 4.052013 0.160693,
        4.975089 4.060478 0.171689,
        5.041896 4.068789 0.200683,
        5.097191 4.076197 0.243839,
        5.140590 4.083872 0.299969,
        5.169275 4.092299 0.367274,
        5.179747 4.100671 0.439521,
        5.171990 4.108196 0.509592,
        5.147129 4.115740 0.575623,
        5.105031 4.124119 0.635291,
        5.048965 4.132541 0.682268,
        4.984889 4.140198 0.712611,
        4.915996 4.147619 0.726029,
        4.843278 4.155939 0.721587,
        4.773737 4.164400 0.698553,
        4.713963 4.172181 0.659742,
        4.666572 4.179511 0.608343,
        4.632231 4.187762 0.544320,
        4.615248 4.196250 0.472979,
        4.616900 4.204146 0.401386,
        4.635730 4.211417 0.334244,
        4.672040 4.219588 0.271586,
        4.723830 4.228091 0.219600,
        4.785894 4.236095 0.183246,
        4.852846 4.243337 0.164058,
        4.924973 4.251418 0.162042,
        4.996435 4.259926 0.178767,
        5.060226 4.268027 0.212617,
        5.111706 4.275273 0.259542,
        5.151146 4.283254 0.319614,
        5.174484 4.291755 0.389177,
        5.179215 4.299944 0.461494,
        5.166271 4.307225 0.530046,
        5.136000 4.315098 0.594866,
        5.089130 4.323580 0.651250,
        4.608639 3.403569 0.488178,
        4.606748 3.411663 0.413837,
        4.622814 3.418908 0.343911,
        4.656778 3.426897 0.278117,
        4.707398 3.435398 0.221991,
        4.769883 3.443581 0.181179,
        4.837932 3.450859 0.158121,
        4.911431 3.458739 0.152496,
        4.985736 3.467223 0.166038,
        5.053506 3.475485 0.197856,
        5.109001 3.482827 0.243806,
        5.152169 3.490590 0.303115,
        5.179681 3.499046 0.373363,
        5.188252 3.507375 0.447943,
        5.178221 3.514813 0.519590,
        5.150548 3.522451 0.587108,
        5.105324 3.530866 0.647345,
        5.046246 3.539253 0.693942,
        4.979635 3.546817 0.723159,
        4.908045 3.554322 0.734971,
        4.833181 3.562686 0.728174,
        4.762357 3.571119 0.702365,
        4.702194 3.578813 0.660772,
        4.654802 3.586205 0.606296,
        4.621320 3.594507 0.539200,
        4.606022 3.602976 0.465282,
        4.609856 3.610791 0.391867,
        4.631278 3.618102 0.323180,
        4.670653 3.626330 0.259618,
        4.725542 3.634823 0.207696,
        4.790337 3.642751 0.172241,
        4.859894 3.650011 0.154465,
        4.934414 3.658157 0.154569,
        5.007475 3.666663 0.173971,
        5.071953 3.674695 0.210644,
        5.123548 3.681936 0.260480,
        5.162462 3.689989 0.323704,
        5.184371 3.698496 0.396057,
        5.187047 3.706623 0.470473,
        5.171699 3.713876 0.540584,
        5.138477 3.721827 0.606629,
        5.088470 3.730323 0.663282,
        5.026347 3.738536 0.704801,
        4.958483 3.745833 0.728579,
        4.885170 3.753672 0.734959,
        4.810751 3.762148 0.722217,
        4.742578 3.770434 0.691088,
        4.686539 3.777807 0.645652,
        4.642838 3.785527 0.586902,
        4.614593 3.793969 0.516988,
        4.605222 3.802320 0.442439,
        4.614531 3.809800 0.370563,
        4.641452 3.817391 0.302898,
        4.686003 3.825789 0.242223,
        4.744621 3.834194 0.194967,
        4.811062 3.841804 0.165004,
        4.882392 3.849267 0.152480,
        4.957262 3.857609 0.158475,
        5.028396 3.866057 0.183541,
        5.089099 3.873794 0.224585,
        5.136983 3.881154 0.278493,
        5.171141 3.889431 0.345164,
        5.187234 3.897910 0.418944,
        5.184159 3.905766 0.492521,
        5.163466 3.913055 0.561361,
        5.124809 3.921256 0.625262,
        5.070467 3.929754 0.677781,
        5.005945 3.937720 0.713968,
        4.936606 3.944970 0.732453,
        4.862186 3.953084 0.733133,
        4.788917 3.961591 0.714513,
        4.723965 3.969659 0.678468,
        4.671856 3.976900 0.629165,
        4.632338 3.984918 0.566444,
        4.609658 3.993422 0.494337,
        4.606193 4.001581 0.419858,
        4.620824 4.008846 0.349555,
        4.653302 4.016758 0.283272,
        4.702689 4.025248 0.226102,
        4.764437 4.033489 0.183881,
        4.832120 4.040809 0.159380,
        4.905235 4.048607 0.152249,
        4.979756 4.057071 0.164192,
        5.048321 4.065383 0.194625,
        5.104909 4.072790 0.239547,
        5.149132 4.080465 0.297731,
        5.178106 4.088892 0.367301,
        5.188278 4.097264 0.441806,
        5.179691 4.104789 0.513915,
        5.153522 4.112333 0.581716,
        5.109652 4.120712 0.642817,
        5.051502 4.129133 0.690726,
        4.985245 4.136790 0.721434,
        4.914170 4.144212 0.734669,
        4.839307 4.152533 0.729474,
        4.767875 4.160993 0.705157,
        4.706637 4.168774 0.664672,
        4.658261 4.176104 0.611328,
        4.623434 4.184355 0.545090,
        4.606548 4.192843 0.471463,
        4.608859 4.200739 0.397734,
        4.628826 4.208010 0.328737,
        4.666759 4.216181 0.264508,
        4.720546 4.224684 0.211402,
        4.784783 4.232688 0.174485,
        4.853908 4.239930 0.155291,
        4.928217 4.248011 0.153829,
        5.001682 4.256519 0.171665,
        5.067100 4.264620 0.207073,
        5.119725 4.271866 0.255845,
        5.159839 4.279847 0.318056,
        5.183285 4.288348 0.389906,
        5.187542 4.296537 0.464434,
        5.173626 4.303819 0.534933,
        5.141894 4.311691 0.601441,
        4.599049 3.402367 0.487072,
        4.597751 3.410461 0.410341,
        4.614943 3.417707 0.338324,
        4.650569 3.425695 0.270727,
        4.703297 3.434196 0.213253,
        4.768134 3.442380 0.171686,
        4.838558 3.449658 0.148489,
        4.914453 3.457538 0.143328,
        4.991012 3.466022 0.157955,
        5.060667 3.474283 0.191383,
        5.117530 3.481625 0.239286,
        5.161557 3.489389 0.300867,
        5.189331 3.497844 0.373599,
        5.197521 3.506174 0.450636,
        5.186542 3.513611 0.524483,
        5.157393 3.521250 0.593914,
        5.110196 3.529664 0.655678,
        5.048824 3.538052 0.703244,
        4.979830 3.545615 0.732810,
        4.905850 3.553120 0.744371,
        4.828656 3.561484 0.736701,
        4.755798 3.569918 0.709446,
        4.694079 3.577611 0.665998,
        4.645651 3.585004 0.609367,
        4.611688 3.593305 0.539835,
        4.596551 3.601774 0.463422,
        4.601151 3.609589 0.387697,
        4.623859 3.616900 0.317005,
        4.665049 3.625128 0.251759,
        4.722144 3.633622 0.198661,
        4.789320 3.641550 0.162643,
        4.861254 3.648809 0.144909,
        4.938152 3.656956 0.145669,
        5.013376 3.665461 0.166331,
        5.079590 3.673494 0.204741,
        5.132395 3.680734 0.256620,
        5.171997 3.688787 0.322205,
        5.193971 3.697294 0.397059,
        5.196081 3.705422 0.473875,
        5.179627 3.712674 0.546090,
        5.144765 3.720625 0.613952,
        5.092665 3.729122 0.671976,
        5.028194 3.737334 0.714275,
        4.957955 3.744631 0.738217,
        4.882246 3.752471 0.744159,
        4.805563 3.760946 0.730356,
        4.735486 3.769233 0.697635,
        4.678056 3.776606 0.650258,
        4.633476 3.784325 0.589249,
        4.604941 3.792767 0.516855,
        4.595925 3.801119 0.439843,
        4.606162 3.808598 0.365754,
        4.634536 3.816190 0.296165,
        4.681041 3.824587 0.233944,
        4.741945 3.832993 0.185692,
        4.810770 3.840603 0.155355,
        4.884487 3.848065 0.143057,
        4.961695 3.856408 0.149900,
        5.034880 3.864855 0.176391,
        5.097162 3.872593 0.219277,
        5.146101 3.879953 0.275326,
        5.180765 3.888229 0.344426,
        5.196725 3.896708 0.420702,
        5.192907 3.904565 0.496602,
        5.170950 3.911854 0.567458,
        5.130498 3.920054 0.633061,
        5.073960 3.928552 0.686779,
        5.007061 3.936519 0.723556,
        4.935346 3.943769 0.742022,
        4.858543 3.951882 0.742072,
        4.783098 3.960389 0.722215,
        4.716389 3.968457 0.684449,
        4.663049 3.975698 0.633116,
        4.622819 3.983716 0.568045,
        4.600047 3.992220 0.493437,
        4.597124 4.000380 0.416550,
        4.612841 4.007645 0.344131,
        4.646936 4.015557 0.276017,
        4.698400 4.024047 0.217454,
        4.762491 4.032287 0.174427,
        4.832550 4.039607 0.149737,
        4.908061 4.047405 0.143020,
        4.984857 4.055870 0.155997,
        5.055344 4.064181 0.188003,
        5.113345 4.071588 0.234856,
        5.158470 4.079263 0.295285,
        5.187759 4.087691 0.367330,
        5.197601 4.096062 0.444304,
        5.188108 4.103587 0.518639,
        5.160509 4.111131 0.588376,
        5.114702 4.119510 0.651043,
        5.054277 4.127932 0.699972,
        4.985634 4.135589 0.731079,
        4.912174 4.143011 0.744113,
        4.834966 4.151331 0.738096,
        4.761467 4.159791 0.712376,
        4.698629 4.167572 0.670061,
        4.649176 4.174903 0.614589,
        4.613818 4.183154 0.545932,
        4.597039 4.191641 0.469806,
        4.600070 4.199537 0.393743,
        4.621279 4.206809 0.322719,
        4.660987 4.214979 0.256771,
        4.716957 4.223483 0.202442,
        4.783569 4.231486 0.164909,
        4.855069 4.238729 0.145709,
        4.931764 4.246810 0.144852,
        5.007419 4.255317 0.163901,
        5.074613 4.263418 0.201013,
        5.128491 4.270665 0.251804,
        5.169340 4.278646 0.316353,
        5.192905 4.287146 0.390702,
        5.196644 4.295335 0.467647,
        5.181665 4.302617 0.540276,
        4.590378 3.403347 0.486073,
        4.589614 3.411442 0.407180,
        4.607824 3.418686 0.333272,
        4.644952 3.426675 0.264044,
        4.699588 3.435176 0.205351,
        4.766553 3.443360 0.163101,
        4.839124 3.450637 0.139778,
        4.917187 3.458518 0.135038,
        4.995783 3.467002 0.150645,
        5.067143 3.475263 0.185528,
        5.125244 3.482606 0.235199,
        5.170046 3.490369 0.298835,
        5.198058 3.498824 0.373814,
        5.205904 3.507154 0.453072,
        5.194066 3.514591 0.528908,
        5.163583 3.522230 0.600069,
        5.114603 3.530644 0.663213,
        5.051156 3.539031 0.711656,
        4.980006 3.546594 0.741538,
        4.903866 3.554101 0.752872,
        4.824564 3.562464 0.744412,
        4.749865 3.570898 0.715850,
        4.686739 3.578591 0.670724,
        4.637375 3.585984 0.612144,
        4.602978 3.594285 0.540409,
        4.587985 3.602754 0.461741,
        4.593278 3.610569 0.383926,
        4.617149 3.617880 0.311421,
        4.659980 3.626109 0.244652,
        4.719072 3.634602 0.190489,
        4.788400 3.642530 0.153962,
        4.862483 3.649789 0.136266,
        4.941532 3.657935 0.137621,
        5.018711 3.666441 0.159422,
        5.086497 3.674473 0.199403,
        5.140397 3.681714 0.253130,
        5.180621 3.689767 0.320849,
        5.202654 3.698274 0.397966,
        5.204250 3.706401 0.476952,
        5.186797 3.713655 0.551070,
        5.150452 3.721606 0.620575,
        5.096458 3.730102 0.679838,
        5.029865 3.738314 0.722843,
        4.957478 3.745611 0.746933,
        4.879601 3.753451 0.752478,
        4.800870 3.761926 0.737717,
        4.729072 3.770213 0.703557,
        4.670384 3.777586 0.654423,
        4.625007 3.785306 0.591371,
        4.596212 3.793747 0.516734,
        4.587517 3.802099 0.437496,
        4.598593 3.809578 0.361406,
        4.628281 3.817170 0.290075,
        4.676553 3.825567 0.226456,
        4.739525 3.833972 0.177305,
        4.810506 3.841583 0.146630,
        4.886382 3.849044 0.134536,
        4.965704 3.857387 0.142146,
        5.040744 3.865835 0.169924,
        5.104453 3.873573 0.214477,
        5.154348 3.880932 0.272462,
        5.189469 3.889209 0.343758,
        5.205308 3.897688 0.422293,
        5.200818 3.905544 0.500292,
        5.177717 3.912833 0.572972,
        5.135643 3.921033 0.640113,
        5.077119 3.929532 0.694917,
        5.008070 3.937499 0.732227,
        4.934207 3.944748 0.750678,
        4.855250 3.952862 0.750157,
        4.777836 3.961370 0.729180,
        4.709537 3.969437 0.689859,
        4.655084 3.976678 0.636688,
        4.614210 3.984696 0.569493,
        4.591356 3.993201 0.492623,
        4.588924 4.001359 0.413559,
        4.605619 4.008625 0.339225,
        4.641179 4.016537 0.269455,
        4.694523 4.025027 0.209633,
        4.760731 4.033267 0.165877,
        4.832939 4.040588 0.141016,
        4.910618 4.048385 0.134673,
        4.989470 4.056850 0.148586,
        5.061696 4.065161 0.182015,
        5.120974 4.072569 0.230613,
        5.166915 4.080243 0.293074,
        5.196488 4.088670 0.367357,
        5.206033 4.097042 0.446562,
        5.195720 4.104567 0.522911,
        5.166828 4.112111 0.594398,
        5.119270 4.120490 0.658481,
        5.056785 4.128912 0.708333,
        4.985987 4.136569 0.739802,
        4.910369 4.143991 0.752654,
        4.831041 4.152311 0.745893,
        4.755672 4.160771 0.718904,
        4.691386 4.168552 0.674935,
        4.640959 4.175883 0.617539,
        4.605122 4.184133 0.546693,
        4.588439 4.192621 0.468307,
        4.592122 4.200517 0.390134,
        4.614455 4.207788 0.317276,
        4.655768 4.215959 0.249774,
        4.713711 4.224462 0.194338,
        4.782471 4.232466 0.156249,
        4.856119 4.239709 0.137043,
        4.934971 4.247789 0.136732,
        5.012605 4.256297 0.156880,
        5.081408 4.264399 0.195533,
        5.136419 4.271644 0.248150,
        5.177932 4.279626 0.314813,
        5.201604 4.288126 0.391423,
        5.204876 4.296315 0.470554,
        4.602972 3.397930 0.564685,
        4.581730 3.406437 0.485076,
        4.581500 3.414532 0.404028,
        4.600726 3.421777 0.328233,
        4.639352 3.429765 0.257380,
        4.695889 3.438267 0.197471,
        4.764976 3.446450 0.154540,
        4.839689 3.453728 0.131091,
        4.919911 3.461608 0.126771,
        5.000541 3.470093 0.143356,
        5.073600 3.478354 0.179691,
        5.132936 3.485696 0.231124,
        5.178512 3.493459 0.296808,
        5.206760 3.501914 0.374027,
        5.214263 3.510244 0.455500,
        5.201570 3.517682 0.533320,
        5.169756 3.525320 0.606206,
        5.118998 3.533735 0.670727,
        5.053481 3.542122 0.720044,
        4.980182 3.549685 0.750241,
        4.901887 3.557191 0.761348,
        4.820483 3.565555 0.752101,
        4.743950 3.573988 0.722235,
        4.679420 3.581682 0.675436,
        4.629122 3.589074 0.614914,
        4.594291 3.597376 0.540982,
        4.579443 3.605845 0.460064,
        4.585427 3.613660 0.380167,
        4.610459 3.620970 0.305852,
        4.654926 3.629199 0.237565,
        4.716009 3.637692 0.182342,
        4.787482 3.645620 0.145306,
        4.863709 3.652880 0.127648,
        4.944903 3.661026 0.129595,
        5.024032 3.669531 0.152533,
        5.093384 3.677564 0.194080,
        5.148376 3.684805 0.249650,
        5.189220 3.692858 0.319496,
        5.211311 3.701365 0.398870,
        5.212396 3.709492 0.480019,
        5.193947 3.716745 0.556035,
        5.156123 3.724696 0.627179,
        5.100241 3.733193 0.687677,
        5.031531 3.741405 0.731387,
        4.957002 3.748702 0.755625,
        4.876964 3.756541 0.760773,
        4.796191 3.765017 0.745057,
        4.722676 3.773304 0.709461,
        4.662735 3.780677 0.658576,
        4.616564 3.788396 0.593487,
        4.587508 3.796838 0.516614,
        4.579133 3.805189 0.435155,
        4.591045 3.812669 0.357069,
        4.622043 3.820260 0.284004,
        4.672078 3.828658 0.218989,
        4.737112 3.837063 0.168942,
        4.810243 3.844674 0.137929,
        4.888271 3.852135 0.126039,
        4.969702 3.860478 0.134413,
        5.046592 3.868926 0.163476,
        5.111724 3.876663 0.209691,
        5.162570 3.884023 0.269607,
        5.198149 3.892300 0.343093,
        5.213867 3.900779 0.423878,
        5.208706 3.908635 0.503972,
        5.184466 3.915923 0.578470,
        5.140773 3.924124 0.647145,
        5.080270 3.932623 0.703032,
        5.009076 3.940590 0.740873,
        4.933070 3.947839 0.759307,
        4.851965 3.955953 0.758218,
        4.772589 3.964460 0.736126,
        4.702705 3.972527 0.695253,
        4.647142 3.979769 0.640251,
        4.605626 3.987787 0.570937,
        4.582689 3.996291 0.491812,
        4.580746 4.004450 0.410575,
        4.598419 4.011715 0.334333,
        4.635438 4.019627 0.262912,
        4.690656 4.028118 0.201835,
        4.758976 4.036357 0.157351,
        4.833326 4.043678 0.132320,
        4.913167 4.051476 0.126350,
        4.994070 4.059940 0.141196,
        5.068030 4.068252 0.176043,
        5.128582 4.075659 0.226383,
        5.175335 4.083333 0.290868,
        5.205193 4.091761 0.367384,
        5.214442 4.100133 0.448815,
        5.203311 4.107658 0.527172,
        5.173129 4.115202 0.600404,
        5.123825 4.123581 0.665900,
        5.059287 4.132002 0.716670,
        4.986337 4.139659 0.748499,
        4.908569 4.147081 0.761170,
        4.827126 4.155402 0.753668,
        4.749893 4.163861 0.725414,
        4.684165 4.171643 0.679795,
        4.632767 4.178974 0.620480,
        4.596450 4.187224 0.547452,
        4.579864 4.195711 0.466812,
        4.584196 4.203608 0.386535,
        4.607650 4.210879 0.311848,
        4.650562 4.219050 0.242797,
        4.710475 4.227553 0.186257,
        4.781376 4.235556 0.147613,
        4.857167 4.242800 0.128401,
        4.938169 4.250880 0.128637,
        5.017778 4.259388 0.149878,
        5.088184 4.267489 0.190069,
        5.144324 4.274735 0.244506,
        5.186501 4.282716 0.313277,
        5.210280 4.291217 0.392141,
        4.595323 3.402951 0.565804,
        4.574051 3.411459 0.484191,
        4.574295 3.419554 0.401228,
        4.594422 3.426798 0.323759,
        4.634379 3.434787 0.251462,
        4.692604 3.443289 0.190473,
        4.763576 3.451472 0.146938,
        4.840191 3.458750 0.123378,
        4.922332 3.466630 0.119429,
        5.004766 3.475114 0.136882,
        5.079334 3.483375 0.174507,
        5.139766 3.490718 0.227504,
        5.186030 3.498481 0.295009,
        5.214488 3.506936 0.374217,
        5.221686 3.515266 0.457657,
        5.208233 3.522704 0.537239,
        5.175238 3.530341 0.611657,
        5.122900 3.538756 0.677400,
        5.055545 3.547143 0.727494,
        4.980339 3.554707 0.757969,
        4.900130 3.562213 0.768876,
        4.816860 3.570576 0.758929,
        4.738696 3.579010 0.727906,
        4.672921 3.586704 0.679621,
        4.621794 3.594096 0.617373,
        4.586578 3.602397 0.541490,
        4.571857 3.610866 0.458575,
        4.578456 3.618681 0.376827,
        4.604517 3.625991 0.300907,
        4.650437 3.634220 0.231272,
        4.713289 3.642713 0.175106,
        4.786667 3.650642 0.137619,
        4.864798 3.657902 0.119995,
        4.947896 3.666048 0.122469,
        5.028757 3.674553 0.146416,
        5.099500 3.682585 0.189352,
        5.155461 3.689826 0.246559,
        5.196856 3.697879 0.318296,
        5.218999 3.706386 0.399673,
        5.219630 3.714513 0.482744,
        5.200296 3.721766 0.560444,
        5.161159 3.729717 0.633044,
        5.103601 3.738214 0.694639,
        5.033011 3.746426 0.738974,
        4.956579 3.753724 0.763344,
        4.874622 3.761563 0.768140,
        4.792035 3.770038 0.751575,
        4.716996 3.778325 0.714705,
        4.655941 3.785698 0.662265,
        4.609066 3.793417 0.595367,
        4.579779 3.801859 0.516507,
        4.571687 3.810211 0.433076,
        4.584343 3.817691 0.353218,
        4.616505 3.825281 0.278611,
        4.668104 3.833680 0.212359,
        4.734969 3.842084 0.161515,
        4.810009 3.849695 0.130203,
        4.889949 3.857157 0.118493,
        4.973252 3.865500 0.127547,
        5.051784 3.873947 0.157750,
        5.118181 3.881685 0.205441,
        5.169873 3.889044 0.267071,
        5.205856 3.897321 0.342502,
        5.221468 3.905800 0.425286,
        5.215712 3.913656 0.507240,
        5.190458 3.920945 0.583353,
        5.145329 3.929145 0.653391,
        5.083067 3.937644 0.710238,
        5.009970 3.945611 0.748552,
        4.932061 3.952860 0.766971,
        4.849048 3.960974 0.765376,
        4.767930 3.969481 0.742294,
        4.696638 3.977549 0.700043,
        4.640089 3.984790 0.643415,
        4.598003 3.992808 0.572220,
        4.574993 4.001313 0.491091,
        4.573484 4.009471 0.407926,
        4.592025 4.016736 0.329990,
        4.630340 4.024649 0.257101,
        4.687221 4.033139 0.194909,
        4.757417 4.041379 0.149780,
        4.833670 4.048699 0.124598,
        4.915430 4.056497 0.118959,
        4.998155 4.064962 0.134634,
        5.073654 4.073273 0.170740,
        5.135337 4.080680 0.222626,
        5.182813 4.088355 0.288910,
        5.212923 4.096783 0.367407,
        5.221908 4.105155 0.450815,
        5.210052 4.112680 0.530956,
        5.178724 4.120223 0.605737,
        5.127870 4.128602 0.672487,
        5.061508 4.137024 0.724074,
        4.986649 4.144681 0.756223,
        4.906970 4.152103 0.768733,
        4.823650 4.160423 0.760572,
        4.744761 4.168883 0.731194,
        4.677752 4.176664 0.684111,
        4.625492 4.183995 0.623093,
        4.588750 4.192246 0.548126,
        4.572248 4.200733 0.465485,
        4.577157 4.208630 0.383339,
        4.601606 4.215900 0.307028,
        4.645940 4.224071 0.236602,
        4.707601 4.232574 0.179081,
        4.780404 4.240578 0.139944,
        4.858096 4.247821 0.120727,
        4.941009 4.255902 0.121447,
        5.022371 4.264409 0.143661,
        5.094201 4.272511 0.185216,
        5.151344 4.279757 0.241270,
        5.194109 4.287738 0.311913,
        4.630189 3.401520 0.640543,
        4.589058 3.409607 0.566720,
        4.567761 3.418115 0.483466,
        4.568393 3.426210 0.398935,
        4.589259 3.433454 0.320094,
        4.630306 3.441443 0.246614,
        4.689913 3.449944 0.184742,
        4.762429 3.458128 0.140711,
        4.840601 3.465406 0.117059,
        4.924314 3.473285 0.113416,
        5.008226 3.481770 0.131580,
        5.084031 3.490031 0.170261,
        5.145361 3.497374 0.224540,
        5.192187 3.505137 0.293535,
        5.220818 3.513592 0.374372,
        5.227766 3.521922 0.459424,
        5.213692 3.529359 0.540448,
        5.179728 3.536998 0.616121,
        5.126096 3.545412 0.682866,
        5.057236 3.553799 0.733596,
        4.980466 3.561363 0.764300,
        4.898691 3.568869 0.775043,
        4.813891 3.577232 0.764522,
        4.734394 3.585666 0.732551,
        4.667598 3.593359 0.683049,
        4.615791 3.600752 0.619387,
        4.580260 3.609053 0.541907,
        4.565644 3.617522 0.457356,
        4.572745 3.625337 0.374092,
        4.599650 3.632648 0.296857,
        4.646761 3.640877 0.226117,
        4.711061 3.649370 0.169179,
        4.786000 3.657298 0.131322,
        4.865689 3.664557 0.113727,
        4.950348 3.672704 0.116631,
        5.032628 3.681209 0.141404,
        5.104510 3.689241 0.185480,
        5.161265 3.696482 0.244028,
        5.203111 3.704535 0.317312,
        5.225297 3.713043 0.400331,
        5.225556 3.721169 0.484975,
        5.205496 3.728423 0.564056,
        5.165284 3.736374 0.637847,
        5.106353 3.744870 0.700342,
        5.034222 3.753082 0.745189,
        4.956233 3.760380 0.769666,
        4.872704 3.768219 0.774174,
        4.788632 3.776694 0.756915,
        4.712344 3.784981 0.719000,
        4.650376 3.792354 0.665286,
        4.602924 3.800073 0.596906,
        4.573448 3.808515 0.516420,
        4.565589 3.816867 0.431374,
        4.578852 3.824346 0.350064,
        4.611968 3.831938 0.274195,
        4.664850 3.840335 0.206928,
        4.733213 3.848741 0.155431,
        4.809817 3.856351 0.123874,
        4.891324 3.863813 0.112312,
        4.976159 3.872156 0.121922,
        5.056038 3.880603 0.153060,
        5.123469 3.888341 0.201959,
        5.175854 3.895700 0.264994,
        5.212170 3.903977 0.342017,
        5.227694 3.912456 0.426440,
        5.221450 3.920313 0.509917,
        5.195367 3.927601 0.587352,
        5.149060 3.935802 0.658506,
        5.085358 3.944300 0.716141,
        5.010701 3.952267 0.754841,
        4.931234 3.959516 0.773249,
        4.846659 3.967630 0.771240,
        4.764113 3.976138 0.747346,
        4.691669 3.984205 0.703967,
        4.634311 3.991446 0.646006,
        4.591759 3.999464 0.573270,
        4.568688 4.007969 0.490501,
        4.567536 4.016127 0.405756,
        4.586787 4.023393 0.326431,
        4.626164 4.031304 0.252342,
        4.684409 4.039795 0.189237,
        4.756141 4.048035 0.143578,
        4.833952 4.055356 0.118272,
        4.917284 4.063153 0.112904,
        5.001501 4.071617 0.129258,
        5.078261 4.079929 0.166397,
        5.140872 4.087337 0.219549,
        5.188939 4.095011 0.287306,
        5.219255 4.103438 0.367427,
        5.228024 4.111810 0.452453,
        5.215574 4.119335 0.534055,
        5.183308 4.126879 0.610106,
        5.131183 4.135258 0.677883,
        5.063328 4.143680 0.730139,
        4.986905 4.151337 0.762549,
        4.905661 4.158759 0.774928,
        4.820804 4.167079 0.766228,
        4.740558 4.175539 0.735930,
        4.672498 4.183320 0.687646,
        4.619532 4.190651 0.625232,
        4.582442 4.198902 0.548678,
        4.566011 4.207389 0.464398,
        4.571393 4.215285 0.380721,
        4.596656 4.222556 0.303080,
        4.642154 4.230727 0.231526,
        4.705247 4.239230 0.173204,
        4.779607 4.247234 0.133663,
        4.858858 4.254477 0.114441,
        4.943335 4.262557 0.115558,
        5.026133 4.271065 0.138568,
        5.099130 4.279167 0.181241,
        5.157094 4.286412 0.238619,
        4.682778 3.401888 0.702380,
        4.626072 3.409132 0.642289,
        4.584633 3.417219 0.567368,
        4.563319 3.425727 0.482954,
        4.564224 3.433822 0.397316,
        4.585612 3.441067 0.317506,
        4.627429 3.449055 0.243191,
        4.688014 3.457557 0.180694,
        4.761619 3.465740 0.136313,
        4.840891 3.473018 0.112597,
        4.925714 3.480898 0.109169,
        5.010670 3.489382 0.127835,
        5.087348 3.497643 0.167262,
        5.149312 3.504985 0.222446,
        5.196537 3.512749 0.292494,
        5.225288 3.521204 0.374482,
        5.232060 3.529533 0.460672,
        5.217546 3.536972 0.542715,
        5.182899 3.544609 0.619274,
        5.128354 3.553024 0.686726,
        5.058431 3.561411 0.737905,
        4.980557 3.568975 0.768770,
        4.897674 3.576481 0.779397,
        4.811795 3.584844 0.768472,
        4.731355 3.593278 0.735832,
        4.663838 3.600971 0.685470,
        4.611552 3.608364 0.620810,
        4.575798 3.616665 0.542201,
        4.561256 3.625134 0.456494,
        4.568711 3.632950 0.372161,
        4.596213 3.640260 0.293996,
        4.644164 3.648488 0.222476,
        4.709487 3.656981 0.164993,
        4.785529 3.664910 0.126875,
        4.866319 3.672170 0.109299,
        4.952080 3.680315 0.112507,
        5.035361 3.688821 0.137865,
        5.108048 3.696854 0.182745,
        5.165363 3.704094 0.242239,
        5.207528 3.712147 0.316617,
        5.229744 3.720654 0.400795,
        5.229741 3.728782 0.486551,
        5.209170 3.736035 0.566606,
        5.168197 3.743985 0.641240,
        5.108296 3.752482 0.704369,
        5.035079 3.760694 0.749578,
        4.955988 3.767991 0.774131,
        4.871349 3.775831 0.778436,
        4.786229 3.784306 0.760685,
        4.709058 3.792593 0.722033,
        4.646446 3.799966 0.667419,
        4.598586 3.807685 0.597993,
        4.568977 3.816128 0.516358,
        4.561281 3.824479 0.430171,
        4.574975 3.831958 0.347836,
        4.608763 3.839550 0.271076,
        4.662551 3.847948 0.203092,
        4.731974 3.856352 0.151134,
        4.809681 3.863963 0.119404,
        4.892294 3.871425 0.107947,
        4.978213 3.879768 0.117950,
        5.059042 3.888215 0.149747,
        5.127204 3.895953 0.199500,
        5.180079 3.903313 0.263527,
        5.216628 3.911589 0.341675,
        5.232091 3.920069 0.427254,
        5.225503 3.927924 0.511807,
        5.198834 3.935213 0.590177,
        5.151695 3.943414 0.662119,
        5.086976 3.951913 0.720309,
        5.011218 3.959879 0.759283,
        4.930650 3.967128 0.777683,
        4.844972 3.975243 0.775381,
        4.761418 3.983750 0.750914,
        4.688159 3.991817 0.706738,
        4.630231 3.999058 0.647836,
        4.587350 4.007076 0.574012,
        4.564237 4.015580 0.490084,
        4.563335 4.023740 0.404224,
        4.583089 4.031004 0.323919,
        4.623215 4.038917 0.248980,
        4.682422 4.047407 0.185230,
        4.755239 4.055647 0.139198,
        4.834151 4.062968 0.113805,
        4.918594 4.070766 0.108629,
        5.003864 4.079230 0.125462,
        5.081515 4.087541 0.163329,
        5.144780 4.094948 0.217376,
        5.193264 4.102623 0.286172,
        5.223726 4.111051 0.367441,
        5.232344 4.119422 0.453610,
        5.219474 4.126948 0.536243,
        5.186544 4.134491 0.613191,
        5.133522 4.142871 0.681693,
        5.064613 4.151292 0.734422,
        4.987085 4.158949 0.767018,
        4.904737 4.166371 0.779303,
        4.818792 4.174691 0.770222,
        4.737589 4.183151 0.739274,
        4.668789 4.190932 0.690143,
        4.615324 4.198263 0.626743,
        4.577987 4.206514 0.549067,
        4.561606 4.215001 0.463630,
        4.567320 4.222898 0.378872,
        4.593160 4.230169 0.300291,
        4.639480 4.238339 0.227942,
        4.703584 4.246843 0.169052,
        4.779045 4.254846 0.129227,
        4.859396 4.262089 0.110002,
        4.944979 4.270170 0.111399,
        5.028791 4.278678 0.134971,
        5.102611 4.286778 0.178434,
        4.753205 3.402539 0.750078,
        4.680618 3.410536 0.704013,
        4.623579 3.417780 0.643346,
        4.581954 3.425867 0.567760,
        4.560628 3.434375 0.482644,
        4.561701 3.442469 0.396336,
        4.583404 3.449714 0.315938,
        4.625687 3.457703 0.241118,
        4.686863 3.466204 0.178243,
        4.761128 3.474387 0.133650,
        4.841067 3.481665 0.109895,
        4.926562 3.489545 0.106597,
        5.012150 3.498030 0.125567,
        5.089357 3.506291 0.165446,
        5.151705 3.513633 0.221178,
        5.199170 3.521396 0.291863,
        5.227995 3.529852 0.374549,
        5.234661 3.538181 0.461427,
        5.219880 3.545619 0.544087,
        5.184819 3.553257 0.621183,
        5.129720 3.561672 0.689063,
        5.059154 3.570059 0.740515,
        4.980611 3.577622 0.771478,
        4.897059 3.585128 0.782034,
        4.810526 3.593492 0.770864,
        4.729515 3.601926 0.737818,
        4.661561 3.609619 0.686935,
        4.608984 3.617011 0.621671,
        4.573096 3.625313 0.542379,
        4.558599 3.633782 0.455973,
        4.566270 3.641597 0.370991,
        4.594132 3.648907 0.292265,
        4.642592 3.657136 0.220271,
        4.708534 3.665630 0.162459,
        4.785244 3.673557 0.124182,
        4.866701 3.680817 0.106619,
        4.953128 3.688963 0.110011,
        5.037017 3.697469 0.135722,
        5.110191 3.705501 0.181089,
        5.167845 3.712742 0.241157,
        5.210203 3.720795 0.316196,
        5.232437 3.729302 0.401077,
        5.232274 3.737429 0.487506,
        5.211394 3.744682 0.568151,
        5.169961 3.752633 0.643294,
        5.109473 3.761130 0.706808,
        5.035597 3.769342 0.752236,
        4.955841 3.776639 0.776835,
        4.870528 3.784479 0.781017,
        4.784773 3.792954 0.762969,
        4.707069 3.801241 0.723870,
        4.644067 3.808614 0.668711,
        4.595960 3.816333 0.598652,
        4.566269 3.824775 0.516321,
        4.558674 3.833126 0.429443,
        4.572627 3.840606 0.346487,
        4.606823 3.848198 0.269187,
        4.661159 3.856595 0.200770,
        4.731223 3.865000 0.148533,
        4.809600 3.872611 0.116698,
        4.892882 3.880072 0.105304,
        4.979457 3.888415 0.115544,
        5.060861 3.896863 0.147741,
        5.129466 3.904600 0.198011,
        5.182637 3.911960 0.262639,
        5.219328 3.920237 0.341468,
        5.234753 3.928716 0.427748,
        5.227957 3.936572 0.512952,
        5.200933 3.943861 0.591887,
        5.153291 3.952062 0.664306,
        5.087956 3.960560 0.722833,
        5.011531 3.968527 0.761972,
        4.930297 3.975776 0.780367,
        4.843950 3.983890 0.777889,
        4.759786 3.992397 0.753075,
        4.686034 4.000465 0.708416,
        4.627761 4.007706 0.648944,
        4.584679 4.015724 0.574461,
        4.561540 4.024228 0.489831,
        4.560791 4.032387 0.403296,
        4.580849 4.039652 0.322397,
        4.621429 4.047564 0.246945,
        4.681220 4.056055 0.182804,
        4.754693 4.064294 0.136546,
        4.834272 4.071615 0.111100,
        4.919387 4.079413 0.106039,
        5.005295 4.087877 0.123163,
        5.083485 4.096189 0.161472,
        5.147146 4.103596 0.216060,
        5.195884 4.111271 0.285486,
        5.226434 4.119698 0.367449,
        5.234960 4.128070 0.454311,
        5.221835 4.135595 0.537569,
        5.188505 4.143139 0.615059,
        5.134940 4.151518 0.684001,
        5.065391 4.159940 0.737016,
        4.987194 4.167596 0.769723,
        4.904176 4.175019 0.781952,
        4.817574 4.183339 0.772640,
        4.735792 4.191798 0.741299,
        4.666542 4.199580 0.691654,
        4.612775 4.206911 0.627658,
        4.575290 4.215161 0.549304,
        4.558937 4.223648 0.463165,
        4.564855 4.231545 0.377752,
        4.591043 4.238816 0.298603,
        4.637861 4.246987 0.225772,
        4.702578 4.255490 0.166539,
        4.778704 4.263493 0.126541,
        4.859722 4.270737 0.107314,
        4.945973 4.278817 0.108881,
        5.030399 4.287325 0.132793,
        4.836564 3.404091 0.777234,
        4.752832 3.412593 0.750550,
        4.680138 3.420589 0.704377,
        4.623024 3.427833 0.643581,
        4.581358 3.435921 0.567847,
        4.560030 3.444428 0.482575,
        4.561139 3.452523 0.396118,
        4.582913 3.459768 0.315590,
        4.625299 3.467757 0.240656,
        4.686607 3.476258 0.177697,
        4.761019 3.484441 0.133057,
        4.841106 3.491719 0.109294,
        4.926751 3.499599 0.106025,
        5.012480 3.508083 0.125063,
        5.089804 3.516345 0.165043,
        5.152237 3.523687 0.220896,
        5.199755 3.531450 0.291723,
        5.228597 3.539906 0.374563,
        5.235239 3.548235 0.461595,
        5.220400 3.555673 0.544393,
        5.185247 3.563311 0.621608,
        5.130025 3.571726 0.689583,
        5.059315 3.580113 0.741095,
        4.980624 3.587676 0.772080,
        4.896922 3.595182 0.782620,
        4.810244 3.603546 0.771396,
        4.729105 3.611979 0.738260,
        4.661055 3.619672 0.687261,
        4.608413 3.627065 0.621863,
        4.572495 3.635367 0.542419,
        4.558008 3.643835 0.455857,
        4.565726 3.651650 0.370731,
        4.593669 3.658961 0.291879,
        4.642242 3.667190 0.219781,
        4.708322 3.675683 0.161895,
        4.785181 3.683611 0.123583,
        4.866785 3.690871 0.106022,
        4.953361 3.699017 0.109456,
        5.037384 3.707523 0.135246,
        5.110667 3.715555 0.180721,
        5.168397 3.722795 0.240916,
        5.210798 3.730849 0.316103,
        5.233037 3.739356 0.401139,
        5.232838 3.747483 0.487718,
        5.211889 3.754736 0.568494,
        5.170354 3.762687 0.643751,
        5.109735 3.771183 0.707350,
        5.035712 3.779396 0.752827,
        4.955807 3.786693 0.777436,
        4.870346 3.794532 0.781591,
        4.784449 3.803007 0.763476,
        4.706626 3.811294 0.724279,
        4.643538 3.818667 0.668999,
        4.595376 3.826387 0.598798,
        4.565667 3.834828 0.516313,
        4.558094 3.843180 0.429281,
        4.572105 3.850659 0.346187,
        4.606391 3.858251 0.268767,
        4.660849 3.866648 0.200253,
        4.731056 3.875054 0.147954,
        4.809581 3.882664 0.116095,
        4.893013 3.890126 0.104716,
        4.979733 3.898469 0.115009,
        5.061266 3.906917 0.147295,
        5.129969 3.914654 0.197680,
        5.183206 3.922014 0.262441,
        5.219928 3.930291 0.341422,
        5.235345 3.938770 0.427857,
        5.228502 3.946626 0.513206,
        5.201400 3.953915 0.592268,
        5.153646 3.962115 0.664793,
        5.088174 3.970614 0.723395,
        5.011600 3.978580 0.762570,
        4.930219 3.985830 0.780965,
        4.843722 3.993943 0.778447,
        4.759423 4.002451 0.753556,
        4.685561 4.010519 0.708789,
        4.627211 4.017760 0.649191,
        4.584085 4.025778 0.574561,
        4.560940 4.034282 0.489776,
        4.560225 4.042441 0.403089,
        4.580351 4.049706 0.322058,
        4.621031 4.057618 0.246492,
        4.680952 4.066108 0.182265,
        4.754572 4.074348 0.135956,
        4.834298 4.081669 0.110498,
        4.919563 4.089467 0.105463,
        5.005613 4.097931 0.122652,
        5.083923 4.106242 0.161058,
        5.147673 4.113650 0.215767,
        5.196467 4.121324 0.285334,
        5.227036 4.129752 0.367451,
        5.235542 4.138124 0.454467,
        5.222360 4.145648 0.537863,
        5.188941 4.153193 0.615475,
        5.135255 4.161572 0.684514,
        5.065565 4.169993 0.737593,
        4.987219 4.177650 0.770325,
        4.904052 4.185072 0.782542,
        4.817304 4.193393 0.773178,
        4.735391 4.201853 0.741750,
        4.666043 4.209633 0.691991,
        4.612208 4.216964 0.627861,
        4.574690 4.225215 0.549356,
        4.558344 4.233702 0.463061,
        4.564307 4.241599 0.377503,
        4.590572 4.248870 0.298227,
        4.637500 4.257041 0.225289,
        4.702353 4.265544 0.165980,
        4.778628 4.273548 0.125943,
        4.859794 4.280790 0.106716,
        4.946194 4.288871 0.108320,
        4.798288 4.982701 0.768004,
        4.923423 3.404074 0.780170,
        4.837133 3.412250 0.775919,
        4.753720 3.420753 0.749426,
        4.681280 3.428749 0.703512,
        4.624343 3.435993 0.643022,
        4.582776 3.444080 0.567640,
        4.561453 3.452588 0.482739,
        4.562474 3.460683 0.396637,
        4.584081 3.467928 0.316419,
        4.626221 3.475916 0.241754,
        4.687216 3.484418 0.178994,
        4.761278 3.492601 0.134467,
        4.841013 3.499879 0.110724,
        4.926302 3.507759 0.107386,
        5.011696 3.516243 0.126263,
        5.088741 3.524505 0.166004,
        5.150971 3.531847 0.221567,
        5.198362 3.539610 0.292057,
        5.227165 3.548065 0.374528,
        5.233863 3.556395 0.461195,
        5.219165 3.563833 0.543667,
        5.184231 3.571470 0.620598,
        5.129301 3.579885 0.688346,
        5.058932 3.588272 0.739714,
        4.980594 3.595836 0.770648,
        4.897248 3.603342 0.781225,
        4.810916 3.611706 0.770130,
        4.730079 3.620139 0.737209,
        4.662259 3.627833 0.686486,
        4.609772 3.635225 0.621407,
        4.573925 3.643526 0.542324,
        4.559414 3.651996 0.456133,
        4.567019 3.659811 0.371350,
        4.594770 3.667121 0.292796,
        4.643074 3.675350 0.220948,
        4.708826 3.683843 0.163236,
        4.785331 3.691771 0.125008,
        4.866583 3.699031 0.107441,
        4.952807 3.707177 0.110777,
        5.036508 3.715682 0.136380,
        5.109533 3.723715 0.181597,
        5.167084 3.730955 0.241489,
        5.209383 3.739009 0.316326,
        5.231612 3.747515 0.400990,
        5.231497 3.755643 0.487213,
        5.210712 3.762896 0.567677,
        5.169420 3.770846 0.642664,
        5.109112 3.779343 0.706060,
        5.035438 3.787556 0.751421,
        4.955886 3.794853 0.776006,
        4.870780 3.802692 0.780225,
        4.785219 3.811167 0.762268,
        4.707679 3.819454 0.723307,
        4.644797 3.826827 0.668315,
        4.596765 3.834546 0.598450,
        4.567099 3.842989 0.516332,
        4.559474 3.851340 0.429667,
        4.573347 3.858820 0.346901,
        4.607418 3.866411 0.269766,
        4.661586 3.874809 0.201482,
        4.731453 3.883213 0.149331,
        4.809625 3.890824 0.117528,
        4.892702 3.898286 0.106114,
        4.979076 3.906629 0.116282,
        5.060302 3.915076 0.148357,
        5.128772 3.922814 0.198468,
        5.181852 3.930174 0.262911,
        5.218500 3.938451 0.341531,
        5.233937 3.946930 0.427596,
        5.227204 3.954786 0.512600,
        5.200289 3.962074 0.591363,
        5.152802 3.970275 0.663635,
        5.087656 3.978774 0.722059,
        5.011435 3.986741 0.761147,
        4.930406 3.993989 0.779544,
        4.844263 4.002104 0.777120,
        4.760286 4.010611 0.752412,
        4.686685 4.018678 0.707901,
        4.628519 4.025920 0.648604,
        4.585498 4.033937 0.574324,
        4.562367 4.042442 0.489909,
        4.561571 4.050601 0.403580,
        4.581536 4.057866 0.322864,
        4.621976 4.065778 0.247569,
        4.681588 4.074268 0.183548,
        4.754861 4.082508 0.137359,
        4.834235 4.089829 0.111930,
        4.919143 4.097626 0.106833,
        5.004857 4.106091 0.123869,
        5.082881 4.114402 0.162041,
        5.146420 4.121810 0.216463,
        5.195080 4.129484 0.285697,
        5.225604 4.137912 0.367446,
        5.234157 4.146284 0.454096,
        5.221111 4.153809 0.537162,
        5.187904 4.161352 0.614486,
        5.134505 4.169732 0.683293,
        5.065152 4.178153 0.736220,
        4.987161 4.185810 0.768893,
        4.904348 4.193232 0.781140,
        4.817948 4.201552 0.771899,
        4.736343 4.210012 0.740678,
        4.667231 4.217794 0.691191,
        4.613557 4.225124 0.627377,
        4.576117 4.233375 0.549231,
        4.559756 4.241862 0.463307,
        4.565611 4.249759 0.378096,
        4.591693 4.257030 0.299121,
        4.638357 4.265200 0.226437,
        4.702886 4.273704 0.167309,
        4.778809 4.281707 0.127365,
        4.859622 4.288950 0.108138,
        4.885084 4.982437 0.781024,
        5.004596 3.404682 0.760228,
        4.923909 3.411956 0.776990,
        4.838411 3.420133 0.772966,
        4.755714 3.428635 0.746900,
        4.683847 3.436631 0.701571,
        4.627306 3.443875 0.641766,
        4.585959 3.451962 0.567174,
        4.564650 3.460471 0.483107,
        4.565474 3.468565 0.397802,
        4.586705 3.475810 0.318281,
        4.628291 3.483798 0.244217,
        4.688583 3.492300 0.181907,
        4.761861 3.500483 0.137631,
        4.840804 3.507761 0.113934,
        4.925294 3.515641 0.110442,
        5.009938 3.524125 0.128957,
        5.086354 3.532387 0.168161,
        5.148128 3.539729 0.223074,
        5.195233 3.547492 0.292806,
        5.223948 3.555947 0.374449,
        5.230773 3.564277 0.460298,
        5.216391 3.571715 0.542035,
        5.181949 3.579353 0.618329,
        5.127677 3.587768 0.685569,
        5.058073 3.596155 0.736613,
        4.980530 3.603718 0.767431,
        4.897979 3.611224 0.778092,
        4.812424 3.619588 0.767288,
        4.732266 3.628022 0.734848,
        4.664965 3.635715 0.684744,
        4.612822 3.643107 0.620383,
        4.577135 3.651409 0.542113,
        4.562571 3.659878 0.456752,
        4.569920 3.667693 0.372739,
        4.597243 3.675003 0.294854,
        4.644943 3.683232 0.223567,
        4.709959 3.691725 0.166248,
        4.785670 3.699654 0.128208,
        4.866130 3.706913 0.110626,
        4.951560 3.715059 0.113743,
        5.034542 3.723564 0.138926,
        5.106987 3.731597 0.183565,
        5.164134 3.738837 0.242776,
        5.206204 3.746891 0.316825,
        5.228412 3.755398 0.400656,
        5.228486 3.763525 0.486079,
        5.208069 3.770778 0.565842,
        5.167324 3.778729 0.640223,
        5.107714 3.787226 0.703162,
        5.034822 3.795437 0.748263,
        4.956062 3.802735 0.772793,
        4.871755 3.810574 0.777159,
        4.786949 3.819049 0.759555,
        4.710043 3.827337 0.721124,
        4.647624 3.834709 0.666780,
        4.599887 3.842428 0.597667,
        4.570317 3.850871 0.516377,
        4.562573 3.859222 0.430532,
        4.576137 3.866702 0.348504,
        4.609724 3.874293 0.272011,
        4.663240 3.882691 0.204242,
        4.732345 3.891096 0.152422,
        4.809722 3.898707 0.120744,
        4.892003 3.906168 0.109255,
        4.977598 3.914511 0.119141,
        5.058142 3.922958 0.150740,
        5.126085 3.930696 0.200237,
        5.178813 3.938056 0.263967,
        5.215291 3.946333 0.341778,
        5.230773 3.954811 0.427010,
        5.224288 3.962668 0.511240,
        5.197795 3.969957 0.589330,
        5.150906 3.978157 0.661036,
        5.086491 3.986656 0.719060,
        5.011063 3.994622 0.757951,
        4.930826 4.001872 0.776354,
        4.845477 4.009985 0.774140,
        4.762226 4.018493 0.749845,
        4.689211 4.026560 0.705907,
        4.631454 4.033802 0.647287,
        4.588671 4.041819 0.573790,
        4.565570 4.050324 0.490209,
        4.564594 4.058483 0.404683,
        4.584198 4.065748 0.324672,
        4.624098 4.073660 0.249988,
        4.683018 4.082150 0.186431,
        4.755509 4.090390 0.140511,
        4.834091 4.097711 0.115144,
        4.918201 4.105509 0.109910,
        5.003156 4.113973 0.126600,
        5.080540 4.122285 0.164248,
        5.143608 4.129692 0.218027,
        5.191968 4.137367 0.286512,
        5.222386 4.145794 0.367437,
        5.231050 4.154166 0.453263,
        5.218305 4.161691 0.535587,
        5.185574 4.169235 0.612266,
        5.132822 4.177614 0.680551,
        5.064228 4.186035 0.733139,
        4.987031 4.193692 0.765678,
        4.905014 4.201114 0.777992,
        4.819395 4.209434 0.769025,
        4.738479 4.217894 0.738272,
        4.669900 4.225675 0.689394,
        4.616585 4.233006 0.626290,
        4.579322 4.241257 0.548950,
        4.562926 4.249744 0.463860,
        4.568541 4.257641 0.379426,
        4.594208 4.264912 0.301127,
        4.640281 4.273082 0.229017,
        4.704082 4.281586 0.170296,
        4.779213 4.289589 0.130556,
        4.969370 4.982653 0.770115,
        5.078683 3.404592 0.717835,
        5.004069 3.412481 0.754713,
        4.924746 3.419755 0.771512,
        4.840611 3.427932 0.767881,
        4.759148 3.436434 0.742552,
        4.688265 3.444431 0.698228,
        4.632407 3.451674 0.639603,
        4.591443 3.459762 0.566372,
        4.570154 3.468269 0.483742,
        4.570639 3.476365 0.399808,
        4.591224 3.483609 0.321489,
        4.631856 3.491598 0.248459,
        4.690937 3.500099 0.186923,
        4.762865 3.508282 0.143080,
        4.840445 3.515560 0.119464,
        4.923560 3.523440 0.115704,
        5.006909 3.531924 0.133597,
        5.082244 3.540186 0.171877,
        5.143231 3.547528 0.225668,
        5.189844 3.555291 0.294096,
        5.218409 3.563746 0.374313,
        5.225453 3.572076 0.458752,
        5.211614 3.579514 0.539227,
        5.178019 3.587152 0.614422,
        5.124880 3.595567 0.680786,
        5.056593 3.603954 0.731274,
        4.980418 3.611517 0.761891,
        4.899239 3.619024 0.772696,
        4.815021 3.627387 0.762394,
        4.736031 3.635820 0.730783,
        4.669623 3.643514 0.681744,
        4.618075 3.650906 0.618620,
        4.582665 3.659208 0.541748,
        4.568008 3.667677 0.457820,
        4.574918 3.675492 0.375133,
        4.601502 3.682802 0.298398,
        4.648160 3.691031 0.228078,
        4.711909 3.699524 0.171435,
        4.786254 3.707452 0.133718,
        4.865350 3.714712 0.116112,
        4.949415 3.722858 0.118852,
        5.031155 3.731364 0.143311,
        5.102604 3.739396 0.186954,
        5.159056 3.746637 0.244991,
        5.200730 3.754690 0.317686,
        5.222901 3.763196 0.400081,
        5.223300 3.771324 0.484126,
        5.203518 3.778577 0.562681,
        5.163714 3.786528 0.636019,
        5.105306 3.795024 0.698172,
        5.033761 3.803237 0.742824,
        4.956365 3.810534 0.767260,
        4.873433 3.818373 0.771878,
        4.789927 3.826848 0.754883,
        4.714114 3.835136 0.717366,
        4.652494 3.842508 0.664136,
        4.605261 3.850228 0.596320,
        4.575857 3.858670 0.516453,
        4.567909 3.867021 0.432022,
        4.580942 3.874500 0.351264,
        4.613694 3.882092 0.275876,
        4.666088 3.890490 0.208994,
        4.733881 3.898895 0.157746,
        4.809890 3.906506 0.126282,
        4.890800 3.913968 0.114664,
        4.975053 3.922310 0.124063,
        5.054419 3.930757 0.154844,
        5.121457 3.938495 0.203284,
        5.173578 3.945855 0.265784,
        5.209767 3.954131 0.342202,
        5.225325 3.962611 0.426001,
        5.219266 3.970467 0.508898,
        5.193499 3.977756 0.585830,
        5.147640 3.985956 0.656559,
        5.084487 3.994455 0.713894,
        5.010423 4.002421 0.752448,
        4.931549 4.009671 0.770860,
        4.847568 4.017785 0.769009,
        4.765566 4.026293 0.745424,
        4.693560 4.034359 0.702474,
        4.636510 4.041601 0.645020,
        4.594135 4.049619 0.572870,
        4.571087 4.058123 0.490726,
        4.569799 4.066282 0.406582,
        4.588781 4.073547 0.327785,
        4.627753 4.081459 0.254153,
        4.685479 4.089950 0.191395,
        4.756626 4.098190 0.145938,
        4.833845 4.105510 0.120680,
        4.916579 4.113308 0.115208,
        5.000228 4.121772 0.131304,
        5.076508 4.130084 0.168050,
        5.138765 4.137491 0.220720,
        5.186608 4.145166 0.287916,
        5.216845 4.153593 0.367420,
        5.225697 4.161965 0.451830,
        5.213473 4.169490 0.532875,
        5.181563 4.177034 0.608443,
        5.129922 4.185413 0.675829,
        5.062636 4.193835 0.727831,
        4.986807 4.201491 0.760142,
        4.906159 4.208913 0.772571,
        4.821887 4.217233 0.764076,
        4.742157 4.225694 0.734128,
        4.674498 4.233474 0.686301,
        4.621800 4.240806 0.624418,
        4.584842 4.249056 0.548467,
        4.568384 4.257543 0.464811,
        4.573586 4.265440 0.381717,
        4.598540 4.272711 0.304582,
        4.643595 4.280882 0.233458,
        4.706143 4.289385 0.175440,
        5.046159 4.983038 0.736829,
        5.139103 3.402057 0.656279,
        5.076344 3.410543 0.711406,
        5.003418 3.418432 0.747902,
        4.925780 3.425706 0.764749,
        4.843328 3.433883 0.761602,
        4.763387 3.442385 0.737182,
        4.693721 3.450381 0.694100,
        4.638706 3.457625 0.636932,
        4.598212 3.465713 0.565381,
        4.576951 3.474220 0.484525,
        4.577016 3.482315 0.402286,
        4.596803 3.489560 0.325449,
        4.636257 3.497549 0.253697,
        4.693844 3.506050 0.193116,
        4.764104 3.514233 0.149809,
        4.840001 3.521511 0.126291,
        4.921418 3.529391 0.122202,
        5.003170 3.537875 0.139327,
        5.077169 3.546137 0.176465,
        5.137186 3.553479 0.228871,
        5.183190 3.561242 0.295689,
        5.211569 3.569698 0.374145,
        5.218882 3.578027 0.456843,
        5.205717 3.585465 0.535759,
        5.173168 3.593103 0.609598,
        5.121426 3.601518 0.674880,
        5.054766 3.609905 0.724680,
        4.980280 3.617469 0.755050,
        4.900794 3.624974 0.766033,
        4.818228 3.633338 0.756350,
        4.740680 3.641772 0.725765,
        4.675376 3.649465 0.678040,
        4.624562 3.656857 0.616444,
        4.589491 3.665159 0.541298,
        4.574722 3.673628 0.459138,
        4.581088 3.681443 0.378088,
        4.606761 3.688753 0.302775,
        4.652132 3.696982 0.233649,
        4.714316 3.705475 0.177839,
        4.786975 3.713404 0.140522,
        4.864386 3.720663 0.122886,
        4.946766 3.728809 0.125160,
        5.026973 3.737315 0.148726,
        5.097191 3.745347 0.191138,
        5.152785 3.752587 0.247726,
        5.193972 3.760641 0.318749,
        5.216096 3.769148 0.399370,
        5.216898 3.777275 0.481715,
        5.197898 3.784528 0.558779,
        5.159257 3.792479 0.630829,
        5.102332 3.800976 0.692010,
        5.032452 3.809188 0.736109,
        4.956739 3.816485 0.760429,
        4.875507 3.824324 0.765358,
        4.793605 3.832800 0.749113,
        4.719141 3.841087 0.712725,
        4.658507 3.848459 0.660872,
        4.611898 3.856179 0.594657,
        4.582698 3.864621 0.516548,
        4.574499 3.872972 0.433861,
        4.586874 3.880452 0.354672,
        4.618597 3.888043 0.280648,
        4.669606 3.896441 0.214863,
        4.735778 3.904846 0.164320,
        4.810097 3.912456 0.133121,
        4.889315 3.919919 0.121343,
        4.971911 3.928261 0.130140,
        5.049823 3.936709 0.159913,
        5.115742 3.944446 0.207046,
        5.167115 3.951806 0.268029,
        5.202946 3.960083 0.342725,
        5.218598 3.968562 0.424754,
        5.213066 3.976418 0.506006,
        5.188195 3.983707 0.581509,
        5.143608 3.991907 0.651032,
        5.082010 4.000406 0.707517,
        5.009631 4.008372 0.745652,
        4.932442 4.015622 0.764077,
        4.850150 4.023735 0.762673,
        4.769690 4.032243 0.739965,
        4.698930 4.040311 0.698234,
        4.642752 4.047552 0.642220,
        4.600882 4.055570 0.571735,
        4.577900 4.064074 0.491363,
        4.576226 4.072233 0.408927,
        4.594440 4.079498 0.331630,
        4.632265 4.087410 0.259296,
        4.688518 4.095900 0.197525,
        4.758006 4.104141 0.152639,
        4.833540 4.111461 0.127515,
        4.914575 4.119259 0.121750,
        4.996612 4.127723 0.137113,
        5.071530 4.136034 0.172743,
        5.132786 4.143442 0.224045,
        5.179989 4.151117 0.289649,
        5.210003 4.159544 0.367398,
        5.219089 4.167916 0.450059,
        5.207506 4.175441 0.529527,
        5.176611 4.182985 0.603723,
        5.126342 4.191364 0.669999,
        5.060669 4.199786 0.721278,
        4.986531 4.207442 0.753306,
        4.907574 4.214864 0.765877,
        4.824963 4.223185 0.757965,
        4.746699 4.231644 0.729011,
        4.680174 4.239426 0.682481,
        4.628239 4.246756 0.622106,
        4.591658 4.255007 0.547871,
        4.575125 4.263494 0.465986,
        4.579816 4.271391 0.384546,
        4.603888 4.278662 0.308848,
        4.647686 4.286833 0.238942,
        5.178952 3.398125 0.582205,
        5.134373 3.406381 0.649494,
        5.073516 3.414867 0.703633,
        5.002630 3.422756 0.739668,
        4.927030 3.430030 0.756573,
        4.846612 3.438207 0.754010,
        4.768513 3.446709 0.730690,
        4.700318 3.454705 0.689109,
        4.646322 3.461949 0.633704,
        4.606396 3.470036 0.564183,
        4.585169 3.478544 0.485472,
        4.584726 3.486639 0.405281,
        4.603548 3.493883 0.330236,
        4.641579 3.501872 0.260029,
        4.697359 3.510374 0.200604,
        4.765603 3.518557 0.157944,
        4.839465 3.525834 0.134545,
        4.918828 3.533715 0.130057,
        4.998649 3.542199 0.146254,
        5.071033 3.550460 0.182012,
        5.129878 3.557803 0.232744,
        5.175146 3.565566 0.297614,
        5.203300 3.574020 0.373943,
        5.210939 3.582351 0.454535,
        5.198587 3.589788 0.531566,
        5.167302 3.597426 0.603767,
        5.117250 3.605841 0.667740,
        5.052557 3.614228 0.716709,
        4.980112 3.621792 0.746781,
        4.902674 3.629298 0.757978,
        4.822106 3.637661 0.749044,
        4.746302 3.646095 0.719696,
        4.682330 3.653788 0.673562,
        4.632403 3.661181 0.613813,
        4.597745 3.669482 0.540754,
        4.582839 3.677951 0.460731,
        4.588548 3.685766 0.381661,
        4.613119 3.693077 0.308066,
        4.656935 3.701306 0.240383,
        4.717227 3.709798 0.185581,
        4.787847 3.717727 0.148747,
        4.863221 3.724986 0.131075,
        4.943563 3.733133 0.132786,
        5.021917 3.741638 0.155272,
        5.090646 3.749670 0.196196,
        5.145203 3.756911 0.251033,
        5.185801 3.764964 0.320034,
        5.207869 3.773471 0.398511,
        5.209157 3.781598 0.478800,
        5.191104 3.788852 0.554061,
        5.153869 3.796802 0.624554,
        5.098737 3.805299 0.684561,
        5.030869 3.813511 0.727990,
        4.957191 3.820808 0.752170,
        4.878013 3.828648 0.757475,
        4.798052 3.837123 0.742139,
        4.725219 3.845410 0.707114,
        4.665776 3.852783 0.656925,
        4.619921 3.860502 0.592646,
        4.590969 3.868944 0.516662,
        4.582466 3.877296 0.436086,
        4.594046 3.884776 0.358793,
        4.624523 3.892367 0.286418,
        4.673857 3.900764 0.221958,
        4.738071 3.909169 0.172267,
        4.810347 3.916780 0.141388,
        4.887520 3.924242 0.129417,
        4.968112 3.932585 0.137488,
        5.044267 3.941032 0.166040,
        5.108833 3.948770 0.211594,
        5.159302 3.956130 0.270742,
        5.194698 3.964406 0.343357,
        5.210465 3.972885 0.423248,
        5.205570 3.980741 0.502509,
        5.181782 3.988030 0.576284,
        5.138733 3.996231 0.644349,
        5.079017 4.004730 0.699806,
        5.008676 4.012696 0.737435,
        4.933522 4.019945 0.755876,
        4.853271 4.028059 0.755013,
        4.774676 4.036567 0.733365,
        4.705422 4.044634 0.693108,
        4.650299 4.051875 0.638835,
        4.609039 4.059893 0.570363,
        4.586135 4.068398 0.492134,
        4.583997 4.076556 0.411761,
        4.601282 4.083822 0.336278,
        4.637720 4.091733 0.265513,
        4.692193 4.100224 0.204935,
        4.759674 4.108464 0.160741,
        4.833172 4.115785 0.135778,
        4.912154 4.123582 0.129659,
        4.992241 4.132047 0.144135,
        5.065511 4.140358 0.178417,
        5.125557 4.147765 0.228065,
        5.171987 4.155440 0.291745,
        5.201732 4.163867 0.367373,
        5.211099 4.172239 0.447919,
        5.200294 4.179764 0.525478,
        5.170624 4.187308 0.598016,
        5.122014 4.195687 0.662950,
        5.058293 4.204109 0.713356,
        4.986198 4.211766 0.745041,
        4.909285 4.219187 0.757784,
        4.828683 4.227508 0.750577,
        4.752190 4.235968 0.722826,
        4.687036 4.243749 0.677863,
        4.636024 4.251080 0.619311,
        4.599898 4.259331 0.547150,
        4.583273 4.267818 0.467406,
        4.587347 4.275714 0.387966,
        4.610355 4.282985 0.314006,
        5.171837 3.400414 0.576157,
        5.129033 3.408670 0.641834,
        5.070323 3.417156 0.694858,
        5.001742 3.425045 0.730373,
        4.928441 3.432319 0.747343,
        4.850320 3.440495 0.745440,
        4.774299 3.448998 0.723361,
        4.707764 3.456994 0.683475,
        4.654918 3.464238 0.630059,
        4.615635 3.472326 0.562831,
        4.594444 3.480833 0.486542,
        4.593430 3.488928 0.408662,
        4.611163 3.496173 0.335641,
        4.647586 3.504161 0.267178,
        4.701327 3.512663 0.209056,
        4.767294 3.520846 0.167127,
        4.838859 3.528124 0.143863,
        4.915905 3.536004 0.138926,
        4.993546 3.544488 0.154073,
        5.064106 3.552750 0.188274,
        5.121627 3.560092 0.237116,
        5.166065 3.567855 0.299788,
        5.193966 3.576310 0.373713,
        5.201973 3.584640 0.451930,
        5.190538 3.592078 0.526833,
        5.160681 3.599716 0.597183,
        5.112537 3.608131 0.659679,
        5.050063 3.616518 0.707711,
        4.979923 3.624081 0.737445,
        4.904797 3.631587 0.748885,
        4.826483 3.639950 0.740796,
        4.752647 3.648384 0.712846,
        4.690181 3.656078 0.668507,
        4.641256 3.663470 0.610842,
        4.607062 3.671772 0.540140,
        4.592002 3.680241 0.462530,
        4.596970 3.688056 0.385695,
        4.620296 3.695366 0.314039,
        4.662357 3.703595 0.247985,
        4.720513 3.712088 0.194321,
        4.788831 3.720016 0.158033,
        4.861906 3.727276 0.140319,
        4.939947 3.735421 0.141395,
        5.016209 3.743928 0.162663,
        5.083258 3.751960 0.201906,
        5.136645 3.759200 0.254767,
        5.176577 3.767254 0.321485,
        5.198582 3.775760 0.397541,
        5.200419 3.783887 0.475509,
        5.183435 3.791141 0.548735,
        5.147785 3.799092 0.617469,
        5.094680 3.807588 0.676151,
        5.029082 3.815800 0.718826,
        4.957702 3.823098 0.742846,
        4.880842 3.830937 0.748576,
        4.803071 3.839412 0.734265,
        4.732080 3.847699 0.700780,
        4.673982 3.855072 0.652470,
        4.628978 3.862792 0.590376,
        4.600305 3.871233 0.516791,
        4.591459 3.879585 0.438597,
        4.602143 3.887064 0.363445,
        4.631214 3.894656 0.292931,
        4.678657 3.903054 0.229967,
        4.740660 3.911459 0.181238,
        4.810630 3.919069 0.150722,
        4.885493 3.926531 0.138532,
        4.963824 3.934874 0.145782,
        5.037994 3.943321 0.172957,
        5.101034 3.951059 0.216728,
        5.150481 3.958419 0.273805,
        5.185388 3.966695 0.344072,
        5.201283 3.975174 0.421546,
        5.197108 3.983031 0.498561,
        5.174543 3.990319 0.570386,
        5.133230 3.998520 0.636806,
        5.075638 4.007019 0.691101,
        5.007596 4.014985 0.728161,
        4.934741 4.022234 0.746619,
        4.856794 4.030348 0.746366,
        4.780304 4.038856 0.725914,
        4.712750 4.046923 0.687322,
        4.658819 4.054165 0.635013,
        4.618247 4.062182 0.568814,
        4.595432 4.070687 0.493005,
        4.592769 4.078846 0.414961,
        4.609006 4.086111 0.341526,
        4.643879 4.094023 0.272532,
        4.696341 4.102513 0.213301,
        4.761556 4.110754 0.169886,
        4.832756 4.118074 0.145106,
        4.909419 4.125871 0.138587,
        4.987306 4.134336 0.152062,
        5.058717 4.142647 0.184823,
        5.117397 4.150055 0.232603,
        5.162955 4.157730 0.294111,
        5.192394 4.166157 0.367344,
        5.202080 4.174528 0.445503,
        5.192151 4.182054 0.520908,
        5.163865 4.189598 0.591574,
        5.117128 4.197977 0.654993,
        5.055609 4.206398 0.704412,
        4.985821 4.214055 0.735711,
        4.911215 4.221477 0.748648,
        4.832881 4.229797 0.742237,
        4.758389 4.238257 0.715843,
        4.694783 4.246038 0.672650,
        4.644813 4.253369 0.616156,
        4.609200 4.261620 0.546336,
        4.592472 4.270107 0.469009,
        4.595849 4.278004 0.391827,
        5.164460 3.400363 0.569885,
        5.123496 3.408619 0.633890,
        5.067012 3.417105 0.685758,
        5.000820 3.424994 0.720734,
        4.929905 3.432268 0.737770,
        4.854165 3.440444 0.736553,
        4.780300 3.448947 0.715761,
        4.715486 3.456943 0.677633,
        4.663833 3.464187 0.626279,
        4.625217 3.472274 0.561430,
        4.604064 3.480782 0.487650,
        4.602456 3.488877 0.412169,
        4.619059 3.496122 0.341246,
        4.653816 3.504110 0.274591,
        4.705441 3.512612 0.217822,
        4.769049 3.520795 0.176650,
        4.838230 3.528073 0.153526,
        4.912873 3.535953 0.148122,
        4.988253 3.544437 0.162182,
        5.056922 3.552698 0.194767,
        5.113070 3.560041 0.241649,
        5.156648 3.567804 0.302042,
        5.184285 3.576259 0.373476,
        5.192674 3.584589 0.449228,
        5.182191 3.592027 0.521925,
        5.153814 3.599665 0.590356,
        5.107648 3.608080 0.651320,
        5.047476 3.616467 0.698380,
        4.979728 3.624030 0.727764,
        4.906998 3.631536 0.739456,
        4.831022 3.639899 0.732242,
        4.759228 3.648333 0.705743,
        4.698323 3.656026 0.663265,
        4.650436 3.663419 0.607762,
        4.616724 3.671720 0.539503,
        4.601504 3.680189 0.464394,
        4.605703 3.688004 0.389878,
        4.627739 3.695315 0.320234,
        4.667980 3.703544 0.255869,
        4.723921 3.712037 0.203385,
        4.789852 3.719965 0.167662,
        4.860543 3.727225 0.149906,
        4.936197 3.735371 0.150323,
        5.010290 3.743876 0.170326,
        5.075596 3.751909 0.207828,
        5.127769 3.759150 0.258639,
        5.167011 3.767202 0.322989,
        5.188951 3.775709 0.396535,
        5.191357 3.783837 0.472096,
        5.175481 3.791090 0.543211,
        5.141477 3.799041 0.610123,
        5.090471 3.807537 0.667430,
        5.027228 3.815750 0.709321,
        4.958231 3.823047 0.733177,
        4.883775 3.830886 0.739348,
        4.808276 3.839361 0.726100,
        4.739194 3.847648 0.694211,
        4.682492 3.855021 0.647850,
        4.638371 3.862741 0.588022,
        4.609988 3.871182 0.516924,
        4.600786 3.879534 0.441200,
        4.610539 3.887013 0.368269,
        4.638153 3.894605 0.299685,
        4.683635 3.903003 0.238273,
        4.743345 3.911408 0.190542,
        4.810923 3.919019 0.160400,
        4.883392 3.926480 0.147984,
        4.959377 3.934823 0.154384,
        5.031489 3.943270 0.180130,
        5.092946 3.951008 0.222052,
        5.141333 3.958368 0.276982,
        5.175733 3.966644 0.344812,
        5.191762 3.975123 0.419783,
        5.188333 3.982980 0.494468,
        5.167036 3.990269 0.564270,
        5.127524 3.998469 0.628983,
        5.072134 4.006968 0.682074,
        5.006478 4.014934 0.718542,
        4.936006 4.022183 0.737019,
        4.860448 4.030298 0.737398,
        4.786140 4.038805 0.718187,
        4.720350 4.046872 0.681321,
        4.667654 4.054113 0.631050,
        4.627796 4.062131 0.567208,
        4.605073 4.070636 0.493907,
        4.601866 4.078795 0.418280,
        4.617015 4.086060 0.346967,
        4.650265 4.093972 0.279811,
        4.700642 4.102462 0.221976,
        4.763509 4.110702 0.179370,
        4.832326 4.118023 0.154780,
        4.906583 4.125821 0.147846,
        4.982189 4.134285 0.160282,
        5.051672 4.142596 0.191466,
        5.108934 4.150004 0.237309,
        5.153588 4.157678 0.296565,
        5.182711 4.166106 0.367315,
        5.192726 4.174477 0.442998,
        5.183707 4.182002 0.516169,
        5.156855 4.189546 0.584893,
        5.112061 4.197926 0.646741,
        5.052826 4.206347 0.695137,
        4.985430 4.214004 0.726036,
        4.913218 4.221426 0.739175,
        4.837236 4.229746 0.733587,
        4.764817 4.238206 0.708601,
        4.702816 4.245987 0.667243,
        4.653926 4.253318 0.612883,
        4.618846 4.261569 0.545492,
        4.602011 4.270056 0.470672,
        5.156932 3.397748 0.563486,
        5.117845 3.406004 0.625785,
        5.063633 3.414490 0.676474,
        4.999879 3.422379 0.710898,
        4.931398 3.429653 0.728004,
        4.858088 3.437830 0.727485,
        4.786422 3.446332 0.708007,
        4.723365 3.454328 0.671671,
        4.672930 3.461572 0.622423,
        4.634993 3.469660 0.559999,
        4.613879 3.478167 0.488782,
        4.611666 3.486262 0.415746,
        4.627115 3.493507 0.346965,
        4.660172 3.501495 0.282155,
        4.709639 3.509997 0.226766,
        4.770838 3.518180 0.186366,
        4.837589 3.525458 0.163385,
        4.909780 3.533338 0.157506,
        4.982853 3.541822 0.170456,
        5.049593 3.550084 0.201393,
        5.104340 3.557426 0.246275,
        5.147040 3.565189 0.304343,
        5.174408 3.573644 0.373233,
        5.183187 3.581974 0.446471,
        5.173674 3.589412 0.516917,
        5.146807 3.597050 0.583389,
        5.102661 3.605465 0.642792,
        5.044838 3.613852 0.688859,
        4.979528 3.621416 0.717886,
        4.909244 3.628921 0.729834,
        4.835653 3.637285 0.723515,
        4.765942 3.645718 0.698495,
        4.706630 3.653412 0.657916,
        4.659803 3.660804 0.604619,
        4.626583 3.669106 0.538853,
        4.611198 3.677575 0.466298,
        4.614614 3.685389 0.394146,
        4.635333 3.692700 0.326554,
        4.673716 3.700929 0.263913,
        4.727398 3.709422 0.212633,
        4.790893 3.717350 0.177487,
        4.859151 3.724609 0.159687,
        4.932372 3.732756 0.159432,
        5.004250 3.741261 0.178145,
        5.067780 3.749294 0.213870,
        5.118713 3.756535 0.262589,
        5.157251 3.764588 0.324524,
        5.179124 3.773094 0.395509,
        5.182111 3.781222 0.468614,
        5.167367 3.788475 0.537576,
        5.135040 3.796426 0.602627,
        5.086177 3.804922 0.658531,
        5.025337 3.813135 0.699624,
        4.958771 3.820432 0.723312,
        4.886769 3.828271 0.729933,
        4.813587 3.836747 0.717769,
        4.746454 3.845033 0.687509,
        4.691175 3.852406 0.643135,
        4.647955 3.860126 0.585620,
        4.619867 3.868568 0.517061,
        4.610302 3.876919 0.443857,
        4.619105 3.884399 0.373191,
        4.645232 3.891990 0.306577,
        4.688715 3.900388 0.246748,
        4.746084 3.908793 0.200035,
        4.811222 3.916404 0.170276,
        4.881247 3.923866 0.157629,
        4.954839 3.932208 0.163161,
        5.024852 3.940656 0.187449,
        5.084693 3.948393 0.227485,
        5.132000 3.955753 0.280223,
        5.165882 3.964030 0.345568,
        5.182047 3.972509 0.417983,
        5.179379 3.980365 0.490291,
        5.159376 3.987654 0.558029,
        5.121701 3.995854 0.621001,
        5.068559 4.004353 0.672863,
        5.005335 4.012320 0.708728,
        4.937295 4.019569 0.727223,
        4.864176 4.027683 0.728248,
        4.792096 4.036190 0.710304,
        4.728105 4.044257 0.675199,
        4.676669 4.051499 0.627006,
        4.637539 4.059517 0.565569,
        4.614909 4.068021 0.494828,
        4.611148 4.076180 0.421666,
        4.625187 4.083445 0.352519,
        4.656781 4.091357 0.287237,
        4.705031 4.099847 0.230828,
        4.765501 4.108087 0.189048,
        4.831886 4.115408 0.164650,
        4.903691 4.123206 0.157293,
        4.976968 4.131670 0.168670,
        5.044483 4.139981 0.198243,
        5.100300 4.147389 0.242111,
        5.144030 4.155063 0.299068,
        5.172831 4.163491 0.367285,
        5.183182 4.171863 0.440441,
        5.175091 4.179388 0.511333,
        5.149703 4.186931 0.578076,
        5.106891 4.195311 0.638322,
        5.049987 4.203732 0.685674,
        4.985033 4.211389 0.716164,
        4.915261 4.218811 0.729508,
        4.841679 4.227132 0.724763,
        4.771376 4.235592 0.701212,
        4.711013 4.243373 0.661727,
        4.663225 4.250703 0.609545,
        4.628689 4.258954 0.544630,
        5.113232 3.401531 0.619167,
        5.060876 3.410017 0.668893,
        4.999111 3.417905 0.702868,
        4.932617 3.425180 0.720029,
        4.861291 3.433356 0.720081,
        4.791421 3.441859 0.701675,
        4.729799 3.449855 0.666804,
        4.680357 3.457099 0.619274,
        4.642975 3.465186 0.558831,
        4.621893 3.473694 0.489706,
        4.619185 3.481789 0.418668,
        4.633694 3.489033 0.351634,
        4.665362 3.497022 0.288331,
        4.713067 3.505524 0.234069,
        4.772300 3.513707 0.194300,
        4.837066 3.520984 0.171435,
        4.907254 3.528865 0.165167,
        4.978444 3.537348 0.177211,
        5.043609 3.545610 0.206803,
        5.097211 3.552952 0.250052,
        5.139194 3.560716 0.306220,
        5.166343 3.569171 0.373035,
        5.175440 3.577500 0.444220,
        5.166719 3.584938 0.512828,
        5.141087 3.592576 0.577701,
        5.098588 3.600991 0.635828,
        5.042683 3.609378 0.681084,
        4.979365 3.616942 0.709820,
        4.911078 3.624448 0.721978,
        4.839435 3.632811 0.716389,
        4.771424 3.641244 0.692576,
        4.713413 3.648938 0.653549,
        4.667451 3.656331 0.602052,
        4.634633 3.664632 0.538322,
        4.619115 3.673101 0.467852,
        4.621890 3.680916 0.397630,
        4.641533 3.688226 0.331715,
        4.678400 3.696455 0.270481,
        4.730237 3.704948 0.220185,
        4.791743 3.712876 0.185509,
        4.858015 3.720136 0.167674,
        4.929248 3.728282 0.166870,
        4.999320 3.736788 0.184530,
        5.061396 3.744821 0.218804,
        5.111319 3.752061 0.265815,
        5.149281 3.760114 0.325777,
        5.171101 3.768621 0.394671,
        5.174561 3.776748 0.465770,
        5.160740 3.784001 0.532974,
        5.129785 3.791952 0.596507,
        5.082672 3.800449 0.651266,
        5.023793 3.808661 0.691706,
        4.959212 3.815958 0.715257,
        4.889213 3.823798 0.722244,
        4.817924 3.832273 0.710966,
        4.752381 3.840560 0.682037,
        4.698265 3.847933 0.639286,
        4.655780 3.855652 0.583659,
        4.627933 3.864094 0.517172,
        4.618072 3.872446 0.446027,
        4.626100 3.879925 0.377210,
        4.651013 3.887516 0.312204,
        4.692861 3.895914 0.253667,
        4.748320 3.904319 0.207786,
        4.811466 3.911930 0.178340,
        4.879496 3.919392 0.165504,
        4.951135 3.927735 0.170327,
        5.019433 3.936182 0.193425,
        5.077955 3.943920 0.231921,
        5.124380 3.951280 0.282869,
        5.157838 3.959556 0.346185,
        5.174115 3.968035 0.416513,
        5.172068 3.975891 0.486881,
        5.153122 3.983180 0.552933,
        5.116947 3.991380 0.614483,
        5.065639 3.999880 0.665343,
        5.004404 4.007846 0.700715,
        4.938349 4.015095 0.719224,
        4.867220 4.023209 0.720778,
        4.796959 4.031717 0.703867,
        4.734436 4.039784 0.670200,
        4.684030 4.047025 0.623705,
        4.645495 4.055043 0.564230,
        4.622942 4.063547 0.495580,
        4.618726 4.071706 0.424431,
        4.631861 4.078971 0.357053,
        4.662102 4.086884 0.293302,
        4.708615 4.095374 0.238056,
        4.767127 4.103614 0.196950,
        4.831527 4.110934 0.172709,
        4.901328 4.118732 0.165007,
        4.972705 4.127197 0.175519,
        5.038614 4.135507 0.203778,
        5.093249 4.142915 0.246031,
        5.136226 4.150590 0.301112,
        5.164764 4.159018 0.367260,
        5.175390 4.167389 0.438354,
        5.168056 4.174914 0.507384,
        5.143863 4.182458 0.572511,
        5.102670 4.190838 0.631447,
        5.047668 4.199259 0.677947,
        4.984707 4.206916 0.708103,
        4.916929 4.214338 0.721615,
        4.845307 4.222658 0.717557,
        4.776732 4.231118 0.695179,
        4.717706 4.238899 0.657223,
        4.670818 4.246230 0.606819,
        5.058555 3.403811 0.662516,
        4.998465 3.411700 0.696113,
        4.933643 3.418974 0.713321,
        4.863986 3.427150 0.713854,
        4.795626 3.435653 0.696349,
        4.735210 3.443650 0.662709,
        4.686605 3.450893 0.616625,
        4.649689 3.458980 0.557849,
        4.628634 3.467488 0.490483,
        4.625510 3.475583 0.421125,
        4.639228 3.482828 0.355562,
        4.669727 3.490816 0.293526,
        4.715951 3.499318 0.240211,
        4.773529 3.507501 0.200974,
        4.836626 3.514779 0.178207,
        4.905129 3.522659 0.171612,
        4.974735 3.531143 0.182894,
        5.038575 3.539405 0.211354,
        5.091215 3.546747 0.253230,
        5.132594 3.554510 0.307800,
        5.159559 3.562965 0.372869,
        5.168923 3.571295 0.442327,
        5.160870 3.578733 0.509388,
        5.136274 3.586371 0.572917,
        5.095162 3.594785 0.629970,
        5.040871 3.603173 0.674545,
        4.979228 3.610736 0.703036,
        4.912620 3.618242 0.715370,
        4.842616 3.626605 0.710395,
        4.776035 3.635039 0.687598,
        4.719118 3.642733 0.649875,
        4.673884 3.650125 0.599893,
        4.641404 3.658426 0.537876,
        4.625773 3.666895 0.469159,
        4.628010 3.674710 0.400561,
        4.646749 3.682021 0.336056,
        4.682341 3.690250 0.276006,
        4.732625 3.698743 0.226536,
        4.792458 3.706671 0.192257,
        4.857059 3.713931 0.174393,
        4.926620 3.722076 0.173126,
        4.995172 3.730582 0.189901,
        5.056028 3.738615 0.222954,
        5.105099 3.745855 0.268528,
        5.142578 3.753908 0.326831,
        5.164352 3.762415 0.393966,
        5.168211 3.770543 0.463379,
        5.155167 3.777796 0.529103,
        5.125364 3.785747 0.591359,
        5.079722 3.794243 0.645154,
        5.022494 3.802456 0.685045,
        4.959583 3.809753 0.708481,
        4.891269 3.817592 0.715778,
        4.821571 3.826067 0.705244,
        4.757367 3.834354 0.677434,
        4.704228 3.841727 0.636048,
        4.662362 3.849447 0.582009,
        4.634719 3.857889 0.517266,
        4.624609 3.866240 0.447851,
        4.631984 3.873719 0.380591,
        4.655875 3.881311 0.316938,
        4.696350 3.889709 0.259488,
        4.750202 3.898114 0.214306,
        4.811671 3.905724 0.185122,
        4.878023 3.913186 0.172128,
        4.948018 3.921529 0.176355,
        5.014874 3.929976 0.198451,
        5.072287 3.937714 0.235652,
        5.117969 3.945074 0.285095,
        5.151072 3.953350 0.346704,
        5.167443 3.961829 0.415277,
        5.165918 3.969686 0.484012,
        5.147862 3.976974 0.548647,
        5.112948 3.985175 0.609001,
        5.063183 3.993674 0.659017,
        5.003619 4.001640 0.693975,
        4.939234 4.008889 0.712497,
        4.869781 4.017003 0.714493,
        4.801049 4.025511 0.698452,
        4.739762 4.033578 0.665995,
        4.690221 4.040819 0.620928,
        4.652187 4.048837 0.563105,
        4.629698 4.057342 0.496213,
        4.625102 4.065500 0.426756,
        4.637474 4.072766 0.360866,
        4.666577 4.080678 0.298402,
        4.711630 4.089168 0.244135,
        4.768496 4.097408 0.203596,
        4.831225 4.104729 0.179488,
        4.899341 4.112526 0.171495,
        4.969119 4.120991 0.181280,
        5.033676 4.129302 0.208433,
        5.087319 4.136709 0.249330,
        5.129661 4.144384 0.302831,
        5.157978 4.152811 0.367239,
        5.168835 4.161183 0.436598,
        5.162139 4.168708 0.504063,
        5.138952 4.176252 0.567829,
        5.099120 4.184631 0.625664,
        5.045718 4.193053 0.671448,
        4.984433 4.200710 0.701323,
        4.918332 4.208132 0.714976,
        4.848358 4.216452 0.711496,
        4.781237 4.224912 0.690104,
        4.723335 4.232693 0.653435,
        4.997944 3.403471 0.690663,
        4.934470 3.410745 0.707909,
        4.866160 3.418922 0.708829,
        4.799019 3.427425 0.692052,
        4.739576 3.435421 0.659406,
        4.691645 3.442665 0.614488,
        4.655107 3.450752 0.557056,
        4.634073 3.459260 0.491110,
        4.630614 3.467354 0.423108,
        4.643693 3.474599 0.358731,
        4.673250 3.482588 0.297718,
        4.718278 3.491089 0.245167,
        4.774521 3.499272 0.206358,
        4.836271 3.506550 0.183670,
        4.903415 3.514430 0.176811,
        4.971742 3.522915 0.187479,
        5.034513 3.531176 0.215025,
        5.086378 3.538519 0.255793,
        5.127270 3.546281 0.309075,
        5.154086 3.554737 0.372734,
        5.163665 3.563067 0.440799,
        5.156151 3.570504 0.506613,
        5.132392 3.578142 0.569056,
        5.092398 3.586557 0.625244,
        5.039408 3.594944 0.669269,
        4.979117 3.602508 0.697562,
        4.913865 3.610014 0.710038,
        4.845183 3.618377 0.705559,
        4.779756 3.626811 0.683582,
        4.723721 3.634504 0.646911,
        4.679075 3.641897 0.598152,
        4.646867 3.650198 0.537516,
        4.631146 3.658667 0.470213,
        4.632948 3.666482 0.402926,
        4.650957 3.673793 0.339558,
        4.685519 3.682021 0.280463,
        4.734552 3.690514 0.231661,
        4.793035 3.698443 0.197702,
        4.856288 3.705702 0.179813,
        4.924500 3.713848 0.178174,
        4.991825 3.722354 0.194234,
        5.051695 3.730387 0.226302,
        5.100081 3.737627 0.270717,
        5.137169 3.745680 0.327682,
        5.158906 3.754187 0.393397,
        5.163087 3.762314 0.461449,
        5.150669 3.769567 0.525980,
        5.121797 3.777518 0.587205,
        5.077343 3.786015 0.640224,
        5.021447 3.794227 0.679671,
        4.959883 3.801524 0.703014,
        4.892928 3.809364 0.710560,
        4.824514 3.817839 0.700627,
        4.761390 3.826126 0.673720,
        4.709040 3.833498 0.633436,
        4.667673 3.841218 0.580678,
        4.640193 3.849660 0.517341,
        4.629881 3.858011 0.449324,
        4.636731 3.865491 0.383318,
        4.659798 3.873082 0.320757,
        4.699165 3.881480 0.264184,
        4.751719 3.889885 0.219566,
        4.811837 3.897496 0.190595,
        4.876835 3.904957 0.177472,
        4.945504 3.913300 0.181218,
        5.011196 3.921748 0.202507,
        5.067715 3.929486 0.238663,
        5.112797 3.936845 0.286891,
        5.145613 3.945122 0.347122,
        5.162059 3.953601 0.414280,
        5.160956 3.961457 0.481697,
        5.143617 3.968746 0.545189,
        5.109721 3.976946 0.604578,
        5.061202 3.985446 0.653913,
        5.002986 3.993412 0.688537,
        4.939950 4.000661 0.707069,
        4.871847 4.008775 0.709423,
        4.804349 4.017282 0.694084,
        4.744059 4.025350 0.662602,
        4.695217 4.032591 0.618687,
        4.657586 4.040609 0.562196,
        4.635150 4.049113 0.496723,
        4.630245 4.057272 0.428633,
        4.642003 4.064537 0.363943,
        4.670188 4.072450 0.302518,
        4.714062 4.080939 0.249040,
        4.769600 4.089180 0.208958,
        4.830981 4.096500 0.184958,
        4.897738 4.104298 0.176730,
        4.966226 4.112763 0.185928,
        5.029693 4.121074 0.212189,
        5.082533 4.128481 0.251991,
        5.124365 4.136156 0.304218,
        5.152503 4.144583 0.367222,
        5.163546 4.152955 0.435181,
        5.157365 4.160480 0.501383,
        5.134988 4.168024 0.564051,
        5.096255 4.176403 0.620998,
        5.044144 4.184825 0.666204,
        4.984213 4.192482 0.695852,
        4.919465 4.199903 0.709619,
        4.850820 4.208224 0.706606,
        4.784872 4.216684 0.686009,
        4.934935 3.402206 0.704869,
        4.867381 3.410383 0.706006,
        4.800925 3.418885 0.689638,
        4.742029 3.426882 0.657550,
        4.694477 3.434126 0.613287,
        4.658150 3.442213 0.556611,
        4.637129 3.450721 0.491462,
        4.633481 3.458815 0.424222,
        4.646201 3.466060 0.360511,
        4.675229 3.474049 0.300072,
        4.719584 3.482550 0.247952,
        4.775078 3.490733 0.209383,
        4.836072 3.498011 0.186740,
        4.902452 3.505891 0.179733,
        4.970061 3.514376 0.190054,
        5.032232 3.522637 0.217088,
        5.083660 3.529980 0.257233,
        5.124279 3.537743 0.309791,
        5.151011 3.546198 0.372659,
        5.160712 3.554528 0.439941,
        5.153500 3.561965 0.505054,
        5.130211 3.569603 0.566888,
        5.090846 3.578018 0.622589,
        5.038587 3.586405 0.666305,
        4.979055 3.593969 0.694487,
        4.914564 3.601474 0.707043,
        4.846625 3.609838 0.702842,
        4.781847 3.618272 0.681326,
        4.726307 3.625965 0.645246,
        4.681991 3.633357 0.597173,
        4.649937 3.641659 0.537314,
        4.634164 3.650128 0.470806,
        4.635722 3.657943 0.404255,
        4.653322 3.665254 0.341525,
        4.687306 3.673483 0.282967,
        4.735634 3.681976 0.234540,
        4.793359 3.689904 0.200761,
        4.855855 3.697163 0.182858,
        4.923309 3.705309 0.181010,
        4.989945 3.713815 0.196668,
        5.049262 3.721847 0.228183,
        5.097261 3.729088 0.271946,
        5.134131 3.737141 0.328159,
        5.155847 3.745648 0.393078,
        5.160209 3.753775 0.460365,
        5.148143 3.761029 0.524226,
        5.119793 3.768979 0.584871,
        5.076006 3.777476 0.637454,
        5.020858 3.785688 0.676652,
        4.960052 3.792985 0.699943,
        4.893859 3.800825 0.707629,
        4.826168 3.809300 0.698033,
        4.763650 3.817587 0.671634,
        4.711743 3.824960 0.631969,
        4.670657 3.832679 0.579930,
        4.643269 3.841121 0.517384,
        4.632844 3.849472 0.450151,
        4.639398 3.856952 0.384850,
        4.662002 3.864544 0.322902,
        4.700746 3.872941 0.266822,
        4.752572 3.881346 0.222521,
        4.811930 3.888957 0.193669,
        4.876167 3.896419 0.180475,
        4.944091 3.904761 0.183950,
        5.009130 3.913209 0.204785,
        5.065145 3.920946 0.240354,
        5.109891 3.928306 0.287900,
        5.142546 3.936583 0.347358,
        5.159035 3.945062 0.413719,
        5.158169 3.952919 0.480397,
        5.141233 3.960207 0.543246,
        5.107908 3.968407 0.602093,
        5.060089 3.976906 0.651046,
        5.002630 3.984872 0.685481,
        4.940351 3.992122 0.704019,
        4.873007 4.000236 0.706575,
        4.806203 4.008743 0.691630,
        4.746474 4.016811 0.660696,
        4.698023 4.024052 0.617428,
        4.660619 4.032070 0.561686,
        4.638212 4.040575 0.497010,
        4.633135 4.048733 0.429687,
        4.644547 4.055999 0.365671,
        4.672217 4.063910 0.304830,
        4.715428 4.072401 0.251796,
        4.770220 4.080641 0.211971,
        4.830844 4.087962 0.188031,
        4.896837 4.095759 0.179671,
        4.964600 4.104223 0.188539,
        5.027454 4.112535 0.214298,
        5.079845 4.119942 0.253485,
        5.121390 4.127617 0.304998,
        5.149427 4.136044 0.367213,
        5.160576 4.144416 0.434385,
        5.154683 4.151941 0.499878,
        5.132762 4.159485 0.561929,
        5.094645 4.167864 0.618377,
        5.043261 4.176286 0.663257,
        4.984088 4.183943 0.692779,
        4.920100 4.191365 0.706610,
        4.852203 4.199685 0.703859,
        4.837396 4.973390 0.700416,
        4.905188 4.964965 0.707052,
        4.904587 4.956875 0.709263,
        4.970374 4.949209 0.698976,
        4.970317 4.941596 0.703064,
        5.031870 4.934182 0.676996,
        5.033354 4.926977 0.683211,
        5.089969 4.918661 0.640413,
        5.093543 4.913428 0.647071,
        5.139161 4.904965 0.589744,
        5.145194 4.901559 0.596193,
        5.175429 4.893769 0.529270,
        5.183576 4.892567 0.534448,
        5.197079 4.885242 0.461386,
        5.205370 4.886222 0.464120,
        5.200414 4.877976 0.384897,
        5.209102 4.881067 0.385429,
        5.183655 4.872578 0.307128,
        5.191233 4.877600 0.305603,
        5.147138 4.869695 0.236089,
        5.152833 4.876352 0.233321,
        5.093641 4.869083 0.177098,
        5.097063 4.876695 0.174220,
        5.022150 4.868531 0.132215,
        5.023711 4.877178 0.130003,
        4.938807 4.868674 0.107905,
        4.939015 4.878728 0.107340,
        4.852847 4.870717 0.107550,
        4.852704 4.878877 0.108976,
        4.772307 4.871635 0.129865,
        4.772778 4.879517 0.133048,
        4.698284 4.871443 0.174477,
        4.700454 4.879243 0.179575,
        4.639151 4.870735 0.238928,
        4.643359 4.876686 0.244322,
        4.601153 4.868578 0.314957,
        4.607726 4.872902 0.319979,
        4.586270 4.865654 0.394323,
        4.594850 4.867943 0.398008,
        4.593082 4.859969 0.475491,
        4.602654 4.859919 0.476950,
        4.621094 4.851419 0.551429,
        4.630916 4.848804 0.550357,
        4.666738 4.840609 0.614382,
        4.674272 4.836135 0.611498,
        4.722095 4.828851 0.660827,
        4.727646 4.822645 0.656924,
        4.786502 4.814781 0.692504,
        4.790049 4.806552 0.688333,
        4.856476 4.798072 0.707531,
        4.857800 4.789533 0.704755,
        4.925609 4.781261 0.706063,
        4.925803 4.772277 0.705042,
        4.989049 4.764923 0.689924,
        4.989083 4.758304 0.690483,
        5.047734 4.750557 0.659649,
        5.048439 4.742467 0.661829,
        5.099335 4.734017 0.615610,
        5.101549 4.726404 0.619048,
        5.139557 4.718066 0.560913,
        5.144274 4.710860 0.565223,
        5.166597 4.703407 0.500484,
        5.173259 4.698173 0.504049,
        5.179597 4.690554 0.433548,
        5.188173 4.687147 0.435652,
        5.176400 4.678738 0.361273,
        5.186051 4.677537 0.361096,
        5.155275 4.669143 0.289785,
        5.163670 4.670122 0.287395,
        5.116636 4.662541 0.226138,
        5.124156 4.665631 0.221755,
        5.062366 4.658143 0.172502,
        5.067877 4.663164 0.167082,
        4.991494 4.654809 0.132527,
        4.994724 4.661465 0.127081,
        4.910261 4.653026 0.112543,
        4.911480 4.660637 0.108241,
        4.827469 4.652927 0.115143,
        4.827535 4.661574 0.112437,
        4.748297 4.654195 0.139586,
        4.748163 4.664249 0.138998,
        4.675391 4.655957 0.186956,
        4.676056 4.664117 0.188226,
        4.617865 4.655644 0.253463,
        4.620038 4.663526 0.255835,
        4.581831 4.655694 0.331083,
        4.586477 4.663494 0.334102,
        4.569098 4.656193 0.413398,
        4.575573 4.662143 0.415608,
        4.578995 4.653926 0.498187,
        4.587246 4.658249 0.498781,
        4.611809 4.649753 0.576475,
        4.620982 4.652043 0.574730,
        4.662804 4.644099 0.639865,
        4.671556 4.644048 0.635721,
        4.725310 4.636793 0.684924,
        4.732936 4.634178 0.678642,
        4.797826 4.626045 0.712483,
        4.802550 4.621571 0.705943,
        4.873155 4.613065 0.721346,
        4.875580 4.606859 0.715008,
        4.944786 4.598813 0.711561,
        4.945389 4.590584 0.706119,
        5.008005 4.583344 0.686297,
        5.007587 4.574805 0.683250,
        5.064480 4.566766 0.647511,
        5.064084 4.557781 0.646550,
        5.110625 4.549276 0.596706,
        5.110965 4.542655 0.597152,
        5.142874 4.534516 0.537846,
        5.144680 4.526425 0.539256,
        5.160524 4.519167 0.475773,
        5.164264 4.511556 0.477426,
        5.164163 4.503619 0.409091,
        5.170469 4.496414 0.410120,
        5.152656 4.487920 0.340903,
        5.160176 4.482687 0.340163,
        5.125198 4.474463 0.276577,
        5.133478 4.471056 0.273507,
        5.084607 4.463751 0.220720,
        5.092560 4.462549 0.215250,
        5.029173 4.454726 0.173518,
        5.034899 4.455706 0.166928,
        4.959213 4.447235 0.140735,
        4.963043 4.450325 0.132918,
        4.881602 4.442028 0.126287,
        4.883122 4.447050 0.118707,
        4.803699 4.439664 0.132017,
        4.803380 4.446320 0.125694,
        4.727150 4.438618 0.158956,
        4.725820 4.446231 0.154687,
        4.657436 4.437794 0.208180,
        4.655994 4.446441 0.205887,
        4.603207 4.438082 0.275341,
        4.602767 4.448136 0.274930,
        4.570213 4.440639 0.352724,
        4.571470 4.448798 0.353413,
        4.559254 4.441226 0.436780,
        4.562370 4.449108 0.437579,
        4.571954 4.440717 0.523373,
        4.577495 4.448517 0.523331,
        4.608559 4.440104 0.602458,
        4.615159 4.446056 0.600654,
        4.662944 4.438426 0.665641,
        4.670132 4.442750 0.661548,
        4.730786 4.435304 0.710656,
        4.737513 4.437594 0.704180,
        4.809333 4.429259 0.736209,
        4.814361 4.429209 0.727934,
        4.890060 4.420756 0.739557,
        4.892853 4.418141 0.730080,
        4.964448 4.410387 0.721992,
        4.964726 4.405913 0.713930,
        5.028948 4.398565 0.688998,
        5.027510 4.392359 0.682366,
        5.084003 4.384093 0.641183,
        5.081518 4.375865 0.636304,
        5.124805 4.367382 0.582377,
        5.122752 4.358843 0.580087,
        5.149740 4.350970 0.519061,
        5.080122 4.367325 0.633563,
        5.026350 4.384131 0.677015,
        4.964959 4.399707 0.707148,
        4.895133 4.413667 0.722342,
        4.819492 4.426594 0.719491,
        4.744489 4.437543 0.697463,
        4.678247 4.445040 0.656928,
        4.623138 4.450379 0.598474,
        4.584337 4.454467 0.523278,
        4.567737 4.456907 0.438956,
        4.574292 4.456681 0.354959,
        4.603815 4.456295 0.275907,
        4.655674 4.456495 0.205378,
        4.725014 4.454878 0.152102,
        4.803155 4.453932 0.121228,
        4.884366 4.453706 0.112499,
        4.966445 4.455347 0.125977,
        5.040608 4.458796 0.160357,
        5.099752 4.463529 0.210303,
        5.142528 4.469855 0.270150,
        5.168965 4.479280 0.339299,
        5.177926 4.491181 0.411339,
        5.170109 4.504350 0.480007,
        5.147903 4.518812 0.541772,
        5.112354 4.534565 0.598973,
        5.064298 4.551161 0.647069,
        5.007446 4.565821 0.682221,
        4.945727 4.582045 0.703062,
        4.877537 4.598630 0.709895,
        4.806523 4.615365 0.700442,
        4.739163 4.629705 0.673513,
        4.680485 4.641433 0.631493,
        4.630494 4.651991 0.572920,
        4.596559 4.660538 0.499452,
        4.583401 4.666467 0.418280,
        4.592214 4.669445 0.337831,
        4.623780 4.671325 0.259922,
        4.677546 4.671999 0.191078,
        4.748481 4.672409 0.140395,
        4.827549 4.671628 0.111834,
        4.912217 4.669285 0.105635,
        4.997005 4.669077 0.123235,
        5.072392 4.669820 0.162642,
        5.130835 4.670652 0.217863,
        5.172043 4.673213 0.285012,
        5.194780 4.678517 0.360935,
        5.197548 4.685945 0.437952,
        5.181045 4.694767 0.508216,
        5.149853 4.705627 0.570320,
        5.105009 4.719198 0.624420,
        5.049696 4.734854 0.665719,
        4.989222 4.750213 0.692770,
        4.925698 4.765657 0.705593,
        4.858248 4.780549 0.703818,
        4.792041 4.798013 0.685990,
        4.732125 4.814417 0.653776,
        4.680609 4.829930 0.609072,
        4.638936 4.844331 0.549481,
        4.612422 4.857304 0.478438,
        4.603746 4.867893 0.401830,
        4.615144 4.875191 0.325648,
        4.648446 4.881009 0.250845,
        4.703133 4.885194 0.185871,
        4.773589 4.887317 0.138530,
        4.852383 4.886759 0.112178,
        4.938518 4.886888 0.108684,
        5.024059 4.887231 0.129511,
        5.099135 4.885343 0.172476,
        5.156855 4.883963 0.231366,
        5.197440 4.884256 0.304353,
        5.216818 4.886089 0.385902,
        5.213636 4.889313 0.466846,
        5.190944 4.893548 0.539130,
        5.151789 4.900357 0.603242,
        5.097718 4.910021 0.654853,
        5.035109 4.921743 0.690561,
        4.970226 4.934391 0.709453,
        4.903514 4.949262 0.713209,
        4.836249 4.965299 0.702399,
        5.025698 4.375592 0.674009,
        4.965147 4.391479 0.701676,
        4.897051 4.407462 0.715833,
        4.823681 4.422120 0.712597,
        4.751605 4.434928 0.690611,
        4.686661 4.444989 0.652137,
        4.632145 4.452668 0.596013,
        4.592608 4.458791 0.523215,
        4.574365 4.462858 0.440657,
        4.579150 4.464480 0.357622,
        4.606167 4.464177 0.278103,
        4.656437 4.464655 0.206591,
        4.724835 4.464931 0.151527,
        4.803018 4.462580 0.118523,
        4.885244 4.461318 0.108115,
        4.969231 4.462003 0.120291,
        5.045678 4.463818 0.154522,
        5.106924 4.466620 0.205370,
        5.150713 4.470835 0.267115,
        5.178571 4.478078 0.338355,
        5.186641 4.487774 0.412762,
        5.177021 4.499117 0.483061,
        5.152940 4.511607 0.545704,
        5.114835 4.526952 0.602224,
        5.065173 4.543071 0.649186,
        5.007522 4.559201 0.682776,
        4.945841 4.573061 0.702030,
        4.878637 4.590092 0.707022,
        4.809729 4.607137 0.696004,
        4.744400 4.623499 0.669198,
        4.687777 4.636960 0.628041,
        4.640201 4.649377 0.571073,
        4.606217 4.660487 0.500148,
        4.592238 4.668756 0.421297,
        4.599150 4.673768 0.342338,
        4.628401 4.677276 0.264967,
        4.680114 4.679798 0.195988,
        4.749196 4.680291 0.143533,
        4.827515 4.679788 0.113267,
        4.912381 4.679339 0.105056,
        4.998386 4.677724 0.120906,
        5.075580 4.677432 0.159507,
        5.136306 4.677308 0.214675,
        5.179477 4.678235 0.282896,
        5.203483 4.681607 0.360774,
        5.206026 4.686925 0.440033,
        5.189556 4.693565 0.512770,
        5.156372 4.702220 0.576277,
        5.109100 4.713966 0.630772,
        5.051662 4.727648 0.671799,
        4.989469 4.742600 0.696852,
        4.925271 4.757567 0.707844,
        4.858006 4.773929 0.704324,
        4.792715 4.789030 0.685199,
        4.734641 4.805878 0.652007,
        4.685722 4.821702 0.607115,
        4.645681 4.838124 0.548745,
        4.620397 4.852830 0.479654,
        4.612825 4.865278 0.405730,
        4.622839 4.875140 0.331528,
        4.654188 4.883299 0.258208,
        4.706372 4.889517 0.193481,
        4.774589 4.893268 0.145298,
        4.851830 4.894558 0.117691,
        4.937400 4.894770 0.111701,
        5.023233 4.895392 0.130681,
        5.099596 4.895396 0.172089,
        5.159290 4.892611 0.230182,
        5.201824 4.891868 0.303470,
        5.223138 4.892744 0.386289,
        5.220978 4.894334 0.469267,
        5.198290 4.896638 0.543799,
        5.157752 4.901337 0.609617,
        5.102282 4.908819 0.663358,
        5.037161 4.918337 0.699150,
        4.970120 4.929158 0.717009,
        4.901839 4.942057 0.719375,
        4.834201 4.957687 0.705938,
        4.772071 4.973675 0.678312,
        4.965252 4.382940 0.698602,
        4.898599 4.399233 0.710581,
        4.827206 4.415914 0.706798,
        4.757417 4.430454 0.685015,
        4.695247 4.442373 0.647248,
        4.641486 4.452617 0.593460,
        4.601945 4.461080 0.523143,
        4.582376 4.467181 0.442713,
        4.585150 4.470431 0.360911,
        4.610218 4.471977 0.281883,
        4.658150 4.472537 0.209314,
        4.725262 4.473091 0.152894,
        4.802987 4.472633 0.117922,
        4.885776 4.469965 0.105459,
        4.971199 4.469615 0.116276,
        5.049831 4.470474 0.149743,
        5.113293 4.471641 0.200989,
        5.158874 4.473925 0.264088,
        5.187258 4.479058 0.337500,
        5.196168 4.486572 0.414318,
        5.185099 4.495710 0.486630,
        5.158896 4.506374 0.550354,
        5.118710 4.519747 0.607304,
        5.066733 4.535458 0.652965,
        5.007833 4.551111 0.685046,
        4.945780 4.566442 0.702587,
        4.879008 4.581108 0.706052,
        4.811530 4.598598 0.693511,
        4.748626 4.615270 0.665717,
        4.693910 4.630754 0.625137,
        4.648126 4.644903 0.569565,
        4.616071 4.657872 0.500858,
        4.601402 4.668705 0.424426,
        4.606979 4.676057 0.347426,
        4.633987 4.681600 0.271067,
        4.683284 4.685749 0.202051,
        4.750427 4.688090 0.148935,
        4.827437 4.687670 0.116483,
        4.911991 4.687498 0.106434,
        4.998694 4.687778 0.120388,
        5.077511 4.686080 0.157608,
        5.140169 4.684920 0.212423,
        5.185567 4.684891 0.281162,
        5.211211 4.686629 0.360632,
        5.214480 4.690016 0.442107,
        5.197252 4.694545 0.516889,
        5.163498 4.701019 0.582788,
        5.113881 4.710558 0.638197,
        5.053987 4.722416 0.678989,
        4.989856 4.735395 0.703230,
        4.924510 4.749954 0.711861,
        4.857020 4.765838 0.706392,
        4.792351 4.782410 0.685626,
        4.735491 4.796894 0.651410,
        4.688595 4.813163 0.606016,
        4.651124 4.829896 0.548150,
        4.627106 4.846624 0.480676,
        4.620237 4.860804 0.408914,
        4.630689 4.872525 0.337527,
        4.660143 4.883248 0.265843,
        4.710028 4.891806 0.202074,
        4.775798 4.897591 0.153480,
        4.851148 4.900509 0.124499,
        4.935475 4.902569 0.116897,
        5.021377 4.903274 0.133309,
        5.098500 4.903557 0.173011,
        5.159832 4.902665 0.229919,
        5.204478 4.900515 0.302936,
        5.227601 4.900357 0.386563,
        5.226991 4.900990 0.471250,
        5.204814 4.901659 0.547945,
        5.163699 4.904428 0.615974,
        5.106410 4.909799 0.671050,
        5.039402 4.917135 0.708538,
        4.969995 4.925751 0.725839,
        4.899857 4.936824 0.726667,
        4.831001 4.950481 0.711469,
        4.769186 4.966062 0.681209,
        4.899468 4.390695 0.707631,
        4.830049 4.407686 0.702119,
        4.762305 4.424249 0.680308,
        4.702258 4.437900 0.643257,
        4.651016 4.450003 0.590856,
        4.611628 4.461029 0.523069,
        4.591421 4.469470 0.445033,
        4.592403 4.474754 0.364887,
        4.615220 4.477928 0.286551,
        4.661100 4.480336 0.214005,
        4.726219 4.480974 0.155967,
        4.803060 4.480793 0.119353,
        4.885895 4.480020 0.104869,
        4.972391 4.478262 0.113844,
        5.052764 4.478086 0.146367,
        5.118510 4.478297 0.197400,
        5.166122 4.478947 0.261400,
        5.195921 4.482149 0.336649,
        5.204783 4.487552 0.415725,
        5.193928 4.494509 0.490531,
        5.165856 4.502967 0.555788,
        5.123293 4.514514 0.613313,
        5.069172 4.528253 0.658871,
        5.008390 4.543498 0.689097,
        4.945528 4.558351 0.704864,
        4.878808 4.574488 0.706576,
        4.812139 4.589614 0.692669,
        4.751000 4.606731 0.663761,
        4.698858 4.622526 0.622794,
        4.654792 4.638697 0.568297,
        4.624118 4.653399 0.501437,
        4.610752 4.666090 0.427617,
        4.615098 4.676006 0.352703,
        4.640293 4.683889 0.277954,
        4.687117 4.690072 0.209381,
        4.751946 4.694041 0.155606,
        4.827303 4.695469 0.122023,
        4.911115 4.695381 0.109530,
        4.997963 4.695938 0.121620,
        5.077941 4.696134 0.157186,
        5.142509 4.693568 0.211060,
        5.189868 4.692503 0.279938,
        5.217542 4.693285 0.360515,
        5.221987 4.695037 0.443949,
        5.204928 4.697635 0.520996,
        5.169943 4.701999 0.588677,
        5.119107 4.709357 0.646312,
        5.056703 4.719008 0.687392,
        4.990313 4.730161 0.710772,
        4.923320 4.742749 0.718139,
        4.855260 4.758226 0.710082,
        4.790867 4.774319 0.687371,
        4.735032 4.790274 0.651732,
        4.689565 4.804179 0.605644,
        4.654182 4.821357 0.547817,
        4.632518 4.838396 0.481501,
        4.626471 4.854598 0.411593,
        4.637099 4.868052 0.342425,
        4.666220 4.880633 0.273634,
        4.713820 4.891755 0.210983,
        4.777164 4.899880 0.162718,
        4.850322 4.904833 0.132729,
        4.933098 4.908520 0.123312,
        5.018181 4.911073 0.137835,
        5.096037 4.911439 0.175082,
        5.158543 4.910825 0.230545,
        5.205069 4.910569 0.302817,
        5.230304 4.909004 0.386728,
        5.231237 4.908602 0.472651,
        5.210158 4.908316 0.551341,
        5.168980 4.909449 0.621619,
        5.110526 4.912890 0.678720,
        5.041431 4.918115 0.717029,
        4.969859 4.924550 0.735491,
        4.897541 4.933417 0.735189,
        4.827217 4.945248 0.718009,
        4.764678 4.958857 0.685737,
        4.831646 4.399147 0.699491,
        4.766249 4.416020 0.676511,
        4.708155 4.431694 0.639899,
        4.658798 4.445529 0.588730,
        4.621508 4.458414 0.522993,
        4.600800 4.469419 0.447440,
        4.600591 4.477044 0.369375,
        4.621267 4.482251 0.292194,
        4.664742 4.486287 0.219796,
        4.727867 4.488773 0.161257,
        4.803222 4.488676 0.122566,
        4.885613 4.488179 0.106274,
        4.972656 4.488316 0.113303,
        5.054540 4.486733 0.144323,
        5.122194 4.485909 0.194866,
        5.172059 4.485603 0.259198,
        5.203615 4.487170 0.335892,
        5.213374 4.490643 0.417128,
        5.201913 4.495488 0.494059,
        5.173465 4.501766 0.561728,
        5.128649 4.511107 0.620333,
        5.072056 4.523020 0.665856,
        5.009258 4.536293 0.695428,
        4.945078 4.550738 0.708928,
        4.877989 4.566397 0.708715,
        4.811810 4.582994 0.693123,
        4.751802 4.597748 0.663101,
        4.701639 4.613987 0.621478,
        4.660170 4.630469 0.567274,
        4.630886 4.647193 0.501925,
        4.618386 4.661617 0.430224,
        4.623382 4.673391 0.358087,
        4.646833 4.683838 0.285095,
        4.691443 4.692362 0.217655,
        4.753783 4.698365 0.163671,
        4.827137 4.701420 0.128863,
        4.909604 4.703180 0.114861,
        4.996321 4.703820 0.124388,
        5.076919 4.704294 0.158191,
        5.143029 4.703622 0.210756,
        5.192472 4.701150 0.279196,
        5.222013 4.700897 0.360433,
        5.228137 4.701693 0.445458,
        5.211743 4.702657 0.524643,
        5.176369 4.705089 0.594548,
        5.123834 4.710337 0.653652,
        5.059672 4.717807 0.696576,
        4.990848 4.726755 0.719587,
        4.921913 4.737515 0.725563,
        4.852510 4.751020 0.715850,
        4.788218 4.766706 0.690486,
        4.733158 4.782183 0.653050,
        4.689042 4.797559 0.605845,
        4.655214 4.812374 0.547704,
        4.635559 4.829857 0.481964,
        4.631502 4.846370 0.413754,
        4.642491 4.861846 0.346545,
        4.671181 4.876159 0.279996,
        4.717688 4.889140 0.220075,
        4.778580 4.899829 0.172297,
        4.849391 4.907122 0.142020,
        4.930224 4.912843 0.131069,
        5.014234 4.917024 0.143424,
        5.091797 4.919238 0.178650,
        5.155650 4.918707 0.231952,
        5.203664 4.918729 0.303100,
        5.230905 4.919058 0.386765,
        5.233809 4.917250 0.473498,
        5.213932 4.915928 0.553740,
        5.173306 4.916105 0.626242,
        5.114181 4.917911 0.685531,
        5.043452 4.921206 0.725496,
        4.969736 4.925530 0.744219,
        4.895009 4.932215 0.744504,
        4.822794 4.941842 0.725653,
        4.759346 4.953624 0.691092,
        4.768464 4.407481 0.674377,
        4.712913 4.423466 0.637190,
        4.665344 4.439323 0.586941,
        4.629575 4.453941 0.522931,
        4.610370 4.466805 0.449896,
        4.609083 4.476993 0.374030,
        4.628094 4.484541 0.298565,
        4.669146 4.490611 0.226798,
        4.729903 4.494724 0.167789,
        4.803501 4.496475 0.128100,
        4.884981 4.496061 0.109429,
        4.972025 4.496476 0.114590,
        5.054935 4.496787 0.143869,
        5.124425 4.494557 0.193331,
        5.176252 4.493215 0.257643,
        5.209916 4.493826 0.335272,
        5.221003 4.495665 0.418374,
        5.209876 4.498579 0.497576,
        5.180346 4.502746 0.567100,
        5.134503 4.509905 0.628008,
        5.075427 4.519613 0.674018,
        5.010287 4.531059 0.702914,
        4.944374 4.543533 0.715279,
        4.876527 4.558784 0.712534,
        4.810469 4.574904 0.694980,
        4.751369 4.591128 0.663457,
        4.702577 4.605003 0.621033,
        4.663192 4.621930 0.566699,
        4.636347 4.638965 0.502319,
        4.624809 4.655411 0.432416,
        4.630146 4.668918 0.362483,
        4.653506 4.681223 0.292381,
        4.695930 4.692311 0.226236,
        4.755857 4.700654 0.172775,
        4.826936 4.705743 0.137131,
        4.907740 4.709131 0.121444,
        4.993495 4.711619 0.129154,
        5.074625 4.712175 0.160446,
        5.141791 4.711781 0.211478,
        5.193052 4.711204 0.279031,
        5.224720 4.709544 0.360383,
        5.232480 4.709306 0.446523,
        5.217326 4.709313 0.527631,
        5.182076 4.710110 0.599763,
        5.128547 4.713428 0.660970,
        5.062357 4.718787 0.704883,
        4.991433 4.725554 0.729222,
        4.920269 4.734109 0.734240,
        4.849258 4.745787 0.722671,
        4.784079 4.759501 0.695354,
        4.729813 4.774571 0.655401,
        4.686902 4.789468 0.606664,
        4.654657 4.805754 0.547765,
        4.636585 4.820873 0.482121,
        4.634328 4.837831 0.414968,
        4.646841 4.853618 0.349870,
        4.675354 4.869954 0.285346,
        4.720847 4.884667 0.227498,
        4.780025 4.897215 0.182070,
        4.848425 4.907071 0.151655,
        4.926980 4.915133 0.139824,
        5.009462 4.921348 0.150181,
        5.086562 4.925189 0.183054,
        5.150666 4.926506 0.234374,
        5.200509 4.926611 0.303735,
        5.229475 4.927218 0.386677,
        5.234381 4.927303 0.473687,
        5.216217 4.924575 0.555192,
        5.176361 4.923717 0.629508,
        5.117174 4.924567 0.691111,
        5.045248 4.926227 0.733014,
        4.969613 4.928620 0.752923,
        4.892720 4.933195 0.752928,
        4.817959 4.940640 0.734007,
        4.746305 4.949015 0.704190,
        4.813587 4.941620 0.741563,
        4.890437 4.936286 0.761327,
        4.969504 4.933641 0.760652,
        5.046719 4.932883 0.739173,
        5.119289 4.932180 0.695051,
        5.178211 4.932365 0.631485,
        5.216726 4.934629 0.555515,
        5.233020 4.935463 0.473239,
        5.226264 4.935100 0.386480,
        5.195078 4.934410 0.304828,
        5.144513 4.932457 0.237365,
        5.080232 4.929513 0.188379,
        5.004076 4.923637 0.157808,
        4.923615 4.915082 0.148904,
        4.847439 4.904456 0.161485,
        4.781204 4.892741 0.190051,
        4.723504 4.878461 0.233742,
        4.678721 4.861725 0.289663,
        4.649285 4.845078 0.351737,
        4.635283 4.828847 0.415378,
        4.636031 4.814253 0.482036,
        4.652380 4.797663 0.548013,
        4.683083 4.781856 0.608126,
        4.724586 4.767365 0.659076,
        4.779184 4.754268 0.701110,
        4.845457 4.742380 0.730642,
        4.918470 4.732907 0.743724,
        4.991961 4.726533 0.737935,
        5.065035 4.721878 0.713165,
        5.132733 4.718449 0.667469,
        5.186750 4.716767 0.604033,
        5.221268 4.716925 0.529741,
        5.235109 4.717953 0.447169,
        5.225323 4.719598 0.360372,
        5.191674 4.719364 0.279424,
        5.139011 4.719664 0.213098,
        5.070674 4.719975 0.164331,
        4.990005 4.717570 0.135038,
        4.905487 4.713454 0.129403,
        4.826710 4.708033 0.146466,
        4.758007 4.700603 0.182217,
        4.700508 4.689696 0.234992,
        4.658954 4.676749 0.298331,
        4.635836 4.662712 0.366181,
        4.629990 4.647182 0.434185,
        4.639415 4.630426 0.502539,
        4.664212 4.612946 0.566505,
        4.702070 4.598383 0.621273,
        4.749601 4.583037 0.664914,
        4.808074 4.567291 0.698295,
        4.874243 4.551580 0.718502,
        4.943543 4.538300 0.722789,
        5.011487 4.527652 0.711663,
        5.079112 4.518412 0.682940,
        5.139798 4.510885 0.634949,
        5.187207 4.505836 0.572457,
        5.216946 4.503600 0.500700,
        5.227252 4.502320 0.419395,
        5.214366 4.501439 0.334835,
        5.178790 4.501863 0.256702,
        5.124921 4.504610 0.192990,
        5.053995 4.504947 0.144950,
        4.970610 4.504358 0.117479,
        4.883893 4.503861 0.114862,
        4.803846 4.502426 0.134933,
        4.732364 4.499047 0.175685,
        4.674117 4.492900 0.234702,
        4.635173 4.484489 0.305172,
        4.617746 4.474378 0.378779,
        4.618184 4.462331 0.451901,
        4.636360 4.447735 0.522878,
        4.670626 4.431095 0.585498,
        4.715585 4.414927 0.635668,
        4.786913 4.208144 0.683709,
        4.727878 4.224465 0.650378,
        4.677205 4.240024 0.604526,
        4.636726 4.254480 0.543927,
        4.611745 4.267441 0.472369,
        4.604666 4.277953 0.395830,
        4.617655 4.285275 0.319828,
        4.652632 4.291156 0.245571,
        4.708687 4.295336 0.181792,
        4.779910 4.297389 0.136054,
        4.859235 4.296832 0.111332,
        4.945668 4.297031 0.109653,
        5.030757 4.297378 0.132309,
        5.104718 4.295426 0.176734,
        5.161156 4.294025 0.236747,
        5.200342 4.294394 0.310796,
        5.217983 4.296238 0.392780,
        5.213083 4.299406 0.473452,
        5.188936 4.303596 0.545107,
        5.148337 4.310489 0.608629,
        5.093137 4.320173 0.659119,
        5.029903 4.331847 0.693406,
        4.964830 4.344428 0.710886,
        4.897800 4.359388 0.713292,
        4.830705 4.375453 0.701040,
        4.768809 4.391878 0.674046,
        4.716488 4.405943 0.635154,
        4.673593 4.422556 0.584687,
        4.641835 4.439506 0.522837,
        4.624757 4.456126 0.453587,
        4.624821 4.469904 0.382657,
        4.642397 4.481874 0.311913,
        4.679272 4.492849 0.242899,
        4.735142 4.501336 0.184600,
        4.804263 4.506749 0.143194,
        4.882548 4.509811 0.121570,
        4.968171 4.512157 0.122455,
        5.051885 4.512829 0.147379,
        5.123741 4.512770 0.193802,
        5.179355 4.511916 0.256493,
        5.217061 4.510086 0.334570,
        5.231665 4.509933 0.420116,
        5.222738 4.510256 0.503259,
        5.193300 4.510858 0.577214,
        5.145078 4.513976 0.641870,
        5.082444 4.519392 0.691008,
        5.012800 4.526451 0.721225,
        4.942572 4.534893 0.731567,
        4.871542 4.546346 0.725559,
        4.804333 4.560086 0.703474,
        4.746445 4.575424 0.667514,
        4.700000 4.590293 0.622254,
        4.663661 4.606326 0.566609,
        4.640451 4.621442 0.502614,
        4.632901 4.638643 0.435179,
        4.640427 4.654484 0.369165,
        4.663537 4.670543 0.303335,
        4.704246 4.685222 0.242141,
        4.760201 4.697988 0.191850,
        4.826476 4.707982 0.156147,
        4.902943 4.715744 0.138387,
        4.985786 4.721894 0.142153,
        5.065796 4.725926 0.169129,
        5.134224 4.727463 0.215888,
        5.188579 4.727246 0.280305,
        5.223891 4.727758 0.360398,
        5.235694 4.728006 0.447312,
        5.223656 4.725572 0.531019,
        5.190051 4.724379 0.607050,
        5.136161 4.725105 0.672792,
        5.067413 4.726899 0.720520,
        4.992488 4.729624 0.746624,
        4.916845 4.733887 0.752300,
        4.841302 4.741179 0.739355,
        4.773463 4.750861 0.707837,
        4.718404 4.762133 0.663421,
        4.677116 4.774650 0.610409,
        4.648315 4.790050 0.548457,
        4.633767 4.806163 0.481691,
        4.634767 4.822227 0.415156,
        4.650110 4.836095 0.352368,
        4.680613 4.853186 0.292089,
        4.725648 4.870233 0.238780,
        4.782196 4.886535 0.196764,
        4.846634 4.899983 0.169513,
        4.920183 4.912467 0.158169,
        4.998491 4.923586 0.165718,
        5.073087 4.931801 0.194391,
        5.137074 4.936780 0.240981,
        5.188370 4.940361 0.306179,
        5.220733 4.942899 0.386142,
        5.229965 4.943345 0.472231,
        5.215517 4.942789 0.554746,
        5.178622 4.942418 0.631925,
        5.120570 4.940827 0.697437,
        5.047757 4.940496 0.743522,
        4.969415 4.940298 0.766983,
        4.888409 4.941307 0.768787,
        4.809228 4.944711 0.749098,
        4.740145 4.949996 0.710376,
        4.730430 4.215926 0.648661,
        4.682357 4.231796 0.602676,
        4.643485 4.248275 0.543335,
        4.619693 4.262968 0.473754,
        4.613662 4.275338 0.399915,
        4.625225 4.285224 0.325866,
        4.658215 4.293446 0.253056,
        4.711762 4.299659 0.189470,
        4.780771 4.303339 0.142841,
        4.858568 4.304631 0.116833,
        4.944486 4.304913 0.112646,
        5.029906 4.305539 0.133461,
        5.105187 4.305480 0.176356,
        5.163615 4.302672 0.235614,
        5.204744 4.302006 0.310007,
        5.224293 4.302894 0.393302,
        5.220373 4.304428 0.476025,
        5.196186 4.306687 0.549925,
        5.154165 4.311469 0.615129,
        5.097518 4.318971 0.667720,
        5.031774 4.328440 0.702037,
        4.964570 4.339195 0.718439,
        4.895993 4.352182 0.719421,
        4.828581 4.367840 0.704534,
        4.767158 4.383787 0.675635,
        4.716001 4.399323 0.635431,
        4.674594 4.413572 0.584413,
        4.644911 4.430967 0.522813,
        4.630061 4.447897 0.454948,
        4.630771 4.463698 0.385919,
        4.648295 4.477401 0.317417,
        4.684531 4.490234 0.251263,
        4.738022 4.501285 0.193845,
        4.804734 4.509039 0.152520,
        4.880922 4.514135 0.129680,
        4.965160 4.518108 0.128598,
        5.048250 4.520628 0.151561,
        5.121089 4.520652 0.195626,
        5.178011 4.520076 0.256991,
        5.217661 4.520139 0.334511,
        5.234338 4.518580 0.420552,
        5.226828 4.517869 0.505066,
        5.198291 4.517513 0.581111,
        5.149766 4.518997 0.648015,
        5.085767 4.522482 0.699054,
        5.013987 4.527431 0.729874,
        4.941510 4.533691 0.741161,
        4.868386 4.542939 0.733806,
        4.799908 4.554852 0.709600,
        4.741513 4.568219 0.671576,
        4.696304 4.582680 0.624003,
        4.661411 4.598236 0.567038,
        4.639892 4.614822 0.502574,
        4.633884 4.629660 0.435514,
        4.643006 4.645945 0.370841,
        4.667235 4.662315 0.307372,
        4.707390 4.679017 0.248154,
        4.761993 4.693514 0.199716,
        4.826236 4.705367 0.166024,
        4.900305 4.715693 0.147704,
        4.981022 4.724183 0.150184,
        5.059898 4.730249 0.174928,
        5.128312 4.733414 0.219333,
        5.183250 4.735045 0.281822,
        5.220673 4.735640 0.360457,
        5.234303 4.736167 0.446970,
        5.224187 4.735626 0.531303,
        5.192050 4.733026 0.608876,
        5.138582 4.732717 0.676552,
        5.069361 4.733556 0.726545,
        4.992956 4.734645 0.754340,
        4.915224 4.736978 0.760853,
        4.837545 4.742159 0.747234,
        4.767210 4.749659 0.715191,
        4.711180 4.758726 0.668500,
        4.670059 4.769417 0.613111,
        4.641963 4.782845 0.549151,
        4.629724 4.798550 0.481075,
        4.632663 4.814137 0.414252,
        4.649665 4.829475 0.352028,
        4.681252 4.844203 0.292908,
        4.726852 4.861694 0.241610,
        4.782997 4.878307 0.202180,
        4.845957 4.893777 0.176265,
        4.917380 4.907994 0.165733,
        4.992791 4.920971 0.173789,
        5.065678 4.931751 0.200624,
        5.128676 4.939070 0.245064,
        5.180262 4.944685 0.307811,
        5.213904 4.948850 0.385723,
        5.224702 4.951145 0.470496,
        5.212801 4.950671 0.553021,
        5.177644 4.950578 0.630879,
        5.120854 4.950881 0.697968,
        5.048387 4.949143 0.746156,
        4.969351 4.947910 0.771455,
        4.886749 4.947963 0.774897,
        4.805357 4.949732 0.755788,
        4.734003 4.953086 0.716544,
        4.685252 4.223257 0.601637,
        4.648939 4.240046 0.542858,
        4.626377 4.256762 0.474919,
        4.621007 4.270865 0.403251,
        4.632949 4.282609 0.332027,
        4.664006 4.293394 0.260817,
        4.715234 4.301949 0.198138,
        4.781811 4.307663 0.151046,
        4.857745 4.310582 0.123625,
        4.942450 4.312712 0.117799,
        5.027994 4.313420 0.136049,
        5.104072 4.313640 0.177256,
        5.164162 4.312726 0.235361,
        5.207409 4.310653 0.309530,
        5.228750 4.310507 0.393671,
        5.226343 4.311083 0.478133,
        5.202624 4.311708 0.554203,
        5.159975 4.314560 0.621611,
        5.101480 4.319952 0.675499,
        5.033819 4.327238 0.711470,
        4.964267 4.335787 0.727264,
        4.893858 4.346949 0.726669,
        4.825263 4.360635 0.709994,
        4.764213 4.376174 0.678471,
        4.714010 4.391232 0.636565,
        4.674054 4.406952 0.584561,
        4.645950 4.421984 0.522805,
        4.633040 4.439358 0.455713,
        4.635572 4.455470 0.388550,
        4.653256 4.471195 0.322046,
        4.688827 4.485761 0.258092,
        4.740962 4.498670 0.203278,
        4.805222 4.508987 0.162191,
        4.879087 4.516424 0.138836,
        4.961520 4.522432 0.136026,
        5.043763 4.526580 0.156726,
        5.116525 4.528452 0.198766,
        5.174994 4.527959 0.258109,
        5.216234 4.528300 0.334651,
        5.234932 4.528633 0.420649,
        5.229305 4.526516 0.506160,
        5.201816 4.525126 0.583862,
        5.153606 4.525654 0.653050,
        5.088717 4.527504 0.706198,
        5.015171 4.530522 0.738498,
        4.940549 4.534671 0.749837,
        4.864935 4.541738 0.742822,
        4.794738 4.551446 0.716759,
        4.735680 4.562986 0.676381,
        4.690529 4.575474 0.626737,
        4.657394 4.590623 0.567802,
        4.637607 4.606731 0.502409,
        4.633354 4.623040 0.435333,
        4.643877 4.636961 0.371407,
        4.669312 4.653776 0.309641,
        4.709927 4.670789 0.253006,
        4.763500 4.687309 0.206332,
        4.826041 4.700893 0.174089,
        4.897613 4.713078 0.157210,
        4.976083 4.724132 0.158513,
        5.053241 4.732538 0.181475,
        5.121166 4.737737 0.223498,
        5.176669 4.740996 0.283695,
        5.215133 4.743439 0.360560,
        5.231178 4.744048 0.446204,
        5.222924 4.743786 0.530627,
        5.192495 4.743080 0.609283,
        5.140048 4.741365 0.678828,
        5.070736 4.741167 0.730800,
        4.993339 4.741301 0.760660,
        4.913784 4.741999 0.768448,
        4.833798 4.745250 0.755091,
        4.761555 4.750639 0.721841,
        4.703283 4.757524 0.674051,
        4.661811 4.766010 0.616268,
        4.634451 4.777612 0.549971,
        4.623407 4.791345 0.480113,
        4.628906 4.806524 0.412638,
        4.647844 4.821384 0.350636,
        4.680907 4.837582 0.292466,
        4.727259 4.852710 0.242566,
        4.783447 4.869768 0.205223,
        4.845411 4.885549 0.181712,
        4.915022 4.901788 0.172096,
        4.988138 4.916498 0.180379,
        5.058117 4.929136 0.206985,
        5.119967 4.939019 0.249297,
        5.171108 4.946974 0.309654,
        5.205648 4.953173 0.385218,
        5.218205 4.957096 0.468353,
        5.208124 4.958470 0.550049,
        5.175445 4.958460 0.628529,
        5.120177 4.959041 0.696705,
        5.048526 4.959196 0.746742,
        4.969313 4.956557 0.774162,
        4.885576 4.955576 0.779212,
        4.802185 4.956388 0.761269,
        4.728549 4.958108 0.722022,
        4.652004 4.231507 0.542590,
        4.631771 4.248534 0.475859,
        4.627186 4.264659 0.406057,
        4.639256 4.278135 0.337057,
        4.669914 4.290780 0.268736,
        4.718834 4.301898 0.207127,
        4.782986 4.309952 0.160310,
        4.856750 4.314906 0.131837,
        4.939937 4.318663 0.124163,
        5.024701 4.321220 0.140506,
        5.101567 4.321522 0.179276,
        5.162861 4.320886 0.235961,
        5.208002 4.320707 0.309424,
        5.231448 4.319154 0.393894,
        5.230560 4.318696 0.479622,
        5.207898 4.318365 0.557707,
        5.165134 4.319581 0.627367,
        5.105430 4.323042 0.683256,
        5.035669 4.328218 0.720002,
        4.963935 4.334586 0.736911,
        4.891362 4.343543 0.735140,
        4.821339 4.355402 0.716452,
        4.759610 4.368969 0.682903,
        4.710457 4.383620 0.638589,
        4.671844 4.398861 0.585165,
        4.645389 4.415364 0.522809,
        4.634046 4.430374 0.455970,
        4.638269 4.446931 0.390029,
        4.657259 4.462967 0.325782,
        4.692439 4.479555 0.263836,
        4.743362 4.494197 0.210980,
        4.805721 4.506372 0.172058,
        4.877185 4.516373 0.148330,
        4.957411 4.524721 0.144411,
        5.038338 4.530902 0.162970,
        5.110887 4.534403 0.202643,
        5.169799 4.535757 0.260036,
        5.213032 4.536181 0.334966,
        5.233518 4.536794 0.420418,
        5.229856 4.536570 0.506404,
        5.203950 4.533773 0.585529,
        5.156319 4.533265 0.656605,
        5.091134 4.534160 0.712051,
        5.016223 4.535543 0.746156,
        4.939591 4.537762 0.758489,
        4.861815 4.542718 0.750974,
        4.789085 4.550244 0.724583,
        4.728864 4.559579 0.681996,
        4.683699 4.570242 0.629971,
        4.651117 4.583418 0.568996,
        4.633528 4.599119 0.502115,
        4.631185 4.614949 0.434593,
        4.643407 4.630341 0.371101,
        4.670014 4.644792 0.310407,
        4.711352 4.662249 0.255731,
        4.764716 4.679080 0.211670,
        4.825877 4.694688 0.180872,
        4.895414 4.708604 0.164972,
        4.971043 4.721517 0.167011,
        5.046336 4.732487 0.188265,
        5.113098 4.740027 0.228199,
        5.168714 4.745320 0.285959,
        5.208293 4.749390 0.360686,
        5.225796 4.751848 0.444883,
        5.220087 4.751669 0.529109,
        5.191437 4.751240 0.608316,
        5.140374 4.751419 0.679335,
        5.071569 4.749815 0.733377,
        4.993610 4.748914 0.765123,
        4.912606 4.748655 0.774669,
        4.830472 4.750271 0.762069,
        4.755916 4.753730 0.728472,
        4.696141 4.758504 0.679072,
        4.652797 4.764809 0.619718,
        4.625672 4.774205 0.550929,
        4.615937 4.786112 0.478974,
        4.623035 4.799319 0.410116,
        4.644596 4.813772 0.348154,
        4.679498 4.829492 0.290659,
        4.727039 4.846090 0.242050,
        4.783599 4.860784 0.206250,
        4.845104 4.877010 0.184772,
        4.913120 4.893559 0.177231,
        4.984223 4.910292 0.185922,
        5.051944 4.924662 0.212179,
        5.111081 4.936404 0.253616,
        5.161615 4.946923 0.311565,
        5.196328 4.955463 0.384646,
        5.210349 4.961419 0.465763,
        5.202350 4.964421 0.546379,
        5.171659 4.966260 0.624483,
        5.118656 4.966922 0.693870,
        5.048194 4.967356 0.745348,
        4.969305 4.966611 0.774765,
        4.884866 4.964223 0.781825,
        4.799946 4.964000 0.765139,
        4.724081 4.964763 0.726508,
        4.634801 4.239994 0.476387,
        4.632171 4.256430 0.408320,
        4.644561 4.271930 0.341288,
        4.674738 4.286306 0.275202,
        4.722507 4.299283 0.216299,
        4.784204 4.309901 0.169916,
        4.855627 4.317195 0.141106,
        4.936898 4.322987 0.131856,
        5.020636 4.327171 0.146009,
        5.097254 4.329321 0.182754,
        5.159939 4.328768 0.237308,
        5.206591 4.328867 0.309676,
        5.232048 4.329208 0.393944,
        5.233113 4.327343 0.480523,
        5.211622 4.325977 0.560182,
        5.169361 4.326237 0.632081,
        5.108938 4.328063 0.690144,
        5.037512 4.331309 0.728509,
        4.963636 4.335566 0.745635,
        4.888634 4.342341 0.744399,
        4.816753 4.351995 0.723999,
        4.754167 4.363736 0.688144,
        4.704904 4.376415 0.641750,
        4.667899 4.391249 0.586243,
        4.643098 4.407273 0.522827,
        4.633503 4.423754 0.455831,
        4.639180 4.437947 0.390528,
        4.659508 4.454428 0.327880,
        4.695354 4.471326 0.268471,
        4.745381 4.487991 0.217458,
        4.806128 4.501899 0.180115,
        4.875243 4.513759 0.158018,
        4.953150 4.524670 0.153106,
        5.032214 4.533192 0.170019,
        5.104072 4.538726 0.207331,
        5.163385 4.541708 0.262415,
        5.207518 4.543981 0.335508,
        5.230343 4.544676 0.419900,
        5.228545 4.544729 0.505824,
        5.204425 4.543827 0.585899,
        5.157961 4.541913 0.658758,
        5.092841 4.541772 0.716184,
        5.017084 4.542199 0.752429,
        4.938741 4.542783 0.766172,
        4.858704 4.545808 0.759104,
        4.783974 4.551224 0.731660,
        4.721414 4.558378 0.688133,
        4.675719 4.566834 0.633750,
        4.643694 4.578185 0.570409,
        4.627156 4.591913 0.501656,
        4.627315 4.607337 0.433272,
        4.641486 4.622250 0.369853,
        4.669635 4.638172 0.309993,
        4.711833 4.653266 0.256652,
        4.765399 4.670541 0.214670,
        4.825744 4.686459 0.186346,
        4.893565 4.702399 0.171501,
        4.966928 4.717044 0.173950,
        5.039291 4.729873 0.195192,
        5.104732 4.739975 0.233075,
        5.159733 4.747609 0.288515,
        5.200022 4.753714 0.360838,
        5.219152 4.757798 0.443253,
        5.215202 4.759467 0.526494,
        5.189061 4.759122 0.606146,
        5.139598 4.759578 0.678130,
        5.071755 4.759869 0.733950,
        4.993774 4.757561 0.767826,
        4.911773 4.756267 0.779062,
        4.827746 4.756927 0.767784,
        4.750908 4.758752 0.734361,
        4.689020 4.761594 0.684078,
        4.644644 4.765789 0.622839,
        4.616077 4.773003 0.551977,
        4.607207 4.782705 0.477644,
        4.616092 4.794085 0.407133,
        4.639518 4.806567 0.344274,
        4.676983 4.821879 0.287435,
        4.726142 4.837999 0.239942,
        4.783517 4.854164 0.205696,
        4.845000 4.868026 0.185806,
        4.912051 4.885020 0.180115,
        4.981065 4.902063 0.190394,
        5.046752 4.918456 0.216547,
        5.103825 4.931930 0.257143,
        5.151930 4.944308 0.313515,
        5.186663 4.955412 0.384054,
        5.201481 4.963709 0.462838,
        5.195369 4.968744 0.541943,
        5.166986 4.972211 0.619487,
        5.116035 4.974722 0.688987,
        5.047446 4.975239 0.742219,
        4.969325 4.974771 0.773332,
        4.884708 4.974277 0.782407,
        4.798589 4.972648 0.767483,
        4.720926 4.972376 0.729677,
        4.634972 4.247891 0.409592,
        4.648842 4.263702 0.344702,
        4.678795 4.280100 0.280641,
        4.725507 4.294809 0.223788,
        4.785447 4.307287 0.179718,
        4.854462 4.317144 0.150719,
        4.933467 4.325276 0.140540,
        5.015721 4.331494 0.152662,
        5.091928 4.335272 0.187049,
        5.154906 4.336567 0.239628,
        5.203424 4.336749 0.310244,
        5.230620 4.337367 0.393826,
        5.233681 4.337397 0.480724,
        5.213878 4.334624 0.561681,
        5.172346 4.333849 0.635411,
        5.111811 4.334720 0.695786,
        5.039150 4.336330 0.736063,
        4.963337 4.338656 0.754335,
        4.886166 4.343321 0.752772,
        4.811740 4.350793 0.732248,
        4.747806 4.360329 0.694269,
        4.698338 4.371181 0.645489,
        4.661736 4.384044 0.587927,
        4.639009 4.399661 0.522858,
        4.631284 4.415664 0.455262,
        4.638689 4.431327 0.390259,
        4.660267 4.445444 0.328589,
        4.696992 4.462787 0.271074,
        4.747010 4.479763 0.222685,
        4.806470 4.495694 0.186892,
        4.873658 4.509285 0.165928,
        4.948802 4.522055 0.161978,
        5.025863 4.533141 0.177328,
        5.096379 4.541015 0.212622,
        5.155630 4.546032 0.265291,
        5.200709 4.549932 0.336178,
        5.224874 4.552475 0.419006,
        5.225602 4.552612 0.504524,
        5.203296 4.551987 0.585018,
        5.158326 4.551967 0.659237,
        5.093874 4.550419 0.718687,
        5.017692 4.549811 0.756859,
        4.938044 4.549439 0.772465,
        4.855941 4.550830 0.766323,
        4.778877 4.554315 0.738716,
        4.714676 4.559358 0.693683,
        4.666994 4.565633 0.637881,
        4.635019 4.574778 0.572059,
        4.619618 4.586680 0.501113,
        4.621269 4.600131 0.431208,
        4.638057 4.614638 0.367624,
        4.668088 4.630082 0.308304,
        4.711574 4.646646 0.256156,
        4.765630 4.661557 0.215682,
        4.825669 4.677920 0.189421,
        4.892074 4.694170 0.176769,
        4.963466 4.710838 0.179786,
        5.033539 4.725399 0.200848,
        5.096196 4.737361 0.238050,
        5.150420 4.747557 0.291167,
        5.190686 4.756003 0.361010,
        5.211119 4.762122 0.441282,
        5.209169 4.765419 0.523266,
        5.184971 4.766921 0.602408,
        5.137856 4.767460 0.675425,
        5.071314 4.768028 0.732587,
        4.993810 4.767615 0.768428,
        4.911269 4.764915 0.781722,
        4.825822 4.764539 0.771820,
        4.746806 4.765407 0.739185,
        4.682696 4.766615 0.688523,
        4.636515 4.768880 0.625950,
        4.607399 4.773983 0.552924,
        4.597665 4.781504 0.476189,
        4.607978 4.790679 0.403648,
        4.633514 4.801333 0.339686,
        4.673054 4.814674 0.282397,
        4.724541 4.830387 0.236180,
        4.783182 4.846074 0.203430,
        4.845056 4.861406 0.185248,
        4.911690 4.876037 0.181089,
        4.979291 4.893524 0.192907,
        5.042562 4.910228 0.220072,
        5.097722 4.925724 0.260110,
        5.144021 4.939835 0.315107,
        5.176802 4.952797 0.383450,
        5.192286 4.963657 0.459806,
        5.187489 4.971034 0.536934,
        5.161335 4.976534 0.613446,
        5.112800 4.980672 0.682959,
        4.651246 4.255162 0.346620,
        4.682069 4.271872 0.285030,
        4.728030 4.288604 0.230087,
        4.786462 4.302813 0.187721,
        4.853274 4.314529 0.160528,
        4.929909 4.325225 0.149546,
        5.010173 4.333783 0.160172,
        5.085490 4.339596 0.192241,
        5.148693 4.342518 0.242492,
        5.197970 4.344548 0.311222,
        5.227414 4.345250 0.393561,
        5.232330 4.345557 0.480247,
        5.214379 4.344678 0.562015,
        5.174153 4.342497 0.637428,
        5.113841 4.342331 0.699771,
        5.040492 4.342986 0.742252,
        4.963071 4.343678 0.762060,
        4.883706 4.346411 0.761122,
        4.807207 4.351773 0.739708,
        4.740852 4.359128 0.700964,
        4.690663 4.367775 0.649858,
        4.654446 4.378811 0.589919,
        4.632620 4.392456 0.522907,
        4.627323 4.408051 0.454246,
        4.636680 4.423237 0.389157,
        4.659857 4.438824 0.328207,
        4.697544 4.453804 0.271954,
        4.747925 4.471224 0.225622,
        4.806746 4.487465 0.192360,
        4.872324 4.503079 0.172581,
        4.945252 4.517582 0.169222,
        5.019382 4.530526 0.184786,
        5.088401 4.540964 0.218110,
        5.146875 4.548321 0.268538,
        5.192477 4.554255 0.336987,
        5.218122 4.558426 0.417904,
        5.220534 4.560411 0.502285,
        5.200759 4.559869 0.583037,
        5.157457 4.560127 0.658098,
        5.094104 4.560473 0.719244,
        5.018061 4.558459 0.759542,
        4.937552 4.557052 0.776910,
        4.853678 4.557486 0.772237,
        4.774350 4.559336 0.744982,
        4.707957 4.562448 0.699217,
        4.659104 4.566613 0.641617,
        4.625536 4.573576 0.573863,
        4.610810 4.583274 0.500479,
        4.614117 4.594898 0.428767,
        4.632700 4.607433 0.364143,
        4.665326 4.622469 0.305289,
        4.710512 4.638555 0.254125,
        4.765505 4.654938 0.215136,
        4.825644 4.668937 0.190459,
        4.891235 4.685631 0.179729,
        4.960674 4.702610 0.184495,
        5.028701 4.719194 0.205606,
        5.089226 4.732887 0.242112,
        5.140917 4.744943 0.293871,
        5.181005 4.755952 0.361189,
        5.202050 4.764411 0.439057,
        5.201876 4.769742 0.519363,
        5.179920 4.772872 0.597793,
        5.134856 4.775260 0.670767,
        5.070324 4.775911 0.729525,
        4.993723 4.775774 0.766997,
        4.911156 4.774968 0.782314,
        4.824656 4.773187 0.774265,
        4.743909 4.773019 0.742591,
        4.677517 4.773272 0.692165,
        4.629295 4.773901 0.628714,
        4.598746 4.777074 0.553869,
        4.589035 4.782483 0.474874,
        4.599109 4.789477 0.399838,
        4.626498 4.797926 0.334324,
        4.668406 4.809441 0.276438,
        4.722039 4.823181 0.230300,
        4.782584 4.838461 0.199385,
        4.845285 4.853315 0.182969,
        4.911885 4.869417 0.180563,
        4.978692 4.884541 0.193755,
        5.040209 4.901689 0.222052,
        5.092798 4.917496 0.262503,
        5.137369 4.933629 0.316447,
        5.168749 4.948324 0.382957,
        5.182903 4.961043 0.456711,
        5.179316 4.970983 0.531740,
        5.154956 4.978824 0.606627,
        4.683908 4.263333 0.287495,
        4.730066 4.280375 0.235170,
        4.787315 4.296607 0.194453,
        4.852303 4.310056 0.168537,
        4.926280 4.322610 0.158735,
        5.004419 4.333733 0.167961,
        5.078222 4.341885 0.198103,
        5.141181 4.346841 0.245955,
        5.191236 4.350499 0.312428,
        5.221892 4.353049 0.393103,
        5.229296 4.353439 0.479176,
        5.213186 4.352838 0.561222,
        5.174555 4.352550 0.637876,
        5.115070 4.350979 0.702183,
        5.041439 4.350598 0.746622,
        4.962853 4.350334 0.768389,
        4.881520 4.351433 0.768537,
        4.802687 4.354864 0.747147,
        4.734564 4.360107 0.707019,
        4.682275 4.366573 0.654634,
        4.645928 4.375404 0.592246,
        4.625064 4.387222 0.522965,
        4.621134 4.400846 0.452657,
        4.633094 4.415624 0.387192,
        4.658182 4.430733 0.326643,
        4.697246 4.447184 0.271479,
        4.748233 4.462240 0.226613,
        4.806901 4.478926 0.195432,
        4.871249 4.494851 0.177949,
        4.942265 4.511376 0.175315,
        5.014091 4.526053 0.190876,
        5.080261 4.538350 0.223709,
        5.137796 4.548270 0.271905,
        5.183185 4.556544 0.337901,
        5.209958 4.562750 0.416570,
        5.214276 4.566362 0.499520,
        5.196391 4.567668 0.579628,
        5.155506 4.568009 0.655539,
        5.093557 4.568633 0.717919,
        5.018142 4.568512 0.760138,
        4.937254 4.565699 0.779601,
        4.852079 4.565098 0.776413,
        4.770643 4.565992 0.750115,
        4.701991 4.567470 0.704132,
        4.651237 4.569704 0.645342,
        4.616960 4.574556 0.575495,
        4.601183 4.582072 0.499785,
        4.605759 4.591491 0.425913,
        4.626364 4.602200 0.360025,
        4.661011 4.615264 0.300576,
        4.708618 4.630943 0.250502,
        4.764996 4.646847 0.212902,
        4.825658 4.662317 0.189899,
        4.890952 4.676648 0.180728,
        4.959105 4.694070 0.187141,
        5.024797 4.710965 0.209445,
        5.083363 4.726681 0.245528,
        5.133158 4.740469 0.296080,
        5.171126 4.753337 0.361370,
        5.192646 4.764360 0.436750,
        5.193643 4.772031 0.514957,
        5.173814 4.777196 0.592214,
        5.131152 4.781211 0.665015,
        5.068620 4.783710 0.724253,
        4.993529 4.783657 0.763785,
        4.911423 4.783128 0.780907,
        4.824397 4.783240 0.774808,
        4.742155 4.781667 0.744654,
        4.673858 4.780884 0.694736,
        4.623382 4.780557 0.630977,
        4.591061 4.782096 0.554707,
        4.580430 4.785574 0.473563,
        4.591088 4.790457 0.396393,
        4.618828 4.796725 0.328463,
        4.662976 4.806034 0.269475,
        4.719081 4.817948 0.223347,
        4.781650 4.831256 0.193063,
        4.845693 4.845703 0.178900,
        4.912681 4.861326 0.178415,
        4.979015 4.877920 0.193297,
        5.039414 4.892705 0.222721,
        5.090032 4.908957 0.263848,
        5.132001 4.925401 0.317528,
        5.161976 4.942118 0.382542,
        5.175241 4.956569 0.454185,
        5.170977 4.968368 0.526441,
        5.148340 4.978772 0.599556,
        4.731209 4.271836 0.238025,
        4.788004 4.288379 0.199885,
        4.851487 4.303850 0.175273,
        4.923315 4.318137 0.166238,
        4.998548 4.331118 0.175907,
        5.070685 4.341833 0.204182,
        5.132702 4.349131 0.249864,
        5.183094 4.354823 0.313888,
        5.215073 4.359000 0.392539,
        5.224071 4.361238 0.477331,
        5.210506 4.360720 0.559441,
        5.173599 4.360710 0.636809,
        5.115343 4.361033 0.702720,
        5.042013 4.359246 0.749268,
        4.962700 4.357946 0.772857,
        4.879731 4.358089 0.774611,
        4.798672 4.359885 0.753753,
        4.728294 4.363198 0.713057,
        4.674689 4.367553 0.658954,
        4.636617 4.374202 0.594791,
        4.616233 4.383815 0.523033,
        4.613815 4.395613 0.450780,
        4.627491 4.408419 0.384120,
        4.655193 4.423121 0.323854,
        4.696026 4.439093 0.269540,
        4.748067 4.455620 0.226078,
        4.806953 4.469943 0.196470,
        4.870644 4.486312 0.180965,
        4.939856 4.503147 0.180231,
        5.009641 4.519847 0.195998,
        5.073614 4.533876 0.228281,
        5.128532 4.545655 0.275341,
        5.173548 4.556494 0.338849,
        5.200743 4.565039 0.415065,
        5.206709 4.570685 0.496178,
        5.190999 4.573619 0.575417,
        5.152145 4.575808 0.651134,
        5.092329 4.576515 0.714945,
        5.017948 4.576672 0.758719,
        4.937188 4.575753 0.780200,
        4.851111 4.573745 0.778942,
        4.768024 4.573605 0.753740,
        4.697104 4.574126 0.708158,
        4.644250 4.574725 0.648650,
        4.608409 4.577647 0.577122,
        4.592475 4.583052 0.499158,
        4.596624 4.590289 0.422795,
        4.618960 4.598793 0.355213,
        4.655907 4.610031 0.295004,
        4.705657 4.623737 0.244839,
        4.764088 4.639234 0.208915,
        4.825714 4.654226 0.187609,
        4.891106 4.670028 0.180189,
        4.958575 4.685087 0.188034,
        5.022604 4.702426 0.211602,
        5.078633 4.718453 0.248285,
        5.126632 4.734263 0.297938,
        5.163061 4.748864 0.361519,
        5.183050 4.761746 0.434395,
        5.185106 4.771980 0.510389,
        5.166920 4.779485 0.585915,
        5.126673 4.785534 0.658060,
        5.066515 4.789661 0.717743,
        4.993193 4.791456 0.758255,
        4.912022 4.791011 0.777745,
        4.825013 4.791400 0.773515,
        4.741765 4.791721 0.745113,
        4.671643 4.789531 0.696293,
        4.619206 4.788169 0.632576,
        4.584767 4.788751 0.555395,
        4.572788 4.790595 0.472398,
        4.583090 4.793548 0.392957,
        4.611892 4.797705 0.323163,
        4.657039 4.804832 0.261863,
        4.715623 4.814542 0.215221,
        4.780545 4.826023 0.185588,
        4.846330 4.838497 0.172543,
        4.914102 4.853713 0.174581,
        4.980337 4.869830 0.191426,
        5.039843 4.886085 0.222360,
        5.089098 4.899973 0.264302,
        5.128986 4.916862 0.318135,
        5.156511 4.933889 0.382207,
        5.168796 4.950363 0.452060,
        5.164169 4.963895 0.522114,
        5.141590 4.976157 0.592341,
        4.788391 4.279840 0.202936,
        4.850828 4.295622 0.180708,
        4.920822 4.311931 0.172549,
        4.993754 4.326644 0.182396,
        5.062993 4.339219 0.210385,
        5.123907 4.349080 0.253918,
        5.173903 4.357112 0.315535,
        5.206830 4.363323 0.391856,
        5.217620 4.367189 0.475053,
        5.205891 4.368519 0.556374,
        5.171451 4.368593 0.634413,
        5.114693 4.369193 0.701444,
        5.042140 4.369300 0.749857,
        4.962607 4.366593 0.775564,
        4.878467 4.365701 0.778900,
        4.795384 4.366541 0.759164,
        4.722725 4.368219 0.718419,
        4.667125 4.370644 0.663261,
        4.628196 4.375182 0.597092,
        4.606581 4.382614 0.523107,
        4.605261 4.392206 0.448585,
        4.620865 4.403186 0.380488,
        4.650521 4.415916 0.319494,
        4.693850 4.431480 0.266078,
        4.747385 4.447530 0.223891,
        4.806925 4.463322 0.195910,
        4.870440 4.477328 0.181983,
        4.938503 4.494609 0.182994,
        5.006050 4.511619 0.200131,
        5.068023 4.527670 0.232127,
        5.120968 4.541181 0.278146,
        5.163715 4.553879 0.339815,
        5.191187 4.564988 0.413504,
        5.198169 4.572974 0.492404,
        5.184479 4.577943 0.570327,
        5.147995 4.581759 0.645694,
        5.090214 4.584314 0.709824,
        5.017510 4.584555 0.755531,
        4.937345 4.583913 0.778776,
        4.850896 4.583799 0.779505,
        4.766439 4.582252 0.755935,
        4.693652 4.581738 0.711001,
        4.638528 4.581381 0.651359,
        4.600815 4.582668 0.578567,
        4.583793 4.586142 0.498533,
        4.588363 4.591270 0.419974,
        4.610866 4.597591 0.349953,
        4.649943 4.606624 0.288491,
        4.702156 4.618504 0.238143,
        4.762669 4.632029 0.202685,
        4.825813 4.646614 0.183521,
        4.891730 4.661937 0.177984,
        4.958861 4.678467 0.187552,
        5.021863 4.693443 0.212330,
        5.075976 4.709914 0.249834,
        5.121365 4.726035 0.299437,
        5.156276 4.742658 0.361644,
        5.175215 4.757272 0.432473,
        5.176395 4.769365 0.505727,
        5.159772 4.779434 0.579383,
        5.121617 4.787824 0.650210,
        5.063971 4.793984 0.709872,
        4.992779 4.797407 0.751426,
        4.913054 4.798809 0.772301,
        4.826398 4.799282 0.770611,
        4.742693 4.799881 0.744021,
        4.671150 4.799585 0.696640,
        4.616677 4.796817 0.633544,
        4.580321 4.796364 0.555880,
        4.566528 4.797252 0.471444,
        4.575988 4.798569 0.389906,
        4.604975 4.800795 0.317878,
        4.651671 4.805812 0.254980,
        4.711843 4.813340 0.206339,
        4.779253 4.822616 0.176852,
        4.847084 4.833265 0.165024,
        4.916322 4.846508 0.168589,
        4.982696 4.862217 0.188085,
        5.041596 4.877995 0.220885,
        5.089602 4.893353 0.264057,
        5.127968 4.907878 0.318339,
        5.153441 4.925350 0.382019,
        5.163597 4.942135 0.450345,
        5.158441 4.957689 0.518474,
        5.136079 4.971684 0.586450,
        4.850459 4.287083 0.183762,
        4.918811 4.303702 0.177641,
        4.989723 4.320438 0.187854,
        5.056714 4.334745 0.215449,
        5.114935 4.346465 0.258054,
        5.164372 4.357061 0.317243,
        5.197525 4.365613 0.391085,
        5.209820 4.371513 0.472299,
        5.200192 4.374470 0.552587,
        5.167752 4.376392 0.630287,
        5.113233 4.377074 0.698576,
        5.041837 4.377460 0.748456,
        4.962586 4.376647 0.776166,
        4.877702 4.374348 0.781497,
        4.793061 4.374154 0.762985,
        4.718164 4.374876 0.722810,
        4.660407 4.375665 0.667085,
        4.619799 4.378272 0.599386,
        4.597852 4.383593 0.523174,
        4.595911 4.391005 0.446185,
        4.613121 4.399779 0.376244,
        4.644996 4.410683 0.314339,
        4.690448 4.424275 0.260670,
        4.746169 4.439917 0.219987,
        4.806809 4.455231 0.193622,
        4.870550 4.470708 0.181434,
        4.938046 4.485625 0.183926,
        5.004032 4.503080 0.202453,
        5.063512 4.519442 0.235230,
        5.114606 4.534976 0.280506,
        5.155687 4.549406 0.340605,
        5.181435 4.562373 0.411912,
        5.189311 4.572924 0.488491,
        5.177119 4.580232 0.564581,
        5.142979 4.586082 0.639118,
        5.087602 4.590265 0.703500,
        5.016756 4.592353 0.750042,
        4.937700 4.591794 0.775578,
        4.851408 4.591959 0.778167,
        4.766086 4.592306 0.756423,
        4.691562 4.590385 0.712722,
        4.634486 4.588993 0.653273,
        4.594595 4.589324 0.579750,
        4.576083 4.591163 0.497978,
        4.580126 4.594360 0.417162,
        4.603546 4.598571 0.345196,
        4.643424 4.605422 0.281372,
        4.698064 4.615097 0.230317,
        4.760991 4.626796 0.195317,
        4.825967 4.639408 0.177133,
        4.892844 4.654324 0.174050,
        4.960030 4.670376 0.185581,
        5.022263 4.686822 0.211937,
        5.075078 4.700930 0.250357,
        5.118407 4.717496 0.300279,
        5.150802 4.734430 0.361745,
        5.168625 4.751066 0.430856,
        5.169281 4.764892 0.501920,
        5.152478 4.776819 0.572719,
        5.116374 4.787772 0.642069,
        5.061098 4.796273 0.700987,
        4.992278 4.801730 0.743169,
        4.914328 4.804761 0.765579,
        4.828783 4.807081 0.765609,
        4.744778 4.807763 0.741570,
        4.672322 4.807745 0.695816,
        4.616114 4.806870 0.633759,
        4.577630 4.805011 0.556174,
        4.562107 4.804863 0.470771,
        4.570170 4.805225 0.387406,
        4.598833 4.805817 0.313184,
        4.646317 4.808903 0.248116,
        4.708425 4.814320 0.198307,
        4.777842 4.821414 0.167304,
        4.847965 4.829857 0.156237,
        4.918947 4.841275 0.161503,
        4.986381 4.855012 0.182866,
        5.044725 4.870382 0.218253,
        5.091663 4.885263 0.263056,
        5.128517 4.901258 0.318229,
        5.152404 4.916367 0.381956,
        5.160676 4.933596 0.449382,
        5.153821 4.949461 0.515538,
        5.131443 4.965478 0.581494,
        5.091409 4.980146 0.643096,
        5.088200 4.973941 0.637117,
        5.127703 4.957250 0.577496,
        5.151225 4.940921 0.513888,
        5.159689 4.924612 0.449057,
        5.152964 4.909747 0.381990,
        5.130763 4.893167 0.317777,
        5.095340 4.877650 0.261268,
        5.049614 4.863177 0.214139,
        4.990740 4.849779 0.176694,
        4.922015 4.837869 0.153222,
        4.848928 4.828656 0.146632,
        4.776565 4.822394 0.158668,
        4.705017 4.817410 0.190297,
        4.641563 4.813924 0.242020,
        4.593803 4.812472 0.309339,
        4.566061 4.812837 0.385641,
        4.559431 4.813511 0.470363,
        4.577031 4.815065 0.556239,
        4.617452 4.815030 0.633247,
        4.674954 4.815627 0.693965,
        4.748367 4.815562 0.737349,
        4.831728 4.813032 0.759433,
        4.915869 4.809084 0.757452,
        4.991713 4.804019 0.733849,
        5.058120 4.796222 0.691774,
        5.111025 4.785157 0.633762,
        5.146522 4.772346 0.567278,
        5.163299 4.758686 0.498719,
        5.163307 4.742838 0.429551,
        5.147726 4.725890 0.361802,
        5.117409 4.708512 0.300563,
        5.075563 4.694310 0.250075,
        5.023896 4.678732 0.210330,
        4.962115 4.662764 0.182065,
        4.894584 4.647119 0.167902,
        4.826150 4.634175 0.169579,
        4.759030 4.623389 0.186707,
        4.693591 4.613896 0.221763,
        4.637529 4.606402 0.274935,
        4.596248 4.601661 0.340452,
        4.572810 4.599381 0.414665,
        4.569768 4.597820 0.497522,
        4.590202 4.596936 0.580586,
        4.632039 4.597641 0.654432,
        4.691097 4.600439 0.713106,
        4.766925 4.600466 0.755262,
        4.852559 4.599841 0.775161,
        4.938309 4.599594 0.770070,
        5.015826 4.598304 0.743263,
        5.084446 4.594589 0.695855,
        5.137315 4.588372 0.631694,
        5.169486 4.580181 0.558622,
        5.180274 4.570309 0.484498,
        5.173474 4.557900 0.410611,
        5.148933 4.543199 0.341269,
        5.109472 4.526748 0.282409,
        5.060978 4.510903 0.236973,
        5.003351 4.494096 0.203237,
        4.938292 4.479005 0.183423,
        4.871000 4.462617 0.179187,
        4.806604 4.447619 0.189538,
        4.744268 4.432712 0.213887,
        4.686425 4.419042 0.254273,
        4.638541 4.407276 0.308314,
        4.604656 4.398577 0.371604,
        4.587456 4.391985 0.444016,
        4.589147 4.386684 0.523241,
        4.612343 4.383294 0.601424,
        4.654905 4.382321 0.670219,
        4.714943 4.382487 0.725912,
        4.791656 4.382801 0.765300,
        4.877531 4.384402 0.782075,
        4.962635 4.384807 0.774734,
        5.041155 4.385341 0.745312,
        5.110718 4.384874 0.693639,
        5.163185 4.382342 0.625193,
        5.193304 4.378794 0.548009,
        5.201015 4.373802 0.469191,
        5.187874 4.365562 0.390286,
        5.154646 4.354446 0.318986,
        5.107609 4.341992 0.261431,
        5.051432 4.328540 0.219709,
        4.986469 4.312210 0.192257,
        4.917681 4.295163 0.180502,
        4.984642 4.303671 0.194731,
        5.047170 4.320311 0.223146,
        5.101446 4.335786 0.264272,
        5.146706 4.349973 0.320409,
        5.178028 4.362947 0.389470,
        5.191885 4.373751 0.465967,
        5.185527 4.381083 0.542841,
        5.157665 4.386666 0.619034,
        5.107613 4.390825 0.687542,
        5.039981 4.393141 0.739897,
        4.962746 4.392689 0.771518,
        4.877936 4.392562 0.780701,
        4.791343 4.392854 0.765814,
        4.712992 4.391135 0.727790,
        4.651019 4.389933 0.672431,
        4.606235 4.389950 0.603093,
        4.581417 4.391706 0.523300,
        4.579024 4.395075 0.441852,
        4.597002 4.399557 0.367407,
        4.631483 4.406074 0.301728,
        4.681724 4.415635 0.246798,
        4.742020 4.427478 0.206672,
        4.806281 4.440414 0.183156,
        4.871804 4.455005 0.175178,
        4.939300 4.470914 0.181366,
        5.003719 4.487476 0.202814,
        5.060122 4.501919 0.237562,
        5.106589 4.518209 0.283479,
        5.143484 4.534971 0.341805,
        5.166776 4.551694 0.409518,
        5.172894 4.565835 0.481238,
        5.161699 4.577566 0.552542,
        5.131442 4.588320 0.623995,
        5.080881 4.596878 0.687224,
        5.014701 4.602628 0.735069,
        4.939062 4.605545 0.763270,
        4.854539 4.607640 0.769986,
        4.768809 4.608348 0.752654,
        4.692203 4.608599 0.712194,
        4.631494 4.607694 0.654689,
        4.587542 4.605584 0.581092,
        4.565307 4.605432 0.497201,
        4.566818 4.606038 0.412619,
        4.589767 4.606683 0.336240,
        4.631650 4.609493 0.268515,
        4.689546 4.614876 0.214028,
        4.756886 4.622187 0.177295,
        4.826364 4.630769 0.160750,
        4.896643 4.641886 0.160631,
        4.965374 4.655558 0.176569,
        5.026812 4.671119 0.207463,
        5.077541 4.686220 0.248921,
        5.117948 4.701892 0.300409,
        5.146688 4.716907 0.361821,
        5.160320 4.734299 0.428818,
        5.158471 4.750457 0.496135,
        5.141513 4.766140 0.562700,
        5.106657 4.780684 0.626980,
        5.055080 4.793607 0.682373,
        4.991127 4.803969 0.724183,
        4.917608 4.811373 0.748278,
        4.835288 4.817356 0.751967,
        4.752799 4.821513 0.732137,
        4.679488 4.823426 0.690779,
        4.620457 4.822912 0.632096,
        4.578455 4.823225 0.556084,
        4.558835 4.823565 0.470272,
        4.563573 4.821485 0.384573,
        4.590249 4.820085 0.306624,
        4.637669 4.820580 0.237028,
        4.701990 4.822432 0.183184,
        4.775293 4.825485 0.150057,
        4.849799 4.829636 0.137946,
        4.925369 4.836667 0.144171,
        4.995834 4.846372 0.169480,
        5.055396 4.857944 0.209274,
        5.101086 4.870445 0.258474,
        5.134771 4.885555 0.316970,
        5.155251 4.901656 0.382130,
        5.160222 4.917992 0.449232,
        5.150348 4.931938 0.513331,
        5.125602 4.948711 0.575250,
        5.085612 4.965712 0.632293,
        5.032485 4.982256 0.679572,
        5.031213 4.974028 0.674247,
        5.084157 4.957173 0.629583,
        5.124892 4.939727 0.574492,
        5.150821 4.925318 0.513631,
        5.162398 4.909901 0.449950,
        5.159332 4.894043 0.382380,
        5.141035 4.878349 0.315709,
        5.107883 4.865212 0.255171,
        5.062154 4.854537 0.203589,
        5.001402 4.845170 0.161595,
        4.928402 4.837646 0.135986,
        4.850668 4.832727 0.129285,
        4.774162 4.830506 0.142410,
        4.699511 4.829088 0.177358,
        4.634919 4.828193 0.233502,
        4.588098 4.828732 0.304980,
        4.563020 4.831538 0.384335,
        4.560251 4.831724 0.470488,
        4.581654 4.831107 0.555735,
        4.625632 4.830711 0.630116,
        4.685085 4.829377 0.686844,
        4.758158 4.825837 0.725836,
        4.839307 4.819645 0.743539,
        4.919411 4.811322 0.738764,
        4.990528 4.801354 0.714321,
        5.052599 4.789134 0.674697,
        5.102983 4.774478 0.621275,
        5.137471 4.757911 0.559007,
        5.155760 4.741919 0.494684,
        5.159312 4.725315 0.428571,
        5.147249 4.710287 0.361811,
        5.120151 4.693802 0.299782,
        5.081075 4.678607 0.246862,
        5.031368 4.663914 0.202983,
        4.969229 4.650326 0.170069,
        4.899049 4.638479 0.152135,
        4.826598 4.629567 0.151101,
        4.754948 4.623168 0.168784,
        4.685513 4.617966 0.206314,
        4.626429 4.614515 0.262815,
        4.584457 4.613339 0.332789,
        4.562586 4.613650 0.411174,
        4.562607 4.614080 0.497007,
        4.586950 4.615638 0.581205,
        4.632789 4.615854 0.654076,
        4.694687 4.616481 0.710149,
        4.772054 4.616147 0.748162,
        4.856984 4.613591 0.763596,
        4.939972 4.609868 0.755049,
        5.013431 4.604917 0.725818,
        5.077185 4.596827 0.678274,
        5.125450 4.585706 0.616140,
        5.155340 4.573093 0.547578,
        5.166687 4.559630 0.478496,
        5.161373 4.543465 0.408635,
        5.140424 4.526432 0.342106,
        5.105615 4.509225 0.283840,
        5.060584 4.495299 0.237244,
        5.005222 4.479385 0.201085,
        4.941100 4.463301 0.177694,
        4.873059 4.447800 0.168913,
        4.805900 4.435181 0.175609,
        4.739392 4.424072 0.198242,
        4.676585 4.414434 0.238626,
        4.625101 4.407054 0.295772,
        4.589369 4.402648 0.363224,
        4.571537 4.400096 0.439931,
        4.575085 4.398361 0.523349,
        4.601921 4.397562 0.604272,
        4.648666 4.398581 0.673771,
        4.712558 4.401189 0.728208,
        4.792087 4.401015 0.764590,
        4.878846 4.400444 0.777615,
        4.962936 4.400489 0.765980,
        5.038532 4.399092 0.733210,
        5.103859 4.395148 0.680172,
        5.151432 4.388955 0.612081,
        5.177461 4.381032 0.537482,
        5.182568 4.371136 0.462678,
        5.169988 4.358473 0.388804,
        5.140026 4.343767 0.321607,
        5.096474 4.327557 0.266564,
        5.044776 4.311772 0.225077,
        5.093680 4.319018 0.267851,
        5.134637 4.335538 0.322572,
        5.163226 4.352268 0.388244,
        5.174961 4.366663 0.459992,
        5.169232 4.378417 0.532014,
        5.144968 4.388904 0.604870,
        5.099622 4.397438 0.671851,
        5.036780 4.403415 0.725126,
        4.963171 4.406439 0.759143,
        4.880412 4.408244 0.772300,
        4.793758 4.408897 0.761840,
        4.713591 4.409348 0.727214,
        4.648142 4.408634 0.674069,
        4.599309 4.406209 0.604985,
        4.570614 4.405974 0.523383,
        4.565404 4.406752 0.438357,
        4.582590 4.407669 0.359508,
        4.618737 4.410144 0.289833,
        4.671937 4.415414 0.231237,
        4.736521 4.422870 0.189026,
        4.805455 4.431774 0.166790,
        4.874544 4.442567 0.161504,
        4.943911 4.456096 0.171956,
        5.007904 4.471772 0.197998,
        5.062472 4.487209 0.235946,
        5.106140 4.502605 0.283645,
        5.139390 4.517448 0.342207,
        5.158338 4.534926 0.408139,
        5.161679 4.551401 0.476283,
        5.149991 4.566887 0.543402,
        5.120557 4.581232 0.609726,
        5.073414 4.594212 0.669143,
        5.012114 4.604866 0.716225,
        4.940999 4.612157 0.745768,
        4.859941 4.617915 0.755872,
        4.776060 4.622098 0.742616,
        4.698964 4.624280 0.706626,
        4.635698 4.623736 0.652700,
        4.588358 4.623798 0.580937,
        4.562006 4.624133 0.496963,
        4.560023 4.622297 0.410300,
        4.580707 4.620951 0.330352,
        4.622152 4.621170 0.258145,
        4.681931 4.622987 0.199464,
        4.753015 4.626258 0.160296,
        4.826810 4.630546 0.142374,
        4.901680 4.637278 0.142848,
        4.973734 4.646918 0.162474,
        5.036756 4.658681 0.197685,
        5.086595 4.671402 0.243645,
        5.124083 4.686189 0.298663,
        5.149539 4.702196 0.361768,
        5.159856 4.718695 0.428704,
        5.154844 4.732935 0.494194,
        5.135200 4.749372 0.556932,
        5.100019 4.766250 0.616672,
        5.050511 4.782929 0.668240,
        4.990041 4.796880 0.706269,
        4.921251 4.808707 0.729057,
        4.843474 4.819594 0.734798,
        4.764207 4.828126 0.718722,
        4.691851 4.833701 0.682087,
        4.632022 4.836662 0.627670,
        4.587162 4.838906 0.555133,
        4.563432 4.839607 0.470973,
        4.564336 4.839698 0.384900,
        4.587619 4.838786 0.304615,
        4.633254 4.836840 0.231367,
        4.697759 4.836700 0.173243,
        4.773236 4.837162 0.136146,
        4.851439 4.837748 0.121594,
        4.931426 4.840737 0.127823,
        5.006438 4.846150 0.154465,
        5.069540 4.853335 0.197375,
        5.115825 4.861805 0.251310,
        5.148443 4.873117 0.314217,
        5.165710 4.886838 0.382771,
        5.166281 4.902289 0.451230,
        5.152755 4.917227 0.514860,
        5.125275 4.933107 0.574901,
        5.083666 4.948189 0.628667,
        5.030499 4.965489 0.671256,
        4.904256 4.989108 0.710482,
        4.970400 4.972904 0.697163,
        5.030257 4.956505 0.670245,
        5.083931 4.941569 0.629161,
        5.126840 4.925017 0.576574,
        5.156206 4.909615 0.517054,
        5.172349 4.895084 0.453231,
        5.173252 4.881605 0.383233,
        5.157100 4.869709 0.312474,
        5.124506 4.860603 0.247091,
        5.076220 4.854315 0.191755,
        5.011459 4.849241 0.147354,
        4.934112 4.845759 0.120575,
        4.852071 4.844404 0.115294,
        4.772582 4.844774 0.131722,
        4.696699 4.845348 0.170752,
        4.632884 4.846894 0.230891,
        4.588757 4.846946 0.305484,
        4.567293 4.847581 0.386170,
        4.568910 4.847406 0.471807,
        4.593963 4.844857 0.554391,
        4.639746 4.840985 0.624713,
        4.699491 4.835990 0.676717,
        4.770480 4.828074 0.711346,
        4.847727 4.816979 0.725880,
        4.922753 4.804234 0.721131,
        4.989629 4.790674 0.699496,
        5.048827 4.774700 0.663030,
        5.098354 4.757711 0.614085,
        5.134433 4.740389 0.556231,
        5.155338 4.726315 0.494459,
        5.162081 4.710605 0.429250,
        5.153628 4.694584 0.361693,
        5.130230 4.678984 0.296914,
        5.093124 4.666169 0.239840,
        5.043052 4.655274 0.191493,
        4.978657 4.645717 0.154171,
        4.904058 4.638257 0.134448,
        4.827020 4.633637 0.133672,
        4.751298 4.631280 0.152759,
        4.678997 4.629644 0.193852,
        4.619133 4.628783 0.254847,
        4.578437 4.629599 0.328877,
        4.559453 4.632351 0.410105,
        4.563435 4.632293 0.497066,
        4.591519 4.631680 0.580335,
        4.640706 4.631535 0.650328,
        4.704244 4.630231 0.702276,
        4.780903 4.626421 0.735911,
        4.863278 4.620204 0.747151,
        4.942065 4.612107 0.736144,
        5.010770 4.602252 0.706437,
        5.070335 4.589738 0.661686,
        5.116441 4.575027 0.604330,
        5.145676 4.558658 0.540033,
        5.158866 4.542862 0.475041,
        5.157313 4.525942 0.407972,
        5.139948 4.510828 0.342153,
        5.108289 4.494514 0.282848,
        5.065841 4.479596 0.233628,
        5.012094 4.464568 0.193174,
        4.947237 4.450863 0.165171,
        4.876280 4.439160 0.152846,
        4.804968 4.430572 0.157150,
        4.733924 4.423850 0.180692,
        4.667303 4.418504 0.223869,
        4.613085 4.415166 0.284559,
        4.577037 4.414325 0.356464,
        4.561072 4.414365 0.437246,
        4.567906 4.414621 0.523404,
        4.598728 4.416263 0.605144,
        4.649387 4.416794 0.673360,
        4.715908 4.417231 0.724982,
        4.796635 4.416696 0.757105,
        4.882346 4.414194 0.765737,
        4.963456 4.410763 0.750876,
        5.034801 4.405704 0.716001,
        5.095227 4.397387 0.663222,
        5.138374 4.386289 0.597514,
        5.162513 4.373944 0.527549,
        5.168562 4.360457 0.457733,
        5.157769 4.344039 0.387793,
        5.131609 4.327000 0.323115,
        5.154704 4.335500 0.387539,
        5.163399 4.352228 0.455910,
        5.156862 4.367738 0.523793,
        5.132989 4.381816 0.591507,
        5.090744 4.394772 0.654418,
        5.032750 4.405653 0.706537,
        4.963776 4.413052 0.741544,
        4.884684 4.418518 0.757802,
        4.800188 4.422646 0.751258,
        4.719899 4.425030 0.721139,
        4.652183 4.424676 0.671768,
        4.600110 4.424423 0.604767,
        4.567304 4.424675 0.523409,
        4.558449 4.423012 0.436573,
        4.573117 4.421937 0.354315,
        4.608457 4.421822 0.280239,
        4.663188 4.423526 0.217325,
        4.731334 4.426941 0.172381,
        4.804528 4.431552 0.148431,
        4.878176 4.437958 0.143381,
        4.951123 4.447456 0.157241,
        5.017050 4.459334 0.187470,
        5.071105 4.472391 0.230007,
        5.112122 4.486902 0.281427,
        5.142228 4.502738 0.341928,
        5.157866 4.519323 0.408062,
        5.157916 4.533878 0.474620,
        5.143251 4.550119 0.538140,
        5.113120 4.566798 0.599977,
        5.067744 4.583533 0.655414,
        5.009673 4.597778 0.698444,
        4.943152 4.609492 0.726324,
        4.866740 4.620153 0.738107,
        4.786370 4.628711 0.728341,
        4.710628 4.634555 0.697017,
        4.646889 4.637486 0.647400,
        4.596962 4.639479 0.579300,
        4.566644 4.640175 0.497297,
        4.560809 4.640511 0.410568,
        4.577932 4.639653 0.328549,
        4.617304 4.637430 0.252850,
        4.676925 4.637256 0.189890,
        4.749892 4.637935 0.146586,
        4.827207 4.638658 0.125944,
        4.906430 4.641348 0.126073,
        4.983111 4.646696 0.146663,
        5.049935 4.654072 0.184726,
        5.100754 4.662762 0.235394,
        5.137497 4.673751 0.294845,
        5.160016 4.687378 0.361575,
        5.166053 4.702992 0.430224,
        5.157358 4.718224 0.495539,
        5.134847 4.733769 0.556610,
        5.097791 4.748727 0.613212,
        5.047881 4.766161 0.660104,
        4.989298 4.782446 0.694031,
        4.924017 4.798028 0.714464,
        4.851200 4.812506 0.718598,
        4.776880 4.825460 0.703819,
        4.707412 4.835939 0.671148,
        4.648467 4.843275 0.621376,
        4.602186 4.849180 0.553493,
        4.575674 4.853357 0.472838,
        4.572384 4.855380 0.388357,
        4.591315 4.854828 0.307438,
        4.633765 4.855054 0.232021,
        4.696463 4.855401 0.170198,
        4.772186 4.853422 0.129044,
        4.852517 4.852016 0.110844,
        4.936312 4.852415 0.114637,
        5.015918 4.854263 0.141039,
        5.082881 4.857406 0.186151,
        5.132357 4.861583 0.243274,
        5.166563 4.868508 0.310569,
        5.182066 4.878198 0.383773,
        5.179526 4.889850 0.455598,
        5.161598 4.902409 0.520481,
        5.129633 4.917404 0.579560,
        5.085015 4.933478 0.631180,
        5.030387 4.949885 0.670791,
        4.970415 4.963920 0.696124,
        4.837157 4.988994 0.700830,
        4.905334 4.971585 0.706511,
        4.970407 4.957300 0.696685,
        5.030920 4.941794 0.673019,
        5.086948 4.925866 0.634783,
        5.133999 4.910199 0.584226,
        5.167976 4.897176 0.524533,
        5.187912 4.886444 0.458363,
        5.191701 4.876996 0.384363,
        5.175121 4.869488 0.308846,
        5.140186 4.864674 0.239469,
        5.088796 4.862428 0.181175,
        5.019570 4.860919 0.135867,
        4.937866 4.860027 0.110444,
        4.852787 4.860664 0.108150,
        4.772098 4.863476 0.128448,
        4.697025 4.863561 0.171516,
        4.635744 4.862935 0.234558,
        4.595717 4.862627 0.310802,
        4.578670 4.861331 0.391058,
        4.583851 4.857680 0.474084,
        4.611468 4.851470 0.552480,
        4.657510 4.843224 0.617914,
        4.715495 4.833324 0.665467,
        4.782106 4.820986 0.697673,
        4.854120 4.806300 0.712474,
        4.925036 4.789800 0.709085,
        4.989111 4.773907 0.690960,
        5.047562 4.757177 0.659115,
        5.098095 4.742107 0.613683,
        5.136538 4.725678 0.558155,
        5.160963 4.710611 0.497469,
        5.172258 4.695787 0.431747,
        5.167571 4.682146 0.361436,
        5.145991 4.670344 0.292427,
        5.109094 4.661561 0.230533,
        5.056159 4.655052 0.178605,
        4.987551 4.649787 0.139176,
        4.908536 4.646370 0.118635,
        4.827361 4.645315 0.119614,
        4.748898 4.645547 0.142226,
        4.675671 4.645903 0.187490,
        4.616897 4.647483 0.252406,
        4.579133 4.647812 0.329330,
        4.563854 4.648393 0.411607,
        4.572171 4.647974 0.497696,
        4.603683 4.645430 0.578021,
        4.654364 4.641810 0.643861,
        4.717836 4.636844 0.691080,
        4.792041 4.628660 0.720492,
        4.870271 4.617538 0.728880,
        4.944039 4.605019 0.718305,
        5.008750 4.591572 0.691722,
        5.065654 4.575304 0.650353,
        5.111255 4.558259 0.597532,
        5.142433 4.541136 0.537500,
        5.158428 4.527258 0.474847,
        5.160127 4.511232 0.408431,
        5.146297 4.495125 0.341528,
        5.118113 4.479696 0.279205,
        5.077331 4.467158 0.225725,
        5.022842 4.455928 0.180804,
        4.955371 4.446255 0.148573,
        4.879892 4.438938 0.134822,
        4.804089 4.434643 0.139737,
        4.729034 4.431962 0.165001,
        4.659817 4.430182 0.211965,
        4.605187 4.429434 0.277188,
        4.570742 4.430585 0.353013,
        4.557866 4.433066 0.436424,
        4.568737 4.432835 0.523398,
        4.603214 4.432306 0.603919,
        4.656998 4.432476 0.669026,
        4.724828 4.430981 0.716393,
        4.804484 4.426970 0.744189,
        4.887323 4.420807 0.748846,
        4.964109 4.413001 0.731867,
        5.030656 4.403039 0.696881,
        5.087083 4.390298 0.647230,
        5.128459 4.375610 0.586454,
        5.152302 4.359509 0.520763,
        5.160499 4.343689 0.454886,
      ]
    }
    coordIndex [
      1, 0, 162, -1,
      1, 162, 163, -1,
      163, 162, 164, -1,
      163, 164, 165, -1,
      166, 167, 164, -1,
      164, 167, 168, -1,
      164, 168, 165, -1,
      169, 170, 171, -1,
      166, 164, 172, -1,
      172, 164, 173, -1,
      172, 173, 171, -1,
      171, 173, 174, -1,
      171, 174, 169, -1,
      175, 163, 165, -1,
      176, 170, 169, -1,
      147, 177, 148, -1,
      58, 59, 178, -1,
      64, 73, 179, -1,
      73, 72, 180, -1,
      69, 63, 181, -1,
      5, 4, 182, -1,
      15, 14, 183, -1,
      12, 184, 22, -1,
      31, 40, 185, -1,
      185, 40, 39, -1,
      21, 20, 186, -1,
      186, 20, 30, -1,
      1, 163, 38, -1,
      38, 163, 175, -1,
      38, 175, 30, -1,
      187, 34, 33, -1,
      188, 36, 35, -1,
      11, 10, 188, -1,
      188, 10, 37, -1,
      188, 37, 36, -1,
      13, 3, 189, -1,
      189, 3, 2, -1,
      189, 2, 184, -1,
      184, 2, 23, -1,
      184, 23, 22, -1,
      190, 43, 29, -1,
      29, 28, 190, -1,
      190, 28, 27, -1,
      190, 27, 26, -1,
      18, 17, 183, -1,
      183, 17, 16, -1,
      16, 25, 183, -1,
      183, 25, 24, -1,
      183, 24, 15, -1,
      42, 191, 49, -1,
      49, 191, 9, -1,
      8, 7, 192, -1,
      45, 44, 193, -1,
      53, 52, 194, -1,
      195, 48, 47, -1,
      51, 50, 196, -1,
      0, 41, 197, -1,
      198, 160, 161, -1,
      199, 146, 145, -1,
      200, 139, 137, -1,
      201, 124, 132, -1,
      126, 202, 114, -1,
      114, 202, 115, -1,
      88, 116, 203, -1,
      80, 68, 203, -1,
      203, 68, 67, -1,
      203, 67, 79, -1,
      79, 78, 203, -1,
      203, 78, 77, -1,
      203, 77, 102, -1,
      102, 101, 203, -1,
      203, 101, 92, -1,
      203, 92, 91, -1,
      91, 90, 203, -1,
      203, 90, 89, -1,
      203, 89, 88, -1,
      135, 134, 204, -1,
      134, 133, 204, -1,
      204, 133, 82, -1,
      204, 82, 81, -1,
      110, 129, 205, -1,
      205, 129, 128, -1,
      205, 128, 127, -1,
      110, 206, 111, -1,
      111, 206, 120, -1,
      121, 207, 103, -1,
      103, 207, 208, -1,
      103, 208, 104, -1,
      104, 208, 122, -1,
      123, 209, 117, -1,
      117, 209, 210, -1,
      117, 210, 118, -1,
      211, 94, 212, -1,
      212, 94, 93, -1,
      212, 93, 119, -1,
      213, 214, 215, -1,
      215, 214, 113, -1,
      215, 113, 112, -1,
      106, 105, 213, -1,
      213, 105, 84, -1,
      213, 84, 214, -1,
      214, 84, 83, -1,
      214, 83, 113, -1,
      63, 62, 181, -1,
      181, 62, 61, -1,
      181, 61, 106, -1,
      72, 71, 180, -1,
      180, 71, 70, -1,
      180, 70, 69, -1,
      64, 179, 65, -1,
      66, 216, 60, -1,
      60, 216, 217, -1,
      76, 75, 178, -1,
      178, 75, 74, -1,
      178, 74, 58, -1,
      56, 55, 218, -1,
      218, 55, 57, -1,
      218, 57, 100, -1,
      100, 99, 218, -1,
      218, 99, 98, -1,
      218, 98, 97, -1,
      97, 96, 218, -1,
      218, 96, 95, -1,
      218, 95, 76, -1,
      219, 130, 107, -1,
      107, 108, 219, -1,
      219, 108, 109, -1,
      219, 109, 87, -1,
      86, 85, 220, -1,
      221, 142, 141, -1,
      177, 147, 222, -1,
      149, 223, 150, -1,
      150, 223, 151, -1,
      224, 152, 144, -1,
      225, 159, 154, -1,
      226, 155, 157, -1,
      157, 158, 226, -1,
      226, 158, 159, -1,
      226, 159, 227, -1,
      227, 159, 225, -1,
      227, 225, 228, -1,
      228, 225, 229, -1,
      228, 229, 230, -1,
      230, 229, 231, -1,
      230, 231, 232, -1,
      232, 231, 233, -1,
      232, 233, 234, -1,
      234, 233, 235, -1,
      234, 235, 236, -1,
      236, 235, 237, -1,
      236, 237, 238, -1,
      238, 237, 239, -1,
      238, 239, 240, -1,
      240, 239, 241, -1,
      240, 241, 242, -1,
      242, 241, 243, -1,
      242, 243, 244, -1,
      244, 243, 245, -1,
      244, 245, 246, -1,
      246, 245, 247, -1,
      246, 247, 248, -1,
      248, 247, 249, -1,
      248, 249, 250, -1,
      250, 249, 251, -1,
      250, 251, 252, -1,
      252, 251, 253, -1,
      252, 253, 254, -1,
      254, 253, 255, -1,
      254, 255, 256, -1,
      256, 255, 257, -1,
      256, 257, 258, -1,
      258, 257, 259, -1,
      258, 259, 260, -1,
      260, 259, 261, -1,
      260, 261, 262, -1,
      262, 261, 263, -1,
      262, 263, 264, -1,
      264, 263, 265, -1,
      264, 265, 266, -1,
      266, 265, 267, -1,
      266, 267, 268, -1,
      268, 267, 269, -1,
      268, 269, 270, -1,
      270, 269, 271, -1,
      270, 271, 272, -1,
      272, 271, 273, -1,
      272, 273, 274, -1,
      274, 273, 275, -1,
      274, 275, 276, -1,
      276, 275, 277, -1,
      276, 277, 278, -1,
      278, 277, 279, -1,
      278, 279, 280, -1,
      280, 279, 281, -1,
      280, 281, 282, -1,
      282, 281, 283, -1,
      282, 283, 284, -1,
      284, 283, 285, -1,
      284, 285, 286, -1,
      286, 285, 287, -1,
      286, 287, 288, -1,
      288, 287, 289, -1,
      288, 289, 290, -1,
      290, 289, 291, -1,
      290, 291, 292, -1,
      292, 291, 293, -1,
      292, 293, 294, -1,
      294, 293, 295, -1,
      294, 295, 296, -1,
      296, 295, 297, -1,
      296, 297, 298, -1,
      298, 297, 299, -1,
      298, 299, 300, -1,
      300, 299, 301, -1,
      300, 301, 302, -1,
      302, 301, 303, -1,
      302, 303, 304, -1,
      304, 303, 305, -1,
      304, 305, 306, -1,
      306, 305, 307, -1,
      306, 307, 308, -1,
      308, 307, 309, -1,
      308, 309, 310, -1,
      310, 309, 311, -1,
      310, 311, 312, -1,
      312, 311, 313, -1,
      312, 313, 314, -1,
      314, 313, 315, -1,
      314, 315, 316, -1,
      316, 315, 317, -1,
      316, 317, 318, -1,
      318, 317, 319, -1,
      318, 319, 320, -1,
      320, 319, 321, -1,
      320, 321, 322, -1,
      322, 321, 323, -1,
      322, 323, 324, -1,
      324, 323, 325, -1,
      324, 325, 326, -1,
      326, 325, 327, -1,
      326, 327, 328, -1,
      328, 327, 329, -1,
      328, 329, 330, -1,
      330, 329, 331, -1,
      330, 331, 332, -1,
      332, 331, 333, -1,
      332, 333, 334, -1,
      334, 333, 335, -1,
      334, 335, 336, -1,
      336, 335, 337, -1,
      336, 337, 338, -1,
      338, 337, 339, -1,
      338, 339, 340, -1,
      340, 339, 341, -1,
      340, 341, 342, -1,
      342, 341, 343, -1,
      342, 343, 344, -1,
      344, 343, 345, -1,
      344, 345, 346, -1,
      346, 345, 347, -1,
      346, 347, 348, -1,
      348, 347, 349, -1,
      348, 349, 350, -1,
      350, 349, 351, -1,
      350, 351, 352, -1,
      352, 351, 353, -1,
      352, 353, 354, -1,
      354, 353, 355, -1,
      354, 355, 356, -1,
      356, 355, 357, -1,
      356, 357, 358, -1,
      358, 357, 359, -1,
      358, 359, 360, -1,
      360, 359, 361, -1,
      360, 361, 362, -1,
      362, 361, 363, -1,
      362, 363, 364, -1,
      364, 363, 365, -1,
      364, 365, 366, -1,
      366, 365, 367, -1,
      366, 367, 368, -1,
      368, 367, 369, -1,
      368, 369, 370, -1,
      370, 369, 371, -1,
      370, 371, 372, -1,
      372, 371, 373, -1,
      372, 373, 374, -1,
      374, 373, 375, -1,
      374, 375, 376, -1,
      376, 375, 377, -1,
      376, 377, 378, -1,
      378, 377, 379, -1,
      378, 379, 380, -1,
      380, 379, 381, -1,
      380, 381, 382, -1,
      382, 381, 383, -1,
      382, 383, 384, -1,
      384, 383, 385, -1,
      384, 385, 386, -1,
      386, 385, 387, -1,
      386, 387, 388, -1,
      388, 387, 389, -1,
      388, 389, 390, -1,
      390, 389, 391, -1,
      390, 391, 392, -1,
      392, 391, 393, -1,
      392, 393, 394, -1,
      394, 393, 395, -1,
      394, 395, 396, -1,
      396, 395, 397, -1,
      396, 397, 398, -1,
      398, 397, 399, -1,
      398, 399, 400, -1,
      400, 399, 401, -1,
      400, 401, 402, -1,
      402, 401, 403, -1,
      402, 403, 404, -1,
      404, 403, 405, -1,
      404, 405, 406, -1,
      406, 405, 407, -1,
      406, 407, 408, -1,
      408, 407, 409, -1,
      408, 409, 410, -1,
      410, 409, 411, -1,
      410, 411, 412, -1,
      412, 411, 413, -1,
      412, 413, 414, -1,
      414, 413, 415, -1,
      414, 415, 416, -1,
      416, 415, 417, -1,
      416, 417, 418, -1,
      418, 417, 419, -1,
      418, 419, 420, -1,
      420, 419, 421, -1,
      420, 421, 422, -1,
      422, 421, 423, -1,
      422, 423, 424, -1,
      424, 423, 425, -1,
      424, 425, 426, -1,
      426, 425, 427, -1,
      426, 427, 428, -1,
      428, 427, 429, -1,
      428, 429, 430, -1,
      430, 429, 431, -1,
      430, 431, 432, -1,
      432, 431, 433, -1,
      432, 433, 434, -1,
      434, 433, 435, -1,
      434, 435, 436, -1,
      436, 435, 437, -1,
      436, 437, 438, -1,
      438, 437, 439, -1,
      438, 439, 440, -1,
      440, 439, 441, -1,
      440, 441, 442, -1,
      442, 441, 443, -1,
      442, 443, 444, -1,
      444, 443, 445, -1,
      444, 445, 446, -1,
      446, 445, 447, -1,
      446, 447, 448, -1,
      448, 447, 449, -1,
      448, 449, 450, -1,
      450, 449, 451, -1,
      450, 451, 452, -1,
      452, 451, 453, -1,
      452, 453, 454, -1,
      454, 453, 455, -1,
      454, 455, 456, -1,
      456, 455, 457, -1,
      456, 457, 458, -1,
      458, 457, 459, -1,
      458, 459, 460, -1,
      460, 459, 461, -1,
      460, 461, 462, -1,
      462, 461, 463, -1,
      462, 463, 464, -1,
      464, 463, 465, -1,
      464, 465, 466, -1,
      466, 465, 467, -1,
      466, 467, 468, -1,
      468, 467, 469, -1,
      468, 469, 470, -1,
      470, 469, 471, -1,
      470, 471, 472, -1,
      472, 471, 473, -1,
      472, 473, 474, -1,
      474, 473, 475, -1,
      474, 475, 476, -1,
      154, 153, 225, -1,
      225, 153, 152, -1,
      225, 152, 229, -1,
      229, 152, 224, -1,
      229, 224, 231, -1,
      231, 224, 477, -1,
      231, 477, 233, -1,
      233, 477, 478, -1,
      233, 478, 235, -1,
      235, 478, 479, -1,
      235, 479, 237, -1,
      237, 479, 480, -1,
      237, 480, 239, -1,
      239, 480, 481, -1,
      239, 481, 241, -1,
      241, 481, 482, -1,
      241, 482, 243, -1,
      243, 482, 483, -1,
      243, 483, 245, -1,
      245, 483, 484, -1,
      245, 484, 247, -1,
      247, 484, 485, -1,
      247, 485, 249, -1,
      249, 485, 486, -1,
      249, 486, 251, -1,
      251, 486, 487, -1,
      251, 487, 253, -1,
      253, 487, 488, -1,
      253, 488, 255, -1,
      255, 488, 489, -1,
      255, 489, 257, -1,
      257, 489, 490, -1,
      257, 490, 259, -1,
      259, 490, 491, -1,
      259, 491, 261, -1,
      261, 491, 492, -1,
      261, 492, 263, -1,
      263, 492, 493, -1,
      263, 493, 265, -1,
      265, 493, 494, -1,
      265, 494, 267, -1,
      267, 494, 495, -1,
      267, 495, 269, -1,
      269, 495, 496, -1,
      269, 496, 271, -1,
      271, 496, 497, -1,
      271, 497, 273, -1,
      273, 497, 498, -1,
      273, 498, 275, -1,
      275, 498, 499, -1,
      275, 499, 277, -1,
      277, 499, 500, -1,
      277, 500, 279, -1,
      279, 500, 501, -1,
      279, 501, 281, -1,
      281, 501, 502, -1,
      281, 502, 283, -1,
      283, 502, 503, -1,
      283, 503, 285, -1,
      285, 503, 504, -1,
      285, 504, 287, -1,
      287, 504, 505, -1,
      287, 505, 289, -1,
      289, 505, 506, -1,
      289, 506, 291, -1,
      291, 506, 507, -1,
      291, 507, 293, -1,
      293, 507, 508, -1,
      293, 508, 295, -1,
      295, 508, 509, -1,
      295, 509, 297, -1,
      297, 509, 510, -1,
      297, 510, 299, -1,
      299, 510, 511, -1,
      299, 511, 301, -1,
      301, 511, 512, -1,
      301, 512, 303, -1,
      303, 512, 513, -1,
      303, 513, 305, -1,
      305, 513, 514, -1,
      305, 514, 307, -1,
      307, 514, 515, -1,
      307, 515, 309, -1,
      309, 515, 516, -1,
      309, 516, 311, -1,
      311, 516, 517, -1,
      311, 517, 313, -1,
      313, 517, 518, -1,
      313, 518, 315, -1,
      315, 518, 519, -1,
      315, 519, 317, -1,
      317, 519, 520, -1,
      317, 520, 319, -1,
      319, 520, 521, -1,
      319, 521, 321, -1,
      321, 521, 522, -1,
      321, 522, 323, -1,
      323, 522, 523, -1,
      323, 523, 325, -1,
      325, 523, 524, -1,
      325, 524, 327, -1,
      327, 524, 525, -1,
      327, 525, 329, -1,
      329, 525, 526, -1,
      329, 526, 331, -1,
      331, 526, 527, -1,
      331, 527, 333, -1,
      333, 527, 528, -1,
      333, 528, 335, -1,
      335, 528, 529, -1,
      335, 529, 337, -1,
      337, 529, 530, -1,
      337, 530, 339, -1,
      339, 530, 531, -1,
      339, 531, 341, -1,
      341, 531, 532, -1,
      341, 532, 343, -1,
      343, 532, 533, -1,
      343, 533, 345, -1,
      345, 533, 534, -1,
      345, 534, 347, -1,
      347, 534, 535, -1,
      347, 535, 349, -1,
      349, 535, 536, -1,
      349, 536, 351, -1,
      351, 536, 537, -1,
      351, 537, 353, -1,
      353, 537, 538, -1,
      353, 538, 355, -1,
      355, 538, 539, -1,
      355, 539, 357, -1,
      357, 539, 540, -1,
      357, 540, 359, -1,
      359, 540, 541, -1,
      359, 541, 361, -1,
      361, 541, 542, -1,
      361, 542, 363, -1,
      363, 542, 543, -1,
      363, 543, 365, -1,
      365, 543, 544, -1,
      365, 544, 367, -1,
      367, 544, 545, -1,
      367, 545, 369, -1,
      369, 545, 546, -1,
      369, 546, 371, -1,
      371, 546, 547, -1,
      371, 547, 373, -1,
      373, 547, 548, -1,
      373, 548, 375, -1,
      375, 548, 549, -1,
      375, 549, 377, -1,
      377, 549, 550, -1,
      377, 550, 379, -1,
      379, 550, 551, -1,
      379, 551, 381, -1,
      381, 551, 552, -1,
      381, 552, 383, -1,
      383, 552, 553, -1,
      383, 553, 385, -1,
      385, 553, 554, -1,
      385, 554, 387, -1,
      387, 554, 555, -1,
      387, 555, 389, -1,
      389, 555, 556, -1,
      389, 556, 391, -1,
      391, 556, 557, -1,
      391, 557, 393, -1,
      393, 557, 558, -1,
      393, 558, 395, -1,
      395, 558, 559, -1,
      395, 559, 397, -1,
      397, 559, 560, -1,
      397, 560, 399, -1,
      399, 560, 561, -1,
      399, 561, 401, -1,
      401, 561, 562, -1,
      401, 562, 403, -1,
      403, 562, 563, -1,
      403, 563, 405, -1,
      405, 563, 564, -1,
      405, 564, 407, -1,
      407, 564, 565, -1,
      407, 565, 409, -1,
      409, 565, 566, -1,
      409, 566, 411, -1,
      411, 566, 567, -1,
      411, 567, 413, -1,
      413, 567, 568, -1,
      413, 568, 415, -1,
      415, 568, 569, -1,
      415, 569, 417, -1,
      417, 569, 570, -1,
      417, 570, 419, -1,
      419, 570, 571, -1,
      419, 571, 421, -1,
      421, 571, 572, -1,
      421, 572, 423, -1,
      423, 572, 573, -1,
      423, 573, 425, -1,
      425, 573, 574, -1,
      425, 574, 427, -1,
      427, 574, 575, -1,
      427, 575, 429, -1,
      429, 575, 576, -1,
      429, 576, 431, -1,
      431, 576, 577, -1,
      431, 577, 433, -1,
      433, 577, 578, -1,
      433, 578, 435, -1,
      435, 578, 579, -1,
      435, 579, 437, -1,
      437, 579, 580, -1,
      437, 580, 439, -1,
      439, 580, 581, -1,
      439, 581, 441, -1,
      441, 581, 582, -1,
      441, 582, 443, -1,
      443, 582, 583, -1,
      443, 583, 445, -1,
      445, 583, 584, -1,
      445, 584, 447, -1,
      447, 584, 585, -1,
      447, 585, 449, -1,
      449, 585, 586, -1,
      449, 586, 451, -1,
      451, 586, 587, -1,
      451, 587, 453, -1,
      453, 587, 588, -1,
      453, 588, 455, -1,
      455, 588, 589, -1,
      455, 589, 457, -1,
      457, 589, 590, -1,
      457, 590, 459, -1,
      459, 590, 591, -1,
      459, 591, 461, -1,
      461, 591, 592, -1,
      461, 592, 463, -1,
      463, 592, 593, -1,
      463, 593, 465, -1,
      465, 593, 594, -1,
      465, 594, 467, -1,
      467, 594, 595, -1,
      467, 595, 469, -1,
      469, 595, 596, -1,
      469, 596, 471, -1,
      471, 596, 597, -1,
      471, 597, 473, -1,
      473, 597, 598, -1,
      473, 598, 475, -1,
      144, 138, 224, -1,
      224, 138, 151, -1,
      224, 151, 477, -1,
      477, 151, 223, -1,
      477, 223, 478, -1,
      478, 223, 599, -1,
      478, 599, 479, -1,
      479, 599, 600, -1,
      479, 600, 480, -1,
      480, 600, 601, -1,
      480, 601, 481, -1,
      481, 601, 602, -1,
      481, 602, 482, -1,
      482, 602, 603, -1,
      482, 603, 483, -1,
      483, 603, 604, -1,
      483, 604, 484, -1,
      484, 604, 605, -1,
      484, 605, 485, -1,
      485, 605, 606, -1,
      485, 606, 486, -1,
      486, 606, 607, -1,
      486, 607, 487, -1,
      487, 607, 608, -1,
      487, 608, 488, -1,
      488, 608, 609, -1,
      488, 609, 489, -1,
      489, 609, 610, -1,
      489, 610, 490, -1,
      490, 610, 611, -1,
      490, 611, 491, -1,
      491, 611, 612, -1,
      491, 612, 492, -1,
      492, 612, 613, -1,
      492, 613, 493, -1,
      493, 613, 614, -1,
      493, 614, 494, -1,
      494, 614, 615, -1,
      494, 615, 495, -1,
      495, 615, 616, -1,
      495, 616, 496, -1,
      496, 616, 617, -1,
      496, 617, 497, -1,
      497, 617, 618, -1,
      497, 618, 498, -1,
      498, 618, 619, -1,
      498, 619, 499, -1,
      499, 619, 620, -1,
      499, 620, 500, -1,
      500, 620, 621, -1,
      500, 621, 501, -1,
      501, 621, 622, -1,
      501, 622, 502, -1,
      502, 622, 623, -1,
      502, 623, 503, -1,
      503, 623, 624, -1,
      503, 624, 504, -1,
      504, 624, 625, -1,
      504, 625, 505, -1,
      505, 625, 626, -1,
      505, 626, 506, -1,
      506, 626, 627, -1,
      506, 627, 507, -1,
      507, 627, 628, -1,
      507, 628, 508, -1,
      508, 628, 629, -1,
      508, 629, 509, -1,
      509, 629, 630, -1,
      509, 630, 510, -1,
      510, 630, 631, -1,
      510, 631, 511, -1,
      511, 631, 632, -1,
      511, 632, 512, -1,
      512, 632, 633, -1,
      512, 633, 513, -1,
      513, 633, 634, -1,
      513, 634, 514, -1,
      514, 634, 635, -1,
      514, 635, 515, -1,
      515, 635, 636, -1,
      515, 636, 516, -1,
      516, 636, 637, -1,
      516, 637, 517, -1,
      517, 637, 638, -1,
      517, 638, 518, -1,
      518, 638, 639, -1,
      518, 639, 519, -1,
      519, 639, 640, -1,
      519, 640, 520, -1,
      520, 640, 641, -1,
      520, 641, 521, -1,
      521, 641, 642, -1,
      521, 642, 522, -1,
      522, 642, 643, -1,
      522, 643, 523, -1,
      523, 643, 644, -1,
      523, 644, 524, -1,
      524, 644, 645, -1,
      524, 645, 525, -1,
      525, 645, 646, -1,
      525, 646, 526, -1,
      526, 646, 647, -1,
      526, 647, 527, -1,
      527, 647, 648, -1,
      527, 648, 528, -1,
      528, 648, 649, -1,
      528, 649, 529, -1,
      529, 649, 650, -1,
      529, 650, 530, -1,
      530, 650, 651, -1,
      530, 651, 531, -1,
      531, 651, 652, -1,
      531, 652, 532, -1,
      532, 652, 653, -1,
      532, 653, 533, -1,
      533, 653, 654, -1,
      533, 654, 534, -1,
      534, 654, 655, -1,
      534, 655, 535, -1,
      535, 655, 656, -1,
      535, 656, 536, -1,
      536, 656, 657, -1,
      536, 657, 537, -1,
      537, 657, 658, -1,
      537, 658, 538, -1,
      538, 658, 659, -1,
      538, 659, 539, -1,
      539, 659, 660, -1,
      539, 660, 540, -1,
      540, 660, 661, -1,
      540, 661, 541, -1,
      541, 661, 662, -1,
      541, 662, 542, -1,
      542, 662, 663, -1,
      542, 663, 543, -1,
      543, 663, 664, -1,
      543, 664, 544, -1,
      544, 664, 665, -1,
      544, 665, 545, -1,
      545, 665, 666, -1,
      545, 666, 546, -1,
      546, 666, 667, -1,
      546, 667, 547, -1,
      547, 667, 668, -1,
      547, 668, 548, -1,
      548, 668, 669, -1,
      548, 669, 549, -1,
      549, 669, 670, -1,
      549, 670, 550, -1,
      550, 670, 671, -1,
      550, 671, 551, -1,
      551, 671, 672, -1,
      551, 672, 552, -1,
      552, 672, 673, -1,
      552, 673, 553, -1,
      553, 673, 674, -1,
      553, 674, 554, -1,
      554, 674, 675, -1,
      554, 675, 555, -1,
      555, 675, 676, -1,
      555, 676, 556, -1,
      556, 676, 677, -1,
      556, 677, 557, -1,
      557, 677, 678, -1,
      557, 678, 558, -1,
      558, 678, 679, -1,
      558, 679, 559, -1,
      559, 679, 680, -1,
      559, 680, 560, -1,
      560, 680, 681, -1,
      560, 681, 561, -1,
      561, 681, 682, -1,
      561, 682, 562, -1,
      562, 682, 683, -1,
      562, 683, 563, -1,
      563, 683, 684, -1,
      563, 684, 564, -1,
      564, 684, 685, -1,
      564, 685, 565, -1,
      565, 685, 686, -1,
      565, 686, 566, -1,
      566, 686, 687, -1,
      566, 687, 567, -1,
      567, 687, 688, -1,
      567, 688, 568, -1,
      568, 688, 689, -1,
      568, 689, 569, -1,
      569, 689, 690, -1,
      569, 690, 570, -1,
      570, 690, 691, -1,
      570, 691, 571, -1,
      571, 691, 692, -1,
      571, 692, 572, -1,
      572, 692, 693, -1,
      572, 693, 573, -1,
      573, 693, 694, -1,
      573, 694, 574, -1,
      574, 694, 695, -1,
      574, 695, 575, -1,
      575, 695, 696, -1,
      575, 696, 576, -1,
      576, 696, 697, -1,
      576, 697, 577, -1,
      577, 697, 698, -1,
      577, 698, 578, -1,
      578, 698, 699, -1,
      578, 699, 579, -1,
      579, 699, 700, -1,
      579, 700, 580, -1,
      580, 700, 701, -1,
      580, 701, 581, -1,
      581, 701, 702, -1,
      581, 702, 582, -1,
      582, 702, 703, -1,
      582, 703, 583, -1,
      583, 703, 704, -1,
      583, 704, 584, -1,
      584, 704, 705, -1,
      584, 705, 585, -1,
      585, 705, 706, -1,
      585, 706, 586, -1,
      586, 706, 707, -1,
      586, 707, 587, -1,
      587, 707, 708, -1,
      587, 708, 588, -1,
      588, 708, 709, -1,
      588, 709, 589, -1,
      589, 709, 710, -1,
      589, 710, 590, -1,
      590, 710, 711, -1,
      590, 711, 591, -1,
      591, 711, 712, -1,
      591, 712, 592, -1,
      592, 712, 713, -1,
      592, 713, 593, -1,
      593, 713, 714, -1,
      593, 714, 594, -1,
      594, 714, 715, -1,
      594, 715, 595, -1,
      595, 715, 716, -1,
      595, 716, 596, -1,
      596, 716, 717, -1,
      596, 717, 597, -1,
      597, 717, 718, -1,
      597, 718, 598, -1,
      149, 148, 223, -1,
      223, 148, 177, -1,
      223, 177, 599, -1,
      599, 177, 222, -1,
      599, 222, 600, -1,
      600, 222, 719, -1,
      600, 719, 601, -1,
      601, 719, 720, -1,
      601, 720, 602, -1,
      602, 720, 721, -1,
      602, 721, 603, -1,
      603, 721, 722, -1,
      603, 722, 604, -1,
      604, 722, 723, -1,
      604, 723, 605, -1,
      605, 723, 724, -1,
      605, 724, 606, -1,
      606, 724, 725, -1,
      606, 725, 607, -1,
      607, 725, 726, -1,
      607, 726, 608, -1,
      608, 726, 727, -1,
      608, 727, 609, -1,
      609, 727, 728, -1,
      609, 728, 610, -1,
      610, 728, 729, -1,
      610, 729, 611, -1,
      611, 729, 730, -1,
      611, 730, 612, -1,
      612, 730, 731, -1,
      612, 731, 613, -1,
      613, 731, 732, -1,
      613, 732, 614, -1,
      614, 732, 733, -1,
      614, 733, 615, -1,
      615, 733, 734, -1,
      615, 734, 616, -1,
      616, 734, 735, -1,
      616, 735, 617, -1,
      617, 735, 736, -1,
      617, 736, 618, -1,
      618, 736, 737, -1,
      618, 737, 619, -1,
      619, 737, 738, -1,
      619, 738, 620, -1,
      620, 738, 739, -1,
      620, 739, 621, -1,
      621, 739, 740, -1,
      621, 740, 622, -1,
      622, 740, 741, -1,
      622, 741, 623, -1,
      623, 741, 742, -1,
      623, 742, 624, -1,
      624, 742, 743, -1,
      624, 743, 625, -1,
      625, 743, 744, -1,
      625, 744, 626, -1,
      626, 744, 745, -1,
      626, 745, 627, -1,
      627, 745, 746, -1,
      627, 746, 628, -1,
      628, 746, 747, -1,
      628, 747, 629, -1,
      629, 747, 748, -1,
      629, 748, 630, -1,
      630, 748, 749, -1,
      630, 749, 631, -1,
      631, 749, 750, -1,
      631, 750, 632, -1,
      632, 750, 751, -1,
      632, 751, 633, -1,
      633, 751, 752, -1,
      633, 752, 634, -1,
      634, 752, 753, -1,
      634, 753, 635, -1,
      635, 753, 754, -1,
      635, 754, 636, -1,
      636, 754, 755, -1,
      636, 755, 637, -1,
      637, 755, 756, -1,
      637, 756, 638, -1,
      638, 756, 757, -1,
      638, 757, 639, -1,
      639, 757, 758, -1,
      639, 758, 640, -1,
      640, 758, 759, -1,
      640, 759, 641, -1,
      641, 759, 760, -1,
      641, 760, 642, -1,
      642, 760, 761, -1,
      642, 761, 643, -1,
      643, 761, 762, -1,
      643, 762, 644, -1,
      644, 762, 763, -1,
      644, 763, 645, -1,
      645, 763, 764, -1,
      645, 764, 646, -1,
      646, 764, 765, -1,
      646, 765, 647, -1,
      647, 765, 766, -1,
      647, 766, 648, -1,
      648, 766, 767, -1,
      648, 767, 649, -1,
      649, 767, 768, -1,
      649, 768, 650, -1,
      650, 768, 769, -1,
      650, 769, 651, -1,
      651, 769, 770, -1,
      651, 770, 652, -1,
      652, 770, 771, -1,
      652, 771, 653, -1,
      653, 771, 772, -1,
      653, 772, 654, -1,
      654, 772, 773, -1,
      654, 773, 655, -1,
      655, 773, 774, -1,
      655, 774, 656, -1,
      656, 774, 775, -1,
      656, 775, 657, -1,
      657, 775, 776, -1,
      657, 776, 658, -1,
      658, 776, 777, -1,
      658, 777, 659, -1,
      659, 777, 778, -1,
      659, 778, 660, -1,
      660, 778, 779, -1,
      660, 779, 661, -1,
      661, 779, 780, -1,
      661, 780, 662, -1,
      662, 780, 781, -1,
      662, 781, 663, -1,
      663, 781, 782, -1,
      663, 782, 664, -1,
      664, 782, 783, -1,
      664, 783, 665, -1,
      665, 783, 784, -1,
      665, 784, 666, -1,
      666, 784, 785, -1,
      666, 785, 667, -1,
      667, 785, 786, -1,
      667, 786, 668, -1,
      668, 786, 787, -1,
      668, 787, 669, -1,
      669, 787, 788, -1,
      669, 788, 670, -1,
      670, 788, 789, -1,
      670, 789, 671, -1,
      671, 789, 790, -1,
      671, 790, 672, -1,
      672, 790, 791, -1,
      672, 791, 673, -1,
      673, 791, 792, -1,
      673, 792, 674, -1,
      674, 792, 793, -1,
      674, 793, 675, -1,
      675, 793, 794, -1,
      675, 794, 676, -1,
      676, 794, 795, -1,
      676, 795, 677, -1,
      677, 795, 796, -1,
      677, 796, 678, -1,
      678, 796, 797, -1,
      678, 797, 679, -1,
      679, 797, 798, -1,
      679, 798, 680, -1,
      680, 798, 799, -1,
      680, 799, 681, -1,
      681, 799, 800, -1,
      681, 800, 682, -1,
      682, 800, 801, -1,
      682, 801, 683, -1,
      683, 801, 802, -1,
      683, 802, 684, -1,
      684, 802, 803, -1,
      684, 803, 685, -1,
      685, 803, 804, -1,
      685, 804, 686, -1,
      686, 804, 805, -1,
      686, 805, 687, -1,
      687, 805, 806, -1,
      687, 806, 688, -1,
      688, 806, 807, -1,
      688, 807, 689, -1,
      689, 807, 808, -1,
      689, 808, 690, -1,
      690, 808, 809, -1,
      690, 809, 691, -1,
      691, 809, 810, -1,
      691, 810, 692, -1,
      692, 810, 811, -1,
      692, 811, 693, -1,
      693, 811, 812, -1,
      693, 812, 694, -1,
      694, 812, 813, -1,
      694, 813, 695, -1,
      695, 813, 814, -1,
      695, 814, 696, -1,
      696, 814, 815, -1,
      696, 815, 697, -1,
      697, 815, 816, -1,
      697, 816, 698, -1,
      698, 816, 817, -1,
      698, 817, 699, -1,
      699, 817, 818, -1,
      699, 818, 700, -1,
      700, 818, 819, -1,
      700, 819, 701, -1,
      701, 819, 820, -1,
      701, 820, 702, -1,
      702, 820, 821, -1,
      702, 821, 703, -1,
      703, 821, 822, -1,
      703, 822, 704, -1,
      704, 822, 823, -1,
      704, 823, 705, -1,
      705, 823, 824, -1,
      705, 824, 706, -1,
      706, 824, 825, -1,
      706, 825, 707, -1,
      707, 825, 826, -1,
      707, 826, 708, -1,
      708, 826, 827, -1,
      708, 827, 709, -1,
      709, 827, 828, -1,
      709, 828, 710, -1,
      710, 828, 829, -1,
      710, 829, 711, -1,
      711, 829, 830, -1,
      711, 830, 712, -1,
      712, 830, 831, -1,
      712, 831, 713, -1,
      713, 831, 832, -1,
      713, 832, 714, -1,
      714, 832, 833, -1,
      714, 833, 715, -1,
      715, 833, 834, -1,
      715, 834, 716, -1,
      716, 834, 835, -1,
      716, 835, 717, -1,
      717, 835, 836, -1,
      717, 836, 718, -1,
      147, 142, 222, -1,
      222, 142, 221, -1,
      222, 221, 719, -1,
      719, 221, 837, -1,
      719, 837, 720, -1,
      720, 837, 838, -1,
      720, 838, 721, -1,
      721, 838, 839, -1,
      721, 839, 722, -1,
      722, 839, 840, -1,
      722, 840, 723, -1,
      723, 840, 841, -1,
      723, 841, 724, -1,
      724, 841, 842, -1,
      724, 842, 725, -1,
      725, 842, 843, -1,
      725, 843, 726, -1,
      726, 843, 844, -1,
      726, 844, 727, -1,
      727, 844, 845, -1,
      727, 845, 728, -1,
      728, 845, 846, -1,
      728, 846, 729, -1,
      729, 846, 847, -1,
      729, 847, 730, -1,
      730, 847, 848, -1,
      730, 848, 731, -1,
      731, 848, 849, -1,
      731, 849, 732, -1,
      732, 849, 850, -1,
      732, 850, 733, -1,
      733, 850, 851, -1,
      733, 851, 734, -1,
      734, 851, 852, -1,
      734, 852, 735, -1,
      735, 852, 853, -1,
      735, 853, 736, -1,
      736, 853, 854, -1,
      736, 854, 737, -1,
      737, 854, 855, -1,
      737, 855, 738, -1,
      738, 855, 856, -1,
      738, 856, 739, -1,
      739, 856, 857, -1,
      739, 857, 740, -1,
      740, 857, 858, -1,
      740, 858, 741, -1,
      741, 858, 859, -1,
      741, 859, 742, -1,
      742, 859, 860, -1,
      742, 860, 743, -1,
      743, 860, 861, -1,
      743, 861, 744, -1,
      744, 861, 862, -1,
      744, 862, 745, -1,
      745, 862, 863, -1,
      745, 863, 746, -1,
      746, 863, 864, -1,
      746, 864, 747, -1,
      747, 864, 865, -1,
      747, 865, 748, -1,
      748, 865, 866, -1,
      748, 866, 749, -1,
      749, 866, 867, -1,
      749, 867, 750, -1,
      750, 867, 868, -1,
      750, 868, 751, -1,
      751, 868, 869, -1,
      751, 869, 752, -1,
      752, 869, 870, -1,
      752, 870, 753, -1,
      753, 870, 871, -1,
      753, 871, 754, -1,
      754, 871, 872, -1,
      754, 872, 755, -1,
      755, 872, 873, -1,
      755, 873, 756, -1,
      756, 873, 874, -1,
      756, 874, 757, -1,
      757, 874, 875, -1,
      757, 875, 758, -1,
      758, 875, 876, -1,
      758, 876, 759, -1,
      759, 876, 877, -1,
      759, 877, 760, -1,
      760, 877, 878, -1,
      760, 878, 761, -1,
      761, 878, 879, -1,
      761, 879, 762, -1,
      762, 879, 880, -1,
      762, 880, 763, -1,
      763, 880, 881, -1,
      763, 881, 764, -1,
      764, 881, 882, -1,
      764, 882, 765, -1,
      765, 882, 883, -1,
      765, 883, 766, -1,
      766, 883, 884, -1,
      766, 884, 767, -1,
      767, 884, 885, -1,
      767, 885, 768, -1,
      768, 885, 886, -1,
      768, 886, 769, -1,
      769, 886, 887, -1,
      769, 887, 770, -1,
      770, 887, 888, -1,
      770, 888, 771, -1,
      771, 888, 889, -1,
      771, 889, 772, -1,
      772, 889, 890, -1,
      772, 890, 773, -1,
      773, 890, 891, -1,
      773, 891, 774, -1,
      774, 891, 892, -1,
      774, 892, 775, -1,
      775, 892, 893, -1,
      775, 893, 776, -1,
      776, 893, 894, -1,
      776, 894, 777, -1,
      777, 894, 895, -1,
      777, 895, 778, -1,
      778, 895, 896, -1,
      778, 896, 779, -1,
      779, 896, 897, -1,
      779, 897, 780, -1,
      780, 897, 898, -1,
      780, 898, 781, -1,
      781, 898, 899, -1,
      781, 899, 782, -1,
      782, 899, 900, -1,
      782, 900, 783, -1,
      783, 900, 901, -1,
      783, 901, 784, -1,
      784, 901, 902, -1,
      784, 902, 785, -1,
      785, 902, 903, -1,
      785, 903, 786, -1,
      786, 903, 904, -1,
      786, 904, 787, -1,
      787, 904, 905, -1,
      787, 905, 788, -1,
      788, 905, 906, -1,
      788, 906, 789, -1,
      789, 906, 907, -1,
      789, 907, 790, -1,
      790, 907, 908, -1,
      790, 908, 791, -1,
      791, 908, 909, -1,
      791, 909, 792, -1,
      792, 909, 910, -1,
      792, 910, 793, -1,
      793, 910, 911, -1,
      793, 911, 794, -1,
      794, 911, 912, -1,
      794, 912, 795, -1,
      795, 912, 913, -1,
      795, 913, 796, -1,
      796, 913, 914, -1,
      796, 914, 797, -1,
      797, 914, 915, -1,
      797, 915, 798, -1,
      798, 915, 916, -1,
      798, 916, 799, -1,
      799, 916, 917, -1,
      799, 917, 800, -1,
      800, 917, 918, -1,
      800, 918, 801, -1,
      801, 918, 919, -1,
      801, 919, 802, -1,
      802, 919, 920, -1,
      802, 920, 803, -1,
      803, 920, 921, -1,
      803, 921, 804, -1,
      804, 921, 922, -1,
      804, 922, 805, -1,
      805, 922, 923, -1,
      805, 923, 806, -1,
      806, 923, 924, -1,
      806, 924, 807, -1,
      807, 924, 925, -1,
      807, 925, 808, -1,
      808, 925, 926, -1,
      808, 926, 809, -1,
      809, 926, 927, -1,
      809, 927, 810, -1,
      810, 927, 928, -1,
      810, 928, 811, -1,
      811, 928, 929, -1,
      811, 929, 812, -1,
      812, 929, 930, -1,
      812, 930, 813, -1,
      813, 930, 931, -1,
      813, 931, 814, -1,
      814, 931, 932, -1,
      814, 932, 815, -1,
      815, 932, 933, -1,
      815, 933, 816, -1,
      816, 933, 934, -1,
      816, 934, 817, -1,
      817, 934, 935, -1,
      817, 935, 818, -1,
      818, 935, 936, -1,
      818, 936, 819, -1,
      819, 936, 937, -1,
      819, 937, 820, -1,
      820, 937, 938, -1,
      820, 938, 821, -1,
      821, 938, 939, -1,
      821, 939, 822, -1,
      822, 939, 940, -1,
      822, 940, 823, -1,
      823, 940, 941, -1,
      823, 941, 824, -1,
      824, 941, 942, -1,
      824, 942, 825, -1,
      825, 942, 943, -1,
      825, 943, 826, -1,
      826, 943, 944, -1,
      826, 944, 827, -1,
      827, 944, 945, -1,
      827, 945, 828, -1,
      828, 945, 946, -1,
      828, 946, 829, -1,
      829, 946, 947, -1,
      829, 947, 830, -1,
      830, 947, 948, -1,
      830, 948, 831, -1,
      831, 948, 949, -1,
      831, 949, 832, -1,
      832, 949, 950, -1,
      832, 950, 833, -1,
      833, 950, 951, -1,
      833, 951, 834, -1,
      834, 951, 952, -1,
      834, 952, 835, -1,
      835, 952, 953, -1,
      835, 953, 836, -1,
      141, 140, 221, -1,
      221, 140, 130, -1,
      221, 130, 837, -1,
      837, 130, 219, -1,
      837, 219, 838, -1,
      838, 219, 954, -1,
      838, 954, 839, -1,
      839, 954, 955, -1,
      839, 955, 840, -1,
      840, 955, 956, -1,
      840, 956, 841, -1,
      841, 956, 957, -1,
      841, 957, 842, -1,
      842, 957, 958, -1,
      842, 958, 843, -1,
      843, 958, 959, -1,
      843, 959, 844, -1,
      844, 959, 960, -1,
      844, 960, 845, -1,
      845, 960, 961, -1,
      845, 961, 846, -1,
      846, 961, 962, -1,
      846, 962, 847, -1,
      847, 962, 963, -1,
      847, 963, 848, -1,
      848, 963, 964, -1,
      848, 964, 849, -1,
      849, 964, 965, -1,
      849, 965, 850, -1,
      850, 965, 966, -1,
      850, 966, 851, -1,
      851, 966, 967, -1,
      851, 967, 852, -1,
      852, 967, 968, -1,
      852, 968, 853, -1,
      853, 968, 969, -1,
      853, 969, 854, -1,
      854, 969, 970, -1,
      854, 970, 855, -1,
      855, 970, 971, -1,
      855, 971, 856, -1,
      856, 971, 972, -1,
      856, 972, 857, -1,
      857, 972, 973, -1,
      857, 973, 858, -1,
      858, 973, 974, -1,
      858, 974, 859, -1,
      859, 974, 975, -1,
      859, 975, 860, -1,
      860, 975, 976, -1,
      860, 976, 861, -1,
      861, 976, 977, -1,
      861, 977, 862, -1,
      862, 977, 978, -1,
      862, 978, 863, -1,
      863, 978, 979, -1,
      863, 979, 864, -1,
      864, 979, 980, -1,
      864, 980, 865, -1,
      865, 980, 981, -1,
      865, 981, 866, -1,
      866, 981, 982, -1,
      866, 982, 867, -1,
      867, 982, 983, -1,
      867, 983, 868, -1,
      868, 983, 984, -1,
      868, 984, 869, -1,
      869, 984, 985, -1,
      869, 985, 870, -1,
      870, 985, 986, -1,
      870, 986, 871, -1,
      871, 986, 987, -1,
      871, 987, 872, -1,
      872, 987, 988, -1,
      872, 988, 873, -1,
      873, 988, 989, -1,
      873, 989, 874, -1,
      874, 989, 990, -1,
      874, 990, 875, -1,
      875, 990, 991, -1,
      875, 991, 876, -1,
      876, 991, 992, -1,
      876, 992, 877, -1,
      877, 992, 993, -1,
      877, 993, 878, -1,
      878, 993, 994, -1,
      878, 994, 879, -1,
      879, 994, 995, -1,
      879, 995, 880, -1,
      880, 995, 996, -1,
      880, 996, 881, -1,
      881, 996, 997, -1,
      881, 997, 882, -1,
      882, 997, 998, -1,
      882, 998, 883, -1,
      883, 998, 999, -1,
      883, 999, 884, -1,
      884, 999, 1000, -1,
      884, 1000, 885, -1,
      885, 1000, 1001, -1,
      885, 1001, 886, -1,
      886, 1001, 1002, -1,
      886, 1002, 887, -1,
      887, 1002, 1003, -1,
      887, 1003, 888, -1,
      888, 1003, 1004, -1,
      888, 1004, 889, -1,
      889, 1004, 1005, -1,
      889, 1005, 890, -1,
      890, 1005, 1006, -1,
      890, 1006, 891, -1,
      891, 1006, 1007, -1,
      891, 1007, 892, -1,
      892, 1007, 1008, -1,
      892, 1008, 893, -1,
      893, 1008, 1009, -1,
      893, 1009, 894, -1,
      894, 1009, 1010, -1,
      894, 1010, 895, -1,
      895, 1010, 1011, -1,
      895, 1011, 896, -1,
      896, 1011, 1012, -1,
      896, 1012, 897, -1,
      897, 1012, 1013, -1,
      897, 1013, 898, -1,
      898, 1013, 1014, -1,
      898, 1014, 899, -1,
      899, 1014, 1015, -1,
      899, 1015, 900, -1,
      900, 1015, 1016, -1,
      900, 1016, 901, -1,
      901, 1016, 1017, -1,
      901, 1017, 902, -1,
      902, 1017, 1018, -1,
      902, 1018, 903, -1,
      903, 1018, 1019, -1,
      903, 1019, 904, -1,
      904, 1019, 1020, -1,
      904, 1020, 905, -1,
      905, 1020, 1021, -1,
      905, 1021, 906, -1,
      906, 1021, 1022, -1,
      906, 1022, 907, -1,
      907, 1022, 1023, -1,
      907, 1023, 908, -1,
      908, 1023, 1024, -1,
      908, 1024, 909, -1,
      909, 1024, 1025, -1,
      909, 1025, 910, -1,
      910, 1025, 1026, -1,
      910, 1026, 911, -1,
      911, 1026, 1027, -1,
      911, 1027, 912, -1,
      912, 1027, 1028, -1,
      912, 1028, 913, -1,
      913, 1028, 1029, -1,
      913, 1029, 914, -1,
      914, 1029, 1030, -1,
      914, 1030, 915, -1,
      915, 1030, 1031, -1,
      915, 1031, 916, -1,
      916, 1031, 1032, -1,
      916, 1032, 917, -1,
      917, 1032, 1033, -1,
      917, 1033, 918, -1,
      918, 1033, 1034, -1,
      918, 1034, 919, -1,
      919, 1034, 1035, -1,
      919, 1035, 920, -1,
      920, 1035, 1036, -1,
      920, 1036, 921, -1,
      921, 1036, 1037, -1,
      921, 1037, 922, -1,
      922, 1037, 1038, -1,
      922, 1038, 923, -1,
      923, 1038, 1039, -1,
      923, 1039, 924, -1,
      924, 1039, 1040, -1,
      924, 1040, 925, -1,
      925, 1040, 1041, -1,
      925, 1041, 926, -1,
      926, 1041, 1042, -1,
      926, 1042, 927, -1,
      927, 1042, 1043, -1,
      927, 1043, 928, -1,
      928, 1043, 1044, -1,
      928, 1044, 929, -1,
      929, 1044, 1045, -1,
      929, 1045, 930, -1,
      930, 1045, 1046, -1,
      930, 1046, 931, -1,
      931, 1046, 1047, -1,
      931, 1047, 932, -1,
      932, 1047, 1048, -1,
      932, 1048, 933, -1,
      933, 1048, 1049, -1,
      933, 1049, 934, -1,
      934, 1049, 1050, -1,
      934, 1050, 935, -1,
      935, 1050, 1051, -1,
      935, 1051, 936, -1,
      936, 1051, 1052, -1,
      936, 1052, 937, -1,
      937, 1052, 1053, -1,
      937, 1053, 938, -1,
      938, 1053, 1054, -1,
      938, 1054, 939, -1,
      939, 1054, 1055, -1,
      939, 1055, 940, -1,
      940, 1055, 1056, -1,
      940, 1056, 941, -1,
      941, 1056, 1057, -1,
      941, 1057, 942, -1,
      942, 1057, 1058, -1,
      942, 1058, 943, -1,
      943, 1058, 1059, -1,
      943, 1059, 944, -1,
      944, 1059, 1060, -1,
      944, 1060, 945, -1,
      945, 1060, 1061, -1,
      945, 1061, 946, -1,
      946, 1061, 1062, -1,
      946, 1062, 947, -1,
      947, 1062, 1063, -1,
      947, 1063, 948, -1,
      948, 1063, 1064, -1,
      948, 1064, 949, -1,
      949, 1064, 1065, -1,
      949, 1065, 950, -1,
      950, 1065, 1066, -1,
      950, 1066, 951, -1,
      951, 1066, 1067, -1,
      951, 1067, 952, -1,
      952, 1067, 1068, -1,
      952, 1068, 953, -1,
      87, 86, 219, -1,
      219, 86, 220, -1,
      219, 220, 954, -1,
      954, 220, 1069, -1,
      954, 1069, 955, -1,
      955, 1069, 1070, -1,
      955, 1070, 956, -1,
      956, 1070, 1071, -1,
      956, 1071, 957, -1,
      957, 1071, 1072, -1,
      957, 1072, 958, -1,
      958, 1072, 1073, -1,
      958, 1073, 959, -1,
      959, 1073, 1074, -1,
      959, 1074, 960, -1,
      960, 1074, 1075, -1,
      960, 1075, 961, -1,
      961, 1075, 1076, -1,
      961, 1076, 962, -1,
      962, 1076, 1077, -1,
      962, 1077, 963, -1,
      963, 1077, 1078, -1,
      963, 1078, 964, -1,
      964, 1078, 1079, -1,
      964, 1079, 965, -1,
      965, 1079, 1080, -1,
      965, 1080, 966, -1,
      966, 1080, 1081, -1,
      966, 1081, 967, -1,
      967, 1081, 1082, -1,
      967, 1082, 968, -1,
      968, 1082, 1083, -1,
      968, 1083, 969, -1,
      969, 1083, 1084, -1,
      969, 1084, 970, -1,
      970, 1084, 1085, -1,
      970, 1085, 971, -1,
      971, 1085, 1086, -1,
      971, 1086, 972, -1,
      972, 1086, 1087, -1,
      972, 1087, 973, -1,
      973, 1087, 1088, -1,
      973, 1088, 974, -1,
      974, 1088, 1089, -1,
      974, 1089, 975, -1,
      975, 1089, 1090, -1,
      975, 1090, 976, -1,
      976, 1090, 1091, -1,
      976, 1091, 977, -1,
      977, 1091, 1092, -1,
      977, 1092, 978, -1,
      978, 1092, 1093, -1,
      978, 1093, 979, -1,
      979, 1093, 1094, -1,
      979, 1094, 980, -1,
      980, 1094, 1095, -1,
      980, 1095, 981, -1,
      981, 1095, 1096, -1,
      981, 1096, 982, -1,
      982, 1096, 1097, -1,
      982, 1097, 983, -1,
      983, 1097, 1098, -1,
      983, 1098, 984, -1,
      984, 1098, 1099, -1,
      984, 1099, 985, -1,
      985, 1099, 1100, -1,
      985, 1100, 986, -1,
      986, 1100, 1101, -1,
      986, 1101, 987, -1,
      987, 1101, 1102, -1,
      987, 1102, 988, -1,
      988, 1102, 1103, -1,
      988, 1103, 989, -1,
      989, 1103, 1104, -1,
      989, 1104, 990, -1,
      990, 1104, 1105, -1,
      990, 1105, 991, -1,
      991, 1105, 1106, -1,
      991, 1106, 992, -1,
      992, 1106, 1107, -1,
      992, 1107, 993, -1,
      993, 1107, 1108, -1,
      993, 1108, 994, -1,
      994, 1108, 1109, -1,
      994, 1109, 995, -1,
      995, 1109, 1110, -1,
      995, 1110, 996, -1,
      996, 1110, 1111, -1,
      996, 1111, 997, -1,
      997, 1111, 1112, -1,
      997, 1112, 998, -1,
      998, 1112, 1113, -1,
      998, 1113, 999, -1,
      999, 1113, 1114, -1,
      999, 1114, 1000, -1,
      1000, 1114, 1115, -1,
      1000, 1115, 1001, -1,
      1001, 1115, 1116, -1,
      1001, 1116, 1002, -1,
      1002, 1116, 1117, -1,
      1002, 1117, 1003, -1,
      1003, 1117, 1118, -1,
      1003, 1118, 1004, -1,
      1004, 1118, 1119, -1,
      1004, 1119, 1005, -1,
      1005, 1119, 1120, -1,
      1005, 1120, 1006, -1,
      1006, 1120, 1121, -1,
      1006, 1121, 1007, -1,
      1007, 1121, 1122, -1,
      1007, 1122, 1008, -1,
      1008, 1122, 1123, -1,
      1008, 1123, 1009, -1,
      1009, 1123, 1124, -1,
      1009, 1124, 1010, -1,
      1010, 1124, 1125, -1,
      1010, 1125, 1011, -1,
      1011, 1125, 1126, -1,
      1011, 1126, 1012, -1,
      1012, 1126, 1127, -1,
      1012, 1127, 1013, -1,
      1013, 1127, 1128, -1,
      1013, 1128, 1014, -1,
      1014, 1128, 1129, -1,
      1014, 1129, 1015, -1,
      1015, 1129, 1130, -1,
      1015, 1130, 1016, -1,
      1016, 1130, 1131, -1,
      1016, 1131, 1017, -1,
      1017, 1131, 1132, -1,
      1017, 1132, 1018, -1,
      1018, 1132, 1133, -1,
      1018, 1133, 1019, -1,
      1019, 1133, 1134, -1,
      1019, 1134, 1020, -1,
      1020, 1134, 1135, -1,
      1020, 1135, 1021, -1,
      1021, 1135, 1136, -1,
      1021, 1136, 1022, -1,
      1022, 1136, 1137, -1,
      1022, 1137, 1023, -1,
      1023, 1137, 1138, -1,
      1023, 1138, 1024, -1,
      1024, 1138, 1139, -1,
      1024, 1139, 1025, -1,
      1025, 1139, 1140, -1,
      1025, 1140, 1026, -1,
      1026, 1140, 1141, -1,
      1026, 1141, 1027, -1,
      1027, 1141, 1142, -1,
      1027, 1142, 1028, -1,
      1028, 1142, 1143, -1,
      1028, 1143, 1029, -1,
      1029, 1143, 1144, -1,
      1029, 1144, 1030, -1,
      1030, 1144, 1145, -1,
      1030, 1145, 1031, -1,
      1031, 1145, 1146, -1,
      1031, 1146, 1032, -1,
      1032, 1146, 1147, -1,
      1032, 1147, 1033, -1,
      1033, 1147, 1148, -1,
      1033, 1148, 1034, -1,
      1034, 1148, 1149, -1,
      1034, 1149, 1035, -1,
      1035, 1149, 1150, -1,
      1035, 1150, 1036, -1,
      1036, 1150, 1151, -1,
      1036, 1151, 1037, -1,
      1037, 1151, 1152, -1,
      1037, 1152, 1038, -1,
      1038, 1152, 1153, -1,
      1038, 1153, 1039, -1,
      1039, 1153, 1154, -1,
      1039, 1154, 1040, -1,
      1040, 1154, 1155, -1,
      1040, 1155, 1041, -1,
      1041, 1155, 1156, -1,
      1041, 1156, 1042, -1,
      1042, 1156, 1157, -1,
      1042, 1157, 1043, -1,
      1043, 1157, 1158, -1,
      1043, 1158, 1044, -1,
      1044, 1158, 1159, -1,
      1044, 1159, 1045, -1,
      1045, 1159, 1160, -1,
      1045, 1160, 1046, -1,
      1046, 1160, 1161, -1,
      1046, 1161, 1047, -1,
      1047, 1161, 1162, -1,
      1047, 1162, 1048, -1,
      1048, 1162, 1163, -1,
      1048, 1163, 1049, -1,
      1049, 1163, 1164, -1,
      1049, 1164, 1050, -1,
      1050, 1164, 1165, -1,
      1050, 1165, 1051, -1,
      1051, 1165, 1166, -1,
      1051, 1166, 1052, -1,
      1052, 1166, 1167, -1,
      1052, 1167, 1053, -1,
      1053, 1167, 1168, -1,
      1053, 1168, 1054, -1,
      1054, 1168, 1169, -1,
      1054, 1169, 1055, -1,
      1055, 1169, 1170, -1,
      1055, 1170, 1056, -1,
      1056, 1170, 1171, -1,
      1056, 1171, 1057, -1,
      1057, 1171, 1172, -1,
      1057, 1172, 1058, -1,
      1058, 1172, 1173, -1,
      1058, 1173, 1059, -1,
      1059, 1173, 1174, -1,
      1059, 1174, 1060, -1,
      1060, 1174, 1175, -1,
      1060, 1175, 1061, -1,
      1061, 1175, 1176, -1,
      1061, 1176, 1062, -1,
      1062, 1176, 1177, -1,
      1062, 1177, 1063, -1,
      1063, 1177, 1178, -1,
      1063, 1178, 1064, -1,
      1064, 1178, 1179, -1,
      1064, 1179, 1065, -1,
      1065, 1179, 1180, -1,
      1065, 1180, 1066, -1,
      1066, 1180, 1181, -1,
      1066, 1181, 1067, -1,
      1067, 1181, 1182, -1,
      1067, 1182, 1068, -1,
      85, 56, 220, -1,
      220, 56, 218, -1,
      220, 218, 1069, -1,
      1069, 218, 1183, -1,
      1069, 1183, 1070, -1,
      1070, 1183, 1184, -1,
      1070, 1184, 1071, -1,
      1071, 1184, 1185, -1,
      1071, 1185, 1072, -1,
      1072, 1185, 1186, -1,
      1072, 1186, 1073, -1,
      1073, 1186, 1187, -1,
      1073, 1187, 1074, -1,
      1074, 1187, 1188, -1,
      1074, 1188, 1075, -1,
      1075, 1188, 1189, -1,
      1075, 1189, 1076, -1,
      1076, 1189, 1190, -1,
      1076, 1190, 1077, -1,
      1077, 1190, 1191, -1,
      1077, 1191, 1078, -1,
      1078, 1191, 1192, -1,
      1078, 1192, 1079, -1,
      1079, 1192, 1193, -1,
      1079, 1193, 1080, -1,
      1080, 1193, 1194, -1,
      1080, 1194, 1081, -1,
      1081, 1194, 1195, -1,
      1081, 1195, 1082, -1,
      1082, 1195, 1196, -1,
      1082, 1196, 1083, -1,
      1083, 1196, 1197, -1,
      1083, 1197, 1084, -1,
      1084, 1197, 1198, -1,
      1084, 1198, 1085, -1,
      1085, 1198, 1199, -1,
      1085, 1199, 1086, -1,
      1086, 1199, 1200, -1,
      1086, 1200, 1087, -1,
      1087, 1200, 1201, -1,
      1087, 1201, 1088, -1,
      1088, 1201, 1202, -1,
      1088, 1202, 1089, -1,
      1089, 1202, 1203, -1,
      1089, 1203, 1090, -1,
      1090, 1203, 1204, -1,
      1090, 1204, 1091, -1,
      1091, 1204, 1205, -1,
      1091, 1205, 1092, -1,
      1092, 1205, 1206, -1,
      1092, 1206, 1093, -1,
      1093, 1206, 1207, -1,
      1093, 1207, 1094, -1,
      1094, 1207, 1208, -1,
      1094, 1208, 1095, -1,
      1095, 1208, 1209, -1,
      1095, 1209, 1096, -1,
      1096, 1209, 1210, -1,
      1096, 1210, 1097, -1,
      1097, 1210, 1211, -1,
      1097, 1211, 1098, -1,
      1098, 1211, 1212, -1,
      1098, 1212, 1099, -1,
      1099, 1212, 1213, -1,
      1099, 1213, 1100, -1,
      1100, 1213, 1214, -1,
      1100, 1214, 1101, -1,
      1101, 1214, 1215, -1,
      1101, 1215, 1102, -1,
      1102, 1215, 1216, -1,
      1102, 1216, 1103, -1,
      1103, 1216, 1217, -1,
      1103, 1217, 1104, -1,
      1104, 1217, 1218, -1,
      1104, 1218, 1105, -1,
      1105, 1218, 1219, -1,
      1105, 1219, 1106, -1,
      1106, 1219, 1220, -1,
      1106, 1220, 1107, -1,
      1107, 1220, 1221, -1,
      1107, 1221, 1108, -1,
      1108, 1221, 1222, -1,
      1108, 1222, 1109, -1,
      1109, 1222, 1223, -1,
      1109, 1223, 1110, -1,
      1110, 1223, 1224, -1,
      1110, 1224, 1111, -1,
      1111, 1224, 1225, -1,
      1111, 1225, 1112, -1,
      1112, 1225, 1226, -1,
      1112, 1226, 1113, -1,
      1113, 1226, 1227, -1,
      1113, 1227, 1114, -1,
      1114, 1227, 1228, -1,
      1114, 1228, 1115, -1,
      1115, 1228, 1229, -1,
      1115, 1229, 1116, -1,
      1116, 1229, 1230, -1,
      1116, 1230, 1117, -1,
      1117, 1230, 1231, -1,
      1117, 1231, 1118, -1,
      1118, 1231, 1232, -1,
      1118, 1232, 1119, -1,
      1119, 1232, 1233, -1,
      1119, 1233, 1120, -1,
      1120, 1233, 1234, -1,
      1120, 1234, 1121, -1,
      1121, 1234, 1235, -1,
      1121, 1235, 1122, -1,
      1122, 1235, 1236, -1,
      1122, 1236, 1123, -1,
      1123, 1236, 1237, -1,
      1123, 1237, 1124, -1,
      1124, 1237, 1238, -1,
      1124, 1238, 1125, -1,
      1125, 1238, 1239, -1,
      1125, 1239, 1126, -1,
      1126, 1239, 1240, -1,
      1126, 1240, 1127, -1,
      1127, 1240, 1241, -1,
      1127, 1241, 1128, -1,
      1128, 1241, 1242, -1,
      1128, 1242, 1129, -1,
      1129, 1242, 1243, -1,
      1129, 1243, 1130, -1,
      1130, 1243, 1244, -1,
      1130, 1244, 1131, -1,
      1131, 1244, 1245, -1,
      1131, 1245, 1132, -1,
      1132, 1245, 1246, -1,
      1132, 1246, 1133, -1,
      1133, 1246, 1247, -1,
      1133, 1247, 1134, -1,
      1134, 1247, 1248, -1,
      1134, 1248, 1135, -1,
      1135, 1248, 1249, -1,
      1135, 1249, 1136, -1,
      1136, 1249, 1250, -1,
      1136, 1250, 1137, -1,
      1137, 1250, 1251, -1,
      1137, 1251, 1138, -1,
      1138, 1251, 1252, -1,
      1138, 1252, 1139, -1,
      1139, 1252, 1253, -1,
      1139, 1253, 1140, -1,
      1140, 1253, 1254, -1,
      1140, 1254, 1141, -1,
      1141, 1254, 1255, -1,
      1141, 1255, 1142, -1,
      1142, 1255, 1256, -1,
      1142, 1256, 1143, -1,
      1143, 1256, 1257, -1,
      1143, 1257, 1144, -1,
      1144, 1257, 1258, -1,
      1144, 1258, 1145, -1,
      1145, 1258, 1259, -1,
      1145, 1259, 1146, -1,
      1146, 1259, 1260, -1,
      1146, 1260, 1147, -1,
      1147, 1260, 1261, -1,
      1147, 1261, 1148, -1,
      1148, 1261, 1262, -1,
      1148, 1262, 1149, -1,
      1149, 1262, 1263, -1,
      1149, 1263, 1150, -1,
      1150, 1263, 1264, -1,
      1150, 1264, 1151, -1,
      1151, 1264, 1265, -1,
      1151, 1265, 1152, -1,
      1152, 1265, 1266, -1,
      1152, 1266, 1153, -1,
      1153, 1266, 1267, -1,
      1153, 1267, 1154, -1,
      1154, 1267, 1268, -1,
      1154, 1268, 1155, -1,
      1155, 1268, 1269, -1,
      1155, 1269, 1156, -1,
      1156, 1269, 1270, -1,
      1156, 1270, 1157, -1,
      1157, 1270, 1271, -1,
      1157, 1271, 1158, -1,
      1158, 1271, 1272, -1,
      1158, 1272, 1159, -1,
      1159, 1272, 1273, -1,
      1159, 1273, 1160, -1,
      1160, 1273, 1274, -1,
      1160, 1274, 1161, -1,
      1161, 1274, 1275, -1,
      1161, 1275, 1162, -1,
      1162, 1275, 1276, -1,
      1162, 1276, 1163, -1,
      1163, 1276, 1277, -1,
      1163, 1277, 1164, -1,
      1164, 1277, 1278, -1,
      1164, 1278, 1165, -1,
      1165, 1278, 1279, -1,
      1165, 1279, 1166, -1,
      1166, 1279, 1280, -1,
      1166, 1280, 1167, -1,
      1167, 1280, 1281, -1,
      1167, 1281, 1168, -1,
      1168, 1281, 1282, -1,
      1168, 1282, 1169, -1,
      1169, 1282, 1283, -1,
      1169, 1283, 1170, -1,
      1170, 1283, 1284, -1,
      1170, 1284, 1171, -1,
      1171, 1284, 1285, -1,
      1171, 1285, 1172, -1,
      1172, 1285, 1286, -1,
      1172, 1286, 1173, -1,
      1173, 1286, 1287, -1,
      1173, 1287, 1174, -1,
      1174, 1287, 1288, -1,
      1174, 1288, 1175, -1,
      1175, 1288, 1289, -1,
      1175, 1289, 1176, -1,
      1176, 1289, 1290, -1,
      1176, 1290, 1177, -1,
      1177, 1290, 1291, -1,
      1177, 1291, 1178, -1,
      1178, 1291, 1292, -1,
      1178, 1292, 1179, -1,
      1179, 1292, 1293, -1,
      1179, 1293, 1180, -1,
      1180, 1293, 1294, -1,
      1180, 1294, 1181, -1,
      1181, 1294, 1295, -1,
      1181, 1295, 1182, -1,
      76, 178, 218, -1,
      218, 178, 1296, -1,
      218, 1296, 1183, -1,
      1183, 1296, 1297, -1,
      1183, 1297, 1184, -1,
      1184, 1297, 1298, -1,
      1184, 1298, 1185, -1,
      1185, 1298, 1299, -1,
      1185, 1299, 1186, -1,
      1186, 1299, 1300, -1,
      1186, 1300, 1187, -1,
      1187, 1300, 1301, -1,
      1187, 1301, 1188, -1,
      1188, 1301, 1302, -1,
      1188, 1302, 1189, -1,
      1189, 1302, 1303, -1,
      1189, 1303, 1190, -1,
      1190, 1303, 1304, -1,
      1190, 1304, 1191, -1,
      1191, 1304, 1305, -1,
      1191, 1305, 1192, -1,
      1192, 1305, 1306, -1,
      1192, 1306, 1193, -1,
      1193, 1306, 1307, -1,
      1193, 1307, 1194, -1,
      1194, 1307, 1308, -1,
      1194, 1308, 1195, -1,
      1195, 1308, 1309, -1,
      1195, 1309, 1196, -1,
      1196, 1309, 1310, -1,
      1196, 1310, 1197, -1,
      1197, 1310, 1311, -1,
      1197, 1311, 1198, -1,
      1198, 1311, 1312, -1,
      1198, 1312, 1199, -1,
      1199, 1312, 1313, -1,
      1199, 1313, 1200, -1,
      1200, 1313, 1314, -1,
      1200, 1314, 1201, -1,
      1201, 1314, 1315, -1,
      1201, 1315, 1202, -1,
      1202, 1315, 1316, -1,
      1202, 1316, 1203, -1,
      1203, 1316, 1317, -1,
      1203, 1317, 1204, -1,
      1204, 1317, 1318, -1,
      1204, 1318, 1205, -1,
      1205, 1318, 1319, -1,
      1205, 1319, 1206, -1,
      1206, 1319, 1320, -1,
      1206, 1320, 1207, -1,
      1207, 1320, 1321, -1,
      1207, 1321, 1208, -1,
      1208, 1321, 1322, -1,
      1208, 1322, 1209, -1,
      1209, 1322, 1323, -1,
      1209, 1323, 1210, -1,
      1210, 1323, 1324, -1,
      1210, 1324, 1211, -1,
      1211, 1324, 1325, -1,
      1211, 1325, 1212, -1,
      1212, 1325, 1326, -1,
      1212, 1326, 1213, -1,
      1213, 1326, 1327, -1,
      1213, 1327, 1214, -1,
      1214, 1327, 1328, -1,
      1214, 1328, 1215, -1,
      1215, 1328, 1329, -1,
      1215, 1329, 1216, -1,
      1216, 1329, 1330, -1,
      1216, 1330, 1217, -1,
      1217, 1330, 1331, -1,
      1217, 1331, 1218, -1,
      1218, 1331, 1332, -1,
      1218, 1332, 1219, -1,
      1219, 1332, 1333, -1,
      1219, 1333, 1220, -1,
      1220, 1333, 1334, -1,
      1220, 1334, 1221, -1,
      1221, 1334, 1335, -1,
      1221, 1335, 1222, -1,
      1222, 1335, 1336, -1,
      1222, 1336, 1223, -1,
      1223, 1336, 1337, -1,
      1223, 1337, 1224, -1,
      1224, 1337, 1338, -1,
      1224, 1338, 1225, -1,
      1225, 1338, 1339, -1,
      1225, 1339, 1226, -1,
      1226, 1339, 1340, -1,
      1226, 1340, 1227, -1,
      1227, 1340, 1341, -1,
      1227, 1341, 1228, -1,
      1228, 1341, 1342, -1,
      1228, 1342, 1229, -1,
      1229, 1342, 1343, -1,
      1229, 1343, 1230, -1,
      1230, 1343, 1344, -1,
      1230, 1344, 1231, -1,
      1231, 1344, 1345, -1,
      1231, 1345, 1232, -1,
      1232, 1345, 1346, -1,
      1232, 1346, 1233, -1,
      1233, 1346, 1347, -1,
      1233, 1347, 1234, -1,
      1234, 1347, 1348, -1,
      1234, 1348, 1235, -1,
      1235, 1348, 1349, -1,
      1235, 1349, 1236, -1,
      1236, 1349, 1350, -1,
      1236, 1350, 1237, -1,
      1237, 1350, 1351, -1,
      1237, 1351, 1238, -1,
      1238, 1351, 1352, -1,
      1238, 1352, 1239, -1,
      1239, 1352, 1353, -1,
      1239, 1353, 1240, -1,
      1240, 1353, 1354, -1,
      1240, 1354, 1241, -1,
      1241, 1354, 1355, -1,
      1241, 1355, 1242, -1,
      1242, 1355, 1356, -1,
      1242, 1356, 1243, -1,
      1243, 1356, 1357, -1,
      1243, 1357, 1244, -1,
      1244, 1357, 1358, -1,
      1244, 1358, 1245, -1,
      1245, 1358, 1359, -1,
      1245, 1359, 1246, -1,
      1246, 1359, 1360, -1,
      1246, 1360, 1247, -1,
      1247, 1360, 1361, -1,
      1247, 1361, 1248, -1,
      1248, 1361, 1362, -1,
      1248, 1362, 1249, -1,
      1249, 1362, 1363, -1,
      1249, 1363, 1250, -1,
      1250, 1363, 1364, -1,
      1250, 1364, 1251, -1,
      1251, 1364, 1365, -1,
      1251, 1365, 1252, -1,
      1252, 1365, 1366, -1,
      1252, 1366, 1253, -1,
      1253, 1366, 1367, -1,
      1253, 1367, 1254, -1,
      1254, 1367, 1368, -1,
      1254, 1368, 1255, -1,
      1255, 1368, 1369, -1,
      1255, 1369, 1256, -1,
      1256, 1369, 1370, -1,
      1256, 1370, 1257, -1,
      1257, 1370, 1371, -1,
      1257, 1371, 1258, -1,
      1258, 1371, 1372, -1,
      1258, 1372, 1259, -1,
      1259, 1372, 1373, -1,
      1259, 1373, 1260, -1,
      1260, 1373, 1374, -1,
      1260, 1374, 1261, -1,
      1261, 1374, 1375, -1,
      1261, 1375, 1262, -1,
      1262, 1375, 1376, -1,
      1262, 1376, 1263, -1,
      1263, 1376, 1377, -1,
      1263, 1377, 1264, -1,
      1264, 1377, 1378, -1,
      1264, 1378, 1265, -1,
      1265, 1378, 1379, -1,
      1265, 1379, 1266, -1,
      1266, 1379, 1380, -1,
      1266, 1380, 1267, -1,
      1267, 1380, 1381, -1,
      1267, 1381, 1268, -1,
      1268, 1381, 1382, -1,
      1268, 1382, 1269, -1,
      1269, 1382, 1383, -1,
      1269, 1383, 1270, -1,
      1270, 1383, 1384, -1,
      1270, 1384, 1271, -1,
      1271, 1384, 1385, -1,
      1271, 1385, 1272, -1,
      1272, 1385, 1386, -1,
      1272, 1386, 1273, -1,
      1273, 1386, 1387, -1,
      1273, 1387, 1274, -1,
      1274, 1387, 1388, -1,
      1274, 1388, 1275, -1,
      1275, 1388, 1389, -1,
      1275, 1389, 1276, -1,
      1276, 1389, 1390, -1,
      1276, 1390, 1277, -1,
      1277, 1390, 1391, -1,
      1277, 1391, 1278, -1,
      1278, 1391, 1392, -1,
      1278, 1392, 1279, -1,
      1279, 1392, 1393, -1,
      1279, 1393, 1280, -1,
      1280, 1393, 1394, -1,
      1280, 1394, 1281, -1,
      1281, 1394, 1395, -1,
      1281, 1395, 1282, -1,
      1282, 1395, 1396, -1,
      1282, 1396, 1283, -1,
      1283, 1396, 1397, -1,
      1283, 1397, 1284, -1,
      1284, 1397, 1398, -1,
      1284, 1398, 1285, -1,
      1285, 1398, 1399, -1,
      1285, 1399, 1286, -1,
      1286, 1399, 1400, -1,
      1286, 1400, 1287, -1,
      1287, 1400, 1401, -1,
      1287, 1401, 1288, -1,
      1288, 1401, 1402, -1,
      1288, 1402, 1289, -1,
      1289, 1402, 1403, -1,
      1289, 1403, 1290, -1,
      1290, 1403, 1404, -1,
      1290, 1404, 1291, -1,
      1291, 1404, 1405, -1,
      1291, 1405, 1292, -1,
      1292, 1405, 1406, -1,
      1292, 1406, 1293, -1,
      1293, 1406, 1407, -1,
      1293, 1407, 1294, -1,
      1294, 1407, 1408, -1,
      1294, 1408, 1295, -1,
      59, 60, 178, -1,
      178, 60, 217, -1,
      178, 217, 1296, -1,
      1296, 217, 1409, -1,
      1296, 1409, 1297, -1,
      1297, 1409, 1410, -1,
      1297, 1410, 1298, -1,
      1298, 1410, 1411, -1,
      1298, 1411, 1299, -1,
      1299, 1411, 1412, -1,
      1299, 1412, 1300, -1,
      1300, 1412, 1413, -1,
      1300, 1413, 1301, -1,
      1301, 1413, 1414, -1,
      1301, 1414, 1302, -1,
      1302, 1414, 1415, -1,
      1302, 1415, 1303, -1,
      1303, 1415, 1416, -1,
      1303, 1416, 1304, -1,
      1304, 1416, 1417, -1,
      1304, 1417, 1305, -1,
      1305, 1417, 1418, -1,
      1305, 1418, 1306, -1,
      1306, 1418, 1419, -1,
      1306, 1419, 1307, -1,
      1307, 1419, 1420, -1,
      1307, 1420, 1308, -1,
      1308, 1420, 1421, -1,
      1308, 1421, 1309, -1,
      1309, 1421, 1422, -1,
      1309, 1422, 1310, -1,
      1310, 1422, 1423, -1,
      1310, 1423, 1311, -1,
      1311, 1423, 1424, -1,
      1311, 1424, 1312, -1,
      1312, 1424, 1425, -1,
      1312, 1425, 1313, -1,
      1313, 1425, 1426, -1,
      1313, 1426, 1314, -1,
      1314, 1426, 1427, -1,
      1314, 1427, 1315, -1,
      1315, 1427, 1428, -1,
      1315, 1428, 1316, -1,
      1316, 1428, 1429, -1,
      1316, 1429, 1317, -1,
      1317, 1429, 1430, -1,
      1317, 1430, 1318, -1,
      1318, 1430, 1431, -1,
      1318, 1431, 1319, -1,
      1319, 1431, 1432, -1,
      1319, 1432, 1320, -1,
      1320, 1432, 1433, -1,
      1320, 1433, 1321, -1,
      1321, 1433, 1434, -1,
      1321, 1434, 1322, -1,
      1322, 1434, 1435, -1,
      1322, 1435, 1323, -1,
      1323, 1435, 1436, -1,
      1323, 1436, 1324, -1,
      1324, 1436, 1437, -1,
      1324, 1437, 1325, -1,
      1325, 1437, 1438, -1,
      1325, 1438, 1326, -1,
      1326, 1438, 1439, -1,
      1326, 1439, 1327, -1,
      1327, 1439, 1440, -1,
      1327, 1440, 1328, -1,
      1328, 1440, 1441, -1,
      1328, 1441, 1329, -1,
      1329, 1441, 1442, -1,
      1329, 1442, 1330, -1,
      1330, 1442, 1443, -1,
      1330, 1443, 1331, -1,
      1331, 1443, 1444, -1,
      1331, 1444, 1332, -1,
      1332, 1444, 1445, -1,
      1332, 1445, 1333, -1,
      1333, 1445, 1446, -1,
      1333, 1446, 1334, -1,
      1334, 1446, 1447, -1,
      1334, 1447, 1335, -1,
      1335, 1447, 1448, -1,
      1335, 1448, 1336, -1,
      1336, 1448, 1449, -1,
      1336, 1449, 1337, -1,
      1337, 1449, 1450, -1,
      1337, 1450, 1338, -1,
      1338, 1450, 1451, -1,
      1338, 1451, 1339, -1,
      1339, 1451, 1452, -1,
      1339, 1452, 1340, -1,
      1340, 1452, 1453, -1,
      1340, 1453, 1341, -1,
      1341, 1453, 1454, -1,
      1341, 1454, 1342, -1,
      1342, 1454, 1455, -1,
      1342, 1455, 1343, -1,
      1343, 1455, 1456, -1,
      1343, 1456, 1344, -1,
      1344, 1456, 1457, -1,
      1344, 1457, 1345, -1,
      1345, 1457, 1458, -1,
      1345, 1458, 1346, -1,
      1346, 1458, 1459, -1,
      1346, 1459, 1347, -1,
      1347, 1459, 1460, -1,
      1347, 1460, 1348, -1,
      1348, 1460, 1461, -1,
      1348, 1461, 1349, -1,
      1349, 1461, 1462, -1,
      1349, 1462, 1350, -1,
      1350, 1462, 1463, -1,
      1350, 1463, 1351, -1,
      1351, 1463, 1464, -1,
      1351, 1464, 1352, -1,
      1352, 1464, 1465, -1,
      1352, 1465, 1353, -1,
      1353, 1465, 1466, -1,
      1353, 1466, 1354, -1,
      1354, 1466, 1467, -1,
      1354, 1467, 1355, -1,
      1355, 1467, 1468, -1,
      1355, 1468, 1356, -1,
      1356, 1468, 1469, -1,
      1356, 1469, 1357, -1,
      1357, 1469, 1470, -1,
      1357, 1470, 1358, -1,
      1358, 1470, 1471, -1,
      1358, 1471, 1359, -1,
      1359, 1471, 1472, -1,
      1359, 1472, 1360, -1,
      1360, 1472, 1473, -1,
      1360, 1473, 1361, -1,
      1361, 1473, 1474, -1,
      1361, 1474, 1362, -1,
      1362, 1474, 1475, -1,
      1362, 1475, 1363, -1,
      1363, 1475, 1476, -1,
      1363, 1476, 1364, -1,
      1364, 1476, 1477, -1,
      1364, 1477, 1365, -1,
      1365, 1477, 1478, -1,
      1365, 1478, 1366, -1,
      1366, 1478, 1479, -1,
      1366, 1479, 1367, -1,
      1367, 1479, 1480, -1,
      1367, 1480, 1368, -1,
      1368, 1480, 1481, -1,
      1368, 1481, 1369, -1,
      1369, 1481, 1482, -1,
      1369, 1482, 1370, -1,
      1370, 1482, 1483, -1,
      1370, 1483, 1371, -1,
      1371, 1483, 1484, -1,
      1371, 1484, 1372, -1,
      1372, 1484, 1485, -1,
      1372, 1485, 1373, -1,
      1373, 1485, 1486, -1,
      1373, 1486, 1374, -1,
      1374, 1486, 1487, -1,
      1374, 1487, 1375, -1,
      1375, 1487, 1488, -1,
      1375, 1488, 1376, -1,
      1376, 1488, 1489, -1,
      1376, 1489, 1377, -1,
      1377, 1489, 1490, -1,
      1377, 1490, 1378, -1,
      1378, 1490, 1491, -1,
      1378, 1491, 1379, -1,
      1379, 1491, 1492, -1,
      1379, 1492, 1380, -1,
      1380, 1492, 1493, -1,
      1380, 1493, 1381, -1,
      1381, 1493, 1494, -1,
      1381, 1494, 1382, -1,
      1382, 1494, 1495, -1,
      1382, 1495, 1383, -1,
      1383, 1495, 1496, -1,
      1383, 1496, 1384, -1,
      1384, 1496, 1497, -1,
      1384, 1497, 1385, -1,
      1385, 1497, 1498, -1,
      1385, 1498, 1386, -1,
      1386, 1498, 1499, -1,
      1386, 1499, 1387, -1,
      1387, 1499, 1500, -1,
      1387, 1500, 1388, -1,
      1388, 1500, 1501, -1,
      1388, 1501, 1389, -1,
      1389, 1501, 1502, -1,
      1389, 1502, 1390, -1,
      1390, 1502, 1503, -1,
      1390, 1503, 1391, -1,
      1391, 1503, 1504, -1,
      1391, 1504, 1392, -1,
      1392, 1504, 1505, -1,
      1392, 1505, 1393, -1,
      1393, 1505, 1506, -1,
      1393, 1506, 1394, -1,
      1394, 1506, 1507, -1,
      1394, 1507, 1395, -1,
      1395, 1507, 1508, -1,
      1395, 1508, 1396, -1,
      1396, 1508, 1509, -1,
      1396, 1509, 1397, -1,
      1397, 1509, 1510, -1,
      1397, 1510, 1398, -1,
      1398, 1510, 1511, -1,
      1398, 1511, 1399, -1,
      1399, 1511, 1512, -1,
      1399, 1512, 1400, -1,
      1400, 1512, 1513, -1,
      1400, 1513, 1401, -1,
      1401, 1513, 1514, -1,
      1401, 1514, 1402, -1,
      1402, 1514, 1515, -1,
      1402, 1515, 1403, -1,
      1403, 1515, 1516, -1,
      1403, 1516, 1404, -1,
      1404, 1516, 1517, -1,
      1404, 1517, 1405, -1,
      1405, 1517, 1518, -1,
      1405, 1518, 1406, -1,
      1406, 1518, 1519, -1,
      1406, 1519, 1407, -1,
      1407, 1519, 1520, -1,
      1407, 1520, 1408, -1,
      66, 65, 216, -1,
      216, 65, 179, -1,
      216, 179, 217, -1,
      217, 179, 1521, -1,
      217, 1521, 1409, -1,
      1409, 1521, 1522, -1,
      1409, 1522, 1410, -1,
      1410, 1522, 1523, -1,
      1410, 1523, 1411, -1,
      1411, 1523, 1524, -1,
      1411, 1524, 1412, -1,
      1412, 1524, 1525, -1,
      1412, 1525, 1413, -1,
      1413, 1525, 1526, -1,
      1413, 1526, 1414, -1,
      1414, 1526, 1527, -1,
      1414, 1527, 1415, -1,
      1415, 1527, 1528, -1,
      1415, 1528, 1416, -1,
      1416, 1528, 1529, -1,
      1416, 1529, 1417, -1,
      1417, 1529, 1530, -1,
      1417, 1530, 1418, -1,
      1418, 1530, 1531, -1,
      1418, 1531, 1419, -1,
      1419, 1531, 1532, -1,
      1419, 1532, 1420, -1,
      1420, 1532, 1533, -1,
      1420, 1533, 1421, -1,
      1421, 1533, 1534, -1,
      1421, 1534, 1422, -1,
      1422, 1534, 1535, -1,
      1422, 1535, 1423, -1,
      1423, 1535, 1536, -1,
      1423, 1536, 1424, -1,
      1424, 1536, 1537, -1,
      1424, 1537, 1425, -1,
      1425, 1537, 1538, -1,
      1425, 1538, 1426, -1,
      1426, 1538, 1539, -1,
      1426, 1539, 1427, -1,
      1427, 1539, 1540, -1,
      1427, 1540, 1428, -1,
      1428, 1540, 1541, -1,
      1428, 1541, 1429, -1,
      1429, 1541, 1542, -1,
      1429, 1542, 1430, -1,
      1430, 1542, 1543, -1,
      1430, 1543, 1431, -1,
      1431, 1543, 1544, -1,
      1431, 1544, 1432, -1,
      1432, 1544, 1545, -1,
      1432, 1545, 1433, -1,
      1433, 1545, 1546, -1,
      1433, 1546, 1434, -1,
      1434, 1546, 1547, -1,
      1434, 1547, 1435, -1,
      1435, 1547, 1548, -1,
      1435, 1548, 1436, -1,
      1436, 1548, 1549, -1,
      1436, 1549, 1437, -1,
      1437, 1549, 1550, -1,
      1437, 1550, 1438, -1,
      1438, 1550, 1551, -1,
      1438, 1551, 1439, -1,
      1439, 1551, 1552, -1,
      1439, 1552, 1440, -1,
      1440, 1552, 1553, -1,
      1440, 1553, 1441, -1,
      1441, 1553, 1554, -1,
      1441, 1554, 1442, -1,
      1442, 1554, 1555, -1,
      1442, 1555, 1443, -1,
      1443, 1555, 1556, -1,
      1443, 1556, 1444, -1,
      1444, 1556, 1557, -1,
      1444, 1557, 1445, -1,
      1445, 1557, 1558, -1,
      1445, 1558, 1446, -1,
      1446, 1558, 1559, -1,
      1446, 1559, 1447, -1,
      1447, 1559, 1560, -1,
      1447, 1560, 1448, -1,
      1448, 1560, 1561, -1,
      1448, 1561, 1449, -1,
      1449, 1561, 1562, -1,
      1449, 1562, 1450, -1,
      1450, 1562, 1563, -1,
      1450, 1563, 1451, -1,
      1451, 1563, 1564, -1,
      1451, 1564, 1452, -1,
      1452, 1564, 1565, -1,
      1452, 1565, 1453, -1,
      1453, 1565, 1566, -1,
      1453, 1566, 1454, -1,
      1454, 1566, 1567, -1,
      1454, 1567, 1455, -1,
      1455, 1567, 1568, -1,
      1455, 1568, 1456, -1,
      1456, 1568, 1569, -1,
      1456, 1569, 1457, -1,
      1457, 1569, 1570, -1,
      1457, 1570, 1458, -1,
      1458, 1570, 1571, -1,
      1458, 1571, 1459, -1,
      1459, 1571, 1572, -1,
      1459, 1572, 1460, -1,
      1460, 1572, 1573, -1,
      1460, 1573, 1461, -1,
      1461, 1573, 1574, -1,
      1461, 1574, 1462, -1,
      1462, 1574, 1575, -1,
      1462, 1575, 1463, -1,
      1463, 1575, 1576, -1,
      1463, 1576, 1464, -1,
      1464, 1576, 1577, -1,
      1464, 1577, 1465, -1,
      1465, 1577, 1578, -1,
      1465, 1578, 1466, -1,
      1466, 1578, 1579, -1,
      1466, 1579, 1467, -1,
      1467, 1579, 1580, -1,
      1467, 1580, 1468, -1,
      1468, 1580, 1581, -1,
      1468, 1581, 1469, -1,
      1469, 1581, 1582, -1,
      1469, 1582, 1470, -1,
      1470, 1582, 1583, -1,
      1470, 1583, 1471, -1,
      1471, 1583, 1584, -1,
      1471, 1584, 1472, -1,
      1472, 1584, 1585, -1,
      1472, 1585, 1473, -1,
      1473, 1585, 1586, -1,
      1473, 1586, 1474, -1,
      1474, 1586, 1587, -1,
      1474, 1587, 1475, -1,
      1475, 1587, 1588, -1,
      1475, 1588, 1476, -1,
      1476, 1588, 1589, -1,
      1476, 1589, 1477, -1,
      1477, 1589, 1590, -1,
      1477, 1590, 1478, -1,
      1478, 1590, 1591, -1,
      1478, 1591, 1479, -1,
      1479, 1591, 1592, -1,
      1479, 1592, 1480, -1,
      1480, 1592, 1593, -1,
      1480, 1593, 1481, -1,
      1481, 1593, 1594, -1,
      1481, 1594, 1482, -1,
      1482, 1594, 1595, -1,
      1482, 1595, 1483, -1,
      1483, 1595, 1596, -1,
      1483, 1596, 1484, -1,
      1484, 1596, 1597, -1,
      1484, 1597, 1485, -1,
      1485, 1597, 1598, -1,
      1485, 1598, 1486, -1,
      1486, 1598, 1599, -1,
      1486, 1599, 1487, -1,
      1487, 1599, 1600, -1,
      1487, 1600, 1488, -1,
      1488, 1600, 1601, -1,
      1488, 1601, 1489, -1,
      1489, 1601, 1602, -1,
      1489, 1602, 1490, -1,
      1490, 1602, 1603, -1,
      1490, 1603, 1491, -1,
      1491, 1603, 1604, -1,
      1491, 1604, 1492, -1,
      1492, 1604, 1605, -1,
      1492, 1605, 1493, -1,
      1493, 1605, 1606, -1,
      1493, 1606, 1494, -1,
      1494, 1606, 1607, -1,
      1494, 1607, 1495, -1,
      1495, 1607, 1608, -1,
      1495, 1608, 1496, -1,
      1496, 1608, 1609, -1,
      1496, 1609, 1497, -1,
      1497, 1609, 1610, -1,
      1497, 1610, 1498, -1,
      1498, 1610, 1611, -1,
      1498, 1611, 1499, -1,
      1499, 1611, 1612, -1,
      1499, 1612, 1500, -1,
      1500, 1612, 1613, -1,
      1500, 1613, 1501, -1,
      1501, 1613, 1614, -1,
      1501, 1614, 1502, -1,
      1502, 1614, 1615, -1,
      1502, 1615, 1503, -1,
      1503, 1615, 1616, -1,
      1503, 1616, 1504, -1,
      1504, 1616, 1617, -1,
      1504, 1617, 1505, -1,
      1505, 1617, 1618, -1,
      1505, 1618, 1506, -1,
      1506, 1618, 1619, -1,
      1506, 1619, 1507, -1,
      1507, 1619, 1620, -1,
      1507, 1620, 1508, -1,
      1508, 1620, 1621, -1,
      1508, 1621, 1509, -1,
      1509, 1621, 1622, -1,
      1509, 1622, 1510, -1,
      1510, 1622, 1623, -1,
      1510, 1623, 1511, -1,
      1511, 1623, 1624, -1,
      1511, 1624, 1512, -1,
      1512, 1624, 1625, -1,
      1512, 1625, 1513, -1,
      1513, 1625, 1626, -1,
      1513, 1626, 1514, -1,
      1514, 1626, 1627, -1,
      1514, 1627, 1515, -1,
      1515, 1627, 1628, -1,
      1515, 1628, 1516, -1,
      1516, 1628, 1629, -1,
      1516, 1629, 1517, -1,
      1517, 1629, 1630, -1,
      1517, 1630, 1518, -1,
      1518, 1630, 1631, -1,
      1518, 1631, 1519, -1,
      1519, 1631, 1632, -1,
      1519, 1632, 1520, -1,
      73, 180, 179, -1,
      179, 180, 1633, -1,
      179, 1633, 1521, -1,
      1521, 1633, 1634, -1,
      1521, 1634, 1522, -1,
      1522, 1634, 1635, -1,
      1522, 1635, 1523, -1,
      1523, 1635, 1636, -1,
      1523, 1636, 1524, -1,
      1524, 1636, 1637, -1,
      1524, 1637, 1525, -1,
      1525, 1637, 1638, -1,
      1525, 1638, 1526, -1,
      1526, 1638, 1639, -1,
      1526, 1639, 1527, -1,
      1527, 1639, 1640, -1,
      1527, 1640, 1528, -1,
      1528, 1640, 1641, -1,
      1528, 1641, 1529, -1,
      1529, 1641, 1642, -1,
      1529, 1642, 1530, -1,
      1530, 1642, 1643, -1,
      1530, 1643, 1531, -1,
      1531, 1643, 1644, -1,
      1531, 1644, 1532, -1,
      1532, 1644, 1645, -1,
      1532, 1645, 1533, -1,
      1533, 1645, 1646, -1,
      1533, 1646, 1534, -1,
      1534, 1646, 1647, -1,
      1534, 1647, 1535, -1,
      1535, 1647, 1648, -1,
      1535, 1648, 1536, -1,
      1536, 1648, 1649, -1,
      1536, 1649, 1537, -1,
      1537, 1649, 1650, -1,
      1537, 1650, 1538, -1,
      1538, 1650, 1651, -1,
      1538, 1651, 1539, -1,
      1539, 1651, 1652, -1,
      1539, 1652, 1540, -1,
      1540, 1652, 1653, -1,
      1540, 1653, 1541, -1,
      1541, 1653, 1654, -1,
      1541, 1654, 1542, -1,
      1542, 1654, 1655, -1,
      1542, 1655, 1543, -1,
      1543, 1655, 1656, -1,
      1543, 1656, 1544, -1,
      1544, 1656, 1657, -1,
      1544, 1657, 1545, -1,
      1545, 1657, 1658, -1,
      1545, 1658, 1546, -1,
      1546, 1658, 1659, -1,
      1546, 1659, 1547, -1,
      1547, 1659, 1660, -1,
      1547, 1660, 1548, -1,
      1548, 1660, 1661, -1,
      1548, 1661, 1549, -1,
      1549, 1661, 1662, -1,
      1549, 1662, 1550, -1,
      1550, 1662, 1663, -1,
      1550, 1663, 1551, -1,
      1551, 1663, 1664, -1,
      1551, 1664, 1552, -1,
      1552, 1664, 1665, -1,
      1552, 1665, 1553, -1,
      1553, 1665, 1666, -1,
      1553, 1666, 1554, -1,
      1554, 1666, 1667, -1,
      1554, 1667, 1555, -1,
      1555, 1667, 1668, -1,
      1555, 1668, 1556, -1,
      1556, 1668, 1669, -1,
      1556, 1669, 1557, -1,
      1557, 1669, 1670, -1,
      1557, 1670, 1558, -1,
      1558, 1670, 1671, -1,
      1558, 1671, 1559, -1,
      1559, 1671, 1672, -1,
      1559, 1672, 1560, -1,
      1560, 1672, 1673, -1,
      1560, 1673, 1561, -1,
      1561, 1673, 1674, -1,
      1561, 1674, 1562, -1,
      1562, 1674, 1675, -1,
      1562, 1675, 1563, -1,
      1563, 1675, 1676, -1,
      1563, 1676, 1564, -1,
      1564, 1676, 1677, -1,
      1564, 1677, 1565, -1,
      1565, 1677, 1678, -1,
      1565, 1678, 1566, -1,
      1566, 1678, 1679, -1,
      1566, 1679, 1567, -1,
      1567, 1679, 1680, -1,
      1567, 1680, 1568, -1,
      1568, 1680, 1681, -1,
      1568, 1681, 1569, -1,
      1569, 1681, 1682, -1,
      1569, 1682, 1570, -1,
      1570, 1682, 1683, -1,
      1570, 1683, 1571, -1,
      1571, 1683, 1684, -1,
      1571, 1684, 1572, -1,
      1572, 1684, 1685, -1,
      1572, 1685, 1573, -1,
      1573, 1685, 1686, -1,
      1573, 1686, 1574, -1,
      1574, 1686, 1687, -1,
      1574, 1687, 1575, -1,
      1575, 1687, 1688, -1,
      1575, 1688, 1576, -1,
      1576, 1688, 1689, -1,
      1576, 1689, 1577, -1,
      1577, 1689, 1690, -1,
      1577, 1690, 1578, -1,
      1578, 1690, 1691, -1,
      1578, 1691, 1579, -1,
      1579, 1691, 1692, -1,
      1579, 1692, 1580, -1,
      1580, 1692, 1693, -1,
      1580, 1693, 1581, -1,
      1581, 1693, 1694, -1,
      1581, 1694, 1582, -1,
      1582, 1694, 1695, -1,
      1582, 1695, 1583, -1,
      1583, 1695, 1696, -1,
      1583, 1696, 1584, -1,
      1584, 1696, 1697, -1,
      1584, 1697, 1585, -1,
      1585, 1697, 1698, -1,
      1585, 1698, 1586, -1,
      1586, 1698, 1699, -1,
      1586, 1699, 1587, -1,
      1587, 1699, 1700, -1,
      1587, 1700, 1588, -1,
      1588, 1700, 1701, -1,
      1588, 1701, 1589, -1,
      1589, 1701, 1702, -1,
      1589, 1702, 1590, -1,
      1590, 1702, 1703, -1,
      1590, 1703, 1591, -1,
      1591, 1703, 1704, -1,
      1591, 1704, 1592, -1,
      1592, 1704, 1705, -1,
      1592, 1705, 1593, -1,
      1593, 1705, 1706, -1,
      1593, 1706, 1594, -1,
      1594, 1706, 1707, -1,
      1594, 1707, 1595, -1,
      1595, 1707, 1708, -1,
      1595, 1708, 1596, -1,
      1596, 1708, 1709, -1,
      1596, 1709, 1597, -1,
      1597, 1709, 1710, -1,
      1597, 1710, 1598, -1,
      1598, 1710, 1711, -1,
      1598, 1711, 1599, -1,
      1599, 1711, 1712, -1,
      1599, 1712, 1600, -1,
      1600, 1712, 1713, -1,
      1600, 1713, 1601, -1,
      1601, 1713, 1714, -1,
      1601, 1714, 1602, -1,
      1602, 1714, 1715, -1,
      1602, 1715, 1603, -1,
      1603, 1715, 1716, -1,
      1603, 1716, 1604, -1,
      1604, 1716, 1717, -1,
      1604, 1717, 1605, -1,
      1605, 1717, 1718, -1,
      1605, 1718, 1606, -1,
      1606, 1718, 1719, -1,
      1606, 1719, 1607, -1,
      1607, 1719, 1720, -1,
      1607, 1720, 1608, -1,
      1608, 1720, 1721, -1,
      1608, 1721, 1609, -1,
      1609, 1721, 1722, -1,
      1609, 1722, 1610, -1,
      1610, 1722, 1723, -1,
      1610, 1723, 1611, -1,
      1611, 1723, 1724, -1,
      1611, 1724, 1612, -1,
      1612, 1724, 1725, -1,
      1612, 1725, 1613, -1,
      1613, 1725, 1726, -1,
      1613, 1726, 1614, -1,
      1614, 1726, 1727, -1,
      1614, 1727, 1615, -1,
      1615, 1727, 1728, -1,
      1615, 1728, 1616, -1,
      1616, 1728, 1729, -1,
      1616, 1729, 1617, -1,
      1617, 1729, 1730, -1,
      1617, 1730, 1618, -1,
      1618, 1730, 1731, -1,
      1618, 1731, 1619, -1,
      1619, 1731, 1732, -1,
      1619, 1732, 1620, -1,
      1620, 1732, 1733, -1,
      1620, 1733, 1621, -1,
      1621, 1733, 1734, -1,
      1621, 1734, 1622, -1,
      1622, 1734, 1735, -1,
      1622, 1735, 1623, -1,
      1623, 1735, 1736, -1,
      1623, 1736, 1624, -1,
      1624, 1736, 1737, -1,
      1624, 1737, 1625, -1,
      1625, 1737, 1738, -1,
      1625, 1738, 1626, -1,
      1626, 1738, 1739, -1,
      1626, 1739, 1627, -1,
      1627, 1739, 1740, -1,
      1627, 1740, 1628, -1,
      1628, 1740, 1741, -1,
      1628, 1741, 1629, -1,
      1629, 1741, 1742, -1,
      1629, 1742, 1630, -1,
      1630, 1742, 1743, -1,
      1630, 1743, 1631, -1,
      1631, 1743, 1744, -1,
      1631, 1744, 1632, -1,
      69, 181, 180, -1,
      180, 181, 1745, -1,
      180, 1745, 1633, -1,
      1633, 1745, 1746, -1,
      1633, 1746, 1634, -1,
      1634, 1746, 1747, -1,
      1634, 1747, 1635, -1,
      1635, 1747, 1748, -1,
      1635, 1748, 1636, -1,
      1636, 1748, 1749, -1,
      1636, 1749, 1637, -1,
      1637, 1749, 1750, -1,
      1637, 1750, 1638, -1,
      1638, 1750, 1751, -1,
      1638, 1751, 1639, -1,
      1639, 1751, 1752, -1,
      1639, 1752, 1640, -1,
      1640, 1752, 1753, -1,
      1640, 1753, 1641, -1,
      1641, 1753, 1754, -1,
      1641, 1754, 1642, -1,
      1642, 1754, 1755, -1,
      1642, 1755, 1643, -1,
      1643, 1755, 1756, -1,
      1643, 1756, 1644, -1,
      1644, 1756, 1757, -1,
      1644, 1757, 1645, -1,
      1645, 1757, 1758, -1,
      1645, 1758, 1646, -1,
      1646, 1758, 1759, -1,
      1646, 1759, 1647, -1,
      1647, 1759, 1760, -1,
      1647, 1760, 1648, -1,
      1648, 1760, 1761, -1,
      1648, 1761, 1649, -1,
      1649, 1761, 1762, -1,
      1649, 1762, 1650, -1,
      1650, 1762, 1763, -1,
      1650, 1763, 1651, -1,
      1651, 1763, 1764, -1,
      1651, 1764, 1652, -1,
      1652, 1764, 1765, -1,
      1652, 1765, 1653, -1,
      1653, 1765, 1766, -1,
      1653, 1766, 1654, -1,
      1654, 1766, 1767, -1,
      1654, 1767, 1655, -1,
      1655, 1767, 1768, -1,
      1655, 1768, 1656, -1,
      1656, 1768, 1769, -1,
      1656, 1769, 1657, -1,
      1657, 1769, 1770, -1,
      1657, 1770, 1658, -1,
      1658, 1770, 1771, -1,
      1658, 1771, 1659, -1,
      1659, 1771, 1772, -1,
      1659, 1772, 1660, -1,
      1660, 1772, 1773, -1,
      1660, 1773, 1661, -1,
      1661, 1773, 1774, -1,
      1661, 1774, 1662, -1,
      1662, 1774, 1775, -1,
      1662, 1775, 1663, -1,
      1663, 1775, 1776, -1,
      1663, 1776, 1664, -1,
      1664, 1776, 1777, -1,
      1664, 1777, 1665, -1,
      1665, 1777, 1778, -1,
      1665, 1778, 1666, -1,
      1666, 1778, 1779, -1,
      1666, 1779, 1667, -1,
      1667, 1779, 1780, -1,
      1667, 1780, 1668, -1,
      1668, 1780, 1781, -1,
      1668, 1781, 1669, -1,
      1669, 1781, 1782, -1,
      1669, 1782, 1670, -1,
      1670, 1782, 1783, -1,
      1670, 1783, 1671, -1,
      1671, 1783, 1784, -1,
      1671, 1784, 1672, -1,
      1672, 1784, 1785, -1,
      1672, 1785, 1673, -1,
      1673, 1785, 1786, -1,
      1673, 1786, 1674, -1,
      1674, 1786, 1787, -1,
      1674, 1787, 1675, -1,
      1675, 1787, 1788, -1,
      1675, 1788, 1676, -1,
      1676, 1788, 1789, -1,
      1676, 1789, 1677, -1,
      1677, 1789, 1790, -1,
      1677, 1790, 1678, -1,
      1678, 1790, 1791, -1,
      1678, 1791, 1679, -1,
      1679, 1791, 1792, -1,
      1679, 1792, 1680, -1,
      1680, 1792, 1793, -1,
      1680, 1793, 1681, -1,
      1681, 1793, 1794, -1,
      1681, 1794, 1682, -1,
      1682, 1794, 1795, -1,
      1682, 1795, 1683, -1,
      1683, 1795, 1796, -1,
      1683, 1796, 1684, -1,
      1684, 1796, 1797, -1,
      1684, 1797, 1685, -1,
      1685, 1797, 1798, -1,
      1685, 1798, 1686, -1,
      1686, 1798, 1799, -1,
      1686, 1799, 1687, -1,
      1687, 1799, 1800, -1,
      1687, 1800, 1688, -1,
      1688, 1800, 1801, -1,
      1688, 1801, 1689, -1,
      1689, 1801, 1802, -1,
      1689, 1802, 1690, -1,
      1690, 1802, 1803, -1,
      1690, 1803, 1691, -1,
      1691, 1803, 1804, -1,
      1691, 1804, 1692, -1,
      1692, 1804, 1805, -1,
      1692, 1805, 1693, -1,
      1693, 1805, 1806, -1,
      1693, 1806, 1694, -1,
      1694, 1806, 1807, -1,
      1694, 1807, 1695, -1,
      1695, 1807, 1808, -1,
      1695, 1808, 1696, -1,
      1696, 1808, 1809, -1,
      1696, 1809, 1697, -1,
      1697, 1809, 1810, -1,
      1697, 1810, 1698, -1,
      1698, 1810, 1811, -1,
      1698, 1811, 1699, -1,
      1699, 1811, 1812, -1,
      1699, 1812, 1700, -1,
      1700, 1812, 1813, -1,
      1700, 1813, 1701, -1,
      1701, 1813, 1814, -1,
      1701, 1814, 1702, -1,
      1702, 1814, 1815, -1,
      1702, 1815, 1703, -1,
      1703, 1815, 1816, -1,
      1703, 1816, 1704, -1,
      1704, 1816, 1817, -1,
      1704, 1817, 1705, -1,
      1705, 1817, 1818, -1,
      1705, 1818, 1706, -1,
      1706, 1818, 1819, -1,
      1706, 1819, 1707, -1,
      1707, 1819, 1820, -1,
      1707, 1820, 1708, -1,
      1708, 1820, 1821, -1,
      1708, 1821, 1709, -1,
      1709, 1821, 1822, -1,
      1709, 1822, 1710, -1,
      1710, 1822, 1823, -1,
      1710, 1823, 1711, -1,
      1711, 1823, 1824, -1,
      1711, 1824, 1712, -1,
      1712, 1824, 1825, -1,
      1712, 1825, 1713, -1,
      1713, 1825, 1826, -1,
      1713, 1826, 1714, -1,
      1714, 1826, 1827, -1,
      1714, 1827, 1715, -1,
      1715, 1827, 1828, -1,
      1715, 1828, 1716, -1,
      1716, 1828, 1829, -1,
      1716, 1829, 1717, -1,
      1717, 1829, 1830, -1,
      1717, 1830, 1718, -1,
      1718, 1830, 1831, -1,
      1718, 1831, 1719, -1,
      1719, 1831, 1832, -1,
      1719, 1832, 1720, -1,
      1720, 1832, 1833, -1,
      1720, 1833, 1721, -1,
      1721, 1833, 1834, -1,
      1721, 1834, 1722, -1,
      1722, 1834, 1835, -1,
      1722, 1835, 1723, -1,
      1723, 1835, 1836, -1,
      1723, 1836, 1724, -1,
      1724, 1836, 1837, -1,
      1724, 1837, 1725, -1,
      1725, 1837, 1838, -1,
      1725, 1838, 1726, -1,
      1726, 1838, 1839, -1,
      1726, 1839, 1727, -1,
      1727, 1839, 1840, -1,
      1727, 1840, 1728, -1,
      1728, 1840, 1841, -1,
      1728, 1841, 1729, -1,
      1729, 1841, 1842, -1,
      1729, 1842, 1730, -1,
      1730, 1842, 1843, -1,
      1730, 1843, 1731, -1,
      1731, 1843, 1844, -1,
      1731, 1844, 1732, -1,
      1732, 1844, 1845, -1,
      1732, 1845, 1733, -1,
      1733, 1845, 1846, -1,
      1733, 1846, 1734, -1,
      1734, 1846, 1847, -1,
      1734, 1847, 1735, -1,
      1735, 1847, 1848, -1,
      1735, 1848, 1736, -1,
      1736, 1848, 1849, -1,
      1736, 1849, 1737, -1,
      1737, 1849, 1850, -1,
      1737, 1850, 1738, -1,
      1738, 1850, 1851, -1,
      1738, 1851, 1739, -1,
      1739, 1851, 1852, -1,
      1739, 1852, 1740, -1,
      1740, 1852, 1853, -1,
      1740, 1853, 1741, -1,
      1741, 1853, 1854, -1,
      1741, 1854, 1742, -1,
      1742, 1854, 1855, -1,
      1742, 1855, 1743, -1,
      1743, 1855, 1856, -1,
      1743, 1856, 1744, -1,
      106, 213, 181, -1,
      181, 213, 1857, -1,
      181, 1857, 1745, -1,
      1745, 1857, 1858, -1,
      1745, 1858, 1746, -1,
      1746, 1858, 1859, -1,
      1746, 1859, 1747, -1,
      1747, 1859, 1860, -1,
      1747, 1860, 1748, -1,
      1748, 1860, 1861, -1,
      1748, 1861, 1749, -1,
      1749, 1861, 1862, -1,
      1749, 1862, 1750, -1,
      1750, 1862, 1863, -1,
      1750, 1863, 1751, -1,
      1751, 1863, 1864, -1,
      1751, 1864, 1752, -1,
      1752, 1864, 1865, -1,
      1752, 1865, 1753, -1,
      1753, 1865, 1866, -1,
      1753, 1866, 1754, -1,
      1754, 1866, 1867, -1,
      1754, 1867, 1755, -1,
      1755, 1867, 1868, -1,
      1755, 1868, 1756, -1,
      1756, 1868, 1869, -1,
      1756, 1869, 1757, -1,
      1757, 1869, 1870, -1,
      1757, 1870, 1758, -1,
      1758, 1870, 1871, -1,
      1758, 1871, 1759, -1,
      1759, 1871, 1872, -1,
      1759, 1872, 1760, -1,
      1760, 1872, 1873, -1,
      1760, 1873, 1761, -1,
      1761, 1873, 1874, -1,
      1761, 1874, 1762, -1,
      1762, 1874, 1875, -1,
      1762, 1875, 1763, -1,
      1763, 1875, 1876, -1,
      1763, 1876, 1764, -1,
      1764, 1876, 1877, -1,
      1764, 1877, 1765, -1,
      1765, 1877, 1878, -1,
      1765, 1878, 1766, -1,
      1766, 1878, 1879, -1,
      1766, 1879, 1767, -1,
      1767, 1879, 1880, -1,
      1767, 1880, 1768, -1,
      1768, 1880, 1881, -1,
      1768, 1881, 1769, -1,
      1769, 1881, 1882, -1,
      1769, 1882, 1770, -1,
      1770, 1882, 1883, -1,
      1770, 1883, 1771, -1,
      1771, 1883, 1884, -1,
      1771, 1884, 1772, -1,
      1772, 1884, 1885, -1,
      1772, 1885, 1773, -1,
      1773, 1885, 1886, -1,
      1773, 1886, 1774, -1,
      1774, 1886, 1887, -1,
      1774, 1887, 1775, -1,
      1775, 1887, 1888, -1,
      1775, 1888, 1776, -1,
      1776, 1888, 1889, -1,
      1776, 1889, 1777, -1,
      1777, 1889, 1890, -1,
      1777, 1890, 1778, -1,
      1778, 1890, 1891, -1,
      1778, 1891, 1779, -1,
      1779, 1891, 1892, -1,
      1779, 1892, 1780, -1,
      1780, 1892, 1893, -1,
      1780, 1893, 1781, -1,
      1781, 1893, 1894, -1,
      1781, 1894, 1782, -1,
      1782, 1894, 1895, -1,
      1782, 1895, 1783, -1,
      1783, 1895, 1896, -1,
      1783, 1896, 1784, -1,
      1784, 1896, 1897, -1,
      1784, 1897, 1785, -1,
      1785, 1897, 1898, -1,
      1785, 1898, 1786, -1,
      1786, 1898, 1899, -1,
      1786, 1899, 1787, -1,
      1787, 1899, 1900, -1,
      1787, 1900, 1788, -1,
      1788, 1900, 1901, -1,
      1788, 1901, 1789, -1,
      1789, 1901, 1902, -1,
      1789, 1902, 1790, -1,
      1790, 1902, 1903, -1,
      1790, 1903, 1791, -1,
      1791, 1903, 1904, -1,
      1791, 1904, 1792, -1,
      1792, 1904, 1905, -1,
      1792, 1905, 1793, -1,
      1793, 1905, 1906, -1,
      1793, 1906, 1794, -1,
      1794, 1906, 1907, -1,
      1794, 1907, 1795, -1,
      1795, 1907, 1908, -1,
      1795, 1908, 1796, -1,
      1796, 1908, 1909, -1,
      1796, 1909, 1797, -1,
      1797, 1909, 1910, -1,
      1797, 1910, 1798, -1,
      1798, 1910, 1911, -1,
      1798, 1911, 1799, -1,
      1799, 1911, 1912, -1,
      1799, 1912, 1800, -1,
      1800, 1912, 1913, -1,
      1800, 1913, 1801, -1,
      1801, 1913, 1914, -1,
      1801, 1914, 1802, -1,
      1802, 1914, 1915, -1,
      1802, 1915, 1803, -1,
      1803, 1915, 1916, -1,
      1803, 1916, 1804, -1,
      1804, 1916, 1917, -1,
      1804, 1917, 1805, -1,
      1805, 1917, 1918, -1,
      1805, 1918, 1806, -1,
      1806, 1918, 1919, -1,
      1806, 1919, 1807, -1,
      1807, 1919, 1920, -1,
      1807, 1920, 1808, -1,
      1808, 1920, 1921, -1,
      1808, 1921, 1809, -1,
      1809, 1921, 1922, -1,
      1809, 1922, 1810, -1,
      1810, 1922, 1923, -1,
      1810, 1923, 1811, -1,
      1811, 1923, 1924, -1,
      1811, 1924, 1812, -1,
      1812, 1924, 1925, -1,
      1812, 1925, 1813, -1,
      1813, 1925, 1926, -1,
      1813, 1926, 1814, -1,
      1814, 1926, 1927, -1,
      1814, 1927, 1815, -1,
      1815, 1927, 1928, -1,
      1815, 1928, 1816, -1,
      1816, 1928, 1929, -1,
      1816, 1929, 1817, -1,
      1817, 1929, 1930, -1,
      1817, 1930, 1818, -1,
      1818, 1930, 1931, -1,
      1818, 1931, 1819, -1,
      1819, 1931, 1932, -1,
      1819, 1932, 1820, -1,
      1820, 1932, 1933, -1,
      1820, 1933, 1821, -1,
      1821, 1933, 1934, -1,
      1821, 1934, 1822, -1,
      1822, 1934, 1935, -1,
      1822, 1935, 1823, -1,
      1823, 1935, 1936, -1,
      1823, 1936, 1824, -1,
      1824, 1936, 1937, -1,
      1824, 1937, 1825, -1,
      1825, 1937, 1938, -1,
      1825, 1938, 1826, -1,
      1826, 1938, 1939, -1,
      1826, 1939, 1827, -1,
      1827, 1939, 1940, -1,
      1827, 1940, 1828, -1,
      1828, 1940, 1941, -1,
      1828, 1941, 1829, -1,
      1829, 1941, 1942, -1,
      1829, 1942, 1830, -1,
      1830, 1942, 1943, -1,
      1830, 1943, 1831, -1,
      1831, 1943, 1944, -1,
      1831, 1944, 1832, -1,
      1832, 1944, 1945, -1,
      1832, 1945, 1833, -1,
      1833, 1945, 1946, -1,
      1833, 1946, 1834, -1,
      1834, 1946, 1947, -1,
      1834, 1947, 1835, -1,
      1835, 1947, 1948, -1,
      1835, 1948, 1836, -1,
      1836, 1948, 1949, -1,
      1836, 1949, 1837, -1,
      1837, 1949, 1950, -1,
      1837, 1950, 1838, -1,
      1838, 1950, 1951, -1,
      1838, 1951, 1839, -1,
      1839, 1951, 1952, -1,
      1839, 1952, 1840, -1,
      1840, 1952, 1953, -1,
      1840, 1953, 1841, -1,
      1841, 1953, 1954, -1,
      1841, 1954, 1842, -1,
      1842, 1954, 1955, -1,
      1842, 1955, 1843, -1,
      1843, 1955, 1956, -1,
      1843, 1956, 1844, -1,
      1844, 1956, 1957, -1,
      1844, 1957, 1845, -1,
      1845, 1957, 1958, -1,
      1845, 1958, 1846, -1,
      1846, 1958, 1959, -1,
      1846, 1959, 1847, -1,
      1847, 1959, 1960, -1,
      1847, 1960, 1848, -1,
      1848, 1960, 1961, -1,
      1848, 1961, 1849, -1,
      1849, 1961, 1962, -1,
      1849, 1962, 1850, -1,
      1850, 1962, 1963, -1,
      1850, 1963, 1851, -1,
      1851, 1963, 1964, -1,
      1851, 1964, 1852, -1,
      1852, 1964, 1965, -1,
      1852, 1965, 1853, -1,
      1853, 1965, 1966, -1,
      1853, 1966, 1854, -1,
      1854, 1966, 1967, -1,
      1854, 1967, 1855, -1,
      1855, 1967, 1968, -1,
      1855, 1968, 1856, -1,
      30, 175, 186, -1,
      186, 175, 1969, -1,
      186, 1969, 21, -1,
      112, 94, 215, -1,
      215, 94, 211, -1,
      215, 211, 213, -1,
      213, 211, 1970, -1,
      213, 1970, 1857, -1,
      1857, 1970, 1971, -1,
      1857, 1971, 1858, -1,
      1858, 1971, 1972, -1,
      1858, 1972, 1859, -1,
      1859, 1972, 1973, -1,
      1859, 1973, 1860, -1,
      1860, 1973, 1974, -1,
      1860, 1974, 1861, -1,
      1861, 1974, 1975, -1,
      1861, 1975, 1862, -1,
      1862, 1975, 1976, -1,
      1862, 1976, 1863, -1,
      1863, 1976, 1977, -1,
      1863, 1977, 1864, -1,
      1864, 1977, 1978, -1,
      1864, 1978, 1865, -1,
      1865, 1978, 1979, -1,
      1865, 1979, 1866, -1,
      1866, 1979, 1980, -1,
      1866, 1980, 1867, -1,
      1867, 1980, 1981, -1,
      1867, 1981, 1868, -1,
      1868, 1981, 1982, -1,
      1868, 1982, 1869, -1,
      1869, 1982, 1983, -1,
      1869, 1983, 1870, -1,
      1870, 1983, 1984, -1,
      1870, 1984, 1871, -1,
      1871, 1984, 1985, -1,
      1871, 1985, 1872, -1,
      1872, 1985, 1986, -1,
      1872, 1986, 1873, -1,
      1873, 1986, 1987, -1,
      1873, 1987, 1874, -1,
      1874, 1987, 1988, -1,
      1874, 1988, 1875, -1,
      1875, 1988, 1989, -1,
      1875, 1989, 1876, -1,
      1876, 1989, 1990, -1,
      1876, 1990, 1877, -1,
      1877, 1990, 1991, -1,
      1877, 1991, 1878, -1,
      1878, 1991, 1992, -1,
      1878, 1992, 1879, -1,
      1879, 1992, 1993, -1,
      1879, 1993, 1880, -1,
      1880, 1993, 1994, -1,
      1880, 1994, 1881, -1,
      1881, 1994, 1995, -1,
      1881, 1995, 1882, -1,
      1882, 1995, 1996, -1,
      1882, 1996, 1883, -1,
      1883, 1996, 1997, -1,
      1883, 1997, 1884, -1,
      1884, 1997, 1998, -1,
      1884, 1998, 1885, -1,
      1885, 1998, 1999, -1,
      1885, 1999, 1886, -1,
      1886, 1999, 2000, -1,
      1886, 2000, 1887, -1,
      1887, 2000, 2001, -1,
      1887, 2001, 1888, -1,
      1888, 2001, 2002, -1,
      1888, 2002, 1889, -1,
      1889, 2002, 2003, -1,
      1889, 2003, 1890, -1,
      1890, 2003, 2004, -1,
      1890, 2004, 1891, -1,
      1891, 2004, 2005, -1,
      1891, 2005, 1892, -1,
      1892, 2005, 2006, -1,
      1892, 2006, 1893, -1,
      1893, 2006, 2007, -1,
      1893, 2007, 1894, -1,
      1894, 2007, 2008, -1,
      1894, 2008, 1895, -1,
      1895, 2008, 2009, -1,
      1895, 2009, 1896, -1,
      1896, 2009, 2010, -1,
      1896, 2010, 1897, -1,
      1897, 2010, 2011, -1,
      1897, 2011, 1898, -1,
      1898, 2011, 2012, -1,
      1898, 2012, 1899, -1,
      1899, 2012, 2013, -1,
      1899, 2013, 1900, -1,
      1900, 2013, 2014, -1,
      1900, 2014, 1901, -1,
      1901, 2014, 2015, -1,
      1901, 2015, 1902, -1,
      1902, 2015, 2016, -1,
      1902, 2016, 1903, -1,
      1903, 2016, 2017, -1,
      1903, 2017, 1904, -1,
      1904, 2017, 2018, -1,
      1904, 2018, 1905, -1,
      1905, 2018, 2019, -1,
      1905, 2019, 1906, -1,
      1906, 2019, 2020, -1,
      1906, 2020, 1907, -1,
      1907, 2020, 2021, -1,
      1907, 2021, 1908, -1,
      1908, 2021, 2022, -1,
      1908, 2022, 1909, -1,
      1909, 2022, 2023, -1,
      1909, 2023, 1910, -1,
      1910, 2023, 2024, -1,
      1910, 2024, 1911, -1,
      1911, 2024, 2025, -1,
      1911, 2025, 1912, -1,
      1912, 2025, 2026, -1,
      1912, 2026, 1913, -1,
      1913, 2026, 2027, -1,
      1913, 2027, 1914, -1,
      1914, 2027, 2028, -1,
      1914, 2028, 1915, -1,
      1915, 2028, 2029, -1,
      1915, 2029, 1916, -1,
      1916, 2029, 2030, -1,
      1916, 2030, 1917, -1,
      1917, 2030, 2031, -1,
      1917, 2031, 1918, -1,
      1918, 2031, 2032, -1,
      1918, 2032, 1919, -1,
      1919, 2032, 2033, -1,
      1919, 2033, 1920, -1,
      1920, 2033, 2034, -1,
      1920, 2034, 1921, -1,
      1921, 2034, 2035, -1,
      1921, 2035, 1922, -1,
      1922, 2035, 2036, -1,
      1922, 2036, 1923, -1,
      1923, 2036, 2037, -1,
      1923, 2037, 1924, -1,
      1924, 2037, 2038, -1,
      1924, 2038, 1925, -1,
      1925, 2038, 2039, -1,
      1925, 2039, 1926, -1,
      1926, 2039, 2040, -1,
      1926, 2040, 1927, -1,
      1927, 2040, 2041, -1,
      1927, 2041, 1928, -1,
      1928, 2041, 2042, -1,
      1928, 2042, 1929, -1,
      1929, 2042, 2043, -1,
      1929, 2043, 1930, -1,
      1930, 2043, 2044, -1,
      1930, 2044, 1931, -1,
      1931, 2044, 2045, -1,
      1931, 2045, 1932, -1,
      1932, 2045, 2046, -1,
      1932, 2046, 1933, -1,
      1933, 2046, 2047, -1,
      1933, 2047, 1934, -1,
      1934, 2047, 2048, -1,
      1934, 2048, 1935, -1,
      1935, 2048, 2049, -1,
      1935, 2049, 1936, -1,
      1936, 2049, 2050, -1,
      1936, 2050, 1937, -1,
      1937, 2050, 2051, -1,
      1937, 2051, 1938, -1,
      1938, 2051, 2052, -1,
      1938, 2052, 1939, -1,
      1939, 2052, 2053, -1,
      1939, 2053, 1940, -1,
      1940, 2053, 2054, -1,
      1940, 2054, 1941, -1,
      1941, 2054, 2055, -1,
      1941, 2055, 1942, -1,
      1942, 2055, 2056, -1,
      1942, 2056, 1943, -1,
      1943, 2056, 2057, -1,
      1943, 2057, 1944, -1,
      1944, 2057, 2058, -1,
      1944, 2058, 1945, -1,
      1945, 2058, 2059, -1,
      1945, 2059, 1946, -1,
      1946, 2059, 2060, -1,
      1946, 2060, 1947, -1,
      1947, 2060, 2061, -1,
      1947, 2061, 1948, -1,
      1948, 2061, 2062, -1,
      1948, 2062, 1949, -1,
      1949, 2062, 2063, -1,
      1949, 2063, 1950, -1,
      1950, 2063, 2064, -1,
      1950, 2064, 1951, -1,
      1951, 2064, 2065, -1,
      1951, 2065, 1952, -1,
      1952, 2065, 2066, -1,
      1952, 2066, 1953, -1,
      1953, 2066, 2067, -1,
      1953, 2067, 1954, -1,
      1954, 2067, 2068, -1,
      1954, 2068, 1955, -1,
      1955, 2068, 2069, -1,
      1955, 2069, 1956, -1,
      1956, 2069, 2070, -1,
      1956, 2070, 1957, -1,
      1957, 2070, 2071, -1,
      1957, 2071, 1958, -1,
      1958, 2071, 2072, -1,
      1958, 2072, 1959, -1,
      1959, 2072, 2073, -1,
      1959, 2073, 1960, -1,
      1960, 2073, 2074, -1,
      1960, 2074, 1961, -1,
      1961, 2074, 2075, -1,
      1961, 2075, 1962, -1,
      1962, 2075, 2076, -1,
      1962, 2076, 1963, -1,
      1963, 2076, 2077, -1,
      1963, 2077, 1964, -1,
      1964, 2077, 2078, -1,
      1964, 2078, 1965, -1,
      1965, 2078, 2079, -1,
      1965, 2079, 1966, -1,
      1966, 2079, 2080, -1,
      1966, 2080, 1967, -1,
      1967, 2080, 2081, -1,
      1967, 2081, 1968, -1,
      32, 31, 2082, -1,
      2082, 31, 185, -1,
      2082, 185, 1969, -1,
      1969, 185, 39, -1,
      1969, 39, 21, -1,
      119, 118, 212, -1,
      212, 118, 210, -1,
      212, 210, 211, -1,
      211, 210, 2083, -1,
      211, 2083, 1970, -1,
      1970, 2083, 2084, -1,
      1970, 2084, 1971, -1,
      1971, 2084, 2085, -1,
      1971, 2085, 1972, -1,
      1972, 2085, 2086, -1,
      1972, 2086, 1973, -1,
      1973, 2086, 2087, -1,
      1973, 2087, 1974, -1,
      1974, 2087, 2088, -1,
      1974, 2088, 1975, -1,
      1975, 2088, 2089, -1,
      1975, 2089, 1976, -1,
      1976, 2089, 2090, -1,
      1976, 2090, 1977, -1,
      1977, 2090, 2091, -1,
      1977, 2091, 1978, -1,
      1978, 2091, 2092, -1,
      1978, 2092, 1979, -1,
      1979, 2092, 2093, -1,
      1979, 2093, 1980, -1,
      1980, 2093, 2094, -1,
      1980, 2094, 1981, -1,
      1981, 2094, 2095, -1,
      1981, 2095, 1982, -1,
      1982, 2095, 2096, -1,
      1982, 2096, 1983, -1,
      1983, 2096, 2097, -1,
      1983, 2097, 1984, -1,
      1984, 2097, 2098, -1,
      1984, 2098, 1985, -1,
      1985, 2098, 2099, -1,
      1985, 2099, 1986, -1,
      1986, 2099, 2100, -1,
      1986, 2100, 1987, -1,
      1987, 2100, 2101, -1,
      1987, 2101, 1988, -1,
      1988, 2101, 2102, -1,
      1988, 2102, 1989, -1,
      1989, 2102, 2103, -1,
      1989, 2103, 1990, -1,
      1990, 2103, 2104, -1,
      1990, 2104, 1991, -1,
      1991, 2104, 2105, -1,
      1991, 2105, 1992, -1,
      1992, 2105, 2106, -1,
      1992, 2106, 1993, -1,
      1993, 2106, 2107, -1,
      1993, 2107, 1994, -1,
      1994, 2107, 2108, -1,
      1994, 2108, 1995, -1,
      1995, 2108, 2109, -1,
      1995, 2109, 1996, -1,
      1996, 2109, 2110, -1,
      1996, 2110, 1997, -1,
      1997, 2110, 2111, -1,
      1997, 2111, 1998, -1,
      1998, 2111, 2112, -1,
      1998, 2112, 1999, -1,
      1999, 2112, 2113, -1,
      1999, 2113, 2000, -1,
      2000, 2113, 2114, -1,
      2000, 2114, 2001, -1,
      2001, 2114, 2115, -1,
      2001, 2115, 2002, -1,
      2002, 2115, 2116, -1,
      2002, 2116, 2003, -1,
      2003, 2116, 2117, -1,
      2003, 2117, 2004, -1,
      2004, 2117, 2118, -1,
      2004, 2118, 2005, -1,
      2005, 2118, 2119, -1,
      2005, 2119, 2006, -1,
      2006, 2119, 2120, -1,
      2006, 2120, 2007, -1,
      2007, 2120, 2121, -1,
      2007, 2121, 2008, -1,
      2008, 2121, 2122, -1,
      2008, 2122, 2009, -1,
      2009, 2122, 2123, -1,
      2009, 2123, 2010, -1,
      2010, 2123, 2124, -1,
      2010, 2124, 2011, -1,
      2011, 2124, 2125, -1,
      2011, 2125, 2012, -1,
      2012, 2125, 2126, -1,
      2012, 2126, 2013, -1,
      2013, 2126, 2127, -1,
      2013, 2127, 2014, -1,
      2014, 2127, 2128, -1,
      2014, 2128, 2015, -1,
      2015, 2128, 2129, -1,
      2015, 2129, 2016, -1,
      2016, 2129, 2130, -1,
      2016, 2130, 2017, -1,
      2017, 2130, 2131, -1,
      2017, 2131, 2018, -1,
      2018, 2131, 2132, -1,
      2018, 2132, 2019, -1,
      2019, 2132, 2133, -1,
      2019, 2133, 2020, -1,
      2020, 2133, 2134, -1,
      2020, 2134, 2021, -1,
      2021, 2134, 2135, -1,
      2021, 2135, 2022, -1,
      2022, 2135, 2136, -1,
      2022, 2136, 2023, -1,
      2023, 2136, 2137, -1,
      2023, 2137, 2024, -1,
      2024, 2137, 2138, -1,
      2024, 2138, 2025, -1,
      2025, 2138, 2139, -1,
      2025, 2139, 2026, -1,
      2026, 2139, 2140, -1,
      2026, 2140, 2027, -1,
      2027, 2140, 2141, -1,
      2027, 2141, 2028, -1,
      2028, 2141, 2142, -1,
      2028, 2142, 2029, -1,
      2029, 2142, 2143, -1,
      2029, 2143, 2030, -1,
      2030, 2143, 2144, -1,
      2030, 2144, 2031, -1,
      2031, 2144, 2145, -1,
      2031, 2145, 2032, -1,
      2032, 2145, 2146, -1,
      2032, 2146, 2033, -1,
      2033, 2146, 2147, -1,
      2033, 2147, 2034, -1,
      2034, 2147, 2148, -1,
      2034, 2148, 2035, -1,
      2035, 2148, 2149, -1,
      2035, 2149, 2036, -1,
      2036, 2149, 2150, -1,
      2036, 2150, 2037, -1,
      2037, 2150, 2151, -1,
      2037, 2151, 2038, -1,
      2038, 2151, 2152, -1,
      2038, 2152, 2039, -1,
      2039, 2152, 2153, -1,
      2039, 2153, 2040, -1,
      2040, 2153, 2154, -1,
      2040, 2154, 2041, -1,
      2041, 2154, 2155, -1,
      2041, 2155, 2042, -1,
      2042, 2155, 2156, -1,
      2042, 2156, 2043, -1,
      2043, 2156, 2157, -1,
      2043, 2157, 2044, -1,
      2044, 2157, 2158, -1,
      2044, 2158, 2045, -1,
      2045, 2158, 2159, -1,
      2045, 2159, 2046, -1,
      2046, 2159, 2160, -1,
      2046, 2160, 2047, -1,
      2047, 2160, 2161, -1,
      2047, 2161, 2048, -1,
      2048, 2161, 2162, -1,
      2048, 2162, 2049, -1,
      2049, 2162, 2163, -1,
      2049, 2163, 2050, -1,
      2050, 2163, 2164, -1,
      2050, 2164, 2051, -1,
      2051, 2164, 2165, -1,
      2051, 2165, 2052, -1,
      2052, 2165, 2166, -1,
      2052, 2166, 2053, -1,
      2053, 2166, 2167, -1,
      2053, 2167, 2054, -1,
      2054, 2167, 2168, -1,
      2054, 2168, 2055, -1,
      2055, 2168, 2169, -1,
      2055, 2169, 2056, -1,
      2056, 2169, 2170, -1,
      2056, 2170, 2057, -1,
      2057, 2170, 2171, -1,
      2057, 2171, 2058, -1,
      2058, 2171, 2172, -1,
      2058, 2172, 2059, -1,
      2059, 2172, 2173, -1,
      2059, 2173, 2060, -1,
      2060, 2173, 2174, -1,
      2060, 2174, 2061, -1,
      2061, 2174, 2175, -1,
      2061, 2175, 2062, -1,
      2062, 2175, 2176, -1,
      2062, 2176, 2063, -1,
      2063, 2176, 2177, -1,
      2063, 2177, 2064, -1,
      2064, 2177, 2178, -1,
      2064, 2178, 2065, -1,
      2065, 2178, 2179, -1,
      2065, 2179, 2066, -1,
      2066, 2179, 2180, -1,
      2066, 2180, 2067, -1,
      2067, 2180, 2181, -1,
      2067, 2181, 2068, -1,
      2068, 2181, 2182, -1,
      2068, 2182, 2069, -1,
      2069, 2182, 2183, -1,
      2069, 2183, 2070, -1,
      2070, 2183, 2184, -1,
      2070, 2184, 2071, -1,
      2071, 2184, 2185, -1,
      2071, 2185, 2072, -1,
      2072, 2185, 2186, -1,
      2072, 2186, 2073, -1,
      2073, 2186, 2187, -1,
      2073, 2187, 2074, -1,
      2074, 2187, 2188, -1,
      2074, 2188, 2075, -1,
      2075, 2188, 2189, -1,
      2075, 2189, 2076, -1,
      2076, 2189, 2190, -1,
      2076, 2190, 2077, -1,
      2077, 2190, 2191, -1,
      2077, 2191, 2078, -1,
      2078, 2191, 2192, -1,
      2078, 2192, 2079, -1,
      2079, 2192, 2193, -1,
      2079, 2193, 2080, -1,
      2080, 2193, 2194, -1,
      2080, 2194, 2081, -1,
      33, 32, 187, -1,
      187, 32, 2082, -1,
      187, 2082, 2195, -1,
      123, 122, 209, -1,
      209, 122, 208, -1,
      209, 208, 210, -1,
      210, 208, 2196, -1,
      210, 2196, 2083, -1,
      2083, 2196, 2197, -1,
      2083, 2197, 2084, -1,
      2084, 2197, 2198, -1,
      2084, 2198, 2085, -1,
      2085, 2198, 2199, -1,
      2085, 2199, 2086, -1,
      2086, 2199, 2200, -1,
      2086, 2200, 2087, -1,
      2087, 2200, 2201, -1,
      2087, 2201, 2088, -1,
      2088, 2201, 2202, -1,
      2088, 2202, 2089, -1,
      2089, 2202, 2203, -1,
      2089, 2203, 2090, -1,
      2090, 2203, 2204, -1,
      2090, 2204, 2091, -1,
      2091, 2204, 2205, -1,
      2091, 2205, 2092, -1,
      2092, 2205, 2206, -1,
      2092, 2206, 2093, -1,
      2093, 2206, 2207, -1,
      2093, 2207, 2094, -1,
      2094, 2207, 2208, -1,
      2094, 2208, 2095, -1,
      2095, 2208, 2209, -1,
      2095, 2209, 2096, -1,
      2096, 2209, 2210, -1,
      2096, 2210, 2097, -1,
      2097, 2210, 2211, -1,
      2097, 2211, 2098, -1,
      2098, 2211, 2212, -1,
      2098, 2212, 2099, -1,
      2099, 2212, 2213, -1,
      2099, 2213, 2100, -1,
      2100, 2213, 2214, -1,
      2100, 2214, 2101, -1,
      2101, 2214, 2215, -1,
      2101, 2215, 2102, -1,
      2102, 2215, 2216, -1,
      2102, 2216, 2103, -1,
      2103, 2216, 2217, -1,
      2103, 2217, 2104, -1,
      2104, 2217, 2218, -1,
      2104, 2218, 2105, -1,
      2105, 2218, 2219, -1,
      2105, 2219, 2106, -1,
      2106, 2219, 2220, -1,
      2106, 2220, 2107, -1,
      2107, 2220, 2221, -1,
      2107, 2221, 2108, -1,
      2108, 2221, 2222, -1,
      2108, 2222, 2109, -1,
      2109, 2222, 2223, -1,
      2109, 2223, 2110, -1,
      2110, 2223, 2224, -1,
      2110, 2224, 2111, -1,
      2111, 2224, 2225, -1,
      2111, 2225, 2112, -1,
      2112, 2225, 2226, -1,
      2112, 2226, 2113, -1,
      2113, 2226, 2227, -1,
      2113, 2227, 2114, -1,
      2114, 2227, 2228, -1,
      2114, 2228, 2115, -1,
      2115, 2228, 2229, -1,
      2115, 2229, 2116, -1,
      2116, 2229, 2230, -1,
      2116, 2230, 2117, -1,
      2117, 2230, 2231, -1,
      2117, 2231, 2118, -1,
      2118, 2231, 2232, -1,
      2118, 2232, 2119, -1,
      2119, 2232, 2233, -1,
      2119, 2233, 2120, -1,
      2120, 2233, 2234, -1,
      2120, 2234, 2121, -1,
      2121, 2234, 2235, -1,
      2121, 2235, 2122, -1,
      2122, 2235, 2236, -1,
      2122, 2236, 2123, -1,
      2123, 2236, 2237, -1,
      2123, 2237, 2124, -1,
      2124, 2237, 2238, -1,
      2124, 2238, 2125, -1,
      2125, 2238, 2239, -1,
      2125, 2239, 2126, -1,
      2126, 2239, 2240, -1,
      2126, 2240, 2127, -1,
      2127, 2240, 2241, -1,
      2127, 2241, 2128, -1,
      2128, 2241, 2242, -1,
      2128, 2242, 2129, -1,
      2129, 2242, 2243, -1,
      2129, 2243, 2130, -1,
      2130, 2243, 2244, -1,
      2130, 2244, 2131, -1,
      2131, 2244, 2245, -1,
      2131, 2245, 2132, -1,
      2132, 2245, 2246, -1,
      2132, 2246, 2133, -1,
      2133, 2246, 2247, -1,
      2133, 2247, 2134, -1,
      2134, 2247, 2248, -1,
      2134, 2248, 2135, -1,
      2135, 2248, 2249, -1,
      2135, 2249, 2136, -1,
      2136, 2249, 2250, -1,
      2136, 2250, 2137, -1,
      2137, 2250, 2251, -1,
      2137, 2251, 2138, -1,
      2138, 2251, 2252, -1,
      2138, 2252, 2139, -1,
      2139, 2252, 2253, -1,
      2139, 2253, 2140, -1,
      2140, 2253, 2254, -1,
      2140, 2254, 2141, -1,
      2141, 2254, 2255, -1,
      2141, 2255, 2142, -1,
      2142, 2255, 2256, -1,
      2142, 2256, 2143, -1,
      2143, 2256, 2257, -1,
      2143, 2257, 2144, -1,
      2144, 2257, 2258, -1,
      2144, 2258, 2145, -1,
      2145, 2258, 2259, -1,
      2145, 2259, 2146, -1,
      2146, 2259, 2260, -1,
      2146, 2260, 2147, -1,
      2147, 2260, 2261, -1,
      2147, 2261, 2148, -1,
      2148, 2261, 2262, -1,
      2148, 2262, 2149, -1,
      2149, 2262, 2263, -1,
      2149, 2263, 2150, -1,
      2150, 2263, 2264, -1,
      2150, 2264, 2151, -1,
      2151, 2264, 2265, -1,
      2151, 2265, 2152, -1,
      2152, 2265, 2266, -1,
      2152, 2266, 2153, -1,
      2153, 2266, 2267, -1,
      2153, 2267, 2154, -1,
      2154, 2267, 2268, -1,
      2154, 2268, 2155, -1,
      2155, 2268, 2269, -1,
      2155, 2269, 2156, -1,
      2156, 2269, 2270, -1,
      2156, 2270, 2157, -1,
      2157, 2270, 2271, -1,
      2157, 2271, 2158, -1,
      2158, 2271, 2272, -1,
      2158, 2272, 2159, -1,
      2159, 2272, 2273, -1,
      2159, 2273, 2160, -1,
      2160, 2273, 2274, -1,
      2160, 2274, 2161, -1,
      2161, 2274, 2275, -1,
      2161, 2275, 2162, -1,
      2162, 2275, 2276, -1,
      2162, 2276, 2163, -1,
      2163, 2276, 2277, -1,
      2163, 2277, 2164, -1,
      2164, 2277, 2278, -1,
      2164, 2278, 2165, -1,
      2165, 2278, 2279, -1,
      2165, 2279, 2166, -1,
      2166, 2279, 2280, -1,
      2166, 2280, 2167, -1,
      2167, 2280, 2281, -1,
      2167, 2281, 2168, -1,
      2168, 2281, 2282, -1,
      2168, 2282, 2169, -1,
      2169, 2282, 2283, -1,
      2169, 2283, 2170, -1,
      2170, 2283, 2284, -1,
      2170, 2284, 2171, -1,
      2171, 2284, 2285, -1,
      2171, 2285, 2172, -1,
      2172, 2285, 2286, -1,
      2172, 2286, 2173, -1,
      2173, 2286, 2287, -1,
      2173, 2287, 2174, -1,
      2174, 2287, 2288, -1,
      2174, 2288, 2175, -1,
      2175, 2288, 2289, -1,
      2175, 2289, 2176, -1,
      2176, 2289, 2290, -1,
      2176, 2290, 2177, -1,
      2177, 2290, 2291, -1,
      2177, 2291, 2178, -1,
      2178, 2291, 2292, -1,
      2178, 2292, 2179, -1,
      2179, 2292, 2293, -1,
      2179, 2293, 2180, -1,
      2180, 2293, 2294, -1,
      2180, 2294, 2181, -1,
      2181, 2294, 2295, -1,
      2181, 2295, 2182, -1,
      2182, 2295, 2296, -1,
      2182, 2296, 2183, -1,
      2183, 2296, 2297, -1,
      2183, 2297, 2184, -1,
      2184, 2297, 2298, -1,
      2184, 2298, 2185, -1,
      2185, 2298, 2299, -1,
      2185, 2299, 2186, -1,
      2186, 2299, 2300, -1,
      2186, 2300, 2187, -1,
      2187, 2300, 2301, -1,
      2187, 2301, 2188, -1,
      2188, 2301, 2302, -1,
      2188, 2302, 2189, -1,
      2189, 2302, 2303, -1,
      2189, 2303, 2190, -1,
      2190, 2303, 2304, -1,
      2190, 2304, 2191, -1,
      2191, 2304, 2305, -1,
      2191, 2305, 2192, -1,
      2192, 2305, 2306, -1,
      2192, 2306, 2193, -1,
      2193, 2306, 2307, -1,
      2193, 2307, 2194, -1,
      34, 187, 35, -1,
      35, 187, 2195, -1,
      35, 2195, 188, -1,
      188, 2195, 2308, -1,
      188, 2308, 11, -1,
      121, 120, 207, -1,
      207, 120, 206, -1,
      207, 206, 208, -1,
      208, 206, 2309, -1,
      208, 2309, 2196, -1,
      2196, 2309, 2310, -1,
      2196, 2310, 2197, -1,
      2197, 2310, 2311, -1,
      2197, 2311, 2198, -1,
      2198, 2311, 2312, -1,
      2198, 2312, 2199, -1,
      2199, 2312, 2313, -1,
      2199, 2313, 2200, -1,
      2200, 2313, 2314, -1,
      2200, 2314, 2201, -1,
      2201, 2314, 2315, -1,
      2201, 2315, 2202, -1,
      2202, 2315, 2316, -1,
      2202, 2316, 2203, -1,
      2203, 2316, 2317, -1,
      2203, 2317, 2204, -1,
      2204, 2317, 2318, -1,
      2204, 2318, 2205, -1,
      2205, 2318, 2319, -1,
      2205, 2319, 2206, -1,
      2206, 2319, 2320, -1,
      2206, 2320, 2207, -1,
      2207, 2320, 2321, -1,
      2207, 2321, 2208, -1,
      2208, 2321, 2322, -1,
      2208, 2322, 2209, -1,
      2209, 2322, 2323, -1,
      2209, 2323, 2210, -1,
      2210, 2323, 2324, -1,
      2210, 2324, 2211, -1,
      2211, 2324, 2325, -1,
      2211, 2325, 2212, -1,
      2212, 2325, 2326, -1,
      2212, 2326, 2213, -1,
      2213, 2326, 2327, -1,
      2213, 2327, 2214, -1,
      2214, 2327, 2328, -1,
      2214, 2328, 2215, -1,
      2215, 2328, 2329, -1,
      2215, 2329, 2216, -1,
      2216, 2329, 2330, -1,
      2216, 2330, 2217, -1,
      2217, 2330, 2331, -1,
      2217, 2331, 2218, -1,
      2218, 2331, 2332, -1,
      2218, 2332, 2219, -1,
      2219, 2332, 2333, -1,
      2219, 2333, 2220, -1,
      2220, 2333, 2334, -1,
      2220, 2334, 2221, -1,
      2221, 2334, 2335, -1,
      2221, 2335, 2222, -1,
      2222, 2335, 2336, -1,
      2222, 2336, 2223, -1,
      2223, 2336, 2337, -1,
      2223, 2337, 2224, -1,
      2224, 2337, 2338, -1,
      2224, 2338, 2225, -1,
      2225, 2338, 2339, -1,
      2225, 2339, 2226, -1,
      2226, 2339, 2340, -1,
      2226, 2340, 2227, -1,
      2227, 2340, 2341, -1,
      2227, 2341, 2228, -1,
      2228, 2341, 2342, -1,
      2228, 2342, 2229, -1,
      2229, 2342, 2343, -1,
      2229, 2343, 2230, -1,
      2230, 2343, 2344, -1,
      2230, 2344, 2231, -1,
      2231, 2344, 2345, -1,
      2231, 2345, 2232, -1,
      2232, 2345, 2346, -1,
      2232, 2346, 2233, -1,
      2233, 2346, 2347, -1,
      2233, 2347, 2234, -1,
      2234, 2347, 2348, -1,
      2234, 2348, 2235, -1,
      2235, 2348, 2349, -1,
      2235, 2349, 2236, -1,
      2236, 2349, 2350, -1,
      2236, 2350, 2237, -1,
      2237, 2350, 2351, -1,
      2237, 2351, 2238, -1,
      2238, 2351, 2352, -1,
      2238, 2352, 2239, -1,
      2239, 2352, 2353, -1,
      2239, 2353, 2240, -1,
      2240, 2353, 2354, -1,
      2240, 2354, 2241, -1,
      2241, 2354, 2355, -1,
      2241, 2355, 2242, -1,
      2242, 2355, 2356, -1,
      2242, 2356, 2243, -1,
      2243, 2356, 2357, -1,
      2243, 2357, 2244, -1,
      2244, 2357, 2358, -1,
      2244, 2358, 2245, -1,
      2245, 2358, 2359, -1,
      2245, 2359, 2246, -1,
      2246, 2359, 2360, -1,
      2246, 2360, 2247, -1,
      2247, 2360, 2361, -1,
      2247, 2361, 2248, -1,
      2248, 2361, 2362, -1,
      2248, 2362, 2249, -1,
      2249, 2362, 2363, -1,
      2249, 2363, 2250, -1,
      2250, 2363, 2364, -1,
      2250, 2364, 2251, -1,
      2251, 2364, 2365, -1,
      2251, 2365, 2252, -1,
      2252, 2365, 2366, -1,
      2252, 2366, 2253, -1,
      2253, 2366, 2367, -1,
      2253, 2367, 2254, -1,
      2254, 2367, 2368, -1,
      2254, 2368, 2255, -1,
      2255, 2368, 2369, -1,
      2255, 2369, 2256, -1,
      2256, 2369, 2370, -1,
      2256, 2370, 2257, -1,
      2257, 2370, 2371, -1,
      2257, 2371, 2258, -1,
      2258, 2371, 2372, -1,
      2258, 2372, 2259, -1,
      2259, 2372, 2373, -1,
      2259, 2373, 2260, -1,
      2260, 2373, 2374, -1,
      2260, 2374, 2261, -1,
      2261, 2374, 2375, -1,
      2261, 2375, 2262, -1,
      2262, 2375, 2376, -1,
      2262, 2376, 2263, -1,
      2263, 2376, 2377, -1,
      2263, 2377, 2264, -1,
      2264, 2377, 2378, -1,
      2264, 2378, 2265, -1,
      2265, 2378, 2379, -1,
      2265, 2379, 2266, -1,
      2266, 2379, 2380, -1,
      2266, 2380, 2267, -1,
      2267, 2380, 2381, -1,
      2267, 2381, 2268, -1,
      2268, 2381, 2382, -1,
      2268, 2382, 2269, -1,
      2269, 2382, 2383, -1,
      2269, 2383, 2270, -1,
      2270, 2383, 2384, -1,
      2270, 2384, 2271, -1,
      2271, 2384, 2385, -1,
      2271, 2385, 2272, -1,
      2272, 2385, 2386, -1,
      2272, 2386, 2273, -1,
      2273, 2386, 2387, -1,
      2273, 2387, 2274, -1,
      2274, 2387, 2388, -1,
      2274, 2388, 2275, -1,
      2275, 2388, 2389, -1,
      2275, 2389, 2276, -1,
      2276, 2389, 2390, -1,
      2276, 2390, 2277, -1,
      2277, 2390, 2391, -1,
      2277, 2391, 2278, -1,
      2278, 2391, 2392, -1,
      2278, 2392, 2279, -1,
      2279, 2392, 2393, -1,
      2279, 2393, 2280, -1,
      2280, 2393, 2394, -1,
      2280, 2394, 2281, -1,
      2281, 2394, 2395, -1,
      2281, 2395, 2282, -1,
      2282, 2395, 2396, -1,
      2282, 2396, 2283, -1,
      2283, 2396, 2397, -1,
      2283, 2397, 2284, -1,
      2284, 2397, 2398, -1,
      2284, 2398, 2285, -1,
      2285, 2398, 2399, -1,
      2285, 2399, 2286, -1,
      2286, 2399, 2400, -1,
      2286, 2400, 2287, -1,
      2287, 2400, 2401, -1,
      2287, 2401, 2288, -1,
      2288, 2401, 2402, -1,
      2288, 2402, 2289, -1,
      2289, 2402, 2403, -1,
      2289, 2403, 2290, -1,
      2290, 2403, 2404, -1,
      2290, 2404, 2291, -1,
      2291, 2404, 2405, -1,
      2291, 2405, 2292, -1,
      2292, 2405, 2406, -1,
      2292, 2406, 2293, -1,
      2293, 2406, 2407, -1,
      2293, 2407, 2294, -1,
      2294, 2407, 2408, -1,
      2294, 2408, 2295, -1,
      2295, 2408, 2409, -1,
      2295, 2409, 2296, -1,
      2296, 2409, 2410, -1,
      2296, 2410, 2297, -1,
      2297, 2410, 2411, -1,
      2297, 2411, 2298, -1,
      2298, 2411, 2412, -1,
      2298, 2412, 2299, -1,
      2299, 2412, 2413, -1,
      2299, 2413, 2300, -1,
      2300, 2413, 2414, -1,
      2300, 2414, 2301, -1,
      2301, 2414, 2415, -1,
      2301, 2415, 2302, -1,
      2302, 2415, 2416, -1,
      2302, 2416, 2303, -1,
      2303, 2416, 2417, -1,
      2303, 2417, 2304, -1,
      2304, 2417, 2418, -1,
      2304, 2418, 2305, -1,
      2305, 2418, 2419, -1,
      2305, 2419, 2306, -1,
      2306, 2419, 2420, -1,
      2306, 2420, 2307, -1,
      110, 205, 206, -1,
      206, 205, 2421, -1,
      206, 2421, 2309, -1,
      2309, 2421, 2422, -1,
      2309, 2422, 2310, -1,
      2310, 2422, 2423, -1,
      2310, 2423, 2311, -1,
      2311, 2423, 2424, -1,
      2311, 2424, 2312, -1,
      2312, 2424, 2425, -1,
      2312, 2425, 2313, -1,
      2313, 2425, 2426, -1,
      2313, 2426, 2314, -1,
      2314, 2426, 2427, -1,
      2314, 2427, 2315, -1,
      2315, 2427, 2428, -1,
      2315, 2428, 2316, -1,
      2316, 2428, 2429, -1,
      2316, 2429, 2317, -1,
      2317, 2429, 2430, -1,
      2317, 2430, 2318, -1,
      2318, 2430, 2431, -1,
      2318, 2431, 2319, -1,
      2319, 2431, 2432, -1,
      2319, 2432, 2320, -1,
      2320, 2432, 2433, -1,
      2320, 2433, 2321, -1,
      2321, 2433, 2434, -1,
      2321, 2434, 2322, -1,
      2322, 2434, 2435, -1,
      2322, 2435, 2323, -1,
      2323, 2435, 2436, -1,
      2323, 2436, 2324, -1,
      2324, 2436, 2437, -1,
      2324, 2437, 2325, -1,
      2325, 2437, 2438, -1,
      2325, 2438, 2326, -1,
      2326, 2438, 2439, -1,
      2326, 2439, 2327, -1,
      2327, 2439, 2440, -1,
      2327, 2440, 2328, -1,
      2328, 2440, 2441, -1,
      2328, 2441, 2329, -1,
      2329, 2441, 2442, -1,
      2329, 2442, 2330, -1,
      2330, 2442, 2443, -1,
      2330, 2443, 2331, -1,
      2331, 2443, 2444, -1,
      2331, 2444, 2332, -1,
      2332, 2444, 2445, -1,
      2332, 2445, 2333, -1,
      2333, 2445, 2446, -1,
      2333, 2446, 2334, -1,
      2334, 2446, 2447, -1,
      2334, 2447, 2335, -1,
      2335, 2447, 2448, -1,
      2335, 2448, 2336, -1,
      2336, 2448, 2449, -1,
      2336, 2449, 2337, -1,
      2337, 2449, 2450, -1,
      2337, 2450, 2338, -1,
      2338, 2450, 2451, -1,
      2338, 2451, 2339, -1,
      2339, 2451, 2452, -1,
      2339, 2452, 2340, -1,
      2340, 2452, 2453, -1,
      2340, 2453, 2341, -1,
      2341, 2453, 2454, -1,
      2341, 2454, 2342, -1,
      2342, 2454, 2455, -1,
      2342, 2455, 2343, -1,
      2343, 2455, 2456, -1,
      2343, 2456, 2344, -1,
      2344, 2456, 2457, -1,
      2344, 2457, 2345, -1,
      2345, 2457, 2458, -1,
      2345, 2458, 2346, -1,
      2346, 2458, 2459, -1,
      2346, 2459, 2347, -1,
      2347, 2459, 2460, -1,
      2347, 2460, 2348, -1,
      2348, 2460, 2461, -1,
      2348, 2461, 2349, -1,
      2349, 2461, 2462, -1,
      2349, 2462, 2350, -1,
      2350, 2462, 2463, -1,
      2350, 2463, 2351, -1,
      2351, 2463, 2464, -1,
      2351, 2464, 2352, -1,
      2352, 2464, 2465, -1,
      2352, 2465, 2353, -1,
      2353, 2465, 2466, -1,
      2353, 2466, 2354, -1,
      2354, 2466, 2467, -1,
      2354, 2467, 2355, -1,
      2355, 2467, 2468, -1,
      2355, 2468, 2356, -1,
      2356, 2468, 2469, -1,
      2356, 2469, 2357, -1,
      2357, 2469, 2470, -1,
      2357, 2470, 2358, -1,
      2358, 2470, 2471, -1,
      2358, 2471, 2359, -1,
      2359, 2471, 2472, -1,
      2359, 2472, 2360, -1,
      2360, 2472, 2473, -1,
      2360, 2473, 2361, -1,
      2361, 2473, 2474, -1,
      2361, 2474, 2362, -1,
      2362, 2474, 2475, -1,
      2362, 2475, 2363, -1,
      2363, 2475, 2476, -1,
      2363, 2476, 2364, -1,
      2364, 2476, 2477, -1,
      2364, 2477, 2365, -1,
      2365, 2477, 2478, -1,
      2365, 2478, 2366, -1,
      2366, 2478, 2479, -1,
      2366, 2479, 2367, -1,
      2367, 2479, 2480, -1,
      2367, 2480, 2368, -1,
      2368, 2480, 2481, -1,
      2368, 2481, 2369, -1,
      2369, 2481, 2482, -1,
      2369, 2482, 2370, -1,
      2370, 2482, 2483, -1,
      2370, 2483, 2371, -1,
      2371, 2483, 2484, -1,
      2371, 2484, 2372, -1,
      2372, 2484, 2485, -1,
      2372, 2485, 2373, -1,
      2373, 2485, 2486, -1,
      2373, 2486, 2374, -1,
      2374, 2486, 2487, -1,
      2374, 2487, 2375, -1,
      2375, 2487, 2488, -1,
      2375, 2488, 2376, -1,
      2376, 2488, 2489, -1,
      2376, 2489, 2377, -1,
      2377, 2489, 2490, -1,
      2377, 2490, 2378, -1,
      2378, 2490, 2491, -1,
      2378, 2491, 2379, -1,
      2379, 2491, 2492, -1,
      2379, 2492, 2380, -1,
      2380, 2492, 2493, -1,
      2380, 2493, 2381, -1,
      2381, 2493, 2494, -1,
      2381, 2494, 2382, -1,
      2382, 2494, 2495, -1,
      2382, 2495, 2383, -1,
      2383, 2495, 2496, -1,
      2383, 2496, 2384, -1,
      2384, 2496, 2497, -1,
      2384, 2497, 2385, -1,
      2385, 2497, 2498, -1,
      2385, 2498, 2386, -1,
      2386, 2498, 2499, -1,
      2386, 2499, 2387, -1,
      2387, 2499, 2500, -1,
      2387, 2500, 2388, -1,
      2388, 2500, 2501, -1,
      2388, 2501, 2389, -1,
      2389, 2501, 2502, -1,
      2389, 2502, 2390, -1,
      2390, 2502, 2503, -1,
      2390, 2503, 2391, -1,
      2391, 2503, 2504, -1,
      2391, 2504, 2392, -1,
      2392, 2504, 2505, -1,
      2392, 2505, 2393, -1,
      2393, 2505, 2506, -1,
      2393, 2506, 2394, -1,
      2394, 2506, 2507, -1,
      2394, 2507, 2395, -1,
      2395, 2507, 2508, -1,
      2395, 2508, 2396, -1,
      2396, 2508, 2509, -1,
      2396, 2509, 2397, -1,
      2397, 2509, 2510, -1,
      2397, 2510, 2398, -1,
      2398, 2510, 2511, -1,
      2398, 2511, 2399, -1,
      2399, 2511, 2512, -1,
      2399, 2512, 2400, -1,
      2400, 2512, 2513, -1,
      2400, 2513, 2401, -1,
      2401, 2513, 2514, -1,
      2401, 2514, 2402, -1,
      2402, 2514, 2515, -1,
      2402, 2515, 2403, -1,
      2403, 2515, 2516, -1,
      2403, 2516, 2404, -1,
      2404, 2516, 2517, -1,
      2404, 2517, 2405, -1,
      2405, 2517, 2518, -1,
      2405, 2518, 2406, -1,
      2406, 2518, 2519, -1,
      2406, 2519, 2407, -1,
      2407, 2519, 2520, -1,
      2407, 2520, 2408, -1,
      2408, 2520, 2521, -1,
      2408, 2521, 2409, -1,
      2409, 2521, 2522, -1,
      2409, 2522, 2410, -1,
      2410, 2522, 2523, -1,
      2410, 2523, 2411, -1,
      2411, 2523, 2524, -1,
      2411, 2524, 2412, -1,
      2412, 2524, 2525, -1,
      2412, 2525, 2413, -1,
      2413, 2525, 2526, -1,
      2413, 2526, 2414, -1,
      2414, 2526, 2527, -1,
      2414, 2527, 2415, -1,
      2415, 2527, 2528, -1,
      2415, 2528, 2416, -1,
      2416, 2528, 2529, -1,
      2416, 2529, 2417, -1,
      2417, 2529, 2530, -1,
      2417, 2530, 2418, -1,
      2418, 2530, 2531, -1,
      2418, 2531, 2419, -1,
      2419, 2531, 2532, -1,
      2419, 2532, 2420, -1,
      127, 135, 205, -1,
      205, 135, 204, -1,
      205, 204, 2421, -1,
      2421, 204, 2533, -1,
      2421, 2533, 2422, -1,
      2422, 2533, 2534, -1,
      2422, 2534, 2423, -1,
      2423, 2534, 2535, -1,
      2423, 2535, 2424, -1,
      2424, 2535, 2536, -1,
      2424, 2536, 2425, -1,
      2425, 2536, 2537, -1,
      2425, 2537, 2426, -1,
      2426, 2537, 2538, -1,
      2426, 2538, 2427, -1,
      2427, 2538, 2539, -1,
      2427, 2539, 2428, -1,
      2428, 2539, 2540, -1,
      2428, 2540, 2429, -1,
      2429, 2540, 2541, -1,
      2429, 2541, 2430, -1,
      2430, 2541, 2542, -1,
      2430, 2542, 2431, -1,
      2431, 2542, 2543, -1,
      2431, 2543, 2432, -1,
      2432, 2543, 2544, -1,
      2432, 2544, 2433, -1,
      2433, 2544, 2545, -1,
      2433, 2545, 2434, -1,
      2434, 2545, 2546, -1,
      2434, 2546, 2435, -1,
      2435, 2546, 2547, -1,
      2435, 2547, 2436, -1,
      2436, 2547, 2548, -1,
      2436, 2548, 2437, -1,
      2437, 2548, 2549, -1,
      2437, 2549, 2438, -1,
      2438, 2549, 2550, -1,
      2438, 2550, 2439, -1,
      2439, 2550, 2551, -1,
      2439, 2551, 2440, -1,
      2440, 2551, 2552, -1,
      2440, 2552, 2441, -1,
      2441, 2552, 2553, -1,
      2441, 2553, 2442, -1,
      2442, 2553, 2554, -1,
      2442, 2554, 2443, -1,
      2443, 2554, 2555, -1,
      2443, 2555, 2444, -1,
      2444, 2555, 2556, -1,
      2444, 2556, 2445, -1,
      2445, 2556, 2557, -1,
      2445, 2557, 2446, -1,
      2446, 2557, 2558, -1,
      2446, 2558, 2447, -1,
      2447, 2558, 2559, -1,
      2447, 2559, 2448, -1,
      2448, 2559, 2560, -1,
      2448, 2560, 2449, -1,
      2449, 2560, 2561, -1,
      2449, 2561, 2450, -1,
      2450, 2561, 2562, -1,
      2450, 2562, 2451, -1,
      2451, 2562, 2563, -1,
      2451, 2563, 2452, -1,
      2452, 2563, 2564, -1,
      2452, 2564, 2453, -1,
      2453, 2564, 2565, -1,
      2453, 2565, 2454, -1,
      2454, 2565, 2566, -1,
      2454, 2566, 2455, -1,
      2455, 2566, 2567, -1,
      2455, 2567, 2456, -1,
      2456, 2567, 2568, -1,
      2456, 2568, 2457, -1,
      2457, 2568, 2569, -1,
      2457, 2569, 2458, -1,
      2458, 2569, 2570, -1,
      2458, 2570, 2459, -1,
      2459, 2570, 2571, -1,
      2459, 2571, 2460, -1,
      2460, 2571, 2572, -1,
      2460, 2572, 2461, -1,
      2461, 2572, 2573, -1,
      2461, 2573, 2462, -1,
      2462, 2573, 2574, -1,
      2462, 2574, 2463, -1,
      2463, 2574, 2575, -1,
      2463, 2575, 2464, -1,
      2464, 2575, 2576, -1,
      2464, 2576, 2465, -1,
      2465, 2576, 2577, -1,
      2465, 2577, 2466, -1,
      2466, 2577, 2578, -1,
      2466, 2578, 2467, -1,
      2467, 2578, 2579, -1,
      2467, 2579, 2468, -1,
      2468, 2579, 2580, -1,
      2468, 2580, 2469, -1,
      2469, 2580, 2581, -1,
      2469, 2581, 2470, -1,
      2470, 2581, 2582, -1,
      2470, 2582, 2471, -1,
      2471, 2582, 2583, -1,
      2471, 2583, 2472, -1,
      2472, 2583, 2584, -1,
      2472, 2584, 2473, -1,
      2473, 2584, 2585, -1,
      2473, 2585, 2474, -1,
      2474, 2585, 2586, -1,
      2474, 2586, 2475, -1,
      2475, 2586, 2587, -1,
      2475, 2587, 2476, -1,
      2476, 2587, 2588, -1,
      2476, 2588, 2477, -1,
      2477, 2588, 2589, -1,
      2477, 2589, 2478, -1,
      2478, 2589, 2590, -1,
      2478, 2590, 2479, -1,
      2479, 2590, 2591, -1,
      2479, 2591, 2480, -1,
      2480, 2591, 2592, -1,
      2480, 2592, 2481, -1,
      2481, 2592, 2593, -1,
      2481, 2593, 2482, -1,
      2482, 2593, 2594, -1,
      2482, 2594, 2483, -1,
      2483, 2594, 2595, -1,
      2483, 2595, 2484, -1,
      2484, 2595, 2596, -1,
      2484, 2596, 2485, -1,
      2485, 2596, 2597, -1,
      2485, 2597, 2486, -1,
      2486, 2597, 2598, -1,
      2486, 2598, 2487, -1,
      2487, 2598, 2599, -1,
      2487, 2599, 2488, -1,
      2488, 2599, 2600, -1,
      2488, 2600, 2489, -1,
      2489, 2600, 2601, -1,
      2489, 2601, 2490, -1,
      2490, 2601, 2602, -1,
      2490, 2602, 2491, -1,
      2491, 2602, 2603, -1,
      2491, 2603, 2492, -1,
      2492, 2603, 2604, -1,
      2492, 2604, 2493, -1,
      2493, 2604, 2605, -1,
      2493, 2605, 2494, -1,
      2494, 2605, 2606, -1,
      2494, 2606, 2495, -1,
      2495, 2606, 2607, -1,
      2495, 2607, 2496, -1,
      2496, 2607, 2608, -1,
      2496, 2608, 2497, -1,
      2497, 2608, 2609, -1,
      2497, 2609, 2498, -1,
      2498, 2609, 2610, -1,
      2498, 2610, 2499, -1,
      2499, 2610, 2611, -1,
      2499, 2611, 2500, -1,
      2500, 2611, 2612, -1,
      2500, 2612, 2501, -1,
      2501, 2612, 2613, -1,
      2501, 2613, 2502, -1,
      2502, 2613, 2614, -1,
      2502, 2614, 2503, -1,
      2503, 2614, 2615, -1,
      2503, 2615, 2504, -1,
      2504, 2615, 2616, -1,
      2504, 2616, 2505, -1,
      2505, 2616, 2617, -1,
      2505, 2617, 2506, -1,
      2506, 2617, 2618, -1,
      2506, 2618, 2507, -1,
      2507, 2618, 2619, -1,
      2507, 2619, 2508, -1,
      2508, 2619, 2620, -1,
      2508, 2620, 2509, -1,
      2509, 2620, 2621, -1,
      2509, 2621, 2510, -1,
      2510, 2621, 2622, -1,
      2510, 2622, 2511, -1,
      2511, 2622, 2623, -1,
      2511, 2623, 2512, -1,
      2512, 2623, 2624, -1,
      2512, 2624, 2513, -1,
      2513, 2624, 2625, -1,
      2513, 2625, 2514, -1,
      2514, 2625, 2626, -1,
      2514, 2626, 2515, -1,
      2515, 2626, 2627, -1,
      2515, 2627, 2516, -1,
      2516, 2627, 2628, -1,
      2516, 2628, 2517, -1,
      2517, 2628, 2629, -1,
      2517, 2629, 2518, -1,
      2518, 2629, 2630, -1,
      2518, 2630, 2519, -1,
      2519, 2630, 2631, -1,
      2519, 2631, 2520, -1,
      2520, 2631, 2632, -1,
      2520, 2632, 2521, -1,
      2521, 2632, 2633, -1,
      2521, 2633, 2522, -1,
      2522, 2633, 2634, -1,
      2522, 2634, 2523, -1,
      2523, 2634, 2635, -1,
      2523, 2635, 2524, -1,
      2524, 2635, 2636, -1,
      2524, 2636, 2525, -1,
      2525, 2636, 2637, -1,
      2525, 2637, 2526, -1,
      2526, 2637, 2638, -1,
      2526, 2638, 2527, -1,
      2527, 2638, 2639, -1,
      2527, 2639, 2528, -1,
      2528, 2639, 2640, -1,
      2528, 2640, 2529, -1,
      2529, 2640, 2641, -1,
      2529, 2641, 2530, -1,
      2530, 2641, 2642, -1,
      2530, 2642, 2531, -1,
      2531, 2642, 2643, -1,
      2531, 2643, 2532, -1,
      81, 80, 204, -1,
      204, 80, 203, -1,
      204, 203, 2533, -1,
      2533, 203, 2644, -1,
      2533, 2644, 2534, -1,
      2534, 2644, 2645, -1,
      2534, 2645, 2535, -1,
      2535, 2645, 2646, -1,
      2535, 2646, 2536, -1,
      2536, 2646, 2647, -1,
      2536, 2647, 2537, -1,
      2537, 2647, 2648, -1,
      2537, 2648, 2538, -1,
      2538, 2648, 2649, -1,
      2538, 2649, 2539, -1,
      2539, 2649, 2650, -1,
      2539, 2650, 2540, -1,
      2540, 2650, 2651, -1,
      2540, 2651, 2541, -1,
      2541, 2651, 2652, -1,
      2541, 2652, 2542, -1,
      2542, 2652, 2653, -1,
      2542, 2653, 2543, -1,
      2543, 2653, 2654, -1,
      2543, 2654, 2544, -1,
      2544, 2654, 2655, -1,
      2544, 2655, 2545, -1,
      2545, 2655, 2656, -1,
      2545, 2656, 2546, -1,
      2546, 2656, 2657, -1,
      2546, 2657, 2547, -1,
      2547, 2657, 2658, -1,
      2547, 2658, 2548, -1,
      2548, 2658, 2659, -1,
      2548, 2659, 2549, -1,
      2549, 2659, 2660, -1,
      2549, 2660, 2550, -1,
      2550, 2660, 2661, -1,
      2550, 2661, 2551, -1,
      2551, 2661, 2662, -1,
      2551, 2662, 2552, -1,
      2552, 2662, 2663, -1,
      2552, 2663, 2553, -1,
      2553, 2663, 2664, -1,
      2553, 2664, 2554, -1,
      2554, 2664, 2665, -1,
      2554, 2665, 2555, -1,
      2555, 2665, 2666, -1,
      2555, 2666, 2556, -1,
      2556, 2666, 2667, -1,
      2556, 2667, 2557, -1,
      2557, 2667, 2668, -1,
      2557, 2668, 2558, -1,
      2558, 2668, 2669, -1,
      2558, 2669, 2559, -1,
      2559, 2669, 2670, -1,
      2559, 2670, 2560, -1,
      2560, 2670, 2671, -1,
      2560, 2671, 2561, -1,
      2561, 2671, 2672, -1,
      2561, 2672, 2562, -1,
      2562, 2672, 2673, -1,
      2562, 2673, 2563, -1,
      2563, 2673, 2674, -1,
      2563, 2674, 2564, -1,
      2564, 2674, 2675, -1,
      2564, 2675, 2565, -1,
      2565, 2675, 2676, -1,
      2565, 2676, 2566, -1,
      2566, 2676, 2677, -1,
      2566, 2677, 2567, -1,
      2567, 2677, 2678, -1,
      2567, 2678, 2568, -1,
      2568, 2678, 2679, -1,
      2568, 2679, 2569, -1,
      2569, 2679, 2680, -1,
      2569, 2680, 2570, -1,
      2570, 2680, 2681, -1,
      2570, 2681, 2571, -1,
      2571, 2681, 2682, -1,
      2571, 2682, 2572, -1,
      2572, 2682, 2683, -1,
      2572, 2683, 2573, -1,
      2573, 2683, 2684, -1,
      2573, 2684, 2574, -1,
      2574, 2684, 2685, -1,
      2574, 2685, 2575, -1,
      2575, 2685, 2686, -1,
      2575, 2686, 2576, -1,
      2576, 2686, 2687, -1,
      2576, 2687, 2577, -1,
      2577, 2687, 2688, -1,
      2577, 2688, 2578, -1,
      2578, 2688, 2689, -1,
      2578, 2689, 2579, -1,
      2579, 2689, 2690, -1,
      2579, 2690, 2580, -1,
      2580, 2690, 2691, -1,
      2580, 2691, 2581, -1,
      2581, 2691, 2692, -1,
      2581, 2692, 2582, -1,
      2582, 2692, 2693, -1,
      2582, 2693, 2583, -1,
      2583, 2693, 2694, -1,
      2583, 2694, 2584, -1,
      2584, 2694, 2695, -1,
      2584, 2695, 2585, -1,
      2585, 2695, 2696, -1,
      2585, 2696, 2586, -1,
      2586, 2696, 2697, -1,
      2586, 2697, 2587, -1,
      2587, 2697, 2698, -1,
      2587, 2698, 2588, -1,
      2588, 2698, 2699, -1,
      2588, 2699, 2589, -1,
      2589, 2699, 2700, -1,
      2589, 2700, 2590, -1,
      2590, 2700, 2701, -1,
      2590, 2701, 2591, -1,
      2591, 2701, 2702, -1,
      2591, 2702, 2592, -1,
      2592, 2702, 2703, -1,
      2592, 2703, 2593, -1,
      2593, 2703, 2704, -1,
      2593, 2704, 2594, -1,
      2594, 2704, 2705, -1,
      2594, 2705, 2595, -1,
      2595, 2705, 2706, -1,
      2595, 2706, 2596, -1,
      2596, 2706, 2707, -1,
      2596, 2707, 2597, -1,
      2597, 2707, 2708, -1,
      2597, 2708, 2598, -1,
      2598, 2708, 2709, -1,
      2598, 2709, 2599, -1,
      2599, 2709, 2710, -1,
      2599, 2710, 2600, -1,
      2600, 2710, 2711, -1,
      2600, 2711, 2601, -1,
      2601, 2711, 2712, -1,
      2601, 2712, 2602, -1,
      2602, 2712, 2713, -1,
      2602, 2713, 2603, -1,
      2603, 2713, 2714, -1,
      2603, 2714, 2604, -1,
      2604, 2714, 2715, -1,
      2604, 2715, 2605, -1,
      2605, 2715, 2716, -1,
      2605, 2716, 2606, -1,
      2606, 2716, 2717, -1,
      2606, 2717, 2607, -1,
      2607, 2717, 2718, -1,
      2607, 2718, 2608, -1,
      2608, 2718, 2719, -1,
      2608, 2719, 2609, -1,
      2609, 2719, 2720, -1,
      2609, 2720, 2610, -1,
      2610, 2720, 2721, -1,
      2610, 2721, 2611, -1,
      2611, 2721, 2722, -1,
      2611, 2722, 2612, -1,
      2612, 2722, 2723, -1,
      2612, 2723, 2613, -1,
      2613, 2723, 2724, -1,
      2613, 2724, 2614, -1,
      2614, 2724, 2725, -1,
      2614, 2725, 2615, -1,
      2615, 2725, 2726, -1,
      2615, 2726, 2616, -1,
      2616, 2726, 2727, -1,
      2616, 2727, 2617, -1,
      2617, 2727, 2728, -1,
      2617, 2728, 2618, -1,
      2618, 2728, 2729, -1,
      2618, 2729, 2619, -1,
      2619, 2729, 2730, -1,
      2619, 2730, 2620, -1,
      2620, 2730, 2731, -1,
      2620, 2731, 2621, -1,
      2621, 2731, 2732, -1,
      2621, 2732, 2622, -1,
      2622, 2732, 2733, -1,
      2622, 2733, 2623, -1,
      2623, 2733, 2734, -1,
      2623, 2734, 2624, -1,
      2624, 2734, 2735, -1,
      2624, 2735, 2625, -1,
      2625, 2735, 2736, -1,
      2625, 2736, 2626, -1,
      2626, 2736, 2737, -1,
      2626, 2737, 2627, -1,
      2627, 2737, 2738, -1,
      2627, 2738, 2628, -1,
      2628, 2738, 2739, -1,
      2628, 2739, 2629, -1,
      2629, 2739, 2740, -1,
      2629, 2740, 2630, -1,
      2630, 2740, 2741, -1,
      2630, 2741, 2631, -1,
      2631, 2741, 2742, -1,
      2631, 2742, 2632, -1,
      2632, 2742, 2743, -1,
      2632, 2743, 2633, -1,
      2633, 2743, 2744, -1,
      2633, 2744, 2634, -1,
      2634, 2744, 2745, -1,
      2634, 2745, 2635, -1,
      2635, 2745, 2746, -1,
      2635, 2746, 2636, -1,
      2636, 2746, 2747, -1,
      2636, 2747, 2637, -1,
      2637, 2747, 2748, -1,
      2637, 2748, 2638, -1,
      2638, 2748, 2749, -1,
      2638, 2749, 2639, -1,
      2639, 2749, 2750, -1,
      2639, 2750, 2640, -1,
      2640, 2750, 2751, -1,
      2640, 2751, 2641, -1,
      2641, 2751, 2752, -1,
      2641, 2752, 2642, -1,
      2642, 2752, 2753, -1,
      2642, 2753, 2643, -1,
      116, 115, 203, -1,
      203, 115, 202, -1,
      203, 202, 2644, -1,
      2644, 202, 2754, -1,
      2644, 2754, 2645, -1,
      2645, 2754, 2755, -1,
      2645, 2755, 2646, -1,
      2646, 2755, 2756, -1,
      2646, 2756, 2647, -1,
      2647, 2756, 2757, -1,
      2647, 2757, 2648, -1,
      2648, 2757, 2758, -1,
      2648, 2758, 2649, -1,
      2649, 2758, 2759, -1,
      2649, 2759, 2650, -1,
      2650, 2759, 2760, -1,
      2650, 2760, 2651, -1,
      2651, 2760, 2761, -1,
      2651, 2761, 2652, -1,
      2652, 2761, 2762, -1,
      2652, 2762, 2653, -1,
      2653, 2762, 2763, -1,
      2653, 2763, 2654, -1,
      2654, 2763, 2764, -1,
      2654, 2764, 2655, -1,
      2655, 2764, 2765, -1,
      2655, 2765, 2656, -1,
      2656, 2765, 2766, -1,
      2656, 2766, 2657, -1,
      2657, 2766, 2767, -1,
      2657, 2767, 2658, -1,
      2658, 2767, 2768, -1,
      2658, 2768, 2659, -1,
      2659, 2768, 2769, -1,
      2659, 2769, 2660, -1,
      2660, 2769, 2770, -1,
      2660, 2770, 2661, -1,
      2661, 2770, 2771, -1,
      2661, 2771, 2662, -1,
      2662, 2771, 2772, -1,
      2662, 2772, 2663, -1,
      2663, 2772, 2773, -1,
      2663, 2773, 2664, -1,
      2664, 2773, 2774, -1,
      2664, 2774, 2665, -1,
      2665, 2774, 2775, -1,
      2665, 2775, 2666, -1,
      2666, 2775, 2776, -1,
      2666, 2776, 2667, -1,
      2667, 2776, 2777, -1,
      2667, 2777, 2668, -1,
      2668, 2777, 2778, -1,
      2668, 2778, 2669, -1,
      2669, 2778, 2779, -1,
      2669, 2779, 2670, -1,
      2670, 2779, 2780, -1,
      2670, 2780, 2671, -1,
      2671, 2780, 2781, -1,
      2671, 2781, 2672, -1,
      2672, 2781, 2782, -1,
      2672, 2782, 2673, -1,
      2673, 2782, 2783, -1,
      2673, 2783, 2674, -1,
      2674, 2783, 2784, -1,
      2674, 2784, 2675, -1,
      2675, 2784, 2785, -1,
      2675, 2785, 2676, -1,
      2676, 2785, 2786, -1,
      2676, 2786, 2677, -1,
      2677, 2786, 2787, -1,
      2677, 2787, 2678, -1,
      2678, 2787, 2788, -1,
      2678, 2788, 2679, -1,
      2679, 2788, 2789, -1,
      2679, 2789, 2680, -1,
      2680, 2789, 2790, -1,
      2680, 2790, 2681, -1,
      2681, 2790, 2791, -1,
      2681, 2791, 2682, -1,
      2682, 2791, 2792, -1,
      2682, 2792, 2683, -1,
      2683, 2792, 2793, -1,
      2683, 2793, 2684, -1,
      2684, 2793, 2794, -1,
      2684, 2794, 2685, -1,
      2685, 2794, 2795, -1,
      2685, 2795, 2686, -1,
      2686, 2795, 2796, -1,
      2686, 2796, 2687, -1,
      2687, 2796, 2797, -1,
      2687, 2797, 2688, -1,
      2688, 2797, 2798, -1,
      2688, 2798, 2689, -1,
      2689, 2798, 2799, -1,
      2689, 2799, 2690, -1,
      2690, 2799, 2800, -1,
      2690, 2800, 2691, -1,
      2691, 2800, 2801, -1,
      2691, 2801, 2692, -1,
      2692, 2801, 2802, -1,
      2692, 2802, 2693, -1,
      2693, 2802, 2803, -1,
      2693, 2803, 2694, -1,
      2694, 2803, 2804, -1,
      2694, 2804, 2695, -1,
      2695, 2804, 2805, -1,
      2695, 2805, 2696, -1,
      2696, 2805, 2806, -1,
      2696, 2806, 2697, -1,
      2697, 2806, 2807, -1,
      2697, 2807, 2698, -1,
      2698, 2807, 2808, -1,
      2698, 2808, 2699, -1,
      2699, 2808, 2809, -1,
      2699, 2809, 2700, -1,
      2700, 2809, 2810, -1,
      2700, 2810, 2701, -1,
      2701, 2810, 2811, -1,
      2701, 2811, 2702, -1,
      2702, 2811, 2812, -1,
      2702, 2812, 2703, -1,
      2703, 2812, 2813, -1,
      2703, 2813, 2704, -1,
      2704, 2813, 2814, -1,
      2704, 2814, 2705, -1,
      2705, 2814, 2815, -1,
      2705, 2815, 2706, -1,
      2706, 2815, 2816, -1,
      2706, 2816, 2707, -1,
      2707, 2816, 2817, -1,
      2707, 2817, 2708, -1,
      2708, 2817, 2818, -1,
      2708, 2818, 2709, -1,
      2709, 2818, 2819, -1,
      2709, 2819, 2710, -1,
      2710, 2819, 2820, -1,
      2710, 2820, 2711, -1,
      2711, 2820, 2821, -1,
      2711, 2821, 2712, -1,
      2712, 2821, 2822, -1,
      2712, 2822, 2713, -1,
      2713, 2822, 2823, -1,
      2713, 2823, 2714, -1,
      2714, 2823, 2824, -1,
      2714, 2824, 2715, -1,
      2715, 2824, 2825, -1,
      2715, 2825, 2716, -1,
      2716, 2825, 2826, -1,
      2716, 2826, 2717, -1,
      2717, 2826, 2827, -1,
      2717, 2827, 2718, -1,
      2718, 2827, 2828, -1,
      2718, 2828, 2719, -1,
      2719, 2828, 2829, -1,
      2719, 2829, 2720, -1,
      2720, 2829, 2830, -1,
      2720, 2830, 2721, -1,
      2721, 2830, 2831, -1,
      2721, 2831, 2722, -1,
      2722, 2831, 2832, -1,
      2722, 2832, 2723, -1,
      2723, 2832, 2833, -1,
      2723, 2833, 2724, -1,
      2724, 2833, 2834, -1,
      2724, 2834, 2725, -1,
      2725, 2834, 2835, -1,
      2725, 2835, 2726, -1,
      2726, 2835, 2836, -1,
      2726, 2836, 2727, -1,
      2727, 2836, 2837, -1,
      2727, 2837, 2728, -1,
      2728, 2837, 2838, -1,
      2728, 2838, 2729, -1,
      2729, 2838, 2839, -1,
      2729, 2839, 2730, -1,
      2730, 2839, 2840, -1,
      2730, 2840, 2731, -1,
      2731, 2840, 2841, -1,
      2731, 2841, 2732, -1,
      2732, 2841, 2842, -1,
      2732, 2842, 2733, -1,
      2733, 2842, 2843, -1,
      2733, 2843, 2734, -1,
      2734, 2843, 2844, -1,
      2734, 2844, 2735, -1,
      2735, 2844, 2845, -1,
      2735, 2845, 2736, -1,
      2736, 2845, 2846, -1,
      2736, 2846, 2737, -1,
      2737, 2846, 2847, -1,
      2737, 2847, 2738, -1,
      2738, 2847, 2848, -1,
      2738, 2848, 2739, -1,
      2739, 2848, 2849, -1,
      2739, 2849, 2740, -1,
      2740, 2849, 2850, -1,
      2740, 2850, 2741, -1,
      2741, 2850, 2851, -1,
      2741, 2851, 2742, -1,
      2742, 2851, 2852, -1,
      2742, 2852, 2743, -1,
      2743, 2852, 2853, -1,
      2743, 2853, 2744, -1,
      2744, 2853, 2854, -1,
      2744, 2854, 2745, -1,
      2745, 2854, 2855, -1,
      2745, 2855, 2746, -1,
      2746, 2855, 2856, -1,
      2746, 2856, 2747, -1,
      2747, 2856, 2857, -1,
      2747, 2857, 2748, -1,
      2748, 2857, 2858, -1,
      2748, 2858, 2749, -1,
      2749, 2858, 2859, -1,
      2749, 2859, 2750, -1,
      2750, 2859, 2860, -1,
      2750, 2860, 2751, -1,
      2751, 2860, 2861, -1,
      2751, 2861, 2752, -1,
      2752, 2861, 2862, -1,
      2752, 2862, 2753, -1,
      126, 125, 202, -1,
      202, 125, 124, -1,
      202, 124, 2754, -1,
      2754, 124, 201, -1,
      2754, 201, 2755, -1,
      2755, 201, 2863, -1,
      2755, 2863, 2756, -1,
      2756, 2863, 2864, -1,
      2756, 2864, 2757, -1,
      2757, 2864, 2865, -1,
      2757, 2865, 2758, -1,
      2758, 2865, 2866, -1,
      2758, 2866, 2759, -1,
      2759, 2866, 2867, -1,
      2759, 2867, 2760, -1,
      2760, 2867, 2868, -1,
      2760, 2868, 2761, -1,
      2761, 2868, 2869, -1,
      2761, 2869, 2762, -1,
      2762, 2869, 2870, -1,
      2762, 2870, 2763, -1,
      2763, 2870, 2871, -1,
      2763, 2871, 2764, -1,
      2764, 2871, 2872, -1,
      2764, 2872, 2765, -1,
      2765, 2872, 2873, -1,
      2765, 2873, 2766, -1,
      2766, 2873, 2874, -1,
      2766, 2874, 2767, -1,
      2767, 2874, 2875, -1,
      2767, 2875, 2768, -1,
      2768, 2875, 2876, -1,
      2768, 2876, 2769, -1,
      2769, 2876, 2877, -1,
      2769, 2877, 2770, -1,
      2770, 2877, 2878, -1,
      2770, 2878, 2771, -1,
      2771, 2878, 2879, -1,
      2771, 2879, 2772, -1,
      2772, 2879, 2880, -1,
      2772, 2880, 2773, -1,
      2773, 2880, 2881, -1,
      2773, 2881, 2774, -1,
      2774, 2881, 2882, -1,
      2774, 2882, 2775, -1,
      2775, 2882, 2883, -1,
      2775, 2883, 2776, -1,
      2776, 2883, 2884, -1,
      2776, 2884, 2777, -1,
      2777, 2884, 2885, -1,
      2777, 2885, 2778, -1,
      2778, 2885, 2886, -1,
      2778, 2886, 2779, -1,
      2779, 2886, 2887, -1,
      2779, 2887, 2780, -1,
      2780, 2887, 2888, -1,
      2780, 2888, 2781, -1,
      2781, 2888, 2889, -1,
      2781, 2889, 2782, -1,
      2782, 2889, 2890, -1,
      2782, 2890, 2783, -1,
      2783, 2890, 2891, -1,
      2783, 2891, 2784, -1,
      2784, 2891, 2892, -1,
      2784, 2892, 2785, -1,
      2785, 2892, 2893, -1,
      2785, 2893, 2786, -1,
      2786, 2893, 2894, -1,
      2786, 2894, 2787, -1,
      2787, 2894, 2895, -1,
      2787, 2895, 2788, -1,
      2788, 2895, 2896, -1,
      2788, 2896, 2789, -1,
      2789, 2896, 2897, -1,
      2789, 2897, 2790, -1,
      2790, 2897, 2898, -1,
      2790, 2898, 2791, -1,
      2791, 2898, 2899, -1,
      2791, 2899, 2792, -1,
      2792, 2899, 2900, -1,
      2792, 2900, 2793, -1,
      2793, 2900, 2901, -1,
      2793, 2901, 2794, -1,
      2794, 2901, 2902, -1,
      2794, 2902, 2795, -1,
      2795, 2902, 2903, -1,
      2795, 2903, 2796, -1,
      2796, 2903, 2904, -1,
      2796, 2904, 2797, -1,
      2797, 2904, 2905, -1,
      2797, 2905, 2798, -1,
      2798, 2905, 2906, -1,
      2798, 2906, 2799, -1,
      2799, 2906, 2907, -1,
      2799, 2907, 2800, -1,
      2800, 2907, 2908, -1,
      2800, 2908, 2801, -1,
      2801, 2908, 2909, -1,
      2801, 2909, 2802, -1,
      2802, 2909, 2910, -1,
      2802, 2910, 2803, -1,
      2803, 2910, 2911, -1,
      2803, 2911, 2804, -1,
      2804, 2911, 2912, -1,
      2804, 2912, 2805, -1,
      2805, 2912, 2913, -1,
      2805, 2913, 2806, -1,
      2806, 2913, 2914, -1,
      2806, 2914, 2807, -1,
      2807, 2914, 2915, -1,
      2807, 2915, 2808, -1,
      2808, 2915, 2916, -1,
      2808, 2916, 2809, -1,
      2809, 2916, 2917, -1,
      2809, 2917, 2810, -1,
      2810, 2917, 2918, -1,
      2810, 2918, 2811, -1,
      2811, 2918, 2919, -1,
      2811, 2919, 2812, -1,
      2812, 2919, 2920, -1,
      2812, 2920, 2813, -1,
      2813, 2920, 2921, -1,
      2813, 2921, 2814, -1,
      2814, 2921, 2922, -1,
      2814, 2922, 2815, -1,
      2815, 2922, 2923, -1,
      2815, 2923, 2816, -1,
      2816, 2923, 2924, -1,
      2816, 2924, 2817, -1,
      2817, 2924, 2925, -1,
      2817, 2925, 2818, -1,
      2818, 2925, 2926, -1,
      2818, 2926, 2819, -1,
      2819, 2926, 2927, -1,
      2819, 2927, 2820, -1,
      2820, 2927, 2928, -1,
      2820, 2928, 2821, -1,
      2821, 2928, 2929, -1,
      2821, 2929, 2822, -1,
      2822, 2929, 2930, -1,
      2822, 2930, 2823, -1,
      2823, 2930, 2931, -1,
      2823, 2931, 2824, -1,
      2824, 2931, 2932, -1,
      2824, 2932, 2825, -1,
      2825, 2932, 2933, -1,
      2825, 2933, 2826, -1,
      2826, 2933, 2934, -1,
      2826, 2934, 2827, -1,
      2827, 2934, 2935, -1,
      2827, 2935, 2828, -1,
      2828, 2935, 2936, -1,
      2828, 2936, 2829, -1,
      2829, 2936, 2937, -1,
      2829, 2937, 2830, -1,
      2830, 2937, 2938, -1,
      2830, 2938, 2831, -1,
      2831, 2938, 2939, -1,
      2831, 2939, 2832, -1,
      2832, 2939, 2940, -1,
      2832, 2940, 2833, -1,
      2833, 2940, 2941, -1,
      2833, 2941, 2834, -1,
      2834, 2941, 2942, -1,
      2834, 2942, 2835, -1,
      2835, 2942, 2943, -1,
      2835, 2943, 2836, -1,
      2836, 2943, 2944, -1,
      2836, 2944, 2837, -1,
      2837, 2944, 2945, -1,
      2837, 2945, 2838, -1,
      2838, 2945, 2946, -1,
      2838, 2946, 2839, -1,
      2839, 2946, 2947, -1,
      2839, 2947, 2840, -1,
      2840, 2947, 2948, -1,
      2840, 2948, 2841, -1,
      2841, 2948, 2949, -1,
      2841, 2949, 2842, -1,
      2842, 2949, 2950, -1,
      2842, 2950, 2843, -1,
      2843, 2950, 2951, -1,
      2843, 2951, 2844, -1,
      2844, 2951, 2952, -1,
      2844, 2952, 2845, -1,
      2845, 2952, 2953, -1,
      2845, 2953, 2846, -1,
      2846, 2953, 2954, -1,
      2846, 2954, 2847, -1,
      2847, 2954, 2955, -1,
      2847, 2955, 2848, -1,
      2848, 2955, 2956, -1,
      2848, 2956, 2849, -1,
      2849, 2956, 2957, -1,
      2849, 2957, 2850, -1,
      2850, 2957, 2958, -1,
      2850, 2958, 2851, -1,
      2851, 2958, 2959, -1,
      2851, 2959, 2852, -1,
      2852, 2959, 2960, -1,
      2852, 2960, 2853, -1,
      2853, 2960, 2961, -1,
      2853, 2961, 2854, -1,
      2854, 2961, 2962, -1,
      2854, 2962, 2855, -1,
      2855, 2962, 2963, -1,
      2855, 2963, 2856, -1,
      2856, 2963, 2964, -1,
      2856, 2964, 2857, -1,
      2857, 2964, 2965, -1,
      2857, 2965, 2858, -1,
      2858, 2965, 2966, -1,
      2858, 2966, 2859, -1,
      2859, 2966, 2967, -1,
      2859, 2967, 2860, -1,
      2860, 2967, 2968, -1,
      2860, 2968, 2861, -1,
      2861, 2968, 2969, -1,
      2861, 2969, 2862, -1,
      132, 131, 201, -1,
      201, 131, 139, -1,
      201, 139, 2863, -1,
      2863, 139, 200, -1,
      2863, 200, 2864, -1,
      2864, 200, 2970, -1,
      2864, 2970, 2865, -1,
      2865, 2970, 2971, -1,
      2865, 2971, 2866, -1,
      2866, 2971, 2972, -1,
      2866, 2972, 2867, -1,
      2867, 2972, 2973, -1,
      2867, 2973, 2868, -1,
      2868, 2973, 2974, -1,
      2868, 2974, 2869, -1,
      2869, 2974, 2975, -1,
      2869, 2975, 2870, -1,
      2870, 2975, 2976, -1,
      2870, 2976, 2871, -1,
      2871, 2976, 2977, -1,
      2871, 2977, 2872, -1,
      2872, 2977, 2978, -1,
      2872, 2978, 2873, -1,
      2873, 2978, 2979, -1,
      2873, 2979, 2874, -1,
      2874, 2979, 2980, -1,
      2874, 2980, 2875, -1,
      2875, 2980, 2981, -1,
      2875, 2981, 2876, -1,
      2876, 2981, 2982, -1,
      2876, 2982, 2877, -1,
      2877, 2982, 2983, -1,
      2877, 2983, 2878, -1,
      2878, 2983, 2984, -1,
      2878, 2984, 2879, -1,
      2879, 2984, 2985, -1,
      2879, 2985, 2880, -1,
      2880, 2985, 2986, -1,
      2880, 2986, 2881, -1,
      2881, 2986, 2987, -1,
      2881, 2987, 2882, -1,
      2882, 2987, 2988, -1,
      2882, 2988, 2883, -1,
      2883, 2988, 2989, -1,
      2883, 2989, 2884, -1,
      2884, 2989, 2990, -1,
      2884, 2990, 2885, -1,
      2885, 2990, 2991, -1,
      2885, 2991, 2886, -1,
      2886, 2991, 2992, -1,
      2886, 2992, 2887, -1,
      2887, 2992, 2993, -1,
      2887, 2993, 2888, -1,
      2888, 2993, 2994, -1,
      2888, 2994, 2889, -1,
      2889, 2994, 2995, -1,
      2889, 2995, 2890, -1,
      2890, 2995, 2996, -1,
      2890, 2996, 2891, -1,
      2891, 2996, 2997, -1,
      2891, 2997, 2892, -1,
      2892, 2997, 2998, -1,
      2892, 2998, 2893, -1,
      2893, 2998, 2999, -1,
      2893, 2999, 2894, -1,
      2894, 2999, 3000, -1,
      2894, 3000, 2895, -1,
      2895, 3000, 3001, -1,
      2895, 3001, 2896, -1,
      2896, 3001, 3002, -1,
      2896, 3002, 2897, -1,
      2897, 3002, 3003, -1,
      2897, 3003, 2898, -1,
      2898, 3003, 3004, -1,
      2898, 3004, 2899, -1,
      2899, 3004, 3005, -1,
      2899, 3005, 2900, -1,
      2900, 3005, 3006, -1,
      2900, 3006, 2901, -1,
      2901, 3006, 3007, -1,
      2901, 3007, 2902, -1,
      2902, 3007, 3008, -1,
      2902, 3008, 2903, -1,
      2903, 3008, 3009, -1,
      2903, 3009, 2904, -1,
      2904, 3009, 3010, -1,
      2904, 3010, 2905, -1,
      2905, 3010, 3011, -1,
      2905, 3011, 2906, -1,
      2906, 3011, 3012, -1,
      2906, 3012, 2907, -1,
      2907, 3012, 3013, -1,
      2907, 3013, 2908, -1,
      2908, 3013, 3014, -1,
      2908, 3014, 2909, -1,
      2909, 3014, 3015, -1,
      2909, 3015, 2910, -1,
      2910, 3015, 3016, -1,
      2910, 3016, 2911, -1,
      2911, 3016, 3017, -1,
      2911, 3017, 2912, -1,
      2912, 3017, 3018, -1,
      2912, 3018, 2913, -1,
      2913, 3018, 3019, -1,
      2913, 3019, 2914, -1,
      2914, 3019, 3020, -1,
      2914, 3020, 2915, -1,
      2915, 3020, 3021, -1,
      2915, 3021, 2916, -1,
      2916, 3021, 3022, -1,
      2916, 3022, 2917, -1,
      2917, 3022, 3023, -1,
      2917, 3023, 2918, -1,
      2918, 3023, 3024, -1,
      2918, 3024, 2919, -1,
      2919, 3024, 3025, -1,
      2919, 3025, 2920, -1,
      2920, 3025, 3026, -1,
      2920, 3026, 2921, -1,
      2921, 3026, 3027, -1,
      2921, 3027, 2922, -1,
      2922, 3027, 3028, -1,
      2922, 3028, 2923, -1,
      2923, 3028, 3029, -1,
      2923, 3029, 2924, -1,
      2924, 3029, 3030, -1,
      2924, 3030, 2925, -1,
      2925, 3030, 3031, -1,
      2925, 3031, 2926, -1,
      2926, 3031, 3032, -1,
      2926, 3032, 2927, -1,
      2927, 3032, 3033, -1,
      2927, 3033, 2928, -1,
      2928, 3033, 3034, -1,
      2928, 3034, 2929, -1,
      2929, 3034, 3035, -1,
      2929, 3035, 2930, -1,
      2930, 3035, 3036, -1,
      2930, 3036, 2931, -1,
      2931, 3036, 3037, -1,
      2931, 3037, 2932, -1,
      2932, 3037, 3038, -1,
      2932, 3038, 2933, -1,
      2933, 3038, 3039, -1,
      2933, 3039, 2934, -1,
      2934, 3039, 3040, -1,
      2934, 3040, 2935, -1,
      2935, 3040, 3041, -1,
      2935, 3041, 2936, -1,
      2936, 3041, 3042, -1,
      2936, 3042, 2937, -1,
      2937, 3042, 3043, -1,
      2937, 3043, 2938, -1,
      2938, 3043, 3044, -1,
      2938, 3044, 2939, -1,
      2939, 3044, 3045, -1,
      2939, 3045, 2940, -1,
      2940, 3045, 3046, -1,
      2940, 3046, 2941, -1,
      2941, 3046, 3047, -1,
      2941, 3047, 2942, -1,
      2942, 3047, 3048, -1,
      2942, 3048, 2943, -1,
      2943, 3048, 3049, -1,
      2943, 3049, 2944, -1,
      2944, 3049, 3050, -1,
      2944, 3050, 2945, -1,
      2945, 3050, 3051, -1,
      2945, 3051, 2946, -1,
      2946, 3051, 3052, -1,
      2946, 3052, 2947, -1,
      2947, 3052, 3053, -1,
      2947, 3053, 2948, -1,
      2948, 3053, 3054, -1,
      2948, 3054, 2949, -1,
      2949, 3054, 3055, -1,
      2949, 3055, 2950, -1,
      2950, 3055, 3056, -1,
      2950, 3056, 2951, -1,
      2951, 3056, 3057, -1,
      2951, 3057, 2952, -1,
      2952, 3057, 3058, -1,
      2952, 3058, 2953, -1,
      2953, 3058, 3059, -1,
      2953, 3059, 2954, -1,
      2954, 3059, 3060, -1,
      2954, 3060, 2955, -1,
      2955, 3060, 3061, -1,
      2955, 3061, 2956, -1,
      2956, 3061, 3062, -1,
      2956, 3062, 2957, -1,
      2957, 3062, 3063, -1,
      2957, 3063, 2958, -1,
      2958, 3063, 3064, -1,
      2958, 3064, 2959, -1,
      2959, 3064, 3065, -1,
      2959, 3065, 2960, -1,
      2960, 3065, 3066, -1,
      2960, 3066, 2961, -1,
      2961, 3066, 3067, -1,
      2961, 3067, 2962, -1,
      2962, 3067, 3068, -1,
      2962, 3068, 2963, -1,
      2963, 3068, 3069, -1,
      2963, 3069, 2964, -1,
      2964, 3069, 3070, -1,
      2964, 3070, 2965, -1,
      2965, 3070, 3071, -1,
      2965, 3071, 2966, -1,
      2966, 3071, 3072, -1,
      2966, 3072, 2967, -1,
      2967, 3072, 3073, -1,
      2967, 3073, 2968, -1,
      2968, 3073, 3074, -1,
      2968, 3074, 2969, -1,
      137, 136, 200, -1,
      200, 136, 146, -1,
      200, 146, 2970, -1,
      2970, 146, 199, -1,
      2970, 199, 2971, -1,
      2971, 199, 3075, -1,
      2971, 3075, 2972, -1,
      2972, 3075, 3076, -1,
      2972, 3076, 2973, -1,
      2973, 3076, 3077, -1,
      2973, 3077, 2974, -1,
      2974, 3077, 3078, -1,
      2974, 3078, 2975, -1,
      2975, 3078, 3079, -1,
      2975, 3079, 2976, -1,
      2976, 3079, 3080, -1,
      2976, 3080, 2977, -1,
      2977, 3080, 3081, -1,
      2977, 3081, 2978, -1,
      2978, 3081, 3082, -1,
      2978, 3082, 2979, -1,
      2979, 3082, 3083, -1,
      2979, 3083, 2980, -1,
      2980, 3083, 3084, -1,
      2980, 3084, 2981, -1,
      2981, 3084, 3085, -1,
      2981, 3085, 2982, -1,
      2982, 3085, 3086, -1,
      2982, 3086, 2983, -1,
      2983, 3086, 3087, -1,
      2983, 3087, 2984, -1,
      2984, 3087, 3088, -1,
      2984, 3088, 2985, -1,
      2985, 3088, 3089, -1,
      2985, 3089, 2986, -1,
      2986, 3089, 3090, -1,
      2986, 3090, 2987, -1,
      2987, 3090, 3091, -1,
      2987, 3091, 2988, -1,
      2988, 3091, 3092, -1,
      2988, 3092, 2989, -1,
      2989, 3092, 3093, -1,
      2989, 3093, 2990, -1,
      2990, 3093, 3094, -1,
      2990, 3094, 2991, -1,
      2991, 3094, 3095, -1,
      2991, 3095, 2992, -1,
      2992, 3095, 3096, -1,
      2992, 3096, 2993, -1,
      2993, 3096, 3097, -1,
      2993, 3097, 2994, -1,
      2994, 3097, 3098, -1,
      2994, 3098, 2995, -1,
      2995, 3098, 3099, -1,
      2995, 3099, 2996, -1,
      2996, 3099, 3100, -1,
      2996, 3100, 2997, -1,
      2997, 3100, 3101, -1,
      2997, 3101, 2998, -1,
      2998, 3101, 3102, -1,
      2998, 3102, 2999, -1,
      2999, 3102, 3103, -1,
      2999, 3103, 3000, -1,
      3000, 3103, 3104, -1,
      3000, 3104, 3001, -1,
      3001, 3104, 3105, -1,
      3001, 3105, 3002, -1,
      3002, 3105, 3106, -1,
      3002, 3106, 3003, -1,
      3003, 3106, 3107, -1,
      3003, 3107, 3004, -1,
      3004, 3107, 3108, -1,
      3004, 3108, 3005, -1,
      3005, 3108, 3109, -1,
      3005, 3109, 3006, -1,
      3006, 3109, 3110, -1,
      3006, 3110, 3007, -1,
      3007, 3110, 3111, -1,
      3007, 3111, 3008, -1,
      3008, 3111, 3112, -1,
      3008, 3112, 3009, -1,
      3009, 3112, 3113, -1,
      3009, 3113, 3010, -1,
      3010, 3113, 3114, -1,
      3010, 3114, 3011, -1,
      3011, 3114, 3115, -1,
      3011, 3115, 3012, -1,
      3012, 3115, 3116, -1,
      3012, 3116, 3013, -1,
      3013, 3116, 3117, -1,
      3013, 3117, 3014, -1,
      3014, 3117, 3118, -1,
      3014, 3118, 3015, -1,
      3015, 3118, 3119, -1,
      3015, 3119, 3016, -1,
      3016, 3119, 3120, -1,
      3016, 3120, 3017, -1,
      3017, 3120, 3121, -1,
      3017, 3121, 3018, -1,
      3018, 3121, 3122, -1,
      3018, 3122, 3019, -1,
      3019, 3122, 3123, -1,
      3019, 3123, 3020, -1,
      3020, 3123, 3124, -1,
      3020, 3124, 3021, -1,
      3021, 3124, 3125, -1,
      3021, 3125, 3022, -1,
      3022, 3125, 3126, -1,
      3022, 3126, 3023, -1,
      3023, 3126, 3127, -1,
      3023, 3127, 3024, -1,
      3024, 3127, 3128, -1,
      3024, 3128, 3025, -1,
      3025, 3128, 3129, -1,
      3025, 3129, 3026, -1,
      3026, 3129, 3130, -1,
      3026, 3130, 3027, -1,
      3027, 3130, 3131, -1,
      3027, 3131, 3028, -1,
      3028, 3131, 3132, -1,
      3028, 3132, 3029, -1,
      3029, 3132, 3133, -1,
      3029, 3133, 3030, -1,
      3030, 3133, 3134, -1,
      3030, 3134, 3031, -1,
      3031, 3134, 3135, -1,
      3031, 3135, 3032, -1,
      3032, 3135, 3136, -1,
      3032, 3136, 3033, -1,
      3033, 3136, 3137, -1,
      3033, 3137, 3034, -1,
      3034, 3137, 3138, -1,
      3034, 3138, 3035, -1,
      3035, 3138, 3139, -1,
      3035, 3139, 3036, -1,
      3036, 3139, 3140, -1,
      3036, 3140, 3037, -1,
      3037, 3140, 3141, -1,
      3037, 3141, 3038, -1,
      3038, 3141, 3142, -1,
      3038, 3142, 3039, -1,
      3039, 3142, 3143, -1,
      3039, 3143, 3040, -1,
      3040, 3143, 3144, -1,
      3040, 3144, 3041, -1,
      3041, 3144, 3145, -1,
      3041, 3145, 3042, -1,
      3042, 3145, 3146, -1,
      3042, 3146, 3043, -1,
      3043, 3146, 3147, -1,
      3043, 3147, 3044, -1,
      3044, 3147, 3148, -1,
      3044, 3148, 3045, -1,
      3045, 3148, 3149, -1,
      3045, 3149, 3046, -1,
      3046, 3149, 3150, -1,
      3046, 3150, 3047, -1,
      3047, 3150, 3151, -1,
      3047, 3151, 3048, -1,
      3048, 3151, 3152, -1,
      3048, 3152, 3049, -1,
      3049, 3152, 3153, -1,
      3049, 3153, 3050, -1,
      3050, 3153, 3154, -1,
      3050, 3154, 3051, -1,
      3051, 3154, 3155, -1,
      3051, 3155, 3052, -1,
      3052, 3155, 3156, -1,
      3052, 3156, 3053, -1,
      3053, 3156, 3157, -1,
      3053, 3157, 3054, -1,
      3054, 3157, 3158, -1,
      3054, 3158, 3055, -1,
      3055, 3158, 3159, -1,
      3055, 3159, 3056, -1,
      3056, 3159, 3160, -1,
      3056, 3160, 3057, -1,
      3057, 3160, 3161, -1,
      3057, 3161, 3058, -1,
      3058, 3161, 3162, -1,
      3058, 3162, 3059, -1,
      3059, 3162, 3163, -1,
      3059, 3163, 3060, -1,
      3060, 3163, 3164, -1,
      3060, 3164, 3061, -1,
      3061, 3164, 3165, -1,
      3061, 3165, 3062, -1,
      3062, 3165, 3166, -1,
      3062, 3166, 3063, -1,
      3063, 3166, 3167, -1,
      3063, 3167, 3064, -1,
      3064, 3167, 3168, -1,
      3064, 3168, 3065, -1,
      3065, 3168, 3169, -1,
      3065, 3169, 3066, -1,
      3066, 3169, 3170, -1,
      3066, 3170, 3067, -1,
      3067, 3170, 3171, -1,
      3067, 3171, 3068, -1,
      3068, 3171, 3172, -1,
      3068, 3172, 3069, -1,
      3069, 3172, 3173, -1,
      3069, 3173, 3070, -1,
      3070, 3173, 3174, -1,
      3070, 3174, 3071, -1,
      3071, 3174, 3175, -1,
      3071, 3175, 3072, -1,
      3072, 3175, 3176, -1,
      3072, 3176, 3073, -1,
      3073, 3176, 3177, -1,
      3073, 3177, 3074, -1,
      145, 143, 199, -1,
      199, 143, 160, -1,
      199, 160, 3075, -1,
      3075, 160, 198, -1,
      3075, 198, 3076, -1,
      3076, 198, 3178, -1,
      3076, 3178, 3077, -1,
      3077, 3178, 3179, -1,
      3077, 3179, 3078, -1,
      3078, 3179, 3180, -1,
      3078, 3180, 3079, -1,
      3079, 3180, 3181, -1,
      3079, 3181, 3080, -1,
      3080, 3181, 3182, -1,
      3080, 3182, 3081, -1,
      3081, 3182, 3183, -1,
      3081, 3183, 3082, -1,
      3082, 3183, 3184, -1,
      3082, 3184, 3083, -1,
      3083, 3184, 3185, -1,
      3083, 3185, 3084, -1,
      3084, 3185, 3186, -1,
      3084, 3186, 3085, -1,
      3085, 3186, 3187, -1,
      3085, 3187, 3086, -1,
      3086, 3187, 3188, -1,
      3086, 3188, 3087, -1,
      3087, 3188, 3189, -1,
      3087, 3189, 3088, -1,
      3088, 3189, 3190, -1,
      3088, 3190, 3089, -1,
      3089, 3190, 3191, -1,
      3089, 3191, 3090, -1,
      3090, 3191, 3192, -1,
      3090, 3192, 3091, -1,
      3091, 3192, 3193, -1,
      3091, 3193, 3092, -1,
      3092, 3193, 3194, -1,
      3092, 3194, 3093, -1,
      3093, 3194, 3195, -1,
      3093, 3195, 3094, -1,
      3094, 3195, 3196, -1,
      3094, 3196, 3095, -1,
      3095, 3196, 3197, -1,
      3095, 3197, 3096, -1,
      3096, 3197, 3198, -1,
      3096, 3198, 3097, -1,
      3097, 3198, 3199, -1,
      3097, 3199, 3098, -1,
      3098, 3199, 3200, -1,
      3098, 3200, 3099, -1,
      3099, 3200, 3201, -1,
      3099, 3201, 3100, -1,
      3100, 3201, 3202, -1,
      3100, 3202, 3101, -1,
      3101, 3202, 3203, -1,
      3101, 3203, 3102, -1,
      3102, 3203, 3204, -1,
      3102, 3204, 3103, -1,
      3103, 3204, 3205, -1,
      3103, 3205, 3104, -1,
      3104, 3205, 3206, -1,
      3104, 3206, 3105, -1,
      3105, 3206, 3207, -1,
      3105, 3207, 3106, -1,
      3106, 3207, 3208, -1,
      3106, 3208, 3107, -1,
      3107, 3208, 3209, -1,
      3107, 3209, 3108, -1,
      3108, 3209, 3210, -1,
      3108, 3210, 3109, -1,
      3109, 3210, 3211, -1,
      3109, 3211, 3110, -1,
      3110, 3211, 3212, -1,
      3110, 3212, 3111, -1,
      3111, 3212, 3213, -1,
      3111, 3213, 3112, -1,
      3112, 3213, 3214, -1,
      3112, 3214, 3113, -1,
      3113, 3214, 3215, -1,
      3113, 3215, 3114, -1,
      3114, 3215, 3216, -1,
      3114, 3216, 3115, -1,
      3115, 3216, 3217, -1,
      3115, 3217, 3116, -1,
      3116, 3217, 3218, -1,
      3116, 3218, 3117, -1,
      3117, 3218, 3219, -1,
      3117, 3219, 3118, -1,
      3118, 3219, 3220, -1,
      3118, 3220, 3119, -1,
      3119, 3220, 3221, -1,
      3119, 3221, 3120, -1,
      3120, 3221, 3222, -1,
      3120, 3222, 3121, -1,
      3121, 3222, 3223, -1,
      3121, 3223, 3122, -1,
      3122, 3223, 3224, -1,
      3122, 3224, 3123, -1,
      3123, 3224, 3225, -1,
      3123, 3225, 3124, -1,
      3124, 3225, 3226, -1,
      3124, 3226, 3125, -1,
      3125, 3226, 3227, -1,
      3125, 3227, 3126, -1,
      3126, 3227, 3228, -1,
      3126, 3228, 3127, -1,
      3127, 3228, 3229, -1,
      3127, 3229, 3128, -1,
      3128, 3229, 3230, -1,
      3128, 3230, 3129, -1,
      3129, 3230, 3231, -1,
      3129, 3231, 3130, -1,
      3130, 3231, 3232, -1,
      3130, 3232, 3131, -1,
      3131, 3232, 3233, -1,
      3131, 3233, 3132, -1,
      3132, 3233, 3234, -1,
      3132, 3234, 3133, -1,
      3133, 3234, 3235, -1,
      3133, 3235, 3134, -1,
      3134, 3235, 3236, -1,
      3134, 3236, 3135, -1,
      3135, 3236, 3237, -1,
      3135, 3237, 3136, -1,
      3136, 3237, 3238, -1,
      3136, 3238, 3137, -1,
      3137, 3238, 3239, -1,
      3137, 3239, 3138, -1,
      3138, 3239, 3240, -1,
      3138, 3240, 3139, -1,
      3139, 3240, 3241, -1,
      3139, 3241, 3140, -1,
      3140, 3241, 3242, -1,
      3140, 3242, 3141, -1,
      3141, 3242, 3243, -1,
      3141, 3243, 3142, -1,
      3142, 3243, 3244, -1,
      3142, 3244, 3143, -1,
      3143, 3244, 3245, -1,
      3143, 3245, 3144, -1,
      3144, 3245, 3246, -1,
      3144, 3246, 3145, -1,
      3145, 3246, 3247, -1,
      3145, 3247, 3146, -1,
      3146, 3247, 3248, -1,
      3146, 3248, 3147, -1,
      3147, 3248, 3249, -1,
      3147, 3249, 3148, -1,
      3148, 3249, 3250, -1,
      3148, 3250, 3149, -1,
      3149, 3250, 3251, -1,
      3149, 3251, 3150, -1,
      3150, 3251, 3252, -1,
      3150, 3252, 3151, -1,
      3151, 3252, 3253, -1,
      3151, 3253, 3152, -1,
      3152, 3253, 3254, -1,
      3152, 3254, 3153, -1,
      3153, 3254, 3255, -1,
      3153, 3255, 3154, -1,
      3154, 3255, 3256, -1,
      3154, 3256, 3155, -1,
      3155, 3256, 3257, -1,
      3155, 3257, 3156, -1,
      3156, 3257, 3258, -1,
      3156, 3258, 3157, -1,
      3157, 3258, 3259, -1,
      3157, 3259, 3158, -1,
      3158, 3259, 3260, -1,
      3158, 3260, 3159, -1,
      3159, 3260, 3261, -1,
      3159, 3261, 3160, -1,
      3160, 3261, 3262, -1,
      3160, 3262, 3161, -1,
      3161, 3262, 3263, -1,
      3161, 3263, 3162, -1,
      3162, 3263, 3264, -1,
      3162, 3264, 3163, -1,
      3163, 3264, 3265, -1,
      3163, 3265, 3164, -1,
      3164, 3265, 3266, -1,
      3164, 3266, 3165, -1,
      3165, 3266, 3267, -1,
      3165, 3267, 3166, -1,
      3166, 3267, 3268, -1,
      3166, 3268, 3167, -1,
      3167, 3268, 3269, -1,
      3167, 3269, 3168, -1,
      3168, 3269, 3270, -1,
      3168, 3270, 3169, -1,
      3169, 3270, 3271, -1,
      3169, 3271, 3170, -1,
      3170, 3271, 3272, -1,
      3170, 3272, 3171, -1,
      3171, 3272, 3273, -1,
      3171, 3273, 3172, -1,
      3172, 3273, 3274, -1,
      3172, 3274, 3173, -1,
      3173, 3274, 3275, -1,
      3173, 3275, 3174, -1,
      3174, 3275, 3276, -1,
      3174, 3276, 3175, -1,
      3175, 3276, 3277, -1,
      3175, 3277, 3176, -1,
      3176, 3277, 3278, -1,
      3176, 3278, 3177, -1,
      50, 48, 196, -1,
      196, 48, 195, -1,
      196, 195, 3279, -1,
      3279, 195, 3280, -1,
      3279, 3280, 3281, -1,
      3281, 3280, 3282, -1,
      3281, 3282, 3283, -1,
      3283, 3282, 3284, -1,
      3283, 3284, 3285, -1,
      3285, 3284, 3286, -1,
      3285, 3286, 3287, -1,
      3287, 3286, 3288, -1,
      3287, 3288, 3289, -1,
      3289, 3288, 3290, -1,
      3289, 3290, 3291, -1,
      3291, 3290, 3292, -1,
      3291, 3292, 3293, -1,
      3293, 3292, 3294, -1,
      3293, 3294, 3295, -1,
      3295, 3294, 3296, -1,
      3295, 3296, 3297, -1,
      3297, 3296, 3298, -1,
      3297, 3298, 3299, -1,
      3299, 3298, 3300, -1,
      3299, 3300, 3301, -1,
      3301, 3300, 3302, -1,
      3301, 3302, 3303, -1,
      3303, 3302, 3304, -1,
      3303, 3304, 3305, -1,
      3305, 3304, 3306, -1,
      3305, 3306, 3307, -1,
      3307, 3306, 3308, -1,
      3307, 3308, 3309, -1,
      3309, 3308, 3310, -1,
      3309, 3310, 3311, -1,
      3311, 3310, 3312, -1,
      3311, 3312, 3313, -1,
      3313, 3312, 3314, -1,
      3313, 3314, 3315, -1,
      3315, 3314, 3316, -1,
      3315, 3316, 3317, -1,
      3317, 3316, 3318, -1,
      3317, 3318, 3319, -1,
      3319, 3318, 3320, -1,
      3319, 3320, 3321, -1,
      3321, 3320, 3322, -1,
      3321, 3322, 3323, -1,
      3323, 3322, 3324, -1,
      3323, 3324, 3325, -1,
      3325, 3324, 3326, -1,
      3325, 3326, 3327, -1,
      3327, 3326, 3328, -1,
      3327, 3328, 3329, -1,
      3329, 3328, 3330, -1,
      3329, 3330, 3331, -1,
      3331, 3330, 3332, -1,
      3331, 3332, 3333, -1,
      3333, 3332, 3334, -1,
      3333, 3334, 3335, -1,
      3335, 3334, 3336, -1,
      3335, 3336, 3337, -1,
      3337, 3336, 3338, -1,
      3337, 3338, 3339, -1,
      3339, 3338, 3340, -1,
      3339, 3340, 3341, -1,
      3341, 3340, 3342, -1,
      3341, 3342, 3343, -1,
      3343, 3342, 3344, -1,
      3343, 3344, 3345, -1,
      3345, 3344, 3346, -1,
      3345, 3346, 3347, -1,
      3347, 3346, 3348, -1,
      3347, 3348, 3349, -1,
      3349, 3348, 3350, -1,
      3349, 3350, 3351, -1,
      3351, 3350, 3352, -1,
      3351, 3352, 3353, -1,
      3353, 3352, 3354, -1,
      3353, 3354, 3355, -1,
      3355, 3354, 3356, -1,
      3355, 3356, 3357, -1,
      3357, 3356, 3358, -1,
      3357, 3358, 3359, -1,
      3359, 3358, 3360, -1,
      3359, 3360, 3361, -1,
      3361, 3360, 3362, -1,
      3361, 3362, 3363, -1,
      3363, 3362, 3364, -1,
      3363, 3364, 3365, -1,
      3365, 3364, 3366, -1,
      3365, 3366, 3367, -1,
      3367, 3366, 3368, -1,
      3367, 3368, 3369, -1,
      3369, 3368, 3370, -1,
      3369, 3370, 3371, -1,
      3371, 3370, 3372, -1,
      3371, 3372, 3373, -1,
      3373, 3372, 3374, -1,
      3373, 3374, 3375, -1,
      3375, 3374, 3376, -1,
      3375, 3376, 3377, -1,
      3377, 3376, 3378, -1,
      3377, 3378, 3379, -1,
      3379, 3378, 3380, -1,
      3379, 3380, 3381, -1,
      3381, 3380, 3382, -1,
      3381, 3382, 3383, -1,
      3383, 3382, 3384, -1,
      3383, 3384, 3385, -1,
      3385, 3384, 3386, -1,
      3385, 3386, 3387, -1,
      3387, 3386, 3388, -1,
      3387, 3388, 3389, -1,
      3389, 3388, 3390, -1,
      3389, 3390, 3391, -1,
      3391, 3390, 3392, -1,
      3391, 3392, 3393, -1,
      3393, 3392, 3394, -1,
      3393, 3394, 3395, -1,
      3395, 3394, 3396, -1,
      3395, 3396, 3397, -1,
      3397, 3396, 3398, -1,
      3397, 3398, 3399, -1,
      3399, 3398, 3400, -1,
      3399, 3400, 3401, -1,
      3401, 3400, 3402, -1,
      3401, 3402, 3403, -1,
      3403, 3402, 3404, -1,
      3403, 3404, 3405, -1,
      3405, 3404, 3406, -1,
      3405, 3406, 3407, -1,
      3407, 3406, 3408, -1,
      3407, 3408, 3409, -1,
      3409, 3408, 3410, -1,
      3409, 3410, 3411, -1,
      3411, 3410, 3412, -1,
      3411, 3412, 3413, -1,
      3413, 3412, 3414, -1,
      3413, 3414, 3415, -1,
      3415, 3414, 3416, -1,
      3415, 3416, 3417, -1,
      3417, 3416, 3418, -1,
      3417, 3418, 3419, -1,
      3419, 3418, 3420, -1,
      3419, 3420, 3421, -1,
      3421, 3420, 3422, -1,
      3421, 3422, 3423, -1,
      3423, 3422, 3424, -1,
      3423, 3424, 3425, -1,
      3425, 3424, 3426, -1,
      3425, 3426, 3427, -1,
      3427, 3426, 3428, -1,
      3427, 3428, 3429, -1,
      3429, 3428, 3430, -1,
      3429, 3430, 3431, -1,
      3431, 3430, 3432, -1,
      3431, 3432, 3433, -1,
      3433, 3432, 3434, -1,
      3433, 3434, 3435, -1,
      3435, 3434, 3436, -1,
      3435, 3436, 3437, -1,
      3437, 3436, 3438, -1,
      3437, 3439, 3435, -1,
      3435, 3439, 3440, -1,
      3435, 3440, 3433, -1,
      3433, 3440, 3441, -1,
      3433, 3441, 3431, -1,
      3431, 3441, 3442, -1,
      3431, 3442, 3429, -1,
      3429, 3442, 3443, -1,
      3429, 3443, 3427, -1,
      3427, 3443, 3444, -1,
      3427, 3444, 3425, -1,
      3425, 3444, 3445, -1,
      3425, 3445, 3423, -1,
      3423, 3445, 3446, -1,
      3423, 3446, 3421, -1,
      3421, 3446, 3447, -1,
      3421, 3447, 3419, -1,
      3419, 3447, 3448, -1,
      3419, 3448, 3417, -1,
      3417, 3448, 3449, -1,
      3417, 3449, 3415, -1,
      3415, 3449, 3450, -1,
      3415, 3450, 3413, -1,
      3413, 3450, 3451, -1,
      3413, 3451, 3411, -1,
      3411, 3451, 3452, -1,
      3411, 3452, 3409, -1,
      3409, 3452, 3453, -1,
      3409, 3453, 3407, -1,
      3407, 3453, 3454, -1,
      3407, 3454, 3405, -1,
      3405, 3454, 3455, -1,
      3405, 3455, 3403, -1,
      3403, 3455, 3456, -1,
      3403, 3456, 3401, -1,
      3401, 3456, 3457, -1,
      3401, 3457, 3399, -1,
      3399, 3457, 3458, -1,
      3399, 3458, 3397, -1,
      3397, 3458, 3459, -1,
      3397, 3459, 3395, -1,
      3395, 3459, 3460, -1,
      3395, 3460, 3393, -1,
      3393, 3460, 3461, -1,
      3393, 3461, 3391, -1,
      3391, 3461, 3462, -1,
      3391, 3462, 3389, -1,
      3389, 3462, 3463, -1,
      3389, 3463, 3387, -1,
      3387, 3463, 3464, -1,
      3387, 3464, 3385, -1,
      3385, 3464, 3465, -1,
      3385, 3465, 3383, -1,
      3383, 3465, 3466, -1,
      3383, 3466, 3381, -1,
      3381, 3466, 3467, -1,
      3381, 3467, 3379, -1,
      3379, 3467, 3468, -1,
      3379, 3468, 3377, -1,
      3377, 3468, 3469, -1,
      3377, 3469, 3375, -1,
      3375, 3469, 3470, -1,
      3375, 3470, 3373, -1,
      3373, 3470, 3471, -1,
      3373, 3471, 3371, -1,
      3371, 3471, 3472, -1,
      3371, 3472, 3369, -1,
      3369, 3472, 3473, -1,
      3369, 3473, 3367, -1,
      3367, 3473, 3474, -1,
      3367, 3474, 3365, -1,
      3365, 3474, 3475, -1,
      3365, 3475, 3363, -1,
      3363, 3475, 3476, -1,
      3363, 3476, 3361, -1,
      3361, 3476, 3477, -1,
      3361, 3477, 3359, -1,
      3359, 3477, 3478, -1,
      3359, 3478, 3357, -1,
      3357, 3478, 3479, -1,
      3357, 3479, 3355, -1,
      3355, 3479, 3480, -1,
      3355, 3480, 3353, -1,
      3353, 3480, 3481, -1,
      3353, 3481, 3351, -1,
      3351, 3481, 3482, -1,
      3351, 3482, 3349, -1,
      3349, 3482, 3483, -1,
      3349, 3483, 3347, -1,
      3347, 3483, 3484, -1,
      3347, 3484, 3345, -1,
      3345, 3484, 3485, -1,
      3345, 3485, 3343, -1,
      3343, 3485, 3486, -1,
      3343, 3486, 3341, -1,
      3341, 3486, 3487, -1,
      3341, 3487, 3339, -1,
      3339, 3487, 3488, -1,
      3339, 3488, 3337, -1,
      3337, 3488, 3489, -1,
      3337, 3489, 3335, -1,
      3335, 3489, 3490, -1,
      3335, 3490, 3333, -1,
      3333, 3490, 3491, -1,
      3333, 3491, 3331, -1,
      3331, 3491, 3492, -1,
      3331, 3492, 3329, -1,
      3329, 3492, 3493, -1,
      3329, 3493, 3327, -1,
      3327, 3493, 3494, -1,
      3327, 3494, 3325, -1,
      3325, 3494, 3495, -1,
      3325, 3495, 3323, -1,
      3323, 3495, 3496, -1,
      3323, 3496, 3321, -1,
      3321, 3496, 3497, -1,
      3321, 3497, 3319, -1,
      3319, 3497, 3498, -1,
      3319, 3498, 3317, -1,
      3317, 3498, 3499, -1,
      3317, 3499, 3315, -1,
      3315, 3499, 3500, -1,
      3315, 3500, 3313, -1,
      3313, 3500, 3501, -1,
      3313, 3501, 3311, -1,
      3311, 3501, 3502, -1,
      3311, 3502, 3309, -1,
      3309, 3502, 3503, -1,
      3309, 3503, 3307, -1,
      3307, 3503, 3504, -1,
      3307, 3504, 3305, -1,
      3305, 3504, 3505, -1,
      3305, 3505, 3303, -1,
      3303, 3505, 3506, -1,
      3303, 3506, 3301, -1,
      3301, 3506, 3507, -1,
      3301, 3507, 3299, -1,
      3299, 3507, 3508, -1,
      3299, 3508, 3297, -1,
      3297, 3508, 3509, -1,
      3297, 3509, 3295, -1,
      3295, 3509, 3510, -1,
      3295, 3510, 3293, -1,
      3293, 3510, 3511, -1,
      3293, 3511, 3291, -1,
      3291, 3511, 3512, -1,
      3291, 3512, 3289, -1,
      3289, 3512, 3513, -1,
      3289, 3513, 3287, -1,
      3287, 3513, 3514, -1,
      3287, 3514, 3285, -1,
      3285, 3514, 3515, -1,
      3285, 3515, 3283, -1,
      3283, 3515, 3516, -1,
      3283, 3516, 3281, -1,
      3281, 3516, 3517, -1,
      3281, 3517, 3279, -1,
      3279, 3517, 197, -1,
      3279, 197, 196, -1,
      196, 197, 41, -1,
      196, 41, 51, -1,
      3439, 3518, 3440, -1,
      3440, 3518, 3519, -1,
      3440, 3519, 3441, -1,
      3441, 3519, 3520, -1,
      3441, 3520, 3442, -1,
      3442, 3520, 3521, -1,
      3442, 3521, 3443, -1,
      3443, 3521, 3522, -1,
      3443, 3522, 3444, -1,
      3444, 3522, 3523, -1,
      3444, 3523, 3445, -1,
      3445, 3523, 3524, -1,
      3445, 3524, 3446, -1,
      3446, 3524, 3525, -1,
      3446, 3525, 3447, -1,
      3447, 3525, 3526, -1,
      3447, 3526, 3448, -1,
      3448, 3526, 3527, -1,
      3448, 3527, 3449, -1,
      3449, 3527, 3528, -1,
      3449, 3528, 3450, -1,
      3450, 3528, 3529, -1,
      3450, 3529, 3451, -1,
      3451, 3529, 3530, -1,
      3451, 3530, 3452, -1,
      3452, 3530, 3531, -1,
      3452, 3531, 3453, -1,
      3453, 3531, 3532, -1,
      3453, 3532, 3454, -1,
      3454, 3532, 3533, -1,
      3454, 3533, 3455, -1,
      3455, 3533, 3534, -1,
      3455, 3534, 3456, -1,
      3456, 3534, 3535, -1,
      3456, 3535, 3457, -1,
      3457, 3535, 3536, -1,
      3457, 3536, 3458, -1,
      3458, 3536, 3537, -1,
      3458, 3537, 3459, -1,
      3459, 3537, 3538, -1,
      3459, 3538, 3460, -1,
      3460, 3538, 3539, -1,
      3460, 3539, 3461, -1,
      3461, 3539, 3540, -1,
      3461, 3540, 3462, -1,
      3462, 3540, 3541, -1,
      3462, 3541, 3463, -1,
      3463, 3541, 3542, -1,
      3463, 3542, 3464, -1,
      3464, 3542, 3543, -1,
      3464, 3543, 3465, -1,
      3465, 3543, 3544, -1,
      3465, 3544, 3466, -1,
      3466, 3544, 3545, -1,
      3466, 3545, 3467, -1,
      3467, 3545, 3546, -1,
      3467, 3546, 3468, -1,
      3468, 3546, 3547, -1,
      3468, 3547, 3469, -1,
      3469, 3547, 3548, -1,
      3469, 3548, 3470, -1,
      3470, 3548, 3549, -1,
      3470, 3549, 3471, -1,
      3471, 3549, 3550, -1,
      3471, 3550, 3472, -1,
      3472, 3550, 3551, -1,
      3472, 3551, 3473, -1,
      3473, 3551, 3552, -1,
      3473, 3552, 3474, -1,
      3474, 3552, 3553, -1,
      3474, 3553, 3475, -1,
      3475, 3553, 3554, -1,
      3475, 3554, 3476, -1,
      3476, 3554, 3555, -1,
      3476, 3555, 3477, -1,
      3477, 3555, 3556, -1,
      3477, 3556, 3478, -1,
      3478, 3556, 3557, -1,
      3478, 3557, 3479, -1,
      3479, 3557, 3558, -1,
      3479, 3558, 3480, -1,
      3480, 3558, 3559, -1,
      3480, 3559, 3481, -1,
      3481, 3559, 3560, -1,
      3481, 3560, 3482, -1,
      3482, 3560, 3561, -1,
      3482, 3561, 3483, -1,
      3483, 3561, 3562, -1,
      3483, 3562, 3484, -1,
      3484, 3562, 3563, -1,
      3484, 3563, 3485, -1,
      3485, 3563, 3564, -1,
      3485, 3564, 3486, -1,
      3486, 3564, 3565, -1,
      3486, 3565, 3487, -1,
      3487, 3565, 3566, -1,
      3487, 3566, 3488, -1,
      3488, 3566, 3567, -1,
      3488, 3567, 3489, -1,
      3489, 3567, 3568, -1,
      3489, 3568, 3490, -1,
      3490, 3568, 3569, -1,
      3490, 3569, 3491, -1,
      3491, 3569, 3570, -1,
      3491, 3570, 3492, -1,
      3492, 3570, 3571, -1,
      3492, 3571, 3493, -1,
      3493, 3571, 3572, -1,
      3493, 3572, 3494, -1,
      3494, 3572, 3573, -1,
      3494, 3573, 3495, -1,
      3495, 3573, 3574, -1,
      3495, 3574, 3496, -1,
      3496, 3574, 3575, -1,
      3496, 3575, 3497, -1,
      3497, 3575, 3576, -1,
      3497, 3576, 3498, -1,
      3498, 3576, 3577, -1,
      3498, 3577, 3499, -1,
      3499, 3577, 3578, -1,
      3499, 3578, 3500, -1,
      3500, 3578, 3579, -1,
      3500, 3579, 3501, -1,
      3501, 3579, 3580, -1,
      3501, 3580, 3502, -1,
      3502, 3580, 3581, -1,
      3502, 3581, 3503, -1,
      3503, 3581, 3582, -1,
      3503, 3582, 3504, -1,
      3504, 3582, 3583, -1,
      3504, 3583, 3505, -1,
      3505, 3583, 3584, -1,
      3505, 3584, 3506, -1,
      3506, 3584, 3585, -1,
      3506, 3585, 3507, -1,
      3507, 3585, 3586, -1,
      3507, 3586, 3508, -1,
      3508, 3586, 3587, -1,
      3508, 3587, 3509, -1,
      3509, 3587, 3588, -1,
      3509, 3588, 3510, -1,
      3510, 3588, 3589, -1,
      3510, 3589, 3511, -1,
      3511, 3589, 3590, -1,
      3511, 3590, 3512, -1,
      3512, 3590, 3591, -1,
      3512, 3591, 3513, -1,
      3513, 3591, 3592, -1,
      3513, 3592, 3514, -1,
      3514, 3592, 3593, -1,
      3514, 3593, 3515, -1,
      3515, 3593, 3594, -1,
      3515, 3594, 3516, -1,
      3516, 3594, 3595, -1,
      3516, 3595, 3517, -1,
      3517, 3595, 3596, -1,
      3517, 3596, 197, -1,
      197, 3596, 162, -1,
      197, 162, 0, -1,
      3518, 3597, 3519, -1,
      3519, 3597, 3598, -1,
      3519, 3598, 3520, -1,
      3520, 3598, 3599, -1,
      3520, 3599, 3521, -1,
      3521, 3599, 3600, -1,
      3521, 3600, 3522, -1,
      3522, 3600, 3601, -1,
      3522, 3601, 3523, -1,
      3523, 3601, 3602, -1,
      3523, 3602, 3524, -1,
      3524, 3602, 3603, -1,
      3524, 3603, 3525, -1,
      3525, 3603, 3604, -1,
      3525, 3604, 3526, -1,
      3526, 3604, 3605, -1,
      3526, 3605, 3527, -1,
      3527, 3605, 3606, -1,
      3527, 3606, 3528, -1,
      3528, 3606, 3607, -1,
      3528, 3607, 3529, -1,
      3529, 3607, 3608, -1,
      3529, 3608, 3530, -1,
      3530, 3608, 3609, -1,
      3530, 3609, 3531, -1,
      3531, 3609, 3610, -1,
      3531, 3610, 3532, -1,
      3532, 3610, 3611, -1,
      3532, 3611, 3533, -1,
      3533, 3611, 3612, -1,
      3533, 3612, 3534, -1,
      3534, 3612, 3613, -1,
      3534, 3613, 3535, -1,
      3535, 3613, 3614, -1,
      3535, 3614, 3536, -1,
      3536, 3614, 3615, -1,
      3536, 3615, 3537, -1,
      3537, 3615, 3616, -1,
      3537, 3616, 3538, -1,
      3538, 3616, 3617, -1,
      3538, 3617, 3539, -1,
      3539, 3617, 3618, -1,
      3539, 3618, 3540, -1,
      3540, 3618, 3619, -1,
      3540, 3619, 3541, -1,
      3541, 3619, 3620, -1,
      3541, 3620, 3542, -1,
      3542, 3620, 3621, -1,
      3542, 3621, 3543, -1,
      3543, 3621, 3622, -1,
      3543, 3622, 3544, -1,
      3544, 3622, 3623, -1,
      3544, 3623, 3545, -1,
      3545, 3623, 3624, -1,
      3545, 3624, 3546, -1,
      3546, 3624, 3625, -1,
      3546, 3625, 3547, -1,
      3547, 3625, 3626, -1,
      3547, 3626, 3548, -1,
      3548, 3626, 3627, -1,
      3548, 3627, 3549, -1,
      3549, 3627, 3628, -1,
      3549, 3628, 3550, -1,
      3550, 3628, 3629, -1,
      3550, 3629, 3551, -1,
      3551, 3629, 3630, -1,
      3551, 3630, 3552, -1,
      3552, 3630, 3631, -1,
      3552, 3631, 3553, -1,
      3553, 3631, 3632, -1,
      3553, 3632, 3554, -1,
      3554, 3632, 3633, -1,
      3554, 3633, 3555, -1,
      3555, 3633, 3634, -1,
      3555, 3634, 3556, -1,
      3556, 3634, 3635, -1,
      3556, 3635, 3557, -1,
      3557, 3635, 3636, -1,
      3557, 3636, 3558, -1,
      3558, 3636, 3637, -1,
      3558, 3637, 3559, -1,
      3559, 3637, 3638, -1,
      3559, 3638, 3560, -1,
      3560, 3638, 3639, -1,
      3560, 3639, 3561, -1,
      3561, 3639, 3640, -1,
      3561, 3640, 3562, -1,
      3562, 3640, 3641, -1,
      3562, 3641, 3563, -1,
      3563, 3641, 3642, -1,
      3563, 3642, 3564, -1,
      3564, 3642, 3643, -1,
      3564, 3643, 3565, -1,
      3565, 3643, 3644, -1,
      3565, 3644, 3566, -1,
      3566, 3644, 3645, -1,
      3566, 3645, 3567, -1,
      3567, 3645, 3646, -1,
      3567, 3646, 3568, -1,
      3568, 3646, 3647, -1,
      3568, 3647, 3569, -1,
      3569, 3647, 3648, -1,
      3569, 3648, 3570, -1,
      3570, 3648, 3649, -1,
      3570, 3649, 3571, -1,
      3571, 3649, 3650, -1,
      3571, 3650, 3572, -1,
      3572, 3650, 3651, -1,
      3572, 3651, 3573, -1,
      3573, 3651, 3652, -1,
      3573, 3652, 3574, -1,
      3574, 3652, 3653, -1,
      3574, 3653, 3575, -1,
      3575, 3653, 3654, -1,
      3575, 3654, 3576, -1,
      3576, 3654, 3655, -1,
      3576, 3655, 3577, -1,
      3577, 3655, 3656, -1,
      3577, 3656, 3578, -1,
      3578, 3656, 3657, -1,
      3578, 3657, 3579, -1,
      3579, 3657, 3658, -1,
      3579, 3658, 3580, -1,
      3580, 3658, 3659, -1,
      3580, 3659, 3581, -1,
      3581, 3659, 3660, -1,
      3581, 3660, 3582, -1,
      3582, 3660, 3661, -1,
      3582, 3661, 3583, -1,
      3583, 3661, 3662, -1,
      3583, 3662, 3584, -1,
      3584, 3662, 3663, -1,
      3584, 3663, 3585, -1,
      3585, 3663, 3664, -1,
      3585, 3664, 3586, -1,
      3586, 3664, 3665, -1,
      3586, 3665, 3587, -1,
      3587, 3665, 3666, -1,
      3587, 3666, 3588, -1,
      3588, 3666, 3667, -1,
      3588, 3667, 3589, -1,
      3589, 3667, 3668, -1,
      3589, 3668, 3590, -1,
      3590, 3668, 3669, -1,
      3590, 3669, 3591, -1,
      3591, 3669, 3670, -1,
      3591, 3670, 3592, -1,
      3592, 3670, 3671, -1,
      3592, 3671, 3593, -1,
      3593, 3671, 3672, -1,
      3593, 3672, 3594, -1,
      3594, 3672, 3673, -1,
      3594, 3673, 3595, -1,
      3595, 3673, 3674, -1,
      3595, 3674, 3596, -1,
      3596, 3674, 164, -1,
      3596, 164, 162, -1,
      3597, 3675, 3598, -1,
      3598, 3675, 3676, -1,
      3598, 3676, 3599, -1,
      3599, 3676, 3677, -1,
      3599, 3677, 3600, -1,
      3600, 3677, 3678, -1,
      3600, 3678, 3601, -1,
      3601, 3678, 3679, -1,
      3601, 3679, 3602, -1,
      3602, 3679, 3680, -1,
      3602, 3680, 3603, -1,
      3603, 3680, 3681, -1,
      3603, 3681, 3604, -1,
      3604, 3681, 3682, -1,
      3604, 3682, 3605, -1,
      3605, 3682, 3683, -1,
      3605, 3683, 3606, -1,
      3606, 3683, 3684, -1,
      3606, 3684, 3607, -1,
      3607, 3684, 3685, -1,
      3607, 3685, 3608, -1,
      3608, 3685, 3686, -1,
      3608, 3686, 3609, -1,
      3609, 3686, 3687, -1,
      3609, 3687, 3610, -1,
      3610, 3687, 3688, -1,
      3610, 3688, 3611, -1,
      3611, 3688, 3689, -1,
      3611, 3689, 3612, -1,
      3612, 3689, 3690, -1,
      3612, 3690, 3613, -1,
      3613, 3690, 3691, -1,
      3613, 3691, 3614, -1,
      3614, 3691, 3692, -1,
      3614, 3692, 3615, -1,
      3615, 3692, 3693, -1,
      3615, 3693, 3616, -1,
      3616, 3693, 3694, -1,
      3616, 3694, 3617, -1,
      3617, 3694, 3695, -1,
      3617, 3695, 3618, -1,
      3618, 3695, 3696, -1,
      3618, 3696, 3619, -1,
      3619, 3696, 3697, -1,
      3619, 3697, 3620, -1,
      3620, 3697, 3698, -1,
      3620, 3698, 3621, -1,
      3621, 3698, 3699, -1,
      3621, 3699, 3622, -1,
      3622, 3699, 3700, -1,
      3622, 3700, 3623, -1,
      3623, 3700, 3701, -1,
      3623, 3701, 3624, -1,
      3624, 3701, 3702, -1,
      3624, 3702, 3625, -1,
      3625, 3702, 3703, -1,
      3625, 3703, 3626, -1,
      3626, 3703, 3704, -1,
      3626, 3704, 3627, -1,
      3627, 3704, 3705, -1,
      3627, 3705, 3628, -1,
      3628, 3705, 3706, -1,
      3628, 3706, 3629, -1,
      3629, 3706, 3707, -1,
      3629, 3707, 3630, -1,
      3630, 3707, 3708, -1,
      3630, 3708, 3631, -1,
      3631, 3708, 3709, -1,
      3631, 3709, 3632, -1,
      3632, 3709, 3710, -1,
      3632, 3710, 3633, -1,
      3633, 3710, 3711, -1,
      3633, 3711, 3634, -1,
      3634, 3711, 3712, -1,
      3634, 3712, 3635, -1,
      3635, 3712, 3713, -1,
      3635, 3713, 3636, -1,
      3636, 3713, 3714, -1,
      3636, 3714, 3637, -1,
      3637, 3714, 3715, -1,
      3637, 3715, 3638, -1,
      3638, 3715, 3716, -1,
      3638, 3716, 3639, -1,
      3639, 3716, 3717, -1,
      3639, 3717, 3640, -1,
      3640, 3717, 3718, -1,
      3640, 3718, 3641, -1,
      3641, 3718, 3719, -1,
      3641, 3719, 3642, -1,
      3642, 3719, 3720, -1,
      3642, 3720, 3643, -1,
      3643, 3720, 3721, -1,
      3643, 3721, 3644, -1,
      3644, 3721, 3722, -1,
      3644, 3722, 3645, -1,
      3645, 3722, 3723, -1,
      3645, 3723, 3646, -1,
      3646, 3723, 3724, -1,
      3646, 3724, 3647, -1,
      3647, 3724, 3725, -1,
      3647, 3725, 3648, -1,
      3648, 3725, 3726, -1,
      3648, 3726, 3649, -1,
      3649, 3726, 3727, -1,
      3649, 3727, 3650, -1,
      3650, 3727, 3728, -1,
      3650, 3728, 3651, -1,
      3651, 3728, 3729, -1,
      3651, 3729, 3652, -1,
      3652, 3729, 3730, -1,
      3652, 3730, 3653, -1,
      3653, 3730, 3731, -1,
      3653, 3731, 3654, -1,
      3654, 3731, 3732, -1,
      3654, 3732, 3655, -1,
      3655, 3732, 3733, -1,
      3655, 3733, 3656, -1,
      3656, 3733, 3734, -1,
      3656, 3734, 3657, -1,
      3657, 3734, 3735, -1,
      3657, 3735, 3658, -1,
      3658, 3735, 3736, -1,
      3658, 3736, 3659, -1,
      3659, 3736, 3737, -1,
      3659, 3737, 3660, -1,
      3660, 3737, 3738, -1,
      3660, 3738, 3661, -1,
      3661, 3738, 3739, -1,
      3661, 3739, 3662, -1,
      3662, 3739, 3740, -1,
      3662, 3740, 3663, -1,
      3663, 3740, 3741, -1,
      3663, 3741, 3664, -1,
      3664, 3741, 3742, -1,
      3664, 3742, 3665, -1,
      3665, 3742, 3743, -1,
      3665, 3743, 3666, -1,
      3666, 3743, 3744, -1,
      3666, 3744, 3667, -1,
      3667, 3744, 3745, -1,
      3667, 3745, 3668, -1,
      3668, 3745, 3746, -1,
      3668, 3746, 3669, -1,
      3669, 3746, 3747, -1,
      3669, 3747, 3670, -1,
      3670, 3747, 3748, -1,
      3670, 3748, 3671, -1,
      3671, 3748, 3749, -1,
      3671, 3749, 3672, -1,
      3672, 3749, 3750, -1,
      3672, 3750, 3673, -1,
      3673, 3750, 3751, -1,
      3673, 3751, 3674, -1,
      3674, 3751, 173, -1,
      3674, 173, 164, -1,
      3675, 3752, 3676, -1,
      3676, 3752, 3753, -1,
      3676, 3753, 3677, -1,
      3677, 3753, 3754, -1,
      3677, 3754, 3678, -1,
      3678, 3754, 3755, -1,
      3678, 3755, 3679, -1,
      3679, 3755, 3756, -1,
      3679, 3756, 3680, -1,
      3680, 3756, 3757, -1,
      3680, 3757, 3681, -1,
      3681, 3757, 3758, -1,
      3681, 3758, 3682, -1,
      3682, 3758, 3759, -1,
      3682, 3759, 3683, -1,
      3683, 3759, 3760, -1,
      3683, 3760, 3684, -1,
      3684, 3760, 3761, -1,
      3684, 3761, 3685, -1,
      3685, 3761, 3762, -1,
      3685, 3762, 3686, -1,
      3686, 3762, 3763, -1,
      3686, 3763, 3687, -1,
      3687, 3763, 3764, -1,
      3687, 3764, 3688, -1,
      3688, 3764, 3765, -1,
      3688, 3765, 3689, -1,
      3689, 3765, 3766, -1,
      3689, 3766, 3690, -1,
      3690, 3766, 3767, -1,
      3690, 3767, 3691, -1,
      3691, 3767, 3768, -1,
      3691, 3768, 3692, -1,
      3692, 3768, 3769, -1,
      3692, 3769, 3693, -1,
      3693, 3769, 3770, -1,
      3693, 3770, 3694, -1,
      3694, 3770, 3771, -1,
      3694, 3771, 3695, -1,
      3695, 3771, 3772, -1,
      3695, 3772, 3696, -1,
      3696, 3772, 3773, -1,
      3696, 3773, 3697, -1,
      3697, 3773, 3774, -1,
      3697, 3774, 3698, -1,
      3698, 3774, 3775, -1,
      3698, 3775, 3699, -1,
      3699, 3775, 3776, -1,
      3699, 3776, 3700, -1,
      3700, 3776, 3777, -1,
      3700, 3777, 3701, -1,
      3701, 3777, 3778, -1,
      3701, 3778, 3702, -1,
      3702, 3778, 3779, -1,
      3702, 3779, 3703, -1,
      3703, 3779, 3780, -1,
      3703, 3780, 3704, -1,
      3704, 3780, 3781, -1,
      3704, 3781, 3705, -1,
      3705, 3781, 3782, -1,
      3705, 3782, 3706, -1,
      3706, 3782, 3783, -1,
      3706, 3783, 3707, -1,
      3707, 3783, 3784, -1,
      3707, 3784, 3708, -1,
      3708, 3784, 3785, -1,
      3708, 3785, 3709, -1,
      3709, 3785, 3786, -1,
      3709, 3786, 3710, -1,
      3710, 3786, 3787, -1,
      3710, 3787, 3711, -1,
      3711, 3787, 3788, -1,
      3711, 3788, 3712, -1,
      3712, 3788, 3789, -1,
      3712, 3789, 3713, -1,
      3713, 3789, 3790, -1,
      3713, 3790, 3714, -1,
      3714, 3790, 3791, -1,
      3714, 3791, 3715, -1,
      3715, 3791, 3792, -1,
      3715, 3792, 3716, -1,
      3716, 3792, 3793, -1,
      3716, 3793, 3717, -1,
      3717, 3793, 3794, -1,
      3717, 3794, 3718, -1,
      3718, 3794, 3795, -1,
      3718, 3795, 3719, -1,
      3719, 3795, 3796, -1,
      3719, 3796, 3720, -1,
      3720, 3796, 3797, -1,
      3720, 3797, 3721, -1,
      3721, 3797, 3798, -1,
      3721, 3798, 3722, -1,
      3722, 3798, 3799, -1,
      3722, 3799, 3723, -1,
      3723, 3799, 3800, -1,
      3723, 3800, 3724, -1,
      3724, 3800, 3801, -1,
      3724, 3801, 3725, -1,
      3725, 3801, 3802, -1,
      3725, 3802, 3726, -1,
      3726, 3802, 3803, -1,
      3726, 3803, 3727, -1,
      3727, 3803, 3804, -1,
      3727, 3804, 3728, -1,
      3728, 3804, 3805, -1,
      3728, 3805, 3729, -1,
      3729, 3805, 3806, -1,
      3729, 3806, 3730, -1,
      3730, 3806, 3807, -1,
      3730, 3807, 3731, -1,
      3731, 3807, 3808, -1,
      3731, 3808, 3732, -1,
      3732, 3808, 3809, -1,
      3732, 3809, 3733, -1,
      3733, 3809, 3810, -1,
      3733, 3810, 3734, -1,
      3734, 3810, 3811, -1,
      3734, 3811, 3735, -1,
      3735, 3811, 3812, -1,
      3735, 3812, 3736, -1,
      3736, 3812, 3813, -1,
      3736, 3813, 3737, -1,
      3737, 3813, 3814, -1,
      3737, 3814, 3738, -1,
      3738, 3814, 3815, -1,
      3738, 3815, 3739, -1,
      3739, 3815, 3816, -1,
      3739, 3816, 3740, -1,
      3740, 3816, 3817, -1,
      3740, 3817, 3741, -1,
      3741, 3817, 3818, -1,
      3741, 3818, 3742, -1,
      3742, 3818, 3819, -1,
      3742, 3819, 3743, -1,
      3743, 3819, 3820, -1,
      3743, 3820, 3744, -1,
      3744, 3820, 3821, -1,
      3744, 3821, 3745, -1,
      3745, 3821, 3822, -1,
      3745, 3822, 3746, -1,
      3746, 3822, 3823, -1,
      3746, 3823, 3747, -1,
      3747, 3823, 3824, -1,
      3747, 3824, 3748, -1,
      3748, 3824, 3825, -1,
      3748, 3825, 3749, -1,
      3749, 3825, 3826, -1,
      3749, 3826, 3750, -1,
      3750, 3826, 3827, -1,
      3750, 3827, 3751, -1,
      3751, 3827, 174, -1,
      3751, 174, 173, -1,
      3752, 3828, 3753, -1,
      3753, 3828, 3829, -1,
      3753, 3829, 3754, -1,
      3754, 3829, 3830, -1,
      3754, 3830, 3755, -1,
      3755, 3830, 3831, -1,
      3755, 3831, 3756, -1,
      3756, 3831, 3832, -1,
      3756, 3832, 3757, -1,
      3757, 3832, 3833, -1,
      3757, 3833, 3758, -1,
      3758, 3833, 3834, -1,
      3758, 3834, 3759, -1,
      3759, 3834, 3835, -1,
      3759, 3835, 3760, -1,
      3760, 3835, 3836, -1,
      3760, 3836, 3761, -1,
      3761, 3836, 3837, -1,
      3761, 3837, 3762, -1,
      3762, 3837, 3838, -1,
      3762, 3838, 3763, -1,
      3763, 3838, 3839, -1,
      3763, 3839, 3764, -1,
      3764, 3839, 3840, -1,
      3764, 3840, 3765, -1,
      3765, 3840, 3841, -1,
      3765, 3841, 3766, -1,
      3766, 3841, 3842, -1,
      3766, 3842, 3767, -1,
      3767, 3842, 3843, -1,
      3767, 3843, 3768, -1,
      3768, 3843, 3844, -1,
      3768, 3844, 3769, -1,
      3769, 3844, 3845, -1,
      3769, 3845, 3770, -1,
      3770, 3845, 3846, -1,
      3770, 3846, 3771, -1,
      3771, 3846, 3847, -1,
      3771, 3847, 3772, -1,
      3772, 3847, 3848, -1,
      3772, 3848, 3773, -1,
      3773, 3848, 3849, -1,
      3773, 3849, 3774, -1,
      3774, 3849, 3850, -1,
      3774, 3850, 3775, -1,
      3775, 3850, 3851, -1,
      3775, 3851, 3776, -1,
      3776, 3851, 3852, -1,
      3776, 3852, 3777, -1,
      3777, 3852, 3853, -1,
      3777, 3853, 3778, -1,
      3778, 3853, 3854, -1,
      3778, 3854, 3779, -1,
      3779, 3854, 3855, -1,
      3779, 3855, 3780, -1,
      3780, 3855, 3856, -1,
      3780, 3856, 3781, -1,
      3781, 3856, 3857, -1,
      3781, 3857, 3782, -1,
      3782, 3857, 3858, -1,
      3782, 3858, 3783, -1,
      3783, 3858, 3859, -1,
      3783, 3859, 3784, -1,
      3784, 3859, 3860, -1,
      3784, 3860, 3785, -1,
      3785, 3860, 3861, -1,
      3785, 3861, 3786, -1,
      3786, 3861, 3862, -1,
      3786, 3862, 3787, -1,
      3787, 3862, 3863, -1,
      3787, 3863, 3788, -1,
      3788, 3863, 3864, -1,
      3788, 3864, 3789, -1,
      3789, 3864, 3865, -1,
      3789, 3865, 3790, -1,
      3790, 3865, 3866, -1,
      3790, 3866, 3791, -1,
      3791, 3866, 3867, -1,
      3791, 3867, 3792, -1,
      3792, 3867, 3868, -1,
      3792, 3868, 3793, -1,
      3793, 3868, 3869, -1,
      3793, 3869, 3794, -1,
      3794, 3869, 3870, -1,
      3794, 3870, 3795, -1,
      3795, 3870, 3871, -1,
      3795, 3871, 3796, -1,
      3796, 3871, 3872, -1,
      3796, 3872, 3797, -1,
      3797, 3872, 3873, -1,
      3797, 3873, 3798, -1,
      3798, 3873, 3874, -1,
      3798, 3874, 3799, -1,
      3799, 3874, 3875, -1,
      3799, 3875, 3800, -1,
      3800, 3875, 3876, -1,
      3800, 3876, 3801, -1,
      3801, 3876, 3877, -1,
      3801, 3877, 3802, -1,
      3802, 3877, 3878, -1,
      3802, 3878, 3803, -1,
      3803, 3878, 3879, -1,
      3803, 3879, 3804, -1,
      3804, 3879, 3880, -1,
      3804, 3880, 3805, -1,
      3805, 3880, 3881, -1,
      3805, 3881, 3806, -1,
      3806, 3881, 3882, -1,
      3806, 3882, 3807, -1,
      3807, 3882, 3883, -1,
      3807, 3883, 3808, -1,
      3808, 3883, 3884, -1,
      3808, 3884, 3809, -1,
      3809, 3884, 3885, -1,
      3809, 3885, 3810, -1,
      3810, 3885, 3886, -1,
      3810, 3886, 3811, -1,
      3811, 3886, 3887, -1,
      3811, 3887, 3812, -1,
      3812, 3887, 3888, -1,
      3812, 3888, 3813, -1,
      3813, 3888, 3889, -1,
      3813, 3889, 3814, -1,
      3814, 3889, 3890, -1,
      3814, 3890, 3815, -1,
      3815, 3890, 3891, -1,
      3815, 3891, 3816, -1,
      3816, 3891, 3892, -1,
      3816, 3892, 3817, -1,
      3817, 3892, 3893, -1,
      3817, 3893, 3818, -1,
      3818, 3893, 3894, -1,
      3818, 3894, 3819, -1,
      3819, 3894, 3895, -1,
      3819, 3895, 3820, -1,
      3820, 3895, 3896, -1,
      3820, 3896, 3821, -1,
      3821, 3896, 3897, -1,
      3821, 3897, 3822, -1,
      3822, 3897, 3898, -1,
      3822, 3898, 3823, -1,
      3823, 3898, 3899, -1,
      3823, 3899, 3824, -1,
      3824, 3899, 3900, -1,
      3824, 3900, 3825, -1,
      3825, 3900, 3901, -1,
      3825, 3901, 3826, -1,
      3826, 3901, 176, -1,
      3826, 176, 3827, -1,
      3827, 176, 169, -1,
      3827, 169, 174, -1,
      170, 176, 3902, -1,
      3902, 176, 3901, -1,
      3902, 3901, 3903, -1,
      3903, 3901, 3900, -1,
      3903, 3900, 3904, -1,
      3904, 3900, 3899, -1,
      3904, 3899, 3905, -1,
      3905, 3899, 3898, -1,
      3905, 3898, 3906, -1,
      3906, 3898, 3897, -1,
      3906, 3897, 3907, -1,
      3907, 3897, 3896, -1,
      3907, 3896, 3908, -1,
      3908, 3896, 3895, -1,
      3908, 3895, 3909, -1,
      3909, 3895, 3894, -1,
      3909, 3894, 3910, -1,
      3910, 3894, 3893, -1,
      3910, 3893, 3911, -1,
      3911, 3893, 3892, -1,
      3911, 3892, 3912, -1,
      3912, 3892, 3891, -1,
      3912, 3891, 3913, -1,
      3913, 3891, 3890, -1,
      3913, 3890, 3914, -1,
      3914, 3890, 3889, -1,
      3914, 3889, 3915, -1,
      3915, 3889, 3888, -1,
      3915, 3888, 3916, -1,
      3916, 3888, 3887, -1,
      3916, 3887, 3917, -1,
      3917, 3887, 3886, -1,
      3917, 3886, 3918, -1,
      3918, 3886, 3885, -1,
      3918, 3885, 3919, -1,
      3919, 3885, 3884, -1,
      3919, 3884, 3920, -1,
      3920, 3884, 3883, -1,
      3920, 3883, 3921, -1,
      3921, 3883, 3882, -1,
      3921, 3882, 3922, -1,
      3922, 3882, 3881, -1,
      3922, 3881, 3923, -1,
      3923, 3881, 3880, -1,
      3923, 3880, 3924, -1,
      3924, 3880, 3879, -1,
      3924, 3879, 3925, -1,
      3925, 3879, 3878, -1,
      3925, 3878, 3926, -1,
      3926, 3878, 3877, -1,
      3926, 3877, 3927, -1,
      3927, 3877, 3876, -1,
      3927, 3876, 3928, -1,
      3928, 3876, 3875, -1,
      3928, 3875, 3929, -1,
      3929, 3875, 3874, -1,
      3929, 3874, 3930, -1,
      3930, 3874, 3873, -1,
      3930, 3873, 3931, -1,
      3931, 3873, 3872, -1,
      3931, 3872, 3932, -1,
      3932, 3872, 3871, -1,
      3932, 3871, 3933, -1,
      3933, 3871, 3870, -1,
      3933, 3870, 3934, -1,
      3934, 3870, 3869, -1,
      3934, 3869, 3935, -1,
      3935, 3869, 3868, -1,
      3935, 3868, 3936, -1,
      3936, 3868, 3867, -1,
      3936, 3867, 3937, -1,
      3937, 3867, 3866, -1,
      3937, 3866, 3938, -1,
      3938, 3866, 3865, -1,
      3938, 3865, 3939, -1,
      3939, 3865, 3864, -1,
      3939, 3864, 3940, -1,
      3940, 3864, 3863, -1,
      3940, 3863, 3941, -1,
      3941, 3863, 3862, -1,
      3941, 3862, 3942, -1,
      3942, 3862, 3861, -1,
      3942, 3861, 3943, -1,
      3943, 3861, 3860, -1,
      3943, 3860, 3944, -1,
      3944, 3860, 3859, -1,
      3944, 3859, 3945, -1,
      3945, 3859, 3858, -1,
      3945, 3858, 3946, -1,
      3946, 3858, 3857, -1,
      3946, 3857, 3947, -1,
      3947, 3857, 3856, -1,
      3947, 3856, 3948, -1,
      3948, 3856, 3855, -1,
      3948, 3855, 3949, -1,
      3949, 3855, 3854, -1,
      3949, 3854, 3950, -1,
      3950, 3854, 3853, -1,
      3950, 3853, 3951, -1,
      3951, 3853, 3852, -1,
      3951, 3852, 3952, -1,
      3952, 3852, 3851, -1,
      3952, 3851, 3953, -1,
      3953, 3851, 3850, -1,
      3953, 3850, 3954, -1,
      3954, 3850, 3849, -1,
      3954, 3849, 3955, -1,
      3955, 3849, 3848, -1,
      3955, 3848, 3956, -1,
      3956, 3848, 3847, -1,
      3956, 3847, 3957, -1,
      3957, 3847, 3846, -1,
      3957, 3846, 3958, -1,
      3958, 3846, 3845, -1,
      3958, 3845, 3959, -1,
      3959, 3845, 3844, -1,
      3959, 3844, 3960, -1,
      3960, 3844, 3843, -1,
      3960, 3843, 3961, -1,
      3961, 3843, 3842, -1,
      3961, 3842, 3962, -1,
      3962, 3842, 3841, -1,
      3962, 3841, 3963, -1,
      3963, 3841, 3840, -1,
      3963, 3840, 3964, -1,
      3964, 3840, 3839, -1,
      3964, 3839, 3965, -1,
      3965, 3839, 3838, -1,
      3965, 3838, 3966, -1,
      3966, 3838, 3837, -1,
      3966, 3837, 3967, -1,
      3967, 3837, 3836, -1,
      3967, 3836, 3968, -1,
      3968, 3836, 3835, -1,
      3968, 3835, 3969, -1,
      3969, 3835, 3834, -1,
      3969, 3834, 3970, -1,
      3970, 3834, 3833, -1,
      3970, 3833, 3971, -1,
      3971, 3833, 3832, -1,
      3971, 3832, 3972, -1,
      3972, 3832, 3831, -1,
      3972, 3831, 3973, -1,
      3973, 3831, 3830, -1,
      3973, 3830, 3974, -1,
      3974, 3830, 3829, -1,
      3974, 3829, 3975, -1,
      3975, 3829, 3828, -1,
      3975, 3828, 476, -1,
      3278, 3976, 3177, -1,
      3177, 3976, 3977, -1,
      3177, 3977, 3074, -1,
      3074, 3977, 3978, -1,
      3074, 3978, 2969, -1,
      2969, 3978, 3979, -1,
      2969, 3979, 2862, -1,
      2862, 3979, 3980, -1,
      2862, 3980, 2753, -1,
      2753, 3980, 3981, -1,
      2753, 3981, 2643, -1,
      2643, 3981, 3982, -1,
      2643, 3982, 2532, -1,
      2532, 3982, 3983, -1,
      2532, 3983, 2420, -1,
      2420, 3983, 3984, -1,
      2420, 3984, 2307, -1,
      2307, 3984, 3985, -1,
      2307, 3985, 2194, -1,
      2194, 3985, 3986, -1,
      2194, 3986, 2081, -1,
      2081, 3986, 3987, -1,
      2081, 3987, 1968, -1,
      1968, 3987, 3988, -1,
      1968, 3988, 1856, -1,
      1856, 3988, 3989, -1,
      1856, 3989, 1744, -1,
      1744, 3989, 3990, -1,
      1744, 3990, 1632, -1,
      1632, 3990, 3991, -1,
      1632, 3991, 1520, -1,
      1520, 3991, 3992, -1,
      1520, 3992, 1408, -1,
      1408, 3992, 3993, -1,
      1408, 3993, 1295, -1,
      1295, 3993, 3994, -1,
      1295, 3994, 1182, -1,
      1182, 3994, 3995, -1,
      1182, 3995, 1068, -1,
      1068, 3995, 3996, -1,
      1068, 3996, 953, -1,
      953, 3996, 3997, -1,
      953, 3997, 836, -1,
      836, 3997, 3998, -1,
      836, 3998, 718, -1,
      718, 3998, 3999, -1,
      718, 3999, 598, -1,
      598, 3999, 4000, -1,
      598, 4000, 475, -1,
      475, 4000, 4001, -1,
      475, 4001, 476, -1,
      476, 4001, 4002, -1,
      476, 4002, 3975, -1,
      3975, 4002, 4003, -1,
      3975, 4003, 3974, -1,
      3974, 4003, 4004, -1,
      3974, 4004, 3973, -1,
      3973, 4004, 4005, -1,
      3973, 4005, 3972, -1,
      3972, 4005, 4006, -1,
      3972, 4006, 3971, -1,
      3971, 4006, 4007, -1,
      3971, 4007, 3970, -1,
      3970, 4007, 4008, -1,
      3970, 4008, 3969, -1,
      3969, 4008, 4009, -1,
      3969, 4009, 3968, -1,
      3968, 4009, 4010, -1,
      3968, 4010, 3967, -1,
      3967, 4010, 4011, -1,
      3967, 4011, 3966, -1,
      3966, 4011, 4012, -1,
      3966, 4012, 3965, -1,
      3965, 4012, 4013, -1,
      3965, 4013, 3964, -1,
      3964, 4013, 4014, -1,
      3964, 4014, 3963, -1,
      3963, 4014, 4015, -1,
      3963, 4015, 3962, -1,
      3962, 4015, 4016, -1,
      3962, 4016, 3961, -1,
      3961, 4016, 4017, -1,
      3961, 4017, 3960, -1,
      3960, 4017, 4018, -1,
      3960, 4018, 3959, -1,
      3959, 4018, 4019, -1,
      3959, 4019, 3958, -1,
      3958, 4019, 4020, -1,
      3958, 4020, 3957, -1,
      3957, 4020, 4021, -1,
      3957, 4021, 3956, -1,
      3956, 4021, 4022, -1,
      3956, 4022, 3955, -1,
      3955, 4022, 4023, -1,
      3955, 4023, 3954, -1,
      3954, 4023, 4024, -1,
      3954, 4024, 3953, -1,
      3953, 4024, 4025, -1,
      3953, 4025, 3952, -1,
      3952, 4025, 4026, -1,
      3952, 4026, 3951, -1,
      3951, 4026, 4027, -1,
      3951, 4027, 3950, -1,
      3950, 4027, 4028, -1,
      3950, 4028, 3949, -1,
      3949, 4028, 4029, -1,
      3949, 4029, 3948, -1,
      3948, 4029, 4030, -1,
      3948, 4030, 3947, -1,
      3947, 4030, 4031, -1,
      3947, 4031, 3946, -1,
      3946, 4031, 4032, -1,
      3946, 4032, 3945, -1,
      3945, 4032, 4033, -1,
      3945, 4033, 3944, -1,
      3944, 4033, 4034, -1,
      3944, 4034, 3943, -1,
      3943, 4034, 4035, -1,
      3943, 4035, 3942, -1,
      3942, 4035, 4036, -1,
      3942, 4036, 3941, -1,
      3941, 4036, 4037, -1,
      3941, 4037, 3940, -1,
      3940, 4037, 4038, -1,
      3940, 4038, 3939, -1,
      3939, 4038, 4039, -1,
      3939, 4039, 3938, -1,
      3938, 4039, 4040, -1,
      3938, 4040, 3937, -1,
      3937, 4040, 4041, -1,
      3937, 4041, 3936, -1,
      3936, 4041, 4042, -1,
      3936, 4042, 3935, -1,
      3935, 4042, 4043, -1,
      3935, 4043, 3934, -1,
      3934, 4043, 4044, -1,
      3934, 4044, 3933, -1,
      3933, 4044, 4045, -1,
      3933, 4045, 3932, -1,
      3932, 4045, 4046, -1,
      3932, 4046, 3931, -1,
      3931, 4046, 4047, -1,
      3931, 4047, 3930, -1,
      3930, 4047, 4048, -1,
      3930, 4048, 3929, -1,
      3929, 4048, 4049, -1,
      3929, 4049, 3928, -1,
      3928, 4049, 4050, -1,
      3928, 4050, 3927, -1,
      3927, 4050, 4051, -1,
      3927, 4051, 3926, -1,
      3926, 4051, 4052, -1,
      3926, 4052, 3925, -1,
      3925, 4052, 4053, -1,
      3925, 4053, 3924, -1,
      3924, 4053, 4054, -1,
      3924, 4054, 3923, -1,
      3923, 4054, 4055, -1,
      3923, 4055, 3922, -1,
      3922, 4055, 4056, -1,
      3922, 4056, 3921, -1,
      3921, 4056, 4057, -1,
      3921, 4057, 3920, -1,
      3920, 4057, 4058, -1,
      3920, 4058, 3919, -1,
      3919, 4058, 4059, -1,
      3919, 4059, 3918, -1,
      3918, 4059, 4060, -1,
      3918, 4060, 3917, -1,
      3917, 4060, 4061, -1,
      3917, 4061, 3916, -1,
      3916, 4061, 4062, -1,
      3916, 4062, 3915, -1,
      3915, 4062, 4063, -1,
      3915, 4063, 3914, -1,
      3914, 4063, 4064, -1,
      3914, 4064, 3913, -1,
      3913, 4064, 4065, -1,
      3913, 4065, 3912, -1,
      3912, 4065, 4066, -1,
      3912, 4066, 3911, -1,
      3911, 4066, 4067, -1,
      3911, 4067, 3910, -1,
      3910, 4067, 4068, -1,
      3910, 4068, 3909, -1,
      3909, 4068, 4069, -1,
      3909, 4069, 3908, -1,
      3908, 4069, 4070, -1,
      3908, 4070, 3907, -1,
      3907, 4070, 4071, -1,
      3907, 4071, 3906, -1,
      3906, 4071, 4072, -1,
      3906, 4072, 3905, -1,
      3905, 4072, 4073, -1,
      3905, 4073, 3904, -1,
      3904, 4073, 4074, -1,
      3904, 4074, 3903, -1,
      3903, 4074, 4075, -1,
      3903, 4075, 3902, -1,
      3902, 4075, 171, -1,
      3902, 171, 170, -1,
      3976, 4076, 3977, -1,
      3977, 4076, 4077, -1,
      3977, 4077, 3978, -1,
      3978, 4077, 4078, -1,
      3978, 4078, 3979, -1,
      3979, 4078, 4079, -1,
      3979, 4079, 3980, -1,
      3980, 4079, 4080, -1,
      3980, 4080, 3981, -1,
      3981, 4080, 4081, -1,
      3981, 4081, 3982, -1,
      3982, 4081, 4082, -1,
      3982, 4082, 3983, -1,
      3983, 4082, 4083, -1,
      3983, 4083, 3984, -1,
      3984, 4083, 4084, -1,
      3984, 4084, 3985, -1,
      3985, 4084, 4085, -1,
      3985, 4085, 3986, -1,
      3986, 4085, 4086, -1,
      3986, 4086, 3987, -1,
      3987, 4086, 4087, -1,
      3987, 4087, 3988, -1,
      3988, 4087, 4088, -1,
      3988, 4088, 3989, -1,
      3989, 4088, 4089, -1,
      3989, 4089, 3990, -1,
      3990, 4089, 4090, -1,
      3990, 4090, 3991, -1,
      3991, 4090, 4091, -1,
      3991, 4091, 3992, -1,
      3992, 4091, 4092, -1,
      3992, 4092, 3993, -1,
      3993, 4092, 4093, -1,
      3993, 4093, 3994, -1,
      3994, 4093, 4094, -1,
      3994, 4094, 3995, -1,
      3995, 4094, 4095, -1,
      3995, 4095, 3996, -1,
      3996, 4095, 4096, -1,
      3996, 4096, 3997, -1,
      3997, 4096, 4097, -1,
      3997, 4097, 3998, -1,
      3998, 4097, 4098, -1,
      3998, 4098, 3999, -1,
      3999, 4098, 4099, -1,
      3999, 4099, 4000, -1,
      4000, 4099, 4100, -1,
      4000, 4100, 4001, -1,
      4001, 4100, 4101, -1,
      4001, 4101, 4002, -1,
      4002, 4101, 4102, -1,
      4002, 4102, 4003, -1,
      4003, 4102, 4103, -1,
      4003, 4103, 4004, -1,
      4004, 4103, 4104, -1,
      4004, 4104, 4005, -1,
      4005, 4104, 4105, -1,
      4005, 4105, 4006, -1,
      4006, 4105, 4106, -1,
      4006, 4106, 4007, -1,
      4007, 4106, 4107, -1,
      4007, 4107, 4008, -1,
      4008, 4107, 4108, -1,
      4008, 4108, 4009, -1,
      4009, 4108, 4109, -1,
      4009, 4109, 4010, -1,
      4010, 4109, 4110, -1,
      4010, 4110, 4011, -1,
      4011, 4110, 4111, -1,
      4011, 4111, 4012, -1,
      4012, 4111, 4112, -1,
      4012, 4112, 4013, -1,
      4013, 4112, 4113, -1,
      4013, 4113, 4014, -1,
      4014, 4113, 4114, -1,
      4014, 4114, 4015, -1,
      4015, 4114, 4115, -1,
      4015, 4115, 4016, -1,
      4016, 4115, 4116, -1,
      4016, 4116, 4017, -1,
      4017, 4116, 4117, -1,
      4017, 4117, 4018, -1,
      4018, 4117, 4118, -1,
      4018, 4118, 4019, -1,
      4019, 4118, 4119, -1,
      4019, 4119, 4020, -1,
      4020, 4119, 4120, -1,
      4020, 4120, 4021, -1,
      4021, 4120, 4121, -1,
      4021, 4121, 4022, -1,
      4022, 4121, 4122, -1,
      4022, 4122, 4023, -1,
      4023, 4122, 4123, -1,
      4023, 4123, 4024, -1,
      4024, 4123, 4124, -1,
      4024, 4124, 4025, -1,
      4025, 4124, 4125, -1,
      4025, 4125, 4026, -1,
      4026, 4125, 4126, -1,
      4026, 4126, 4027, -1,
      4027, 4126, 4127, -1,
      4027, 4127, 4028, -1,
      4028, 4127, 4128, -1,
      4028, 4128, 4029, -1,
      4029, 4128, 4129, -1,
      4029, 4129, 4030, -1,
      4030, 4129, 4130, -1,
      4030, 4130, 4031, -1,
      4031, 4130, 4131, -1,
      4031, 4131, 4032, -1,
      4032, 4131, 4132, -1,
      4032, 4132, 4033, -1,
      4033, 4132, 4133, -1,
      4033, 4133, 4034, -1,
      4034, 4133, 4134, -1,
      4034, 4134, 4035, -1,
      4035, 4134, 4135, -1,
      4035, 4135, 4036, -1,
      4036, 4135, 4136, -1,
      4036, 4136, 4037, -1,
      4037, 4136, 4137, -1,
      4037, 4137, 4038, -1,
      4038, 4137, 4138, -1,
      4038, 4138, 4039, -1,
      4039, 4138, 4139, -1,
      4039, 4139, 4040, -1,
      4040, 4139, 4140, -1,
      4040, 4140, 4041, -1,
      4041, 4140, 4141, -1,
      4041, 4141, 4042, -1,
      4042, 4141, 4142, -1,
      4042, 4142, 4043, -1,
      4043, 4142, 4143, -1,
      4043, 4143, 4044, -1,
      4044, 4143, 4144, -1,
      4044, 4144, 4045, -1,
      4045, 4144, 4145, -1,
      4045, 4145, 4046, -1,
      4046, 4145, 4146, -1,
      4046, 4146, 4047, -1,
      4047, 4146, 4147, -1,
      4047, 4147, 4048, -1,
      4048, 4147, 4148, -1,
      4048, 4148, 4049, -1,
      4049, 4148, 4149, -1,
      4049, 4149, 4050, -1,
      4050, 4149, 4150, -1,
      4050, 4150, 4051, -1,
      4051, 4150, 4151, -1,
      4051, 4151, 4052, -1,
      4052, 4151, 4152, -1,
      4052, 4152, 4053, -1,
      4053, 4152, 4153, -1,
      4053, 4153, 4054, -1,
      4054, 4153, 4154, -1,
      4054, 4154, 4055, -1,
      4055, 4154, 4155, -1,
      4055, 4155, 4056, -1,
      4056, 4155, 4156, -1,
      4056, 4156, 4057, -1,
      4057, 4156, 4157, -1,
      4057, 4157, 4058, -1,
      4058, 4157, 4158, -1,
      4058, 4158, 4059, -1,
      4059, 4158, 4159, -1,
      4059, 4159, 4060, -1,
      4060, 4159, 4160, -1,
      4060, 4160, 4061, -1,
      4061, 4160, 4161, -1,
      4061, 4161, 4062, -1,
      4062, 4161, 4162, -1,
      4062, 4162, 4063, -1,
      4063, 4162, 4163, -1,
      4063, 4163, 4064, -1,
      4064, 4163, 4164, -1,
      4064, 4164, 4065, -1,
      4065, 4164, 4165, -1,
      4065, 4165, 4066, -1,
      4066, 4165, 4166, -1,
      4066, 4166, 4067, -1,
      4067, 4166, 4167, -1,
      4067, 4167, 4068, -1,
      4068, 4167, 4168, -1,
      4068, 4168, 4069, -1,
      4069, 4168, 4169, -1,
      4069, 4169, 4070, -1,
      4070, 4169, 4170, -1,
      4070, 4170, 4071, -1,
      4071, 4170, 4171, -1,
      4071, 4171, 4072, -1,
      4072, 4171, 4172, -1,
      4072, 4172, 4073, -1,
      4073, 4172, 4173, -1,
      4073, 4173, 4074, -1,
      4074, 4173, 4174, -1,
      4074, 4174, 4075, -1,
      4075, 4174, 172, -1,
      4075, 172, 171, -1,
      4076, 4175, 4077, -1,
      4077, 4175, 4176, -1,
      4077, 4176, 4078, -1,
      4078, 4176, 4177, -1,
      4078, 4177, 4079, -1,
      4079, 4177, 4178, -1,
      4079, 4178, 4080, -1,
      4080, 4178, 4179, -1,
      4080, 4179, 4081, -1,
      4081, 4179, 4180, -1,
      4081, 4180, 4082, -1,
      4082, 4180, 4181, -1,
      4082, 4181, 4083, -1,
      4083, 4181, 4182, -1,
      4083, 4182, 4084, -1,
      4084, 4182, 4183, -1,
      4084, 4183, 4085, -1,
      4085, 4183, 4184, -1,
      4085, 4184, 4086, -1,
      4086, 4184, 4185, -1,
      4086, 4185, 4087, -1,
      4087, 4185, 4186, -1,
      4087, 4186, 4088, -1,
      4088, 4186, 4187, -1,
      4088, 4187, 4089, -1,
      4089, 4187, 4188, -1,
      4089, 4188, 4090, -1,
      4090, 4188, 4189, -1,
      4090, 4189, 4091, -1,
      4091, 4189, 4190, -1,
      4091, 4190, 4092, -1,
      4092, 4190, 4191, -1,
      4092, 4191, 4093, -1,
      4093, 4191, 4192, -1,
      4093, 4192, 4094, -1,
      4094, 4192, 4193, -1,
      4094, 4193, 4095, -1,
      4095, 4193, 4194, -1,
      4095, 4194, 4096, -1,
      4096, 4194, 4195, -1,
      4096, 4195, 4097, -1,
      4097, 4195, 4196, -1,
      4097, 4196, 4098, -1,
      4098, 4196, 4197, -1,
      4098, 4197, 4099, -1,
      4099, 4197, 4198, -1,
      4099, 4198, 4100, -1,
      4100, 4198, 4199, -1,
      4100, 4199, 4101, -1,
      4101, 4199, 4200, -1,
      4101, 4200, 4102, -1,
      4102, 4200, 4201, -1,
      4102, 4201, 4103, -1,
      4103, 4201, 4202, -1,
      4103, 4202, 4104, -1,
      4104, 4202, 4203, -1,
      4104, 4203, 4105, -1,
      4105, 4203, 4204, -1,
      4105, 4204, 4106, -1,
      4106, 4204, 4205, -1,
      4106, 4205, 4107, -1,
      4107, 4205, 4206, -1,
      4107, 4206, 4108, -1,
      4108, 4206, 4207, -1,
      4108, 4207, 4109, -1,
      4109, 4207, 4208, -1,
      4109, 4208, 4110, -1,
      4110, 4208, 4209, -1,
      4110, 4209, 4111, -1,
      4111, 4209, 4210, -1,
      4111, 4210, 4112, -1,
      4112, 4210, 4211, -1,
      4112, 4211, 4113, -1,
      4113, 4211, 4212, -1,
      4113, 4212, 4114, -1,
      4114, 4212, 4213, -1,
      4114, 4213, 4115, -1,
      4115, 4213, 4214, -1,
      4115, 4214, 4116, -1,
      4116, 4214, 4215, -1,
      4116, 4215, 4117, -1,
      4117, 4215, 4216, -1,
      4117, 4216, 4118, -1,
      4118, 4216, 4217, -1,
      4118, 4217, 4119, -1,
      4119, 4217, 4218, -1,
      4119, 4218, 4120, -1,
      4120, 4218, 4219, -1,
      4120, 4219, 4121, -1,
      4121, 4219, 4220, -1,
      4121, 4220, 4122, -1,
      4122, 4220, 4221, -1,
      4122, 4221, 4123, -1,
      4123, 4221, 4222, -1,
      4123, 4222, 4124, -1,
      4124, 4222, 4223, -1,
      4124, 4223, 4125, -1,
      4125, 4223, 4224, -1,
      4125, 4224, 4126, -1,
      4126, 4224, 4225, -1,
      4126, 4225, 4127, -1,
      4127, 4225, 4226, -1,
      4127, 4226, 4128, -1,
      4128, 4226, 4227, -1,
      4128, 4227, 4129, -1,
      4129, 4227, 4228, -1,
      4129, 4228, 4130, -1,
      4130, 4228, 4229, -1,
      4130, 4229, 4131, -1,
      4131, 4229, 4230, -1,
      4131, 4230, 4132, -1,
      4132, 4230, 4231, -1,
      4132, 4231, 4133, -1,
      4133, 4231, 4232, -1,
      4133, 4232, 4134, -1,
      4134, 4232, 4233, -1,
      4134, 4233, 4135, -1,
      4135, 4233, 4234, -1,
      4135, 4234, 4136, -1,
      4136, 4234, 4235, -1,
      4136, 4235, 4137, -1,
      4137, 4235, 4236, -1,
      4137, 4236, 4138, -1,
      4138, 4236, 4237, -1,
      4138, 4237, 4139, -1,
      4139, 4237, 4238, -1,
      4139, 4238, 4140, -1,
      4140, 4238, 4239, -1,
      4140, 4239, 4141, -1,
      4141, 4239, 4240, -1,
      4141, 4240, 4142, -1,
      4142, 4240, 4241, -1,
      4142, 4241, 4143, -1,
      4143, 4241, 4242, -1,
      4143, 4242, 4144, -1,
      4144, 4242, 4243, -1,
      4144, 4243, 4145, -1,
      4145, 4243, 4244, -1,
      4145, 4244, 4146, -1,
      4146, 4244, 4245, -1,
      4146, 4245, 4147, -1,
      4147, 4245, 4246, -1,
      4147, 4246, 4148, -1,
      4148, 4246, 4247, -1,
      4148, 4247, 4149, -1,
      4149, 4247, 4248, -1,
      4149, 4248, 4150, -1,
      4150, 4248, 4249, -1,
      4150, 4249, 4151, -1,
      4151, 4249, 4250, -1,
      4151, 4250, 4152, -1,
      4152, 4250, 4251, -1,
      4152, 4251, 4153, -1,
      4153, 4251, 4252, -1,
      4153, 4252, 4154, -1,
      4154, 4252, 4253, -1,
      4154, 4253, 4155, -1,
      4155, 4253, 4254, -1,
      4155, 4254, 4156, -1,
      4156, 4254, 4255, -1,
      4156, 4255, 4157, -1,
      4157, 4255, 4256, -1,
      4157, 4256, 4158, -1,
      4158, 4256, 4257, -1,
      4158, 4257, 4159, -1,
      4159, 4257, 4258, -1,
      4159, 4258, 4160, -1,
      4160, 4258, 4259, -1,
      4160, 4259, 4161, -1,
      4161, 4259, 4260, -1,
      4161, 4260, 4162, -1,
      4162, 4260, 4261, -1,
      4162, 4261, 4163, -1,
      4163, 4261, 4262, -1,
      4163, 4262, 4164, -1,
      4164, 4262, 4263, -1,
      4164, 4263, 4165, -1,
      4165, 4263, 4264, -1,
      4165, 4264, 4166, -1,
      4166, 4264, 4265, -1,
      4166, 4265, 4167, -1,
      4167, 4265, 4266, -1,
      4167, 4266, 4168, -1,
      4168, 4266, 4267, -1,
      4168, 4267, 4169, -1,
      4169, 4267, 4268, -1,
      4169, 4268, 4170, -1,
      4170, 4268, 4269, -1,
      4170, 4269, 4171, -1,
      4171, 4269, 4270, -1,
      4171, 4270, 4172, -1,
      4172, 4270, 4271, -1,
      4172, 4271, 4173, -1,
      4173, 4271, 4272, -1,
      4173, 4272, 4174, -1,
      4174, 4272, 166, -1,
      4174, 166, 172, -1,
      4175, 4273, 4176, -1,
      4176, 4273, 4274, -1,
      4176, 4274, 4177, -1,
      4177, 4274, 4275, -1,
      4177, 4275, 4178, -1,
      4178, 4275, 4276, -1,
      4178, 4276, 4179, -1,
      4179, 4276, 4277, -1,
      4179, 4277, 4180, -1,
      4180, 4277, 4278, -1,
      4180, 4278, 4181, -1,
      4181, 4278, 4279, -1,
      4181, 4279, 4182, -1,
      4182, 4279, 4280, -1,
      4182, 4280, 4183, -1,
      4183, 4280, 4281, -1,
      4183, 4281, 4184, -1,
      4184, 4281, 4282, -1,
      4184, 4282, 4185, -1,
      4185, 4282, 4283, -1,
      4185, 4283, 4186, -1,
      4186, 4283, 4284, -1,
      4186, 4284, 4187, -1,
      4187, 4284, 4285, -1,
      4187, 4285, 4188, -1,
      4188, 4285, 4286, -1,
      4188, 4286, 4189, -1,
      4189, 4286, 4287, -1,
      4189, 4287, 4190, -1,
      4190, 4287, 4288, -1,
      4190, 4288, 4191, -1,
      4191, 4288, 4289, -1,
      4191, 4289, 4192, -1,
      4192, 4289, 4290, -1,
      4192, 4290, 4193, -1,
      4193, 4290, 4291, -1,
      4193, 4291, 4194, -1,
      4194, 4291, 4292, -1,
      4194, 4292, 4195, -1,
      4195, 4292, 4293, -1,
      4195, 4293, 4196, -1,
      4196, 4293, 4294, -1,
      4196, 4294, 4197, -1,
      4197, 4294, 4295, -1,
      4197, 4295, 4198, -1,
      4198, 4295, 4296, -1,
      4198, 4296, 4199, -1,
      4199, 4296, 4297, -1,
      4199, 4297, 4200, -1,
      4200, 4297, 4298, -1,
      4200, 4298, 4201, -1,
      4201, 4298, 4299, -1,
      4201, 4299, 4202, -1,
      4202, 4299, 4300, -1,
      4202, 4300, 4203, -1,
      4203, 4300, 4301, -1,
      4203, 4301, 4204, -1,
      4204, 4301, 4302, -1,
      4204, 4302, 4205, -1,
      4205, 4302, 4303, -1,
      4205, 4303, 4206, -1,
      4206, 4303, 4304, -1,
      4206, 4304, 4207, -1,
      4207, 4304, 4305, -1,
      4207, 4305, 4208, -1,
      4208, 4305, 4306, -1,
      4208, 4306, 4209, -1,
      4209, 4306, 4307, -1,
      4209, 4307, 4210, -1,
      4210, 4307, 4308, -1,
      4210, 4308, 4211, -1,
      4211, 4308, 4309, -1,
      4211, 4309, 4212, -1,
      4212, 4309, 4310, -1,
      4212, 4310, 4213, -1,
      4213, 4310, 4311, -1,
      4213, 4311, 4214, -1,
      4214, 4311, 4312, -1,
      4214, 4312, 4215, -1,
      4215, 4312, 4313, -1,
      4215, 4313, 4216, -1,
      4216, 4313, 4314, -1,
      4216, 4314, 4217, -1,
      4217, 4314, 4315, -1,
      4217, 4315, 4218, -1,
      4218, 4315, 4316, -1,
      4218, 4316, 4219, -1,
      4219, 4316, 4317, -1,
      4219, 4317, 4220, -1,
      4220, 4317, 4318, -1,
      4220, 4318, 4221, -1,
      4221, 4318, 4319, -1,
      4221, 4319, 4222, -1,
      4222, 4319, 4320, -1,
      4222, 4320, 4223, -1,
      4223, 4320, 4321, -1,
      4223, 4321, 4224, -1,
      4224, 4321, 4322, -1,
      4224, 4322, 4225, -1,
      4225, 4322, 4323, -1,
      4225, 4323, 4226, -1,
      4226, 4323, 4324, -1,
      4226, 4324, 4227, -1,
      4227, 4324, 4325, -1,
      4227, 4325, 4228, -1,
      4228, 4325, 4326, -1,
      4228, 4326, 4229, -1,
      4229, 4326, 4327, -1,
      4229, 4327, 4230, -1,
      4230, 4327, 4328, -1,
      4230, 4328, 4231, -1,
      4231, 4328, 4329, -1,
      4231, 4329, 4232, -1,
      4232, 4329, 4330, -1,
      4232, 4330, 4233, -1,
      4233, 4330, 4331, -1,
      4233, 4331, 4234, -1,
      4234, 4331, 4332, -1,
      4234, 4332, 4235, -1,
      4235, 4332, 4333, -1,
      4235, 4333, 4236, -1,
      4236, 4333, 4334, -1,
      4236, 4334, 4237, -1,
      4237, 4334, 4335, -1,
      4237, 4335, 4238, -1,
      4238, 4335, 4336, -1,
      4238, 4336, 4239, -1,
      4239, 4336, 4337, -1,
      4239, 4337, 4240, -1,
      4240, 4337, 4338, -1,
      4240, 4338, 4241, -1,
      4241, 4338, 4339, -1,
      4241, 4339, 4242, -1,
      4242, 4339, 4340, -1,
      4242, 4340, 4243, -1,
      4243, 4340, 4341, -1,
      4243, 4341, 4244, -1,
      4244, 4341, 4342, -1,
      4244, 4342, 4245, -1,
      4245, 4342, 4343, -1,
      4245, 4343, 4246, -1,
      4246, 4343, 4344, -1,
      4246, 4344, 4247, -1,
      4247, 4344, 4345, -1,
      4247, 4345, 4248, -1,
      4248, 4345, 4346, -1,
      4248, 4346, 4249, -1,
      4249, 4346, 4347, -1,
      4249, 4347, 4250, -1,
      4250, 4347, 4348, -1,
      4250, 4348, 4251, -1,
      4251, 4348, 4349, -1,
      4251, 4349, 4252, -1,
      4252, 4349, 4350, -1,
      4252, 4350, 4253, -1,
      4253, 4350, 4351, -1,
      4253, 4351, 4254, -1,
      4254, 4351, 4352, -1,
      4254, 4352, 4255, -1,
      4255, 4352, 4353, -1,
      4255, 4353, 4256, -1,
      4256, 4353, 4354, -1,
      4256, 4354, 4257, -1,
      4257, 4354, 4355, -1,
      4257, 4355, 4258, -1,
      4258, 4355, 4356, -1,
      4258, 4356, 4259, -1,
      4259, 4356, 4357, -1,
      4259, 4357, 4260, -1,
      4260, 4357, 4358, -1,
      4260, 4358, 4261, -1,
      4261, 4358, 4359, -1,
      4261, 4359, 4262, -1,
      4262, 4359, 4360, -1,
      4262, 4360, 4263, -1,
      4263, 4360, 4361, -1,
      4263, 4361, 4264, -1,
      4264, 4361, 4362, -1,
      4264, 4362, 4265, -1,
      4265, 4362, 4363, -1,
      4265, 4363, 4266, -1,
      4266, 4363, 4364, -1,
      4266, 4364, 4267, -1,
      4267, 4364, 4365, -1,
      4267, 4365, 4268, -1,
      4268, 4365, 4366, -1,
      4268, 4366, 4269, -1,
      4269, 4366, 4367, -1,
      4269, 4367, 4270, -1,
      4270, 4367, 4368, -1,
      4270, 4368, 4271, -1,
      4271, 4368, 4369, -1,
      4271, 4369, 4272, -1,
      4272, 4369, 167, -1,
      4272, 167, 166, -1,
      4273, 4370, 4274, -1,
      4274, 4370, 4371, -1,
      4274, 4371, 4275, -1,
      4275, 4371, 4372, -1,
      4275, 4372, 4276, -1,
      4276, 4372, 4373, -1,
      4276, 4373, 4277, -1,
      4277, 4373, 4374, -1,
      4277, 4374, 4278, -1,
      4278, 4374, 4375, -1,
      4278, 4375, 4279, -1,
      4279, 4375, 4376, -1,
      4279, 4376, 4280, -1,
      4280, 4376, 4377, -1,
      4280, 4377, 4281, -1,
      4281, 4377, 4378, -1,
      4281, 4378, 4282, -1,
      4282, 4378, 4379, -1,
      4282, 4379, 4283, -1,
      4283, 4379, 4380, -1,
      4283, 4380, 4284, -1,
      4284, 4380, 4381, -1,
      4284, 4381, 4285, -1,
      4285, 4381, 4382, -1,
      4285, 4382, 4286, -1,
      4286, 4382, 4383, -1,
      4286, 4383, 4287, -1,
      4287, 4383, 4384, -1,
      4287, 4384, 4288, -1,
      4288, 4384, 4385, -1,
      4288, 4385, 4289, -1,
      4289, 4385, 4386, -1,
      4289, 4386, 4290, -1,
      4290, 4386, 4387, -1,
      4290, 4387, 4291, -1,
      4291, 4387, 4388, -1,
      4291, 4388, 4292, -1,
      4292, 4388, 4389, -1,
      4292, 4389, 4293, -1,
      4293, 4389, 4390, -1,
      4293, 4390, 4294, -1,
      4294, 4390, 4391, -1,
      4294, 4391, 4295, -1,
      4295, 4391, 4392, -1,
      4295, 4392, 4296, -1,
      4296, 4392, 4393, -1,
      4296, 4393, 4297, -1,
      4297, 4393, 4394, -1,
      4297, 4394, 4298, -1,
      4298, 4394, 4395, -1,
      4298, 4395, 4299, -1,
      4299, 4395, 4396, -1,
      4299, 4396, 4300, -1,
      4300, 4396, 4397, -1,
      4300, 4397, 4301, -1,
      4301, 4397, 4398, -1,
      4301, 4398, 4302, -1,
      4302, 4398, 4399, -1,
      4302, 4399, 4303, -1,
      4303, 4399, 4400, -1,
      4303, 4400, 4304, -1,
      4304, 4400, 4401, -1,
      4304, 4401, 4305, -1,
      4305, 4401, 4402, -1,
      4305, 4402, 4306, -1,
      4306, 4402, 4403, -1,
      4306, 4403, 4307, -1,
      4307, 4403, 4404, -1,
      4307, 4404, 4308, -1,
      4308, 4404, 4405, -1,
      4308, 4405, 4309, -1,
      4309, 4405, 4406, -1,
      4309, 4406, 4310, -1,
      4310, 4406, 4407, -1,
      4310, 4407, 4311, -1,
      4311, 4407, 4408, -1,
      4311, 4408, 4312, -1,
      4312, 4408, 4409, -1,
      4312, 4409, 4313, -1,
      4313, 4409, 4410, -1,
      4313, 4410, 4314, -1,
      4314, 4410, 4411, -1,
      4314, 4411, 4315, -1,
      4315, 4411, 4412, -1,
      4315, 4412, 4316, -1,
      4316, 4412, 4413, -1,
      4316, 4413, 4317, -1,
      4317, 4413, 4414, -1,
      4317, 4414, 4318, -1,
      4318, 4414, 4415, -1,
      4318, 4415, 4319, -1,
      4319, 4415, 4416, -1,
      4319, 4416, 4320, -1,
      4320, 4416, 4417, -1,
      4320, 4417, 4321, -1,
      4321, 4417, 4418, -1,
      4321, 4418, 4322, -1,
      4322, 4418, 4419, -1,
      4322, 4419, 4323, -1,
      4323, 4419, 4420, -1,
      4323, 4420, 4324, -1,
      4324, 4420, 4421, -1,
      4324, 4421, 4325, -1,
      4325, 4421, 4422, -1,
      4325, 4422, 4326, -1,
      4326, 4422, 4423, -1,
      4326, 4423, 4327, -1,
      4327, 4423, 4424, -1,
      4327, 4424, 4328, -1,
      4328, 4424, 4425, -1,
      4328, 4425, 4329, -1,
      4329, 4425, 4426, -1,
      4329, 4426, 4330, -1,
      4330, 4426, 4427, -1,
      4330, 4427, 4331, -1,
      4331, 4427, 4428, -1,
      4331, 4428, 4332, -1,
      4332, 4428, 4429, -1,
      4332, 4429, 4333, -1,
      4333, 4429, 4430, -1,
      4333, 4430, 4334, -1,
      4334, 4430, 4431, -1,
      4334, 4431, 4335, -1,
      4335, 4431, 4432, -1,
      4335, 4432, 4336, -1,
      4336, 4432, 4433, -1,
      4336, 4433, 4337, -1,
      4337, 4433, 4434, -1,
      4337, 4434, 4338, -1,
      4338, 4434, 4435, -1,
      4338, 4435, 4339, -1,
      4339, 4435, 4436, -1,
      4339, 4436, 4340, -1,
      4340, 4436, 4437, -1,
      4340, 4437, 4341, -1,
      4341, 4437, 4438, -1,
      4341, 4438, 4342, -1,
      4342, 4438, 4439, -1,
      4342, 4439, 4343, -1,
      4343, 4439, 4440, -1,
      4343, 4440, 4344, -1,
      4344, 4440, 4441, -1,
      4344, 4441, 4345, -1,
      4345, 4441, 4442, -1,
      4345, 4442, 4346, -1,
      4346, 4442, 4443, -1,
      4346, 4443, 4347, -1,
      4347, 4443, 4444, -1,
      4347, 4444, 4348, -1,
      4348, 4444, 4445, -1,
      4348, 4445, 4349, -1,
      4349, 4445, 4446, -1,
      4349, 4446, 4350, -1,
      4350, 4446, 4447, -1,
      4350, 4447, 4351, -1,
      4351, 4447, 4448, -1,
      4351, 4448, 4352, -1,
      4352, 4448, 4449, -1,
      4352, 4449, 4353, -1,
      4353, 4449, 4450, -1,
      4353, 4450, 4354, -1,
      4354, 4450, 4451, -1,
      4354, 4451, 4355, -1,
      4355, 4451, 4452, -1,
      4355, 4452, 4356, -1,
      4356, 4452, 4453, -1,
      4356, 4453, 4357, -1,
      4357, 4453, 4454, -1,
      4357, 4454, 4358, -1,
      4358, 4454, 4455, -1,
      4358, 4455, 4359, -1,
      4359, 4455, 4456, -1,
      4359, 4456, 4360, -1,
      4360, 4456, 4457, -1,
      4360, 4457, 4361, -1,
      4361, 4457, 4458, -1,
      4361, 4458, 4362, -1,
      4362, 4458, 4459, -1,
      4362, 4459, 4363, -1,
      4363, 4459, 4460, -1,
      4363, 4460, 4364, -1,
      4364, 4460, 4461, -1,
      4364, 4461, 4365, -1,
      4365, 4461, 4462, -1,
      4365, 4462, 4366, -1,
      4366, 4462, 4463, -1,
      4366, 4463, 4367, -1,
      4367, 4463, 4464, -1,
      4367, 4464, 4368, -1,
      4368, 4464, 4465, -1,
      4368, 4465, 4369, -1,
      4369, 4465, 168, -1,
      4369, 168, 167, -1,
      4370, 4466, 4371, -1,
      4371, 4466, 4467, -1,
      4371, 4467, 4372, -1,
      4372, 4467, 4468, -1,
      4372, 4468, 4373, -1,
      4373, 4468, 4469, -1,
      4373, 4469, 4374, -1,
      4374, 4469, 4470, -1,
      4374, 4470, 4375, -1,
      4375, 4470, 4471, -1,
      4375, 4471, 4376, -1,
      4376, 4471, 4472, -1,
      4376, 4472, 4377, -1,
      4377, 4472, 4473, -1,
      4377, 4473, 4378, -1,
      4378, 4473, 4474, -1,
      4378, 4474, 4379, -1,
      4379, 4474, 4475, -1,
      4379, 4475, 4380, -1,
      4380, 4475, 4476, -1,
      4380, 4476, 4381, -1,
      4381, 4476, 4477, -1,
      4381, 4477, 4382, -1,
      4382, 4477, 4478, -1,
      4382, 4478, 4383, -1,
      4383, 4478, 4479, -1,
      4383, 4479, 4384, -1,
      4384, 4479, 4480, -1,
      4384, 4480, 4385, -1,
      4385, 4480, 4481, -1,
      4385, 4481, 4386, -1,
      4386, 4481, 4482, -1,
      4386, 4482, 4387, -1,
      4387, 4482, 4483, -1,
      4387, 4483, 4388, -1,
      4388, 4483, 4484, -1,
      4388, 4484, 4389, -1,
      4389, 4484, 4485, -1,
      4389, 4485, 4390, -1,
      4390, 4485, 4486, -1,
      4390, 4486, 4391, -1,
      4391, 4486, 4487, -1,
      4391, 4487, 4392, -1,
      4392, 4487, 4488, -1,
      4392, 4488, 4393, -1,
      4393, 4488, 4489, -1,
      4393, 4489, 4394, -1,
      4394, 4489, 4490, -1,
      4394, 4490, 4395, -1,
      4395, 4490, 4491, -1,
      4395, 4491, 4396, -1,
      4396, 4491, 4492, -1,
      4396, 4492, 4397, -1,
      4397, 4492, 4493, -1,
      4397, 4493, 4398, -1,
      4398, 4493, 4494, -1,
      4398, 4494, 4399, -1,
      4399, 4494, 4495, -1,
      4399, 4495, 4400, -1,
      4400, 4495, 4496, -1,
      4400, 4496, 4401, -1,
      4401, 4496, 4497, -1,
      4401, 4497, 4402, -1,
      4402, 4497, 4498, -1,
      4402, 4498, 4403, -1,
      4403, 4498, 4499, -1,
      4403, 4499, 4404, -1,
      4404, 4499, 4500, -1,
      4404, 4500, 4405, -1,
      4405, 4500, 4501, -1,
      4405, 4501, 4406, -1,
      4406, 4501, 4502, -1,
      4406, 4502, 4407, -1,
      4407, 4502, 4503, -1,
      4407, 4503, 4408, -1,
      4408, 4503, 4504, -1,
      4408, 4504, 4409, -1,
      4409, 4504, 4505, -1,
      4409, 4505, 4410, -1,
      4410, 4505, 4506, -1,
      4410, 4506, 4411, -1,
      4411, 4506, 4507, -1,
      4411, 4507, 4412, -1,
      4412, 4507, 4508, -1,
      4412, 4508, 4413, -1,
      4413, 4508, 4509, -1,
      4413, 4509, 4414, -1,
      4414, 4509, 4510, -1,
      4414, 4510, 4415, -1,
      4415, 4510, 4511, -1,
      4415, 4511, 4416, -1,
      4416, 4511, 4512, -1,
      4416, 4512, 4417, -1,
      4417, 4512, 4513, -1,
      4417, 4513, 4418, -1,
      4418, 4513, 4514, -1,
      4418, 4514, 4419, -1,
      4419, 4514, 4515, -1,
      4419, 4515, 4420, -1,
      4420, 4515, 4516, -1,
      4420, 4516, 4421, -1,
      4421, 4516, 4517, -1,
      4421, 4517, 4422, -1,
      4422, 4517, 4518, -1,
      4422, 4518, 4423, -1,
      4423, 4518, 4519, -1,
      4423, 4519, 4424, -1,
      4424, 4519, 4520, -1,
      4424, 4520, 4425, -1,
      4425, 4520, 4521, -1,
      4425, 4521, 4426, -1,
      4426, 4521, 4522, -1,
      4426, 4522, 4427, -1,
      4427, 4522, 4523, -1,
      4427, 4523, 4428, -1,
      4428, 4523, 4524, -1,
      4428, 4524, 4429, -1,
      4429, 4524, 4525, -1,
      4429, 4525, 4430, -1,
      4430, 4525, 4526, -1,
      4430, 4526, 4431, -1,
      4431, 4526, 4527, -1,
      4431, 4527, 4432, -1,
      4432, 4527, 4528, -1,
      4432, 4528, 4433, -1,
      4433, 4528, 4529, -1,
      4433, 4529, 4434, -1,
      4434, 4529, 4530, -1,
      4434, 4530, 4435, -1,
      4435, 4530, 4531, -1,
      4435, 4531, 4436, -1,
      4436, 4531, 4532, -1,
      4436, 4532, 4437, -1,
      4437, 4532, 4533, -1,
      4437, 4533, 4438, -1,
      4438, 4533, 4534, -1,
      4438, 4534, 4439, -1,
      4439, 4534, 4535, -1,
      4439, 4535, 4440, -1,
      4440, 4535, 4536, -1,
      4440, 4536, 4441, -1,
      4441, 4536, 4537, -1,
      4441, 4537, 4442, -1,
      4442, 4537, 4538, -1,
      4442, 4538, 4443, -1,
      4443, 4538, 4539, -1,
      4443, 4539, 4444, -1,
      4444, 4539, 4540, -1,
      4444, 4540, 4445, -1,
      4445, 4540, 4541, -1,
      4445, 4541, 4446, -1,
      4446, 4541, 4542, -1,
      4446, 4542, 4447, -1,
      4447, 4542, 4543, -1,
      4447, 4543, 4448, -1,
      4448, 4543, 4544, -1,
      4448, 4544, 4449, -1,
      4449, 4544, 4545, -1,
      4449, 4545, 4450, -1,
      4450, 4545, 4546, -1,
      4450, 4546, 4451, -1,
      4451, 4546, 4547, -1,
      4451, 4547, 4452, -1,
      4452, 4547, 4548, -1,
      4452, 4548, 4453, -1,
      4453, 4548, 4549, -1,
      4453, 4549, 4454, -1,
      4454, 4549, 4550, -1,
      4454, 4550, 4455, -1,
      4455, 4550, 4551, -1,
      4455, 4551, 4456, -1,
      4456, 4551, 4552, -1,
      4456, 4552, 4457, -1,
      4457, 4552, 4553, -1,
      4457, 4553, 4458, -1,
      4458, 4553, 4554, -1,
      4458, 4554, 4459, -1,
      4459, 4554, 4555, -1,
      4459, 4555, 4460, -1,
      4460, 4555, 2308, -1,
      4460, 2308, 4461, -1,
      4461, 2308, 2195, -1,
      4461, 2195, 4462, -1,
      4462, 2195, 2082, -1,
      4462, 2082, 4463, -1,
      4463, 2082, 1969, -1,
      4463, 1969, 4464, -1,
      4464, 1969, 175, -1,
      4464, 175, 4465, -1,
      4465, 175, 165, -1,
      4465, 165, 168, -1,
      4466, 4556, 4467, -1,
      4467, 4556, 4557, -1,
      4467, 4557, 4468, -1,
      4468, 4557, 4558, -1,
      4468, 4558, 4469, -1,
      4469, 4558, 4559, -1,
      4469, 4559, 4470, -1,
      4470, 4559, 4560, -1,
      4470, 4560, 4471, -1,
      4471, 4560, 4561, -1,
      4471, 4561, 4472, -1,
      4472, 4561, 4562, -1,
      4472, 4562, 4473, -1,
      4473, 4562, 4563, -1,
      4473, 4563, 4474, -1,
      4474, 4563, 4564, -1,
      4474, 4564, 4475, -1,
      4475, 4564, 4565, -1,
      4475, 4565, 4476, -1,
      4476, 4565, 4566, -1,
      4476, 4566, 4477, -1,
      4477, 4566, 4567, -1,
      4477, 4567, 4478, -1,
      4478, 4567, 4568, -1,
      4478, 4568, 4479, -1,
      4479, 4568, 4569, -1,
      4479, 4569, 4480, -1,
      4480, 4569, 4570, -1,
      4480, 4570, 4481, -1,
      4481, 4570, 4571, -1,
      4481, 4571, 4482, -1,
      4482, 4571, 4572, -1,
      4482, 4572, 4483, -1,
      4483, 4572, 4573, -1,
      4483, 4573, 4484, -1,
      4484, 4573, 4574, -1,
      4484, 4574, 4485, -1,
      4485, 4574, 4575, -1,
      4485, 4575, 4486, -1,
      4486, 4575, 4576, -1,
      4486, 4576, 4487, -1,
      4487, 4576, 4577, -1,
      4487, 4577, 4488, -1,
      4488, 4577, 4578, -1,
      4488, 4578, 4489, -1,
      4489, 4578, 4579, -1,
      4489, 4579, 4490, -1,
      4490, 4579, 4580, -1,
      4490, 4580, 4491, -1,
      4491, 4580, 4581, -1,
      4491, 4581, 4492, -1,
      4492, 4581, 4582, -1,
      4492, 4582, 4493, -1,
      4493, 4582, 4583, -1,
      4493, 4583, 4494, -1,
      4494, 4583, 4584, -1,
      4494, 4584, 4495, -1,
      4495, 4584, 4585, -1,
      4495, 4585, 4496, -1,
      4496, 4585, 4586, -1,
      4496, 4586, 4497, -1,
      4497, 4586, 4587, -1,
      4497, 4587, 4498, -1,
      4498, 4587, 4588, -1,
      4498, 4588, 4499, -1,
      4499, 4588, 4589, -1,
      4499, 4589, 4500, -1,
      4500, 4589, 4590, -1,
      4500, 4590, 4501, -1,
      4501, 4590, 4591, -1,
      4501, 4591, 4502, -1,
      4502, 4591, 4592, -1,
      4502, 4592, 4503, -1,
      4503, 4592, 4593, -1,
      4503, 4593, 4504, -1,
      4504, 4593, 4594, -1,
      4504, 4594, 4505, -1,
      4505, 4594, 4595, -1,
      4505, 4595, 4506, -1,
      4506, 4595, 4596, -1,
      4506, 4596, 4507, -1,
      4507, 4596, 4597, -1,
      4507, 4597, 4508, -1,
      4508, 4597, 4598, -1,
      4508, 4598, 4509, -1,
      4509, 4598, 4599, -1,
      4509, 4599, 4510, -1,
      4510, 4599, 4600, -1,
      4510, 4600, 4511, -1,
      4511, 4600, 4601, -1,
      4511, 4601, 4512, -1,
      4512, 4601, 4602, -1,
      4512, 4602, 4513, -1,
      4513, 4602, 4603, -1,
      4513, 4603, 4514, -1,
      4514, 4603, 4604, -1,
      4514, 4604, 4515, -1,
      4515, 4604, 4605, -1,
      4515, 4605, 4516, -1,
      4516, 4605, 4606, -1,
      4516, 4606, 4517, -1,
      4517, 4606, 4607, -1,
      4517, 4607, 4518, -1,
      4518, 4607, 4608, -1,
      4518, 4608, 4519, -1,
      4519, 4608, 4609, -1,
      4519, 4609, 4520, -1,
      4520, 4609, 4610, -1,
      4520, 4610, 4521, -1,
      4521, 4610, 4611, -1,
      4521, 4611, 4522, -1,
      4522, 4611, 4612, -1,
      4522, 4612, 4523, -1,
      4523, 4612, 4613, -1,
      4523, 4613, 4524, -1,
      4524, 4613, 4614, -1,
      4524, 4614, 4525, -1,
      4525, 4614, 4615, -1,
      4525, 4615, 4526, -1,
      4526, 4615, 4616, -1,
      4526, 4616, 4527, -1,
      4527, 4616, 4617, -1,
      4527, 4617, 4528, -1,
      4528, 4617, 4618, -1,
      4528, 4618, 4529, -1,
      4529, 4618, 4619, -1,
      4529, 4619, 4530, -1,
      4530, 4619, 4620, -1,
      4530, 4620, 4531, -1,
      4531, 4620, 4621, -1,
      4531, 4621, 4532, -1,
      4532, 4621, 4622, -1,
      4532, 4622, 4533, -1,
      4533, 4622, 4623, -1,
      4533, 4623, 4534, -1,
      4534, 4623, 4624, -1,
      4534, 4624, 4535, -1,
      4535, 4624, 4625, -1,
      4535, 4625, 4536, -1,
      4536, 4625, 4626, -1,
      4536, 4626, 4537, -1,
      4537, 4626, 4627, -1,
      4537, 4627, 4538, -1,
      4538, 4627, 4628, -1,
      4538, 4628, 4539, -1,
      4539, 4628, 4629, -1,
      4539, 4629, 4540, -1,
      4540, 4629, 4630, -1,
      4540, 4630, 4541, -1,
      4541, 4630, 4631, -1,
      4541, 4631, 4542, -1,
      4542, 4631, 4632, -1,
      4542, 4632, 4543, -1,
      4543, 4632, 4633, -1,
      4543, 4633, 4544, -1,
      4544, 4633, 4634, -1,
      4544, 4634, 4545, -1,
      4545, 4634, 4635, -1,
      4545, 4635, 4546, -1,
      4546, 4635, 4636, -1,
      4546, 4636, 4547, -1,
      4547, 4636, 4637, -1,
      4547, 4637, 4548, -1,
      4548, 4637, 4638, -1,
      4548, 4638, 4549, -1,
      4549, 4638, 4639, -1,
      4549, 4639, 4550, -1,
      4550, 4639, 4640, -1,
      4550, 4640, 4551, -1,
      4551, 4640, 4641, -1,
      4551, 4641, 4552, -1,
      4552, 4641, 4642, -1,
      4552, 4642, 4553, -1,
      4553, 4642, 4643, -1,
      4553, 4643, 4554, -1,
      4554, 4643, 189, -1,
      4554, 189, 4555, -1,
      4555, 189, 184, -1,
      4555, 184, 2308, -1,
      2308, 184, 12, -1,
      2308, 12, 11, -1,
      4556, 4644, 4557, -1,
      4557, 4644, 4645, -1,
      4557, 4645, 4558, -1,
      4558, 4645, 4646, -1,
      4558, 4646, 4559, -1,
      4559, 4646, 4647, -1,
      4559, 4647, 4560, -1,
      4560, 4647, 4648, -1,
      4560, 4648, 4561, -1,
      4561, 4648, 4649, -1,
      4561, 4649, 4562, -1,
      4562, 4649, 4650, -1,
      4562, 4650, 4563, -1,
      4563, 4650, 4651, -1,
      4563, 4651, 4564, -1,
      4564, 4651, 4652, -1,
      4564, 4652, 4565, -1,
      4565, 4652, 4653, -1,
      4565, 4653, 4566, -1,
      4566, 4653, 4654, -1,
      4566, 4654, 4567, -1,
      4567, 4654, 4655, -1,
      4567, 4655, 4568, -1,
      4568, 4655, 4656, -1,
      4568, 4656, 4569, -1,
      4569, 4656, 4657, -1,
      4569, 4657, 4570, -1,
      4570, 4657, 4658, -1,
      4570, 4658, 4571, -1,
      4571, 4658, 4659, -1,
      4571, 4659, 4572, -1,
      4572, 4659, 4660, -1,
      4572, 4660, 4573, -1,
      4573, 4660, 4661, -1,
      4573, 4661, 4574, -1,
      4574, 4661, 4662, -1,
      4574, 4662, 4575, -1,
      4575, 4662, 4663, -1,
      4575, 4663, 4576, -1,
      4576, 4663, 4664, -1,
      4576, 4664, 4577, -1,
      4577, 4664, 4665, -1,
      4577, 4665, 4578, -1,
      4578, 4665, 4666, -1,
      4578, 4666, 4579, -1,
      4579, 4666, 4667, -1,
      4579, 4667, 4580, -1,
      4580, 4667, 4668, -1,
      4580, 4668, 4581, -1,
      4581, 4668, 4669, -1,
      4581, 4669, 4582, -1,
      4582, 4669, 4670, -1,
      4582, 4670, 4583, -1,
      4583, 4670, 4671, -1,
      4583, 4671, 4584, -1,
      4584, 4671, 4672, -1,
      4584, 4672, 4585, -1,
      4585, 4672, 4673, -1,
      4585, 4673, 4586, -1,
      4586, 4673, 4674, -1,
      4586, 4674, 4587, -1,
      4587, 4674, 4675, -1,
      4587, 4675, 4588, -1,
      4588, 4675, 4676, -1,
      4588, 4676, 4589, -1,
      4589, 4676, 4677, -1,
      4589, 4677, 4590, -1,
      4590, 4677, 4678, -1,
      4590, 4678, 4591, -1,
      4591, 4678, 4679, -1,
      4591, 4679, 4592, -1,
      4592, 4679, 4680, -1,
      4592, 4680, 4593, -1,
      4593, 4680, 4681, -1,
      4593, 4681, 4594, -1,
      4594, 4681, 4682, -1,
      4594, 4682, 4595, -1,
      4595, 4682, 4683, -1,
      4595, 4683, 4596, -1,
      4596, 4683, 4684, -1,
      4596, 4684, 4597, -1,
      4597, 4684, 4685, -1,
      4597, 4685, 4598, -1,
      4598, 4685, 4686, -1,
      4598, 4686, 4599, -1,
      4599, 4686, 4687, -1,
      4599, 4687, 4600, -1,
      4600, 4687, 4688, -1,
      4600, 4688, 4601, -1,
      4601, 4688, 4689, -1,
      4601, 4689, 4602, -1,
      4602, 4689, 4690, -1,
      4602, 4690, 4603, -1,
      4603, 4690, 4691, -1,
      4603, 4691, 4604, -1,
      4604, 4691, 4692, -1,
      4604, 4692, 4605, -1,
      4605, 4692, 4693, -1,
      4605, 4693, 4606, -1,
      4606, 4693, 4694, -1,
      4606, 4694, 4607, -1,
      4607, 4694, 4695, -1,
      4607, 4695, 4608, -1,
      4608, 4695, 4696, -1,
      4608, 4696, 4609, -1,
      4609, 4696, 4697, -1,
      4609, 4697, 4610, -1,
      4610, 4697, 4698, -1,
      4610, 4698, 4611, -1,
      4611, 4698, 4699, -1,
      4611, 4699, 4612, -1,
      4612, 4699, 4700, -1,
      4612, 4700, 4613, -1,
      4613, 4700, 4701, -1,
      4613, 4701, 4614, -1,
      4614, 4701, 4702, -1,
      4614, 4702, 4615, -1,
      4615, 4702, 4703, -1,
      4615, 4703, 4616, -1,
      4616, 4703, 4704, -1,
      4616, 4704, 4617, -1,
      4617, 4704, 4705, -1,
      4617, 4705, 4618, -1,
      4618, 4705, 4706, -1,
      4618, 4706, 4619, -1,
      4619, 4706, 4707, -1,
      4619, 4707, 4620, -1,
      4620, 4707, 4708, -1,
      4620, 4708, 4621, -1,
      4621, 4708, 4709, -1,
      4621, 4709, 4622, -1,
      4622, 4709, 4710, -1,
      4622, 4710, 4623, -1,
      4623, 4710, 4711, -1,
      4623, 4711, 4624, -1,
      4624, 4711, 4712, -1,
      4624, 4712, 4625, -1,
      4625, 4712, 4713, -1,
      4625, 4713, 4626, -1,
      4626, 4713, 4714, -1,
      4626, 4714, 4627, -1,
      4627, 4714, 4715, -1,
      4627, 4715, 4628, -1,
      4628, 4715, 4716, -1,
      4628, 4716, 4629, -1,
      4629, 4716, 4717, -1,
      4629, 4717, 4630, -1,
      4630, 4717, 4718, -1,
      4630, 4718, 4631, -1,
      4631, 4718, 4719, -1,
      4631, 4719, 4632, -1,
      4632, 4719, 4720, -1,
      4632, 4720, 4633, -1,
      4633, 4720, 4721, -1,
      4633, 4721, 4634, -1,
      4634, 4721, 4722, -1,
      4634, 4722, 4635, -1,
      4635, 4722, 4723, -1,
      4635, 4723, 4636, -1,
      4636, 4723, 4724, -1,
      4636, 4724, 4637, -1,
      4637, 4724, 4725, -1,
      4637, 4725, 4638, -1,
      4638, 4725, 4726, -1,
      4638, 4726, 4639, -1,
      4639, 4726, 4727, -1,
      4639, 4727, 4640, -1,
      4640, 4727, 4728, -1,
      4640, 4728, 4641, -1,
      4641, 4728, 4729, -1,
      4641, 4729, 4642, -1,
      4642, 4729, 4730, -1,
      4642, 4730, 4643, -1,
      4643, 4730, 183, -1,
      4643, 183, 189, -1,
      189, 183, 14, -1,
      189, 14, 13, -1,
      4644, 4731, 4645, -1,
      4645, 4731, 4732, -1,
      4645, 4732, 4646, -1,
      4646, 4732, 4733, -1,
      4646, 4733, 4647, -1,
      4647, 4733, 4734, -1,
      4647, 4734, 4648, -1,
      4648, 4734, 4735, -1,
      4648, 4735, 4649, -1,
      4649, 4735, 4736, -1,
      4649, 4736, 4650, -1,
      4650, 4736, 4737, -1,
      4650, 4737, 4651, -1,
      4651, 4737, 4738, -1,
      4651, 4738, 4652, -1,
      4652, 4738, 4739, -1,
      4652, 4739, 4653, -1,
      4653, 4739, 4740, -1,
      4653, 4740, 4654, -1,
      4654, 4740, 4741, -1,
      4654, 4741, 4655, -1,
      4655, 4741, 4742, -1,
      4655, 4742, 4656, -1,
      4656, 4742, 4743, -1,
      4656, 4743, 4657, -1,
      4657, 4743, 4744, -1,
      4657, 4744, 4658, -1,
      4658, 4744, 4745, -1,
      4658, 4745, 4659, -1,
      4659, 4745, 4746, -1,
      4659, 4746, 4660, -1,
      4660, 4746, 4747, -1,
      4660, 4747, 4661, -1,
      4661, 4747, 4748, -1,
      4661, 4748, 4662, -1,
      4662, 4748, 4749, -1,
      4662, 4749, 4663, -1,
      4663, 4749, 4750, -1,
      4663, 4750, 4664, -1,
      4664, 4750, 4751, -1,
      4664, 4751, 4665, -1,
      4665, 4751, 4752, -1,
      4665, 4752, 4666, -1,
      4666, 4752, 4753, -1,
      4666, 4753, 4667, -1,
      4667, 4753, 4754, -1,
      4667, 4754, 4668, -1,
      4668, 4754, 4755, -1,
      4668, 4755, 4669, -1,
      4669, 4755, 4756, -1,
      4669, 4756, 4670, -1,
      4670, 4756, 4757, -1,
      4670, 4757, 4671, -1,
      4671, 4757, 4758, -1,
      4671, 4758, 4672, -1,
      4672, 4758, 4759, -1,
      4672, 4759, 4673, -1,
      4673, 4759, 4760, -1,
      4673, 4760, 4674, -1,
      4674, 4760, 4761, -1,
      4674, 4761, 4675, -1,
      4675, 4761, 4762, -1,
      4675, 4762, 4676, -1,
      4676, 4762, 4763, -1,
      4676, 4763, 4677, -1,
      4677, 4763, 4764, -1,
      4677, 4764, 4678, -1,
      4678, 4764, 4765, -1,
      4678, 4765, 4679, -1,
      4679, 4765, 4766, -1,
      4679, 4766, 4680, -1,
      4680, 4766, 4767, -1,
      4680, 4767, 4681, -1,
      4681, 4767, 4768, -1,
      4681, 4768, 4682, -1,
      4682, 4768, 4769, -1,
      4682, 4769, 4683, -1,
      4683, 4769, 4770, -1,
      4683, 4770, 4684, -1,
      4684, 4770, 4771, -1,
      4684, 4771, 4685, -1,
      4685, 4771, 4772, -1,
      4685, 4772, 4686, -1,
      4686, 4772, 4773, -1,
      4686, 4773, 4687, -1,
      4687, 4773, 4774, -1,
      4687, 4774, 4688, -1,
      4688, 4774, 4775, -1,
      4688, 4775, 4689, -1,
      4689, 4775, 4776, -1,
      4689, 4776, 4690, -1,
      4690, 4776, 4777, -1,
      4690, 4777, 4691, -1,
      4691, 4777, 4778, -1,
      4691, 4778, 4692, -1,
      4692, 4778, 4779, -1,
      4692, 4779, 4693, -1,
      4693, 4779, 4780, -1,
      4693, 4780, 4694, -1,
      4694, 4780, 4781, -1,
      4694, 4781, 4695, -1,
      4695, 4781, 4782, -1,
      4695, 4782, 4696, -1,
      4696, 4782, 4783, -1,
      4696, 4783, 4697, -1,
      4697, 4783, 4784, -1,
      4697, 4784, 4698, -1,
      4698, 4784, 4785, -1,
      4698, 4785, 4699, -1,
      4699, 4785, 4786, -1,
      4699, 4786, 4700, -1,
      4700, 4786, 4787, -1,
      4700, 4787, 4701, -1,
      4701, 4787, 4788, -1,
      4701, 4788, 4702, -1,
      4702, 4788, 4789, -1,
      4702, 4789, 4703, -1,
      4703, 4789, 4790, -1,
      4703, 4790, 4704, -1,
      4704, 4790, 4791, -1,
      4704, 4791, 4705, -1,
      4705, 4791, 4792, -1,
      4705, 4792, 4706, -1,
      4706, 4792, 4793, -1,
      4706, 4793, 4707, -1,
      4707, 4793, 4794, -1,
      4707, 4794, 4708, -1,
      4708, 4794, 4795, -1,
      4708, 4795, 4709, -1,
      4709, 4795, 4796, -1,
      4709, 4796, 4710, -1,
      4710, 4796, 4797, -1,
      4710, 4797, 4711, -1,
      4711, 4797, 4798, -1,
      4711, 4798, 4712, -1,
      4712, 4798, 4799, -1,
      4712, 4799, 4713, -1,
      4713, 4799, 4800, -1,
      4713, 4800, 4714, -1,
      4714, 4800, 4801, -1,
      4714, 4801, 4715, -1,
      4715, 4801, 4802, -1,
      4715, 4802, 4716, -1,
      4716, 4802, 4803, -1,
      4716, 4803, 4717, -1,
      4717, 4803, 4804, -1,
      4717, 4804, 4718, -1,
      4718, 4804, 4805, -1,
      4718, 4805, 4719, -1,
      4719, 4805, 4806, -1,
      4719, 4806, 4720, -1,
      4720, 4806, 4807, -1,
      4720, 4807, 4721, -1,
      4721, 4807, 4808, -1,
      4721, 4808, 4722, -1,
      4722, 4808, 4809, -1,
      4722, 4809, 4723, -1,
      4723, 4809, 4810, -1,
      4723, 4810, 4724, -1,
      4724, 4810, 4811, -1,
      4724, 4811, 4725, -1,
      4725, 4811, 4812, -1,
      4725, 4812, 4726, -1,
      4726, 4812, 4813, -1,
      4726, 4813, 4727, -1,
      4727, 4813, 4814, -1,
      4727, 4814, 4728, -1,
      4728, 4814, 4815, -1,
      4728, 4815, 4729, -1,
      4729, 4815, 4816, -1,
      4729, 4816, 4730, -1,
      4730, 4816, 190, -1,
      4730, 190, 183, -1,
      183, 190, 26, -1,
      183, 26, 18, -1,
      4731, 4817, 4732, -1,
      4732, 4817, 4818, -1,
      4732, 4818, 4733, -1,
      4733, 4818, 4819, -1,
      4733, 4819, 4734, -1,
      4734, 4819, 4820, -1,
      4734, 4820, 4735, -1,
      4735, 4820, 4821, -1,
      4735, 4821, 4736, -1,
      4736, 4821, 4822, -1,
      4736, 4822, 4737, -1,
      4737, 4822, 4823, -1,
      4737, 4823, 4738, -1,
      4738, 4823, 4824, -1,
      4738, 4824, 4739, -1,
      4739, 4824, 4825, -1,
      4739, 4825, 4740, -1,
      4740, 4825, 4826, -1,
      4740, 4826, 4741, -1,
      4741, 4826, 4827, -1,
      4741, 4827, 4742, -1,
      4742, 4827, 4828, -1,
      4742, 4828, 4743, -1,
      4743, 4828, 4829, -1,
      4743, 4829, 4744, -1,
      4744, 4829, 4830, -1,
      4744, 4830, 4745, -1,
      4745, 4830, 4831, -1,
      4745, 4831, 4746, -1,
      4746, 4831, 4832, -1,
      4746, 4832, 4747, -1,
      4747, 4832, 4833, -1,
      4747, 4833, 4748, -1,
      4748, 4833, 4834, -1,
      4748, 4834, 4749, -1,
      4749, 4834, 4835, -1,
      4749, 4835, 4750, -1,
      4750, 4835, 4836, -1,
      4750, 4836, 4751, -1,
      4751, 4836, 4837, -1,
      4751, 4837, 4752, -1,
      4752, 4837, 4838, -1,
      4752, 4838, 4753, -1,
      4753, 4838, 4839, -1,
      4753, 4839, 4754, -1,
      4754, 4839, 4840, -1,
      4754, 4840, 4755, -1,
      4755, 4840, 4841, -1,
      4755, 4841, 4756, -1,
      4756, 4841, 4842, -1,
      4756, 4842, 4757, -1,
      4757, 4842, 4843, -1,
      4757, 4843, 4758, -1,
      4758, 4843, 4844, -1,
      4758, 4844, 4759, -1,
      4759, 4844, 4845, -1,
      4759, 4845, 4760, -1,
      4760, 4845, 4846, -1,
      4760, 4846, 4761, -1,
      4761, 4846, 4847, -1,
      4761, 4847, 4762, -1,
      4762, 4847, 4848, -1,
      4762, 4848, 4763, -1,
      4763, 4848, 4849, -1,
      4763, 4849, 4764, -1,
      4764, 4849, 4850, -1,
      4764, 4850, 4765, -1,
      4765, 4850, 4851, -1,
      4765, 4851, 4766, -1,
      4766, 4851, 4852, -1,
      4766, 4852, 4767, -1,
      4767, 4852, 4853, -1,
      4767, 4853, 4768, -1,
      4768, 4853, 4854, -1,
      4768, 4854, 4769, -1,
      4769, 4854, 4855, -1,
      4769, 4855, 4770, -1,
      4770, 4855, 4856, -1,
      4770, 4856, 4771, -1,
      4771, 4856, 4857, -1,
      4771, 4857, 4772, -1,
      4772, 4857, 4858, -1,
      4772, 4858, 4773, -1,
      4773, 4858, 4859, -1,
      4773, 4859, 4774, -1,
      4774, 4859, 4860, -1,
      4774, 4860, 4775, -1,
      4775, 4860, 4861, -1,
      4775, 4861, 4776, -1,
      4776, 4861, 4862, -1,
      4776, 4862, 4777, -1,
      4777, 4862, 4863, -1,
      4777, 4863, 4778, -1,
      4778, 4863, 4864, -1,
      4778, 4864, 4779, -1,
      4779, 4864, 4865, -1,
      4779, 4865, 4780, -1,
      4780, 4865, 4866, -1,
      4780, 4866, 4781, -1,
      4781, 4866, 4867, -1,
      4781, 4867, 4782, -1,
      4782, 4867, 4868, -1,
      4782, 4868, 4783, -1,
      4783, 4868, 4869, -1,
      4783, 4869, 4784, -1,
      4784, 4869, 4870, -1,
      4784, 4870, 4785, -1,
      4785, 4870, 4871, -1,
      4785, 4871, 4786, -1,
      4786, 4871, 4872, -1,
      4786, 4872, 4787, -1,
      4787, 4872, 4873, -1,
      4787, 4873, 4788, -1,
      4788, 4873, 4874, -1,
      4788, 4874, 4789, -1,
      4789, 4874, 4875, -1,
      4789, 4875, 4790, -1,
      4790, 4875, 4876, -1,
      4790, 4876, 4791, -1,
      4791, 4876, 4877, -1,
      4791, 4877, 4792, -1,
      4792, 4877, 4878, -1,
      4792, 4878, 4793, -1,
      4793, 4878, 4879, -1,
      4793, 4879, 4794, -1,
      4794, 4879, 4880, -1,
      4794, 4880, 4795, -1,
      4795, 4880, 4881, -1,
      4795, 4881, 4796, -1,
      4796, 4881, 4882, -1,
      4796, 4882, 4797, -1,
      4797, 4882, 4883, -1,
      4797, 4883, 4798, -1,
      4798, 4883, 4884, -1,
      4798, 4884, 4799, -1,
      4799, 4884, 4885, -1,
      4799, 4885, 4800, -1,
      4800, 4885, 4886, -1,
      4800, 4886, 4801, -1,
      4801, 4886, 4887, -1,
      4801, 4887, 4802, -1,
      4802, 4887, 4888, -1,
      4802, 4888, 4803, -1,
      4803, 4888, 4889, -1,
      4803, 4889, 4804, -1,
      4804, 4889, 4890, -1,
      4804, 4890, 4805, -1,
      4805, 4890, 4891, -1,
      4805, 4891, 4806, -1,
      4806, 4891, 4892, -1,
      4806, 4892, 4807, -1,
      4807, 4892, 4893, -1,
      4807, 4893, 4808, -1,
      4808, 4893, 4894, -1,
      4808, 4894, 4809, -1,
      4809, 4894, 4895, -1,
      4809, 4895, 4810, -1,
      4810, 4895, 4896, -1,
      4810, 4896, 4811, -1,
      4811, 4896, 4897, -1,
      4811, 4897, 4812, -1,
      4812, 4897, 4898, -1,
      4812, 4898, 4813, -1,
      4813, 4898, 4899, -1,
      4813, 4899, 4814, -1,
      4814, 4899, 4900, -1,
      4814, 4900, 4815, -1,
      4815, 4900, 4901, -1,
      4815, 4901, 4816, -1,
      4816, 4901, 191, -1,
      4816, 191, 190, -1,
      190, 191, 42, -1,
      190, 42, 43, -1,
      4817, 4902, 4818, -1,
      4818, 4902, 4903, -1,
      4818, 4903, 4819, -1,
      4819, 4903, 4904, -1,
      4819, 4904, 4820, -1,
      4820, 4904, 4905, -1,
      4820, 4905, 4821, -1,
      4821, 4905, 4906, -1,
      4821, 4906, 4822, -1,
      4822, 4906, 4907, -1,
      4822, 4907, 4823, -1,
      4823, 4907, 4908, -1,
      4823, 4908, 4824, -1,
      4824, 4908, 4909, -1,
      4824, 4909, 4825, -1,
      4825, 4909, 4910, -1,
      4825, 4910, 4826, -1,
      4826, 4910, 4911, -1,
      4826, 4911, 4827, -1,
      4827, 4911, 4912, -1,
      4827, 4912, 4828, -1,
      4828, 4912, 4913, -1,
      4828, 4913, 4829, -1,
      4829, 4913, 4914, -1,
      4829, 4914, 4830, -1,
      4830, 4914, 4915, -1,
      4830, 4915, 4831, -1,
      4831, 4915, 4916, -1,
      4831, 4916, 4832, -1,
      4832, 4916, 4917, -1,
      4832, 4917, 4833, -1,
      4833, 4917, 4918, -1,
      4833, 4918, 4834, -1,
      4834, 4918, 4919, -1,
      4834, 4919, 4835, -1,
      4835, 4919, 4920, -1,
      4835, 4920, 4836, -1,
      4836, 4920, 4921, -1,
      4836, 4921, 4837, -1,
      4837, 4921, 4922, -1,
      4837, 4922, 4838, -1,
      4838, 4922, 4923, -1,
      4838, 4923, 4839, -1,
      4839, 4923, 4924, -1,
      4839, 4924, 4840, -1,
      4840, 4924, 4925, -1,
      4840, 4925, 4841, -1,
      4841, 4925, 4926, -1,
      4841, 4926, 4842, -1,
      4842, 4926, 4927, -1,
      4842, 4927, 4843, -1,
      4843, 4927, 4928, -1,
      4843, 4928, 4844, -1,
      4844, 4928, 4929, -1,
      4844, 4929, 4845, -1,
      4845, 4929, 4930, -1,
      4845, 4930, 4846, -1,
      4846, 4930, 4931, -1,
      4846, 4931, 4847, -1,
      4847, 4931, 4932, -1,
      4847, 4932, 4848, -1,
      4848, 4932, 4933, -1,
      4848, 4933, 4849, -1,
      4849, 4933, 4934, -1,
      4849, 4934, 4850, -1,
      4850, 4934, 4935, -1,
      4850, 4935, 4851, -1,
      4851, 4935, 4936, -1,
      4851, 4936, 4852, -1,
      4852, 4936, 4937, -1,
      4852, 4937, 4853, -1,
      4853, 4937, 4938, -1,
      4853, 4938, 4854, -1,
      4854, 4938, 4939, -1,
      4854, 4939, 4855, -1,
      4855, 4939, 4940, -1,
      4855, 4940, 4856, -1,
      4856, 4940, 4941, -1,
      4856, 4941, 4857, -1,
      4857, 4941, 4942, -1,
      4857, 4942, 4858, -1,
      4858, 4942, 4943, -1,
      4858, 4943, 4859, -1,
      4859, 4943, 4944, -1,
      4859, 4944, 4860, -1,
      4860, 4944, 4945, -1,
      4860, 4945, 4861, -1,
      4861, 4945, 4946, -1,
      4861, 4946, 4862, -1,
      4862, 4946, 4947, -1,
      4862, 4947, 4863, -1,
      4863, 4947, 4948, -1,
      4863, 4948, 4864, -1,
      4864, 4948, 4949, -1,
      4864, 4949, 4865, -1,
      4865, 4949, 4950, -1,
      4865, 4950, 4866, -1,
      4866, 4950, 4951, -1,
      4866, 4951, 4867, -1,
      4867, 4951, 4952, -1,
      4867, 4952, 4868, -1,
      4868, 4952, 4953, -1,
      4868, 4953, 4869, -1,
      4869, 4953, 4954, -1,
      4869, 4954, 4870, -1,
      4870, 4954, 4955, -1,
      4870, 4955, 4871, -1,
      4871, 4955, 4956, -1,
      4871, 4956, 4872, -1,
      4872, 4956, 4957, -1,
      4872, 4957, 4873, -1,
      4873, 4957, 4958, -1,
      4873, 4958, 4874, -1,
      4874, 4958, 4959, -1,
      4874, 4959, 4875, -1,
      4875, 4959, 4960, -1,
      4875, 4960, 4876, -1,
      4876, 4960, 4961, -1,
      4876, 4961, 4877, -1,
      4877, 4961, 4962, -1,
      4877, 4962, 4878, -1,
      4878, 4962, 4963, -1,
      4878, 4963, 4879, -1,
      4879, 4963, 4964, -1,
      4879, 4964, 4880, -1,
      4880, 4964, 4965, -1,
      4880, 4965, 4881, -1,
      4881, 4965, 4966, -1,
      4881, 4966, 4882, -1,
      4882, 4966, 4967, -1,
      4882, 4967, 4883, -1,
      4883, 4967, 4968, -1,
      4883, 4968, 4884, -1,
      4884, 4968, 4969, -1,
      4884, 4969, 4885, -1,
      4885, 4969, 4970, -1,
      4885, 4970, 4886, -1,
      4886, 4970, 4971, -1,
      4886, 4971, 4887, -1,
      4887, 4971, 4972, -1,
      4887, 4972, 4888, -1,
      4888, 4972, 4973, -1,
      4888, 4973, 4889, -1,
      4889, 4973, 4974, -1,
      4889, 4974, 4890, -1,
      4890, 4974, 4975, -1,
      4890, 4975, 4891, -1,
      4891, 4975, 4976, -1,
      4891, 4976, 4892, -1,
      4892, 4976, 4977, -1,
      4892, 4977, 4893, -1,
      4893, 4977, 4978, -1,
      4893, 4978, 4894, -1,
      4894, 4978, 4979, -1,
      4894, 4979, 4895, -1,
      4895, 4979, 4980, -1,
      4895, 4980, 4896, -1,
      4896, 4980, 4981, -1,
      4896, 4981, 4897, -1,
      4897, 4981, 4982, -1,
      4897, 4982, 4898, -1,
      4898, 4982, 4983, -1,
      4898, 4983, 4899, -1,
      4899, 4983, 4984, -1,
      4899, 4984, 4900, -1,
      4900, 4984, 4985, -1,
      4900, 4985, 4901, -1,
      4901, 4985, 4986, -1,
      4901, 4986, 191, -1,
      191, 4986, 19, -1,
      191, 19, 9, -1,
      4, 19, 182, -1,
      182, 19, 4986, -1,
      182, 4986, 4987, -1,
      4987, 4986, 4985, -1,
      4987, 4985, 4988, -1,
      4988, 4985, 4984, -1,
      4988, 4984, 4989, -1,
      4989, 4984, 4983, -1,
      4989, 4983, 4990, -1,
      4990, 4983, 4982, -1,
      4990, 4982, 4991, -1,
      4991, 4982, 4981, -1,
      4991, 4981, 4992, -1,
      4992, 4981, 4980, -1,
      4992, 4980, 4993, -1,
      4993, 4980, 4979, -1,
      4993, 4979, 4994, -1,
      4994, 4979, 4978, -1,
      4994, 4978, 4995, -1,
      4995, 4978, 4977, -1,
      4995, 4977, 4996, -1,
      4996, 4977, 4976, -1,
      4996, 4976, 4997, -1,
      4997, 4976, 4975, -1,
      4997, 4975, 4998, -1,
      4998, 4975, 4974, -1,
      4998, 4974, 4999, -1,
      4999, 4974, 4973, -1,
      4999, 4973, 5000, -1,
      5000, 4973, 4972, -1,
      5000, 4972, 5001, -1,
      5001, 4972, 4971, -1,
      5001, 4971, 5002, -1,
      5002, 4971, 4970, -1,
      5002, 4970, 5003, -1,
      5003, 4970, 4969, -1,
      5003, 4969, 5004, -1,
      5004, 4969, 4968, -1,
      5004, 4968, 5005, -1,
      5005, 4968, 4967, -1,
      5005, 4967, 5006, -1,
      5006, 4967, 4966, -1,
      5006, 4966, 5007, -1,
      5007, 4966, 4965, -1,
      5007, 4965, 5008, -1,
      5008, 4965, 4964, -1,
      5008, 4964, 5009, -1,
      5009, 4964, 4963, -1,
      5009, 4963, 5010, -1,
      5010, 4963, 4962, -1,
      5010, 4962, 5011, -1,
      5011, 4962, 4961, -1,
      5011, 4961, 5012, -1,
      5012, 4961, 4960, -1,
      5012, 4960, 5013, -1,
      5013, 4960, 4959, -1,
      5013, 4959, 5014, -1,
      5014, 4959, 4958, -1,
      5014, 4958, 5015, -1,
      5015, 4958, 4957, -1,
      5015, 4957, 5016, -1,
      5016, 4957, 4956, -1,
      5016, 4956, 5017, -1,
      5017, 4956, 4955, -1,
      5017, 4955, 5018, -1,
      5018, 4955, 4954, -1,
      5018, 4954, 5019, -1,
      5019, 4954, 4953, -1,
      5019, 4953, 5020, -1,
      5020, 4953, 4952, -1,
      5020, 4952, 5021, -1,
      5021, 4952, 4951, -1,
      5021, 4951, 5022, -1,
      5022, 4951, 4950, -1,
      5022, 4950, 5023, -1,
      5023, 4950, 4949, -1,
      5023, 4949, 5024, -1,
      5024, 4949, 4948, -1,
      5024, 4948, 5025, -1,
      5025, 4948, 4947, -1,
      5025, 4947, 5026, -1,
      5026, 4947, 4946, -1,
      5026, 4946, 5027, -1,
      5027, 4946, 4945, -1,
      5027, 4945, 5028, -1,
      5028, 4945, 4944, -1,
      5028, 4944, 5029, -1,
      5029, 4944, 4943, -1,
      5029, 4943, 5030, -1,
      5030, 4943, 4942, -1,
      5030, 4942, 5031, -1,
      5031, 4942, 4941, -1,
      5031, 4941, 5032, -1,
      5032, 4941, 4940, -1,
      5032, 4940, 5033, -1,
      5033, 4940, 4939, -1,
      5033, 4939, 5034, -1,
      5034, 4939, 4938, -1,
      5034, 4938, 5035, -1,
      5035, 4938, 4937, -1,
      5035, 4937, 5036, -1,
      5036, 4937, 4936, -1,
      5036, 4936, 5037, -1,
      5037, 4936, 4935, -1,
      5037, 4935, 5038, -1,
      5038, 4935, 4934, -1,
      5038, 4934, 5039, -1,
      5039, 4934, 4933, -1,
      5039, 4933, 5040, -1,
      5040, 4933, 4932, -1,
      5040, 4932, 5041, -1,
      5041, 4932, 4931, -1,
      5041, 4931, 5042, -1,
      5042, 4931, 4930, -1,
      5042, 4930, 5043, -1,
      5043, 4930, 4929, -1,
      5043, 4929, 5044, -1,
      5044, 4929, 4928, -1,
      5044, 4928, 5045, -1,
      5045, 4928, 4927, -1,
      5045, 4927, 5046, -1,
      5046, 4927, 4926, -1,
      5046, 4926, 5047, -1,
      5047, 4926, 4925, -1,
      5047, 4925, 5048, -1,
      5048, 4925, 4924, -1,
      5048, 4924, 5049, -1,
      5049, 4924, 4923, -1,
      5049, 4923, 5050, -1,
      5050, 4923, 4922, -1,
      5050, 4922, 5051, -1,
      5051, 4922, 4921, -1,
      5051, 4921, 5052, -1,
      5052, 4921, 4920, -1,
      5052, 4920, 5053, -1,
      5053, 4920, 4919, -1,
      5053, 4919, 5054, -1,
      5054, 4919, 4918, -1,
      5054, 4918, 5055, -1,
      5055, 4918, 4917, -1,
      5055, 4917, 5056, -1,
      5056, 4917, 4916, -1,
      5056, 4916, 5057, -1,
      5057, 4916, 4915, -1,
      5057, 4915, 5058, -1,
      5058, 4915, 4914, -1,
      5058, 4914, 5059, -1,
      5059, 4914, 4913, -1,
      5059, 4913, 5060, -1,
      5060, 4913, 4912, -1,
      5060, 4912, 5061, -1,
      5061, 4912, 4911, -1,
      5061, 4911, 5062, -1,
      5062, 4911, 4910, -1,
      5062, 4910, 5063, -1,
      5063, 4910, 4909, -1,
      5063, 4909, 5064, -1,
      5064, 4909, 4908, -1,
      5064, 4908, 5065, -1,
      5065, 4908, 4907, -1,
      5065, 4907, 5066, -1,
      5066, 4907, 4906, -1,
      5066, 4906, 5067, -1,
      5067, 4906, 4905, -1,
      5067, 4905, 5068, -1,
      5068, 4905, 4904, -1,
      5068, 4904, 5069, -1,
      5069, 4904, 4903, -1,
      5069, 4903, 5070, -1,
      5070, 4903, 4902, -1,
      5070, 5071, 5069, -1,
      5069, 5071, 5072, -1,
      5069, 5072, 5068, -1,
      5068, 5072, 5073, -1,
      5068, 5073, 5067, -1,
      5067, 5073, 5074, -1,
      5067, 5074, 5066, -1,
      5066, 5074, 5075, -1,
      5066, 5075, 5065, -1,
      5065, 5075, 5076, -1,
      5065, 5076, 5064, -1,
      5064, 5076, 5077, -1,
      5064, 5077, 5063, -1,
      5063, 5077, 5078, -1,
      5063, 5078, 5062, -1,
      5062, 5078, 5079, -1,
      5062, 5079, 5061, -1,
      5061, 5079, 5080, -1,
      5061, 5080, 5060, -1,
      5060, 5080, 5081, -1,
      5060, 5081, 5059, -1,
      5059, 5081, 5082, -1,
      5059, 5082, 5058, -1,
      5058, 5082, 5083, -1,
      5058, 5083, 5057, -1,
      5057, 5083, 5084, -1,
      5057, 5084, 5056, -1,
      5056, 5084, 5085, -1,
      5056, 5085, 5055, -1,
      5055, 5085, 5086, -1,
      5055, 5086, 5054, -1,
      5054, 5086, 5087, -1,
      5054, 5087, 5053, -1,
      5053, 5087, 5088, -1,
      5053, 5088, 5052, -1,
      5052, 5088, 5089, -1,
      5052, 5089, 5051, -1,
      5051, 5089, 5090, -1,
      5051, 5090, 5050, -1,
      5050, 5090, 5091, -1,
      5050, 5091, 5049, -1,
      5049, 5091, 5092, -1,
      5049, 5092, 5048, -1,
      5048, 5092, 5093, -1,
      5048, 5093, 5047, -1,
      5047, 5093, 5094, -1,
      5047, 5094, 5046, -1,
      5046, 5094, 5095, -1,
      5046, 5095, 5045, -1,
      5045, 5095, 5096, -1,
      5045, 5096, 5044, -1,
      5044, 5096, 5097, -1,
      5044, 5097, 5043, -1,
      5043, 5097, 5098, -1,
      5043, 5098, 5042, -1,
      5042, 5098, 5099, -1,
      5042, 5099, 5041, -1,
      5041, 5099, 5100, -1,
      5041, 5100, 5040, -1,
      5040, 5100, 5101, -1,
      5040, 5101, 5039, -1,
      5039, 5101, 5102, -1,
      5039, 5102, 5038, -1,
      5038, 5102, 5103, -1,
      5038, 5103, 5037, -1,
      5037, 5103, 5104, -1,
      5037, 5104, 5036, -1,
      5036, 5104, 5105, -1,
      5036, 5105, 5035, -1,
      5035, 5105, 5106, -1,
      5035, 5106, 5034, -1,
      5034, 5106, 5107, -1,
      5034, 5107, 5033, -1,
      5033, 5107, 5108, -1,
      5033, 5108, 5032, -1,
      5032, 5108, 5109, -1,
      5032, 5109, 5031, -1,
      5031, 5109, 5110, -1,
      5031, 5110, 5030, -1,
      5030, 5110, 5111, -1,
      5030, 5111, 5029, -1,
      5029, 5111, 5112, -1,
      5029, 5112, 5028, -1,
      5028, 5112, 5113, -1,
      5028, 5113, 5027, -1,
      5027, 5113, 5114, -1,
      5027, 5114, 5026, -1,
      5026, 5114, 5115, -1,
      5026, 5115, 5025, -1,
      5025, 5115, 5116, -1,
      5025, 5116, 5024, -1,
      5024, 5116, 5117, -1,
      5024, 5117, 5023, -1,
      5023, 5117, 5118, -1,
      5023, 5118, 5022, -1,
      5022, 5118, 5119, -1,
      5022, 5119, 5021, -1,
      5021, 5119, 5120, -1,
      5021, 5120, 5020, -1,
      5020, 5120, 5121, -1,
      5020, 5121, 5019, -1,
      5019, 5121, 5122, -1,
      5019, 5122, 5018, -1,
      5018, 5122, 5123, -1,
      5018, 5123, 5017, -1,
      5017, 5123, 5124, -1,
      5017, 5124, 5016, -1,
      5016, 5124, 5125, -1,
      5016, 5125, 5015, -1,
      5015, 5125, 5126, -1,
      5015, 5126, 5014, -1,
      5014, 5126, 5127, -1,
      5014, 5127, 5013, -1,
      5013, 5127, 5128, -1,
      5013, 5128, 5012, -1,
      5012, 5128, 5129, -1,
      5012, 5129, 5011, -1,
      5011, 5129, 5130, -1,
      5011, 5130, 5010, -1,
      5010, 5130, 5131, -1,
      5010, 5131, 5009, -1,
      5009, 5131, 5132, -1,
      5009, 5132, 5008, -1,
      5008, 5132, 5133, -1,
      5008, 5133, 5007, -1,
      5007, 5133, 5134, -1,
      5007, 5134, 5006, -1,
      5006, 5134, 5135, -1,
      5006, 5135, 5005, -1,
      5005, 5135, 5136, -1,
      5005, 5136, 5004, -1,
      5004, 5136, 5137, -1,
      5004, 5137, 5003, -1,
      5003, 5137, 5138, -1,
      5003, 5138, 5002, -1,
      5002, 5138, 5139, -1,
      5002, 5139, 5001, -1,
      5001, 5139, 5140, -1,
      5001, 5140, 5000, -1,
      5000, 5140, 5141, -1,
      5000, 5141, 4999, -1,
      4999, 5141, 5142, -1,
      4999, 5142, 4998, -1,
      4998, 5142, 5143, -1,
      4998, 5143, 4997, -1,
      4997, 5143, 5144, -1,
      4997, 5144, 4996, -1,
      4996, 5144, 5145, -1,
      4996, 5145, 4995, -1,
      4995, 5145, 5146, -1,
      4995, 5146, 4994, -1,
      4994, 5146, 5147, -1,
      4994, 5147, 4993, -1,
      4993, 5147, 5148, -1,
      4993, 5148, 4992, -1,
      4992, 5148, 5149, -1,
      4992, 5149, 4991, -1,
      4991, 5149, 5150, -1,
      4991, 5150, 4990, -1,
      4990, 5150, 5151, -1,
      4990, 5151, 4989, -1,
      4989, 5151, 5152, -1,
      4989, 5152, 4988, -1,
      4988, 5152, 5153, -1,
      4988, 5153, 4987, -1,
      4987, 5153, 5154, -1,
      4987, 5154, 182, -1,
      182, 5154, 6, -1,
      182, 6, 5, -1,
      7, 6, 192, -1,
      192, 6, 5154, -1,
      192, 5154, 5155, -1,
      5155, 5154, 5153, -1,
      5155, 5153, 5156, -1,
      5156, 5153, 5152, -1,
      5156, 5152, 5157, -1,
      5157, 5152, 5151, -1,
      5157, 5151, 5158, -1,
      5158, 5151, 5150, -1,
      5158, 5150, 5159, -1,
      5159, 5150, 5149, -1,
      5159, 5149, 5160, -1,
      5160, 5149, 5148, -1,
      5160, 5148, 5161, -1,
      5161, 5148, 5147, -1,
      5161, 5147, 5162, -1,
      5162, 5147, 5146, -1,
      5162, 5146, 5163, -1,
      5163, 5146, 5145, -1,
      5163, 5145, 5164, -1,
      5164, 5145, 5144, -1,
      5164, 5144, 5165, -1,
      5165, 5144, 5143, -1,
      5165, 5143, 5166, -1,
      5166, 5143, 5142, -1,
      5166, 5142, 5167, -1,
      5167, 5142, 5141, -1,
      5167, 5141, 5168, -1,
      5168, 5141, 5140, -1,
      5168, 5140, 5169, -1,
      5169, 5140, 5139, -1,
      5169, 5139, 5170, -1,
      5170, 5139, 5138, -1,
      5170, 5138, 5171, -1,
      5171, 5138, 5137, -1,
      5171, 5137, 5172, -1,
      5172, 5137, 5136, -1,
      5172, 5136, 5173, -1,
      5173, 5136, 5135, -1,
      5173, 5135, 5174, -1,
      5174, 5135, 5134, -1,
      5174, 5134, 5175, -1,
      5175, 5134, 5133, -1,
      5175, 5133, 5176, -1,
      5176, 5133, 5132, -1,
      5176, 5132, 5177, -1,
      5177, 5132, 5131, -1,
      5177, 5131, 5178, -1,
      5178, 5131, 5130, -1,
      5178, 5130, 5179, -1,
      5179, 5130, 5129, -1,
      5179, 5129, 5180, -1,
      5180, 5129, 5128, -1,
      5180, 5128, 5181, -1,
      5181, 5128, 5127, -1,
      5181, 5127, 5182, -1,
      5182, 5127, 5126, -1,
      5182, 5126, 5183, -1,
      5183, 5126, 5125, -1,
      5183, 5125, 5184, -1,
      5184, 5125, 5124, -1,
      5184, 5124, 5185, -1,
      5185, 5124, 5123, -1,
      5185, 5123, 5186, -1,
      5186, 5123, 5122, -1,
      5186, 5122, 5187, -1,
      5187, 5122, 5121, -1,
      5187, 5121, 5188, -1,
      5188, 5121, 5120, -1,
      5188, 5120, 5189, -1,
      5189, 5120, 5119, -1,
      5189, 5119, 5190, -1,
      5190, 5119, 5118, -1,
      5190, 5118, 5191, -1,
      5191, 5118, 5117, -1,
      5191, 5117, 5192, -1,
      5192, 5117, 5116, -1,
      5192, 5116, 5193, -1,
      5193, 5116, 5115, -1,
      5193, 5115, 5194, -1,
      5194, 5115, 5114, -1,
      5194, 5114, 5195, -1,
      5195, 5114, 5113, -1,
      5195, 5113, 5196, -1,
      5196, 5113, 5112, -1,
      5196, 5112, 5197, -1,
      5197, 5112, 5111, -1,
      5197, 5111, 5198, -1,
      5198, 5111, 5110, -1,
      5198, 5110, 5199, -1,
      5199, 5110, 5109, -1,
      5199, 5109, 5200, -1,
      5200, 5109, 5108, -1,
      5200, 5108, 5201, -1,
      5201, 5108, 5107, -1,
      5201, 5107, 5202, -1,
      5202, 5107, 5106, -1,
      5202, 5106, 5203, -1,
      5203, 5106, 5105, -1,
      5203, 5105, 5204, -1,
      5204, 5105, 5104, -1,
      5204, 5104, 5205, -1,
      5205, 5104, 5103, -1,
      5205, 5103, 5206, -1,
      5206, 5103, 5102, -1,
      5206, 5102, 5207, -1,
      5207, 5102, 5101, -1,
      5207, 5101, 5208, -1,
      5208, 5101, 5100, -1,
      5208, 5100, 5209, -1,
      5209, 5100, 5099, -1,
      5209, 5099, 5210, -1,
      5210, 5099, 5098, -1,
      5210, 5098, 5211, -1,
      5211, 5098, 5097, -1,
      5211, 5097, 5212, -1,
      5212, 5097, 5096, -1,
      5212, 5096, 5213, -1,
      5213, 5096, 5095, -1,
      5213, 5095, 5214, -1,
      5214, 5095, 5094, -1,
      5214, 5094, 5215, -1,
      5215, 5094, 5093, -1,
      5215, 5093, 5216, -1,
      5216, 5093, 5092, -1,
      5216, 5092, 5217, -1,
      5217, 5092, 5091, -1,
      5217, 5091, 5218, -1,
      5218, 5091, 5090, -1,
      5218, 5090, 5219, -1,
      5219, 5090, 5089, -1,
      5219, 5089, 5220, -1,
      5220, 5089, 5088, -1,
      5220, 5088, 5221, -1,
      5221, 5088, 5087, -1,
      5221, 5087, 5222, -1,
      5222, 5087, 5086, -1,
      5222, 5086, 5223, -1,
      5223, 5086, 5085, -1,
      5223, 5085, 5224, -1,
      5224, 5085, 5084, -1,
      5224, 5084, 5225, -1,
      5225, 5084, 5083, -1,
      5225, 5083, 5226, -1,
      5226, 5083, 5082, -1,
      5226, 5082, 5227, -1,
      5227, 5082, 5081, -1,
      5227, 5081, 5228, -1,
      5228, 5081, 5080, -1,
      5228, 5080, 5229, -1,
      5229, 5080, 5079, -1,
      5229, 5079, 5230, -1,
      5230, 5079, 5078, -1,
      5230, 5078, 5231, -1,
      5231, 5078, 5077, -1,
      5231, 5077, 5232, -1,
      5232, 5077, 5076, -1,
      5232, 5076, 5233, -1,
      5233, 5076, 5075, -1,
      5233, 5075, 5234, -1,
      5234, 5075, 5074, -1,
      5234, 5074, 5235, -1,
      5235, 5074, 5073, -1,
      5235, 5073, 5236, -1,
      5236, 5073, 5072, -1,
      5236, 5072, 5237, -1,
      5237, 5072, 5071, -1,
      5237, 5238, 5236, -1,
      5236, 5238, 5239, -1,
      5236, 5239, 5235, -1,
      5235, 5239, 5240, -1,
      5235, 5240, 5234, -1,
      5234, 5240, 5241, -1,
      5234, 5241, 5233, -1,
      5233, 5241, 5242, -1,
      5233, 5242, 5232, -1,
      5232, 5242, 5243, -1,
      5232, 5243, 5231, -1,
      5231, 5243, 5244, -1,
      5231, 5244, 5230, -1,
      5230, 5244, 5245, -1,
      5230, 5245, 5229, -1,
      5229, 5245, 5246, -1,
      5229, 5246, 5228, -1,
      5228, 5246, 5247, -1,
      5228, 5247, 5227, -1,
      5227, 5247, 5248, -1,
      5227, 5248, 5226, -1,
      5226, 5248, 5249, -1,
      5226, 5249, 5225, -1,
      5225, 5249, 5250, -1,
      5225, 5250, 5224, -1,
      5224, 5250, 5251, -1,
      5224, 5251, 5223, -1,
      5223, 5251, 5252, -1,
      5223, 5252, 5222, -1,
      5222, 5252, 5253, -1,
      5222, 5253, 5221, -1,
      5221, 5253, 5254, -1,
      5221, 5254, 5220, -1,
      5220, 5254, 5255, -1,
      5220, 5255, 5219, -1,
      5219, 5255, 5256, -1,
      5219, 5256, 5218, -1,
      5218, 5256, 5257, -1,
      5218, 5257, 5217, -1,
      5217, 5257, 5258, -1,
      5217, 5258, 5216, -1,
      5216, 5258, 5259, -1,
      5216, 5259, 5215, -1,
      5215, 5259, 5260, -1,
      5215, 5260, 5214, -1,
      5214, 5260, 5261, -1,
      5214, 5261, 5213, -1,
      5213, 5261, 5262, -1,
      5213, 5262, 5212, -1,
      5212, 5262, 5263, -1,
      5212, 5263, 5211, -1,
      5211, 5263, 5264, -1,
      5211, 5264, 5210, -1,
      5210, 5264, 5265, -1,
      5210, 5265, 5209, -1,
      5209, 5265, 5266, -1,
      5209, 5266, 5208, -1,
      5208, 5266, 5267, -1,
      5208, 5267, 5207, -1,
      5207, 5267, 5268, -1,
      5207, 5268, 5206, -1,
      5206, 5268, 5269, -1,
      5206, 5269, 5205, -1,
      5205, 5269, 5270, -1,
      5205, 5270, 5204, -1,
      5204, 5270, 5271, -1,
      5204, 5271, 5203, -1,
      5203, 5271, 5272, -1,
      5203, 5272, 5202, -1,
      5202, 5272, 5273, -1,
      5202, 5273, 5201, -1,
      5201, 5273, 5274, -1,
      5201, 5274, 5200, -1,
      5200, 5274, 5275, -1,
      5200, 5275, 5199, -1,
      5199, 5275, 5276, -1,
      5199, 5276, 5198, -1,
      5198, 5276, 5277, -1,
      5198, 5277, 5197, -1,
      5197, 5277, 5278, -1,
      5197, 5278, 5196, -1,
      5196, 5278, 5279, -1,
      5196, 5279, 5195, -1,
      5195, 5279, 5280, -1,
      5195, 5280, 5194, -1,
      5194, 5280, 5281, -1,
      5194, 5281, 5193, -1,
      5193, 5281, 5282, -1,
      5193, 5282, 5192, -1,
      5192, 5282, 5283, -1,
      5192, 5283, 5191, -1,
      5191, 5283, 5284, -1,
      5191, 5284, 5190, -1,
      5190, 5284, 5285, -1,
      5190, 5285, 5189, -1,
      5189, 5285, 5286, -1,
      5189, 5286, 5188, -1,
      5188, 5286, 5287, -1,
      5188, 5287, 5187, -1,
      5187, 5287, 5288, -1,
      5187, 5288, 5186, -1,
      5186, 5288, 5289, -1,
      5186, 5289, 5185, -1,
      5185, 5289, 5290, -1,
      5185, 5290, 5184, -1,
      5184, 5290, 5291, -1,
      5184, 5291, 5183, -1,
      5183, 5291, 5292, -1,
      5183, 5292, 5182, -1,
      5182, 5292, 5293, -1,
      5182, 5293, 5181, -1,
      5181, 5293, 5294, -1,
      5181, 5294, 5180, -1,
      5180, 5294, 5295, -1,
      5180, 5295, 5179, -1,
      5179, 5295, 5296, -1,
      5179, 5296, 5178, -1,
      5178, 5296, 5297, -1,
      5178, 5297, 5177, -1,
      5177, 5297, 5298, -1,
      5177, 5298, 5176, -1,
      5176, 5298, 5299, -1,
      5176, 5299, 5175, -1,
      5175, 5299, 5300, -1,
      5175, 5300, 5174, -1,
      5174, 5300, 5301, -1,
      5174, 5301, 5173, -1,
      5173, 5301, 5302, -1,
      5173, 5302, 5172, -1,
      5172, 5302, 5303, -1,
      5172, 5303, 5171, -1,
      5171, 5303, 5304, -1,
      5171, 5304, 5170, -1,
      5170, 5304, 5305, -1,
      5170, 5305, 5169, -1,
      5169, 5305, 5306, -1,
      5169, 5306, 5168, -1,
      5168, 5306, 5307, -1,
      5168, 5307, 5167, -1,
      5167, 5307, 5308, -1,
      5167, 5308, 5166, -1,
      5166, 5308, 5309, -1,
      5166, 5309, 5165, -1,
      5165, 5309, 5310, -1,
      5165, 5310, 5164, -1,
      5164, 5310, 5311, -1,
      5164, 5311, 5163, -1,
      5163, 5311, 5312, -1,
      5163, 5312, 5162, -1,
      5162, 5312, 5313, -1,
      5162, 5313, 5161, -1,
      5161, 5313, 5314, -1,
      5161, 5314, 5160, -1,
      5160, 5314, 5315, -1,
      5160, 5315, 5159, -1,
      5159, 5315, 5316, -1,
      5159, 5316, 5158, -1,
      5158, 5316, 5317, -1,
      5158, 5317, 5157, -1,
      5157, 5317, 5318, -1,
      5157, 5318, 5156, -1,
      5156, 5318, 5319, -1,
      5156, 5319, 5155, -1,
      5155, 5319, 193, -1,
      5155, 193, 192, -1,
      192, 193, 44, -1,
      192, 44, 8, -1,
      46, 45, 5320, -1,
      5320, 45, 193, -1,
      5320, 193, 5321, -1,
      5321, 193, 5319, -1,
      5321, 5319, 5322, -1,
      5322, 5319, 5318, -1,
      5322, 5318, 5323, -1,
      5323, 5318, 5317, -1,
      5323, 5317, 5324, -1,
      5324, 5317, 5316, -1,
      5324, 5316, 5325, -1,
      5325, 5316, 5315, -1,
      5325, 5315, 5326, -1,
      5326, 5315, 5314, -1,
      5326, 5314, 5327, -1,
      5327, 5314, 5313, -1,
      5327, 5313, 5328, -1,
      5328, 5313, 5312, -1,
      5328, 5312, 5329, -1,
      5329, 5312, 5311, -1,
      5329, 5311, 5330, -1,
      5330, 5311, 5310, -1,
      5330, 5310, 5331, -1,
      5331, 5310, 5309, -1,
      5331, 5309, 5332, -1,
      5332, 5309, 5308, -1,
      5332, 5308, 5333, -1,
      5333, 5308, 5307, -1,
      5333, 5307, 5334, -1,
      5334, 5307, 5306, -1,
      5334, 5306, 5335, -1,
      5335, 5306, 5305, -1,
      5335, 5305, 5336, -1,
      5336, 5305, 5304, -1,
      5336, 5304, 5337, -1,
      5337, 5304, 5303, -1,
      5337, 5303, 5338, -1,
      5338, 5303, 5302, -1,
      5338, 5302, 5339, -1,
      5339, 5302, 5301, -1,
      5339, 5301, 5340, -1,
      5340, 5301, 5300, -1,
      5340, 5300, 5341, -1,
      5341, 5300, 5299, -1,
      5341, 5299, 5342, -1,
      5342, 5299, 5298, -1,
      5342, 5298, 5343, -1,
      5343, 5298, 5297, -1,
      5343, 5297, 5344, -1,
      5344, 5297, 5296, -1,
      5344, 5296, 5345, -1,
      5345, 5296, 5295, -1,
      5345, 5295, 5346, -1,
      5346, 5295, 5294, -1,
      5346, 5294, 5347, -1,
      5347, 5294, 5293, -1,
      5347, 5293, 5348, -1,
      5348, 5293, 5292, -1,
      5348, 5292, 5349, -1,
      5349, 5292, 5291, -1,
      5349, 5291, 5350, -1,
      5350, 5291, 5290, -1,
      5350, 5290, 5351, -1,
      5351, 5290, 5289, -1,
      5351, 5289, 5352, -1,
      5352, 5289, 5288, -1,
      5352, 5288, 5353, -1,
      5353, 5288, 5287, -1,
      5353, 5287, 5354, -1,
      5354, 5287, 5286, -1,
      5354, 5286, 5355, -1,
      5355, 5286, 5285, -1,
      5355, 5285, 5356, -1,
      5356, 5285, 5284, -1,
      5356, 5284, 5357, -1,
      5357, 5284, 5283, -1,
      5357, 5283, 5358, -1,
      5358, 5283, 5282, -1,
      5358, 5282, 5359, -1,
      5359, 5282, 5281, -1,
      5359, 5281, 5360, -1,
      5360, 5281, 5280, -1,
      5360, 5280, 5361, -1,
      5361, 5280, 5279, -1,
      5361, 5279, 5362, -1,
      5362, 5279, 5278, -1,
      5362, 5278, 5363, -1,
      5363, 5278, 5277, -1,
      5363, 5277, 5364, -1,
      5364, 5277, 5276, -1,
      5364, 5276, 5365, -1,
      5365, 5276, 5275, -1,
      5365, 5275, 5366, -1,
      5366, 5275, 5274, -1,
      5366, 5274, 5367, -1,
      5367, 5274, 5273, -1,
      5367, 5273, 5368, -1,
      5368, 5273, 5272, -1,
      5368, 5272, 5369, -1,
      5369, 5272, 5271, -1,
      5369, 5271, 5370, -1,
      5370, 5271, 5270, -1,
      5370, 5270, 5371, -1,
      5371, 5270, 5269, -1,
      5371, 5269, 5372, -1,
      5372, 5269, 5268, -1,
      5372, 5268, 5373, -1,
      5373, 5268, 5267, -1,
      5373, 5267, 5374, -1,
      5374, 5267, 5266, -1,
      5374, 5266, 5375, -1,
      5375, 5266, 5265, -1,
      5375, 5265, 5376, -1,
      5376, 5265, 5264, -1,
      5376, 5264, 5377, -1,
      5377, 5264, 5263, -1,
      5377, 5263, 5378, -1,
      5378, 5263, 5262, -1,
      5378, 5262, 5379, -1,
      5379, 5262, 5261, -1,
      5379, 5261, 5380, -1,
      5380, 5261, 5260, -1,
      5380, 5260, 5381, -1,
      5381, 5260, 5259, -1,
      5381, 5259, 5382, -1,
      5382, 5259, 5258, -1,
      5382, 5258, 5383, -1,
      5383, 5258, 5257, -1,
      5383, 5257, 5384, -1,
      5384, 5257, 5256, -1,
      5384, 5256, 5385, -1,
      5385, 5256, 5255, -1,
      5385, 5255, 5386, -1,
      5386, 5255, 5254, -1,
      5386, 5254, 5387, -1,
      5387, 5254, 5253, -1,
      5387, 5253, 5388, -1,
      5388, 5253, 5252, -1,
      5388, 5252, 5389, -1,
      5389, 5252, 5251, -1,
      5389, 5251, 5390, -1,
      5390, 5251, 5250, -1,
      5390, 5250, 5391, -1,
      5391, 5250, 5249, -1,
      5391, 5249, 5392, -1,
      5392, 5249, 5248, -1,
      5392, 5248, 5393, -1,
      5393, 5248, 5247, -1,
      5393, 5247, 5394, -1,
      5394, 5247, 5246, -1,
      5394, 5246, 5395, -1,
      5395, 5246, 5245, -1,
      5395, 5245, 5396, -1,
      5396, 5245, 5244, -1,
      5396, 5244, 5397, -1,
      5397, 5244, 5243, -1,
      5397, 5243, 5398, -1,
      5398, 5243, 5242, -1,
      5398, 5242, 5399, -1,
      5399, 5242, 5241, -1,
      5399, 5241, 5400, -1,
      5400, 5241, 5240, -1,
      5400, 5240, 5401, -1,
      5401, 5240, 5239, -1,
      5401, 5239, 5402, -1,
      5402, 5239, 5238, -1,
      5402, 5403, 5401, -1,
      5401, 5403, 5404, -1,
      5401, 5404, 5400, -1,
      5400, 5404, 5405, -1,
      5400, 5405, 5399, -1,
      5399, 5405, 5406, -1,
      5399, 5406, 5398, -1,
      5398, 5406, 5407, -1,
      5398, 5407, 5397, -1,
      5397, 5407, 5408, -1,
      5397, 5408, 5396, -1,
      5396, 5408, 5409, -1,
      5396, 5409, 5395, -1,
      5395, 5409, 5410, -1,
      5395, 5410, 5394, -1,
      5394, 5410, 5411, -1,
      5394, 5411, 5393, -1,
      5393, 5411, 5412, -1,
      5393, 5412, 5392, -1,
      5392, 5412, 5413, -1,
      5392, 5413, 5391, -1,
      5391, 5413, 5414, -1,
      5391, 5414, 5390, -1,
      5390, 5414, 5415, -1,
      5390, 5415, 5389, -1,
      5389, 5415, 5416, -1,
      5389, 5416, 5388, -1,
      5388, 5416, 5417, -1,
      5388, 5417, 5387, -1,
      5387, 5417, 5418, -1,
      5387, 5418, 5386, -1,
      5386, 5418, 5419, -1,
      5386, 5419, 5385, -1,
      5385, 5419, 5420, -1,
      5385, 5420, 5384, -1,
      5384, 5420, 5421, -1,
      5384, 5421, 5383, -1,
      5383, 5421, 5422, -1,
      5383, 5422, 5382, -1,
      5382, 5422, 5423, -1,
      5382, 5423, 5381, -1,
      5381, 5423, 5424, -1,
      5381, 5424, 5380, -1,
      5380, 5424, 5425, -1,
      5380, 5425, 5379, -1,
      5379, 5425, 5426, -1,
      5379, 5426, 5378, -1,
      5378, 5426, 5427, -1,
      5378, 5427, 5377, -1,
      5377, 5427, 5428, -1,
      5377, 5428, 5376, -1,
      5376, 5428, 5429, -1,
      5376, 5429, 5375, -1,
      5375, 5429, 5430, -1,
      5375, 5430, 5374, -1,
      5374, 5430, 5431, -1,
      5374, 5431, 5373, -1,
      5373, 5431, 5432, -1,
      5373, 5432, 5372, -1,
      5372, 5432, 5433, -1,
      5372, 5433, 5371, -1,
      5371, 5433, 5434, -1,
      5371, 5434, 5370, -1,
      5370, 5434, 5435, -1,
      5370, 5435, 5369, -1,
      5369, 5435, 5436, -1,
      5369, 5436, 5368, -1,
      5368, 5436, 5437, -1,
      5368, 5437, 5367, -1,
      5367, 5437, 5438, -1,
      5367, 5438, 5366, -1,
      5366, 5438, 5439, -1,
      5366, 5439, 5365, -1,
      5365, 5439, 5440, -1,
      5365, 5440, 5364, -1,
      5364, 5440, 5441, -1,
      5364, 5441, 5363, -1,
      5363, 5441, 5442, -1,
      5363, 5442, 5362, -1,
      5362, 5442, 5443, -1,
      5362, 5443, 5361, -1,
      5361, 5443, 5444, -1,
      5361, 5444, 5360, -1,
      5360, 5444, 5445, -1,
      5360, 5445, 5359, -1,
      5359, 5445, 5446, -1,
      5359, 5446, 5358, -1,
      5358, 5446, 5447, -1,
      5358, 5447, 5357, -1,
      5357, 5447, 5448, -1,
      5357, 5448, 5356, -1,
      5356, 5448, 5449, -1,
      5356, 5449, 5355, -1,
      5355, 5449, 5450, -1,
      5355, 5450, 5354, -1,
      5354, 5450, 5451, -1,
      5354, 5451, 5353, -1,
      5353, 5451, 5452, -1,
      5353, 5452, 5352, -1,
      5352, 5452, 5453, -1,
      5352, 5453, 5351, -1,
      5351, 5453, 5454, -1,
      5351, 5454, 5350, -1,
      5350, 5454, 5455, -1,
      5350, 5455, 5349, -1,
      5349, 5455, 5456, -1,
      5349, 5456, 5348, -1,
      5348, 5456, 5457, -1,
      5348, 5457, 5347, -1,
      5347, 5457, 5458, -1,
      5347, 5458, 5346, -1,
      5346, 5458, 5459, -1,
      5346, 5459, 5345, -1,
      5345, 5459, 5460, -1,
      5345, 5460, 5344, -1,
      5344, 5460, 5461, -1,
      5344, 5461, 5343, -1,
      5343, 5461, 5462, -1,
      5343, 5462, 5342, -1,
      5342, 5462, 5463, -1,
      5342, 5463, 5341, -1,
      5341, 5463, 5464, -1,
      5341, 5464, 5340, -1,
      5340, 5464, 5465, -1,
      5340, 5465, 5339, -1,
      5339, 5465, 5466, -1,
      5339, 5466, 5338, -1,
      5338, 5466, 5467, -1,
      5338, 5467, 5337, -1,
      5337, 5467, 5468, -1,
      5337, 5468, 5336, -1,
      5336, 5468, 5469, -1,
      5336, 5469, 5335, -1,
      5335, 5469, 5470, -1,
      5335, 5470, 5334, -1,
      5334, 5470, 5471, -1,
      5334, 5471, 5333, -1,
      5333, 5471, 5472, -1,
      5333, 5472, 5332, -1,
      5332, 5472, 5473, -1,
      5332, 5473, 5331, -1,
      5331, 5473, 5474, -1,
      5331, 5474, 5330, -1,
      5330, 5474, 5475, -1,
      5330, 5475, 5329, -1,
      5329, 5475, 5476, -1,
      5329, 5476, 5328, -1,
      5328, 5476, 5477, -1,
      5328, 5477, 5327, -1,
      5327, 5477, 5478, -1,
      5327, 5478, 5326, -1,
      5326, 5478, 5479, -1,
      5326, 5479, 5325, -1,
      5325, 5479, 5480, -1,
      5325, 5480, 5324, -1,
      5324, 5480, 5481, -1,
      5324, 5481, 5323, -1,
      5323, 5481, 5482, -1,
      5323, 5482, 5322, -1,
      5322, 5482, 5483, -1,
      5322, 5483, 5321, -1,
      5321, 5483, 194, -1,
      5321, 194, 5320, -1,
      5320, 194, 52, -1,
      5320, 52, 46, -1,
      54, 53, 5484, -1,
      5484, 53, 194, -1,
      5484, 194, 5485, -1,
      5485, 194, 5483, -1,
      5485, 5483, 5486, -1,
      5486, 5483, 5482, -1,
      5486, 5482, 5487, -1,
      5487, 5482, 5481, -1,
      5487, 5481, 5488, -1,
      5488, 5481, 5480, -1,
      5488, 5480, 5489, -1,
      5489, 5480, 5479, -1,
      5489, 5479, 5490, -1,
      5490, 5479, 5478, -1,
      5490, 5478, 5491, -1,
      5491, 5478, 5477, -1,
      5491, 5477, 5492, -1,
      5492, 5477, 5476, -1,
      5492, 5476, 5493, -1,
      5493, 5476, 5475, -1,
      5493, 5475, 5494, -1,
      5494, 5475, 5474, -1,
      5494, 5474, 5495, -1,
      5495, 5474, 5473, -1,
      5495, 5473, 5496, -1,
      5496, 5473, 5472, -1,
      5496, 5472, 5497, -1,
      5497, 5472, 5471, -1,
      5497, 5471, 5498, -1,
      5498, 5471, 5470, -1,
      5498, 5470, 5499, -1,
      5499, 5470, 5469, -1,
      5499, 5469, 5500, -1,
      5500, 5469, 5468, -1,
      5500, 5468, 5501, -1,
      5501, 5468, 5467, -1,
      5501, 5467, 5502, -1,
      5502, 5467, 5466, -1,
      5502, 5466, 5503, -1,
      5503, 5466, 5465, -1,
      5503, 5465, 5504, -1,
      5504, 5465, 5464, -1,
      5504, 5464, 5505, -1,
      5505, 5464, 5463, -1,
      5505, 5463, 5506, -1,
      5506, 5463, 5462, -1,
      5506, 5462, 5507, -1,
      5507, 5462, 5461, -1,
      5507, 5461, 5508, -1,
      5508, 5461, 5460, -1,
      5508, 5460, 5509, -1,
      5509, 5460, 5459, -1,
      5509, 5459, 5510, -1,
      5510, 5459, 5458, -1,
      5510, 5458, 5511, -1,
      5511, 5458, 5457, -1,
      5511, 5457, 5512, -1,
      5512, 5457, 5456, -1,
      5512, 5456, 5513, -1,
      5513, 5456, 5455, -1,
      5513, 5455, 5514, -1,
      5514, 5455, 5454, -1,
      5514, 5454, 5515, -1,
      5515, 5454, 5453, -1,
      5515, 5453, 5516, -1,
      5516, 5453, 5452, -1,
      5516, 5452, 5517, -1,
      5517, 5452, 5451, -1,
      5517, 5451, 5518, -1,
      5518, 5451, 5450, -1,
      5518, 5450, 5519, -1,
      5519, 5450, 5449, -1,
      5519, 5449, 5520, -1,
      5520, 5449, 5448, -1,
      5520, 5448, 5521, -1,
      5521, 5448, 5447, -1,
      5521, 5447, 5522, -1,
      5522, 5447, 5446, -1,
      5522, 5446, 5523, -1,
      5523, 5446, 5445, -1,
      5523, 5445, 5524, -1,
      5524, 5445, 5444, -1,
      5524, 5444, 5525, -1,
      5525, 5444, 5443, -1,
      5525, 5443, 5526, -1,
      5526, 5443, 5442, -1,
      5526, 5442, 5527, -1,
      5527, 5442, 5441, -1,
      5527, 5441, 5528, -1,
      5528, 5441, 5440, -1,
      5528, 5440, 5529, -1,
      5529, 5440, 5439, -1,
      5529, 5439, 5530, -1,
      5530, 5439, 5438, -1,
      5530, 5438, 5531, -1,
      5531, 5438, 5437, -1,
      5531, 5437, 5532, -1,
      5532, 5437, 5436, -1,
      5532, 5436, 5533, -1,
      5533, 5436, 5435, -1,
      5533, 5435, 5534, -1,
      5534, 5435, 5434, -1,
      5534, 5434, 5535, -1,
      5535, 5434, 5433, -1,
      5535, 5433, 5536, -1,
      5536, 5433, 5432, -1,
      5536, 5432, 5537, -1,
      5537, 5432, 5431, -1,
      5537, 5431, 5538, -1,
      5538, 5431, 5430, -1,
      5538, 5430, 5539, -1,
      5539, 5430, 5429, -1,
      5539, 5429, 5540, -1,
      5540, 5429, 5428, -1,
      5540, 5428, 5541, -1,
      5541, 5428, 5427, -1,
      5541, 5427, 5542, -1,
      5542, 5427, 5426, -1,
      5542, 5426, 5543, -1,
      5543, 5426, 5425, -1,
      5543, 5425, 5544, -1,
      5544, 5425, 5424, -1,
      5544, 5424, 5545, -1,
      5545, 5424, 5423, -1,
      5545, 5423, 5546, -1,
      5546, 5423, 5422, -1,
      5546, 5422, 5547, -1,
      5547, 5422, 5421, -1,
      5547, 5421, 5548, -1,
      5548, 5421, 5420, -1,
      5548, 5420, 5549, -1,
      5549, 5420, 5419, -1,
      5549, 5419, 5550, -1,
      5550, 5419, 5418, -1,
      5550, 5418, 5551, -1,
      5551, 5418, 5417, -1,
      5551, 5417, 5552, -1,
      5552, 5417, 5416, -1,
      5552, 5416, 5553, -1,
      5553, 5416, 5415, -1,
      5553, 5415, 5554, -1,
      5554, 5415, 5414, -1,
      5554, 5414, 5555, -1,
      5555, 5414, 5413, -1,
      5555, 5413, 5556, -1,
      5556, 5413, 5412, -1,
      5556, 5412, 5557, -1,
      5557, 5412, 5411, -1,
      5557, 5411, 5558, -1,
      5558, 5411, 5410, -1,
      5558, 5410, 5559, -1,
      5559, 5410, 5409, -1,
      5559, 5409, 5560, -1,
      5560, 5409, 5408, -1,
      5560, 5408, 5561, -1,
      5561, 5408, 5407, -1,
      5561, 5407, 5562, -1,
      5562, 5407, 5406, -1,
      5562, 5406, 5563, -1,
      5563, 5406, 5405, -1,
      5563, 5405, 5564, -1,
      5564, 5405, 5404, -1,
      5564, 5404, 5565, -1,
      5565, 5404, 5403, -1,
      5565, 3438, 5564, -1,
      5564, 3438, 3436, -1,
      5564, 3436, 5563, -1,
      5563, 3436, 3434, -1,
      5563, 3434, 5562, -1,
      5562, 3434, 3432, -1,
      5562, 3432, 5561, -1,
      5561, 3432, 3430, -1,
      5561, 3430, 5560, -1,
      5560, 3430, 3428, -1,
      5560, 3428, 5559, -1,
      5559, 3428, 3426, -1,
      5559, 3426, 5558, -1,
      5558, 3426, 3424, -1,
      5558, 3424, 5557, -1,
      5557, 3424, 3422, -1,
      5557, 3422, 5556, -1,
      5556, 3422, 3420, -1,
      5556, 3420, 5555, -1,
      5555, 3420, 3418, -1,
      5555, 3418, 5554, -1,
      5554, 3418, 3416, -1,
      5554, 3416, 5553, -1,
      5553, 3416, 3414, -1,
      5553, 3414, 5552, -1,
      5552, 3414, 3412, -1,
      5552, 3412, 5551, -1,
      5551, 3412, 3410, -1,
      5551, 3410, 5550, -1,
      5550, 3410, 3408, -1,
      5550, 3408, 5549, -1,
      5549, 3408, 3406, -1,
      5549, 3406, 5548, -1,
      5548, 3406, 3404, -1,
      5548, 3404, 5547, -1,
      5547, 3404, 3402, -1,
      5547, 3402, 5546, -1,
      5546, 3402, 3400, -1,
      5546, 3400, 5545, -1,
      5545, 3400, 3398, -1,
      5545, 3398, 5544, -1,
      5544, 3398, 3396, -1,
      5544, 3396, 5543, -1,
      5543, 3396, 3394, -1,
      5543, 3394, 5542, -1,
      5542, 3394, 3392, -1,
      5542, 3392, 5541, -1,
      5541, 3392, 3390, -1,
      5541, 3390, 5540, -1,
      5540, 3390, 3388, -1,
      5540, 3388, 5539, -1,
      5539, 3388, 3386, -1,
      5539, 3386, 5538, -1,
      5538, 3386, 3384, -1,
      5538, 3384, 5537, -1,
      5537, 3384, 3382, -1,
      5537, 3382, 5536, -1,
      5536, 3382, 3380, -1,
      5536, 3380, 5535, -1,
      5535, 3380, 3378, -1,
      5535, 3378, 5534, -1,
      5534, 3378, 3376, -1,
      5534, 3376, 5533, -1,
      5533, 3376, 3374, -1,
      5533, 3374, 5532, -1,
      5532, 3374, 3372, -1,
      5532, 3372, 5531, -1,
      5531, 3372, 3370, -1,
      5531, 3370, 5530, -1,
      5530, 3370, 3368, -1,
      5530, 3368, 5529, -1,
      5529, 3368, 3366, -1,
      5529, 3366, 5528, -1,
      5528, 3366, 3364, -1,
      5528, 3364, 5527, -1,
      5527, 3364, 3362, -1,
      5527, 3362, 5526, -1,
      5526, 3362, 3360, -1,
      5526, 3360, 5525, -1,
      5525, 3360, 3358, -1,
      5525, 3358, 5524, -1,
      5524, 3358, 3356, -1,
      5524, 3356, 5523, -1,
      5523, 3356, 3354, -1,
      5523, 3354, 5522, -1,
      5522, 3354, 3352, -1,
      5522, 3352, 5521, -1,
      5521, 3352, 3350, -1,
      5521, 3350, 5520, -1,
      5520, 3350, 3348, -1,
      5520, 3348, 5519, -1,
      5519, 3348, 3346, -1,
      5519, 3346, 5518, -1,
      5518, 3346, 3344, -1,
      5518, 3344, 5517, -1,
      5517, 3344, 3342, -1,
      5517, 3342, 5516, -1,
      5516, 3342, 3340, -1,
      5516, 3340, 5515, -1,
      5515, 3340, 3338, -1,
      5515, 3338, 5514, -1,
      5514, 3338, 3336, -1,
      5514, 3336, 5513, -1,
      5513, 3336, 3334, -1,
      5513, 3334, 5512, -1,
      5512, 3334, 3332, -1,
      5512, 3332, 5511, -1,
      5511, 3332, 3330, -1,
      5511, 3330, 5510, -1,
      5510, 3330, 3328, -1,
      5510, 3328, 5509, -1,
      5509, 3328, 3326, -1,
      5509, 3326, 5508, -1,
      5508, 3326, 3324, -1,
      5508, 3324, 5507, -1,
      5507, 3324, 3322, -1,
      5507, 3322, 5506, -1,
      5506, 3322, 3320, -1,
      5506, 3320, 5505, -1,
      5505, 3320, 3318, -1,
      5505, 3318, 5504, -1,
      5504, 3318, 3316, -1,
      5504, 3316, 5503, -1,
      5503, 3316, 3314, -1,
      5503, 3314, 5502, -1,
      5502, 3314, 3312, -1,
      5502, 3312, 5501, -1,
      5501, 3312, 3310, -1,
      5501, 3310, 5500, -1,
      5500, 3310, 3308, -1,
      5500, 3308, 5499, -1,
      5499, 3308, 3306, -1,
      5499, 3306, 5498, -1,
      5498, 3306, 3304, -1,
      5498, 3304, 5497, -1,
      5497, 3304, 3302, -1,
      5497, 3302, 5496, -1,
      5496, 3302, 3300, -1,
      5496, 3300, 5495, -1,
      5495, 3300, 3298, -1,
      5495, 3298, 5494, -1,
      5494, 3298, 3296, -1,
      5494, 3296, 5493, -1,
      5493, 3296, 3294, -1,
      5493, 3294, 5492, -1,
      5492, 3294, 3292, -1,
      5492, 3292, 5491, -1,
      5491, 3292, 3290, -1,
      5491, 3290, 5490, -1,
      5490, 3290, 3288, -1,
      5490, 3288, 5489, -1,
      5489, 3288, 3286, -1,
      5489, 3286, 5488, -1,
      5488, 3286, 3284, -1,
      5488, 3284, 5487, -1,
      5487, 3284, 3282, -1,
      5487, 3282, 5486, -1,
      5486, 3282, 3280, -1,
      5486, 3280, 5485, -1,
      5485, 3280, 195, -1,
      5485, 195, 5484, -1,
      5484, 195, 47, -1,
      5484, 47, 54, -1,
      161, 156, 198, -1,
      198, 156, 155, -1,
      198, 155, 3178, -1,
      3178, 155, 226, -1,
      3178, 226, 3179, -1,
      3179, 226, 227, -1,
      3179, 227, 3180, -1,
      3180, 227, 228, -1,
      3180, 228, 3181, -1,
      3181, 228, 230, -1,
      3181, 230, 3182, -1,
      3182, 230, 232, -1,
      3182, 232, 3183, -1,
      3183, 232, 234, -1,
      3183, 234, 3184, -1,
      3184, 234, 236, -1,
      3184, 236, 3185, -1,
      3185, 236, 238, -1,
      3185, 238, 3186, -1,
      3186, 238, 240, -1,
      3186, 240, 3187, -1,
      3187, 240, 242, -1,
      3187, 242, 3188, -1,
      3188, 242, 244, -1,
      3188, 244, 3189, -1,
      3189, 244, 246, -1,
      3189, 246, 3190, -1,
      3190, 246, 248, -1,
      3190, 248, 3191, -1,
      3191, 248, 250, -1,
      3191, 250, 3192, -1,
      3192, 250, 252, -1,
      3192, 252, 3193, -1,
      3193, 252, 254, -1,
      3193, 254, 3194, -1,
      3194, 254, 256, -1,
      3194, 256, 3195, -1,
      3195, 256, 258, -1,
      3195, 258, 3196, -1,
      3196, 258, 260, -1,
      3196, 260, 3197, -1,
      3197, 260, 262, -1,
      3197, 262, 3198, -1,
      3198, 262, 264, -1,
      3198, 264, 3199, -1,
      3199, 264, 266, -1,
      3199, 266, 3200, -1,
      3200, 266, 268, -1,
      3200, 268, 3201, -1,
      3201, 268, 270, -1,
      3201, 270, 3202, -1,
      3202, 270, 272, -1,
      3202, 272, 3203, -1,
      3203, 272, 274, -1,
      3203, 274, 3204, -1,
      3204, 274, 276, -1,
      3204, 276, 3205, -1,
      3205, 276, 278, -1,
      3205, 278, 3206, -1,
      3206, 278, 280, -1,
      3206, 280, 3207, -1,
      3207, 280, 282, -1,
      3207, 282, 3208, -1,
      3208, 282, 284, -1,
      3208, 284, 3209, -1,
      3209, 284, 286, -1,
      3209, 286, 3210, -1,
      3210, 286, 288, -1,
      3210, 288, 3211, -1,
      3211, 288, 290, -1,
      3211, 290, 3212, -1,
      3212, 290, 292, -1,
      3212, 292, 3213, -1,
      3213, 292, 294, -1,
      3213, 294, 3214, -1,
      3214, 294, 296, -1,
      3214, 296, 3215, -1,
      3215, 296, 298, -1,
      3215, 298, 3216, -1,
      3216, 298, 300, -1,
      3216, 300, 3217, -1,
      3217, 300, 302, -1,
      3217, 302, 3218, -1,
      3218, 302, 304, -1,
      3218, 304, 3219, -1,
      3219, 304, 306, -1,
      3219, 306, 3220, -1,
      3220, 306, 308, -1,
      3220, 308, 3221, -1,
      3221, 308, 310, -1,
      3221, 310, 3222, -1,
      3222, 310, 312, -1,
      3222, 312, 3223, -1,
      3223, 312, 314, -1,
      3223, 314, 3224, -1,
      3224, 314, 316, -1,
      3224, 316, 3225, -1,
      3225, 316, 318, -1,
      3225, 318, 3226, -1,
      3226, 318, 320, -1,
      3226, 320, 3227, -1,
      3227, 320, 322, -1,
      3227, 322, 3228, -1,
      3228, 322, 324, -1,
      3228, 324, 3229, -1,
      3229, 324, 326, -1,
      3229, 326, 3230, -1,
      3230, 326, 328, -1,
      3230, 328, 3231, -1,
      3231, 328, 330, -1,
      3231, 330, 3232, -1,
      3232, 330, 332, -1,
      3232, 332, 3233, -1,
      3233, 332, 334, -1,
      3233, 334, 3234, -1,
      3234, 334, 336, -1,
      3234, 336, 3235, -1,
      3235, 336, 338, -1,
      3235, 338, 3236, -1,
      3236, 338, 340, -1,
      3236, 340, 3237, -1,
      3237, 340, 342, -1,
      3237, 342, 3238, -1,
      3238, 342, 344, -1,
      3238, 344, 3239, -1,
      3239, 344, 346, -1,
      3239, 346, 3240, -1,
      3240, 346, 348, -1,
      3240, 348, 3241, -1,
      3241, 348, 350, -1,
      3241, 350, 3242, -1,
      3242, 350, 352, -1,
      3242, 352, 3243, -1,
      3243, 352, 354, -1,
      3243, 354, 3244, -1,
      3244, 354, 356, -1,
      3244, 356, 3245, -1,
      3245, 356, 358, -1,
      3245, 358, 3246, -1,
      3246, 358, 360, -1,
      3246, 360, 3247, -1,
      3247, 360, 362, -1,
      3247, 362, 3248, -1,
      3248, 362, 364, -1,
      3248, 364, 3249, -1,
      3249, 364, 366, -1,
      3249, 366, 3250, -1,
      3250, 366, 368, -1,
      3250, 368, 3251, -1,
      3251, 368, 370, -1,
      3251, 370, 3252, -1,
      3252, 370, 372, -1,
      3252, 372, 3253, -1,
      3253, 372, 374, -1,
      3253, 374, 3254, -1,
      3254, 374, 376, -1,
      3254, 376, 3255, -1,
      3255, 376, 378, -1,
      3255, 378, 3256, -1,
      3256, 378, 380, -1,
      3256, 380, 3257, -1,
      3257, 380, 382, -1,
      3257, 382, 3258, -1,
      3258, 382, 384, -1,
      3258, 384, 3259, -1,
      3259, 384, 386, -1,
      3259, 386, 3260, -1,
      3260, 386, 388, -1,
      3260, 388, 3261, -1,
      3261, 388, 390, -1,
      3261, 390, 3262, -1,
      3262, 390, 392, -1,
      3262, 392, 3263, -1,
      3263, 392, 394, -1,
      3263, 394, 3264, -1,
      3264, 394, 396, -1,
      3264, 396, 3265, -1,
      3265, 396, 398, -1,
      3265, 398, 3266, -1,
      3266, 398, 400, -1,
      3266, 400, 3267, -1,
      3267, 400, 402, -1,
      3267, 402, 3268, -1,
      3268, 402, 404, -1,
      3268, 404, 3269, -1,
      3269, 404, 406, -1,
      3269, 406, 3270, -1,
      3270, 406, 408, -1,
      3270, 408, 3271, -1,
      3271, 408, 410, -1,
      3271, 410, 3272, -1,
      3272, 410, 412, -1,
      3272, 412, 3273, -1,
      3273, 412, 414, -1,
      3273, 414, 3274, -1,
      3274, 414, 416, -1,
      3274, 416, 3275, -1,
      3275, 416, 418, -1,
      3275, 418, 3276, -1,
      3276, 418, 420, -1,
      3276, 420, 3277, -1,
      3277, 420, 422, -1,
      3277, 422, 3278, -1,
      3278, 422, 424, -1,
      3278, 424, 3976, -1,
      3976, 424, 426, -1,
      3976, 426, 4076, -1,
      4076, 426, 428, -1,
      4076, 428, 4175, -1,
      4175, 428, 430, -1,
      4175, 430, 4273, -1,
      4273, 430, 432, -1,
      4273, 432, 4370, -1,
      4370, 432, 434, -1,
      4370, 434, 4466, -1,
      4466, 434, 436, -1,
      4466, 436, 4556, -1,
      4556, 436, 438, -1,
      4556, 438, 4644, -1,
      4644, 438, 440, -1,
      4644, 440, 4731, -1,
      4731, 440, 442, -1,
      4731, 442, 4817, -1,
      4817, 442, 444, -1,
      4817, 444, 4902, -1,
      4902, 444, 446, -1,
      4902, 446, 5070, -1,
      5070, 446, 448, -1,
      5070, 448, 5071, -1,
      5071, 448, 450, -1,
      5071, 450, 5237, -1,
      5237, 450, 452, -1,
      5237, 452, 5238, -1,
      5238, 452, 454, -1,
      5238, 454, 5402, -1,
      5402, 454, 456, -1,
      5402, 456, 5403, -1,
      5403, 456, 458, -1,
      5403, 458, 5565, -1,
      5565, 458, 460, -1,
      5565, 460, 3438, -1,
      3438, 460, 462, -1,
      3438, 462, 3437, -1,
      3437, 462, 464, -1,
      3437, 464, 3439, -1,
      3439, 464, 466, -1,
      3439, 466, 3518, -1,
      3518, 466, 468, -1,
      3518, 468, 3597, -1,
      3597, 468, 470, -1,
      3597, 470, 3675, -1,
      3675, 470, 472, -1,
      3675, 472, 3752, -1,
      3752, 472, 474, -1,
      3752, 474, 3828, -1,
      3828, 474, 476, -1,
    ]
  }
}

Shape {
  appearance Appearance {
    material Material {
      diffuseColor 0.2980 0.2980 0.2980
      specularColor 0.0902 0.0902 0.0902
      ambientIntensity 0.2
      transparency 0.0000
      shininess 0.5
    }
  }
  geometry IndexedFaceSet {
    ccw TRUE
    solid FALSE
    coord DEF co Coordinate {
      point [
        -5.032774 -2.457629 0.000000,
        -5.418307 -2.457629 0.000000,
        -5.629921 -2.457629 0.000000,
        -5.032774 -3.499950 0.000000,
        -5.032774 -3.334645 0.000000,
        -5.418307 -3.499950 0.000000,
        5.629921 -3.091196 0.000000,
        5.104306 -3.091196 0.000000,
        5.629921 -2.059094 0.000000,
        5.104306 -2.059094 0.000000,
        -5.629921 -3.499950 0.000000,
        -5.629921 -3.499950 0.039370,
        -5.629921 -2.457629 0.039370,
        5.629921 -3.091196 0.039370,
        5.629921 -2.059094 0.039370,
        -4.684252 -3.844605 -0.196850,
        -4.710800 -3.780512 -0.196850,
        -4.753032 -3.725474 -0.196850,
        -4.808071 -3.683241 -0.196850,
        -4.872164 -3.656693 -0.196850,
        -4.940945 -3.647638 -0.196850,
        -5.009726 -3.656693 -0.196850,
        -5.073819 -3.683241 -0.196850,
        -5.128857 -3.725474 -0.196850,
        -5.171089 -3.780512 -0.196850,
        -5.197638 -3.844605 -0.196850,
        -5.206693 -3.913386 -0.196850,
        -5.197638 -3.982166 -0.196850,
        -5.171089 -4.046260 -0.196850,
        -5.128857 -4.101298 -0.196850,
        -5.073819 -4.143531 -0.196850,
        -5.009726 -4.170079 -0.196850,
        -4.940945 -4.179134 -0.196850,
        -4.872164 -4.170079 -0.196850,
        -4.808071 -4.143531 -0.196850,
        -4.753032 -4.101298 -0.196850,
        -4.710800 -4.046260 -0.196850,
        -4.684252 -3.982166 -0.196850,
        -4.675197 -3.913386 -0.196850,
        -5.136994 -4.026575 -0.236220,
        -5.159609 -3.971977 -0.236220,
        -5.167323 -3.913386 -0.236220,
        -5.159609 -3.854795 -0.236220,
        -4.999536 -4.132050 -0.236220,
        -5.054134 -4.109435 -0.236220,
        -5.101019 -4.073459 -0.236220,
        -4.827756 -4.109435 -0.236220,
        -4.882354 -4.132050 -0.236220,
        -4.940945 -4.139763 -0.236220,
        -4.722281 -3.971977 -0.236220,
        -4.744896 -4.026575 -0.236220,
        -4.780872 -4.073459 -0.236220,
        -4.744896 -3.800197 -0.236220,
        -4.722281 -3.854795 -0.236220,
        -4.714567 -3.913386 -0.236220,
        -4.882354 -3.694722 -0.236220,
        -4.827756 -3.717337 -0.236220,
        -4.780872 -3.753313 -0.236220,
        -5.054134 -3.717337 -0.236220,
        -4.999536 -3.694722 -0.236220,
        -4.940945 -3.687008 -0.236220,
        -5.136994 -3.800197 -0.236220,
        -5.101019 -3.753313 -0.236220,
        4.444201 -3.769269 -0.196850,
        4.445307 -3.760005 -0.196850,
        4.448561 -3.751262 -0.196850,
        4.453780 -3.743530 -0.196850,
        4.460673 -3.737243 -0.196850,
        4.507821 -3.711695 -0.196850,
        4.559802 -3.698517 -0.196850,
        4.613426 -3.698517 -0.196850,
        4.665407 -3.711695 -0.196850,
        4.712556 -3.737243 -0.196850,
        4.719448 -3.743530 -0.196850,
        4.724668 -3.751262 -0.196850,
        4.727922 -3.760005 -0.196850,
        4.729027 -3.769269 -0.196850,
        4.729027 -4.057503 -0.196850,
        4.727922 -4.066766 -0.196850,
        4.724668 -4.075510 -0.196850,
        4.719448 -4.083242 -0.196850,
        4.712556 -4.089529 -0.196850,
        4.665407 -4.115076 -0.196850,
        4.613426 -4.128255 -0.196850,
        4.559802 -4.128255 -0.196850,
        4.507821 -4.115076 -0.196850,
        4.460673 -4.089529 -0.196850,
        4.453780 -4.083242 -0.196850,
        4.448561 -4.075510 -0.196850,
        4.445307 -4.066766 -0.196850,
        4.444201 -4.057503 -0.196850,
        4.522147 -3.748366 -0.236220,
        4.651081 -4.078406 -0.236220,
        4.608552 -4.089188 -0.236220,
        4.689657 -3.769269 -0.236220,
        4.689657 -4.057503 -0.236220,
        4.651081 -3.748366 -0.236220,
        4.564676 -3.737584 -0.236220,
        4.608552 -3.737584 -0.236220,
        4.483571 -4.057503 -0.236220,
        4.483571 -3.769269 -0.236220,
        4.522147 -4.078406 -0.236220,
        4.564676 -4.089188 -0.236220,
        -5.169452 -3.852157 -0.234879,
        -5.145819 -3.795102 -0.234879,
        -5.108224 -3.746107 -0.234879,
        -5.059229 -3.708512 -0.234879,
        -5.002173 -3.684879 -0.234879,
        -4.940945 -3.676818 -0.234879,
        -4.879717 -3.684879 -0.234879,
        -4.822661 -3.708512 -0.234879,
        -4.773667 -3.746107 -0.234879,
        -4.736071 -3.795102 -0.234879,
        -4.712438 -3.852157 -0.234879,
        -4.704378 -3.913386 -0.234879,
        -4.712438 -3.974614 -0.234879,
        -4.736071 -4.031670 -0.234879,
        -4.773667 -4.080664 -0.234879,
        -4.822661 -4.118259 -0.234879,
        -4.879717 -4.141893 -0.234879,
        -4.940945 -4.149954 -0.234879,
        -5.002173 -4.141893 -0.234879,
        -5.059229 -4.118259 -0.234879,
        -5.108224 -4.080664 -0.234879,
        -5.145819 -4.031670 -0.234879,
        -5.169452 -3.974614 -0.234879,
        -5.177513 -3.913386 -0.234879,
        -5.178624 -3.849700 -0.230946,
        -5.154042 -3.790354 -0.230946,
        -5.114937 -3.739393 -0.230946,
        -5.063976 -3.700289 -0.230946,
        -5.004630 -3.675707 -0.230946,
        -4.940945 -3.667323 -0.230946,
        -4.877259 -3.675707 -0.230946,
        -4.817913 -3.700289 -0.230946,
        -4.766952 -3.739393 -0.230946,
        -4.727848 -3.790354 -0.230946,
        -4.703267 -3.849700 -0.230946,
        -4.694882 -3.913386 -0.230946,
        -4.703267 -3.977072 -0.230946,
        -4.727848 -4.036417 -0.230946,
        -4.766952 -4.087379 -0.230946,
        -4.817913 -4.126483 -0.230946,
        -4.877259 -4.151065 -0.230946,
        -4.940945 -4.159449 -0.230946,
        -5.004630 -4.151065 -0.230946,
        -5.063976 -4.126483 -0.230946,
        -5.114937 -4.087379 -0.230946,
        -5.154042 -4.036417 -0.230946,
        -5.178624 -3.977072 -0.230946,
        -5.187008 -3.913386 -0.230946,
        -5.186500 -3.847590 -0.224689,
        -5.161103 -3.786278 -0.224689,
        -5.120704 -3.733628 -0.224689,
        -5.068053 -3.693227 -0.224689,
        -5.006741 -3.667831 -0.224689,
        -4.940945 -3.659169 -0.224689,
        -4.875149 -3.667831 -0.224689,
        -4.813837 -3.693227 -0.224689,
        -4.761186 -3.733628 -0.224689,
        -4.720787 -3.786278 -0.224689,
        -4.695390 -3.847590 -0.224689,
        -4.686728 -3.913386 -0.224689,
        -4.695390 -3.979182 -0.224689,
        -4.720787 -4.040494 -0.224689,
        -4.761186 -4.093144 -0.224689,
        -4.813837 -4.133544 -0.224689,
        -4.875149 -4.158941 -0.224689,
        -4.940945 -4.167603 -0.224689,
        -5.006741 -4.158941 -0.224689,
        -5.068053 -4.133544 -0.224689,
        -5.120704 -4.093144 -0.224689,
        -5.161103 -4.040494 -0.224689,
        -5.186500 -3.979182 -0.224689,
        -5.195161 -3.913386 -0.224689,
        -5.192543 -3.845970 -0.216535,
        -5.166522 -3.783150 -0.216535,
        -5.125128 -3.729204 -0.216535,
        -5.071181 -3.687809 -0.216535,
        -5.008360 -3.661788 -0.216535,
        -4.940945 -3.652912 -0.216535,
        -4.873529 -3.661788 -0.216535,
        -4.810708 -3.687809 -0.216535,
        -4.756762 -3.729204 -0.216535,
        -4.715369 -3.783150 -0.216535,
        -4.689347 -3.845970 -0.216535,
        -4.680472 -3.913386 -0.216535,
        -4.689347 -3.980801 -0.216535,
        -4.715369 -4.043623 -0.216535,
        -4.756762 -4.097569 -0.216535,
        -4.810708 -4.138963 -0.216535,
        -4.873529 -4.164984 -0.216535,
        -4.940945 -4.173859 -0.216535,
        -5.008360 -4.164984 -0.216535,
        -5.071181 -4.138963 -0.216535,
        -5.125128 -4.097569 -0.216535,
        -5.166522 -4.043623 -0.216535,
        -5.192543 -3.980801 -0.216535,
        -5.201418 -3.913386 -0.216535,
        -5.196342 -3.844952 -0.207040,
        -5.169928 -3.781182 -0.207040,
        -5.127909 -3.726422 -0.207040,
        -5.073148 -3.684403 -0.207040,
        -5.009379 -3.657989 -0.207040,
        -4.940945 -3.648980 -0.207040,
        -4.872511 -3.657989 -0.207040,
        -4.808742 -3.684403 -0.207040,
        -4.753981 -3.726422 -0.207040,
        -4.711962 -3.781182 -0.207040,
        -4.685548 -3.844952 -0.207040,
        -4.676538 -3.913386 -0.207040,
        -4.685548 -3.981819 -0.207040,
        -4.711962 -4.045589 -0.207040,
        -4.753981 -4.100349 -0.207040,
        -4.808742 -4.142369 -0.207040,
        -4.872511 -4.168783 -0.207040,
        -4.940945 -4.177793 -0.207040,
        -5.009379 -4.168783 -0.207040,
        -5.073148 -4.142369 -0.207040,
        -5.127909 -4.100349 -0.207040,
        -5.169928 -4.045589 -0.207040,
        -5.196342 -3.981819 -0.207040,
        -5.205352 -3.913386 -0.207040,
        4.699847 -3.769269 -0.234879,
        4.699847 -4.057503 -0.234879,
        4.709342 -3.769269 -0.230946,
        4.709342 -4.057503 -0.230946,
        4.717496 -3.769269 -0.224689,
        4.717496 -4.057503 -0.224689,
        4.723752 -3.769269 -0.216535,
        4.723752 -4.057503 -0.216535,
        4.727686 -3.769269 -0.207040,
        4.727686 -4.057503 -0.207040,
        4.701106 -4.073516 -0.230946,
        4.695584 -4.065792 -0.234879,
        4.697368 -4.064165 -0.234879,
        4.718433 -4.082365 -0.207040,
        4.711775 -4.088438 -0.207040,
        4.715457 -4.079794 -0.216535,
        4.709487 -4.085239 -0.216535,
        4.710722 -4.075703 -0.224689,
        4.705849 -4.080149 -0.224689,
        4.704552 -4.070372 -0.230946,
        4.723475 -4.074896 -0.207040,
        4.719977 -4.073098 -0.216535,
        4.714413 -4.070236 -0.224689,
        4.707163 -4.066506 -0.230946,
        4.698719 -4.062164 -0.234879,
        4.699560 -4.059900 -0.234879,
        4.708789 -4.062135 -0.230946,
        4.716714 -4.064054 -0.224689,
        4.722795 -4.065526 -0.216535,
        4.726618 -4.066451 -0.207040,
        4.726618 -3.760321 -0.207040,
        4.715457 -3.746978 -0.216535,
        4.710288 -3.740414 -0.213932,
        4.711700 -3.738439 -0.206995,
        4.722795 -3.761246 -0.216535,
        4.707559 -3.744230 -0.221397,
        4.716714 -3.762719 -0.224689,
        4.708789 -3.764637 -0.230946,
        4.698719 -3.764608 -0.234879,
        4.699560 -3.766871 -0.234879,
        4.694752 -3.762142 -0.235233,
        4.697368 -3.762607 -0.234879,
        4.695557 -3.761017 -0.234749,
        4.699592 -3.755373 -0.232322,
        4.707163 -3.760265 -0.230946,
        4.714413 -3.756536 -0.224689,
        4.704552 -3.756399 -0.230946,
        4.710722 -3.751069 -0.224689,
        4.703934 -3.749301 -0.227631,
        4.705747 -3.746765 -0.224514,
        4.719977 -3.753674 -0.216535,
        4.723475 -3.751876 -0.207040,
        4.718433 -3.744407 -0.207040,
        4.711981 -3.738046 -0.205611,
        4.477645 -4.065792 -0.234879,
        4.518439 -4.087897 -0.234879,
        4.472122 -4.073516 -0.230946,
        4.514984 -4.096741 -0.230946,
        4.467380 -4.080149 -0.224689,
        4.512017 -4.104336 -0.224689,
        4.463741 -4.085239 -0.216535,
        4.509741 -4.110164 -0.216535,
        4.461453 -4.088438 -0.207040,
        4.508309 -4.113827 -0.207040,
        4.563415 -4.099299 -0.234879,
        4.562239 -4.108721 -0.230946,
        4.561230 -4.116812 -0.224689,
        4.560455 -4.123021 -0.216535,
        4.559967 -4.126924 -0.207040,
        4.609813 -4.099299 -0.234879,
        4.610989 -4.108721 -0.230946,
        4.611999 -4.116812 -0.224689,
        4.612774 -4.123021 -0.216535,
        4.613261 -4.126924 -0.207040,
        4.654789 -4.087897 -0.234879,
        4.658244 -4.096741 -0.230946,
        4.661211 -4.104336 -0.224689,
        4.663488 -4.110164 -0.216535,
        4.664919 -4.113827 -0.207040,
        4.518959 -3.740206 -0.235233,
        4.654269 -3.740206 -0.235233,
        4.657297 -3.732455 -0.232322,
        4.478476 -3.762142 -0.235233,
        4.477671 -3.761017 -0.234749,
        4.515931 -3.732455 -0.232322,
        4.473636 -3.755373 -0.232322,
        4.513215 -3.725502 -0.227631,
        4.660013 -3.725502 -0.227631,
        4.662282 -3.719696 -0.221397,
        4.663989 -3.715326 -0.213932,
        4.609637 -3.728891 -0.235233,
        4.610667 -3.720633 -0.232322,
        4.611591 -3.713226 -0.227631,
        4.612363 -3.707040 -0.221397,
        4.612944 -3.702385 -0.213932,
        4.563592 -3.728891 -0.235233,
        4.562561 -3.720633 -0.232322,
        4.561637 -3.713226 -0.227631,
        4.560865 -3.707040 -0.221397,
        4.560284 -3.702385 -0.213932,
        4.510947 -3.719696 -0.221397,
        4.509240 -3.715326 -0.213932,
        4.665048 -3.712614 -0.205611,
        4.469294 -3.749301 -0.227631,
        4.467482 -3.746765 -0.224514,
        4.465669 -3.744230 -0.221397,
        4.462941 -3.740414 -0.213932,
        4.461529 -3.738439 -0.206995,
        4.613304 -3.699496 -0.205611,
        4.559924 -3.699496 -0.205611,
        4.508180 -3.712614 -0.205611,
        4.461247 -3.738046 -0.205611,
        4.463886 -4.057503 -0.230946,
        4.473382 -4.057503 -0.234879,
        4.473668 -4.059900 -0.234879,
        4.446611 -4.066451 -0.207040,
        4.445543 -4.057503 -0.207040,
        4.450433 -4.065526 -0.216535,
        4.449476 -4.057503 -0.216535,
        4.456514 -4.064054 -0.224689,
        4.455732 -4.057503 -0.224689,
        4.464439 -4.062135 -0.230946,
        4.449754 -4.074896 -0.207040,
        4.453251 -4.073098 -0.216535,
        4.458815 -4.070236 -0.224689,
        4.466066 -4.066506 -0.230946,
        4.474510 -4.062164 -0.234879,
        4.475861 -4.064165 -0.234879,
        4.468676 -4.070372 -0.230946,
        4.462506 -4.075703 -0.224689,
        4.457772 -4.079794 -0.216535,
        4.454796 -4.082365 -0.207040,
        4.475861 -3.762607 -0.234879,
        4.468676 -3.756399 -0.230946,
        4.462506 -3.751069 -0.224689,
        4.457772 -3.746978 -0.216535,
        4.454796 -3.744407 -0.207040,
        4.449754 -3.751876 -0.207040,
        4.453251 -3.753674 -0.216535,
        4.458815 -3.756536 -0.224689,
        4.466066 -3.760265 -0.230946,
        4.474510 -3.764608 -0.234879,
        4.473668 -3.766871 -0.234879,
        4.464439 -3.764637 -0.230946,
        4.456514 -3.762719 -0.224689,
        4.450433 -3.761246 -0.216535,
        4.446611 -3.760321 -0.207040,
        4.445543 -3.769269 -0.207040,
        4.449476 -3.769269 -0.216535,
        4.455732 -3.769269 -0.224689,
        4.463886 -3.769269 -0.230946,
        4.473382 -3.769269 -0.234879,
        5.104306 -2.059094 0.039370,
        5.104306 -3.091196 0.039370,
        -5.032774 -3.499950 0.039370,
        -5.032774 -2.457629 0.039370,
      ]
    }
    coordIndex [
      41, 103, 42, -1,
      42, 103, 104, -1,
      42, 104, 61, -1,
      61, 104, 105, -1,
      61, 105, 62, -1,
      62, 105, 106, -1,
      62, 106, 58, -1,
      58, 106, 107, -1,
      58, 107, 59, -1,
      59, 107, 108, -1,
      59, 108, 60, -1,
      60, 108, 109, -1,
      60, 109, 55, -1,
      55, 109, 110, -1,
      55, 110, 56, -1,
      56, 110, 111, -1,
      56, 111, 57, -1,
      57, 111, 112, -1,
      57, 112, 52, -1,
      52, 112, 113, -1,
      52, 113, 53, -1,
      53, 113, 114, -1,
      53, 114, 54, -1,
      54, 114, 115, -1,
      54, 115, 49, -1,
      49, 115, 116, -1,
      49, 116, 50, -1,
      50, 116, 117, -1,
      50, 117, 51, -1,
      51, 117, 118, -1,
      51, 118, 46, -1,
      46, 118, 119, -1,
      46, 119, 47, -1,
      47, 119, 120, -1,
      47, 120, 48, -1,
      48, 120, 121, -1,
      48, 121, 43, -1,
      43, 121, 122, -1,
      43, 122, 44, -1,
      44, 122, 123, -1,
      44, 123, 45, -1,
      45, 123, 124, -1,
      45, 124, 39, -1,
      39, 124, 125, -1,
      39, 125, 40, -1,
      40, 125, 126, -1,
      40, 126, 41, -1,
      41, 126, 103, -1,
      126, 127, 103, -1,
      103, 127, 128, -1,
      103, 128, 104, -1,
      104, 128, 129, -1,
      104, 129, 105, -1,
      105, 129, 130, -1,
      105, 130, 106, -1,
      106, 130, 131, -1,
      106, 131, 107, -1,
      107, 131, 132, -1,
      107, 132, 108, -1,
      108, 132, 133, -1,
      108, 133, 109, -1,
      109, 133, 134, -1,
      109, 134, 110, -1,
      110, 134, 135, -1,
      110, 135, 111, -1,
      111, 135, 136, -1,
      111, 136, 112, -1,
      112, 136, 137, -1,
      112, 137, 113, -1,
      113, 137, 138, -1,
      113, 138, 114, -1,
      114, 138, 139, -1,
      114, 139, 115, -1,
      115, 139, 140, -1,
      115, 140, 116, -1,
      116, 140, 141, -1,
      116, 141, 117, -1,
      117, 141, 142, -1,
      117, 142, 118, -1,
      118, 142, 143, -1,
      118, 143, 119, -1,
      119, 143, 144, -1,
      119, 144, 120, -1,
      120, 144, 145, -1,
      120, 145, 121, -1,
      121, 145, 146, -1,
      121, 146, 122, -1,
      122, 146, 147, -1,
      122, 147, 123, -1,
      123, 147, 148, -1,
      123, 148, 124, -1,
      124, 148, 149, -1,
      124, 149, 125, -1,
      125, 149, 150, -1,
      125, 150, 126, -1,
      126, 150, 127, -1,
      150, 151, 127, -1,
      127, 151, 152, -1,
      127, 152, 128, -1,
      128, 152, 153, -1,
      128, 153, 129, -1,
      129, 153, 154, -1,
      129, 154, 130, -1,
      130, 154, 155, -1,
      130, 155, 131, -1,
      131, 155, 156, -1,
      131, 156, 132, -1,
      132, 156, 157, -1,
      132, 157, 133, -1,
      133, 157, 158, -1,
      133, 158, 134, -1,
      134, 158, 159, -1,
      134, 159, 135, -1,
      135, 159, 160, -1,
      135, 160, 136, -1,
      136, 160, 161, -1,
      136, 161, 137, -1,
      137, 161, 162, -1,
      137, 162, 138, -1,
      138, 162, 163, -1,
      138, 163, 139, -1,
      139, 163, 164, -1,
      139, 164, 140, -1,
      140, 164, 165, -1,
      140, 165, 141, -1,
      141, 165, 166, -1,
      141, 166, 142, -1,
      142, 166, 167, -1,
      142, 167, 143, -1,
      143, 167, 168, -1,
      143, 168, 144, -1,
      144, 168, 169, -1,
      144, 169, 145, -1,
      145, 169, 170, -1,
      145, 170, 146, -1,
      146, 170, 171, -1,
      146, 171, 147, -1,
      147, 171, 172, -1,
      147, 172, 148, -1,
      148, 172, 173, -1,
      148, 173, 149, -1,
      149, 173, 174, -1,
      149, 174, 150, -1,
      150, 174, 151, -1,
      174, 175, 151, -1,
      151, 175, 176, -1,
      151, 176, 152, -1,
      152, 176, 177, -1,
      152, 177, 153, -1,
      153, 177, 178, -1,
      153, 178, 154, -1,
      154, 178, 179, -1,
      154, 179, 155, -1,
      155, 179, 180, -1,
      155, 180, 156, -1,
      156, 180, 181, -1,
      156, 181, 157, -1,
      157, 181, 182, -1,
      157, 182, 158, -1,
      158, 182, 183, -1,
      158, 183, 159, -1,
      159, 183, 184, -1,
      159, 184, 160, -1,
      160, 184, 185, -1,
      160, 185, 161, -1,
      161, 185, 186, -1,
      161, 186, 162, -1,
      162, 186, 187, -1,
      162, 187, 163, -1,
      163, 187, 188, -1,
      163, 188, 164, -1,
      164, 188, 189, -1,
      164, 189, 165, -1,
      165, 189, 190, -1,
      165, 190, 166, -1,
      166, 190, 191, -1,
      166, 191, 167, -1,
      167, 191, 192, -1,
      167, 192, 168, -1,
      168, 192, 193, -1,
      168, 193, 169, -1,
      169, 193, 194, -1,
      169, 194, 170, -1,
      170, 194, 195, -1,
      170, 195, 171, -1,
      171, 195, 196, -1,
      171, 196, 172, -1,
      172, 196, 197, -1,
      172, 197, 173, -1,
      173, 197, 198, -1,
      173, 198, 174, -1,
      174, 198, 175, -1,
      198, 199, 175, -1,
      175, 199, 200, -1,
      175, 200, 176, -1,
      176, 200, 201, -1,
      176, 201, 177, -1,
      177, 201, 202, -1,
      177, 202, 178, -1,
      178, 202, 203, -1,
      178, 203, 179, -1,
      179, 203, 204, -1,
      179, 204, 180, -1,
      180, 204, 205, -1,
      180, 205, 181, -1,
      181, 205, 206, -1,
      181, 206, 182, -1,
      182, 206, 207, -1,
      182, 207, 183, -1,
      183, 207, 208, -1,
      183, 208, 184, -1,
      184, 208, 209, -1,
      184, 209, 185, -1,
      185, 209, 210, -1,
      185, 210, 186, -1,
      186, 210, 211, -1,
      186, 211, 187, -1,
      187, 211, 212, -1,
      187, 212, 188, -1,
      188, 212, 213, -1,
      188, 213, 189, -1,
      189, 213, 214, -1,
      189, 214, 190, -1,
      190, 214, 215, -1,
      190, 215, 191, -1,
      191, 215, 216, -1,
      191, 216, 192, -1,
      192, 216, 217, -1,
      192, 217, 193, -1,
      193, 217, 218, -1,
      193, 218, 194, -1,
      194, 218, 219, -1,
      194, 219, 195, -1,
      195, 219, 220, -1,
      195, 220, 196, -1,
      196, 220, 221, -1,
      196, 221, 197, -1,
      197, 221, 222, -1,
      197, 222, 198, -1,
      198, 222, 199, -1,
      222, 25, 199, -1,
      199, 25, 24, -1,
      199, 24, 200, -1,
      200, 24, 23, -1,
      200, 23, 201, -1,
      201, 23, 22, -1,
      201, 22, 202, -1,
      202, 22, 21, -1,
      202, 21, 203, -1,
      203, 21, 20, -1,
      203, 20, 204, -1,
      204, 20, 19, -1,
      204, 19, 205, -1,
      205, 19, 18, -1,
      205, 18, 206, -1,
      206, 18, 17, -1,
      206, 17, 207, -1,
      207, 17, 16, -1,
      207, 16, 208, -1,
      208, 16, 15, -1,
      208, 15, 209, -1,
      209, 15, 38, -1,
      209, 38, 210, -1,
      210, 38, 37, -1,
      210, 37, 211, -1,
      211, 37, 36, -1,
      211, 36, 212, -1,
      212, 36, 35, -1,
      212, 35, 213, -1,
      213, 35, 34, -1,
      213, 34, 214, -1,
      214, 34, 33, -1,
      214, 33, 215, -1,
      215, 33, 32, -1,
      215, 32, 216, -1,
      216, 32, 31, -1,
      216, 31, 217, -1,
      217, 31, 30, -1,
      217, 30, 218, -1,
      218, 30, 29, -1,
      218, 29, 219, -1,
      219, 29, 28, -1,
      219, 28, 220, -1,
      220, 28, 27, -1,
      220, 27, 221, -1,
      221, 27, 26, -1,
      221, 26, 222, -1,
      222, 26, 25, -1,
      95, 94, 223, -1,
      95, 223, 224, -1,
      224, 223, 225, -1,
      224, 225, 226, -1,
      226, 225, 227, -1,
      226, 227, 228, -1,
      228, 227, 229, -1,
      228, 229, 230, -1,
      230, 229, 231, -1,
      230, 231, 232, -1,
      232, 231, 76, -1,
      232, 76, 77, -1,
      233, 234, 235, -1,
      235, 234, 95, -1,
      80, 81, 236, -1,
      236, 81, 237, -1,
      236, 237, 238, -1,
      238, 237, 239, -1,
      238, 239, 240, -1,
      240, 239, 241, -1,
      240, 241, 242, -1,
      79, 80, 243, -1,
      243, 80, 236, -1,
      243, 236, 244, -1,
      244, 236, 238, -1,
      244, 238, 245, -1,
      245, 238, 240, -1,
      245, 240, 246, -1,
      246, 240, 242, -1,
      246, 242, 247, -1,
      247, 248, 246, -1,
      246, 248, 249, -1,
      246, 249, 245, -1,
      245, 249, 250, -1,
      245, 250, 244, -1,
      244, 250, 251, -1,
      244, 251, 243, -1,
      243, 251, 252, -1,
      243, 252, 79, -1,
      79, 252, 78, -1,
      77, 78, 232, -1,
      232, 78, 252, -1,
      232, 252, 230, -1,
      230, 252, 251, -1,
      230, 251, 228, -1,
      228, 251, 250, -1,
      228, 250, 226, -1,
      226, 250, 249, -1,
      226, 249, 224, -1,
      224, 249, 248, -1,
      224, 248, 95, -1,
      247, 95, 248, -1,
      241, 233, 242, -1,
      242, 233, 235, -1,
      242, 235, 247, -1,
      247, 235, 95, -1,
      76, 231, 253, -1,
      254, 255, 256, -1,
      231, 229, 257, -1,
      255, 254, 258, -1,
      229, 227, 259, -1,
      227, 225, 260, -1,
      94, 261, 262, -1,
      225, 223, 262, -1,
      262, 223, 94, -1,
      94, 263, 264, -1,
      264, 263, 265, -1,
      264, 265, 266, -1,
      261, 94, 264, -1,
      227, 260, 259, -1,
      259, 260, 267, -1,
      259, 267, 268, -1,
      268, 267, 269, -1,
      268, 269, 270, -1,
      225, 262, 260, -1,
      260, 262, 261, -1,
      260, 261, 267, -1,
      267, 261, 264, -1,
      267, 264, 269, -1,
      269, 264, 266, -1,
      269, 266, 270, -1,
      270, 266, 271, -1,
      270, 271, 272, -1,
      229, 259, 257, -1,
      257, 259, 268, -1,
      257, 268, 273, -1,
      273, 268, 270, -1,
      273, 270, 254, -1,
      254, 270, 272, -1,
      254, 272, 258, -1,
      231, 257, 253, -1,
      253, 257, 273, -1,
      253, 273, 274, -1,
      274, 273, 254, -1,
      274, 254, 275, -1,
      275, 254, 256, -1,
      275, 256, 276, -1,
      76, 253, 75, -1,
      75, 253, 274, -1,
      75, 274, 74, -1,
      74, 274, 275, -1,
      74, 275, 73, -1,
      73, 275, 276, -1,
      73, 276, 72, -1,
      99, 101, 277, -1,
      277, 101, 278, -1,
      277, 278, 279, -1,
      279, 278, 280, -1,
      279, 280, 281, -1,
      281, 280, 282, -1,
      281, 282, 283, -1,
      283, 282, 284, -1,
      283, 284, 285, -1,
      285, 284, 286, -1,
      285, 286, 86, -1,
      86, 286, 85, -1,
      101, 102, 278, -1,
      278, 102, 287, -1,
      278, 287, 280, -1,
      280, 287, 288, -1,
      280, 288, 282, -1,
      282, 288, 289, -1,
      282, 289, 284, -1,
      284, 289, 290, -1,
      284, 290, 286, -1,
      286, 290, 291, -1,
      286, 291, 85, -1,
      85, 291, 84, -1,
      102, 93, 287, -1,
      287, 93, 292, -1,
      287, 292, 288, -1,
      288, 292, 293, -1,
      288, 293, 289, -1,
      289, 293, 294, -1,
      289, 294, 290, -1,
      290, 294, 295, -1,
      290, 295, 291, -1,
      291, 295, 296, -1,
      291, 296, 84, -1,
      84, 296, 83, -1,
      93, 92, 292, -1,
      292, 92, 297, -1,
      292, 297, 293, -1,
      293, 297, 298, -1,
      293, 298, 294, -1,
      294, 298, 299, -1,
      294, 299, 295, -1,
      295, 299, 300, -1,
      295, 300, 296, -1,
      296, 300, 301, -1,
      296, 301, 83, -1,
      83, 301, 82, -1,
      92, 95, 297, -1,
      297, 95, 234, -1,
      297, 234, 298, -1,
      298, 234, 233, -1,
      298, 233, 299, -1,
      299, 233, 241, -1,
      299, 241, 300, -1,
      300, 241, 239, -1,
      300, 239, 301, -1,
      301, 239, 237, -1,
      301, 237, 82, -1,
      82, 237, 81, -1,
      302, 91, 100, -1,
      94, 96, 263, -1,
      263, 96, 303, -1,
      263, 303, 265, -1,
      265, 303, 304, -1,
      265, 304, 266, -1,
      100, 305, 302, -1,
      302, 305, 306, -1,
      302, 306, 307, -1,
      307, 306, 308, -1,
      307, 308, 309, -1,
      266, 304, 271, -1,
      271, 304, 310, -1,
      271, 310, 272, -1,
      272, 310, 311, -1,
      272, 311, 258, -1,
      258, 311, 255, -1,
      255, 311, 312, -1,
      255, 312, 256, -1,
      96, 98, 303, -1,
      303, 98, 313, -1,
      303, 313, 304, -1,
      304, 313, 314, -1,
      304, 314, 310, -1,
      310, 314, 315, -1,
      310, 315, 311, -1,
      311, 315, 316, -1,
      311, 316, 312, -1,
      312, 316, 317, -1,
      98, 97, 313, -1,
      313, 97, 318, -1,
      313, 318, 314, -1,
      314, 318, 319, -1,
      314, 319, 315, -1,
      315, 319, 320, -1,
      315, 320, 316, -1,
      316, 320, 321, -1,
      316, 321, 317, -1,
      317, 321, 322, -1,
      97, 91, 318, -1,
      318, 91, 302, -1,
      318, 302, 319, -1,
      319, 302, 307, -1,
      319, 307, 320, -1,
      320, 307, 309, -1,
      320, 309, 321, -1,
      321, 309, 323, -1,
      321, 323, 322, -1,
      322, 323, 324, -1,
      72, 276, 325, -1,
      325, 276, 256, -1,
      308, 326, 309, -1,
      309, 326, 327, -1,
      309, 327, 323, -1,
      323, 327, 328, -1,
      323, 328, 324, -1,
      324, 328, 329, -1,
      324, 329, 330, -1,
      256, 312, 325, -1,
      325, 312, 317, -1,
      325, 317, 331, -1,
      331, 317, 322, -1,
      331, 322, 332, -1,
      332, 322, 324, -1,
      332, 324, 333, -1,
      333, 324, 330, -1,
      333, 330, 334, -1,
      72, 325, 71, -1,
      71, 325, 331, -1,
      71, 331, 70, -1,
      70, 331, 332, -1,
      70, 332, 69, -1,
      69, 332, 333, -1,
      69, 333, 68, -1,
      68, 333, 334, -1,
      68, 334, 67, -1,
      335, 336, 337, -1,
      337, 336, 99, -1,
      89, 90, 338, -1,
      338, 90, 339, -1,
      338, 339, 340, -1,
      340, 339, 341, -1,
      340, 341, 342, -1,
      342, 341, 343, -1,
      342, 343, 344, -1,
      88, 89, 345, -1,
      345, 89, 338, -1,
      345, 338, 346, -1,
      346, 338, 340, -1,
      346, 340, 347, -1,
      347, 340, 342, -1,
      347, 342, 348, -1,
      348, 342, 344, -1,
      348, 344, 349, -1,
      349, 350, 348, -1,
      348, 350, 351, -1,
      348, 351, 347, -1,
      347, 351, 352, -1,
      347, 352, 346, -1,
      346, 352, 353, -1,
      346, 353, 345, -1,
      345, 353, 354, -1,
      345, 354, 88, -1,
      88, 354, 87, -1,
      86, 87, 285, -1,
      285, 87, 354, -1,
      285, 354, 283, -1,
      283, 354, 353, -1,
      283, 353, 281, -1,
      281, 353, 352, -1,
      281, 352, 279, -1,
      279, 352, 351, -1,
      279, 351, 277, -1,
      277, 351, 350, -1,
      277, 350, 99, -1,
      349, 99, 350, -1,
      343, 335, 344, -1,
      344, 335, 337, -1,
      344, 337, 349, -1,
      349, 337, 99, -1,
      100, 355, 305, -1,
      305, 355, 306, -1,
      308, 356, 326, -1,
      326, 356, 357, -1,
      326, 357, 327, -1,
      327, 357, 328, -1,
      328, 357, 358, -1,
      328, 358, 329, -1,
      329, 358, 359, -1,
      329, 359, 330, -1,
      330, 359, 334, -1,
      334, 359, 66, -1,
      334, 66, 67, -1,
      65, 66, 360, -1,
      360, 66, 359, -1,
      360, 359, 361, -1,
      361, 359, 358, -1,
      361, 358, 362, -1,
      362, 358, 357, -1,
      362, 357, 363, -1,
      363, 357, 356, -1,
      363, 356, 364, -1,
      364, 365, 363, -1,
      363, 365, 366, -1,
      363, 366, 362, -1,
      362, 366, 367, -1,
      362, 367, 361, -1,
      361, 367, 368, -1,
      361, 368, 360, -1,
      360, 368, 369, -1,
      360, 369, 65, -1,
      65, 369, 64, -1,
      63, 64, 370, -1,
      370, 64, 369, -1,
      370, 369, 371, -1,
      371, 369, 368, -1,
      371, 368, 372, -1,
      372, 368, 367, -1,
      372, 367, 373, -1,
      373, 367, 366, -1,
      373, 366, 374, -1,
      374, 366, 365, -1,
      374, 365, 100, -1,
      364, 100, 365, -1,
      308, 306, 356, -1,
      356, 306, 355, -1,
      356, 355, 364, -1,
      364, 355, 100, -1,
      100, 99, 336, -1,
      100, 336, 374, -1,
      374, 336, 335, -1,
      374, 335, 373, -1,
      373, 335, 343, -1,
      373, 343, 372, -1,
      372, 343, 341, -1,
      372, 341, 371, -1,
      371, 341, 339, -1,
      371, 339, 370, -1,
      370, 339, 90, -1,
      370, 90, 63, -1,
      14, 375, 8, -1,
      8, 375, 9, -1,
      375, 376, 9, -1,
      9, 376, 7, -1,
      376, 13, 7, -1,
      7, 13, 6, -1,
      376, 375, 13, -1,
      13, 375, 14, -1,
      10, 11, 5, -1,
      5, 11, 377, -1,
      5, 377, 3, -1,
      0, 378, 1, -1,
      1, 378, 12, -1,
      1, 12, 2, -1,
      378, 377, 12, -1,
      12, 377, 11, -1,
      3, 377, 4, -1,
      4, 377, 378, -1,
      4, 378, 0, -1,
    ]
  }
}

Shape {
  appearance Appearance {
    material Material {
      diffuseColor 1.0000 1.0000 1.0000
      specularColor 0.5020 0.5020 0.5020
      ambientIntensity 0.2
      transparency 0.0000
      shininess 0.5
    }
  }
  geometry IndexedFaceSet {
    ccw TRUE
    solid FALSE
    coord DEF co Coordinate {
      point [
        0.045770 1.388398 0.000000,
        0.042327 1.387464 0.000000,
        0.042327 1.361057 0.000000,
        0.042327 1.227823 0.000000,
        0.045770 1.225916 0.000000,
        0.045770 1.362531 0.000000,
        0.064500 1.370552 0.000000,
        0.045855 1.225869 0.000000,
        0.088426 1.373660 0.000000,
        0.107810 1.371483 0.000000,
        0.122544 1.366166 0.000000,
        0.136169 1.357051 0.000000,
        0.148056 1.343928 0.000000,
        0.162358 1.292339 0.000000,
        0.160365 1.271029 0.000000,
        0.155017 1.254097 0.000000,
        0.111213 1.217279 0.000000,
        0.092853 1.215220 0.000000,
        0.125557 1.222559 0.000000,
        0.137638 1.230702 0.000000,
        0.146875 1.240448 0.000000,
        0.066722 1.218120 0.000000,
        0.156172 1.328729 0.000000,
        0.161419 1.307656 0.000000,
        0.139830 1.202697 0.000000,
        0.155664 1.212808 0.000000,
        0.170450 1.228374 0.000000,
        0.180937 1.247092 0.000000,
        0.178376 1.341017 0.000000,
        0.166838 1.359422 0.000000,
        0.149066 1.376513 0.000000,
        0.186861 1.267929 0.000000,
        0.188765 1.290726 0.000000,
        0.185933 1.318713 0.000000,
        0.130368 1.387276 0.000000,
        0.108423 1.393652 0.000000,
        0.088652 1.395266 0.000000,
        0.065086 1.393640 0.000000,
        0.083202 1.194815 0.000000,
        0.091109 1.193706 0.000000,
        0.096491 1.193614 0.000000,
        0.108067 1.194815 0.000000,
        0.120750 1.196130 0.000000,
        0.042327 1.206217 0.000000,
        0.045770 1.204804 0.000000,
        0.063310 1.197602 0.000000,
        0.205569 1.217620 0.000000,
        0.205569 1.196015 0.000000,
        0.306395 1.196015 0.000000,
        0.306395 1.392865 0.000000,
        0.279988 1.217620 0.000000,
        0.279988 1.392865 0.000000,
        -0.101710 1.217620 0.000000,
        -0.101710 1.196015 0.000000,
        0.003917 1.196015 0.000000,
        0.003917 1.392865 0.000000,
        -0.096909 1.371259 0.000000,
        -0.096909 1.392865 0.000000,
        -0.022489 1.284837 0.000000,
        -0.022489 1.217620 0.000000,
        -0.092107 1.284837 0.000000,
        -0.092107 1.306443 0.000000,
        -0.022489 1.306443 0.000000,
        -0.022489 1.371259 0.000000,
        -0.193646 1.196015 0.000000,
        -0.140120 1.196015 0.000000,
        -0.140120 1.392865 0.000000,
        -0.288730 1.249967 0.000000,
        -0.277442 1.232360 0.000000,
        -0.261239 1.216846 0.000000,
        -0.240685 1.204902 0.000000,
        -0.218002 1.198141 0.000000,
        -0.224111 1.389825 0.000000,
        -0.247143 1.381738 0.000000,
        -0.268568 1.367379 0.000000,
        -0.195671 1.392865 0.000000,
        -0.268774 1.367198 0.000000,
        -0.282694 1.351763 0.000000,
        -0.291843 1.334833 0.000000,
        -0.297130 1.315438 0.000000,
        -0.298560 1.296915 0.000000,
        -0.295798 1.270571 0.000000,
        -0.341771 1.196015 0.000000,
        -0.312964 1.196015 0.000000,
        -0.387383 1.392865 0.000000,
        -0.413790 1.392865 0.000000,
        -0.490609 1.196015 0.000000,
        -0.461802 1.196015 0.000000,
        -0.441884 1.251229 0.000000,
        -0.360563 1.251229 0.000000,
        -0.413790 1.392865 0.000394,
        -0.490609 1.196015 0.000394,
        -0.461802 1.196015 0.000394,
        -0.441884 1.251229 0.000394,
        -0.360563 1.251229 0.000394,
        -0.341771 1.196015 0.000394,
        -0.312964 1.196015 0.000394,
        -0.387383 1.392865 0.000394,
        -0.367203 1.272834 0.000394,
        -0.433032 1.272834 0.000394,
        -0.396573 1.355056 0.000394,
        -0.398467 1.361883 0.000394,
        -0.399724 1.368859 0.000394,
        -0.400361 1.368859 0.000394,
        -0.401646 1.361904 0.000394,
        -0.403400 1.355056 0.000394,
        -0.367203 1.272834 0.000000,
        -0.433032 1.272834 0.000000,
        -0.396573 1.355056 0.000000,
        -0.398467 1.361883 -0.000000,
        -0.399724 1.368859 0.000000,
        -0.400361 1.368859 0.000000,
        -0.401646 1.361904 0.000000,
        -0.403400 1.355056 0.000000,
        -0.193646 1.196015 0.000394,
        -0.140120 1.196015 0.000394,
        -0.140120 1.392865 0.000394,
        -0.195671 1.392865 0.000394,
        -0.298560 1.296915 0.000394,
        -0.297130 1.315438 0.000394,
        -0.291843 1.334833 0.000394,
        -0.282694 1.351763 0.000394,
        -0.268774 1.367198 0.000394,
        -0.268568 1.367379 0.000394,
        -0.247143 1.381738 0.000394,
        -0.224111 1.389825 0.000394,
        -0.218002 1.198141 0.000394,
        -0.240685 1.204902 0.000394,
        -0.261239 1.216846 0.000394,
        -0.277442 1.232360 0.000394,
        -0.288730 1.249967 0.000394,
        -0.295798 1.270571 0.000394,
        -0.259047 1.343655 0.000394,
        -0.249485 1.353807 0.000394,
        -0.235107 1.363097 0.000394,
        -0.218858 1.368783 0.000394,
        -0.195559 1.371259 0.000394,
        -0.166526 1.371259 0.000394,
        -0.166526 1.217620 0.000394,
        -0.194471 1.217620 0.000394,
        -0.215239 1.219553 0.000394,
        -0.231804 1.224724 0.000394,
        -0.245229 1.232696 0.000394,
        -0.256270 1.243601 0.000394,
        -0.264572 1.257173 0.000394,
        -0.270346 1.275677 0.000394,
        -0.272153 1.296353 0.000394,
        -0.270481 1.315944 0.000394,
        -0.265886 1.331514 0.000394,
        -0.195559 1.371259 0.000000,
        -0.166526 1.371259 0.000000,
        -0.218858 1.368783 0.000000,
        -0.235107 1.363097 0.000000,
        -0.249485 1.353807 0.000000,
        -0.259047 1.343655 0.000000,
        -0.265886 1.331514 0.000000,
        -0.270481 1.315944 0.000000,
        -0.272153 1.296353 0.000000,
        -0.270346 1.275677 0.000000,
        -0.264572 1.257173 0.000000,
        -0.256270 1.243601 0.000000,
        -0.245229 1.232696 0.000000,
        -0.231804 1.224724 0.000000,
        -0.215239 1.219553 0.000000,
        -0.194471 1.217620 0.000000,
        -0.166526 1.217620 0.000000,
        -0.101710 1.217620 0.000394,
        -0.101710 1.196015 0.000394,
        0.003917 1.196015 0.000394,
        0.003917 1.392865 0.000394,
        -0.096909 1.392865 0.000394,
        -0.096909 1.371259 0.000394,
        -0.022489 1.371259 0.000394,
        -0.022489 1.306443 0.000394,
        -0.092107 1.306443 0.000394,
        -0.092107 1.284837 0.000394,
        -0.022489 1.284837 0.000394,
        -0.022489 1.217620 0.000394,
        0.042327 1.227823 0.000394,
        0.042327 1.206217 0.000394,
        0.096491 1.193614 0.000394,
        0.063310 1.197602 0.000394,
        0.091109 1.193706 0.000394,
        0.120750 1.196130 0.000394,
        0.139830 1.202697 0.000394,
        0.155664 1.212808 0.000394,
        0.170450 1.228374 0.000394,
        0.180937 1.247092 0.000394,
        0.186861 1.267929 0.000394,
        0.188765 1.290726 0.000394,
        0.088652 1.395266 0.000394,
        0.108423 1.393652 0.000394,
        0.130368 1.387276 0.000394,
        0.149066 1.376513 0.000394,
        0.166838 1.359422 0.000394,
        0.178376 1.341017 0.000394,
        0.185933 1.318713 0.000394,
        0.065086 1.393640 0.000394,
        0.042327 1.387464 0.000394,
        0.042327 1.361057 0.000394,
        0.064500 1.370552 0.000394,
        0.088426 1.373660 0.000394,
        0.162358 1.292339 0.000394,
        0.161419 1.307656 0.000394,
        0.156172 1.328729 0.000394,
        0.148056 1.343928 0.000394,
        0.136169 1.357051 0.000394,
        0.122544 1.366166 0.000394,
        0.107810 1.371483 0.000394,
        0.092853 1.215220 0.000394,
        0.111213 1.217279 0.000394,
        0.125557 1.222559 0.000394,
        0.137638 1.230702 0.000394,
        0.146875 1.240448 0.000394,
        0.155017 1.254097 0.000394,
        0.160365 1.271029 0.000394,
        0.045855 1.225869 0.000394,
        0.066722 1.218120 0.000394,
        0.205569 1.217620 0.000394,
        0.205569 1.196015 0.000394,
        0.306395 1.196015 0.000394,
        0.306395 1.392865 0.000394,
        0.279988 1.392865 0.000394,
        0.279988 1.217620 0.000394,
      ]
    }
    coordIndex [
      90, 91, 85, -1,
      85, 91, 86, -1,
      91, 92, 86, -1,
      86, 92, 87, -1,
      92, 93, 87, -1,
      87, 93, 88, -1,
      93, 94, 88, -1,
      88, 94, 89, -1,
      94, 95, 89, -1,
      89, 95, 82, -1,
      95, 96, 82, -1,
      82, 96, 83, -1,
      96, 97, 83, -1,
      83, 97, 84, -1,
      97, 90, 84, -1,
      84, 90, 85, -1,
      98, 94, 99, -1,
      99, 94, 93, -1,
      100, 97, 98, -1,
      98, 97, 96, -1,
      98, 96, 94, -1,
      94, 96, 95, -1,
      100, 101, 97, -1,
      97, 101, 102, -1,
      97, 102, 90, -1,
      90, 102, 103, -1,
      90, 103, 104, -1,
      104, 105, 90, -1,
      90, 105, 99, -1,
      90, 99, 91, -1,
      91, 99, 93, -1,
      91, 93, 92, -1,
      98, 99, 106, -1,
      106, 99, 107, -1,
      100, 98, 108, -1,
      108, 98, 106, -1,
      100, 108, 109, -1,
      100, 109, 101, -1,
      101, 109, 110, -1,
      101, 110, 102, -1,
      103, 102, 111, -1,
      111, 102, 110, -1,
      103, 111, 112, -1,
      103, 112, 104, -1,
      104, 112, 113, -1,
      104, 113, 105, -1,
      99, 105, 107, -1,
      107, 105, 113, -1,
      114, 115, 64, -1,
      64, 115, 65, -1,
      115, 116, 65, -1,
      65, 116, 66, -1,
      116, 117, 66, -1,
      66, 117, 75, -1,
      118, 80, 79, -1,
      118, 79, 119, -1,
      119, 79, 78, -1,
      119, 78, 120, -1,
      120, 78, 77, -1,
      120, 77, 121, -1,
      121, 77, 76, -1,
      121, 76, 122, -1,
      122, 76, 74, -1,
      122, 74, 123, -1,
      123, 74, 73, -1,
      123, 73, 124, -1,
      124, 73, 72, -1,
      124, 72, 125, -1,
      125, 72, 75, -1,
      125, 75, 117, -1,
      114, 64, 71, -1,
      114, 71, 126, -1,
      126, 71, 70, -1,
      126, 70, 127, -1,
      127, 70, 69, -1,
      127, 69, 128, -1,
      128, 69, 68, -1,
      128, 68, 129, -1,
      129, 68, 67, -1,
      129, 67, 130, -1,
      130, 67, 81, -1,
      130, 81, 131, -1,
      131, 81, 80, -1,
      131, 80, 118, -1,
      120, 121, 132, -1,
      132, 121, 122, -1,
      132, 122, 133, -1,
      133, 122, 123, -1,
      133, 123, 134, -1,
      134, 123, 124, -1,
      134, 124, 135, -1,
      135, 124, 125, -1,
      135, 125, 136, -1,
      136, 125, 117, -1,
      136, 117, 137, -1,
      137, 117, 116, -1,
      137, 116, 138, -1,
      138, 116, 115, -1,
      138, 115, 139, -1,
      139, 115, 114, -1,
      139, 114, 140, -1,
      140, 114, 126, -1,
      140, 126, 141, -1,
      141, 126, 127, -1,
      141, 127, 142, -1,
      142, 127, 128, -1,
      142, 128, 143, -1,
      143, 128, 129, -1,
      143, 129, 144, -1,
      144, 129, 130, -1,
      144, 130, 145, -1,
      145, 130, 131, -1,
      145, 131, 146, -1,
      146, 131, 118, -1,
      146, 118, 147, -1,
      147, 118, 119, -1,
      147, 119, 148, -1,
      148, 119, 120, -1,
      148, 120, 132, -1,
      136, 137, 149, -1,
      149, 137, 150, -1,
      136, 149, 151, -1,
      136, 151, 135, -1,
      135, 151, 152, -1,
      135, 152, 134, -1,
      134, 152, 153, -1,
      134, 153, 133, -1,
      133, 153, 154, -1,
      133, 154, 132, -1,
      132, 154, 155, -1,
      132, 155, 148, -1,
      148, 155, 156, -1,
      148, 156, 147, -1,
      147, 156, 157, -1,
      147, 157, 146, -1,
      146, 157, 158, -1,
      146, 158, 145, -1,
      145, 158, 159, -1,
      145, 159, 144, -1,
      144, 159, 160, -1,
      144, 160, 143, -1,
      143, 160, 161, -1,
      143, 161, 142, -1,
      142, 161, 162, -1,
      142, 162, 141, -1,
      141, 162, 163, -1,
      141, 163, 140, -1,
      140, 163, 164, -1,
      140, 164, 139, -1,
      138, 139, 165, -1,
      165, 139, 164, -1,
      137, 138, 150, -1,
      150, 138, 165, -1,
      166, 167, 52, -1,
      52, 167, 53, -1,
      167, 168, 53, -1,
      53, 168, 54, -1,
      168, 169, 54, -1,
      54, 169, 55, -1,
      169, 170, 55, -1,
      55, 170, 57, -1,
      170, 171, 57, -1,
      57, 171, 56, -1,
      171, 172, 56, -1,
      56, 172, 63, -1,
      172, 173, 63, -1,
      63, 173, 62, -1,
      173, 174, 62, -1,
      62, 174, 61, -1,
      174, 175, 61, -1,
      61, 175, 60, -1,
      175, 176, 60, -1,
      60, 176, 58, -1,
      176, 177, 58, -1,
      58, 177, 59, -1,
      177, 166, 59, -1,
      59, 166, 52, -1,
      168, 167, 166, -1,
      166, 177, 168, -1,
      168, 177, 176, -1,
      168, 176, 169, -1,
      171, 170, 172, -1,
      172, 170, 169, -1,
      172, 169, 173, -1,
      173, 169, 176, -1,
      173, 176, 174, -1,
      174, 176, 175, -1,
      178, 179, 3, -1,
      3, 179, 43, -1,
      180, 40, 39, -1,
      43, 179, 44, -1,
      44, 179, 181, -1,
      180, 39, 182, -1,
      182, 39, 38, -1,
      182, 38, 181, -1,
      181, 38, 45, -1,
      181, 45, 44, -1,
      40, 180, 41, -1,
      41, 180, 183, -1,
      41, 183, 42, -1,
      42, 183, 184, -1,
      42, 184, 24, -1,
      24, 184, 185, -1,
      24, 185, 25, -1,
      25, 185, 186, -1,
      25, 186, 26, -1,
      26, 186, 187, -1,
      26, 187, 27, -1,
      27, 187, 188, -1,
      27, 188, 31, -1,
      31, 188, 189, -1,
      31, 189, 32, -1,
      190, 36, 35, -1,
      190, 35, 191, -1,
      191, 35, 34, -1,
      191, 34, 192, -1,
      192, 34, 30, -1,
      192, 30, 193, -1,
      193, 30, 29, -1,
      193, 29, 194, -1,
      194, 29, 28, -1,
      194, 28, 195, -1,
      195, 28, 33, -1,
      195, 33, 196, -1,
      196, 33, 32, -1,
      196, 32, 189, -1,
      36, 190, 197, -1,
      198, 1, 0, -1,
      198, 0, 197, -1,
      197, 0, 37, -1,
      197, 37, 36, -1,
      198, 199, 1, -1,
      1, 199, 2, -1,
      2, 199, 5, -1,
      5, 199, 200, -1,
      5, 200, 6, -1,
      6, 200, 201, -1,
      6, 201, 8, -1,
      202, 13, 23, -1,
      202, 23, 203, -1,
      203, 23, 22, -1,
      203, 22, 204, -1,
      204, 22, 12, -1,
      204, 12, 205, -1,
      205, 12, 11, -1,
      205, 11, 206, -1,
      206, 11, 10, -1,
      206, 10, 207, -1,
      207, 10, 9, -1,
      207, 9, 208, -1,
      208, 9, 8, -1,
      208, 8, 201, -1,
      209, 17, 16, -1,
      209, 16, 210, -1,
      210, 16, 18, -1,
      210, 18, 211, -1,
      211, 18, 19, -1,
      211, 19, 212, -1,
      212, 19, 20, -1,
      212, 20, 213, -1,
      213, 20, 15, -1,
      213, 15, 214, -1,
      214, 15, 14, -1,
      214, 14, 215, -1,
      215, 14, 13, -1,
      215, 13, 202, -1,
      3, 4, 178, -1,
      178, 4, 216, -1,
      4, 7, 216, -1,
      216, 7, 21, -1,
      216, 21, 217, -1,
      217, 21, 17, -1,
      217, 17, 209, -1,
      210, 180, 209, -1,
      209, 180, 182, -1,
      209, 182, 217, -1,
      217, 182, 181, -1,
      217, 181, 216, -1,
      216, 181, 179, -1,
      216, 179, 178, -1,
      199, 198, 200, -1,
      200, 198, 197, -1,
      200, 197, 201, -1,
      201, 197, 190, -1,
      201, 190, 208, -1,
      208, 190, 191, -1,
      208, 191, 207, -1,
      207, 191, 192, -1,
      207, 192, 206, -1,
      206, 192, 193, -1,
      206, 193, 205, -1,
      205, 193, 194, -1,
      205, 194, 204, -1,
      204, 194, 195, -1,
      204, 195, 203, -1,
      203, 195, 196, -1,
      203, 196, 202, -1,
      202, 196, 189, -1,
      202, 189, 215, -1,
      215, 189, 188, -1,
      215, 188, 214, -1,
      214, 188, 187, -1,
      214, 187, 213, -1,
      213, 187, 186, -1,
      213, 186, 212, -1,
      212, 186, 185, -1,
      212, 185, 211, -1,
      211, 185, 184, -1,
      211, 184, 210, -1,
      210, 184, 183, -1,
      210, 183, 180, -1,
      218, 219, 46, -1,
      46, 219, 47, -1,
      219, 220, 47, -1,
      47, 220, 48, -1,
      220, 221, 48, -1,
      48, 221, 49, -1,
      221, 222, 49, -1,
      49, 222, 51, -1,
      222, 223, 51, -1,
      51, 223, 50, -1,
      223, 218, 50, -1,
      50, 218, 46, -1,
      222, 221, 223, -1,
      223, 221, 220, -1,
      223, 220, 218, -1,
      218, 220, 219, -1,
    ]
  }
}

Shape {
  appearance Appearance {
    material Material {
      diffuseColor 0.2980 0.2980 0.2980
      specularColor 0.0902 0.0902 0.0902
      ambientIntensity 0.2
      transparency 0.0000
      shininess 0.5
    }
  }
  geometry IndexedFaceSet {
    ccw TRUE
    solid FALSE
    coord DEF co Coordinate {
      point [
        -0.367203 1.272834 0.000000,
        -0.433032 1.272834 0.000000,
        -0.396573 1.355056 0.000000,
        -0.398467 1.361883 -0.000000,
        -0.399724 1.368859 0.000000,
        -0.400361 1.368859 0.000000,
        -0.401646 1.361904 0.000000,
        -0.403400 1.355056 0.000000,
        -0.195559 1.371259 0.000000,
        -0.166526 1.371259 0.000000,
        -0.218858 1.368783 0.000000,
        -0.235107 1.363097 0.000000,
        -0.249485 1.353807 0.000000,
        -0.259047 1.343655 0.000000,
        -0.265886 1.331514 0.000000,
        -0.270481 1.315944 0.000000,
        -0.272153 1.296353 0.000000,
        -0.270346 1.275677 0.000000,
        -0.264572 1.257173 0.000000,
        -0.256270 1.243601 0.000000,
        -0.245229 1.232696 0.000000,
        -0.231804 1.224724 0.000000,
        -0.215239 1.219553 0.000000,
        -0.194471 1.217620 0.000000,
        -0.166526 1.217620 0.000000,
      ]
    }
    coordIndex [
      0, 1, 2, -1,
      2, 1, 7, -1,
      2, 7, 3, -1,
      3, 7, 6, -1,
      3, 6, 4, -1,
      4, 6, 5, -1,
      9, 24, 8, -1,
      8, 24, 23, -1,
      8, 23, 22, -1,
      16, 15, 8, -1,
      8, 15, 14, -1,
      8, 14, 10, -1,
      22, 21, 8, -1,
      8, 21, 20, -1,
      8, 20, 19, -1,
      19, 18, 8, -1,
      8, 18, 17, -1,
      8, 17, 16, -1,
      13, 12, 14, -1,
      14, 12, 11, -1,
      14, 11, 10, -1,
    ]
  }
}

Shape {
  appearance Appearance {
    material Material {
      diffuseColor 1.0000 1.0000 1.0000
      specularColor 0.8784 0.8784 0.8784
      ambientIntensity 0.2
      transparency 0.0000
      shininess 0.5
    }
  }
  geometry IndexedFaceSet {
    ccw TRUE
    solid FALSE
    coord DEF co Coordinate {
      point [
        -5.200787 5.429134 0.361632,
        -5.200787 5.429134 0.405925,
        -5.437008 5.429134 0.405925,
        -5.437008 5.429134 0.361632,
        -5.200787 5.441952 0.350867,
        -5.437008 5.441952 0.350867,
        -5.200787 5.452206 0.337635,
        -5.437008 5.452206 0.337635,
        -5.200787 5.642283 0.029524,
        -5.437008 5.642283 0.029524,
        -5.437008 5.654850 0.013984,
        -5.200787 5.654850 0.013984,
        -5.437008 5.670925 0.002108,
        -5.200787 5.670925 0.002108,
        -5.437008 5.689472 -0.005337,
        -5.200787 5.689472 -0.005337,
        -5.437008 5.709297 -0.007874,
        -5.200787 5.709297 -0.007874,
        -5.200787 5.980315 -0.007874,
        -5.437008 5.980315 -0.007874,
        -5.200787 5.980315 0.031496,
        -5.437008 5.980315 0.031496,
        -5.200787 5.709297 0.031496,
        -5.437008 5.709297 0.031496,
        -5.200787 5.699385 0.032764,
        -5.437008 5.699385 0.032764,
        -5.200787 5.690111 0.036487,
        -5.437008 5.690111 0.036487,
        -5.200787 5.682074 0.042425,
        -5.437008 5.682074 0.042425,
        -5.200787 5.675790 0.050195,
        -5.437008 5.675790 0.050195,
        -5.200787 5.485713 0.358306,
        -5.437008 5.485713 0.358306,
        -5.437008 5.470391 0.378093,
        -5.200787 5.470391 0.378093,
        -5.437008 5.451245 0.394207,
        -5.200787 5.451245 0.394207,
      ]
    }
    coordIndex [
      0, 3, 4, -1,
      4, 3, 5, -1,
      4, 5, 6, -1,
      6, 5, 7, -1,
      8, 6, 9, -1,
      9, 6, 7, -1,
      8, 9, 10, -1,
      8, 10, 11, -1,
      11, 10, 12, -1,
      11, 12, 13, -1,
      13, 12, 14, -1,
      13, 14, 15, -1,
      15, 14, 16, -1,
      15, 16, 17, -1,
      18, 17, 19, -1,
      19, 17, 16, -1,
      20, 18, 21, -1,
      21, 18, 19, -1,
      22, 20, 23, -1,
      23, 20, 21, -1,
      22, 23, 24, -1,
      24, 23, 25, -1,
      24, 25, 26, -1,
      26, 25, 27, -1,
      26, 27, 28, -1,
      28, 27, 29, -1,
      28, 29, 30, -1,
      30, 29, 31, -1,
      32, 30, 33, -1,
      33, 30, 31, -1,
      32, 33, 34, -1,
      32, 34, 35, -1,
      35, 34, 36, -1,
      35, 36, 37, -1,
      37, 36, 2, -1,
      37, 2, 1, -1,
      1, 0, 37, -1,
      37, 0, 4, -1,
      18, 20, 17, -1,
      17, 20, 22, -1,
      17, 22, 15, -1,
      15, 22, 24, -1,
      15, 24, 13, -1,
      13, 24, 26, -1,
      13, 26, 11, -1,
      11, 26, 28, -1,
      11, 28, 8, -1,
      8, 28, 30, -1,
      8, 30, 6, -1,
      6, 30, 32, -1,
      6, 32, 4, -1,
      4, 32, 35, -1,
      4, 35, 37, -1,
      21, 19, 23, -1,
      23, 19, 16, -1,
      23, 16, 25, -1,
      25, 16, 14, -1,
      25, 14, 27, -1,
      27, 14, 12, -1,
      27, 12, 29, -1,
      29, 12, 10, -1,
      29, 10, 31, -1,
      31, 10, 9, -1,
      31, 9, 33, -1,
      33, 9, 7, -1,
      33, 7, 34, -1,
      34, 7, 5, -1,
      34, 5, 36, -1,
      36, 5, 3, -1,
      36, 3, 2, -1,
    ]
  }
}

Shape {
  appearance Appearance {
    material Material {
      diffuseColor 0.2980 0.2980 0.2980
      specularColor 0.0902 0.0902 0.0902
      ambientIntensity 0.2
      transparency 0.0000
      shininess 0.5
    }
  }
  geometry IndexedFaceSet {
    ccw TRUE
    solid FALSE
    coord DEF co Coordinate {
      point [
        -4.448819 -5.665354 0.000000,
        -4.763780 -5.980315 0.000000,
        4.652629 0.286584 0.000000,
        4.625500 0.297821 0.000000,
        4.693800 0.245413 0.000000,
        4.675924 0.268709 0.000000,
        4.484941 -2.917028 0.000000,
        4.487740 -2.938283 0.000000,
        4.498977 -2.965412 0.000000,
        4.540148 0.286584 0.000000,
        4.516852 0.268709 0.000000,
        4.596388 0.301654 0.000000,
        4.567276 0.297821 0.000000,
        4.498977 0.245413 0.000000,
        4.487740 0.218285 0.000000,
        4.484941 0.197030 0.000000,
        4.516852 -2.988707 0.000000,
        4.540148 -3.006583 0.000000,
        4.567276 -3.017820 0.000000,
        4.675924 -2.988707 0.000000,
        4.693800 -2.965412 0.000000,
        4.596388 -3.021652 0.000000,
        4.625500 -3.017820 0.000000,
        4.652629 -3.006583 0.000000,
        4.705036 -2.938283 0.000000,
        4.708869 -2.909171 0.000000,
        4.708869 0.189173 0.000000,
        4.705036 0.218285 0.000000,
        4.094488 -5.665354 0.000000,
        4.409449 -5.980315 0.000000,
        4.483907 -2.909171 0.000000,
        4.483907 0.189173 0.000000,
        4.409449 -5.980315 0.196850,
        4.763780 -5.980315 0.196850,
        4.763780 -5.980315 1.102362,
        -5.354331 -5.980315 0.196850,
        -5.354331 -5.980315 1.102362,
        -4.763780 -5.980315 0.196850,
        -5.039370 -5.665354 1.102362,
        4.448819 -5.665354 1.102362,
        -5.039370 -5.665354 0.196850,
        4.448819 -5.665354 0.196850,
        -4.448819 -5.665354 0.196850,
        4.235100 -5.805967 0.196850,
        4.094488 -5.665354 0.196850,
        4.708869 0.189173 0.118110,
        4.705036 0.218285 0.118110,
        4.693800 0.245413 0.118110,
        4.675924 0.268709 0.118110,
        4.652629 0.286584 0.118110,
        4.625500 0.297821 0.118110,
        4.596388 0.301654 0.118110,
        4.567276 0.297821 0.118110,
        4.540148 0.286584 0.118110,
        4.516852 0.268709 0.118110,
        4.498977 0.245413 0.118110,
        4.487740 0.218285 0.118110,
        4.483907 0.189173 0.118110,
        4.483907 -2.909171 0.118110,
        4.708869 -2.909171 0.118110,
        4.705036 -2.938283 0.118110,
        4.693800 -2.965412 0.118110,
        4.675924 -2.988707 0.118110,
        4.652629 -3.006583 0.118110,
        4.625500 -3.017820 0.118110,
        4.596388 -3.021652 0.118110,
        4.567276 -3.017820 0.118110,
        4.540148 -3.006583 0.118110,
        4.516852 -2.988707 0.118110,
        4.498977 -2.965412 0.118110,
        4.487740 -2.938283 0.118110,
      ]
    }
    coordIndex [
      38, 36, 40, -1,
      40, 36, 35, -1,
      1, 0, 37, -1,
      37, 0, 42, -1,
      34, 39, 33, -1,
      33, 39, 41, -1,
      29, 32, 28, -1,
      28, 32, 43, -1,
      28, 43, 44, -1,
      26, 45, 27, -1,
      27, 45, 46, -1,
      27, 46, 4, -1,
      4, 46, 47, -1,
      4, 47, 5, -1,
      5, 47, 48, -1,
      5, 48, 2, -1,
      2, 48, 49, -1,
      2, 49, 3, -1,
      3, 49, 50, -1,
      3, 50, 11, -1,
      11, 50, 51, -1,
      11, 51, 12, -1,
      12, 51, 52, -1,
      12, 52, 9, -1,
      9, 52, 53, -1,
      9, 53, 10, -1,
      10, 53, 54, -1,
      10, 54, 13, -1,
      13, 54, 55, -1,
      13, 55, 14, -1,
      14, 55, 56, -1,
      14, 56, 15, -1,
      15, 56, 57, -1,
      15, 57, 31, -1,
      57, 58, 31, -1,
      31, 58, 30, -1,
      59, 25, 60, -1,
      60, 25, 24, -1,
      60, 24, 61, -1,
      61, 24, 20, -1,
      61, 20, 62, -1,
      62, 20, 19, -1,
      62, 19, 63, -1,
      63, 19, 23, -1,
      63, 23, 64, -1,
      64, 23, 22, -1,
      64, 22, 65, -1,
      65, 22, 21, -1,
      65, 21, 66, -1,
      66, 21, 18, -1,
      66, 18, 67, -1,
      67, 18, 17, -1,
      67, 17, 68, -1,
      68, 17, 16, -1,
      68, 16, 69, -1,
      69, 16, 8, -1,
      69, 8, 70, -1,
      30, 58, 6, -1,
      6, 58, 70, -1,
      6, 70, 7, -1,
      7, 70, 8, -1,
      59, 45, 25, -1,
      25, 45, 26, -1,
      56, 55, 45, -1,
      58, 59, 60, -1,
      59, 58, 45, -1,
      45, 58, 57, -1,
      45, 57, 56, -1,
      60, 61, 58, -1,
      58, 61, 62, -1,
      58, 62, 70, -1,
      62, 66, 67, -1,
      66, 62, 65, -1,
      65, 62, 63, -1,
      65, 63, 64, -1,
      67, 68, 62, -1,
      62, 68, 69, -1,
      62, 69, 70, -1,
      52, 51, 50, -1,
      49, 48, 54, -1,
      54, 48, 47, -1,
      54, 47, 55, -1,
      55, 47, 46, -1,
      55, 46, 45, -1,
      49, 54, 50, -1,
      50, 54, 53, -1,
      50, 53, 52, -1,
    ]
  }
}
