#VRML V2.0 utf8

Shape {
  appearance Appearance {
    material Material {
      diffuseColor 1.0000 1.0000 1.0000
      specularColor 0.5020 0.5020 0.5020
      ambientIntensity 0.2
      transparency 0.0000
      shininess 0.5
    }
  }
  geometry IndexedFaceSet {
    ccw TRUE
    solid FALSE
    coord DEF co Coordinate {
      point [
        -0.669419 0.255906 0.295739,
        -0.669419 0.255906 0.435039,
        -0.316007 0.255906 0.295739,
        -0.483008 0.255906 0.435039,
        -0.483008 0.255906 0.710386,
        0.669419 0.255906 0.435039,
        0.669419 0.255906 0.295739,
        0.483008 0.255906 0.435039,
        0.313427 0.255906 0.295739,
        0.483008 0.255906 0.710386,
        0.313427 0.255906 0.257044,
        0.290210 0.255906 0.236407,
        0.277463 0.255906 0.226877,
        0.245357 0.255906 0.207596,
        0.211980 0.255906 0.193117,
        0.179844 0.255906 0.183921,
        0.148330 0.255906 0.179654,
        -0.150909 0.255906 0.179654,
        -0.165896 0.255906 0.181131,
        -0.202076 0.255906 0.189159,
        -0.237244 0.255906 0.202260,
        -0.267365 0.255906 0.218087,
        -0.292790 0.255906 0.236407,
        -0.316007 0.255906 0.257044,
        -0.483008 -0.255906 0.435039,
        -0.669419 -0.255906 0.435039,
        -0.669419 -0.255906 0.295739,
        0.669419 -0.255906 0.295739,
        0.669419 -0.255906 0.435039,
        0.313427 -0.255906 0.295739,
        0.483008 -0.255906 0.435039,
        0.483008 -0.255906 0.710386,
        -0.316007 -0.255906 0.295739,
        -0.483008 -0.255906 0.710386,
        0.313427 -0.255906 0.257044,
        0.290210 -0.255906 0.236407,
        0.277463 -0.255906 0.226877,
        0.245357 -0.255906 0.207596,
        -0.150909 -0.255906 0.179654,
        0.148330 -0.255906 0.179654,
        -0.316007 -0.255906 0.257044,
        -0.292790 -0.255906 0.236407,
        -0.267365 -0.255906 0.218087,
        -0.237244 -0.255906 0.202260,
        -0.202076 -0.255906 0.189159,
        -0.165896 -0.255906 0.181131,
        0.179844 -0.255906 0.183921,
        0.211980 -0.255906 0.193117,
        0.493198 -0.254564 0.435039,
        0.493198 0.254564 0.435039,
        0.502693 -0.250631 0.435039,
        0.502693 0.250631 0.435039,
        0.510847 0.244374 0.435039,
        0.517104 0.236220 0.435039,
        0.521037 0.226725 0.435039,
        0.522378 0.216535 0.435039,
        0.522378 -0.216535 0.435039,
        0.521037 -0.226725 0.435039,
        0.517104 -0.236220 0.435039,
        0.510847 -0.244374 0.435039,
        -0.493198 -0.254564 0.435039,
        -0.502693 -0.250631 0.435039,
        -0.510847 -0.244374 0.435039,
        -0.517104 -0.236220 0.435039,
        -0.510847 0.244374 0.435039,
        -0.517104 0.236220 0.435039,
        -0.521037 0.226725 0.435039,
        -0.502693 0.250631 0.435039,
        -0.493198 0.254564 0.435039,
        -0.521037 -0.226725 0.435039,
        -0.522378 -0.216535 0.435039,
        -0.522378 0.216535 0.435039,
        -0.522378 -0.216535 0.710386,
        -0.522378 0.216535 0.710386,
        0.483008 0.216535 0.749756,
        -0.483008 0.216535 0.749756,
        0.483008 -0.216535 0.749756,
        -0.483008 -0.216535 0.749756,
        0.522378 -0.216535 0.710386,
        0.522378 0.216535 0.710386,
        -0.521037 -0.226725 0.710386,
        -0.517104 -0.236220 0.710386,
        -0.510847 -0.244374 0.710386,
        -0.502693 -0.250631 0.710386,
        -0.493198 -0.254564 0.710386,
        -0.493198 0.216535 0.748415,
        -0.493198 -0.216535 0.748415,
        -0.502693 0.216535 0.744481,
        -0.502693 -0.216535 0.744481,
        -0.510847 0.216535 0.738225,
        -0.510847 -0.216535 0.738225,
        -0.517104 0.216535 0.730071,
        -0.517104 -0.216535 0.730071,
        -0.521037 0.216535 0.720576,
        -0.521037 -0.216535 0.720576,
        -0.521037 0.226725 0.710386,
        -0.517104 0.236220 0.710386,
        -0.510847 0.244374 0.710386,
        -0.502693 0.250631 0.710386,
        -0.493198 0.254564 0.710386,
        -0.493198 -0.226378 0.747119,
        -0.517104 -0.226378 0.727434,
        -0.521037 -0.221630 0.719211,
        -0.521037 -0.223741 0.717591,
        -0.521037 -0.226378 0.713024,
        -0.521037 -0.219173 0.720229,
        -0.517104 -0.221630 0.729400,
        -0.510847 -0.223741 0.737276,
        -0.517104 -0.230455 0.724306,
        -0.521037 -0.225360 0.715481,
        -0.517104 -0.233583 0.720229,
        -0.517104 -0.235550 0.715481,
        -0.510847 -0.230455 0.734495,
        -0.510847 -0.236220 0.730071,
        -0.510847 -0.240644 0.724306,
        -0.510847 -0.243426 0.717591,
        -0.502693 -0.225360 0.743320,
        -0.502693 -0.233583 0.739914,
        -0.502693 -0.240644 0.734495,
        -0.502693 -0.246063 0.727434,
        -0.502693 -0.249469 0.719211,
        -0.493198 -0.235550 0.743320,
        -0.493198 -0.243426 0.737276,
        -0.493198 -0.249469 0.729400,
        -0.493198 -0.253268 0.720229,
        -0.483008 -0.226725 0.748415,
        -0.483008 -0.236220 0.744481,
        -0.483008 -0.244374 0.738225,
        -0.483008 -0.250631 0.730071,
        -0.483008 -0.254564 0.720576,
        -0.493198 0.253268 0.720229,
        -0.517104 0.233583 0.720229,
        -0.521037 0.225360 0.715481,
        -0.521037 0.223741 0.717591,
        -0.521037 0.219173 0.720229,
        -0.521037 0.226378 0.713024,
        -0.517104 0.235550 0.715481,
        -0.510847 0.243426 0.717591,
        -0.517104 0.230455 0.724306,
        -0.521037 0.221630 0.719211,
        -0.517104 0.226378 0.727434,
        -0.517104 0.221630 0.729400,
        -0.510847 0.240644 0.724306,
        -0.510847 0.236220 0.730071,
        -0.510847 0.230455 0.734495,
        -0.510847 0.223741 0.737276,
        -0.502693 0.249469 0.719211,
        -0.502693 0.246063 0.727434,
        -0.502693 0.240644 0.734495,
        -0.502693 0.233583 0.739914,
        -0.502693 0.225360 0.743320,
        -0.493198 0.249469 0.729400,
        -0.493198 0.243426 0.737276,
        -0.493198 0.235550 0.743320,
        -0.493198 0.226378 0.747119,
        -0.483008 0.254564 0.720576,
        -0.483008 0.250631 0.730071,
        -0.483008 0.244374 0.738225,
        -0.483008 0.236220 0.744481,
        -0.483008 0.226725 0.748415,
        0.521037 -0.226725 0.710386,
        0.517104 -0.236220 0.710386,
        0.510847 -0.244374 0.710386,
        0.502693 -0.250631 0.710386,
        0.493198 -0.254564 0.710386,
        0.483008 -0.226725 0.748415,
        0.483008 -0.236220 0.744481,
        0.483008 -0.244374 0.738225,
        0.483008 -0.250631 0.730071,
        0.483008 -0.254564 0.720576,
        0.483008 0.226725 0.748415,
        0.483008 0.236220 0.744481,
        0.483008 0.244374 0.738225,
        0.483008 0.250631 0.730071,
        0.483008 0.254564 0.720576,
        0.521037 0.226725 0.710386,
        0.517104 0.236220 0.710386,
        0.510847 0.244374 0.710386,
        0.502693 0.250631 0.710386,
        0.493198 0.254564 0.710386,
        0.492851 -0.226725 0.747119,
        0.492851 -0.250631 0.727434,
        0.488103 -0.254564 0.719211,
        0.490214 -0.254564 0.717591,
        0.492851 -0.254564 0.713024,
        0.485646 -0.254564 0.720229,
        0.488103 -0.250631 0.729400,
        0.490214 -0.244374 0.737276,
        0.496928 -0.250631 0.724306,
        0.491833 -0.254564 0.715481,
        0.500056 -0.250631 0.720229,
        0.502023 -0.250631 0.715481,
        0.496928 -0.244374 0.734495,
        0.502693 -0.244374 0.730071,
        0.507118 -0.244374 0.724306,
        0.509898 -0.244374 0.717591,
        0.491833 -0.236220 0.743320,
        0.500056 -0.236220 0.739914,
        0.507118 -0.236220 0.734495,
        0.512536 -0.236220 0.727434,
        0.515942 -0.236220 0.719211,
        0.502023 -0.226725 0.743320,
        0.509898 -0.226725 0.737276,
        0.515942 -0.226725 0.729400,
        0.519741 -0.226725 0.720229,
        0.493198 -0.216535 0.748415,
        0.502693 -0.216535 0.744481,
        0.510847 -0.216535 0.738225,
        0.517104 -0.216535 0.730071,
        0.521037 -0.216535 0.720576,
        0.519741 0.226725 0.720229,
        0.500056 0.250631 0.720229,
        0.491833 0.254564 0.715481,
        0.490214 0.254564 0.717591,
        0.485646 0.254564 0.720229,
        0.492851 0.254564 0.713024,
        0.502023 0.250631 0.715481,
        0.509898 0.244374 0.717591,
        0.496928 0.250631 0.724306,
        0.488103 0.254564 0.719211,
        0.492851 0.250631 0.727434,
        0.488103 0.250631 0.729400,
        0.507118 0.244374 0.724306,
        0.502693 0.244374 0.730071,
        0.496928 0.244374 0.734495,
        0.490214 0.244374 0.737276,
        0.515942 0.236220 0.719211,
        0.512536 0.236220 0.727434,
        0.507118 0.236220 0.734495,
        0.500056 0.236220 0.739914,
        0.491833 0.236220 0.743320,
        0.515942 0.226725 0.729400,
        0.509898 0.226725 0.737276,
        0.502023 0.226725 0.743320,
        0.492851 0.226725 0.747119,
        0.521037 0.216535 0.720576,
        0.517104 0.216535 0.730071,
        0.510847 0.216535 0.738225,
        0.502693 0.216535 0.744481,
        0.493198 0.216535 0.748415,
      ]
    }
    coordIndex [
      0, 1, 2, -1,
      2, 1, 3, -1,
      2, 3, 4, -1,
      5, 6, 7, -1,
      7, 6, 8, -1,
      9, 7, 4, -1,
      4, 7, 8, -1,
      4, 8, 2, -1,
      2, 8, 10, -1,
      2, 10, 11, -1,
      11, 12, 2, -1,
      2, 12, 13, -1,
      2, 13, 14, -1,
      14, 15, 2, -1,
      2, 15, 16, -1,
      2, 16, 17, -1,
      17, 18, 2, -1,
      2, 18, 19, -1,
      2, 19, 20, -1,
      20, 21, 2, -1,
      2, 21, 22, -1,
      2, 22, 23, -1,
      24, 25, 26, -1,
      27, 28, 29, -1,
      29, 28, 30, -1,
      29, 30, 31, -1,
      26, 32, 24, -1,
      24, 32, 29, -1,
      24, 29, 33, -1,
      33, 29, 31, -1,
      34, 29, 35, -1,
      35, 29, 32, -1,
      35, 32, 36, -1,
      36, 32, 37, -1,
      32, 38, 39, -1,
      40, 41, 32, -1,
      32, 41, 42, -1,
      32, 42, 43, -1,
      43, 44, 32, -1,
      32, 44, 45, -1,
      32, 45, 38, -1,
      39, 46, 32, -1,
      32, 46, 47, -1,
      32, 47, 37, -1,
      48, 30, 28, -1,
      5, 7, 49, -1,
      48, 28, 50, -1,
      49, 51, 5, -1,
      5, 51, 52, -1,
      5, 52, 53, -1,
      53, 54, 5, -1,
      5, 54, 55, -1,
      5, 55, 28, -1,
      28, 55, 56, -1,
      28, 56, 57, -1,
      57, 58, 28, -1,
      28, 58, 59, -1,
      28, 59, 50, -1,
      28, 27, 5, -1,
      5, 27, 6, -1,
      27, 29, 6, -1,
      6, 29, 8, -1,
      29, 34, 8, -1,
      8, 34, 10, -1,
      34, 35, 10, -1,
      10, 35, 11, -1,
      39, 16, 15, -1,
      39, 15, 46, -1,
      46, 15, 14, -1,
      46, 14, 47, -1,
      47, 14, 13, -1,
      47, 13, 37, -1,
      37, 13, 12, -1,
      37, 12, 36, -1,
      36, 12, 11, -1,
      36, 11, 35, -1,
      39, 38, 16, -1,
      16, 38, 17, -1,
      41, 22, 21, -1,
      41, 21, 42, -1,
      42, 21, 20, -1,
      42, 20, 43, -1,
      43, 20, 19, -1,
      43, 19, 44, -1,
      44, 19, 18, -1,
      44, 18, 45, -1,
      45, 18, 17, -1,
      45, 17, 38, -1,
      41, 40, 22, -1,
      22, 40, 23, -1,
      40, 32, 23, -1,
      23, 32, 2, -1,
      32, 26, 2, -1,
      2, 26, 0, -1,
      26, 25, 0, -1,
      0, 25, 1, -1,
      25, 24, 60, -1,
      60, 61, 25, -1,
      25, 61, 62, -1,
      25, 62, 63, -1,
      64, 1, 65, -1,
      65, 1, 66, -1,
      64, 67, 1, -1,
      1, 67, 68, -1,
      1, 68, 3, -1,
      63, 69, 25, -1,
      25, 69, 70, -1,
      25, 70, 1, -1,
      1, 70, 71, -1,
      1, 71, 66, -1,
      72, 73, 70, -1,
      70, 73, 71, -1,
      74, 75, 76, -1,
      76, 75, 77, -1,
      56, 55, 78, -1,
      78, 55, 79, -1,
      72, 70, 69, -1,
      72, 69, 80, -1,
      80, 69, 63, -1,
      80, 63, 81, -1,
      81, 63, 62, -1,
      81, 62, 82, -1,
      82, 62, 61, -1,
      82, 61, 83, -1,
      83, 61, 60, -1,
      83, 60, 84, -1,
      84, 60, 24, -1,
      84, 24, 33, -1,
      77, 75, 85, -1,
      77, 85, 86, -1,
      86, 85, 87, -1,
      86, 87, 88, -1,
      88, 87, 89, -1,
      88, 89, 90, -1,
      90, 89, 91, -1,
      90, 91, 92, -1,
      92, 91, 93, -1,
      92, 93, 94, -1,
      94, 93, 73, -1,
      94, 73, 72, -1,
      71, 73, 95, -1,
      71, 95, 66, -1,
      66, 95, 96, -1,
      66, 96, 65, -1,
      65, 96, 97, -1,
      65, 97, 64, -1,
      64, 97, 98, -1,
      64, 98, 67, -1,
      67, 98, 99, -1,
      67, 99, 68, -1,
      68, 99, 4, -1,
      68, 4, 3, -1,
      77, 86, 100, -1,
      101, 102, 103, -1,
      72, 80, 104, -1,
      103, 102, 72, -1,
      105, 72, 102, -1,
      105, 102, 106, -1,
      106, 102, 101, -1,
      106, 101, 107, -1,
      94, 72, 105, -1,
      108, 109, 110, -1,
      110, 109, 104, -1,
      110, 104, 111, -1,
      111, 104, 80, -1,
      111, 80, 81, -1,
      94, 105, 92, -1,
      92, 105, 106, -1,
      92, 106, 90, -1,
      90, 106, 107, -1,
      90, 107, 88, -1,
      112, 108, 113, -1,
      113, 108, 110, -1,
      113, 110, 114, -1,
      114, 110, 111, -1,
      114, 111, 115, -1,
      115, 111, 81, -1,
      115, 81, 82, -1,
      116, 112, 117, -1,
      117, 112, 113, -1,
      117, 113, 118, -1,
      118, 113, 114, -1,
      118, 114, 119, -1,
      119, 114, 115, -1,
      119, 115, 120, -1,
      120, 115, 82, -1,
      120, 82, 83, -1,
      86, 116, 100, -1,
      100, 116, 117, -1,
      100, 117, 121, -1,
      121, 117, 118, -1,
      121, 118, 122, -1,
      122, 118, 119, -1,
      122, 119, 123, -1,
      123, 119, 120, -1,
      123, 120, 124, -1,
      124, 120, 83, -1,
      124, 83, 84, -1,
      77, 100, 125, -1,
      125, 100, 121, -1,
      125, 121, 126, -1,
      126, 121, 122, -1,
      126, 122, 127, -1,
      127, 122, 123, -1,
      127, 123, 128, -1,
      128, 123, 124, -1,
      128, 124, 129, -1,
      129, 124, 84, -1,
      129, 84, 33, -1,
      109, 72, 104, -1,
      86, 88, 116, -1,
      116, 88, 107, -1,
      116, 107, 112, -1,
      112, 107, 101, -1,
      112, 101, 108, -1,
      108, 101, 103, -1,
      108, 103, 109, -1,
      109, 103, 72, -1,
      4, 99, 130, -1,
      131, 132, 133, -1,
      73, 93, 134, -1,
      133, 132, 73, -1,
      135, 73, 132, -1,
      135, 132, 136, -1,
      136, 132, 131, -1,
      136, 131, 137, -1,
      95, 73, 135, -1,
      138, 139, 140, -1,
      140, 139, 134, -1,
      140, 134, 141, -1,
      141, 134, 93, -1,
      141, 93, 91, -1,
      95, 135, 96, -1,
      96, 135, 136, -1,
      96, 136, 97, -1,
      97, 136, 137, -1,
      97, 137, 98, -1,
      142, 138, 143, -1,
      143, 138, 140, -1,
      143, 140, 144, -1,
      144, 140, 141, -1,
      144, 141, 145, -1,
      145, 141, 91, -1,
      145, 91, 89, -1,
      146, 142, 147, -1,
      147, 142, 143, -1,
      147, 143, 148, -1,
      148, 143, 144, -1,
      148, 144, 149, -1,
      149, 144, 145, -1,
      149, 145, 150, -1,
      150, 145, 89, -1,
      150, 89, 87, -1,
      99, 146, 130, -1,
      130, 146, 147, -1,
      130, 147, 151, -1,
      151, 147, 148, -1,
      151, 148, 152, -1,
      152, 148, 149, -1,
      152, 149, 153, -1,
      153, 149, 150, -1,
      153, 150, 154, -1,
      154, 150, 87, -1,
      154, 87, 85, -1,
      4, 130, 155, -1,
      155, 130, 151, -1,
      155, 151, 156, -1,
      156, 151, 152, -1,
      156, 152, 157, -1,
      157, 152, 153, -1,
      157, 153, 158, -1,
      158, 153, 154, -1,
      158, 154, 159, -1,
      159, 154, 85, -1,
      159, 85, 75, -1,
      139, 73, 134, -1,
      99, 98, 146, -1,
      146, 98, 137, -1,
      146, 137, 142, -1,
      142, 137, 131, -1,
      142, 131, 138, -1,
      138, 131, 133, -1,
      138, 133, 139, -1,
      139, 133, 73, -1,
      56, 78, 160, -1,
      56, 160, 57, -1,
      57, 160, 161, -1,
      57, 161, 58, -1,
      58, 161, 162, -1,
      58, 162, 59, -1,
      59, 162, 163, -1,
      59, 163, 50, -1,
      50, 163, 164, -1,
      50, 164, 48, -1,
      48, 164, 31, -1,
      48, 31, 30, -1,
      76, 77, 125, -1,
      76, 125, 165, -1,
      165, 125, 126, -1,
      165, 126, 166, -1,
      166, 126, 127, -1,
      166, 127, 167, -1,
      167, 127, 128, -1,
      167, 128, 168, -1,
      168, 128, 129, -1,
      168, 129, 169, -1,
      169, 129, 33, -1,
      169, 33, 31, -1,
      75, 74, 170, -1,
      75, 170, 159, -1,
      159, 170, 171, -1,
      159, 171, 158, -1,
      158, 171, 172, -1,
      158, 172, 157, -1,
      157, 172, 173, -1,
      157, 173, 156, -1,
      156, 173, 174, -1,
      156, 174, 155, -1,
      155, 174, 9, -1,
      155, 9, 4, -1,
      79, 55, 54, -1,
      79, 54, 175, -1,
      175, 54, 53, -1,
      175, 53, 176, -1,
      176, 53, 52, -1,
      176, 52, 177, -1,
      177, 52, 51, -1,
      177, 51, 178, -1,
      178, 51, 49, -1,
      178, 49, 179, -1,
      179, 49, 7, -1,
      179, 7, 9, -1,
      76, 165, 180, -1,
      181, 182, 183, -1,
      31, 164, 184, -1,
      183, 182, 31, -1,
      185, 31, 182, -1,
      185, 182, 186, -1,
      186, 182, 181, -1,
      186, 181, 187, -1,
      169, 31, 185, -1,
      188, 189, 190, -1,
      190, 189, 184, -1,
      190, 184, 191, -1,
      191, 184, 164, -1,
      191, 164, 163, -1,
      169, 185, 168, -1,
      168, 185, 186, -1,
      168, 186, 167, -1,
      167, 186, 187, -1,
      167, 187, 166, -1,
      192, 188, 193, -1,
      193, 188, 190, -1,
      193, 190, 194, -1,
      194, 190, 191, -1,
      194, 191, 195, -1,
      195, 191, 163, -1,
      195, 163, 162, -1,
      196, 192, 197, -1,
      197, 192, 193, -1,
      197, 193, 198, -1,
      198, 193, 194, -1,
      198, 194, 199, -1,
      199, 194, 195, -1,
      199, 195, 200, -1,
      200, 195, 162, -1,
      200, 162, 161, -1,
      165, 196, 180, -1,
      180, 196, 197, -1,
      180, 197, 201, -1,
      201, 197, 198, -1,
      201, 198, 202, -1,
      202, 198, 199, -1,
      202, 199, 203, -1,
      203, 199, 200, -1,
      203, 200, 204, -1,
      204, 200, 161, -1,
      204, 161, 160, -1,
      76, 180, 205, -1,
      205, 180, 201, -1,
      205, 201, 206, -1,
      206, 201, 202, -1,
      206, 202, 207, -1,
      207, 202, 203, -1,
      207, 203, 208, -1,
      208, 203, 204, -1,
      208, 204, 209, -1,
      209, 204, 160, -1,
      209, 160, 78, -1,
      189, 31, 184, -1,
      165, 166, 196, -1,
      196, 166, 187, -1,
      196, 187, 192, -1,
      192, 187, 181, -1,
      192, 181, 188, -1,
      188, 181, 183, -1,
      188, 183, 189, -1,
      189, 183, 31, -1,
      79, 175, 210, -1,
      211, 212, 213, -1,
      9, 174, 214, -1,
      213, 212, 9, -1,
      215, 9, 212, -1,
      215, 212, 216, -1,
      216, 212, 211, -1,
      216, 211, 217, -1,
      179, 9, 215, -1,
      218, 219, 220, -1,
      220, 219, 214, -1,
      220, 214, 221, -1,
      221, 214, 174, -1,
      221, 174, 173, -1,
      179, 215, 178, -1,
      178, 215, 216, -1,
      178, 216, 177, -1,
      177, 216, 217, -1,
      177, 217, 176, -1,
      222, 218, 223, -1,
      223, 218, 220, -1,
      223, 220, 224, -1,
      224, 220, 221, -1,
      224, 221, 225, -1,
      225, 221, 173, -1,
      225, 173, 172, -1,
      226, 222, 227, -1,
      227, 222, 223, -1,
      227, 223, 228, -1,
      228, 223, 224, -1,
      228, 224, 229, -1,
      229, 224, 225, -1,
      229, 225, 230, -1,
      230, 225, 172, -1,
      230, 172, 171, -1,
      175, 226, 210, -1,
      210, 226, 227, -1,
      210, 227, 231, -1,
      231, 227, 228, -1,
      231, 228, 232, -1,
      232, 228, 229, -1,
      232, 229, 233, -1,
      233, 229, 230, -1,
      233, 230, 234, -1,
      234, 230, 171, -1,
      234, 171, 170, -1,
      79, 210, 235, -1,
      235, 210, 231, -1,
      235, 231, 236, -1,
      236, 231, 232, -1,
      236, 232, 237, -1,
      237, 232, 233, -1,
      237, 233, 238, -1,
      238, 233, 234, -1,
      238, 234, 239, -1,
      239, 234, 170, -1,
      239, 170, 74, -1,
      219, 9, 214, -1,
      175, 176, 226, -1,
      226, 176, 217, -1,
      226, 217, 222, -1,
      222, 217, 211, -1,
      222, 211, 218, -1,
      218, 211, 213, -1,
      218, 213, 219, -1,
      219, 213, 9, -1,
      78, 79, 235, -1,
      78, 235, 209, -1,
      209, 235, 236, -1,
      209, 236, 208, -1,
      208, 236, 237, -1,
      208, 237, 207, -1,
      207, 237, 238, -1,
      207, 238, 206, -1,
      206, 238, 239, -1,
      206, 239, 205, -1,
      205, 239, 74, -1,
      205, 74, 76, -1,
    ]
  }
}

Shape {
  appearance Appearance {
    material Material {
      diffuseColor 0.2235 0.2235 0.2235
      specularColor 0.1137 0.1137 0.1137
      ambientIntensity 0.2
      transparency 0.0000
      shininess 0.5
    }
  }
  geometry IndexedFaceSet {
    ccw TRUE
    solid FALSE
    coord DEF co Coordinate {
      point [
        -0.255906 0.649606 -0.210630,
        0.255906 0.649606 -0.210630,
        -0.255906 -0.649606 -0.210630,
        0.255906 -0.649606 -0.210630,
        -0.255906 -0.649606 -0.230315,
        -0.255906 0.649606 -0.230315,
        0.255906 0.649606 -0.230315,
        0.255906 -0.649606 -0.230315,
        0.960630 -0.236220 0.029528,
        0.960630 0.236220 0.029528,
        0.960630 -0.236220 0.230315,
        0.960630 0.236220 0.230315,
        1.190945 0.236220 0.029528,
        1.190945 0.236220 0.230315,
        1.190945 -0.236220 0.230315,
        1.190945 -0.236220 0.029528,
        -0.846457 0.295276 0.029528,
        -0.846457 -0.295276 0.029528,
        0.846457 0.295276 0.029528,
        0.846457 -0.295276 0.029528,
        -0.846457 0.295276 0.230315,
        0.846457 0.295276 0.230315,
        -0.846457 -0.295276 0.230315,
        0.846457 -0.295276 0.230315,
        -0.960630 0.236220 0.029528,
        -0.960630 -0.236220 0.029528,
        -0.960630 0.236220 0.230315,
        -0.960630 -0.236220 0.230315,
        -1.190945 0.236220 0.029528,
        -1.190945 -0.236220 0.029528,
        -1.190945 0.236220 0.230315,
        -1.190945 -0.236220 0.230315,
        -1.190945 0.649606 -0.230315,
        -1.190945 0.649606 0.230315,
        1.190945 0.649606 0.230315,
        1.190945 0.649606 -0.230315,
        1.190945 -0.649606 -0.230315,
        1.190945 -0.649606 0.230315,
        -1.190945 -0.649606 0.230315,
        -1.190945 -0.649606 -0.230315,
      ]
    }
    coordIndex [
      0, 1, 2, -1,
      2, 1, 3, -1,
      2, 4, 0, -1,
      0, 4, 5, -1,
      1, 6, 3, -1,
      3, 6, 7, -1,
      8, 9, 10, -1,
      10, 9, 11, -1,
      9, 12, 11, -1,
      11, 12, 13, -1,
      10, 14, 8, -1,
      8, 14, 15, -1,
      8, 15, 9, -1,
      9, 15, 12, -1,
      16, 17, 18, -1,
      18, 17, 19, -1,
      16, 18, 20, -1,
      20, 18, 21, -1,
      17, 16, 22, -1,
      22, 16, 20, -1,
      19, 17, 23, -1,
      23, 17, 22, -1,
      18, 19, 21, -1,
      21, 19, 23, -1,
      24, 25, 26, -1,
      26, 25, 27, -1,
      24, 28, 25, -1,
      25, 28, 29, -1,
      26, 30, 24, -1,
      24, 30, 28, -1,
      25, 29, 27, -1,
      27, 29, 31, -1,
      5, 32, 0, -1,
      0, 32, 33, -1,
      0, 33, 1, -1,
      1, 33, 34, -1,
      1, 34, 6, -1,
      6, 34, 35, -1,
      7, 36, 3, -1,
      3, 36, 37, -1,
      3, 37, 2, -1,
      2, 37, 38, -1,
      2, 38, 4, -1,
      4, 38, 39, -1,
      4, 39, 5, -1,
      5, 39, 32, -1,
      30, 33, 28, -1,
      28, 33, 32, -1,
      28, 32, 29, -1,
      29, 32, 39, -1,
      29, 39, 31, -1,
      31, 39, 38, -1,
      11, 21, 10, -1,
      10, 21, 23, -1,
      10, 23, 14, -1,
      20, 26, 22, -1,
      22, 26, 27, -1,
      11, 13, 21, -1,
      21, 13, 34, -1,
      21, 34, 20, -1,
      20, 34, 33, -1,
      20, 33, 26, -1,
      26, 33, 30, -1,
      27, 31, 22, -1,
      22, 31, 38, -1,
      22, 38, 23, -1,
      23, 38, 37, -1,
      23, 37, 14, -1,
      14, 37, 15, -1,
      15, 37, 36, -1,
      15, 36, 12, -1,
      12, 36, 35, -1,
      12, 35, 13, -1,
      13, 35, 34, -1,
      6, 35, 7, -1,
      7, 35, 36, -1,
    ]
  }
}

Shape {
  appearance Appearance {
    material Material {
      diffuseColor 0.8510 0.8510 0.8510
      specularColor 0.4235 0.4235 0.4235
      ambientIntensity 0.2
      transparency 0.0000
      shininess 0.5
    }
  }
  geometry IndexedFaceSet {
    ccw TRUE
    solid FALSE
    coord DEF co Coordinate {
      point [
        -1.062078 -0.263780 0.249305,
        -1.062078 -0.263780 0.288675,
        -1.063688 -0.251552 0.249305,
        -1.063688 -0.251552 0.288675,
        -1.068407 -0.240157 0.249305,
        -1.068407 -0.240157 0.288675,
        -1.075916 -0.230373 0.249305,
        -1.075916 -0.230373 0.288675,
        -1.085700 -0.222865 0.249305,
        -1.085700 -0.222865 0.288675,
        -1.097094 -0.218145 0.249305,
        -1.097094 -0.218145 0.288675,
        -1.109322 -0.216535 0.249305,
        -1.109322 -0.216535 0.288675,
        -1.109322 -0.374016 0.249305,
        -1.109322 -0.374016 0.288675,
        -1.097094 -0.372406 0.249305,
        -1.097094 -0.372406 0.288675,
        -1.085700 -0.367686 0.249305,
        -1.085700 -0.367686 0.288675,
        -1.075916 -0.360178 0.249305,
        -1.075916 -0.360178 0.288675,
        -1.068407 -0.350394 0.249305,
        -1.068407 -0.350394 0.288675,
        -1.063688 -0.338999 0.249305,
        -1.063688 -0.338999 0.288675,
        -1.062078 -0.326772 0.249305,
        -1.062078 -0.326772 0.288675,
        -1.062078 0.326772 0.249305,
        -1.062078 0.326772 0.288675,
        -1.063688 0.338999 0.249305,
        -1.063688 0.338999 0.288675,
        -1.068407 0.350394 0.249305,
        -1.068407 0.350394 0.288675,
        -1.075916 0.360178 0.249305,
        -1.075916 0.360178 0.288675,
        -1.085700 0.367686 0.249305,
        -1.085700 0.367686 0.288675,
        -1.097094 0.372406 0.249305,
        -1.097094 0.372406 0.288675,
        -1.109322 0.374016 0.249305,
        -1.109322 0.374016 0.288675,
        -1.109322 0.216535 0.249305,
        -1.109322 0.216535 0.288675,
        -1.097094 0.218145 0.249305,
        -1.097094 0.218145 0.288675,
        -1.085700 0.222865 0.249305,
        -1.085700 0.222865 0.288675,
        -1.075916 0.230373 0.249305,
        -1.075916 0.230373 0.288675,
        -1.068407 0.240157 0.249305,
        -1.068407 0.240157 0.288675,
        -1.063688 0.251552 0.249305,
        -1.063688 0.251552 0.288675,
        -1.062078 0.263780 0.249305,
        -1.062078 0.263780 0.288675,
        1.064104 0.347118 0.249305,
        1.064104 0.347118 0.239662,
        1.065828 0.350394 0.239662,
        1.059498 0.326772 0.288675,
        1.059498 0.326772 0.249305,
        1.061108 0.338999 0.288675,
        1.061108 0.338999 0.249305,
        1.065828 0.350394 0.288675,
        1.106743 0.374016 0.239662,
        1.106743 0.374016 0.288675,
        1.094515 0.372406 0.239662,
        1.094515 0.372406 0.288675,
        1.083120 0.367686 0.239662,
        1.083120 0.367686 0.288675,
        1.073336 0.360178 0.239662,
        1.073336 0.360178 0.288675,
        1.059498 0.263780 0.249305,
        1.059498 0.263780 0.288675,
        1.061108 0.251552 0.249305,
        1.061108 0.251552 0.288675,
        1.064104 0.243433 0.249305,
        1.065828 0.240157 0.288675,
        1.064104 0.243433 0.239662,
        1.065828 0.240157 0.239662,
        1.073336 0.230373 0.239662,
        1.073336 0.230373 0.288675,
        1.083120 0.222865 0.239662,
        1.083120 0.222865 0.288675,
        1.094515 0.218145 0.239662,
        1.094515 0.218145 0.288675,
        1.106743 0.216535 0.239662,
        1.106743 0.216535 0.288675,
        1.064104 -0.243433 0.249305,
        1.064104 -0.243433 0.239662,
        1.065828 -0.240157 0.239662,
        1.059498 -0.263780 0.288675,
        1.059498 -0.263780 0.249305,
        1.061108 -0.251552 0.288675,
        1.061108 -0.251552 0.249305,
        1.065828 -0.240157 0.288675,
        1.106743 -0.216535 0.239662,
        1.106743 -0.216535 0.288675,
        1.094515 -0.218145 0.239662,
        1.094515 -0.218145 0.288675,
        1.083120 -0.222865 0.239662,
        1.083120 -0.222865 0.288675,
        1.073336 -0.230373 0.239662,
        1.073336 -0.230373 0.288675,
        1.059498 -0.326772 0.249305,
        1.059498 -0.326772 0.288675,
        1.061108 -0.338999 0.249305,
        1.061108 -0.338999 0.288675,
        1.064104 -0.347118 0.249305,
        1.065828 -0.350394 0.288675,
        1.064104 -0.347118 0.239662,
        1.065828 -0.350394 0.239662,
        1.073336 -0.360178 0.239662,
        1.073336 -0.360178 0.288675,
        1.083120 -0.367686 0.239662,
        1.083120 -0.367686 0.288675,
        1.094515 -0.372406 0.239662,
        1.094515 -0.372406 0.288675,
        1.106743 -0.374016 0.239662,
        1.106743 -0.374016 0.288675,
        -1.180188 0.216535 0.249305,
        -1.180188 -0.216535 0.249305,
        -1.178847 -0.216535 0.259494,
        -1.178847 0.216535 0.259494,
        -1.174914 -0.216535 0.268990,
        -1.174914 0.216535 0.268990,
        -1.168657 -0.216535 0.277144,
        -1.168657 0.216535 0.277144,
        -1.160503 -0.216535 0.283400,
        -1.160503 0.216535 0.283400,
        -1.151008 -0.216535 0.287333,
        -1.151008 0.216535 0.287333,
        -1.140818 -0.216535 0.288675,
        -1.140818 0.216535 0.288675,
        1.138239 0.216535 0.288675,
        1.138239 -0.216535 0.288675,
        1.148428 -0.216535 0.287333,
        1.148428 0.216535 0.287333,
        1.157924 -0.216535 0.283400,
        1.157924 0.216535 0.283400,
        1.166078 -0.216535 0.277144,
        1.166078 0.216535 0.277144,
        1.172334 -0.216535 0.268990,
        1.172334 0.216535 0.268990,
        1.176267 -0.216535 0.259494,
        1.176267 0.216535 0.259494,
        1.177609 -0.216535 0.249305,
        1.177609 0.216535 0.249305,
        1.142176 0.374016 0.239662,
        1.142176 0.374016 0.288675,
        1.142176 -0.374016 0.288675,
        1.142176 -0.374016 0.239662,
        -1.144755 -0.374016 0.288675,
        -1.119627 -0.374016 0.249305,
        -1.124944 -0.374016 0.247533,
        -1.134275 -0.374016 0.239662,
        -1.144755 -0.374016 0.239662,
        -1.133444 -0.374016 0.241046,
        -1.129980 -0.374016 0.244511,
        -1.119627 0.374016 0.249305,
        -1.144755 0.374016 0.288675,
        -1.124944 0.374016 0.247533,
        -1.129980 0.374016 0.244511,
        -1.144755 0.374016 0.239662,
        -1.134275 0.374016 0.239662,
        -1.133444 0.374016 0.241046,
        -1.140818 -0.216535 0.062496,
        -1.180188 -0.216535 0.062496,
        -1.140818 0.216535 0.062496,
        -1.180188 0.216535 0.062496,
        -1.140818 -0.216535 0.239662,
        -1.134275 -0.216535 0.239662,
        -1.133444 -0.216535 0.241046,
        -1.129980 -0.216535 0.244511,
        -1.119627 -0.216535 0.249305,
        -1.124944 -0.216535 0.247533,
        -1.140818 0.216535 0.239662,
        -1.133444 0.216535 0.241046,
        -1.134275 0.216535 0.239662,
        -1.119627 0.216535 0.249305,
        -1.124944 0.216535 0.247533,
        -1.129980 0.216535 0.244511,
        1.177609 -0.216535 0.062496,
        1.138239 -0.216535 0.062496,
        1.177609 0.216535 0.062496,
        1.138239 0.216535 0.062496,
        1.138239 0.216535 0.239662,
        1.138239 -0.216535 0.239662,
        1.064223 0.728346 0.249305,
        -1.066802 0.728346 0.249305,
        -1.066802 0.727005 0.259494,
        1.064223 0.727005 0.259494,
        -1.066802 0.723072 0.268990,
        1.064223 0.723072 0.268990,
        -1.066802 0.716815 0.277144,
        1.064223 0.716815 0.277144,
        -1.066802 0.708661 0.283400,
        1.064223 0.708661 0.283400,
        -1.066802 0.699166 0.287333,
        1.064223 0.699166 0.287333,
        -1.066802 0.688976 0.288675,
        1.064223 0.688976 0.288675,
        1.064223 -0.688976 0.288675,
        -1.066802 -0.688976 0.288675,
        -1.066802 -0.699166 0.287333,
        1.064223 -0.699166 0.287333,
        -1.066802 -0.708661 0.283400,
        1.064223 -0.708661 0.283400,
        -1.066802 -0.716815 0.277144,
        1.064223 -0.716815 0.277144,
        -1.066802 -0.723072 0.268990,
        1.064223 -0.723072 0.268990,
        -1.066802 -0.727005 0.259494,
        1.064223 -0.727005 0.259494,
        -1.066802 -0.728346 0.249305,
        1.064223 -0.728346 0.249305,
        1.064223 0.669291 0.239662,
        1.064223 0.669291 0.288675,
        1.066235 0.654007 0.239662,
        1.066235 0.654007 0.288675,
        1.072135 0.639764 0.239662,
        1.072135 0.639764 0.288675,
        1.081520 0.627533 0.239662,
        1.081520 0.627533 0.288675,
        1.093750 0.618148 0.239662,
        1.093750 0.618148 0.288675,
        1.107993 0.612248 0.239662,
        1.107993 0.612248 0.288675,
        1.123278 0.610236 0.239662,
        1.123278 0.610236 0.288675,
        -1.124944 0.610243 0.247533,
        -1.125857 0.610236 0.246984,
        -1.125857 0.610236 0.288675,
        -1.122281 0.610344 0.248420,
        -1.066802 0.669291 0.288675,
        -1.066802 0.669291 0.249305,
        -1.068815 0.654007 0.288675,
        -1.068815 0.654007 0.249305,
        -1.074714 0.639764 0.288675,
        -1.074714 0.639764 0.249305,
        -1.084099 0.627533 0.288675,
        -1.084099 0.627533 0.249305,
        -1.096330 0.618148 0.288675,
        -1.096330 0.618148 0.249305,
        -1.110573 0.612248 0.288675,
        -1.110573 0.612248 0.249305,
        -1.119627 0.610566 0.249305,
        -1.125857 -0.610236 0.288675,
        -1.125857 -0.610236 0.246984,
        -1.124944 -0.610243 0.247533,
        -1.066802 -0.669291 0.249305,
        -1.066802 -0.669291 0.288675,
        -1.068815 -0.654007 0.249305,
        -1.068815 -0.654007 0.288675,
        -1.074714 -0.639764 0.249305,
        -1.074714 -0.639764 0.288675,
        -1.084099 -0.627533 0.249305,
        -1.084099 -0.627533 0.288675,
        -1.096330 -0.618148 0.249305,
        -1.096330 -0.618148 0.288675,
        -1.110573 -0.612248 0.249305,
        -1.110573 -0.612248 0.288675,
        -1.119627 -0.610566 0.249305,
        -1.122281 -0.610344 0.248420,
        1.123278 -0.610236 0.239662,
        1.123278 -0.610236 0.288675,
        1.107993 -0.612248 0.239662,
        1.107993 -0.612248 0.288675,
        1.093750 -0.618148 0.239662,
        1.093750 -0.618148 0.288675,
        1.081520 -0.627533 0.239662,
        1.081520 -0.627533 0.288675,
        1.072135 -0.639764 0.239662,
        1.072135 -0.639764 0.288675,
        1.066235 -0.654007 0.239662,
        1.066235 -0.654007 0.288675,
        1.064223 -0.669291 0.239662,
        1.064223 -0.669291 0.288675,
        1.142176 -0.610236 0.239662,
        1.142176 -0.610236 0.288675,
        1.064164 -0.728346 0.239662,
        1.064164 0.728346 0.239662,
        1.142176 0.610236 0.288675,
        1.142176 0.610236 0.239662,
        -1.144755 0.610236 0.288675,
        -1.134275 0.610236 0.239662,
        -1.144755 0.610236 0.239662,
        -1.133444 0.610236 0.241046,
        -1.129980 0.610236 0.244511,
        -1.066743 0.728346 0.239662,
        -1.066743 0.688976 0.239662,
        -1.066802 0.688976 0.249305,
        -1.144755 -0.610236 0.288675,
        -1.144755 -0.610236 0.239662,
        -1.134275 -0.610236 0.239662,
        -1.129980 -0.610236 0.244511,
        -1.133444 -0.610236 0.241046,
        -1.066802 -0.688976 0.249305,
        -1.066743 -0.688976 0.239662,
        -1.066743 -0.728346 0.239662,
        0.511811 -0.285433 0.435039,
        0.511811 -0.285433 0.474409,
        0.522001 -0.284092 0.435039,
        0.522001 -0.284092 0.474409,
        0.531496 -0.280159 0.435039,
        0.531496 -0.280159 0.474409,
        0.539650 -0.273902 0.435039,
        0.539650 -0.273902 0.474409,
        0.545907 -0.265748 0.435039,
        0.545907 -0.265748 0.474409,
        0.549840 -0.256253 0.435039,
        0.549840 -0.256253 0.474409,
        0.551181 -0.246063 0.435039,
        0.551181 -0.246063 0.474409,
        0.551181 0.246063 0.435039,
        0.551181 0.246063 0.474409,
        0.549840 0.256253 0.435039,
        0.549840 0.256253 0.474409,
        0.545907 0.265748 0.435039,
        0.545907 0.265748 0.474409,
        0.539650 0.273902 0.435039,
        0.539650 0.273902 0.474409,
        0.531496 0.280159 0.435039,
        0.531496 0.280159 0.474409,
        0.522001 0.284092 0.435039,
        0.522001 0.284092 0.474409,
        0.511811 0.285433 0.435039,
        0.511811 0.285433 0.474409,
        -0.511811 0.285433 0.435039,
        -0.511811 0.285433 0.474409,
        -0.522001 0.284092 0.435039,
        -0.522001 0.284092 0.474409,
        -0.531496 0.280159 0.435039,
        -0.531496 0.280159 0.474409,
        -0.539650 0.273902 0.435039,
        -0.539650 0.273902 0.474409,
        -0.545907 0.265748 0.435039,
        -0.545907 0.265748 0.474409,
        -0.549840 0.256253 0.435039,
        -0.549840 0.256253 0.474409,
        -0.551181 0.246063 0.435039,
        -0.551181 0.246063 0.474409,
        -0.551181 -0.246063 0.435039,
        -0.551181 -0.246063 0.474409,
        -0.549840 -0.256253 0.435039,
        -0.549840 -0.256253 0.474409,
        -0.545907 -0.265748 0.435039,
        -0.545907 -0.265748 0.474409,
        -0.539650 -0.273902 0.435039,
        -0.539650 -0.273902 0.474409,
        -0.531496 -0.280159 0.435039,
        -0.531496 -0.280159 0.474409,
        -0.522001 -0.284092 0.435039,
        -0.522001 -0.284092 0.474409,
        -0.511811 -0.285433 0.435039,
        -0.511811 -0.285433 0.474409,
        -0.881974 0.559849 0.249305,
        0.872381 0.559849 0.249305,
        -0.881912 0.558141 0.249336,
        0.871647 0.551556 0.250039,
        -0.880979 0.553011 0.249802,
        0.871149 0.549740 0.250537,
        -0.879606 0.549722 0.250489,
        0.869370 0.543254 0.252316,
        -0.878643 0.547417 0.250970,
        0.850510 0.519393 0.272151,
        0.849300 0.518135 0.274369,
        -0.849285 0.518135 0.274369,
        -0.850399 0.519330 0.272255,
        -0.851480 0.520632 0.270205,
        0.855602 0.524056 0.266084,
        -0.855669 0.523979 0.266016,
        0.858998 0.526904 0.262687,
        -0.857576 0.525503 0.264109,
        0.862572 0.531439 0.259113,
        -0.862766 0.531287 0.258920,
        0.865088 0.534633 0.256597,
        -0.862787 0.531311 0.258898,
        0.867820 0.540133 0.253865,
        -0.873114 0.540074 0.253735,
        -0.873904 0.540744 0.253340,
        0.851681 0.520767 0.270004,
        0.849300 -0.518135 0.274369,
        0.850510 -0.519393 0.272151,
        -0.855669 -0.523979 0.266016,
        -0.851480 -0.520632 0.270205,
        -0.850399 -0.519330 0.272255,
        -0.849285 -0.518135 0.274369,
        0.862591 -0.531407 0.259094,
        -0.862766 -0.531287 0.258920,
        -0.857576 -0.525503 0.264109,
        0.851681 -0.520767 0.270004,
        0.855483 -0.524178 0.266202,
        0.861110 -0.529224 0.260576,
        -0.867500 -0.534721 0.256542,
        -0.862787 -0.531311 0.258898,
        0.867864 -0.540099 0.253822,
        0.866886 -0.537737 0.254799,
        0.870305 -0.546000 0.251380,
        -0.875596 -0.542787 0.252494,
        -0.872917 -0.540118 0.253833,
        0.872381 -0.559849 0.249305,
        -0.881974 -0.559849 0.249305,
        0.872020 -0.554026 0.249665,
        -0.881381 -0.554567 0.249601,
        0.871105 -0.549741 0.250581,
        -0.879722 -0.549709 0.250431,
        -0.879564 -0.549248 0.250510,
        0.746759 0.417561 0.434074,
        -0.741184 0.410727 0.435004,
        -0.741813 0.412372 0.434899,
        -0.740970 0.409050 0.435039,
        0.743520 0.414819 0.434614,
        0.742000 0.412723 0.434868,
        0.741250 0.410966 0.434993,
        0.740979 0.409395 0.435038,
        0.740970 0.409050 0.435039,
        -0.743353 0.414628 0.434642,
        -0.746612 0.417566 0.434099,
        0.747835 0.418472 0.433895,
        -0.746841 0.417772 0.434061,
        0.758597 0.423972 0.432102,
        0.759559 0.425673 0.431331,
        -0.756465 0.423074 0.432457,
        -0.758597 0.423972 0.432102,
        -0.759559 0.425673 0.431331,
        0.764260 0.432790 0.427076,
        0.764438 0.433000 0.426898,
        -0.760074 0.426583 0.430920,
        0.760074 0.426583 0.430920,
        0.761785 0.429100 0.429551,
        -0.761785 0.429100 0.429551,
        -0.764478 0.432974 0.426858,
        0.767135 0.436178 0.424201,
        -0.765075 0.433831 0.426261,
        0.769082 0.439169 0.420956,
        -0.769020 0.438031 0.422316,
        -0.770175 0.439049 0.420876,
        -0.775615 0.443841 0.414096,
        0.773055 0.443811 0.414152,
        0.772505 0.443256 0.415161,
        0.771964 0.442672 0.416152,
        0.769421 0.439690 0.420391,
        0.764260 -0.432790 0.427076,
        0.764437 -0.432999 0.426899,
        -0.764478 -0.432972 0.426859,
        0.769421 -0.439690 0.420391,
        0.771964 -0.442672 0.416152,
        -0.775615 -0.443834 0.414096,
        0.772505 -0.443256 0.415161,
        0.773055 -0.443811 0.414152,
        -0.765075 -0.433831 0.426261,
        0.769081 -0.439168 0.420957,
        -0.770174 -0.439047 0.420877,
        -0.769020 -0.438031 0.422316,
        0.767135 -0.436178 0.424201,
        -0.760074 -0.426583 0.430920,
        -0.759559 -0.425672 0.431332,
        0.759559 -0.425672 0.431332,
        -0.761785 -0.429100 0.429551,
        0.760074 -0.426583 0.430920,
        0.761785 -0.429100 0.429551,
        -0.746759 -0.417561 0.434074,
        0.746612 -0.417566 0.434099,
        -0.747835 -0.418472 0.433895,
        0.746841 -0.417772 0.434061,
        0.758597 -0.423972 0.432102,
        0.756465 -0.423074 0.432457,
        -0.758597 -0.423972 0.432102,
        0.741184 -0.410727 0.435004,
        0.741813 -0.412372 0.434899,
        0.743353 -0.414628 0.434642,
        0.740970 -0.409050 0.435039,
        -0.743520 -0.414819 0.434614,
        -0.742000 -0.412723 0.434868,
        -0.741250 -0.410966 0.434993,
        -0.740979 -0.409395 0.435038,
        -0.740970 -0.409050 0.435039,
        0.165374 0.688976 -0.176413,
        0.173769 0.688976 -0.165620,
        -0.166018 0.688976 -0.176519,
        -0.282471 0.688976 -0.160183,
        -0.272153 0.688976 -0.152444,
        -1.066684 0.688976 0.056507,
        -1.072067 0.688976 0.041309,
        -1.078367 0.688976 0.031268,
        -0.336644 0.688976 -0.206617,
        -0.246356 0.688976 -0.147285,
        1.164296 0.688976 -0.019289,
        1.157294 0.688976 -0.009597,
        1.145821 0.688976 0.000110,
        1.105379 0.688976 0.012653,
        1.086940 0.688976 0.023001,
        0.336644 0.688976 -0.206617,
        -0.305688 0.688976 -0.185980,
        -0.297949 0.688976 -0.178241,
        -0.290210 0.688976 -0.167922,
        -1.078384 0.688976 0.031241,
        -1.086106 0.688976 0.023755,
        -1.113117 0.688976 -0.206617,
        -1.087214 0.688976 0.023077,
        -1.097028 0.688976 0.017066,
        -1.101333 0.688976 0.015328,
        -1.107958 0.688976 0.012653,
        -1.118277 0.688976 0.010073,
        0.184680 0.688976 -0.157087,
        0.197431 0.688976 -0.151324,
        1.168506 0.688976 -0.029541,
        1.131175 0.688976 0.007493,
        1.066684 0.688976 0.056507,
        1.064104 0.688976 0.069405,
        0.290210 0.688976 -0.167922,
        -0.313427 0.688976 -0.196299,
        -0.326325 0.688976 -0.201458,
        -1.071437 0.688976 0.042313,
        -0.217980 0.688976 -0.147285,
        -0.205082 0.688976 -0.149865,
        -0.194318 0.688976 -0.152586,
        -0.193723 0.688976 -0.152737,
        -0.183740 0.688976 -0.158038,
        -0.183207 0.688976 -0.158320,
        -0.173016 0.688976 -0.167109,
        -0.172670 0.688976 -0.167408,
        0.202502 0.688976 -0.149865,
        0.215400 0.688976 -0.147285,
        1.064104 0.688976 0.249305,
        0.246356 0.688976 -0.147285,
        0.259254 0.688976 -0.149865,
        1.157594 0.688976 -0.187015,
        1.165412 0.688976 -0.176035,
        1.170733 0.688976 -0.162056,
        1.172450 0.688976 -0.147285,
        1.172450 0.688976 -0.049259,
        1.169870 0.688976 -0.036361,
        0.269573 0.688976 -0.152444,
        1.064104 0.688976 0.239662,
        0.158648 0.688976 -0.191139,
        -0.166009 0.688976 -0.176539,
        -0.162390 0.688976 -0.185330,
        -0.158648 0.688976 -0.204038,
        0.156069 0.688976 -0.204038,
        -0.161228 0.688976 -0.191139,
        -0.162335 0.688976 -0.185607,
        1.113117 0.688976 -0.206617,
        1.126016 0.688976 -0.204038,
        1.134773 0.688976 -0.201773,
        1.147219 0.688976 -0.195763,
        1.067654 0.688976 0.050863,
        0.297949 0.688976 -0.178241,
        0.305688 0.688976 -0.185980,
        -1.169870 0.688976 -0.036361,
        -1.131175 0.688976 0.007493,
        -1.140436 0.688976 0.003537,
        -1.151363 0.688976 -0.004514,
        -1.160724 0.688976 -0.015151,
        -1.167406 0.688976 -0.027313,
        -1.169870 0.688976 -0.160183,
        -1.126016 0.688976 -0.204038,
        -1.166389 0.688976 -0.171263,
        1.077155 0.688976 0.032121,
        1.071211 0.688976 0.041081,
        0.323746 0.688976 -0.201458,
        0.313427 0.688976 -0.196299,
        -1.172450 0.688976 -0.049259,
        -1.172450 0.688976 -0.147285,
        -1.159902 0.688976 -0.182828,
        -1.151123 0.688976 -0.192151,
        -1.140401 0.688976 -0.199057,
        1.064104 -0.688976 0.239662,
        1.064104 -0.688976 0.249305,
        -0.246356 -0.688976 -0.147285,
        -0.272153 -0.688976 -0.152444,
        1.126016 -0.688976 -0.204038,
        1.113117 -0.688976 -0.206617,
        1.105379 -0.688976 0.012653,
        0.184680 -0.688976 -0.157087,
        0.173769 -0.688976 -0.165620,
        0.197431 -0.688976 -0.151324,
        -1.087152 -0.688976 0.022976,
        -0.336644 -0.688976 -0.206617,
        -1.101261 -0.688976 0.015150,
        -1.113117 -0.688976 -0.206617,
        -1.107958 -0.688976 0.012653,
        1.086940 -0.688976 0.023001,
        0.336644 -0.688976 -0.206617,
        1.077155 -0.688976 0.032121,
        1.145763 -0.688976 0.000039,
        1.145075 -0.688976 0.000598,
        1.131175 -0.688976 0.007493,
        0.269573 -0.688976 -0.152444,
        0.259254 -0.688976 -0.149865,
        -0.282471 -0.688976 -0.160183,
        -1.066684 -0.688976 0.056507,
        1.166193 -0.688976 -0.174611,
        1.165311 -0.688976 -0.175970,
        1.159830 -0.688976 -0.184422,
        -0.183724 -0.688976 -0.158009,
        -0.173014 -0.688976 -0.167107,
        0.165374 -0.688976 -0.176413,
        -0.166130 -0.688976 -0.176589,
        0.158648 -0.688976 -0.191139,
        -0.162358 -0.688976 -0.185611,
        -0.290210 -0.688976 -0.167922,
        -0.297949 -0.688976 -0.178241,
        -0.305688 -0.688976 -0.185980,
        0.290210 -0.688976 -0.167922,
        1.064104 -0.688976 0.069405,
        1.156166 -0.688976 -0.008405,
        1.157156 -0.688976 -0.009702,
        1.164029 -0.688976 -0.018702,
        1.164281 -0.688976 -0.019296,
        1.168325 -0.688976 -0.028822,
        1.168474 -0.688976 -0.029547,
        0.246356 -0.688976 -0.147285,
        0.215400 -0.688976 -0.147285,
        0.202502 -0.688976 -0.149865,
        -1.078343 -0.688976 0.031252,
        -1.071913 -0.688976 0.041212,
        -0.326325 -0.688976 -0.201458,
        -0.313427 -0.688976 -0.196299,
        1.169870 -0.688976 -0.036361,
        1.172450 -0.688976 -0.049259,
        1.172450 -0.688976 -0.147285,
        1.170874 -0.688976 -0.161698,
        1.170743 -0.688976 -0.162059,
        1.157385 -0.688976 -0.186799,
        1.150117 -0.688976 -0.193865,
        1.147111 -0.688976 -0.195574,
        1.138736 -0.688976 -0.200336,
        1.134697 -0.688976 -0.201511,
        -1.139717 -0.688976 -0.199380,
        -1.140351 -0.688976 -0.198978,
        -1.118277 -0.688976 0.010073,
        -1.150991 -0.688976 -0.192234,
        1.066684 -0.688976 0.056507,
        1.067654 -0.688976 0.050863,
        0.297949 -0.688976 -0.178241,
        0.305688 -0.688976 -0.185980,
        0.156069 -0.688976 -0.204038,
        -0.158648 -0.688976 -0.204038,
        -0.161228 -0.688976 -0.191139,
        -0.194317 -0.688976 -0.152583,
        -0.205082 -0.688976 -0.149865,
        -0.217980 -0.688976 -0.147285,
        -1.126016 -0.688976 -0.204038,
        -1.151095 -0.688976 -0.192124,
        -1.159888 -0.688976 -0.182917,
        -1.159930 -0.688976 -0.182843,
        0.313427 -0.688976 -0.196299,
        0.323746 -0.688976 -0.201458,
        1.071211 -0.688976 0.041081,
        -1.152091 -0.688976 -0.005131,
        -1.151335 -0.688976 -0.004550,
        -1.166402 -0.688976 -0.171267,
        -1.141337 -0.688976 0.003128,
        -1.140428 -0.688976 0.003518,
        -1.166351 -0.688976 -0.171431,
        -1.131175 -0.688976 0.007493,
        -1.167251 -0.688976 -0.026745,
        -1.161946 -0.688976 -0.016870,
        -1.160595 -0.688976 -0.015260,
        -1.172450 -0.688976 -0.147285,
        -1.172450 -0.688976 -0.049259,
        -1.169870 -0.688976 -0.160183,
        -1.169870 -0.688976 -0.036361,
        -1.167406 -0.688976 -0.027313,
        -0.884511 0.552897 0.292852,
        0.884511 0.552897 0.292852,
        -0.885345 0.553409 0.292019,
        0.885880 0.553903 0.291483,
        -0.887969 0.555128 0.290324,
        -0.886109 0.554021 0.291255,
        -0.885910 0.553862 0.291453,
        0.886346 0.554246 0.291017,
        0.887056 0.555113 0.290307,
        -0.888823 0.555635 0.289897,
        0.887399 0.555532 0.289964,
        -0.889744 0.556564 0.289437,
        0.887930 0.556563 0.289433,
        -0.890277 0.557100 0.289170,
        0.888152 0.556993 0.289211,
        0.888688 0.559849 0.288675,
        -0.891268 0.559849 0.288675,
        0.888551 0.558384 0.288813,
        -0.891179 0.559014 0.288719,
        0.888487 0.558163 0.288876,
        -0.890896 0.558159 0.288861,
        -0.890881 0.558115 0.288868,
        -0.891268 -0.559849 0.288675,
        0.888688 -0.559849 0.288675,
        0.888678 -0.559456 0.288685,
        -0.891160 -0.558930 0.288729,
        0.888490 -0.558161 0.288873,
        -0.890888 -0.558159 0.288865,
        0.888465 -0.557989 0.288898,
        0.887997 -0.556623 0.289366,
        -0.889759 -0.556560 0.289430,
        -0.890269 -0.557089 0.289175,
        -0.890845 -0.558037 0.288886,
        0.887397 -0.555529 0.289966,
        0.887052 -0.555117 0.290311,
        -0.887959 -0.555130 0.290329,
        0.887957 -0.556550 0.289407,
        -0.889023 -0.555798 0.289797,
        0.885891 -0.553889 0.291472,
        0.884511 -0.552897 0.292852,
        -0.884511 -0.552897 0.292852,
        -0.885345 -0.553409 0.292019,
        -0.885910 -0.553862 0.291453,
        0.886230 -0.554134 0.291133,
        -0.886109 -0.554021 0.291255,
        -0.886444 -0.554178 0.291087,
        0.755859 0.426414 0.472471,
        0.775184 0.437083 0.469250,
        0.778021 0.442000 0.466980,
        -0.778021 0.442000 0.466980,
        -0.775184 0.437083 0.469250,
        -0.773841 0.436488 0.469474,
        -0.788656 0.456631 0.458358,
        -0.788082 0.455931 0.458931,
        0.780826 0.446861 0.464737,
        -0.780826 0.446861 0.464737,
        -0.799974 0.468944 0.446646,
        -0.798401 0.467333 0.448613,
        0.799581 0.468944 0.446646,
        -0.792962 0.461885 0.454051,
        0.798401 0.467333 0.448613,
        0.788082 0.455931 0.458931,
        0.788656 0.456631 0.458358,
        0.792962 0.461885 0.454051,
        -0.809526 0.477727 0.434185,
        -0.808719 0.476846 0.435715,
        -0.803366 0.472419 0.442407,
        -0.810343 0.478573 0.432635,
        0.807819 0.478573 0.432635,
        0.806974 0.477727 0.434185,
        0.806139 0.476846 0.435715,
        0.802124 0.472419 0.442407,
        -0.745875 0.415619 0.474135,
        -0.744639 0.412334 0.474341,
        0.755352 0.425954 0.472556,
        -0.748908 0.420105 0.473630,
        -0.755504 0.426150 0.472530,
        -0.755293 0.425956 0.472565,
        -0.744228 0.409050 0.474409,
        0.744228 0.409050 0.474409,
        0.744234 0.409448 0.474408,
        0.744701 0.412570 0.474331,
        0.746090 0.416033 0.474099,
        0.748960 0.420166 0.473621,
        -0.755859 -0.426414 0.472471,
        -0.775184 -0.437083 0.469250,
        -0.778021 -0.442000 0.466980,
        0.806974 -0.477727 0.434185,
        0.806139 -0.476846 0.435715,
        0.802124 -0.472419 0.442407,
        -0.803366 -0.472419 0.442407,
        -0.808719 -0.476846 0.435715,
        0.807819 -0.478573 0.432635,
        -0.809526 -0.477727 0.434185,
        -0.810343 -0.478573 0.432635,
        0.788656 -0.456631 0.458358,
        -0.788656 -0.456631 0.458358,
        0.792962 -0.461885 0.454051,
        -0.792962 -0.461885 0.454051,
        0.798401 -0.467333 0.448613,
        0.799581 -0.468944 0.446646,
        -0.799974 -0.468944 0.446646,
        -0.798401 -0.467333 0.448613,
        0.788082 -0.455931 0.458931,
        0.780826 -0.446861 0.464737,
        -0.788082 -0.455931 0.458931,
        -0.780826 -0.446861 0.464737,
        0.778021 -0.442000 0.466980,
        0.775184 -0.437083 0.469250,
        0.773841 -0.436488 0.469474,
        0.745875 -0.415619 0.474135,
        0.744639 -0.412334 0.474341,
        -0.755352 -0.425954 0.472556,
        0.748908 -0.420105 0.473630,
        0.755504 -0.426150 0.472530,
        0.755293 -0.425956 0.472565,
        0.744228 -0.409050 0.474409,
        -0.744228 -0.409050 0.474409,
        -0.744234 -0.409448 0.474408,
        -0.744701 -0.412570 0.474331,
        -0.746090 -0.416033 0.474099,
        -0.748960 -0.420166 0.473621,
        -0.883529 -0.552375 0.293834,
        0.883529 -0.552375 0.293834,
        -0.883529 0.552375 0.293834,
        0.883529 0.552375 0.293834,
        -0.246356 0.728346 -0.147285,
        -0.272153 0.728346 -0.152444,
        1.126016 0.728346 -0.204038,
        1.113117 0.728346 -0.206617,
        1.105379 0.728346 0.012653,
        0.184680 0.728346 -0.157087,
        0.173769 0.728346 -0.165620,
        0.197431 0.728346 -0.151324,
        -1.087152 0.728346 0.022976,
        -0.336644 0.728346 -0.206617,
        -1.101261 0.728346 0.015150,
        -1.113117 0.728346 -0.206617,
        -1.107958 0.728346 0.012653,
        -1.118277 0.728346 0.010073,
        1.086940 0.728346 0.023001,
        0.336644 0.728346 -0.206617,
        1.077155 0.728346 0.032121,
        0.269573 0.728346 -0.152444,
        0.259254 0.728346 -0.149865,
        -0.282471 0.728346 -0.160183,
        -1.066684 0.728346 0.056507,
        1.131175 0.728346 0.007493,
        1.168506 0.728346 -0.029541,
        1.145821 0.728346 0.000110,
        1.164296 0.728346 -0.019289,
        1.157294 0.728346 -0.009597,
        -0.183724 0.728346 -0.158009,
        -0.173014 0.728346 -0.167107,
        0.165374 0.728346 -0.176413,
        -0.166130 0.728346 -0.176589,
        0.158648 0.728346 -0.191139,
        -0.162358 0.728346 -0.185611,
        -1.172450 0.728346 -0.049259,
        -1.169870 0.728346 -0.036361,
        -0.290210 0.728346 -0.167922,
        -0.297949 0.728346 -0.178241,
        -0.305688 0.728346 -0.185980,
        0.290210 0.728346 -0.167922,
        1.064104 0.728346 0.069405,
        1.169870 0.728346 -0.036361,
        1.172450 0.728346 -0.049259,
        1.172450 0.728346 -0.147285,
        1.134773 0.728346 -0.201773,
        1.170733 0.728346 -0.162056,
        0.246356 0.728346 -0.147285,
        0.215400 0.728346 -0.147285,
        0.202502 0.728346 -0.149865,
        -1.078343 0.728346 0.031252,
        -1.071913 0.728346 0.041212,
        -0.326325 0.728346 -0.201458,
        -0.313427 0.728346 -0.196299,
        1.066684 0.728346 0.056507,
        1.067654 0.728346 0.050863,
        0.297949 0.728346 -0.178241,
        0.305688 0.728346 -0.185980,
        1.165412 0.728346 -0.176035,
        1.157594 0.728346 -0.187015,
        1.147219 0.728346 -0.195763,
        0.156069 0.728346 -0.204038,
        -0.158648 0.728346 -0.204038,
        -0.161228 0.728346 -0.191139,
        -0.194317 0.728346 -0.152583,
        -0.205082 0.728346 -0.149865,
        -0.217980 0.728346 -0.147285,
        -1.151123 0.728346 -0.192151,
        -1.159902 0.728346 -0.182828,
        -1.166389 0.728346 -0.171263,
        -1.151363 0.728346 -0.004514,
        -1.160724 0.728346 -0.015151,
        -1.167406 0.728346 -0.027313,
        -1.140436 0.728346 0.003537,
        -1.131175 0.728346 0.007493,
        0.313427 0.728346 -0.196299,
        0.323746 0.728346 -0.201458,
        1.071211 0.728346 0.041081,
        -1.172450 0.728346 -0.147285,
        -1.169870 0.728346 -0.160183,
        -1.126016 0.728346 -0.204038,
        -1.140401 0.728346 -0.199057,
        0.888688 0.188856 0.288675,
        0.888688 0.377712 0.288675,
        0.888688 -0.377712 0.288675,
        0.888688 -0.188856 0.288675,
        0.888688 -0.000000 0.288675,
        -1.078343 -0.728346 0.031252,
        -1.087152 -0.728346 0.022976,
        -0.336644 -0.728346 -0.206617,
        -0.282471 -0.728346 -0.160183,
        -0.272153 -0.728346 -0.152444,
        -1.066684 -0.728346 0.056507,
        -1.113117 -0.728346 -0.206617,
        -0.183724 -0.728346 -0.158009,
        -0.173014 -0.728346 -0.167107,
        0.173769 -0.728346 -0.165620,
        -1.101261 -0.728346 0.015150,
        -1.107958 -0.728346 0.012653,
        -1.118277 -0.728346 0.010073,
        0.165374 -0.728346 -0.176413,
        -0.166130 -0.728346 -0.176589,
        0.158648 -0.728346 -0.191139,
        1.164296 -0.728346 -0.019289,
        1.157294 -0.728346 -0.009597,
        1.145821 -0.728346 0.000110,
        1.105379 -0.728346 0.012653,
        1.086940 -0.728346 0.023001,
        0.336644 -0.728346 -0.206617,
        -0.305688 -0.728346 -0.185980,
        -0.297949 -0.728346 -0.178241,
        -0.290210 -0.728346 -0.167922,
        -0.246356 -0.728346 -0.147285,
        0.184680 -0.728346 -0.157087,
        0.197431 -0.728346 -0.151324,
        1.168506 -0.728346 -0.029541,
        1.131175 -0.728346 0.007493,
        1.066684 -0.728346 0.056507,
        1.064104 -0.728346 0.069405,
        0.290210 -0.728346 -0.167922,
        -0.313427 -0.728346 -0.196299,
        -0.326325 -0.728346 -0.201458,
        -1.071913 -0.728346 0.041212,
        0.202502 -0.728346 -0.149865,
        0.215400 -0.728346 -0.147285,
        0.246356 -0.728346 -0.147285,
        0.259254 -0.728346 -0.149865,
        1.157594 -0.728346 -0.187015,
        1.165412 -0.728346 -0.176035,
        1.170733 -0.728346 -0.162056,
        1.172450 -0.728346 -0.147285,
        1.172450 -0.728346 -0.049259,
        1.169870 -0.728346 -0.036361,
        0.269573 -0.728346 -0.152444,
        -1.169870 -0.728346 -0.036361,
        -1.131175 -0.728346 0.007493,
        -1.140436 -0.728346 0.003537,
        -1.151363 -0.728346 -0.004514,
        -1.160724 -0.728346 -0.015151,
        -1.167406 -0.728346 -0.027313,
        -1.169870 -0.728346 -0.160183,
        -1.126016 -0.728346 -0.204038,
        -1.166389 -0.728346 -0.171263,
        -0.217980 -0.728346 -0.147285,
        -0.205082 -0.728346 -0.149865,
        -0.194317 -0.728346 -0.152583,
        -0.158648 -0.728346 -0.204038,
        0.156069 -0.728346 -0.204038,
        -0.161228 -0.728346 -0.191139,
        -0.162358 -0.728346 -0.185611,
        1.113117 -0.728346 -0.206617,
        1.126016 -0.728346 -0.204038,
        1.134773 -0.728346 -0.201773,
        1.147219 -0.728346 -0.195763,
        1.067654 -0.728346 0.050863,
        0.297949 -0.728346 -0.178241,
        0.305688 -0.728346 -0.185980,
        -1.172450 -0.728346 -0.049259,
        -1.172450 -0.728346 -0.147285,
        1.077155 -0.728346 0.032121,
        1.071211 -0.728346 0.041081,
        0.323746 -0.728346 -0.201458,
        0.313427 -0.728346 -0.196299,
        -1.159902 -0.728346 -0.182828,
        -1.151123 -0.728346 -0.192151,
        -1.140401 -0.728346 -0.199057,
        0.883529 0.377712 0.293834,
        0.883529 -0.377712 0.293834,
        0.883529 -0.188856 0.293834,
        0.883529 -0.000000 0.293834,
        0.883529 0.188856 0.293834,
        -0.883529 0.373780 0.293834,
        -0.883529 -0.000000 0.293834,
        -0.883529 0.186890 0.293834,
        -0.883529 -0.373780 0.293834,
        -0.883529 -0.186890 0.293834,
        -0.886109 0.373780 0.291255,
        -0.886109 -0.373780 0.291255,
        -0.886109 0.186890 0.291255,
        -0.886109 -0.000000 0.291255,
        -0.886109 -0.186890 0.291255,
        0.688766 0.118110 -0.114933,
        0.688766 0.118110 -0.037543,
        1.253774 0.118110 -0.114933,
        1.255368 0.118110 -0.037543,
        1.263161 0.118110 -0.116068,
        1.278319 0.118110 -0.039794,
        1.272006 0.118110 -0.119409,
        1.576164 0.118110 -0.156207,
        1.576164 0.118110 -0.233596,
        1.419112 0.118110 -0.156207,
        1.418609 0.118110 -0.233596,
        1.409584 0.118110 -0.155037,
        1.396001 0.118110 -0.231413,
        1.400622 0.118110 -0.151595,
        1.300394 0.118110 -0.046463,
        1.320754 0.118110 -0.057293,
        1.279800 0.118110 -0.124763,
        1.338620 0.118110 -0.071873,
        1.286093 0.118110 -0.131820,
        1.353313 0.118110 -0.089647,
        1.321651 0.118110 -0.182935,
        1.386464 0.118110 -0.138839,
        1.336354 0.118110 -0.200246,
        1.392759 0.118110 -0.146087,
        1.354099 0.118110 -0.214423,
        1.374230 0.118110 -0.224942,
        1.576164 -0.118110 -0.233596,
        1.576164 -0.118110 -0.156207,
        1.418609 -0.118110 -0.233596,
        1.419112 -0.118110 -0.156207,
        1.396001 -0.118110 -0.231413,
        1.409584 -0.118110 -0.155037,
        1.374230 -0.118110 -0.224942,
        1.400622 -0.118110 -0.151595,
        1.354099 -0.118110 -0.214423,
        1.392759 -0.118110 -0.146087,
        1.336354 -0.118110 -0.200246,
        1.321651 -0.118110 -0.182935,
        1.386464 -0.118110 -0.138839,
        1.286093 -0.118110 -0.131820,
        1.353313 -0.118110 -0.089647,
        1.279800 -0.118110 -0.124763,
        0.688766 -0.118110 -0.037543,
        0.688766 -0.118110 -0.114933,
        1.255368 -0.118110 -0.037543,
        1.253774 -0.118110 -0.114933,
        1.278319 -0.118110 -0.039794,
        1.263161 -0.118110 -0.116068,
        1.300394 -0.118110 -0.046463,
        1.272006 -0.118110 -0.119409,
        1.320754 -0.118110 -0.057293,
        1.338620 -0.118110 -0.071873,
        0.314961 -0.255906 0.230315,
        -0.314961 -0.255906 0.230315,
        0.314961 -0.255906 0.250000,
        -0.314961 -0.255906 0.250000,
        -0.314961 0.255906 0.230315,
        -0.314961 0.255906 0.250000,
        0.314961 0.255906 0.230315,
        0.314961 0.255906 0.250000,
        0.944882 0.354331 0.250000,
        -0.944882 0.354331 0.250000,
        -0.944882 -0.354331 0.250000,
        0.944882 -0.354331 0.250000,
        -0.944882 -0.354331 0.230315,
        -0.944882 0.354331 0.230315,
        0.944882 0.354331 0.230315,
        0.944882 -0.354331 0.230315,
        -0.216690 0.118110 0.029528,
        0.337934 0.118110 -0.047862,
        -0.332774 0.118110 -0.047862,
        0.541726 0.118110 -0.058180,
        0.508191 0.118110 -0.130411,
        0.355991 0.118110 0.029528,
        0.216690 0.118110 0.029528,
        0.216690 0.118110 0.050165,
        -0.216690 0.118110 0.050165,
        -1.576164 0.118110 -0.233596,
        -1.576164 0.118110 -0.156207,
        -1.417146 0.118110 -0.233596,
        -1.416533 0.118110 -0.156207,
        -1.388561 0.118110 -0.230085,
        -1.407004 0.118110 -0.155037,
        -1.361675 0.118110 -0.219760,
        -1.398043 0.118110 -0.151595,
        -1.338088 0.118110 -0.203235,
        -1.390180 0.118110 -0.146087,
        -1.319201 0.118110 -0.181493,
        -1.383884 0.118110 -0.138839,
        -1.286050 0.118110 -0.132301,
        -1.350733 0.118110 -0.089647,
        -1.279754 0.118110 -0.125053,
        -1.331846 0.118110 -0.067905,
        -1.271892 0.118110 -0.119545,
        -1.308259 0.118110 -0.051380,
        -1.262930 0.118110 -0.116103,
        -1.281374 0.118110 -0.041055,
        -1.253402 0.118110 -0.114933,
        -1.252789 0.118110 -0.037543,
        -0.451438 0.118110 -0.114933,
        -0.472075 0.118110 -0.037543,
        -0.353411 0.118110 0.029528,
        0.216690 -0.118110 0.029528,
        -0.332774 -0.118110 -0.047862,
        0.337934 -0.118110 -0.047862,
        0.508191 -0.118110 -0.130411,
        0.541726 -0.118110 -0.058180,
        0.355991 -0.118110 0.029528,
        -1.576164 -0.118110 -0.156207,
        -1.576164 -0.118110 -0.233596,
        -1.416533 -0.118110 -0.156207,
        -1.417146 -0.118110 -0.233596,
        -1.407004 -0.118110 -0.155037,
        -1.388561 -0.118110 -0.230085,
        -1.398043 -0.118110 -0.151595,
        -1.361675 -0.118110 -0.219760,
        -1.390180 -0.118110 -0.146087,
        -1.338088 -0.118110 -0.203235,
        -1.383884 -0.118110 -0.138839,
        -1.319201 -0.118110 -0.181493,
        -1.350733 -0.118110 -0.089647,
        -1.286050 -0.118110 -0.132301,
        -1.331846 -0.118110 -0.067905,
        -1.279754 -0.118110 -0.125053,
        -1.308259 -0.118110 -0.051380,
        -1.271892 -0.118110 -0.119545,
        -1.281374 -0.118110 -0.041055,
        -1.262930 -0.118110 -0.116103,
        -1.252789 -0.118110 -0.037543,
        -1.253402 -0.118110 -0.114933,
        -0.472075 -0.118110 -0.037543,
        -0.451438 -0.118110 -0.114933,
        -0.353411 -0.118110 0.029528,
        -0.216690 -0.118110 0.029528,
        -0.216690 -0.118110 0.050165,
        0.216690 -0.118110 0.050165,
        0.826777 0.285433 0.083700,
        0.826777 0.285433 0.050165,
        0.710693 0.285433 0.106917,
        0.705533 0.285433 0.070802,
        0.554476 0.285433 0.130516,
        0.581710 0.285433 0.091439,
        0.397469 0.285433 0.148251,
        0.460467 0.285433 0.106917,
        0.239569 0.285433 0.160133,
        0.199922 0.285433 0.050165,
        -0.584290 0.285433 0.091439,
        -0.826777 0.285433 0.050165,
        -0.826777 0.285433 0.083700,
        -0.202502 0.285433 0.050165,
        -0.077687 0.285433 0.166183,
        0.081080 0.285433 0.166120,
        -0.710693 0.285433 0.106917,
        -0.552420 0.285433 0.130787,
        -0.460467 0.285433 0.106917,
        -0.394769 0.285433 0.148504,
        -0.236420 0.285433 0.160310,
        0.826777 -0.285433 0.050165,
        0.826777 -0.285433 0.083700,
        0.705533 -0.285433 0.070802,
        0.710693 -0.285433 0.106917,
        0.581710 -0.285433 0.091439,
        0.554476 -0.285433 0.130516,
        0.460467 -0.285433 0.106917,
        0.397469 -0.285433 0.148251,
        0.199922 -0.285433 0.050165,
        -0.826777 -0.285433 0.083700,
        -0.826777 -0.285433 0.050165,
        -0.710693 -0.285433 0.106917,
        -0.584290 -0.285433 0.091439,
        0.239569 -0.285433 0.160133,
        0.081080 -0.285433 0.166120,
        -0.202502 -0.285433 0.050165,
        -0.077687 -0.285433 0.166183,
        -0.236420 -0.285433 0.160310,
        -0.460467 -0.285433 0.106917,
        -0.394769 -0.285433 0.148504,
        -0.552420 -0.285433 0.130787,
      ]
    }
    coordIndex [
      0, 1, 2, -1,
      2, 1, 3, -1,
      2, 3, 4, -1,
      4, 3, 5, -1,
      4, 5, 6, -1,
      6, 5, 7, -1,
      6, 7, 8, -1,
      8, 7, 9, -1,
      8, 9, 10, -1,
      10, 9, 11, -1,
      10, 11, 12, -1,
      12, 11, 13, -1,
      14, 15, 16, -1,
      16, 15, 17, -1,
      16, 17, 18, -1,
      18, 17, 19, -1,
      18, 19, 20, -1,
      20, 19, 21, -1,
      20, 21, 22, -1,
      22, 21, 23, -1,
      22, 23, 24, -1,
      24, 23, 25, -1,
      24, 25, 26, -1,
      26, 25, 27, -1,
      28, 29, 30, -1,
      30, 29, 31, -1,
      30, 31, 32, -1,
      32, 31, 33, -1,
      32, 33, 34, -1,
      34, 33, 35, -1,
      34, 35, 36, -1,
      36, 35, 37, -1,
      36, 37, 38, -1,
      38, 37, 39, -1,
      38, 39, 40, -1,
      40, 39, 41, -1,
      42, 43, 44, -1,
      44, 43, 45, -1,
      44, 45, 46, -1,
      46, 45, 47, -1,
      46, 47, 48, -1,
      48, 47, 49, -1,
      48, 49, 50, -1,
      50, 49, 51, -1,
      50, 51, 52, -1,
      52, 51, 53, -1,
      52, 53, 54, -1,
      54, 53, 55, -1,
      56, 57, 58, -1,
      59, 60, 61, -1,
      61, 60, 62, -1,
      61, 62, 63, -1,
      64, 65, 66, -1,
      66, 65, 67, -1,
      66, 67, 68, -1,
      68, 67, 69, -1,
      68, 69, 70, -1,
      70, 69, 71, -1,
      70, 71, 58, -1,
      58, 71, 63, -1,
      58, 63, 56, -1,
      56, 63, 62, -1,
      72, 73, 74, -1,
      74, 73, 75, -1,
      74, 75, 76, -1,
      76, 75, 77, -1,
      78, 76, 79, -1,
      79, 76, 77, -1,
      79, 77, 80, -1,
      80, 77, 81, -1,
      80, 81, 82, -1,
      82, 81, 83, -1,
      82, 83, 84, -1,
      84, 83, 85, -1,
      84, 85, 86, -1,
      86, 85, 87, -1,
      88, 89, 90, -1,
      91, 92, 93, -1,
      93, 92, 94, -1,
      93, 94, 95, -1,
      96, 97, 98, -1,
      98, 97, 99, -1,
      98, 99, 100, -1,
      100, 99, 101, -1,
      100, 101, 102, -1,
      102, 101, 103, -1,
      102, 103, 90, -1,
      90, 103, 95, -1,
      90, 95, 88, -1,
      88, 95, 94, -1,
      104, 105, 106, -1,
      106, 105, 107, -1,
      106, 107, 108, -1,
      108, 107, 109, -1,
      110, 108, 111, -1,
      111, 108, 109, -1,
      111, 109, 112, -1,
      112, 109, 113, -1,
      112, 113, 114, -1,
      114, 113, 115, -1,
      114, 115, 116, -1,
      116, 115, 117, -1,
      116, 117, 118, -1,
      118, 117, 119, -1,
      120, 121, 122, -1,
      120, 122, 123, -1,
      123, 122, 124, -1,
      123, 124, 125, -1,
      125, 124, 126, -1,
      125, 126, 127, -1,
      127, 126, 128, -1,
      127, 128, 129, -1,
      129, 128, 130, -1,
      129, 130, 131, -1,
      131, 130, 132, -1,
      131, 132, 133, -1,
      134, 135, 136, -1,
      134, 136, 137, -1,
      137, 136, 138, -1,
      137, 138, 139, -1,
      139, 138, 140, -1,
      139, 140, 141, -1,
      141, 140, 142, -1,
      141, 142, 143, -1,
      143, 142, 144, -1,
      143, 144, 145, -1,
      145, 144, 146, -1,
      145, 146, 147, -1,
      64, 148, 65, -1,
      65, 148, 149, -1,
      72, 60, 73, -1,
      73, 60, 59, -1,
      119, 150, 118, -1,
      118, 150, 151, -1,
      104, 92, 105, -1,
      105, 92, 91, -1,
      15, 14, 152, -1,
      152, 14, 153, -1,
      152, 153, 154, -1,
      155, 156, 157, -1,
      157, 156, 152, -1,
      157, 152, 158, -1,
      158, 152, 154, -1,
      27, 1, 26, -1,
      26, 1, 0, -1,
      40, 41, 159, -1,
      159, 41, 160, -1,
      159, 160, 161, -1,
      161, 160, 162, -1,
      163, 164, 160, -1,
      160, 164, 165, -1,
      160, 165, 162, -1,
      55, 29, 54, -1,
      54, 29, 28, -1,
      166, 167, 168, -1,
      168, 167, 169, -1,
      167, 166, 121, -1,
      121, 166, 170, -1,
      121, 170, 122, -1,
      122, 170, 124, -1,
      170, 171, 124, -1,
      124, 171, 172, -1,
      124, 172, 126, -1,
      126, 172, 173, -1,
      12, 13, 174, -1,
      174, 13, 132, -1,
      174, 132, 175, -1,
      175, 132, 130, -1,
      175, 130, 173, -1,
      173, 130, 128, -1,
      173, 128, 126, -1,
      166, 168, 170, -1,
      170, 168, 176, -1,
      177, 178, 176, -1,
      133, 43, 42, -1,
      168, 169, 176, -1,
      176, 169, 120, -1,
      42, 179, 133, -1,
      133, 179, 180, -1,
      133, 180, 131, -1,
      131, 180, 181, -1,
      120, 123, 176, -1,
      176, 123, 125, -1,
      176, 125, 177, -1,
      177, 125, 127, -1,
      177, 127, 181, -1,
      181, 127, 129, -1,
      181, 129, 131, -1,
      182, 183, 184, -1,
      184, 183, 185, -1,
      185, 183, 186, -1,
      186, 183, 187, -1,
      183, 182, 187, -1,
      187, 182, 146, -1,
      187, 146, 144, -1,
      144, 142, 187, -1,
      187, 142, 140, -1,
      187, 140, 138, -1,
      97, 96, 135, -1,
      135, 96, 187, -1,
      135, 187, 136, -1,
      136, 187, 138, -1,
      186, 86, 87, -1,
      184, 185, 147, -1,
      147, 185, 186, -1,
      147, 186, 145, -1,
      87, 134, 186, -1,
      186, 134, 137, -1,
      186, 137, 139, -1,
      139, 141, 186, -1,
      186, 141, 143, -1,
      186, 143, 145, -1,
      188, 189, 190, -1,
      188, 190, 191, -1,
      191, 190, 192, -1,
      191, 192, 193, -1,
      193, 192, 194, -1,
      193, 194, 195, -1,
      195, 194, 196, -1,
      195, 196, 197, -1,
      197, 196, 198, -1,
      197, 198, 199, -1,
      199, 198, 200, -1,
      199, 200, 201, -1,
      202, 203, 204, -1,
      202, 204, 205, -1,
      205, 204, 206, -1,
      205, 206, 207, -1,
      207, 206, 208, -1,
      207, 208, 209, -1,
      209, 208, 210, -1,
      209, 210, 211, -1,
      211, 210, 212, -1,
      211, 212, 213, -1,
      213, 212, 214, -1,
      213, 214, 215, -1,
      216, 217, 218, -1,
      218, 217, 219, -1,
      218, 219, 220, -1,
      220, 219, 221, -1,
      220, 221, 222, -1,
      222, 221, 223, -1,
      222, 223, 224, -1,
      224, 223, 225, -1,
      224, 225, 226, -1,
      226, 225, 227, -1,
      226, 227, 228, -1,
      228, 227, 229, -1,
      230, 231, 232, -1,
      230, 232, 233, -1,
      234, 235, 236, -1,
      236, 235, 237, -1,
      236, 237, 238, -1,
      238, 237, 239, -1,
      238, 239, 240, -1,
      240, 239, 241, -1,
      240, 241, 242, -1,
      242, 241, 243, -1,
      242, 243, 244, -1,
      244, 243, 245, -1,
      244, 245, 232, -1,
      232, 245, 246, -1,
      232, 246, 233, -1,
      247, 248, 249, -1,
      250, 251, 252, -1,
      252, 251, 253, -1,
      252, 253, 254, -1,
      254, 253, 255, -1,
      254, 255, 256, -1,
      256, 255, 257, -1,
      256, 257, 258, -1,
      258, 257, 259, -1,
      258, 259, 260, -1,
      260, 259, 261, -1,
      260, 261, 262, -1,
      262, 261, 247, -1,
      262, 247, 263, -1,
      263, 247, 249, -1,
      264, 265, 266, -1,
      266, 265, 267, -1,
      266, 267, 268, -1,
      268, 267, 269, -1,
      268, 269, 270, -1,
      270, 269, 271, -1,
      270, 271, 272, -1,
      272, 271, 273, -1,
      272, 273, 274, -1,
      274, 273, 275, -1,
      274, 275, 276, -1,
      276, 275, 277, -1,
      264, 278, 265, -1,
      265, 278, 279, -1,
      215, 280, 276, -1,
      276, 277, 202, -1,
      209, 211, 276, -1,
      276, 211, 213, -1,
      276, 213, 215, -1,
      202, 205, 276, -1,
      276, 205, 207, -1,
      276, 207, 209, -1,
      201, 217, 216, -1,
      216, 281, 188, -1,
      188, 191, 216, -1,
      216, 191, 193, -1,
      216, 193, 195, -1,
      195, 197, 216, -1,
      216, 197, 199, -1,
      216, 199, 201, -1,
      229, 282, 228, -1,
      228, 282, 283, -1,
      284, 232, 231, -1,
      285, 286, 287, -1,
      287, 286, 284, -1,
      287, 284, 288, -1,
      288, 284, 231, -1,
      289, 290, 189, -1,
      189, 290, 291, -1,
      189, 291, 190, -1,
      190, 291, 192, -1,
      235, 234, 291, -1,
      291, 234, 200, -1,
      291, 200, 198, -1,
      198, 196, 291, -1,
      291, 196, 194, -1,
      291, 194, 192, -1,
      292, 293, 294, -1,
      248, 247, 295, -1,
      295, 247, 292, -1,
      295, 292, 296, -1,
      296, 292, 294, -1,
      251, 250, 203, -1,
      203, 250, 297, -1,
      203, 297, 204, -1,
      204, 297, 206, -1,
      298, 299, 297, -1,
      297, 299, 214, -1,
      297, 214, 212, -1,
      212, 210, 297, -1,
      297, 210, 208, -1,
      297, 208, 206, -1,
      284, 286, 160, -1,
      160, 286, 163, -1,
      279, 278, 150, -1,
      150, 278, 151, -1,
      300, 301, 302, -1,
      302, 301, 303, -1,
      302, 303, 304, -1,
      304, 303, 305, -1,
      304, 305, 306, -1,
      306, 305, 307, -1,
      306, 307, 308, -1,
      308, 307, 309, -1,
      308, 309, 310, -1,
      310, 309, 311, -1,
      310, 311, 312, -1,
      312, 311, 313, -1,
      314, 315, 316, -1,
      316, 315, 317, -1,
      316, 317, 318, -1,
      318, 317, 319, -1,
      318, 319, 320, -1,
      320, 319, 321, -1,
      320, 321, 322, -1,
      322, 321, 323, -1,
      322, 323, 324, -1,
      324, 323, 325, -1,
      324, 325, 326, -1,
      326, 325, 327, -1,
      328, 329, 330, -1,
      330, 329, 331, -1,
      330, 331, 332, -1,
      332, 331, 333, -1,
      332, 333, 334, -1,
      334, 333, 335, -1,
      334, 335, 336, -1,
      336, 335, 337, -1,
      336, 337, 338, -1,
      338, 337, 339, -1,
      338, 339, 340, -1,
      340, 339, 341, -1,
      342, 343, 344, -1,
      344, 343, 345, -1,
      344, 345, 346, -1,
      346, 345, 347, -1,
      346, 347, 348, -1,
      348, 347, 349, -1,
      348, 349, 350, -1,
      350, 349, 351, -1,
      350, 351, 352, -1,
      352, 351, 353, -1,
      352, 353, 354, -1,
      354, 353, 355, -1,
      342, 340, 343, -1,
      343, 340, 341, -1,
      355, 301, 354, -1,
      354, 301, 300, -1,
      314, 312, 315, -1,
      315, 312, 313, -1,
      328, 326, 329, -1,
      329, 326, 327, -1,
      356, 357, 358, -1,
      358, 357, 359, -1,
      358, 359, 360, -1,
      360, 359, 361, -1,
      360, 361, 362, -1,
      362, 361, 363, -1,
      362, 363, 364, -1,
      365, 366, 367, -1,
      368, 369, 370, -1,
      370, 369, 371, -1,
      370, 371, 372, -1,
      372, 371, 373, -1,
      372, 373, 374, -1,
      374, 373, 375, -1,
      374, 375, 376, -1,
      376, 375, 377, -1,
      376, 377, 378, -1,
      378, 377, 379, -1,
      378, 379, 363, -1,
      363, 379, 380, -1,
      363, 380, 364, -1,
      368, 370, 367, -1,
      367, 370, 381, -1,
      367, 381, 365, -1,
      382, 383, 384, -1,
      384, 385, 382, -1,
      382, 385, 386, -1,
      382, 386, 387, -1,
      388, 389, 390, -1,
      383, 391, 384, -1,
      384, 391, 392, -1,
      384, 392, 390, -1,
      390, 392, 393, -1,
      390, 393, 388, -1,
      394, 395, 396, -1,
      389, 388, 395, -1,
      395, 388, 397, -1,
      395, 397, 396, -1,
      398, 399, 396, -1,
      396, 399, 400, -1,
      396, 400, 394, -1,
      401, 402, 403, -1,
      403, 402, 404, -1,
      403, 404, 405, -1,
      405, 404, 406, -1,
      405, 406, 398, -1,
      398, 406, 407, -1,
      398, 407, 399, -1,
      408, 409, 410, -1,
      409, 408, 411, -1,
      411, 408, 412, -1,
      411, 412, 413, -1,
      413, 414, 411, -1,
      411, 414, 415, -1,
      411, 415, 416, -1,
      410, 417, 408, -1,
      408, 417, 418, -1,
      408, 418, 419, -1,
      419, 418, 420, -1,
      419, 420, 421, -1,
      421, 420, 422, -1,
      423, 424, 425, -1,
      426, 425, 427, -1,
      427, 425, 428, -1,
      420, 423, 422, -1,
      422, 423, 425, -1,
      422, 425, 429, -1,
      429, 425, 426, -1,
      429, 426, 430, -1,
      428, 431, 427, -1,
      427, 431, 432, -1,
      427, 432, 433, -1,
      433, 432, 434, -1,
      433, 434, 435, -1,
      435, 434, 436, -1,
      435, 436, 437, -1,
      438, 439, 437, -1,
      437, 439, 440, -1,
      440, 441, 437, -1,
      437, 441, 442, -1,
      437, 442, 435, -1,
      443, 444, 445, -1,
      446, 447, 448, -1,
      448, 447, 449, -1,
      448, 449, 450, -1,
      445, 444, 451, -1,
      446, 448, 452, -1,
      452, 448, 453, -1,
      452, 453, 454, -1,
      451, 444, 454, -1,
      454, 444, 455, -1,
      454, 455, 452, -1,
      456, 457, 458, -1,
      456, 458, 459, -1,
      459, 458, 460, -1,
      459, 460, 445, -1,
      445, 460, 461, -1,
      445, 461, 443, -1,
      462, 463, 464, -1,
      464, 463, 465, -1,
      466, 458, 467, -1,
      467, 458, 457, -1,
      467, 457, 465, -1,
      465, 457, 468, -1,
      465, 468, 464, -1,
      469, 470, 462, -1,
      462, 470, 471, -1,
      462, 471, 463, -1,
      469, 462, 472, -1,
      472, 462, 473, -1,
      472, 473, 474, -1,
      474, 475, 472, -1,
      472, 475, 476, -1,
      472, 476, 477, -1,
      450, 382, 448, -1,
      448, 382, 387, -1,
      438, 367, 439, -1,
      439, 367, 366, -1,
      478, 479, 480, -1,
      481, 482, 483, -1,
      484, 485, 486, -1,
      487, 291, 482, -1,
      482, 291, 290, -1,
      482, 290, 483, -1,
      488, 489, 490, -1,
      491, 492, 493, -1,
      494, 495, 483, -1,
      483, 495, 496, -1,
      483, 496, 481, -1,
      485, 497, 486, -1,
      486, 497, 498, -1,
      486, 498, 499, -1,
      499, 498, 500, -1,
      499, 500, 501, -1,
      501, 502, 499, -1,
      499, 502, 503, -1,
      499, 503, 504, -1,
      479, 505, 291, -1,
      291, 505, 506, -1,
      488, 490, 507, -1,
      507, 490, 508, -1,
      507, 508, 491, -1,
      509, 510, 511, -1,
      512, 494, 513, -1,
      513, 494, 483, -1,
      513, 483, 486, -1,
      486, 483, 514, -1,
      486, 514, 484, -1,
      487, 515, 291, -1,
      291, 515, 516, -1,
      291, 516, 479, -1,
      479, 516, 517, -1,
      517, 518, 479, -1,
      479, 518, 519, -1,
      479, 519, 520, -1,
      520, 521, 479, -1,
      479, 521, 522, -1,
      479, 522, 480, -1,
      506, 523, 291, -1,
      291, 523, 524, -1,
      291, 524, 525, -1,
      525, 524, 526, -1,
      525, 526, 527, -1,
      528, 529, 530, -1,
      531, 532, 491, -1,
      491, 532, 533, -1,
      491, 533, 507, -1,
      527, 534, 525, -1,
      525, 534, 511, -1,
      525, 511, 535, -1,
      535, 511, 510, -1,
      478, 480, 536, -1,
      536, 480, 537, -1,
      536, 537, 538, -1,
      539, 540, 541, -1,
      541, 540, 536, -1,
      541, 536, 542, -1,
      542, 536, 538, -1,
      493, 543, 491, -1,
      491, 543, 544, -1,
      491, 544, 531, -1,
      531, 544, 545, -1,
      531, 545, 530, -1,
      530, 545, 546, -1,
      530, 546, 528, -1,
      509, 511, 547, -1,
      547, 511, 548, -1,
      547, 548, 549, -1,
      550, 551, 552, -1,
      552, 553, 550, -1,
      550, 553, 554, -1,
      550, 554, 555, -1,
      499, 556, 557, -1,
      557, 556, 558, -1,
      492, 559, 493, -1,
      493, 559, 560, -1,
      493, 560, 561, -1,
      561, 560, 547, -1,
      561, 547, 562, -1,
      562, 547, 549, -1,
      551, 550, 504, -1,
      504, 550, 563, -1,
      504, 563, 499, -1,
      499, 563, 564, -1,
      499, 564, 556, -1,
      565, 566, 558, -1,
      558, 566, 567, -1,
      558, 567, 557, -1,
      110, 568, 108, -1,
      108, 568, 569, -1,
      106, 108, 569, -1,
      56, 62, 357, -1,
      252, 254, 402, -1,
      74, 401, 72, -1,
      72, 401, 357, -1,
      72, 357, 60, -1,
      60, 357, 62, -1,
      76, 88, 74, -1,
      74, 88, 94, -1,
      74, 94, 401, -1,
      401, 94, 92, -1,
      401, 92, 104, -1,
      252, 402, 250, -1,
      254, 256, 402, -1,
      402, 256, 16, -1,
      402, 16, 18, -1,
      104, 106, 401, -1,
      401, 106, 569, -1,
      401, 569, 402, -1,
      402, 569, 297, -1,
      402, 297, 250, -1,
      18, 20, 402, -1,
      402, 20, 22, -1,
      402, 22, 24, -1,
      34, 36, 356, -1,
      356, 239, 237, -1,
      260, 262, 153, -1,
      239, 356, 241, -1,
      241, 356, 36, -1,
      241, 36, 38, -1,
      237, 235, 356, -1,
      356, 235, 291, -1,
      356, 291, 357, -1,
      357, 291, 525, -1,
      357, 525, 56, -1,
      256, 258, 16, -1,
      16, 258, 260, -1,
      16, 260, 14, -1,
      14, 260, 153, -1,
      28, 30, 356, -1,
      356, 30, 32, -1,
      356, 32, 34, -1,
      24, 26, 402, -1,
      402, 26, 0, -1,
      402, 0, 356, -1,
      356, 0, 2, -1,
      356, 2, 4, -1,
      6, 8, 50, -1,
      50, 8, 10, -1,
      50, 10, 48, -1,
      159, 246, 40, -1,
      40, 246, 245, -1,
      40, 245, 38, -1,
      38, 245, 243, -1,
      38, 243, 241, -1,
      6, 50, 4, -1,
      4, 50, 52, -1,
      4, 52, 356, -1,
      356, 52, 54, -1,
      356, 54, 28, -1,
      12, 174, 179, -1,
      179, 42, 12, -1,
      12, 42, 44, -1,
      12, 44, 10, -1,
      10, 44, 46, -1,
      10, 46, 48, -1,
      161, 230, 159, -1,
      159, 230, 233, -1,
      159, 233, 246, -1,
      162, 288, 161, -1,
      161, 288, 231, -1,
      161, 231, 230, -1,
      287, 288, 165, -1,
      165, 288, 162, -1,
      285, 287, 164, -1,
      164, 287, 165, -1,
      570, 571, 297, -1,
      572, 573, 574, -1,
      575, 576, 297, -1,
      575, 297, 577, -1,
      578, 579, 580, -1,
      580, 579, 581, -1,
      580, 581, 582, -1,
      574, 573, 583, -1,
      583, 573, 584, -1,
      583, 584, 585, -1,
      586, 574, 587, -1,
      587, 574, 588, -1,
      569, 589, 590, -1,
      591, 592, 571, -1,
      571, 592, 298, -1,
      571, 298, 297, -1,
      593, 594, 574, -1,
      574, 594, 595, -1,
      596, 576, 597, -1,
      597, 576, 598, -1,
      597, 598, 599, -1,
      599, 598, 600, -1,
      599, 600, 601, -1,
      591, 602, 592, -1,
      592, 602, 603, -1,
      592, 603, 604, -1,
      589, 569, 605, -1,
      605, 569, 568, -1,
      605, 568, 606, -1,
      586, 607, 574, -1,
      574, 607, 608, -1,
      574, 608, 609, -1,
      609, 610, 574, -1,
      574, 610, 611, -1,
      574, 611, 612, -1,
      590, 613, 569, -1,
      569, 613, 614, -1,
      569, 614, 297, -1,
      297, 614, 615, -1,
      297, 615, 577, -1,
      578, 616, 579, -1,
      579, 616, 617, -1,
      579, 617, 618, -1,
      618, 617, 592, -1,
      618, 592, 619, -1,
      619, 592, 604, -1,
      612, 620, 574, -1,
      574, 620, 621, -1,
      574, 621, 622, -1,
      622, 623, 574, -1,
      574, 623, 624, -1,
      574, 624, 593, -1,
      595, 625, 574, -1,
      574, 625, 626, -1,
      574, 626, 627, -1,
      627, 628, 574, -1,
      574, 628, 629, -1,
      574, 629, 572, -1,
      630, 631, 632, -1,
      632, 631, 633, -1,
      606, 634, 605, -1,
      605, 634, 635, -1,
      605, 635, 636, -1,
      636, 635, 637, -1,
      638, 639, 600, -1,
      600, 639, 640, -1,
      600, 640, 601, -1,
      596, 641, 576, -1,
      576, 641, 642, -1,
      576, 642, 297, -1,
      297, 642, 643, -1,
      297, 643, 570, -1,
      582, 581, 632, -1,
      632, 581, 644, -1,
      632, 644, 630, -1,
      633, 645, 632, -1,
      632, 645, 646, -1,
      632, 646, 647, -1,
      648, 637, 649, -1,
      649, 637, 635, -1,
      649, 635, 584, -1,
      584, 635, 650, -1,
      584, 650, 585, -1,
      651, 652, 653, -1,
      653, 652, 654, -1,
      653, 654, 655, -1,
      647, 656, 632, -1,
      632, 656, 653, -1,
      632, 653, 657, -1,
      657, 653, 655, -1,
      658, 659, 653, -1,
      653, 659, 660, -1,
      653, 660, 651, -1,
      661, 662, 663, -1,
      663, 662, 664, -1,
      663, 664, 653, -1,
      653, 664, 665, -1,
      653, 665, 658, -1,
      359, 357, 401, -1,
      359, 401, 361, -1,
      398, 396, 363, -1,
      363, 393, 378, -1,
      378, 393, 376, -1,
      398, 363, 405, -1,
      396, 397, 363, -1,
      363, 397, 388, -1,
      363, 388, 393, -1,
      361, 401, 363, -1,
      363, 401, 403, -1,
      363, 403, 405, -1,
      392, 391, 381, -1,
      381, 370, 392, -1,
      392, 370, 372, -1,
      392, 372, 393, -1,
      393, 372, 374, -1,
      393, 374, 376, -1,
      439, 366, 391, -1,
      391, 366, 365, -1,
      391, 365, 381, -1,
      441, 383, 382, -1,
      382, 450, 441, -1,
      441, 450, 449, -1,
      441, 449, 447, -1,
      383, 441, 391, -1,
      391, 441, 440, -1,
      391, 440, 439, -1,
      455, 433, 452, -1,
      452, 433, 435, -1,
      447, 446, 441, -1,
      441, 446, 452, -1,
      441, 452, 442, -1,
      442, 452, 435, -1,
      443, 461, 444, -1,
      444, 461, 430, -1,
      433, 455, 427, -1,
      427, 455, 444, -1,
      427, 444, 426, -1,
      426, 444, 430, -1,
      461, 460, 458, -1,
      466, 421, 458, -1,
      458, 421, 422, -1,
      458, 422, 461, -1,
      461, 422, 429, -1,
      461, 429, 430, -1,
      421, 466, 467, -1,
      467, 465, 421, -1,
      421, 465, 463, -1,
      421, 463, 419, -1,
      419, 463, 408, -1,
      463, 471, 470, -1,
      470, 469, 463, -1,
      463, 469, 472, -1,
      463, 472, 408, -1,
      408, 472, 416, -1,
      408, 416, 415, -1,
      415, 414, 408, -1,
      408, 414, 413, -1,
      408, 413, 412, -1,
      322, 324, 416, -1,
      416, 324, 326, -1,
      416, 326, 411, -1,
      411, 326, 328, -1,
      411, 328, 330, -1,
      302, 304, 472, -1,
      472, 304, 306, -1,
      472, 306, 308, -1,
      344, 346, 477, -1,
      477, 346, 348, -1,
      477, 348, 350, -1,
      350, 352, 477, -1,
      477, 352, 354, -1,
      477, 354, 472, -1,
      472, 354, 300, -1,
      472, 300, 302, -1,
      316, 318, 416, -1,
      416, 318, 320, -1,
      416, 320, 322, -1,
      330, 332, 411, -1,
      411, 332, 334, -1,
      411, 334, 336, -1,
      308, 310, 472, -1,
      472, 310, 312, -1,
      472, 312, 416, -1,
      416, 312, 314, -1,
      416, 314, 316, -1,
      336, 338, 411, -1,
      411, 338, 340, -1,
      411, 340, 477, -1,
      477, 340, 342, -1,
      477, 342, 344, -1,
      468, 424, 423, -1,
      423, 420, 468, -1,
      468, 420, 418, -1,
      468, 418, 464, -1,
      464, 418, 462, -1,
      418, 417, 410, -1,
      410, 409, 418, -1,
      418, 409, 411, -1,
      418, 411, 462, -1,
      462, 411, 477, -1,
      462, 477, 476, -1,
      476, 475, 462, -1,
      462, 475, 474, -1,
      462, 474, 473, -1,
      431, 428, 425, -1,
      424, 468, 425, -1,
      425, 468, 457, -1,
      425, 457, 431, -1,
      431, 457, 456, -1,
      431, 456, 459, -1,
      431, 459, 432, -1,
      432, 459, 445, -1,
      436, 434, 454, -1,
      454, 434, 432, -1,
      454, 432, 451, -1,
      451, 432, 445, -1,
      436, 454, 437, -1,
      437, 454, 453, -1,
      437, 453, 438, -1,
      438, 453, 448, -1,
      386, 385, 369, -1,
      438, 448, 367, -1,
      367, 448, 368, -1,
      368, 448, 369, -1,
      369, 448, 387, -1,
      369, 387, 386, -1,
      389, 395, 377, -1,
      384, 390, 373, -1,
      389, 377, 390, -1,
      390, 377, 375, -1,
      390, 375, 373, -1,
      384, 373, 385, -1,
      385, 373, 371, -1,
      385, 371, 369, -1,
      360, 402, 358, -1,
      358, 402, 356, -1,
      360, 362, 402, -1,
      402, 362, 364, -1,
      402, 364, 380, -1,
      394, 400, 380, -1,
      380, 400, 399, -1,
      380, 399, 407, -1,
      394, 380, 395, -1,
      395, 380, 379, -1,
      395, 379, 377, -1,
      407, 406, 380, -1,
      380, 406, 404, -1,
      380, 404, 402, -1,
      666, 667, 668, -1,
      668, 667, 669, -1,
      670, 671, 669, -1,
      669, 671, 672, -1,
      669, 672, 668, -1,
      669, 673, 670, -1,
      670, 673, 674, -1,
      670, 674, 675, -1,
      675, 674, 676, -1,
      675, 676, 677, -1,
      677, 676, 678, -1,
      677, 678, 679, -1,
      679, 678, 680, -1,
      681, 682, 683, -1,
      683, 682, 684, -1,
      683, 684, 685, -1,
      685, 684, 686, -1,
      685, 686, 680, -1,
      680, 686, 687, -1,
      680, 687, 679, -1,
      688, 689, 690, -1,
      688, 690, 691, -1,
      691, 690, 692, -1,
      691, 692, 693, -1,
      693, 692, 694, -1,
      693, 694, 695, -1,
      696, 697, 695, -1,
      695, 697, 698, -1,
      695, 698, 693, -1,
      699, 700, 701, -1,
      695, 702, 696, -1,
      696, 702, 699, -1,
      696, 699, 703, -1,
      703, 699, 701, -1,
      704, 705, 706, -1,
      706, 707, 704, -1,
      704, 707, 708, -1,
      704, 708, 709, -1,
      709, 708, 710, -1,
      709, 710, 700, -1,
      700, 710, 711, -1,
      700, 711, 701, -1,
      712, 713, 714, -1,
      715, 716, 717, -1,
      718, 719, 720, -1,
      720, 719, 721, -1,
      720, 721, 714, -1,
      714, 721, 715, -1,
      714, 715, 712, -1,
      722, 723, 724, -1,
      724, 723, 725, -1,
      724, 725, 726, -1,
      720, 727, 718, -1,
      718, 727, 728, -1,
      718, 728, 725, -1,
      725, 728, 729, -1,
      725, 729, 726, -1,
      730, 731, 732, -1,
      733, 730, 734, -1,
      734, 730, 732, -1,
      734, 732, 735, -1,
      735, 732, 736, -1,
      722, 724, 732, -1,
      732, 724, 737, -1,
      732, 737, 736, -1,
      738, 739, 740, -1,
      738, 740, 741, -1,
      715, 717, 712, -1,
      712, 717, 742, -1,
      712, 742, 740, -1,
      740, 742, 743, -1,
      740, 743, 741, -1,
      744, 745, 739, -1,
      739, 745, 746, -1,
      739, 746, 747, -1,
      747, 748, 739, -1,
      739, 748, 749, -1,
      739, 749, 740, -1,
      750, 751, 752, -1,
      753, 754, 755, -1,
      756, 757, 758, -1,
      758, 757, 759, -1,
      758, 759, 760, -1,
      761, 762, 763, -1,
      763, 762, 764, -1,
      763, 764, 765, -1,
      765, 764, 766, -1,
      758, 753, 756, -1,
      756, 753, 755, -1,
      756, 755, 767, -1,
      767, 755, 766, -1,
      767, 766, 768, -1,
      768, 766, 764, -1,
      761, 769, 762, -1,
      762, 769, 770, -1,
      762, 770, 771, -1,
      771, 770, 772, -1,
      773, 774, 775, -1,
      772, 770, 752, -1,
      752, 770, 773, -1,
      752, 773, 750, -1,
      776, 777, 778, -1,
      776, 778, 779, -1,
      773, 775, 750, -1,
      750, 775, 780, -1,
      750, 780, 778, -1,
      778, 780, 781, -1,
      778, 781, 779, -1,
      782, 783, 777, -1,
      777, 783, 784, -1,
      777, 784, 785, -1,
      785, 786, 777, -1,
      777, 786, 787, -1,
      777, 787, 778, -1,
      788, 706, 705, -1,
      788, 705, 760, -1,
      760, 705, 789, -1,
      760, 789, 758, -1,
      790, 733, 734, -1,
      790, 734, 666, -1,
      666, 734, 791, -1,
      666, 791, 667, -1,
      792, 793, 189, -1,
      794, 795, 796, -1,
      797, 798, 189, -1,
      797, 189, 799, -1,
      800, 801, 802, -1,
      802, 801, 803, -1,
      802, 803, 804, -1,
      804, 803, 805, -1,
      796, 795, 806, -1,
      806, 795, 807, -1,
      806, 807, 808, -1,
      188, 809, 810, -1,
      811, 812, 793, -1,
      793, 812, 289, -1,
      793, 289, 189, -1,
      796, 813, 814, -1,
      814, 813, 815, -1,
      814, 815, 816, -1,
      816, 815, 817, -1,
      818, 798, 819, -1,
      819, 798, 820, -1,
      819, 820, 821, -1,
      821, 820, 822, -1,
      821, 822, 823, -1,
      824, 825, 805, -1,
      811, 826, 812, -1,
      812, 826, 827, -1,
      812, 827, 828, -1,
      809, 188, 829, -1,
      829, 188, 281, -1,
      829, 281, 830, -1,
      814, 831, 796, -1,
      796, 831, 832, -1,
      796, 832, 794, -1,
      794, 832, 833, -1,
      794, 833, 834, -1,
      834, 833, 835, -1,
      810, 836, 188, -1,
      188, 836, 837, -1,
      188, 837, 189, -1,
      189, 837, 838, -1,
      189, 838, 799, -1,
      800, 839, 801, -1,
      801, 839, 840, -1,
      801, 840, 841, -1,
      841, 840, 812, -1,
      841, 812, 842, -1,
      842, 812, 828, -1,
      830, 843, 829, -1,
      829, 843, 844, -1,
      829, 844, 845, -1,
      845, 844, 846, -1,
      847, 848, 835, -1,
      835, 848, 849, -1,
      835, 849, 834, -1,
      850, 851, 822, -1,
      822, 851, 852, -1,
      822, 852, 823, -1,
      818, 853, 798, -1,
      798, 853, 854, -1,
      798, 854, 189, -1,
      189, 854, 855, -1,
      189, 855, 792, -1,
      856, 857, 858, -1,
      859, 825, 860, -1,
      860, 825, 861, -1,
      859, 862, 825, -1,
      825, 862, 863, -1,
      825, 863, 805, -1,
      864, 846, 865, -1,
      865, 846, 844, -1,
      865, 844, 807, -1,
      807, 844, 866, -1,
      807, 866, 808, -1,
      824, 805, 867, -1,
      867, 805, 803, -1,
      867, 803, 868, -1,
      868, 803, 869, -1,
      868, 869, 858, -1,
      858, 869, 870, -1,
      858, 870, 856, -1,
      852, 851, 541, -1,
      541, 851, 539, -1,
      851, 850, 539, -1,
      539, 850, 540, -1,
      850, 822, 540, -1,
      540, 822, 536, -1,
      838, 523, 506, -1,
      838, 506, 799, -1,
      799, 506, 505, -1,
      799, 505, 797, -1,
      797, 505, 479, -1,
      797, 479, 798, -1,
      798, 479, 478, -1,
      798, 478, 820, -1,
      820, 478, 536, -1,
      820, 536, 822, -1,
      838, 837, 523, -1,
      523, 837, 524, -1,
      837, 836, 524, -1,
      524, 836, 526, -1,
      836, 810, 526, -1,
      526, 810, 527, -1,
      810, 809, 527, -1,
      527, 809, 534, -1,
      809, 829, 534, -1,
      534, 829, 511, -1,
      829, 845, 511, -1,
      511, 845, 548, -1,
      548, 845, 549, -1,
      549, 845, 846, -1,
      549, 846, 562, -1,
      562, 846, 864, -1,
      562, 864, 561, -1,
      561, 864, 865, -1,
      561, 865, 493, -1,
      493, 865, 807, -1,
      493, 807, 543, -1,
      543, 807, 795, -1,
      543, 795, 544, -1,
      544, 795, 794, -1,
      833, 531, 530, -1,
      833, 530, 835, -1,
      835, 530, 529, -1,
      835, 529, 847, -1,
      847, 529, 528, -1,
      847, 528, 848, -1,
      848, 528, 546, -1,
      848, 546, 849, -1,
      849, 546, 545, -1,
      849, 545, 834, -1,
      834, 545, 544, -1,
      834, 544, 794, -1,
      531, 833, 532, -1,
      532, 833, 832, -1,
      532, 832, 533, -1,
      533, 832, 831, -1,
      813, 508, 490, -1,
      813, 490, 815, -1,
      815, 490, 489, -1,
      815, 489, 817, -1,
      817, 489, 488, -1,
      817, 488, 816, -1,
      816, 488, 507, -1,
      816, 507, 814, -1,
      814, 507, 533, -1,
      814, 533, 831, -1,
      813, 796, 508, -1,
      508, 796, 491, -1,
      843, 509, 547, -1,
      843, 547, 844, -1,
      844, 547, 560, -1,
      844, 560, 866, -1,
      866, 560, 559, -1,
      866, 559, 808, -1,
      808, 559, 492, -1,
      808, 492, 806, -1,
      806, 492, 491, -1,
      806, 491, 796, -1,
      843, 830, 509, -1,
      509, 830, 510, -1,
      830, 281, 510, -1,
      510, 281, 535, -1,
      682, 261, 259, -1,
      682, 259, 688, -1,
      259, 257, 688, -1,
      688, 257, 255, -1,
      688, 255, 253, -1,
      21, 19, 261, -1,
      15, 152, 292, -1,
      253, 251, 688, -1,
      688, 251, 203, -1,
      688, 203, 689, -1,
      689, 203, 202, -1,
      689, 202, 277, -1,
      234, 236, 682, -1,
      19, 17, 261, -1,
      261, 17, 15, -1,
      261, 15, 247, -1,
      247, 15, 292, -1,
      279, 150, 265, -1,
      265, 150, 119, -1,
      265, 119, 267, -1,
      267, 119, 117, -1,
      267, 117, 115, -1,
      71, 69, 227, -1,
      681, 221, 219, -1,
      244, 37, 35, -1,
      65, 149, 282, -1,
      115, 113, 267, -1,
      267, 113, 109, -1,
      267, 109, 107, -1,
      219, 217, 681, -1,
      681, 217, 201, -1,
      681, 201, 682, -1,
      682, 201, 200, -1,
      682, 200, 234, -1,
      47, 5, 49, -1,
      49, 5, 51, -1,
      284, 160, 232, -1,
      232, 160, 41, -1,
      232, 41, 244, -1,
      244, 41, 39, -1,
      244, 39, 37, -1,
      69, 67, 227, -1,
      227, 67, 65, -1,
      227, 65, 229, -1,
      229, 65, 282, -1,
      105, 91, 871, -1,
      871, 91, 93, -1,
      871, 93, 95, -1,
      11, 9, 47, -1,
      47, 9, 7, -1,
      47, 7, 5, -1,
      99, 872, 101, -1,
      101, 872, 871, -1,
      101, 871, 103, -1,
      103, 871, 95, -1,
      236, 238, 682, -1,
      682, 238, 240, -1,
      682, 240, 242, -1,
      43, 133, 132, -1,
      277, 275, 689, -1,
      689, 275, 273, -1,
      689, 273, 873, -1,
      873, 273, 271, -1,
      873, 271, 874, -1,
      874, 271, 269, -1,
      874, 269, 875, -1,
      875, 269, 267, -1,
      875, 267, 871, -1,
      871, 267, 107, -1,
      871, 107, 105, -1,
      97, 135, 134, -1,
      5, 3, 51, -1,
      51, 3, 1, -1,
      51, 1, 53, -1,
      53, 1, 682, -1,
      1, 27, 682, -1,
      682, 27, 25, -1,
      682, 25, 261, -1,
      261, 25, 23, -1,
      261, 23, 21, -1,
      47, 45, 11, -1,
      11, 45, 43, -1,
      11, 43, 13, -1,
      13, 43, 132, -1,
      83, 99, 85, -1,
      85, 99, 97, -1,
      85, 97, 87, -1,
      87, 97, 134, -1,
      35, 33, 244, -1,
      244, 33, 31, -1,
      244, 31, 242, -1,
      242, 31, 29, -1,
      242, 29, 682, -1,
      682, 29, 55, -1,
      682, 55, 53, -1,
      83, 81, 99, -1,
      99, 81, 77, -1,
      99, 77, 872, -1,
      872, 77, 75, -1,
      75, 73, 872, -1,
      872, 73, 59, -1,
      872, 59, 61, -1,
      221, 681, 223, -1,
      223, 681, 872, -1,
      223, 872, 225, -1,
      225, 872, 61, -1,
      225, 61, 227, -1,
      227, 61, 63, -1,
      227, 63, 71, -1,
      289, 812, 290, -1,
      290, 812, 483, -1,
      500, 800, 501, -1,
      501, 800, 802, -1,
      501, 802, 502, -1,
      502, 802, 804, -1,
      502, 804, 503, -1,
      500, 498, 800, -1,
      800, 498, 497, -1,
      800, 497, 839, -1,
      483, 812, 514, -1,
      514, 812, 840, -1,
      514, 840, 484, -1,
      484, 840, 839, -1,
      484, 839, 485, -1,
      485, 839, 497, -1,
      804, 805, 503, -1,
      503, 805, 504, -1,
      504, 805, 551, -1,
      551, 805, 863, -1,
      825, 550, 555, -1,
      825, 555, 861, -1,
      861, 555, 554, -1,
      861, 554, 860, -1,
      860, 554, 553, -1,
      860, 553, 859, -1,
      859, 553, 552, -1,
      859, 552, 862, -1,
      862, 552, 551, -1,
      862, 551, 863, -1,
      550, 825, 563, -1,
      563, 825, 824, -1,
      824, 867, 563, -1,
      563, 867, 564, -1,
      564, 867, 556, -1,
      556, 867, 868, -1,
      869, 557, 567, -1,
      869, 567, 870, -1,
      870, 567, 566, -1,
      870, 566, 856, -1,
      856, 566, 565, -1,
      856, 565, 857, -1,
      857, 565, 558, -1,
      857, 558, 858, -1,
      858, 558, 556, -1,
      858, 556, 868, -1,
      557, 869, 499, -1,
      499, 869, 803, -1,
      499, 803, 486, -1,
      486, 803, 801, -1,
      486, 801, 513, -1,
      513, 801, 841, -1,
      513, 841, 512, -1,
      512, 841, 842, -1,
      512, 842, 494, -1,
      494, 842, 828, -1,
      494, 828, 495, -1,
      495, 828, 827, -1,
      827, 826, 495, -1,
      495, 826, 496, -1,
      826, 811, 496, -1,
      496, 811, 481, -1,
      811, 793, 481, -1,
      481, 793, 482, -1,
      793, 792, 482, -1,
      482, 792, 487, -1,
      487, 792, 515, -1,
      515, 792, 855, -1,
      855, 854, 515, -1,
      515, 854, 516, -1,
      516, 854, 853, -1,
      852, 541, 542, -1,
      852, 542, 823, -1,
      823, 542, 538, -1,
      823, 538, 821, -1,
      821, 538, 537, -1,
      821, 537, 819, -1,
      819, 537, 480, -1,
      819, 480, 522, -1,
      522, 521, 819, -1,
      819, 521, 520, -1,
      819, 520, 818, -1,
      520, 519, 818, -1,
      818, 519, 518, -1,
      818, 518, 853, -1,
      853, 518, 517, -1,
      853, 517, 516, -1,
      876, 877, 878, -1,
      879, 880, 881, -1,
      878, 877, 882, -1,
      883, 884, 885, -1,
      877, 886, 882, -1,
      882, 886, 887, -1,
      882, 887, 888, -1,
      885, 884, 889, -1,
      889, 884, 890, -1,
      889, 890, 891, -1,
      892, 893, 894, -1,
      895, 896, 897, -1,
      898, 899, 881, -1,
      881, 899, 900, -1,
      881, 900, 879, -1,
      901, 214, 880, -1,
      880, 214, 299, -1,
      880, 299, 881, -1,
      885, 902, 214, -1,
      214, 902, 903, -1,
      892, 894, 904, -1,
      904, 894, 905, -1,
      904, 905, 895, -1,
      906, 907, 908, -1,
      909, 898, 910, -1,
      910, 898, 881, -1,
      910, 881, 878, -1,
      878, 881, 911, -1,
      878, 911, 876, -1,
      903, 912, 214, -1,
      214, 912, 913, -1,
      214, 913, 215, -1,
      215, 913, 914, -1,
      215, 914, 915, -1,
      916, 917, 918, -1,
      919, 920, 895, -1,
      895, 920, 921, -1,
      895, 921, 904, -1,
      915, 922, 215, -1,
      215, 922, 908, -1,
      215, 908, 280, -1,
      280, 908, 907, -1,
      923, 924, 925, -1,
      925, 926, 923, -1,
      923, 926, 927, -1,
      923, 927, 928, -1,
      882, 929, 930, -1,
      930, 929, 931, -1,
      901, 932, 214, -1,
      214, 932, 933, -1,
      214, 933, 885, -1,
      885, 933, 934, -1,
      885, 934, 883, -1,
      935, 936, 937, -1,
      937, 936, 891, -1,
      937, 891, 938, -1,
      938, 891, 890, -1,
      897, 939, 895, -1,
      895, 939, 940, -1,
      895, 940, 919, -1,
      919, 940, 941, -1,
      919, 941, 918, -1,
      918, 941, 942, -1,
      918, 942, 916, -1,
      906, 908, 943, -1,
      943, 908, 944, -1,
      943, 944, 945, -1,
      924, 923, 888, -1,
      888, 923, 946, -1,
      888, 946, 882, -1,
      882, 946, 947, -1,
      882, 947, 929, -1,
      896, 948, 897, -1,
      897, 948, 949, -1,
      897, 949, 950, -1,
      950, 949, 943, -1,
      950, 943, 951, -1,
      951, 943, 945, -1,
      952, 953, 931, -1,
      931, 953, 954, -1,
      931, 954, 930, -1,
      872, 681, 683, -1,
      685, 680, 955, -1,
      955, 680, 678, -1,
      678, 676, 955, -1,
      955, 676, 674, -1,
      955, 674, 673, -1,
      673, 669, 955, -1,
      955, 669, 667, -1,
      955, 667, 791, -1,
      694, 692, 873, -1,
      873, 692, 690, -1,
      873, 690, 689, -1,
      789, 705, 873, -1,
      873, 705, 704, -1,
      704, 709, 873, -1,
      873, 709, 700, -1,
      873, 700, 699, -1,
      699, 702, 873, -1,
      873, 702, 695, -1,
      873, 695, 694, -1,
      789, 873, 956, -1,
      956, 873, 874, -1,
      956, 874, 957, -1,
      957, 874, 875, -1,
      957, 875, 958, -1,
      958, 875, 871, -1,
      958, 871, 959, -1,
      959, 871, 872, -1,
      959, 872, 955, -1,
      955, 872, 683, -1,
      955, 683, 685, -1,
      957, 958, 754, -1,
      754, 958, 736, -1,
      758, 789, 956, -1,
      955, 791, 734, -1,
      957, 754, 956, -1,
      956, 754, 753, -1,
      956, 753, 758, -1,
      958, 959, 736, -1,
      736, 959, 955, -1,
      736, 955, 735, -1,
      735, 955, 734, -1,
      754, 736, 755, -1,
      755, 736, 766, -1,
      726, 765, 724, -1,
      724, 765, 766, -1,
      724, 766, 737, -1,
      737, 766, 736, -1,
      765, 726, 763, -1,
      763, 726, 761, -1,
      727, 769, 728, -1,
      728, 769, 761, -1,
      728, 761, 729, -1,
      729, 761, 726, -1,
      713, 774, 714, -1,
      714, 774, 773, -1,
      727, 720, 769, -1,
      769, 720, 714, -1,
      769, 714, 770, -1,
      770, 714, 773, -1,
      713, 712, 774, -1,
      774, 712, 740, -1,
      774, 740, 775, -1,
      775, 740, 780, -1,
      740, 749, 748, -1,
      780, 740, 781, -1,
      781, 740, 745, -1,
      781, 745, 782, -1,
      748, 747, 740, -1,
      740, 747, 746, -1,
      740, 746, 745, -1,
      777, 776, 782, -1,
      782, 776, 779, -1,
      782, 779, 781, -1,
      305, 303, 782, -1,
      782, 303, 301, -1,
      782, 301, 783, -1,
      783, 301, 355, -1,
      783, 355, 353, -1,
      353, 351, 783, -1,
      783, 351, 349, -1,
      783, 349, 347, -1,
      311, 309, 782, -1,
      782, 309, 307, -1,
      782, 307, 305, -1,
      325, 323, 745, -1,
      745, 323, 321, -1,
      745, 321, 319, -1,
      339, 337, 744, -1,
      744, 337, 335, -1,
      744, 335, 333, -1,
      347, 345, 783, -1,
      783, 345, 343, -1,
      783, 343, 744, -1,
      744, 343, 341, -1,
      744, 341, 339, -1,
      333, 331, 744, -1,
      744, 331, 329, -1,
      744, 329, 745, -1,
      745, 329, 327, -1,
      745, 327, 325, -1,
      319, 317, 745, -1,
      745, 317, 315, -1,
      745, 315, 782, -1,
      782, 315, 313, -1,
      782, 313, 311, -1,
      743, 751, 750, -1,
      743, 742, 751, -1,
      751, 742, 717, -1,
      751, 717, 716, -1,
      778, 787, 786, -1,
      750, 778, 743, -1,
      743, 778, 783, -1,
      743, 783, 744, -1,
      786, 785, 778, -1,
      778, 785, 784, -1,
      778, 784, 783, -1,
      739, 738, 744, -1,
      744, 738, 741, -1,
      744, 741, 743, -1,
      751, 716, 752, -1,
      752, 716, 715, -1,
      771, 772, 719, -1,
      719, 772, 752, -1,
      719, 752, 721, -1,
      721, 752, 715, -1,
      771, 719, 762, -1,
      762, 719, 718, -1,
      768, 764, 723, -1,
      723, 764, 762, -1,
      723, 762, 725, -1,
      725, 762, 718, -1,
      731, 757, 732, -1,
      732, 757, 722, -1,
      768, 723, 767, -1,
      767, 723, 722, -1,
      767, 722, 756, -1,
      756, 722, 757, -1,
      733, 790, 960, -1,
      961, 757, 962, -1,
      962, 757, 731, -1,
      962, 731, 960, -1,
      960, 731, 730, -1,
      960, 730, 733, -1,
      963, 788, 760, -1,
      961, 964, 757, -1,
      757, 964, 963, -1,
      757, 963, 759, -1,
      759, 963, 760, -1,
      672, 671, 965, -1,
      790, 666, 965, -1,
      965, 666, 668, -1,
      965, 668, 672, -1,
      710, 708, 966, -1,
      966, 708, 707, -1,
      966, 707, 706, -1,
      790, 965, 960, -1,
      960, 965, 967, -1,
      960, 967, 962, -1,
      962, 967, 968, -1,
      962, 968, 961, -1,
      961, 968, 969, -1,
      961, 969, 964, -1,
      964, 969, 966, -1,
      964, 966, 963, -1,
      963, 966, 706, -1,
      963, 706, 788, -1,
      675, 677, 688, -1,
      688, 677, 679, -1,
      688, 679, 687, -1,
      687, 686, 688, -1,
      688, 686, 684, -1,
      688, 684, 682, -1,
      693, 698, 966, -1,
      698, 697, 966, -1,
      966, 697, 696, -1,
      966, 696, 703, -1,
      703, 701, 966, -1,
      966, 701, 711, -1,
      966, 711, 710, -1,
      969, 688, 966, -1,
      966, 688, 691, -1,
      966, 691, 693, -1,
      969, 968, 688, -1,
      688, 968, 967, -1,
      688, 967, 675, -1,
      675, 967, 965, -1,
      675, 965, 670, -1,
      670, 965, 671, -1,
      639, 935, 640, -1,
      640, 935, 937, -1,
      638, 936, 639, -1,
      639, 936, 935, -1,
      600, 891, 638, -1,
      638, 891, 936, -1,
      615, 912, 903, -1,
      615, 903, 577, -1,
      577, 903, 902, -1,
      577, 902, 575, -1,
      575, 902, 885, -1,
      575, 885, 576, -1,
      576, 885, 889, -1,
      576, 889, 598, -1,
      598, 889, 891, -1,
      598, 891, 600, -1,
      614, 913, 615, -1,
      615, 913, 912, -1,
      613, 914, 614, -1,
      614, 914, 913, -1,
      590, 915, 613, -1,
      613, 915, 914, -1,
      589, 922, 590, -1,
      590, 922, 915, -1,
      605, 908, 589, -1,
      589, 908, 922, -1,
      636, 944, 605, -1,
      605, 944, 908, -1,
      945, 944, 637, -1,
      637, 944, 636, -1,
      951, 945, 648, -1,
      648, 945, 637, -1,
      950, 951, 649, -1,
      649, 951, 648, -1,
      897, 950, 584, -1,
      584, 950, 649, -1,
      939, 897, 573, -1,
      573, 897, 584, -1,
      940, 939, 572, -1,
      572, 939, 573, -1,
      622, 919, 623, -1,
      623, 919, 918, -1,
      623, 918, 624, -1,
      624, 918, 593, -1,
      593, 918, 917, -1,
      593, 917, 594, -1,
      594, 917, 595, -1,
      595, 917, 916, -1,
      595, 916, 625, -1,
      625, 916, 626, -1,
      626, 916, 942, -1,
      626, 942, 627, -1,
      627, 942, 628, -1,
      628, 942, 941, -1,
      628, 941, 629, -1,
      629, 941, 940, -1,
      629, 940, 572, -1,
      920, 919, 621, -1,
      621, 919, 622, -1,
      921, 920, 620, -1,
      620, 920, 621, -1,
      588, 905, 587, -1,
      587, 905, 894, -1,
      587, 894, 586, -1,
      586, 894, 607, -1,
      607, 894, 893, -1,
      607, 893, 608, -1,
      608, 893, 609, -1,
      609, 893, 892, -1,
      609, 892, 610, -1,
      610, 892, 611, -1,
      611, 892, 904, -1,
      611, 904, 612, -1,
      612, 904, 921, -1,
      612, 921, 620, -1,
      574, 895, 588, -1,
      588, 895, 905, -1,
      634, 906, 943, -1,
      634, 943, 635, -1,
      635, 943, 949, -1,
      635, 949, 650, -1,
      650, 949, 948, -1,
      650, 948, 585, -1,
      585, 948, 896, -1,
      585, 896, 583, -1,
      583, 896, 895, -1,
      583, 895, 574, -1,
      606, 907, 634, -1,
      634, 907, 906, -1,
      568, 280, 606, -1,
      606, 280, 907, -1,
      592, 881, 298, -1,
      298, 881, 299, -1,
      582, 887, 886, -1,
      582, 886, 580, -1,
      580, 886, 877, -1,
      580, 877, 578, -1,
      578, 877, 876, -1,
      578, 876, 616, -1,
      616, 876, 911, -1,
      616, 911, 617, -1,
      617, 911, 881, -1,
      617, 881, 592, -1,
      632, 888, 582, -1,
      582, 888, 887, -1,
      924, 888, 657, -1,
      657, 888, 632, -1,
      664, 923, 928, -1,
      660, 659, 927, -1,
      927, 659, 658, -1,
      927, 658, 928, -1,
      928, 658, 665, -1,
      928, 665, 664, -1,
      660, 927, 651, -1,
      651, 927, 926, -1,
      651, 926, 652, -1,
      652, 926, 654, -1,
      654, 926, 925, -1,
      654, 925, 655, -1,
      655, 925, 924, -1,
      655, 924, 657, -1,
      946, 923, 662, -1,
      662, 923, 664, -1,
      661, 947, 662, -1,
      662, 947, 946, -1,
      929, 947, 663, -1,
      663, 947, 661, -1,
      929, 663, 653, -1,
      644, 930, 630, -1,
      630, 930, 954, -1,
      630, 954, 631, -1,
      631, 954, 633, -1,
      633, 954, 645, -1,
      645, 954, 953, -1,
      645, 953, 646, -1,
      646, 953, 647, -1,
      647, 953, 952, -1,
      647, 952, 656, -1,
      656, 952, 653, -1,
      653, 952, 931, -1,
      653, 931, 929, -1,
      882, 930, 581, -1,
      581, 930, 644, -1,
      878, 882, 579, -1,
      579, 882, 581, -1,
      910, 878, 618, -1,
      618, 878, 579, -1,
      909, 910, 619, -1,
      619, 910, 618, -1,
      898, 909, 604, -1,
      604, 909, 619, -1,
      899, 898, 603, -1,
      603, 898, 604, -1,
      602, 900, 603, -1,
      603, 900, 899, -1,
      591, 879, 602, -1,
      602, 879, 900, -1,
      571, 880, 591, -1,
      591, 880, 879, -1,
      570, 901, 571, -1,
      571, 901, 880, -1,
      932, 901, 643, -1,
      643, 901, 570, -1,
      642, 933, 643, -1,
      643, 933, 932, -1,
      640, 937, 938, -1,
      640, 938, 601, -1,
      601, 938, 890, -1,
      601, 890, 599, -1,
      599, 890, 884, -1,
      599, 884, 597, -1,
      597, 884, 883, -1,
      597, 883, 596, -1,
      596, 883, 934, -1,
      596, 934, 641, -1,
      641, 934, 933, -1,
      641, 933, 642, -1,
      112, 114, 266, -1,
      268, 270, 110, -1,
      110, 270, 272, -1,
      268, 110, 266, -1,
      266, 110, 111, -1,
      266, 111, 112, -1,
      118, 151, 278, -1,
      114, 116, 266, -1,
      266, 116, 118, -1,
      266, 118, 264, -1,
      264, 118, 278, -1,
      280, 568, 276, -1,
      276, 568, 110, -1,
      276, 110, 274, -1,
      274, 110, 272, -1,
      163, 286, 164, -1,
      164, 286, 285, -1,
      293, 292, 156, -1,
      156, 292, 152, -1,
      120, 169, 121, -1,
      121, 169, 167, -1,
      283, 282, 148, -1,
      148, 282, 149, -1,
      146, 182, 147, -1,
      147, 182, 184, -1,
      56, 525, 57, -1,
      57, 525, 535, -1,
      78, 89, 76, -1,
      76, 89, 88, -1,
      249, 154, 263, -1,
      263, 154, 153, -1,
      263, 153, 262, -1,
      180, 179, 175, -1,
      175, 179, 174, -1,
      154, 249, 158, -1,
      158, 249, 248, -1,
      158, 248, 295, -1,
      181, 180, 173, -1,
      173, 180, 175, -1,
      295, 296, 158, -1,
      158, 296, 157, -1,
      177, 181, 172, -1,
      172, 181, 173, -1,
      296, 294, 157, -1,
      157, 294, 155, -1,
      178, 177, 171, -1,
      171, 177, 172, -1,
      220, 222, 57, -1,
      220, 57, 218, -1,
      226, 68, 70, -1,
      283, 148, 228, -1,
      228, 148, 64, -1,
      228, 64, 226, -1,
      226, 64, 66, -1,
      226, 66, 68, -1,
      222, 224, 57, -1,
      57, 224, 226, -1,
      57, 226, 58, -1,
      58, 226, 70, -1,
      218, 57, 216, -1,
      216, 57, 535, -1,
      216, 535, 281, -1,
      78, 98, 100, -1,
      100, 102, 78, -1,
      78, 102, 90, -1,
      78, 90, 89, -1,
      78, 79, 98, -1,
      98, 79, 80, -1,
      98, 80, 82, -1,
      86, 186, 187, -1,
      82, 84, 98, -1,
      98, 84, 86, -1,
      98, 86, 96, -1,
      96, 86, 187, -1,
      155, 294, 156, -1,
      156, 294, 293, -1,
      170, 176, 171, -1,
      171, 176, 178, -1,
      970, 971, 972, -1,
      972, 971, 973, -1,
      972, 973, 974, -1,
      974, 973, 975, -1,
      974, 975, 976, -1,
      977, 978, 979, -1,
      979, 978, 980, -1,
      979, 980, 981, -1,
      981, 980, 982, -1,
      981, 982, 983, -1,
      975, 984, 976, -1,
      976, 984, 985, -1,
      976, 985, 986, -1,
      986, 985, 987, -1,
      986, 987, 988, -1,
      988, 987, 989, -1,
      988, 989, 990, -1,
      990, 989, 991, -1,
      990, 991, 992, -1,
      992, 991, 993, -1,
      992, 993, 994, -1,
      994, 993, 983, -1,
      994, 983, 995, -1,
      995, 983, 982, -1,
      996, 997, 998, -1,
      998, 997, 999, -1,
      998, 999, 1000, -1,
      1000, 999, 1001, -1,
      1000, 1001, 1002, -1,
      1002, 1001, 1003, -1,
      1002, 1003, 1004, -1,
      1004, 1003, 1005, -1,
      1004, 1005, 1006, -1,
      1006, 1005, 1007, -1,
      1007, 1005, 1008, -1,
      1007, 1008, 1009, -1,
      1009, 1008, 1010, -1,
      1009, 1010, 1011, -1,
      1012, 1013, 1014, -1,
      1014, 1013, 1015, -1,
      1014, 1015, 1016, -1,
      1016, 1015, 1017, -1,
      1016, 1017, 1018, -1,
      1018, 1017, 1019, -1,
      1018, 1019, 1020, -1,
      1020, 1019, 1011, -1,
      1020, 1011, 1021, -1,
      1021, 1011, 1010, -1,
      973, 971, 1014, -1,
      1014, 971, 1012, -1,
      1010, 1008, 989, -1,
      989, 1008, 991, -1,
      999, 997, 979, -1,
      979, 997, 977, -1,
      997, 996, 977, -1,
      977, 996, 978, -1,
      980, 978, 998, -1,
      998, 978, 996, -1,
      1007, 1009, 990, -1,
      990, 1009, 988, -1,
      1015, 1013, 972, -1,
      972, 1013, 970, -1,
      1013, 1012, 970, -1,
      970, 1012, 971, -1,
      988, 1009, 986, -1,
      986, 1009, 1011, -1,
      986, 1011, 976, -1,
      976, 1011, 1019, -1,
      976, 1019, 974, -1,
      974, 1019, 1017, -1,
      974, 1017, 972, -1,
      972, 1017, 1015, -1,
      991, 1008, 993, -1,
      993, 1008, 1005, -1,
      993, 1005, 983, -1,
      983, 1005, 1003, -1,
      983, 1003, 981, -1,
      981, 1003, 1001, -1,
      981, 1001, 979, -1,
      979, 1001, 999, -1,
      980, 998, 1000, -1,
      980, 1000, 982, -1,
      982, 1000, 1002, -1,
      982, 1002, 995, -1,
      995, 1002, 1004, -1,
      995, 1004, 994, -1,
      994, 1004, 1006, -1,
      994, 1006, 992, -1,
      992, 1006, 1007, -1,
      992, 1007, 990, -1,
      1010, 989, 987, -1,
      1010, 987, 1021, -1,
      1021, 987, 985, -1,
      1021, 985, 1020, -1,
      1020, 985, 984, -1,
      1020, 984, 1018, -1,
      1018, 984, 975, -1,
      1018, 975, 1016, -1,
      1016, 975, 973, -1,
      1016, 973, 1014, -1,
      1022, 1023, 1024, -1,
      1024, 1023, 1025, -1,
      1023, 1026, 1025, -1,
      1025, 1026, 1027, -1,
      1026, 1028, 1027, -1,
      1027, 1028, 1029, -1,
      1028, 1022, 1029, -1,
      1029, 1022, 1024, -1,
      1029, 1030, 1027, -1,
      1027, 1030, 1031, -1,
      1027, 1031, 1025, -1,
      1025, 1031, 1032, -1,
      1025, 1032, 1024, -1,
      1024, 1032, 1033, -1,
      1024, 1033, 1029, -1,
      1029, 1033, 1030, -1,
      1023, 1034, 1026, -1,
      1026, 1034, 1035, -1,
      1026, 1035, 1028, -1,
      1028, 1035, 1036, -1,
      1028, 1036, 1022, -1,
      1022, 1036, 1037, -1,
      1022, 1037, 1023, -1,
      1023, 1037, 1034, -1,
      1036, 1035, 1030, -1,
      1030, 1035, 1031, -1,
      1035, 1034, 1031, -1,
      1031, 1034, 1032, -1,
      1034, 1037, 1032, -1,
      1032, 1037, 1033, -1,
      1037, 1036, 1033, -1,
      1033, 1036, 1030, -1,
      1038, 1039, 1040, -1,
      1041, 1042, 1043, -1,
      1043, 1042, 1039, -1,
      1043, 1039, 1044, -1,
      1044, 1039, 1038, -1,
      1044, 1038, 1045, -1,
      1045, 1038, 1046, -1,
      1047, 1048, 1049, -1,
      1049, 1048, 1050, -1,
      1049, 1050, 1051, -1,
      1051, 1050, 1052, -1,
      1051, 1052, 1053, -1,
      1053, 1052, 1054, -1,
      1053, 1054, 1055, -1,
      1055, 1054, 1056, -1,
      1055, 1056, 1057, -1,
      1057, 1056, 1058, -1,
      1057, 1058, 1059, -1,
      1059, 1058, 1060, -1,
      1059, 1060, 1061, -1,
      1061, 1060, 1062, -1,
      1061, 1062, 1063, -1,
      1063, 1062, 1064, -1,
      1063, 1064, 1065, -1,
      1065, 1064, 1066, -1,
      1065, 1066, 1067, -1,
      1067, 1066, 1068, -1,
      1067, 1068, 1069, -1,
      1069, 1068, 1070, -1,
      1069, 1070, 1040, -1,
      1040, 1070, 1071, -1,
      1040, 1071, 1038, -1,
      1072, 1073, 1074, -1,
      1075, 1076, 1074, -1,
      1074, 1076, 1077, -1,
      1074, 1077, 1072, -1,
      1078, 1079, 1080, -1,
      1080, 1079, 1081, -1,
      1080, 1081, 1082, -1,
      1082, 1081, 1083, -1,
      1082, 1083, 1084, -1,
      1084, 1083, 1085, -1,
      1084, 1085, 1086, -1,
      1086, 1085, 1087, -1,
      1086, 1087, 1088, -1,
      1088, 1087, 1089, -1,
      1088, 1089, 1090, -1,
      1090, 1089, 1091, -1,
      1090, 1091, 1092, -1,
      1092, 1091, 1093, -1,
      1092, 1093, 1094, -1,
      1094, 1093, 1095, -1,
      1094, 1095, 1096, -1,
      1096, 1095, 1097, -1,
      1096, 1097, 1098, -1,
      1098, 1097, 1099, -1,
      1098, 1099, 1100, -1,
      1100, 1099, 1101, -1,
      1100, 1101, 1102, -1,
      1102, 1101, 1073, -1,
      1102, 1073, 1103, -1,
      1103, 1073, 1072, -1,
      1103, 1072, 1104, -1,
      1104, 1072, 1105, -1,
      1077, 1076, 1043, -1,
      1043, 1076, 1041, -1,
      1076, 1075, 1041, -1,
      1041, 1075, 1042, -1,
      1075, 1074, 1042, -1,
      1042, 1074, 1039, -1,
      1074, 1073, 1039, -1,
      1039, 1073, 1040, -1,
      1073, 1101, 1040, -1,
      1040, 1101, 1069, -1,
      1067, 1069, 1099, -1,
      1099, 1069, 1101, -1,
      1091, 1089, 1059, -1,
      1059, 1089, 1057, -1,
      1081, 1079, 1049, -1,
      1049, 1079, 1047, -1,
      1079, 1078, 1047, -1,
      1047, 1078, 1048, -1,
      1050, 1048, 1080, -1,
      1080, 1048, 1078, -1,
      1088, 1090, 1058, -1,
      1058, 1090, 1060, -1,
      1098, 1100, 1068, -1,
      1068, 1100, 1070, -1,
      1100, 1102, 1070, -1,
      1070, 1102, 1071, -1,
      1102, 1103, 1071, -1,
      1071, 1103, 1038, -1,
      1103, 1104, 1038, -1,
      1038, 1104, 1046, -1,
      1104, 1105, 1046, -1,
      1046, 1105, 1045, -1,
      1105, 1072, 1045, -1,
      1045, 1072, 1044, -1,
      1072, 1077, 1044, -1,
      1044, 1077, 1043, -1,
      1057, 1089, 1087, -1,
      1057, 1087, 1055, -1,
      1055, 1087, 1085, -1,
      1055, 1085, 1053, -1,
      1053, 1085, 1083, -1,
      1053, 1083, 1051, -1,
      1051, 1083, 1081, -1,
      1051, 1081, 1049, -1,
      1098, 1068, 1066, -1,
      1098, 1066, 1096, -1,
      1096, 1066, 1064, -1,
      1096, 1064, 1094, -1,
      1094, 1064, 1062, -1,
      1094, 1062, 1092, -1,
      1092, 1062, 1060, -1,
      1092, 1060, 1090, -1,
      1067, 1099, 1065, -1,
      1065, 1099, 1097, -1,
      1065, 1097, 1063, -1,
      1063, 1097, 1095, -1,
      1063, 1095, 1061, -1,
      1061, 1095, 1093, -1,
      1061, 1093, 1059, -1,
      1059, 1093, 1091, -1,
      1050, 1080, 1052, -1,
      1052, 1080, 1082, -1,
      1052, 1082, 1054, -1,
      1054, 1082, 1084, -1,
      1054, 1084, 1056, -1,
      1056, 1084, 1086, -1,
      1056, 1086, 1058, -1,
      1058, 1086, 1088, -1,
      1106, 1107, 1108, -1,
      1108, 1107, 1109, -1,
      1108, 1109, 1110, -1,
      1110, 1109, 1111, -1,
      1110, 1111, 1112, -1,
      1112, 1111, 1113, -1,
      1112, 1113, 1114, -1,
      1114, 1113, 1115, -1,
      1116, 1117, 1118, -1,
      1119, 1120, 1115, -1,
      1115, 1120, 1121, -1,
      1115, 1121, 1114, -1,
      1118, 1122, 1116, -1,
      1116, 1122, 1123, -1,
      1116, 1123, 1124, -1,
      1124, 1123, 1125, -1,
      1124, 1125, 1119, -1,
      1119, 1125, 1126, -1,
      1119, 1126, 1120, -1,
      1127, 1128, 1129, -1,
      1129, 1128, 1130, -1,
      1129, 1130, 1131, -1,
      1131, 1130, 1132, -1,
      1131, 1132, 1133, -1,
      1133, 1132, 1134, -1,
      1133, 1134, 1135, -1,
      1136, 1137, 1138, -1,
      1138, 1137, 1139, -1,
      1134, 1140, 1135, -1,
      1135, 1140, 1141, -1,
      1135, 1141, 1142, -1,
      1141, 1143, 1142, -1,
      1142, 1143, 1144, -1,
      1142, 1144, 1145, -1,
      1145, 1144, 1146, -1,
      1145, 1146, 1139, -1,
      1139, 1146, 1147, -1,
      1139, 1147, 1138, -1,
      1139, 1137, 1116, -1,
      1116, 1137, 1117, -1,
      1137, 1136, 1117, -1,
      1117, 1136, 1118, -1,
      1136, 1138, 1118, -1,
      1118, 1138, 1122, -1,
      1130, 1108, 1110, -1,
      1130, 1110, 1132, -1,
      1132, 1110, 1112, -1,
      1132, 1112, 1134, -1,
      1134, 1112, 1114, -1,
      1134, 1114, 1140, -1,
      1140, 1114, 1121, -1,
      1140, 1121, 1141, -1,
      1141, 1121, 1120, -1,
      1141, 1120, 1143, -1,
      1143, 1120, 1126, -1,
      1143, 1126, 1144, -1,
      1144, 1126, 1125, -1,
      1144, 1125, 1146, -1,
      1146, 1125, 1123, -1,
      1146, 1123, 1147, -1,
      1147, 1123, 1122, -1,
      1147, 1122, 1138, -1,
      1130, 1128, 1108, -1,
      1108, 1128, 1106, -1,
      1128, 1127, 1106, -1,
      1106, 1127, 1107, -1,
      1127, 1129, 1107, -1,
      1107, 1129, 1109, -1,
      1129, 1131, 1109, -1,
      1109, 1131, 1111, -1,
      1131, 1133, 1111, -1,
      1111, 1133, 1113, -1,
      1133, 1135, 1113, -1,
      1113, 1135, 1115, -1,
      1135, 1142, 1115, -1,
      1115, 1142, 1119, -1,
      1142, 1145, 1119, -1,
      1119, 1145, 1124, -1,
      1145, 1139, 1124, -1,
      1124, 1139, 1116, -1,
    ]
  }
}
