#VRML V2.0 utf8

Shape {
  appearance Appearance {
    material Material {
      diffuseColor 0.6471 0.6196 0.5882
      specularColor 0.4510 0.4353 0.4118
      ambientIntensity 0.2
      transparency 0.0000
      shininess 0.5
    }
  }
  geometry IndexedFaceSet {
    ccw TRUE
    solid FALSE
    coord DEF co Coordinate {
      point [
        0.168531 -0.086610 0.059055,
        0.187914 -0.088787 0.059055,
        0.125959 -0.234402 0.059055,
        0.163306 -0.265456 0.059055,
        0.103226 -0.265456 0.059055,
        0.143415 -0.262669 0.059055,
        0.122431 -0.254053 0.059055,
        0.219934 -0.257573 0.059055,
        0.285673 -0.264256 0.059055,
        0.200854 -0.264141 0.059055,
        0.188172 -0.265456 0.059055,
        0.144604 -0.089719 0.059055,
        0.122431 -0.232447 0.059055,
        0.122431 -0.099213 0.059055,
        0.103226 0.826772 0.059055,
        0.122431 -0.072806 0.059055,
        0.202648 -0.094104 0.059055,
        0.216273 -0.103219 0.059055,
        0.228160 -0.116343 0.059055,
        0.242462 -0.167931 0.059055,
        0.240469 -0.189241 0.059055,
        0.235121 -0.206173 0.059055,
        0.191317 -0.242991 0.059055,
        0.172957 -0.245050 0.059055,
        0.205661 -0.237711 0.059055,
        0.217742 -0.229568 0.059055,
        0.226980 -0.219822 0.059055,
        0.146827 -0.242150 0.059055,
        0.787402 0.255906 0.059055,
        0.787402 -0.255906 0.059055,
        0.386499 -0.264256 0.059055,
        0.788659 -0.265456 0.059055,
        0.874943 0.369991 0.059055,
        1.248031 0.826772 0.059055,
        0.905512 0.374016 0.059055,
        1.248031 0.374016 0.059055,
        0.258480 -0.119253 0.059055,
        0.246942 -0.100848 0.059055,
        0.360092 -0.067405 0.059055,
        0.386499 -0.067405 0.059055,
        0.236276 -0.131541 0.059055,
        0.241523 -0.152615 0.059055,
        0.846457 0.358192 0.059055,
        0.821995 0.339422 0.059055,
        0.803226 0.314961 0.059055,
        0.791426 0.286475 0.059055,
        0.235768 -0.247462 0.059055,
        0.250554 -0.231896 0.059055,
        0.285673 -0.242650 0.059055,
        0.261041 -0.213178 0.059055,
        0.360092 -0.242650 0.059055,
        0.229170 -0.083757 0.059055,
        0.210472 -0.072994 0.059055,
        0.188527 -0.066619 0.059055,
        0.266965 -0.192341 0.059055,
        0.268869 -0.169544 0.059055,
        0.266037 -0.141557 0.059055,
        0.168756 -0.065004 0.059055,
        0.145191 -0.066630 0.059055,
        0.176595 -0.266656 0.059055,
        0.791426 -0.286475 0.059055,
        0.171213 -0.266564 0.059055,
        0.103226 -1.279528 0.059055,
        0.803226 -0.314961 0.059055,
        0.821995 -0.339422 0.059055,
        0.846457 -0.358192 0.059055,
        0.874943 -0.369991 0.059055,
        1.248031 -1.279528 0.059055,
        0.905512 -0.374016 0.059055,
        1.248031 -0.374016 0.059055,
        -0.361780 -0.209041 0.059055,
        -0.280459 -0.209041 0.059055,
        -0.381698 -0.264256 0.059055,
        -0.261667 -0.264256 0.059055,
        -0.021606 -0.264256 0.059055,
        0.084022 -0.264256 0.059055,
        0.084022 -0.067405 0.059055,
        -0.016804 -0.067405 0.059055,
        -1.248031 0.826772 0.059055,
        -0.208626 -0.210303 0.059055,
        -0.197337 -0.227910 0.059055,
        -0.232859 -0.264256 0.059055,
        -0.181135 -0.243424 0.059055,
        -0.160581 -0.255369 0.059055,
        -0.821995 0.339422 0.059055,
        -0.846457 0.358192 0.059055,
        0.057615 -0.089011 0.059055,
        0.057615 -0.153827 0.059055,
        -0.016804 -0.089011 0.059055,
        -0.012003 -0.153827 0.059055,
        -0.060015 -0.067405 0.059055,
        -0.012003 -0.175433 0.059055,
        -0.115567 -0.067405 0.059055,
        -0.144007 -0.070445 0.059055,
        -0.167038 -0.078533 0.059055,
        -0.307279 -0.067405 0.059055,
        -0.188464 -0.092891 0.059055,
        -0.787402 0.255906 0.059055,
        -0.791426 0.286475 0.059055,
        -0.333685 -0.067405 0.059055,
        -0.803226 0.314961 0.059055,
        -0.874943 0.369991 0.059055,
        -0.905512 0.374016 0.059055,
        -1.248031 0.374016 0.059055,
        -0.188670 -0.093072 0.059055,
        -0.202590 -0.108507 0.059055,
        -0.211738 -0.125437 0.059055,
        -0.217025 -0.144832 0.059055,
        -0.218456 -0.163355 0.059055,
        -0.215694 -0.189699 0.059055,
        0.057615 -0.175433 0.059055,
        0.057615 -0.242650 0.059055,
        -0.021606 -0.242650 0.059055,
        -0.060015 -0.264256 0.059055,
        -0.113542 -0.264256 0.059055,
        -0.137898 -0.262129 0.059055,
        -0.787402 -0.255906 0.059055,
        -0.410505 -0.264256 0.059055,
        -0.788659 -0.265456 0.059055,
        -0.874943 -0.369991 0.059055,
        -0.846457 -0.358192 0.059055,
        -0.905512 -0.374016 0.059055,
        -1.248031 -1.279528 0.059055,
        -1.248031 -0.374016 0.059055,
        -0.821995 -0.339422 0.059055,
        -0.803226 -0.314961 0.059055,
        -0.791426 -0.286475 0.059055,
        -1.759843 0.826772 0.570866,
        -1.759843 0.374016 0.570866,
        -1.759843 0.826772 0.791339,
        -1.759843 0.374016 0.722441,
        -1.759843 0.372288 0.737772,
        -1.759843 0.367193 0.752335,
        -1.759843 0.358985 0.765398,
        -1.759843 0.348075 0.776307,
        -1.759843 0.335012 0.784516,
        -1.759843 0.320449 0.789611,
        -1.759843 0.305118 0.791339,
        -1.641732 0.826772 0.570866,
        -1.641732 0.374016 0.570866,
        -1.631861 0.826772 0.483259,
        -1.631861 0.374016 0.483259,
        -1.602744 0.826772 0.400046,
        -1.602744 0.374016 0.400046,
        -1.555839 0.826772 0.325398,
        -1.555839 0.374016 0.325398,
        -1.493500 0.826772 0.263059,
        -1.493500 0.374016 0.263059,
        -1.418852 0.826772 0.216154,
        -1.418852 0.374016 0.216154,
        -1.335638 0.826772 0.187036,
        -1.335638 0.374016 0.187036,
        -1.248031 0.826772 0.177165,
        -1.248031 0.374016 0.177165,
        -1.641732 0.335012 0.784516,
        -1.641732 0.826772 0.791339,
        -1.641732 0.320449 0.789611,
        -1.641732 0.305118 0.791339,
        -1.641732 0.348075 0.776307,
        -1.641732 0.358985 0.765398,
        -1.641732 0.367193 0.752335,
        -1.641732 0.374016 0.722441,
        -1.641732 0.372288 0.737772,
        -1.361920 0.374016 0.071887,
        -1.361920 0.826772 0.071887,
        -1.470098 0.374016 0.109740,
        -1.470098 0.826772 0.109740,
        -1.567141 0.374016 0.170716,
        -1.567141 0.826772 0.170716,
        -1.648181 0.374016 0.251757,
        -1.648181 0.826772 0.251757,
        -1.709157 0.374016 0.348800,
        -1.709157 0.826772 0.348800,
        -1.747010 0.374016 0.456978,
        -1.747010 0.826772 0.456978,
        1.759843 0.305118 0.791339,
        1.759843 0.322950 0.788991,
        1.759843 0.826772 0.791339,
        1.759843 0.339567 0.782108,
        1.759843 0.353836 0.771159,
        1.759843 0.374016 0.570866,
        1.759843 0.826772 0.570866,
        1.759843 0.374016 0.722441,
        1.759843 0.364785 0.756890,
        1.759843 0.371668 0.740273,
        1.641732 0.364785 0.756890,
        1.641732 0.353836 0.771159,
        1.641732 0.826772 0.791339,
        1.641732 0.371668 0.740273,
        1.641732 0.339567 0.782108,
        1.641732 0.322950 0.788991,
        1.641732 0.305118 0.791339,
        1.641732 0.826772 0.570866,
        1.641732 0.374016 0.570866,
        1.641732 0.374016 0.722441,
        1.248031 0.826772 0.177165,
        1.248031 0.374016 0.177165,
        1.335638 0.826772 0.187036,
        1.335638 0.374016 0.187036,
        1.418852 0.826772 0.216154,
        1.418852 0.374016 0.216154,
        1.493500 0.826772 0.263059,
        1.493500 0.374016 0.263059,
        1.555839 0.826772 0.325398,
        1.555839 0.374016 0.325398,
        1.602744 0.826772 0.400046,
        1.602744 0.374016 0.400046,
        1.631861 0.826772 0.483259,
        1.631861 0.374016 0.483259,
        1.747010 0.374016 0.456978,
        1.747010 0.826772 0.456978,
        1.709157 0.374016 0.348800,
        1.709157 0.826772 0.348800,
        1.648181 0.374016 0.251757,
        1.648181 0.826772 0.251757,
        1.567141 0.374016 0.170716,
        1.567141 0.826772 0.170716,
        1.470098 0.374016 0.109740,
        1.470098 0.826772 0.109740,
        1.361920 0.374016 0.071887,
        1.361920 0.826772 0.071887,
        1.335638 0.826772 1.175169,
        1.361920 0.826772 1.290317,
        1.418852 0.826772 1.146051,
        1.470098 0.826772 1.252465,
        1.493500 0.826772 1.099146,
        1.567141 0.826772 1.191489,
        1.555839 0.826772 1.036807,
        1.648181 0.826772 1.110448,
        1.602744 0.826772 0.962159,
        1.709157 0.826772 1.013405,
        1.631861 0.826772 0.878945,
        1.747010 0.826772 0.905227,
        -1.631861 0.826772 0.878945,
        -1.747010 0.826772 0.905227,
        -1.602744 0.826772 0.962159,
        -1.709157 0.826772 1.013405,
        -1.555839 0.826772 1.036807,
        -1.648181 0.826772 1.110448,
        -1.493500 0.826772 1.099146,
        -1.567141 0.826772 1.191489,
        -1.418852 0.826772 1.146051,
        -1.470098 0.826772 1.252465,
        -1.335638 0.826772 1.175169,
        -1.361920 0.826772 1.290317,
        -1.248031 0.826772 1.185039,
        -1.248031 0.826772 1.303150,
        1.248031 0.826772 1.185039,
        1.248031 0.826772 1.303150,
        1.838583 -1.732283 0.594488,
        1.838583 -1.732283 0.712598,
        1.787634 -1.732283 0.601196,
        1.821061 -1.732283 0.714572,
        1.740157 -1.732283 0.620861,
        1.804419 -1.732283 0.720396,
        1.699389 -1.732283 0.652144,
        -1.838583 -1.732283 0.712598,
        -1.838583 -1.732283 0.594488,
        -1.821061 -1.732283 0.714572,
        -1.787634 -1.732283 0.601196,
        -1.804419 -1.732283 0.720396,
        -1.740157 -1.732283 0.620861,
        -1.789489 -1.732283 0.729777,
        -1.699389 -1.732283 0.652144,
        1.789489 -1.732283 0.729777,
        1.777021 -1.732283 0.742245,
        1.668105 -1.732283 0.692913,
        1.767640 -1.732283 0.757174,
        1.648440 -1.732283 0.740390,
        1.761817 -1.732283 0.773817,
        1.641732 -1.732283 0.791339,
        1.759843 -1.732283 0.791339,
        1.631861 -1.732283 0.878945,
        1.747010 -1.732283 0.905227,
        1.602744 -1.732283 0.962159,
        1.709157 -1.732283 1.013405,
        1.555839 -1.732283 1.036807,
        1.648181 -1.732283 1.110448,
        1.493500 -1.732283 1.099146,
        1.567141 -1.732283 1.191489,
        1.418852 -1.732283 1.146051,
        1.470098 -1.732283 1.252465,
        1.335638 -1.732283 1.175169,
        1.361920 -1.732283 1.290317,
        1.248031 -1.732283 1.185039,
        1.248031 -1.732283 1.303150,
        -1.248031 -1.732283 1.185039,
        -1.248031 -1.732283 1.303150,
        -1.335638 -1.732283 1.175169,
        -1.361920 -1.732283 1.290317,
        -1.418852 -1.732283 1.146051,
        -1.470098 -1.732283 1.252465,
        -1.493500 -1.732283 1.099146,
        -1.567141 -1.732283 1.191489,
        -1.555839 -1.732283 1.036807,
        -1.648181 -1.732283 1.110448,
        -1.602744 -1.732283 0.962159,
        -1.709157 -1.732283 1.013405,
        -1.631861 -1.732283 0.878945,
        -1.747010 -1.732283 0.905227,
        -1.641732 -1.732283 0.791339,
        -1.759843 -1.732283 0.791339,
        -1.648440 -1.732283 0.740390,
        -1.761817 -1.732283 0.773817,
        -1.668105 -1.732283 0.692913,
        -1.767640 -1.732283 0.757174,
        -1.777021 -1.732283 0.742245,
        1.759843 -1.299707 0.771159,
        1.759843 -1.288758 0.756890,
        1.759843 -0.305118 0.791339,
        1.759843 -1.281875 0.740273,
        1.759843 -0.322950 0.788991,
        1.759843 -1.348425 0.791339,
        1.759843 -1.330593 0.788991,
        1.759843 -1.313976 0.782108,
        1.759843 -0.364785 0.756890,
        1.759843 -0.353836 0.771159,
        1.759843 -0.339567 0.782108,
        1.759843 -1.279528 0.570866,
        1.759843 -0.374016 0.570866,
        1.759843 -1.279528 0.722441,
        1.759843 -0.374016 0.722441,
        1.759843 -0.371668 0.740273,
        -1.759843 -1.279528 0.570866,
        -1.759843 -1.279528 0.722441,
        -1.759843 -0.322950 0.788991,
        -1.759843 -1.281875 0.740273,
        -1.759843 -0.305118 0.791339,
        -1.759843 -1.288758 0.756890,
        -1.759843 -1.299707 0.771159,
        -1.759843 -0.339567 0.782108,
        -1.759843 -0.353836 0.771159,
        -1.759843 -0.364785 0.756890,
        -1.759843 -1.313976 0.782108,
        -1.759843 -1.330593 0.788991,
        -1.759843 -1.348425 0.791339,
        -1.759843 -0.371668 0.740273,
        -1.759843 -0.374016 0.722441,
        -1.759843 -0.374016 0.570866,
        -1.641732 -0.374016 0.570866,
        -1.641732 -1.279528 0.570866,
        -1.631861 -0.374016 0.483259,
        -1.631861 -1.279528 0.483259,
        -1.602744 -0.374016 0.400046,
        -1.602744 -1.279528 0.400046,
        -1.555839 -0.374016 0.325398,
        -1.555839 -1.279528 0.325398,
        -1.493500 -0.374016 0.263059,
        -1.493500 -1.279528 0.263059,
        -1.418852 -0.374016 0.216154,
        -1.418852 -1.279528 0.216154,
        -1.335638 -0.374016 0.187036,
        -1.335638 -1.279528 0.187036,
        -1.248031 -0.374016 0.177165,
        -1.248031 -1.279528 0.177165,
        -1.641732 -0.322950 0.788991,
        -1.641732 -0.305118 0.791339,
        -1.641732 -1.281875 0.740273,
        -1.641732 -1.313976 0.782108,
        -1.641732 -1.330593 0.788991,
        -1.641732 -1.348425 0.791339,
        -1.641732 -1.299707 0.771159,
        -1.641732 -1.288758 0.756890,
        -1.641732 -0.364785 0.756890,
        -1.641732 -0.353836 0.771159,
        -1.641732 -0.339567 0.782108,
        -1.641732 -1.279528 0.722441,
        -1.641732 -0.374016 0.722441,
        -1.641732 -0.371668 0.740273,
        1.641732 -1.348425 0.791339,
        1.641732 -0.305118 0.791339,
        1.641732 -0.322950 0.788991,
        1.641732 -0.339567 0.782108,
        1.641732 -1.279528 0.570866,
        1.641732 -0.353836 0.771159,
        1.641732 -0.364785 0.756890,
        1.641732 -1.279528 0.722441,
        1.641732 -1.281875 0.740273,
        1.641732 -1.288758 0.756890,
        1.641732 -1.299707 0.771159,
        1.641732 -1.313976 0.782108,
        1.641732 -1.330593 0.788991,
        1.641732 -0.371668 0.740273,
        1.641732 -0.374016 0.722441,
        1.641732 -0.374016 0.570866,
        1.248031 -0.374016 0.177165,
        1.248031 -1.279528 0.177165,
        1.335638 -0.374016 0.187036,
        1.335638 -1.279528 0.187036,
        1.418852 -0.374016 0.216154,
        1.418852 -1.279528 0.216154,
        1.493500 -0.374016 0.263059,
        1.493500 -1.279528 0.263059,
        1.555839 -0.374016 0.325398,
        1.555839 -1.279528 0.325398,
        1.602744 -0.374016 0.400046,
        1.602744 -1.279528 0.400046,
        1.631861 -0.374016 0.483259,
        1.631861 -1.279528 0.483259,
        -0.905512 -0.374016 0.177165,
        0.905512 0.374016 0.177165,
        -0.791426 0.286475 0.177165,
        -0.803226 0.314961 0.177165,
        -0.821995 0.339422 0.177165,
        -0.905512 0.374016 0.177165,
        -0.874943 0.369991 0.177165,
        -0.846457 0.358192 0.177165,
        -0.791426 -0.286475 0.177165,
        -0.803226 -0.314961 0.177165,
        -0.821995 -0.339422 0.177165,
        -0.846457 -0.358192 0.177165,
        -0.874943 -0.369991 0.177165,
        0.905512 -0.374016 0.177165,
        0.803226 0.314961 0.177165,
        0.821995 0.339422 0.177165,
        0.846457 0.358192 0.177165,
        0.874943 0.369991 0.177165,
        0.803226 -0.314961 0.177165,
        0.791426 -0.286475 0.177165,
        0.787402 -0.255906 0.177165,
        -0.787402 -0.255906 0.177165,
        0.874943 -0.369991 0.177165,
        0.846457 -0.358192 0.177165,
        0.821995 -0.339422 0.177165,
        -0.787402 0.255906 0.177165,
        0.787402 0.255906 0.177165,
        0.791426 0.286475 0.177165,
        -1.361920 -1.279528 0.071887,
        -1.361920 -0.374016 0.071887,
        -1.470098 -1.279528 0.109740,
        -1.470098 -0.374016 0.109740,
        -1.567141 -1.279528 0.170716,
        -1.567141 -0.374016 0.170716,
        -1.648181 -1.279528 0.251757,
        -1.648181 -0.374016 0.251757,
        -1.709157 -1.279528 0.348800,
        -1.709157 -0.374016 0.348800,
        -1.747010 -1.279528 0.456978,
        -1.747010 -0.374016 0.456978,
        1.747010 -1.279528 0.456978,
        1.747010 -0.374016 0.456978,
        1.709157 -1.279528 0.348800,
        1.709157 -0.374016 0.348800,
        1.648181 -1.279528 0.251757,
        1.648181 -0.374016 0.251757,
        1.567141 -1.279528 0.170716,
        1.567141 -0.374016 0.170716,
        1.470098 -1.279528 0.109740,
        1.470098 -0.374016 0.109740,
        1.361920 -1.279528 0.071887,
        1.361920 -0.374016 0.071887,
        2.153543 -0.078740 0.118110,
        2.153543 0.078740 0.118110,
        2.271654 -0.078740 0.118110,
        2.271654 0.078740 0.118110,
        1.641850 0.275224 0.784516,
        1.641740 0.289787 0.789611,
        1.646371 -0.241485 0.748857,
        1.644770 -0.245451 0.756890,
        1.645635 0.243043 0.752335,
        1.643589 -0.250445 0.764367,
        1.642769 -0.256400 0.771159,
        1.642250 -0.263144 0.777077,
        1.641949 -0.270669 0.782108,
        1.641802 -0.278732 0.786086,
        1.642307 0.262161 0.776307,
        1.643449 0.251252 0.765398,
        1.641733 -0.296125 0.790749,
        1.641746 -0.287286 0.788991,
        1.648440 -0.238600 0.740390,
        1.648522 0.238871 0.740410,
        1.649161 0.237948 0.737772,
        1.668105 -0.236220 0.692913,
        1.654183 -0.236220 0.722441,
        1.654183 0.236220 0.722441,
        1.651086 -0.236803 0.731378,
        1.648475 -0.238576 0.740271,
        1.668105 0.236220 0.692913,
        1.699389 0.236220 0.652144,
        1.699389 -0.236220 0.652144,
        1.740157 0.236220 0.620861,
        1.740157 -0.236220 0.620861,
        1.787634 0.236220 0.601196,
        1.787634 -0.236220 0.601196,
        1.838583 0.236220 0.594488,
        1.838583 -0.236220 0.594488,
        1.838583 0.236220 0.712598,
        1.821061 0.236220 0.714572,
        1.804419 0.236220 0.720396,
        1.800463 0.236220 0.722441,
        1.764238 0.251252 0.765398,
        1.761817 0.259212 0.773817,
        1.761817 -0.259212 0.773817,
        1.759845 -0.296104 0.790746,
        1.759878 -0.287286 0.788991,
        1.760139 0.275224 0.784516,
        1.760019 -0.278715 0.786079,
        1.760385 -0.270669 0.782108,
        1.761291 0.262161 0.776307,
        1.759861 0.289787 0.789611,
        1.767655 -0.245646 0.757181,
        1.767778 -0.245451 0.756890,
        1.777021 0.239128 0.742245,
        1.762472 -0.256400 0.771159,
        1.764578 -0.250505 0.764444,
        1.767640 0.245616 0.757174,
        1.770182 0.243043 0.752335,
        1.771872 -0.241760 0.749509,
        1.777137 -0.239279 0.742330,
        1.778647 -0.238568 0.740273,
        1.838583 -0.236220 0.712598,
        1.821061 -0.236220 0.714572,
        1.804419 -0.236220 0.720396,
        1.800463 -0.236220 0.722441,
        1.789489 -0.236612 0.729777,
        1.789489 0.236612 0.729777,
        1.780871 0.237948 0.737772,
        2.074803 -0.236220 0.594488,
        2.074803 0.236220 0.594488,
        2.074803 0.236220 0.712598,
        2.074803 -0.236220 0.712598,
        2.095183 -0.236220 0.591805,
        2.095183 0.236220 0.591805,
        2.114173 -0.236220 0.583939,
        2.114173 0.236220 0.583939,
        2.130481 -0.236220 0.571426,
        2.130481 0.236220 0.571426,
        2.142994 -0.236220 0.555118,
        2.142994 0.236220 0.555118,
        2.150860 -0.236220 0.536128,
        2.150860 0.236220 0.536128,
        2.153543 -0.236220 0.515748,
        2.153543 0.236220 0.515748,
        2.125752 0.236220 0.705891,
        2.173228 0.236220 0.686226,
        2.213997 0.236220 0.654942,
        2.245281 0.236220 0.614173,
        2.264946 0.236220 0.566697,
        2.271654 0.236220 0.515748,
        2.271654 -0.236220 0.515748,
        2.264946 -0.236220 0.566697,
        2.245281 -0.236220 0.614173,
        2.213997 -0.236220 0.654942,
        2.173228 -0.236220 0.686226,
        2.125752 -0.236220 0.705891,
        2.153543 0.157480 0.139209,
        2.153543 0.119499 0.123476,
        2.153543 0.190096 0.164235,
        2.153543 0.215122 0.196850,
        2.153543 -0.236220 0.275591,
        2.153543 0.236220 0.275591,
        2.153543 0.230854 0.234831,
        2.153543 -0.157480 0.139209,
        2.153543 -0.190096 0.164235,
        2.153543 -0.215122 0.196850,
        2.153543 -0.119499 0.123476,
        2.153543 -0.230854 0.234831,
        2.271654 0.236220 0.275591,
        2.271654 -0.119499 0.123476,
        2.271654 -0.236220 0.275591,
        2.271654 0.119499 0.123476,
        2.271654 0.157480 0.139209,
        2.271654 0.190096 0.164235,
        2.271654 0.215122 0.196850,
        2.271654 0.230854 0.234831,
        2.271654 -0.230854 0.234831,
        2.271654 -0.215122 0.196850,
        2.271654 -0.157480 0.139209,
        2.271654 -0.190096 0.164235,
        1.838583 -1.417323 0.594488,
        1.787634 -1.417323 0.601196,
        1.740157 -1.417323 0.620861,
        1.699389 -1.417323 0.652144,
        1.668105 -1.417323 0.692913,
        1.654183 -1.417323 0.722441,
        1.649161 -1.415596 0.737772,
        1.641740 -1.363756 0.789611,
        1.641850 -1.378319 0.784516,
        1.642307 -1.391382 0.776307,
        1.643449 -1.402292 0.765398,
        1.645635 -1.410500 0.752335,
        1.648522 -1.414672 0.740410,
        1.838583 -1.417323 0.712598,
        1.821061 -1.417323 0.714572,
        1.804419 -1.417323 0.720396,
        1.800463 -1.417323 0.722441,
        1.759861 -1.363756 0.789611,
        1.760139 -1.378319 0.784516,
        1.767640 -1.407927 0.757174,
        1.764238 -1.402292 0.765398,
        1.761817 -1.394331 0.773817,
        1.761291 -1.391382 0.776307,
        1.789489 -1.416931 0.729777,
        1.780871 -1.415596 0.737772,
        1.777021 -1.414415 0.742245,
        1.770182 -1.410500 0.752335,
        2.074803 -1.732283 0.594488,
        2.074803 -1.417323 0.594488,
        2.074803 -1.417323 0.712598,
        2.074803 -1.732283 0.712598,
        2.095183 -1.732283 0.591805,
        2.095183 -1.417323 0.591805,
        2.114173 -1.732283 0.583939,
        2.114173 -1.417323 0.583939,
        2.130481 -1.732283 0.571426,
        2.130481 -1.417323 0.571426,
        2.142994 -1.732283 0.555118,
        2.142994 -1.417323 0.555118,
        2.150860 -1.732283 0.536128,
        2.150860 -1.417323 0.536128,
        2.153543 -1.732283 0.515748,
        2.153543 -1.417323 0.515748,
        2.125752 -1.417323 0.705891,
        2.173228 -1.417323 0.686226,
        2.213997 -1.417323 0.654942,
        2.245281 -1.417323 0.614173,
        2.264946 -1.417323 0.566697,
        2.271654 -1.417323 0.515748,
        2.271654 -1.732283 0.515748,
        2.264946 -1.732283 0.566697,
        2.245281 -1.732283 0.614173,
        2.213997 -1.732283 0.654942,
        2.173228 -1.732283 0.686226,
        2.125752 -1.732283 0.705891,
        2.153543 -1.496063 0.139209,
        2.153543 -1.534044 0.123476,
        2.153543 -1.732283 0.275591,
        2.153543 -1.574803 0.118110,
        2.153543 -1.417323 0.275591,
        2.153543 -1.422689 0.234831,
        2.153543 -1.438421 0.196850,
        2.153543 -1.463448 0.164235,
        2.153543 -1.653543 0.139209,
        2.153543 -1.686159 0.164235,
        2.153543 -1.711185 0.196850,
        2.153543 -1.615562 0.123476,
        2.153543 -1.726918 0.234831,
        2.271654 -1.417323 0.275591,
        2.271654 -1.574803 0.118110,
        2.271654 -1.534044 0.123476,
        2.271654 -1.732283 0.275591,
        2.271654 -1.496063 0.139209,
        2.271654 -1.463448 0.164235,
        2.271654 -1.438421 0.196850,
        2.271654 -1.711185 0.196850,
        2.271654 -1.686159 0.164235,
        2.271654 -1.653543 0.139209,
        2.271654 -1.422689 0.234831,
        2.271654 -1.726918 0.234831,
        2.271654 -1.615562 0.123476,
        -2.271654 -0.078740 0.118110,
        -2.271654 0.078740 0.118110,
        -2.153543 -0.078740 0.118110,
        -2.153543 0.078740 0.118110,
        -1.764238 -0.251252 0.765398,
        -1.761817 -0.259212 0.773817,
        -1.761817 0.259212 0.773817,
        -1.759845 0.296104 0.790746,
        -1.759878 0.287286 0.788991,
        -1.760139 -0.275224 0.784516,
        -1.760019 0.278715 0.786079,
        -1.760385 0.270669 0.782108,
        -1.761291 -0.262161 0.776307,
        -1.759861 -0.289787 0.789611,
        -1.767655 0.245646 0.757181,
        -1.767778 0.245451 0.756890,
        -1.777021 -0.239128 0.742245,
        -1.762472 0.256400 0.771159,
        -1.764578 0.250505 0.764444,
        -1.767640 -0.245616 0.757174,
        -1.770182 -0.243043 0.752335,
        -1.771872 0.241760 0.749509,
        -1.777137 0.239279 0.742330,
        -1.778647 0.238568 0.740273,
        -1.838583 0.236220 0.712598,
        -1.838583 -0.236220 0.712598,
        -1.821061 0.236220 0.714572,
        -1.821061 -0.236220 0.714572,
        -1.804419 0.236220 0.720396,
        -1.804419 -0.236220 0.720396,
        -1.800463 0.236220 0.722441,
        -1.800463 -0.236220 0.722441,
        -1.789489 0.236612 0.729777,
        -1.789489 -0.236612 0.729777,
        -1.780871 -0.237948 0.737772,
        -1.838583 0.236220 0.594488,
        -1.787634 0.236220 0.601196,
        -1.740157 0.236220 0.620861,
        -1.699389 0.236220 0.652144,
        -1.668105 0.236220 0.692913,
        -1.654183 0.236220 0.722441,
        -1.641850 -0.275224 0.784516,
        -1.641740 -0.289787 0.789611,
        -1.646371 0.241485 0.748857,
        -1.644770 0.245451 0.756890,
        -1.645635 -0.243043 0.752335,
        -1.643589 0.250445 0.764367,
        -1.642769 0.256400 0.771159,
        -1.642250 0.263144 0.777077,
        -1.641949 0.270669 0.782108,
        -1.641802 0.278732 0.786086,
        -1.642307 -0.262161 0.776307,
        -1.643449 -0.251252 0.765398,
        -1.641733 0.296125 0.790749,
        -1.641746 0.287286 0.788991,
        -1.648440 0.238600 0.740390,
        -1.648522 -0.238871 0.740410,
        -1.649161 -0.237948 0.737772,
        -1.654183 -0.236220 0.722441,
        -1.651086 0.236803 0.731378,
        -1.648475 0.238576 0.740271,
        -1.668105 -0.236220 0.692913,
        -1.699389 -0.236220 0.652144,
        -1.740157 -0.236220 0.620861,
        -1.787634 -0.236220 0.601196,
        -1.838583 -0.236220 0.594488,
        -2.074803 -0.236220 0.712598,
        -2.074803 0.236220 0.712598,
        -2.074803 0.236220 0.594488,
        -2.074803 -0.236220 0.594488,
        -2.271654 0.236220 0.515748,
        -2.271654 -0.236220 0.515748,
        -2.264946 -0.236220 0.566697,
        -2.264946 0.236220 0.566697,
        -2.245281 -0.236220 0.614173,
        -2.245281 0.236220 0.614173,
        -2.213997 -0.236220 0.654942,
        -2.213997 0.236220 0.654942,
        -2.173228 -0.236220 0.686226,
        -2.173228 0.236220 0.686226,
        -2.125752 -0.236220 0.705891,
        -2.125752 0.236220 0.705891,
        -2.153543 0.236220 0.515748,
        -2.150860 0.236220 0.536128,
        -2.142994 0.236220 0.555118,
        -2.130481 0.236220 0.571426,
        -2.114173 0.236220 0.583939,
        -2.095183 0.236220 0.591805,
        -2.095183 -0.236220 0.591805,
        -2.114173 -0.236220 0.583939,
        -2.130481 -0.236220 0.571426,
        -2.142994 -0.236220 0.555118,
        -2.150860 -0.236220 0.536128,
        -2.153543 -0.236220 0.515748,
        -2.271654 0.157480 0.139209,
        -2.271654 0.119499 0.123476,
        -2.271654 0.190096 0.164235,
        -2.271654 0.215122 0.196850,
        -2.271654 -0.236220 0.275591,
        -2.271654 0.236220 0.275591,
        -2.271654 0.230854 0.234831,
        -2.271654 -0.157480 0.139209,
        -2.271654 -0.190096 0.164235,
        -2.271654 -0.215122 0.196850,
        -2.271654 -0.119499 0.123476,
        -2.271654 -0.230854 0.234831,
        -2.153543 0.236220 0.275591,
        -2.153543 -0.119499 0.123476,
        -2.153543 -0.236220 0.275591,
        -2.153543 0.119499 0.123476,
        -2.153543 0.157480 0.139209,
        -2.153543 0.190096 0.164235,
        -2.153543 0.215122 0.196850,
        -2.153543 0.230854 0.234831,
        -2.153543 -0.230854 0.234831,
        -2.153543 -0.215122 0.196850,
        -2.153543 -0.157480 0.139209,
        -2.153543 -0.190096 0.164235,
        -1.838583 -1.417323 0.712598,
        -1.821061 -1.417323 0.714572,
        -1.804419 -1.417323 0.720396,
        -1.800463 -1.417323 0.722441,
        -1.780871 -1.415596 0.737772,
        -1.789489 -1.416931 0.729777,
        -1.770182 -1.410500 0.752335,
        -1.777021 -1.414415 0.742245,
        -1.764238 -1.402292 0.765398,
        -1.767640 -1.407927 0.757174,
        -1.759861 -1.363756 0.789611,
        -1.760139 -1.378319 0.784516,
        -1.761291 -1.391382 0.776307,
        -1.761817 -1.394331 0.773817,
        -1.838583 -1.417323 0.594488,
        -1.787634 -1.417323 0.601196,
        -1.740157 -1.417323 0.620861,
        -1.699389 -1.417323 0.652144,
        -1.668105 -1.417323 0.692913,
        -1.654183 -1.417323 0.722441,
        -1.648522 -1.414672 0.740410,
        -1.645635 -1.410500 0.752335,
        -1.643449 -1.402292 0.765398,
        -1.642307 -1.391382 0.776307,
        -1.641850 -1.378319 0.784516,
        -1.641740 -1.363756 0.789611,
        -1.649161 -1.415596 0.737772,
        -2.074803 -1.732283 0.712598,
        -2.074803 -1.417323 0.712598,
        -2.074803 -1.417323 0.594488,
        -2.074803 -1.732283 0.594488,
        -2.271654 -1.417323 0.515748,
        -2.271654 -1.732283 0.515748,
        -2.264946 -1.732283 0.566697,
        -2.264946 -1.417323 0.566697,
        -2.245281 -1.732283 0.614173,
        -2.245281 -1.417323 0.614173,
        -2.213997 -1.732283 0.654942,
        -2.213997 -1.417323 0.654942,
        -2.173228 -1.732283 0.686226,
        -2.173228 -1.417323 0.686226,
        -2.125752 -1.732283 0.705891,
        -2.125752 -1.417323 0.705891,
        -2.153543 -1.417323 0.515748,
        -2.150860 -1.417323 0.536128,
        -2.142994 -1.417323 0.555118,
        -2.130481 -1.417323 0.571426,
        -2.114173 -1.417323 0.583939,
        -2.095183 -1.417323 0.591805,
        -2.095183 -1.732283 0.591805,
        -2.114173 -1.732283 0.583939,
        -2.130481 -1.732283 0.571426,
        -2.142994 -1.732283 0.555118,
        -2.150860 -1.732283 0.536128,
        -2.153543 -1.732283 0.515748,
        -2.271654 -1.496063 0.139209,
        -2.271654 -1.534044 0.123476,
        -2.271654 -1.732283 0.275591,
        -2.271654 -1.574803 0.118110,
        -2.271654 -1.417323 0.275591,
        -2.271654 -1.422689 0.234831,
        -2.271654 -1.438421 0.196850,
        -2.271654 -1.463448 0.164235,
        -2.271654 -1.653543 0.139209,
        -2.271654 -1.686159 0.164235,
        -2.271654 -1.711185 0.196850,
        -2.271654 -1.615562 0.123476,
        -2.271654 -1.726918 0.234831,
        -2.153543 -1.417323 0.275591,
        -2.153543 -1.574803 0.118110,
        -2.153543 -1.534044 0.123476,
        -2.153543 -1.732283 0.275591,
        -2.153543 -1.496063 0.139209,
        -2.153543 -1.463448 0.164235,
        -2.153543 -1.438421 0.196850,
        -2.153543 -1.711185 0.196850,
        -2.153543 -1.686159 0.164235,
        -2.153543 -1.653543 0.139209,
        -2.153543 -1.422689 0.234831,
        -2.153543 -1.726918 0.234831,
        -2.153543 -1.615562 0.123476,
      ]
    }
    coordIndex [
      0, 1, 2, -1,
      3, 4, 5, -1,
      5, 4, 6, -1,
      7, 8, 9, -1,
      9, 8, 10, -1,
      0, 2, 11, -1,
      11, 2, 12, -1,
      11, 12, 13, -1,
      13, 12, 14, -1,
      13, 14, 15, -1,
      1, 16, 2, -1,
      2, 16, 17, -1,
      2, 17, 18, -1,
      19, 20, 2, -1,
      2, 20, 21, -1,
      22, 23, 24, -1,
      24, 23, 25, -1,
      21, 26, 2, -1,
      2, 26, 25, -1,
      2, 25, 27, -1,
      27, 25, 23, -1,
      28, 29, 30, -1,
      30, 29, 31, -1,
      32, 33, 34, -1,
      34, 33, 35, -1,
      36, 37, 38, -1,
      38, 37, 14, -1,
      38, 14, 39, -1,
      39, 14, 33, -1,
      18, 40, 2, -1,
      2, 40, 41, -1,
      2, 41, 19, -1,
      32, 42, 33, -1,
      33, 42, 43, -1,
      33, 43, 39, -1,
      39, 43, 44, -1,
      39, 44, 30, -1,
      30, 44, 45, -1,
      30, 45, 28, -1,
      7, 46, 8, -1,
      8, 46, 47, -1,
      8, 47, 48, -1,
      48, 47, 49, -1,
      48, 49, 50, -1,
      37, 51, 14, -1,
      14, 51, 52, -1,
      14, 52, 53, -1,
      49, 54, 50, -1,
      50, 54, 55, -1,
      50, 55, 38, -1,
      38, 55, 56, -1,
      38, 56, 36, -1,
      53, 57, 14, -1,
      14, 57, 58, -1,
      14, 58, 15, -1,
      8, 30, 10, -1,
      10, 30, 31, -1,
      10, 31, 59, -1,
      59, 31, 60, -1,
      59, 60, 61, -1,
      3, 61, 4, -1,
      4, 61, 60, -1,
      4, 60, 62, -1,
      62, 60, 63, -1,
      62, 63, 64, -1,
      64, 65, 62, -1,
      62, 65, 66, -1,
      62, 66, 67, -1,
      67, 66, 68, -1,
      67, 68, 69, -1,
      70, 71, 72, -1,
      72, 71, 73, -1,
      74, 75, 4, -1,
      4, 75, 76, -1,
      77, 78, 76, -1,
      76, 78, 14, -1,
      76, 14, 4, -1,
      4, 14, 12, -1,
      4, 12, 6, -1,
      79, 80, 81, -1,
      81, 80, 82, -1,
      81, 82, 83, -1,
      84, 85, 78, -1,
      86, 87, 88, -1,
      88, 87, 89, -1,
      88, 89, 90, -1,
      90, 89, 91, -1,
      92, 78, 90, -1,
      90, 78, 77, -1,
      90, 77, 88, -1,
      93, 94, 95, -1,
      95, 94, 96, -1,
      97, 98, 99, -1,
      99, 98, 100, -1,
      100, 84, 99, -1,
      99, 84, 78, -1,
      99, 78, 95, -1,
      95, 78, 92, -1,
      95, 92, 93, -1,
      85, 101, 78, -1,
      78, 101, 102, -1,
      78, 102, 103, -1,
      96, 104, 95, -1,
      95, 104, 105, -1,
      95, 105, 106, -1,
      106, 107, 95, -1,
      95, 107, 108, -1,
      95, 108, 81, -1,
      81, 108, 109, -1,
      81, 109, 79, -1,
      110, 111, 91, -1,
      91, 111, 112, -1,
      91, 112, 90, -1,
      90, 112, 74, -1,
      90, 74, 113, -1,
      113, 74, 4, -1,
      113, 4, 114, -1,
      114, 4, 81, -1,
      114, 81, 115, -1,
      115, 81, 83, -1,
      97, 99, 116, -1,
      116, 99, 117, -1,
      116, 117, 118, -1,
      118, 117, 72, -1,
      118, 72, 4, -1,
      4, 72, 73, -1,
      4, 73, 81, -1,
      119, 120, 62, -1,
      119, 62, 121, -1,
      121, 62, 122, -1,
      121, 122, 123, -1,
      120, 124, 62, -1,
      62, 124, 125, -1,
      62, 125, 4, -1,
      4, 125, 126, -1,
      4, 126, 118, -1,
      127, 128, 129, -1,
      129, 128, 130, -1,
      129, 130, 131, -1,
      131, 132, 129, -1,
      129, 132, 133, -1,
      129, 133, 134, -1,
      134, 135, 129, -1,
      129, 135, 136, -1,
      129, 136, 137, -1,
      138, 139, 140, -1,
      140, 139, 141, -1,
      140, 141, 142, -1,
      142, 141, 143, -1,
      142, 143, 144, -1,
      144, 143, 145, -1,
      144, 145, 146, -1,
      146, 145, 147, -1,
      146, 147, 148, -1,
      148, 147, 149, -1,
      148, 149, 150, -1,
      150, 149, 151, -1,
      150, 151, 152, -1,
      152, 151, 153, -1,
      154, 155, 156, -1,
      156, 155, 157, -1,
      154, 158, 155, -1,
      155, 158, 159, -1,
      155, 159, 160, -1,
      139, 138, 161, -1,
      161, 138, 155, -1,
      161, 155, 162, -1,
      162, 155, 160, -1,
      78, 103, 163, -1,
      78, 163, 164, -1,
      164, 163, 165, -1,
      164, 165, 166, -1,
      166, 165, 167, -1,
      166, 167, 168, -1,
      168, 167, 169, -1,
      168, 169, 170, -1,
      170, 169, 171, -1,
      170, 171, 172, -1,
      172, 171, 173, -1,
      172, 173, 174, -1,
      174, 173, 128, -1,
      174, 128, 127, -1,
      175, 176, 177, -1,
      177, 176, 178, -1,
      177, 178, 179, -1,
      180, 181, 182, -1,
      182, 181, 177, -1,
      179, 183, 177, -1,
      177, 183, 184, -1,
      177, 184, 182, -1,
      185, 186, 187, -1,
      185, 187, 188, -1,
      186, 189, 187, -1,
      187, 189, 190, -1,
      187, 190, 191, -1,
      192, 193, 187, -1,
      187, 193, 194, -1,
      187, 194, 188, -1,
      195, 196, 197, -1,
      197, 196, 198, -1,
      197, 198, 199, -1,
      199, 198, 200, -1,
      199, 200, 201, -1,
      201, 200, 202, -1,
      201, 202, 203, -1,
      203, 202, 204, -1,
      203, 204, 205, -1,
      205, 204, 206, -1,
      205, 206, 207, -1,
      207, 206, 208, -1,
      207, 208, 192, -1,
      192, 208, 193, -1,
      181, 180, 209, -1,
      181, 209, 210, -1,
      210, 209, 211, -1,
      210, 211, 212, -1,
      212, 211, 213, -1,
      212, 213, 214, -1,
      214, 213, 215, -1,
      214, 215, 216, -1,
      216, 215, 217, -1,
      216, 217, 218, -1,
      218, 217, 219, -1,
      218, 219, 220, -1,
      220, 219, 35, -1,
      220, 35, 33, -1,
      221, 222, 223, -1,
      223, 222, 224, -1,
      223, 224, 225, -1,
      225, 224, 226, -1,
      225, 226, 227, -1,
      227, 226, 228, -1,
      227, 228, 229, -1,
      229, 228, 230, -1,
      229, 230, 231, -1,
      231, 230, 232, -1,
      231, 232, 187, -1,
      187, 232, 177, -1,
      187, 177, 192, -1,
      192, 177, 181, -1,
      192, 181, 207, -1,
      207, 181, 210, -1,
      207, 210, 205, -1,
      205, 210, 212, -1,
      205, 212, 203, -1,
      203, 212, 214, -1,
      203, 214, 201, -1,
      201, 214, 216, -1,
      201, 216, 199, -1,
      199, 216, 218, -1,
      199, 218, 197, -1,
      197, 218, 220, -1,
      197, 220, 195, -1,
      195, 220, 33, -1,
      195, 33, 152, -1,
      152, 33, 78, -1,
      152, 78, 150, -1,
      150, 78, 164, -1,
      150, 164, 148, -1,
      148, 164, 166, -1,
      148, 166, 146, -1,
      146, 166, 168, -1,
      146, 168, 144, -1,
      144, 168, 170, -1,
      144, 170, 142, -1,
      142, 170, 172, -1,
      142, 172, 140, -1,
      140, 172, 174, -1,
      140, 174, 138, -1,
      138, 174, 127, -1,
      138, 127, 155, -1,
      155, 127, 129, -1,
      155, 129, 233, -1,
      233, 129, 234, -1,
      233, 234, 235, -1,
      235, 234, 236, -1,
      235, 236, 237, -1,
      237, 236, 238, -1,
      237, 238, 239, -1,
      239, 238, 240, -1,
      239, 240, 241, -1,
      241, 240, 242, -1,
      241, 242, 243, -1,
      243, 242, 244, -1,
      243, 244, 245, -1,
      245, 244, 246, -1,
      245, 246, 247, -1,
      247, 246, 248, -1,
      247, 248, 221, -1,
      221, 248, 222, -1,
      249, 250, 251, -1,
      251, 250, 252, -1,
      251, 252, 253, -1,
      253, 252, 254, -1,
      253, 254, 255, -1,
      256, 257, 258, -1,
      258, 257, 259, -1,
      258, 259, 260, -1,
      260, 259, 261, -1,
      260, 261, 262, -1,
      262, 261, 263, -1,
      254, 264, 255, -1,
      255, 264, 265, -1,
      255, 265, 266, -1,
      266, 265, 267, -1,
      266, 267, 268, -1,
      268, 267, 269, -1,
      268, 269, 270, -1,
      270, 269, 271, -1,
      270, 271, 272, -1,
      272, 271, 273, -1,
      272, 273, 274, -1,
      274, 273, 275, -1,
      274, 275, 276, -1,
      276, 275, 277, -1,
      276, 277, 278, -1,
      278, 277, 279, -1,
      278, 279, 280, -1,
      280, 279, 281, -1,
      280, 281, 282, -1,
      282, 281, 283, -1,
      282, 283, 284, -1,
      284, 283, 285, -1,
      284, 285, 286, -1,
      286, 285, 287, -1,
      286, 287, 288, -1,
      288, 287, 289, -1,
      288, 289, 290, -1,
      290, 289, 291, -1,
      290, 291, 292, -1,
      292, 291, 293, -1,
      292, 293, 294, -1,
      294, 293, 295, -1,
      294, 295, 296, -1,
      296, 295, 297, -1,
      296, 297, 298, -1,
      298, 297, 299, -1,
      298, 299, 300, -1,
      300, 299, 301, -1,
      300, 301, 302, -1,
      302, 301, 303, -1,
      302, 303, 304, -1,
      304, 303, 305, -1,
      304, 305, 263, -1,
      263, 305, 306, -1,
      263, 306, 262, -1,
      246, 287, 248, -1,
      248, 287, 285, -1,
      307, 308, 309, -1,
      309, 308, 310, -1,
      309, 310, 311, -1,
      312, 313, 309, -1,
      309, 313, 314, -1,
      309, 314, 307, -1,
      315, 316, 310, -1,
      310, 316, 317, -1,
      310, 317, 311, -1,
      318, 319, 320, -1,
      320, 319, 321, -1,
      320, 321, 310, -1,
      310, 321, 322, -1,
      310, 322, 315, -1,
      323, 324, 325, -1,
      325, 324, 326, -1,
      325, 326, 327, -1,
      327, 326, 328, -1,
      327, 328, 329, -1,
      325, 330, 323, -1,
      323, 330, 331, -1,
      323, 331, 332, -1,
      329, 333, 327, -1,
      327, 333, 334, -1,
      327, 334, 335, -1,
      332, 336, 323, -1,
      323, 336, 337, -1,
      323, 337, 338, -1,
      339, 340, 341, -1,
      341, 340, 342, -1,
      341, 342, 343, -1,
      343, 342, 344, -1,
      343, 344, 345, -1,
      345, 344, 346, -1,
      345, 346, 347, -1,
      347, 346, 348, -1,
      347, 348, 349, -1,
      349, 348, 350, -1,
      349, 350, 351, -1,
      351, 350, 352, -1,
      351, 352, 353, -1,
      353, 352, 354, -1,
      355, 356, 357, -1,
      358, 356, 359, -1,
      359, 356, 360, -1,
      358, 361, 356, -1,
      356, 361, 362, -1,
      356, 362, 357, -1,
      363, 364, 357, -1,
      357, 364, 365, -1,
      357, 365, 355, -1,
      340, 339, 366, -1,
      366, 339, 367, -1,
      366, 367, 357, -1,
      357, 367, 368, -1,
      357, 368, 363, -1,
      245, 286, 243, -1,
      243, 286, 288, -1,
      243, 288, 241, -1,
      241, 288, 290, -1,
      241, 290, 239, -1,
      239, 290, 292, -1,
      239, 292, 237, -1,
      237, 292, 294, -1,
      237, 294, 235, -1,
      235, 294, 296, -1,
      235, 296, 233, -1,
      233, 296, 298, -1,
      300, 360, 298, -1,
      298, 360, 356, -1,
      298, 356, 233, -1,
      233, 356, 157, -1,
      233, 157, 155, -1,
      245, 247, 286, -1,
      286, 247, 284, -1,
      369, 270, 272, -1,
      231, 187, 191, -1,
      369, 272, 370, -1,
      191, 370, 231, -1,
      231, 370, 272, -1,
      231, 272, 229, -1,
      229, 272, 274, -1,
      229, 274, 227, -1,
      227, 274, 276, -1,
      227, 276, 225, -1,
      225, 276, 278, -1,
      225, 278, 223, -1,
      223, 278, 280, -1,
      223, 280, 221, -1,
      221, 280, 282, -1,
      221, 282, 247, -1,
      247, 282, 284, -1,
      371, 372, 373, -1,
      373, 372, 374, -1,
      373, 374, 375, -1,
      373, 376, 371, -1,
      371, 376, 377, -1,
      371, 377, 370, -1,
      370, 377, 378, -1,
      370, 378, 379, -1,
      379, 380, 370, -1,
      370, 380, 381, -1,
      370, 381, 369, -1,
      375, 382, 373, -1,
      373, 382, 383, -1,
      373, 383, 384, -1,
      385, 386, 387, -1,
      387, 386, 388, -1,
      387, 388, 389, -1,
      389, 388, 390, -1,
      389, 390, 391, -1,
      391, 390, 392, -1,
      391, 392, 393, -1,
      393, 392, 394, -1,
      393, 394, 395, -1,
      395, 394, 396, -1,
      395, 396, 397, -1,
      397, 396, 398, -1,
      397, 398, 384, -1,
      384, 398, 373, -1,
      399, 353, 354, -1,
      400, 196, 195, -1,
      401, 195, 402, -1,
      402, 195, 403, -1,
      153, 404, 152, -1,
      152, 404, 405, -1,
      152, 405, 195, -1,
      195, 405, 406, -1,
      195, 406, 403, -1,
      386, 407, 408, -1,
      408, 409, 386, -1,
      386, 409, 410, -1,
      386, 410, 354, -1,
      354, 410, 411, -1,
      354, 411, 399, -1,
      386, 385, 412, -1,
      413, 414, 401, -1,
      401, 414, 415, -1,
      401, 415, 195, -1,
      195, 415, 416, -1,
      195, 416, 400, -1,
      417, 418, 407, -1,
      407, 418, 419, -1,
      407, 419, 420, -1,
      412, 421, 386, -1,
      386, 421, 422, -1,
      386, 422, 407, -1,
      407, 422, 423, -1,
      407, 423, 417, -1,
      420, 419, 424, -1,
      424, 419, 425, -1,
      424, 425, 401, -1,
      401, 425, 426, -1,
      401, 426, 413, -1,
      335, 301, 299, -1,
      129, 137, 234, -1,
      234, 137, 327, -1,
      335, 299, 327, -1,
      327, 299, 234, -1,
      234, 299, 297, -1,
      234, 297, 236, -1,
      236, 297, 295, -1,
      236, 295, 238, -1,
      238, 295, 293, -1,
      238, 293, 240, -1,
      240, 293, 291, -1,
      240, 291, 242, -1,
      242, 291, 289, -1,
      242, 289, 244, -1,
      244, 289, 287, -1,
      244, 287, 246, -1,
      123, 122, 427, -1,
      123, 427, 428, -1,
      428, 427, 429, -1,
      428, 429, 430, -1,
      430, 429, 431, -1,
      430, 431, 432, -1,
      432, 431, 433, -1,
      432, 433, 434, -1,
      434, 433, 435, -1,
      434, 435, 436, -1,
      436, 435, 437, -1,
      436, 437, 438, -1,
      438, 437, 323, -1,
      438, 323, 338, -1,
      319, 318, 439, -1,
      319, 439, 440, -1,
      440, 439, 441, -1,
      440, 441, 442, -1,
      442, 441, 443, -1,
      442, 443, 444, -1,
      444, 443, 445, -1,
      444, 445, 446, -1,
      446, 445, 447, -1,
      446, 447, 448, -1,
      448, 447, 449, -1,
      448, 449, 450, -1,
      450, 449, 67, -1,
      450, 67, 69, -1,
      248, 285, 283, -1,
      248, 283, 222, -1,
      222, 283, 281, -1,
      222, 281, 224, -1,
      224, 281, 279, -1,
      224, 279, 226, -1,
      226, 279, 277, -1,
      226, 277, 228, -1,
      228, 277, 275, -1,
      228, 275, 230, -1,
      230, 275, 273, -1,
      230, 273, 232, -1,
      271, 312, 273, -1,
      273, 312, 309, -1,
      273, 309, 232, -1,
      232, 309, 175, -1,
      232, 175, 177, -1,
      425, 28, 426, -1,
      426, 28, 45, -1,
      426, 45, 413, -1,
      413, 45, 44, -1,
      413, 44, 414, -1,
      414, 44, 43, -1,
      414, 43, 415, -1,
      415, 43, 42, -1,
      415, 42, 416, -1,
      416, 42, 32, -1,
      416, 32, 400, -1,
      400, 32, 34, -1,
      28, 425, 29, -1,
      29, 425, 419, -1,
      412, 68, 421, -1,
      421, 68, 66, -1,
      421, 66, 422, -1,
      422, 66, 65, -1,
      422, 65, 423, -1,
      423, 65, 64, -1,
      423, 64, 417, -1,
      417, 64, 63, -1,
      417, 63, 418, -1,
      418, 63, 60, -1,
      418, 60, 419, -1,
      419, 60, 29, -1,
      400, 34, 196, -1,
      196, 34, 35, -1,
      196, 35, 198, -1,
      198, 35, 219, -1,
      198, 219, 200, -1,
      200, 219, 217, -1,
      200, 217, 202, -1,
      202, 217, 215, -1,
      202, 215, 204, -1,
      204, 215, 213, -1,
      204, 213, 206, -1,
      206, 213, 211, -1,
      206, 211, 208, -1,
      208, 211, 209, -1,
      208, 209, 193, -1,
      193, 209, 180, -1,
      193, 180, 194, -1,
      194, 180, 182, -1,
      383, 321, 384, -1,
      384, 321, 319, -1,
      384, 319, 397, -1,
      397, 319, 440, -1,
      397, 440, 395, -1,
      395, 440, 442, -1,
      395, 442, 393, -1,
      393, 442, 444, -1,
      393, 444, 391, -1,
      391, 444, 446, -1,
      391, 446, 389, -1,
      389, 446, 448, -1,
      389, 448, 387, -1,
      387, 448, 450, -1,
      387, 450, 385, -1,
      385, 450, 69, -1,
      385, 69, 412, -1,
      412, 69, 68, -1,
      366, 324, 340, -1,
      340, 324, 323, -1,
      340, 323, 342, -1,
      342, 323, 437, -1,
      342, 437, 344, -1,
      344, 437, 435, -1,
      344, 435, 346, -1,
      346, 435, 433, -1,
      346, 433, 348, -1,
      348, 433, 431, -1,
      348, 431, 350, -1,
      350, 431, 429, -1,
      350, 429, 352, -1,
      352, 429, 427, -1,
      352, 427, 354, -1,
      354, 427, 122, -1,
      354, 122, 386, -1,
      386, 122, 67, -1,
      386, 67, 388, -1,
      388, 67, 449, -1,
      388, 449, 390, -1,
      390, 449, 447, -1,
      390, 447, 392, -1,
      392, 447, 445, -1,
      392, 445, 394, -1,
      394, 445, 443, -1,
      394, 443, 396, -1,
      396, 443, 441, -1,
      396, 441, 398, -1,
      398, 441, 439, -1,
      398, 439, 373, -1,
      373, 439, 318, -1,
      373, 318, 376, -1,
      376, 318, 320, -1,
      404, 102, 405, -1,
      405, 102, 101, -1,
      405, 101, 406, -1,
      406, 101, 85, -1,
      406, 85, 403, -1,
      403, 85, 84, -1,
      403, 84, 402, -1,
      402, 84, 100, -1,
      402, 100, 401, -1,
      401, 100, 98, -1,
      401, 98, 424, -1,
      424, 98, 97, -1,
      420, 116, 407, -1,
      407, 116, 126, -1,
      407, 126, 408, -1,
      408, 126, 125, -1,
      408, 125, 409, -1,
      409, 125, 124, -1,
      409, 124, 410, -1,
      410, 124, 120, -1,
      410, 120, 411, -1,
      411, 120, 119, -1,
      411, 119, 399, -1,
      399, 119, 121, -1,
      116, 420, 97, -1,
      97, 420, 424, -1,
      161, 130, 139, -1,
      139, 130, 128, -1,
      139, 128, 141, -1,
      141, 128, 173, -1,
      141, 173, 143, -1,
      143, 173, 171, -1,
      143, 171, 145, -1,
      145, 171, 169, -1,
      145, 169, 147, -1,
      147, 169, 167, -1,
      147, 167, 149, -1,
      149, 167, 165, -1,
      149, 165, 151, -1,
      151, 165, 163, -1,
      151, 163, 153, -1,
      153, 163, 103, -1,
      153, 103, 404, -1,
      404, 103, 102, -1,
      399, 121, 353, -1,
      353, 121, 123, -1,
      353, 123, 351, -1,
      351, 123, 428, -1,
      351, 428, 349, -1,
      349, 428, 430, -1,
      349, 430, 347, -1,
      347, 430, 432, -1,
      347, 432, 345, -1,
      345, 432, 434, -1,
      345, 434, 343, -1,
      343, 434, 436, -1,
      343, 436, 341, -1,
      341, 436, 438, -1,
      341, 438, 339, -1,
      339, 438, 338, -1,
      339, 338, 367, -1,
      367, 338, 337, -1,
      451, 452, 453, -1,
      453, 452, 454, -1,
      455, 370, 456, -1,
      456, 370, 191, -1,
      457, 458, 459, -1,
      459, 458, 460, -1,
      459, 460, 461, -1,
      461, 462, 459, -1,
      459, 462, 463, -1,
      459, 463, 464, -1,
      455, 465, 370, -1,
      370, 465, 466, -1,
      370, 466, 467, -1,
      467, 466, 459, -1,
      467, 459, 468, -1,
      468, 459, 464, -1,
      457, 459, 469, -1,
      469, 459, 470, -1,
      469, 470, 471, -1,
      472, 473, 474, -1,
      474, 473, 475, -1,
      474, 475, 471, -1,
      471, 475, 476, -1,
      471, 476, 469, -1,
      474, 477, 472, -1,
      472, 477, 478, -1,
      472, 478, 479, -1,
      479, 478, 480, -1,
      479, 480, 481, -1,
      481, 480, 482, -1,
      481, 482, 483, -1,
      483, 482, 484, -1,
      483, 484, 485, -1,
      486, 484, 487, -1,
      487, 484, 482, -1,
      487, 482, 488, -1,
      482, 480, 488, -1,
      488, 480, 478, -1,
      488, 478, 489, -1,
      489, 478, 477, -1,
      489, 477, 474, -1,
      490, 491, 492, -1,
      493, 494, 495, -1,
      495, 494, 496, -1,
      495, 496, 497, -1,
      492, 491, 497, -1,
      497, 491, 498, -1,
      497, 498, 495, -1,
      493, 495, 309, -1,
      309, 495, 499, -1,
      309, 499, 175, -1,
      500, 501, 502, -1,
      492, 503, 490, -1,
      490, 503, 504, -1,
      490, 504, 505, -1,
      505, 504, 500, -1,
      505, 500, 506, -1,
      506, 500, 502, -1,
      501, 507, 502, -1,
      502, 507, 508, -1,
      502, 508, 509, -1,
      510, 486, 511, -1,
      511, 486, 487, -1,
      511, 487, 512, -1,
      512, 487, 488, -1,
      512, 488, 513, -1,
      513, 488, 489, -1,
      513, 489, 514, -1,
      514, 489, 515, -1,
      514, 515, 509, -1,
      509, 515, 516, -1,
      509, 516, 502, -1,
      485, 510, 483, -1,
      483, 510, 511, -1,
      483, 511, 481, -1,
      481, 511, 512, -1,
      481, 512, 479, -1,
      479, 512, 513, -1,
      479, 513, 472, -1,
      472, 513, 473, -1,
      517, 485, 518, -1,
      518, 485, 484, -1,
      518, 484, 519, -1,
      519, 484, 486, -1,
      519, 486, 520, -1,
      520, 486, 510, -1,
      510, 485, 520, -1,
      520, 485, 517, -1,
      517, 518, 521, -1,
      521, 518, 522, -1,
      521, 522, 523, -1,
      523, 522, 524, -1,
      523, 524, 525, -1,
      525, 524, 526, -1,
      525, 526, 527, -1,
      527, 526, 528, -1,
      527, 528, 529, -1,
      529, 528, 530, -1,
      529, 530, 531, -1,
      531, 530, 532, -1,
      518, 519, 522, -1,
      522, 519, 533, -1,
      522, 533, 524, -1,
      524, 533, 534, -1,
      524, 534, 526, -1,
      526, 534, 535, -1,
      526, 535, 528, -1,
      528, 535, 536, -1,
      528, 536, 530, -1,
      530, 536, 537, -1,
      530, 537, 532, -1,
      532, 537, 538, -1,
      539, 538, 537, -1,
      539, 537, 540, -1,
      540, 537, 536, -1,
      540, 536, 541, -1,
      541, 536, 535, -1,
      541, 535, 542, -1,
      542, 535, 534, -1,
      542, 534, 543, -1,
      543, 534, 533, -1,
      543, 533, 544, -1,
      544, 533, 519, -1,
      544, 519, 520, -1,
      531, 539, 529, -1,
      529, 539, 540, -1,
      529, 540, 527, -1,
      527, 540, 541, -1,
      527, 541, 525, -1,
      525, 541, 542, -1,
      525, 542, 523, -1,
      523, 542, 543, -1,
      523, 543, 521, -1,
      521, 543, 544, -1,
      521, 544, 517, -1,
      517, 544, 520, -1,
      545, 546, 547, -1,
      547, 546, 452, -1,
      547, 452, 548, -1,
      452, 451, 549, -1,
      531, 532, 549, -1,
      549, 532, 550, -1,
      549, 550, 452, -1,
      452, 550, 551, -1,
      452, 551, 548, -1,
      552, 553, 554, -1,
      451, 555, 549, -1,
      549, 555, 552, -1,
      549, 552, 556, -1,
      556, 552, 554, -1,
      550, 532, 557, -1,
      557, 532, 538, -1,
      558, 453, 559, -1,
      559, 453, 557, -1,
      559, 557, 539, -1,
      539, 557, 538, -1,
      453, 454, 557, -1,
      557, 454, 560, -1,
      557, 560, 561, -1,
      561, 562, 557, -1,
      557, 562, 563, -1,
      557, 563, 564, -1,
      559, 565, 558, -1,
      558, 565, 566, -1,
      558, 566, 567, -1,
      567, 566, 568, -1,
      559, 539, 549, -1,
      549, 539, 531, -1,
      569, 249, 251, -1,
      569, 251, 570, -1,
      570, 251, 253, -1,
      570, 253, 571, -1,
      571, 253, 255, -1,
      571, 255, 572, -1,
      572, 255, 266, -1,
      572, 266, 573, -1,
      573, 266, 574, -1,
      574, 266, 268, -1,
      574, 268, 575, -1,
      369, 576, 270, -1,
      270, 576, 577, -1,
      270, 577, 578, -1,
      578, 579, 270, -1,
      270, 579, 580, -1,
      270, 580, 268, -1,
      268, 580, 581, -1,
      268, 581, 575, -1,
      582, 569, 583, -1,
      583, 569, 570, -1,
      583, 570, 584, -1,
      570, 571, 584, -1,
      584, 571, 572, -1,
      584, 572, 585, -1,
      585, 572, 573, -1,
      585, 573, 574, -1,
      312, 271, 586, -1,
      586, 271, 587, -1,
      269, 267, 588, -1,
      588, 589, 269, -1,
      269, 589, 590, -1,
      269, 590, 271, -1,
      271, 590, 591, -1,
      271, 591, 587, -1,
      265, 264, 592, -1,
      592, 593, 265, -1,
      265, 593, 594, -1,
      265, 594, 267, -1,
      267, 594, 595, -1,
      267, 595, 588, -1,
      250, 582, 252, -1,
      252, 582, 583, -1,
      252, 583, 254, -1,
      254, 583, 584, -1,
      254, 584, 264, -1,
      264, 584, 585, -1,
      264, 585, 592, -1,
      596, 249, 597, -1,
      597, 249, 569, -1,
      597, 569, 598, -1,
      598, 569, 582, -1,
      598, 582, 599, -1,
      599, 582, 250, -1,
      250, 249, 599, -1,
      599, 249, 596, -1,
      596, 597, 600, -1,
      600, 597, 601, -1,
      600, 601, 602, -1,
      602, 601, 603, -1,
      602, 603, 604, -1,
      604, 603, 605, -1,
      604, 605, 606, -1,
      606, 605, 607, -1,
      606, 607, 608, -1,
      608, 607, 609, -1,
      608, 609, 610, -1,
      610, 609, 611, -1,
      597, 598, 601, -1,
      601, 598, 612, -1,
      601, 612, 603, -1,
      603, 612, 613, -1,
      603, 613, 605, -1,
      605, 613, 614, -1,
      605, 614, 607, -1,
      607, 614, 615, -1,
      607, 615, 609, -1,
      609, 615, 616, -1,
      609, 616, 611, -1,
      611, 616, 617, -1,
      618, 617, 616, -1,
      618, 616, 619, -1,
      619, 616, 615, -1,
      619, 615, 620, -1,
      620, 615, 614, -1,
      620, 614, 621, -1,
      621, 614, 613, -1,
      621, 613, 622, -1,
      622, 613, 612, -1,
      622, 612, 623, -1,
      623, 612, 598, -1,
      623, 598, 599, -1,
      610, 618, 608, -1,
      608, 618, 619, -1,
      608, 619, 606, -1,
      606, 619, 620, -1,
      606, 620, 604, -1,
      604, 620, 621, -1,
      604, 621, 602, -1,
      602, 621, 622, -1,
      602, 622, 600, -1,
      600, 622, 623, -1,
      600, 623, 596, -1,
      596, 623, 599, -1,
      624, 625, 626, -1,
      626, 625, 627, -1,
      610, 611, 626, -1,
      626, 611, 628, -1,
      626, 628, 629, -1,
      629, 630, 626, -1,
      626, 630, 631, -1,
      626, 631, 624, -1,
      632, 633, 634, -1,
      627, 635, 626, -1,
      626, 635, 632, -1,
      626, 632, 636, -1,
      636, 632, 634, -1,
      628, 611, 637, -1,
      637, 611, 617, -1,
      638, 639, 640, -1,
      639, 641, 640, -1,
      640, 641, 642, -1,
      640, 642, 643, -1,
      644, 645, 646, -1,
      617, 618, 637, -1,
      637, 618, 640, -1,
      637, 640, 647, -1,
      647, 640, 643, -1,
      640, 648, 638, -1,
      638, 648, 644, -1,
      638, 644, 649, -1,
      649, 644, 646, -1,
      640, 618, 626, -1,
      626, 618, 610, -1,
      650, 651, 652, -1,
      652, 651, 653, -1,
      654, 655, 656, -1,
      657, 658, 659, -1,
      659, 658, 660, -1,
      659, 660, 661, -1,
      656, 655, 661, -1,
      661, 655, 662, -1,
      661, 662, 659, -1,
      657, 659, 137, -1,
      137, 659, 663, -1,
      137, 663, 327, -1,
      664, 665, 666, -1,
      656, 667, 654, -1,
      654, 667, 668, -1,
      654, 668, 669, -1,
      669, 668, 664, -1,
      669, 664, 670, -1,
      670, 664, 666, -1,
      665, 671, 666, -1,
      666, 671, 672, -1,
      666, 672, 673, -1,
      674, 675, 676, -1,
      676, 675, 677, -1,
      676, 677, 678, -1,
      678, 677, 679, -1,
      678, 679, 680, -1,
      680, 679, 681, -1,
      680, 681, 682, -1,
      682, 681, 683, -1,
      682, 683, 673, -1,
      673, 683, 684, -1,
      673, 684, 666, -1,
      685, 674, 686, -1,
      686, 674, 676, -1,
      686, 676, 687, -1,
      687, 676, 678, -1,
      687, 678, 688, -1,
      688, 678, 680, -1,
      688, 680, 689, -1,
      689, 680, 690, -1,
      691, 157, 692, -1,
      692, 157, 356, -1,
      693, 694, 695, -1,
      695, 694, 696, -1,
      695, 696, 697, -1,
      697, 698, 695, -1,
      695, 698, 699, -1,
      695, 699, 700, -1,
      691, 701, 157, -1,
      157, 701, 702, -1,
      157, 702, 703, -1,
      703, 702, 695, -1,
      703, 695, 704, -1,
      704, 695, 700, -1,
      693, 695, 705, -1,
      705, 695, 706, -1,
      705, 706, 707, -1,
      689, 690, 708, -1,
      708, 690, 709, -1,
      708, 709, 707, -1,
      707, 709, 710, -1,
      707, 710, 705, -1,
      708, 711, 689, -1,
      689, 711, 712, -1,
      689, 712, 688, -1,
      688, 712, 713, -1,
      688, 713, 687, -1,
      687, 713, 714, -1,
      687, 714, 686, -1,
      686, 714, 715, -1,
      686, 715, 685, -1,
      675, 715, 677, -1,
      677, 715, 714, -1,
      677, 714, 679, -1,
      714, 713, 679, -1,
      679, 713, 712, -1,
      679, 712, 681, -1,
      681, 712, 711, -1,
      681, 711, 708, -1,
      716, 675, 717, -1,
      717, 675, 674, -1,
      717, 674, 718, -1,
      718, 674, 685, -1,
      718, 685, 719, -1,
      719, 685, 715, -1,
      715, 675, 719, -1,
      719, 675, 716, -1,
      720, 721, 722, -1,
      720, 722, 723, -1,
      723, 722, 724, -1,
      723, 724, 725, -1,
      725, 724, 726, -1,
      725, 726, 727, -1,
      727, 726, 728, -1,
      727, 728, 729, -1,
      729, 728, 730, -1,
      729, 730, 731, -1,
      731, 730, 716, -1,
      731, 716, 717, -1,
      732, 720, 733, -1,
      733, 720, 723, -1,
      733, 723, 734, -1,
      734, 723, 725, -1,
      734, 725, 735, -1,
      735, 725, 727, -1,
      735, 727, 736, -1,
      736, 727, 729, -1,
      736, 729, 737, -1,
      737, 729, 731, -1,
      737, 731, 718, -1,
      718, 731, 717, -1,
      718, 719, 737, -1,
      737, 719, 738, -1,
      737, 738, 736, -1,
      736, 738, 739, -1,
      736, 739, 735, -1,
      735, 739, 740, -1,
      735, 740, 734, -1,
      734, 740, 741, -1,
      734, 741, 733, -1,
      733, 741, 742, -1,
      733, 742, 732, -1,
      732, 742, 743, -1,
      719, 716, 738, -1,
      738, 716, 730, -1,
      738, 730, 739, -1,
      739, 730, 728, -1,
      739, 728, 740, -1,
      740, 728, 726, -1,
      740, 726, 741, -1,
      741, 726, 724, -1,
      741, 724, 742, -1,
      742, 724, 722, -1,
      742, 722, 743, -1,
      743, 722, 721, -1,
      744, 745, 746, -1,
      746, 745, 651, -1,
      746, 651, 747, -1,
      651, 650, 748, -1,
      721, 720, 748, -1,
      748, 720, 749, -1,
      748, 749, 651, -1,
      651, 749, 750, -1,
      651, 750, 747, -1,
      751, 752, 753, -1,
      650, 754, 748, -1,
      748, 754, 751, -1,
      748, 751, 755, -1,
      755, 751, 753, -1,
      749, 720, 756, -1,
      756, 720, 732, -1,
      757, 652, 758, -1,
      758, 652, 756, -1,
      758, 756, 743, -1,
      743, 756, 732, -1,
      652, 653, 756, -1,
      756, 653, 759, -1,
      756, 759, 760, -1,
      760, 761, 756, -1,
      756, 761, 762, -1,
      756, 762, 763, -1,
      758, 764, 757, -1,
      757, 764, 765, -1,
      757, 765, 766, -1,
      766, 765, 767, -1,
      758, 743, 748, -1,
      748, 743, 721, -1,
      768, 256, 769, -1,
      769, 256, 258, -1,
      769, 258, 770, -1,
      770, 258, 260, -1,
      770, 260, 771, -1,
      771, 260, 262, -1,
      306, 772, 262, -1,
      262, 772, 773, -1,
      262, 773, 771, -1,
      305, 774, 306, -1,
      306, 774, 775, -1,
      306, 775, 772, -1,
      303, 776, 305, -1,
      305, 776, 777, -1,
      305, 777, 774, -1,
      301, 335, 778, -1,
      778, 779, 301, -1,
      301, 779, 780, -1,
      301, 780, 303, -1,
      303, 780, 781, -1,
      303, 781, 776, -1,
      782, 768, 783, -1,
      783, 768, 769, -1,
      783, 769, 784, -1,
      784, 769, 770, -1,
      784, 770, 785, -1,
      785, 770, 771, -1,
      785, 771, 786, -1,
      786, 771, 787, -1,
      300, 302, 788, -1,
      788, 789, 300, -1,
      300, 789, 790, -1,
      300, 790, 791, -1,
      791, 792, 300, -1,
      300, 792, 793, -1,
      300, 793, 360, -1,
      786, 787, 302, -1,
      302, 787, 794, -1,
      302, 794, 788, -1,
      302, 304, 786, -1,
      786, 304, 263, -1,
      786, 263, 785, -1,
      785, 263, 261, -1,
      785, 261, 784, -1,
      784, 261, 259, -1,
      784, 259, 783, -1,
      783, 259, 257, -1,
      783, 257, 782, -1,
      795, 256, 796, -1,
      796, 256, 768, -1,
      796, 768, 797, -1,
      797, 768, 782, -1,
      797, 782, 798, -1,
      798, 782, 257, -1,
      257, 256, 798, -1,
      798, 256, 795, -1,
      799, 800, 801, -1,
      799, 801, 802, -1,
      802, 801, 803, -1,
      802, 803, 804, -1,
      804, 803, 805, -1,
      804, 805, 806, -1,
      806, 805, 807, -1,
      806, 807, 808, -1,
      808, 807, 809, -1,
      808, 809, 810, -1,
      810, 809, 795, -1,
      810, 795, 796, -1,
      811, 799, 812, -1,
      812, 799, 802, -1,
      812, 802, 813, -1,
      813, 802, 804, -1,
      813, 804, 814, -1,
      814, 804, 806, -1,
      814, 806, 815, -1,
      815, 806, 808, -1,
      815, 808, 816, -1,
      816, 808, 810, -1,
      816, 810, 797, -1,
      797, 810, 796, -1,
      797, 798, 816, -1,
      816, 798, 817, -1,
      816, 817, 815, -1,
      815, 817, 818, -1,
      815, 818, 814, -1,
      814, 818, 819, -1,
      814, 819, 813, -1,
      813, 819, 820, -1,
      813, 820, 812, -1,
      812, 820, 821, -1,
      812, 821, 811, -1,
      811, 821, 822, -1,
      798, 795, 817, -1,
      817, 795, 809, -1,
      817, 809, 818, -1,
      818, 809, 807, -1,
      818, 807, 819, -1,
      819, 807, 805, -1,
      819, 805, 820, -1,
      820, 805, 803, -1,
      820, 803, 821, -1,
      821, 803, 801, -1,
      821, 801, 822, -1,
      822, 801, 800, -1,
      823, 824, 825, -1,
      825, 824, 826, -1,
      800, 799, 825, -1,
      825, 799, 827, -1,
      825, 827, 828, -1,
      828, 829, 825, -1,
      825, 829, 830, -1,
      825, 830, 823, -1,
      831, 832, 833, -1,
      826, 834, 825, -1,
      825, 834, 831, -1,
      825, 831, 835, -1,
      835, 831, 833, -1,
      827, 799, 836, -1,
      836, 799, 811, -1,
      837, 838, 839, -1,
      838, 840, 839, -1,
      839, 840, 841, -1,
      839, 841, 842, -1,
      843, 844, 845, -1,
      811, 822, 836, -1,
      836, 822, 839, -1,
      836, 839, 846, -1,
      846, 839, 842, -1,
      839, 847, 837, -1,
      837, 847, 843, -1,
      837, 843, 848, -1,
      848, 843, 845, -1,
      839, 822, 825, -1,
      825, 822, 800, -1,
      312, 369, 313, -1,
      313, 369, 381, -1,
      313, 381, 314, -1,
      314, 381, 380, -1,
      314, 380, 307, -1,
      307, 380, 379, -1,
      307, 379, 308, -1,
      308, 379, 378, -1,
      308, 378, 310, -1,
      310, 378, 377, -1,
      310, 377, 320, -1,
      320, 377, 376, -1,
      580, 595, 581, -1,
      581, 595, 594, -1,
      581, 594, 575, -1,
      575, 594, 593, -1,
      575, 593, 574, -1,
      574, 593, 592, -1,
      574, 592, 585, -1,
      591, 590, 579, -1,
      579, 590, 589, -1,
      579, 589, 580, -1,
      580, 589, 588, -1,
      580, 588, 595, -1,
      579, 578, 591, -1,
      591, 578, 577, -1,
      591, 577, 587, -1,
      587, 577, 576, -1,
      587, 576, 586, -1,
      586, 576, 369, -1,
      586, 369, 312, -1,
      360, 335, 359, -1,
      359, 335, 334, -1,
      359, 334, 358, -1,
      358, 334, 333, -1,
      358, 333, 361, -1,
      361, 333, 329, -1,
      361, 329, 362, -1,
      362, 329, 328, -1,
      362, 328, 357, -1,
      357, 328, 326, -1,
      357, 326, 366, -1,
      366, 326, 324, -1,
      787, 771, 773, -1,
      787, 773, 794, -1,
      773, 772, 794, -1,
      794, 772, 775, -1,
      794, 775, 788, -1,
      788, 775, 774, -1,
      788, 774, 789, -1,
      789, 774, 777, -1,
      789, 777, 790, -1,
      777, 776, 790, -1,
      790, 776, 781, -1,
      790, 781, 791, -1,
      781, 780, 791, -1,
      791, 780, 779, -1,
      791, 779, 792, -1,
      792, 779, 778, -1,
      792, 778, 793, -1,
      793, 778, 335, -1,
      793, 335, 360, -1,
      695, 670, 706, -1,
      706, 670, 666, -1,
      706, 666, 707, -1,
      707, 666, 684, -1,
      707, 684, 708, -1,
      708, 684, 683, -1,
      708, 683, 681, -1,
      662, 655, 702, -1,
      702, 655, 654, -1,
      702, 654, 695, -1,
      695, 654, 669, -1,
      695, 669, 670, -1,
      702, 701, 662, -1,
      662, 701, 691, -1,
      662, 691, 659, -1,
      659, 691, 692, -1,
      659, 692, 663, -1,
      663, 692, 356, -1,
      663, 356, 327, -1,
      367, 337, 368, -1,
      368, 337, 336, -1,
      368, 336, 363, -1,
      363, 336, 332, -1,
      363, 332, 364, -1,
      364, 332, 331, -1,
      364, 331, 365, -1,
      365, 331, 330, -1,
      365, 330, 355, -1,
      355, 330, 325, -1,
      355, 325, 356, -1,
      356, 325, 327, -1,
      473, 513, 514, -1,
      473, 514, 475, -1,
      475, 514, 509, -1,
      475, 509, 476, -1,
      509, 508, 476, -1,
      476, 508, 507, -1,
      476, 507, 469, -1,
      469, 507, 501, -1,
      469, 501, 457, -1,
      457, 501, 458, -1,
      501, 500, 458, -1,
      458, 500, 504, -1,
      458, 504, 460, -1,
      460, 504, 503, -1,
      460, 503, 461, -1,
      461, 503, 492, -1,
      461, 492, 462, -1,
      462, 492, 497, -1,
      309, 370, 493, -1,
      493, 370, 467, -1,
      493, 467, 494, -1,
      494, 467, 468, -1,
      494, 468, 496, -1,
      496, 468, 464, -1,
      496, 464, 497, -1,
      497, 464, 463, -1,
      497, 463, 462, -1,
      321, 383, 322, -1,
      322, 383, 382, -1,
      322, 382, 315, -1,
      315, 382, 375, -1,
      315, 375, 316, -1,
      316, 375, 374, -1,
      316, 374, 317, -1,
      317, 374, 372, -1,
      317, 372, 311, -1,
      311, 372, 371, -1,
      311, 371, 309, -1,
      309, 371, 370, -1,
      459, 506, 470, -1,
      470, 506, 502, -1,
      470, 502, 471, -1,
      471, 502, 516, -1,
      471, 516, 474, -1,
      474, 516, 515, -1,
      474, 515, 489, -1,
      498, 491, 466, -1,
      466, 491, 490, -1,
      466, 490, 459, -1,
      459, 490, 505, -1,
      459, 505, 506, -1,
      466, 465, 498, -1,
      498, 465, 455, -1,
      498, 455, 495, -1,
      495, 455, 456, -1,
      495, 456, 499, -1,
      499, 456, 191, -1,
      499, 191, 175, -1,
      194, 182, 188, -1,
      188, 182, 184, -1,
      188, 184, 185, -1,
      185, 184, 183, -1,
      185, 183, 186, -1,
      186, 183, 179, -1,
      186, 179, 189, -1,
      189, 179, 178, -1,
      189, 178, 190, -1,
      190, 178, 176, -1,
      190, 176, 191, -1,
      191, 176, 175, -1,
      690, 680, 682, -1,
      690, 682, 709, -1,
      709, 682, 673, -1,
      709, 673, 710, -1,
      673, 672, 710, -1,
      710, 672, 671, -1,
      710, 671, 705, -1,
      705, 671, 665, -1,
      705, 665, 693, -1,
      693, 665, 694, -1,
      665, 664, 694, -1,
      694, 664, 668, -1,
      694, 668, 696, -1,
      696, 668, 667, -1,
      696, 667, 697, -1,
      697, 667, 656, -1,
      697, 656, 698, -1,
      698, 656, 661, -1,
      137, 157, 657, -1,
      657, 157, 703, -1,
      657, 703, 658, -1,
      658, 703, 704, -1,
      658, 704, 660, -1,
      660, 704, 700, -1,
      660, 700, 661, -1,
      661, 700, 699, -1,
      661, 699, 698, -1,
      130, 161, 131, -1,
      131, 161, 162, -1,
      131, 162, 132, -1,
      132, 162, 160, -1,
      132, 160, 133, -1,
      133, 160, 159, -1,
      133, 159, 134, -1,
      134, 159, 158, -1,
      134, 158, 135, -1,
      135, 158, 154, -1,
      135, 154, 136, -1,
      136, 154, 156, -1,
      136, 156, 137, -1,
      137, 156, 157, -1,
      758, 748, 755, -1,
      758, 755, 764, -1,
      764, 755, 753, -1,
      764, 753, 765, -1,
      765, 753, 752, -1,
      765, 752, 767, -1,
      767, 752, 751, -1,
      767, 751, 766, -1,
      766, 751, 754, -1,
      766, 754, 757, -1,
      757, 754, 650, -1,
      757, 650, 652, -1,
      749, 756, 763, -1,
      749, 763, 750, -1,
      750, 763, 762, -1,
      750, 762, 747, -1,
      747, 762, 761, -1,
      747, 761, 746, -1,
      746, 761, 760, -1,
      746, 760, 744, -1,
      744, 760, 759, -1,
      744, 759, 745, -1,
      745, 759, 653, -1,
      745, 653, 651, -1,
      559, 549, 556, -1,
      559, 556, 565, -1,
      565, 556, 554, -1,
      565, 554, 566, -1,
      566, 554, 553, -1,
      566, 553, 568, -1,
      568, 553, 552, -1,
      568, 552, 567, -1,
      567, 552, 555, -1,
      567, 555, 558, -1,
      558, 555, 451, -1,
      558, 451, 453, -1,
      550, 557, 564, -1,
      550, 564, 551, -1,
      551, 564, 563, -1,
      551, 563, 548, -1,
      548, 563, 562, -1,
      548, 562, 547, -1,
      547, 562, 561, -1,
      547, 561, 545, -1,
      545, 561, 560, -1,
      545, 560, 546, -1,
      546, 560, 454, -1,
      546, 454, 452, -1,
      640, 626, 636, -1,
      640, 636, 648, -1,
      648, 636, 634, -1,
      648, 634, 644, -1,
      644, 634, 633, -1,
      644, 633, 645, -1,
      645, 633, 632, -1,
      645, 632, 646, -1,
      646, 632, 635, -1,
      646, 635, 649, -1,
      649, 635, 627, -1,
      649, 627, 638, -1,
      628, 637, 647, -1,
      628, 647, 629, -1,
      629, 647, 643, -1,
      629, 643, 630, -1,
      630, 643, 642, -1,
      630, 642, 631, -1,
      631, 642, 641, -1,
      631, 641, 624, -1,
      624, 641, 639, -1,
      624, 639, 625, -1,
      625, 639, 638, -1,
      625, 638, 627, -1,
      839, 825, 835, -1,
      839, 835, 847, -1,
      847, 835, 833, -1,
      847, 833, 843, -1,
      843, 833, 832, -1,
      843, 832, 844, -1,
      844, 832, 831, -1,
      844, 831, 845, -1,
      845, 831, 834, -1,
      845, 834, 848, -1,
      848, 834, 826, -1,
      848, 826, 837, -1,
      827, 836, 846, -1,
      827, 846, 828, -1,
      828, 846, 842, -1,
      828, 842, 829, -1,
      829, 842, 841, -1,
      829, 841, 830, -1,
      830, 841, 840, -1,
      830, 840, 823, -1,
      823, 840, 838, -1,
      823, 838, 824, -1,
      824, 838, 837, -1,
      824, 837, 826, -1,
    ]
  }
}

Shape {
  appearance Appearance {
    material Material {
      diffuseColor 0.2235 0.2235 0.2235
      specularColor 0.1137 0.1137 0.1137
      ambientIntensity 0.2
      transparency 0.0000
      shininess 0.5
    }
  }
  geometry IndexedFaceSet {
    ccw TRUE
    solid FALSE
    coord DEF co Coordinate {
      point [
        0.168531 -0.086610 0.059055,
        0.187914 -0.088787 0.059055,
        0.125959 -0.234402 0.059055,
        0.163306 -0.265456 0.059055,
        0.143415 -0.262669 0.059055,
        0.122431 -0.254053 0.059055,
        0.219934 -0.257573 0.059055,
        0.285673 -0.264256 0.059055,
        0.200854 -0.264141 0.059055,
        0.188172 -0.265456 0.059055,
        0.144604 -0.089719 0.059055,
        0.122431 -0.232447 0.059055,
        0.122431 -0.099213 0.059055,
        0.122431 -0.072806 0.059055,
        0.202648 -0.094104 0.059055,
        0.216273 -0.103219 0.059055,
        0.228160 -0.116343 0.059055,
        0.242462 -0.167931 0.059055,
        0.240469 -0.189241 0.059055,
        0.235121 -0.206173 0.059055,
        0.191317 -0.242991 0.059055,
        0.172957 -0.245050 0.059055,
        0.205661 -0.237711 0.059055,
        0.217742 -0.229568 0.059055,
        0.226980 -0.219822 0.059055,
        0.146827 -0.242150 0.059055,
        0.386499 -0.264256 0.059055,
        0.258480 -0.119253 0.059055,
        0.246942 -0.100848 0.059055,
        0.360092 -0.067405 0.059055,
        0.386499 -0.067405 0.059055,
        0.236276 -0.131541 0.059055,
        0.241523 -0.152615 0.059055,
        0.235768 -0.247462 0.059055,
        0.250554 -0.231896 0.059055,
        0.285673 -0.242650 0.059055,
        0.261041 -0.213178 0.059055,
        0.360092 -0.242650 0.059055,
        0.229170 -0.083757 0.059055,
        0.210472 -0.072994 0.059055,
        0.188527 -0.066619 0.059055,
        0.266965 -0.192341 0.059055,
        0.268869 -0.169544 0.059055,
        0.266037 -0.141557 0.059055,
        0.168756 -0.065004 0.059055,
        0.145191 -0.066630 0.059055,
        0.176595 -0.266656 0.059055,
        0.171213 -0.266564 0.059055,
        -0.361780 -0.209041 0.059055,
        -0.280459 -0.209041 0.059055,
        -0.381698 -0.264256 0.059055,
        -0.261667 -0.264256 0.059055,
        -0.021606 -0.264256 0.059055,
        0.084022 -0.264256 0.059055,
        0.084022 -0.067405 0.059055,
        -0.016804 -0.067405 0.059055,
        -0.208626 -0.210303 0.059055,
        -0.197337 -0.227910 0.059055,
        -0.232859 -0.264256 0.059055,
        -0.181135 -0.243424 0.059055,
        -0.160581 -0.255369 0.059055,
        0.057615 -0.089011 0.059055,
        0.057615 -0.153827 0.059055,
        -0.016804 -0.089011 0.059055,
        -0.012003 -0.153827 0.059055,
        -0.060015 -0.067405 0.059055,
        -0.012003 -0.175433 0.059055,
        -0.115567 -0.067405 0.059055,
        -0.144007 -0.070445 0.059055,
        -0.167038 -0.078533 0.059055,
        -0.307279 -0.067405 0.059055,
        -0.188464 -0.092891 0.059055,
        -0.333685 -0.067405 0.059055,
        -0.188670 -0.093072 0.059055,
        -0.202590 -0.108507 0.059055,
        -0.211738 -0.125437 0.059055,
        -0.217025 -0.144832 0.059055,
        -0.218456 -0.163355 0.059055,
        -0.215694 -0.189699 0.059055,
        0.057615 -0.175433 0.059055,
        0.057615 -0.242650 0.059055,
        -0.021606 -0.242650 0.059055,
        -0.060015 -0.264256 0.059055,
        -0.113542 -0.264256 0.059055,
        -0.137898 -0.262129 0.059055,
        -0.410505 -0.264256 0.059055,
        -0.333685 -0.067405 0.062992,
        -0.410505 -0.264256 0.062992,
        -0.381698 -0.264256 0.062992,
        -0.361780 -0.209041 0.062992,
        -0.280459 -0.209041 0.062992,
        -0.261667 -0.264256 0.062992,
        -0.232859 -0.264256 0.062992,
        -0.307279 -0.067405 0.062992,
        -0.287098 -0.187436 0.062992,
        -0.352928 -0.187436 0.062992,
        -0.316469 -0.105215 0.062992,
        -0.318363 -0.098387 0.062992,
        -0.319619 -0.091411 0.062992,
        -0.320257 -0.091411 0.062992,
        -0.321541 -0.098367 0.062992,
        -0.323295 -0.105215 0.062992,
        -0.287098 -0.187436 0.059055,
        -0.352928 -0.187436 0.059055,
        -0.316469 -0.105215 0.059055,
        -0.318363 -0.098387 0.059055,
        -0.319619 -0.091411 0.059055,
        -0.320257 -0.091411 0.059055,
        -0.321541 -0.098367 0.059055,
        -0.323295 -0.105215 0.059055,
        -0.113542 -0.264256 0.062992,
        -0.060015 -0.264256 0.062992,
        -0.060015 -0.067405 0.062992,
        -0.115567 -0.067405 0.062992,
        -0.218456 -0.163355 0.062992,
        -0.217025 -0.144832 0.062992,
        -0.211738 -0.125437 0.062992,
        -0.202590 -0.108507 0.062992,
        -0.188670 -0.093072 0.062992,
        -0.188464 -0.092891 0.062992,
        -0.167038 -0.078533 0.062992,
        -0.144007 -0.070445 0.062992,
        -0.137898 -0.262129 0.062992,
        -0.160581 -0.255369 0.062992,
        -0.181135 -0.243424 0.062992,
        -0.197337 -0.227910 0.062992,
        -0.208626 -0.210303 0.062992,
        -0.215694 -0.189699 0.062992,
        -0.178943 -0.116615 0.062992,
        -0.169381 -0.106463 0.062992,
        -0.155002 -0.097173 0.062992,
        -0.138754 -0.091487 0.062992,
        -0.115455 -0.089011 0.062992,
        -0.086422 -0.089011 0.062992,
        -0.086422 -0.242650 0.062992,
        -0.114367 -0.242650 0.062992,
        -0.135135 -0.240717 0.062992,
        -0.151700 -0.235546 0.062992,
        -0.165125 -0.227574 0.062992,
        -0.176166 -0.216669 0.062992,
        -0.184468 -0.203097 0.062992,
        -0.190242 -0.184593 0.062992,
        -0.192049 -0.163917 0.062992,
        -0.190377 -0.144326 0.062992,
        -0.185781 -0.128756 0.062992,
        -0.115455 -0.089011 0.059055,
        -0.086422 -0.089011 0.059055,
        -0.138754 -0.091487 0.059055,
        -0.155002 -0.097173 0.059055,
        -0.169381 -0.106463 0.059055,
        -0.178943 -0.116615 0.059055,
        -0.185781 -0.128756 0.059055,
        -0.190377 -0.144326 0.059055,
        -0.192049 -0.163917 0.059055,
        -0.190242 -0.184593 0.059055,
        -0.184468 -0.203097 0.059055,
        -0.176166 -0.216669 0.059055,
        -0.165125 -0.227574 0.059055,
        -0.151700 -0.235546 0.059055,
        -0.135135 -0.240717 0.059055,
        -0.114367 -0.242650 0.059055,
        -0.086422 -0.242650 0.059055,
        -0.021606 -0.242650 0.062992,
        -0.021606 -0.264256 0.062992,
        0.084022 -0.264256 0.062992,
        0.084022 -0.067405 0.062992,
        -0.016804 -0.067405 0.062992,
        -0.016804 -0.089011 0.062992,
        0.057615 -0.089011 0.062992,
        0.057615 -0.153827 0.062992,
        -0.012003 -0.153827 0.062992,
        -0.012003 -0.175433 0.062992,
        0.057615 -0.175433 0.062992,
        0.057615 -0.242650 0.062992,
        0.122431 -0.232447 0.062992,
        0.122431 -0.254053 0.062992,
        0.143415 -0.262669 0.062992,
        0.176595 -0.266656 0.062992,
        0.171213 -0.266564 0.062992,
        0.268869 -0.169544 0.062992,
        0.266965 -0.192341 0.062992,
        0.261041 -0.213178 0.062992,
        0.250554 -0.231896 0.062992,
        0.235768 -0.247462 0.062992,
        0.219934 -0.257573 0.062992,
        0.200854 -0.264141 0.062992,
        0.168756 -0.065004 0.062992,
        0.188527 -0.066619 0.062992,
        0.210472 -0.072994 0.062992,
        0.229170 -0.083757 0.062992,
        0.246942 -0.100848 0.062992,
        0.258480 -0.119253 0.062992,
        0.266037 -0.141557 0.062992,
        0.122431 -0.072806 0.062992,
        0.145191 -0.066630 0.062992,
        0.122431 -0.099213 0.062992,
        0.168531 -0.086610 0.062992,
        0.144604 -0.089719 0.062992,
        0.242462 -0.167931 0.062992,
        0.241523 -0.152615 0.062992,
        0.236276 -0.131541 0.062992,
        0.228160 -0.116343 0.062992,
        0.216273 -0.103219 0.062992,
        0.202648 -0.094104 0.062992,
        0.187914 -0.088787 0.062992,
        0.172957 -0.245050 0.062992,
        0.191317 -0.242991 0.062992,
        0.205661 -0.237711 0.062992,
        0.217742 -0.229568 0.062992,
        0.226980 -0.219822 0.062992,
        0.235121 -0.206173 0.062992,
        0.240469 -0.189241 0.062992,
        0.125959 -0.234402 0.062992,
        0.146827 -0.242150 0.062992,
        0.285673 -0.242650 0.062992,
        0.285673 -0.264256 0.062992,
        0.386499 -0.264256 0.062992,
        0.386499 -0.067405 0.062992,
        0.360092 -0.067405 0.062992,
        0.360092 -0.242650 0.062992,
      ]
    }
    coordIndex [
      86, 87, 72, -1,
      72, 87, 85, -1,
      87, 88, 85, -1,
      85, 88, 50, -1,
      88, 89, 50, -1,
      50, 89, 48, -1,
      89, 90, 48, -1,
      48, 90, 49, -1,
      90, 91, 49, -1,
      49, 91, 51, -1,
      91, 92, 51, -1,
      51, 92, 58, -1,
      92, 93, 58, -1,
      58, 93, 70, -1,
      93, 86, 70, -1,
      70, 86, 72, -1,
      94, 90, 95, -1,
      95, 90, 89, -1,
      96, 93, 94, -1,
      94, 93, 92, -1,
      94, 92, 90, -1,
      90, 92, 91, -1,
      96, 97, 93, -1,
      93, 97, 98, -1,
      93, 98, 86, -1,
      86, 98, 99, -1,
      86, 99, 100, -1,
      100, 101, 86, -1,
      86, 101, 95, -1,
      86, 95, 87, -1,
      87, 95, 89, -1,
      87, 89, 88, -1,
      94, 95, 102, -1,
      102, 95, 103, -1,
      96, 94, 104, -1,
      104, 94, 102, -1,
      96, 104, 105, -1,
      96, 105, 97, -1,
      97, 105, 106, -1,
      97, 106, 98, -1,
      99, 98, 107, -1,
      107, 98, 106, -1,
      99, 107, 108, -1,
      99, 108, 100, -1,
      100, 108, 109, -1,
      100, 109, 101, -1,
      95, 101, 103, -1,
      103, 101, 109, -1,
      110, 111, 83, -1,
      83, 111, 82, -1,
      111, 112, 82, -1,
      82, 112, 65, -1,
      112, 113, 65, -1,
      65, 113, 67, -1,
      114, 77, 76, -1,
      114, 76, 115, -1,
      115, 76, 75, -1,
      115, 75, 116, -1,
      116, 75, 74, -1,
      116, 74, 117, -1,
      117, 74, 73, -1,
      117, 73, 118, -1,
      118, 73, 71, -1,
      118, 71, 119, -1,
      119, 71, 69, -1,
      119, 69, 120, -1,
      120, 69, 68, -1,
      120, 68, 121, -1,
      121, 68, 67, -1,
      121, 67, 113, -1,
      110, 83, 84, -1,
      110, 84, 122, -1,
      122, 84, 60, -1,
      122, 60, 123, -1,
      123, 60, 59, -1,
      123, 59, 124, -1,
      124, 59, 57, -1,
      124, 57, 125, -1,
      125, 57, 56, -1,
      125, 56, 126, -1,
      126, 56, 78, -1,
      126, 78, 127, -1,
      127, 78, 77, -1,
      127, 77, 114, -1,
      116, 117, 128, -1,
      128, 117, 118, -1,
      128, 118, 129, -1,
      129, 118, 119, -1,
      129, 119, 130, -1,
      130, 119, 120, -1,
      130, 120, 131, -1,
      131, 120, 121, -1,
      131, 121, 132, -1,
      132, 121, 113, -1,
      132, 113, 133, -1,
      133, 113, 112, -1,
      133, 112, 134, -1,
      134, 112, 111, -1,
      134, 111, 135, -1,
      135, 111, 110, -1,
      135, 110, 136, -1,
      136, 110, 122, -1,
      136, 122, 137, -1,
      137, 122, 123, -1,
      137, 123, 138, -1,
      138, 123, 124, -1,
      138, 124, 139, -1,
      139, 124, 125, -1,
      139, 125, 140, -1,
      140, 125, 126, -1,
      140, 126, 141, -1,
      141, 126, 127, -1,
      141, 127, 142, -1,
      142, 127, 114, -1,
      142, 114, 143, -1,
      143, 114, 115, -1,
      143, 115, 144, -1,
      144, 115, 116, -1,
      144, 116, 128, -1,
      132, 133, 145, -1,
      145, 133, 146, -1,
      132, 145, 147, -1,
      132, 147, 131, -1,
      131, 147, 148, -1,
      131, 148, 130, -1,
      130, 148, 149, -1,
      130, 149, 129, -1,
      129, 149, 150, -1,
      129, 150, 128, -1,
      128, 150, 151, -1,
      128, 151, 144, -1,
      144, 151, 152, -1,
      144, 152, 143, -1,
      143, 152, 153, -1,
      143, 153, 142, -1,
      142, 153, 154, -1,
      142, 154, 141, -1,
      141, 154, 155, -1,
      141, 155, 140, -1,
      140, 155, 156, -1,
      140, 156, 139, -1,
      139, 156, 157, -1,
      139, 157, 138, -1,
      138, 157, 158, -1,
      138, 158, 137, -1,
      137, 158, 159, -1,
      137, 159, 136, -1,
      136, 159, 160, -1,
      136, 160, 135, -1,
      134, 135, 161, -1,
      161, 135, 160, -1,
      133, 134, 146, -1,
      146, 134, 161, -1,
      162, 163, 81, -1,
      81, 163, 52, -1,
      163, 164, 52, -1,
      52, 164, 53, -1,
      164, 165, 53, -1,
      53, 165, 54, -1,
      165, 166, 54, -1,
      54, 166, 55, -1,
      166, 167, 55, -1,
      55, 167, 63, -1,
      167, 168, 63, -1,
      63, 168, 61, -1,
      168, 169, 61, -1,
      61, 169, 62, -1,
      169, 170, 62, -1,
      62, 170, 64, -1,
      170, 171, 64, -1,
      64, 171, 66, -1,
      171, 172, 66, -1,
      66, 172, 79, -1,
      172, 173, 79, -1,
      79, 173, 80, -1,
      173, 162, 80, -1,
      80, 162, 81, -1,
      164, 163, 162, -1,
      162, 173, 164, -1,
      164, 173, 172, -1,
      164, 172, 165, -1,
      167, 166, 168, -1,
      168, 166, 165, -1,
      168, 165, 169, -1,
      169, 165, 172, -1,
      169, 172, 170, -1,
      170, 172, 171, -1,
      174, 175, 11, -1,
      11, 175, 5, -1,
      5, 175, 176, -1,
      177, 46, 47, -1,
      177, 47, 178, -1,
      178, 47, 3, -1,
      178, 3, 176, -1,
      176, 3, 4, -1,
      176, 4, 5, -1,
      179, 42, 41, -1,
      179, 41, 180, -1,
      180, 41, 36, -1,
      180, 36, 181, -1,
      181, 36, 34, -1,
      181, 34, 182, -1,
      182, 34, 33, -1,
      182, 33, 183, -1,
      183, 33, 6, -1,
      183, 6, 184, -1,
      184, 6, 8, -1,
      184, 8, 185, -1,
      185, 8, 177, -1,
      177, 8, 9, -1,
      177, 9, 46, -1,
      186, 44, 40, -1,
      186, 40, 187, -1,
      187, 40, 39, -1,
      187, 39, 188, -1,
      188, 39, 38, -1,
      188, 38, 189, -1,
      189, 38, 28, -1,
      189, 28, 190, -1,
      190, 28, 27, -1,
      190, 27, 191, -1,
      191, 27, 43, -1,
      191, 43, 192, -1,
      192, 43, 42, -1,
      192, 42, 179, -1,
      193, 13, 45, -1,
      193, 45, 194, -1,
      194, 45, 44, -1,
      194, 44, 186, -1,
      193, 195, 13, -1,
      13, 195, 12, -1,
      196, 0, 10, -1,
      196, 10, 197, -1,
      197, 10, 12, -1,
      197, 12, 195, -1,
      198, 17, 32, -1,
      198, 32, 199, -1,
      199, 32, 31, -1,
      199, 31, 200, -1,
      200, 31, 16, -1,
      200, 16, 201, -1,
      201, 16, 15, -1,
      201, 15, 202, -1,
      202, 15, 14, -1,
      202, 14, 203, -1,
      203, 14, 1, -1,
      203, 1, 204, -1,
      204, 1, 0, -1,
      204, 0, 196, -1,
      205, 21, 20, -1,
      205, 20, 206, -1,
      206, 20, 22, -1,
      206, 22, 207, -1,
      207, 22, 23, -1,
      207, 23, 208, -1,
      208, 23, 24, -1,
      208, 24, 209, -1,
      209, 24, 19, -1,
      209, 19, 210, -1,
      210, 19, 18, -1,
      210, 18, 211, -1,
      211, 18, 17, -1,
      211, 17, 198, -1,
      174, 11, 2, -1,
      174, 2, 212, -1,
      212, 2, 25, -1,
      212, 25, 213, -1,
      213, 25, 21, -1,
      213, 21, 205, -1,
      206, 177, 205, -1,
      205, 177, 178, -1,
      205, 178, 213, -1,
      213, 178, 176, -1,
      213, 176, 212, -1,
      212, 176, 175, -1,
      212, 175, 174, -1,
      195, 193, 197, -1,
      197, 193, 194, -1,
      197, 194, 196, -1,
      196, 194, 186, -1,
      196, 186, 204, -1,
      204, 186, 187, -1,
      204, 187, 203, -1,
      203, 187, 188, -1,
      203, 188, 202, -1,
      202, 188, 189, -1,
      202, 189, 201, -1,
      201, 189, 190, -1,
      201, 190, 200, -1,
      200, 190, 191, -1,
      200, 191, 199, -1,
      199, 191, 192, -1,
      199, 192, 198, -1,
      198, 192, 179, -1,
      198, 179, 211, -1,
      211, 179, 180, -1,
      211, 180, 210, -1,
      210, 180, 181, -1,
      210, 181, 209, -1,
      209, 181, 182, -1,
      209, 182, 208, -1,
      208, 182, 183, -1,
      208, 183, 207, -1,
      207, 183, 184, -1,
      207, 184, 206, -1,
      206, 184, 185, -1,
      206, 185, 177, -1,
      214, 215, 35, -1,
      35, 215, 7, -1,
      215, 216, 7, -1,
      7, 216, 26, -1,
      216, 217, 26, -1,
      26, 217, 30, -1,
      217, 218, 30, -1,
      30, 218, 29, -1,
      218, 219, 29, -1,
      29, 219, 37, -1,
      219, 214, 37, -1,
      37, 214, 35, -1,
      218, 217, 219, -1,
      219, 217, 216, -1,
      219, 216, 214, -1,
      214, 216, 215, -1,
    ]
  }
}

Shape {
  appearance Appearance {
    material Material {
      diffuseColor 0.6471 0.6196 0.5882
      specularColor 0.4510 0.4353 0.4118
      ambientIntensity 0.2
      transparency 0.0000
      shininess 0.5
    }
  }
  geometry IndexedFaceSet {
    ccw TRUE
    solid FALSE
    coord DEF co Coordinate {
      point [
        -0.287098 -0.187436 0.059055,
        -0.352928 -0.187436 0.059055,
        -0.316469 -0.105215 0.059055,
        -0.318363 -0.098387 0.059055,
        -0.319619 -0.091411 0.059055,
        -0.320257 -0.091411 0.059055,
        -0.321541 -0.098367 0.059055,
        -0.323295 -0.105215 0.059055,
        -0.115455 -0.089011 0.059055,
        -0.086422 -0.089011 0.059055,
        -0.138754 -0.091487 0.059055,
        -0.155002 -0.097173 0.059055,
        -0.169381 -0.106463 0.059055,
        -0.178943 -0.116615 0.059055,
        -0.185781 -0.128756 0.059055,
        -0.190377 -0.144326 0.059055,
        -0.192049 -0.163917 0.059055,
        -0.190242 -0.184593 0.059055,
        -0.184468 -0.203097 0.059055,
        -0.176166 -0.216669 0.059055,
        -0.165125 -0.227574 0.059055,
        -0.151700 -0.235546 0.059055,
        -0.135135 -0.240717 0.059055,
        -0.114367 -0.242650 0.059055,
        -0.086422 -0.242650 0.059055,
      ]
    }
    coordIndex [
      0, 1, 2, -1,
      2, 1, 7, -1,
      2, 7, 3, -1,
      3, 7, 6, -1,
      3, 6, 4, -1,
      4, 6, 5, -1,
      9, 24, 8, -1,
      8, 24, 23, -1,
      8, 23, 22, -1,
      16, 15, 8, -1,
      8, 15, 14, -1,
      8, 14, 10, -1,
      22, 21, 8, -1,
      8, 21, 20, -1,
      8, 20, 19, -1,
      19, 18, 8, -1,
      8, 18, 17, -1,
      8, 17, 16, -1,
      13, 12, 14, -1,
      14, 12, 11, -1,
      14, 11, 10, -1,
    ]
  }
}

Shape {
  appearance Appearance {
    material Material {
      diffuseColor 0.1765 0.1765 0.1765
      specularColor 0.0118 0.0118 0.0118
      ambientIntensity 0.2
      transparency 0.0000
      shininess 0.5
    }
  }
  geometry IndexedFaceSet {
    ccw TRUE
    solid FALSE
    coord DEF co Coordinate {
      point [
        -1.641732 -1.279528 0.570866,
        -1.631861 -1.279528 0.483259,
        -1.602744 -1.279528 0.400046,
        -1.555839 -1.279528 0.325398,
        -1.493500 -1.279528 0.263059,
        -1.418852 -1.279528 0.216154,
        -1.335638 -1.279528 0.187036,
        -1.248031 -1.279528 0.177165,
        1.641732 -1.279528 0.570866,
        1.248031 -1.279528 0.177165,
        1.335638 -1.279528 0.187036,
        1.418852 -1.279528 0.216154,
        1.493500 -1.279528 0.263059,
        1.555839 -1.279528 0.325398,
        1.602744 -1.279528 0.400046,
        1.631861 -1.279528 0.483259,
        -1.641732 -1.720472 0.791339,
        -1.495079 -1.720472 1.097567,
        -1.631861 -1.720472 0.878945,
        -1.555839 -1.720472 1.036807,
        -1.602744 -1.720472 0.962159,
        -1.495079 -1.720472 0.326772,
        -1.348425 -1.720472 0.594488,
        -1.348425 -1.720472 0.633858,
        -1.269685 -1.720472 0.633858,
        -1.259843 -1.720472 1.183709,
        -1.335638 -1.720472 1.175169,
        -1.269685 -1.720472 0.594488,
        -1.259843 -1.720472 0.326772,
        -1.418852 -1.720472 1.146051,
        -1.493500 -1.720472 1.099146,
        -1.641732 -1.720472 0.326772,
        -1.250000 -1.720472 0.633858,
        -1.248031 -1.720472 1.185039,
        -1.171260 -1.720472 0.633858,
        -1.102362 -1.720472 1.185039,
        -1.102362 -1.720472 0.326772,
        -1.171260 -1.720472 0.594488,
        -1.250000 -1.720472 0.594488,
        1.171260 -1.720472 0.633858,
        1.102362 -1.720472 1.185039,
        1.102362 -1.720472 0.326772,
        1.248031 -1.720472 1.185039,
        1.250000 -1.720472 0.633858,
        1.259843 -1.720472 1.183709,
        1.259843 -1.720472 0.326772,
        1.250000 -1.720472 0.594488,
        1.171260 -1.720472 0.594488,
        1.269685 -1.720472 0.594488,
        1.269685 -1.720472 0.633858,
        1.348425 -1.720472 0.633858,
        1.631861 -1.720472 0.878945,
        1.602744 -1.720472 0.962159,
        1.348425 -1.720472 0.594488,
        1.641732 -1.720472 0.326772,
        1.641732 -1.720472 0.791339,
        1.555839 -1.720472 1.036807,
        1.493500 -1.720472 1.099146,
        1.418852 -1.720472 1.146051,
        1.335638 -1.720472 1.175169,
        1.259843 -1.720472 0.059055,
        1.279528 -1.720472 0.059055,
        1.279528 -1.720472 0.177165,
        1.628019 -1.720472 0.228346,
        1.565863 -1.720472 0.180653,
        1.611751 -1.720472 0.207146,
        1.590551 -1.720472 0.190879,
        -1.279528 -1.720472 0.177165,
        -1.495079 -1.720472 0.177165,
        -1.539370 -1.720472 0.177165,
        -1.565863 -1.720472 0.180653,
        -1.641732 -1.720472 0.279528,
        -1.638244 -1.720472 0.253034,
        -1.628019 -1.720472 0.228346,
        -1.611751 -1.720472 0.207146,
        -1.590551 -1.720472 0.190879,
        -0.954724 -1.720472 0.633858,
        -0.944882 -1.720472 1.185039,
        -1.033465 -1.720472 0.633858,
        -0.944882 -1.720472 0.326772,
        -0.954724 -1.720472 0.594488,
        -1.033465 -1.720472 0.594488,
        -0.856299 -1.720472 0.633858,
        -0.792323 -1.720472 1.185039,
        -0.935039 -1.720472 0.633858,
        -0.792323 -1.720472 0.326772,
        -0.856299 -1.720472 0.594488,
        -0.935039 -1.720472 0.594488,
        -0.649606 -1.720472 0.633858,
        -0.590551 -1.720472 1.185039,
        -0.728346 -1.720472 0.633858,
        -0.590551 -1.720472 0.326772,
        -0.649606 -1.720472 0.594488,
        -0.728346 -1.720472 0.594488,
        -0.531496 -1.720472 0.594488,
        -0.531496 -1.720472 0.633858,
        -0.452756 -1.720472 0.594488,
        -0.393701 -1.720472 0.326772,
        -0.452756 -1.720472 0.633858,
        -0.393701 -1.720472 1.185039,
        -0.255906 -1.720472 0.594488,
        -0.334646 -1.720472 0.594488,
        -0.334646 -1.720472 0.633858,
        -0.255906 -1.720472 0.633858,
        -0.137795 -1.720472 0.633858,
        -0.059055 -1.720472 0.633858,
        -0.000000 -1.720472 1.185039,
        -0.000000 -1.720472 0.326772,
        -0.059055 -1.720472 0.594488,
        -0.137795 -1.720472 0.594488,
        0.137795 -1.720472 0.633858,
        0.196850 -1.720472 1.185039,
        0.059055 -1.720472 0.633858,
        0.196850 -1.720472 0.326772,
        0.137795 -1.720472 0.594488,
        0.059055 -1.720472 0.594488,
        0.334646 -1.720472 0.633858,
        0.393701 -1.720472 1.185039,
        0.255906 -1.720472 0.633858,
        0.393701 -1.720472 0.326772,
        0.334646 -1.720472 0.594488,
        0.255906 -1.720472 0.594488,
        0.531496 -1.720472 0.633858,
        0.590551 -1.720472 1.185039,
        0.452756 -1.720472 0.633858,
        0.590551 -1.720472 0.326772,
        0.531496 -1.720472 0.594488,
        0.452756 -1.720472 0.594488,
        0.728346 -1.720472 0.633858,
        0.792323 -1.720472 1.185039,
        0.649606 -1.720472 0.633858,
        0.792323 -1.720472 0.326772,
        0.728346 -1.720472 0.594488,
        0.649606 -1.720472 0.594488,
        0.935039 -1.720472 0.633858,
        0.944882 -1.720472 1.185039,
        0.856299 -1.720472 0.633858,
        0.944882 -1.720472 0.326772,
        0.935039 -1.720472 0.594488,
        0.856299 -1.720472 0.594488,
        0.954724 -1.720472 0.594488,
        0.954724 -1.720472 0.633858,
        1.033465 -1.720472 0.594488,
        1.033465 -1.720472 0.633858,
        1.638244 -1.720472 0.253034,
        1.641732 -1.720472 0.279528,
        1.539370 -1.720472 0.177165,
        1.102362 -1.720472 0.059055,
        0.944882 -1.720472 0.059055,
        0.792323 -1.720472 0.059055,
        0.590551 -1.720472 0.059055,
        0.393701 -1.720472 0.059055,
        0.196850 -1.720472 0.059055,
        -0.000000 -1.720472 0.059055,
        -0.393701 -1.720472 0.059055,
        -0.590551 -1.720472 0.059055,
        -0.792323 -1.720472 0.059055,
        -0.944882 -1.720472 0.059055,
        -1.102362 -1.720472 0.059055,
        -1.259843 -1.720472 0.059055,
        -1.279528 -1.720472 0.059055,
        -1.248031 -1.023622 0.177165,
        1.248031 -1.023622 0.177165,
        -1.279528 -1.484252 0.177165,
        1.539370 -1.279528 0.177165,
        1.279528 -1.484252 0.177165,
        -1.539370 -1.279528 0.177165,
        1.027559 -1.023622 0.921260,
        1.027559 -1.023622 0.917323,
        0.940945 -1.023622 0.917323,
        -1.027559 -1.023622 0.440945,
        -1.137795 -1.023622 0.440945,
        -1.335638 -1.023622 0.187036,
        -1.418852 -1.023622 0.216154,
        -1.137795 -1.023622 0.921260,
        -1.137795 -1.023622 0.917323,
        -1.418852 -1.023622 1.146051,
        -1.257874 -1.023622 0.917323,
        -0.830709 -1.023622 0.440945,
        -0.830709 -1.023622 0.444882,
        -0.744094 -1.023622 0.444882,
        -0.744094 -1.023622 0.440945,
        -0.633858 -1.023622 0.440945,
        -1.287402 -1.023622 0.452794,
        -1.299632 -1.023622 0.462179,
        -1.493500 -1.023622 0.263059,
        -1.309017 -1.023622 0.474409,
        -1.555839 -1.023622 0.325398,
        -1.314917 -1.023622 0.488652,
        -1.602744 -1.023622 0.400046,
        -1.316929 -1.023622 0.503937,
        -0.940945 -1.023622 0.440945,
        -0.940945 -1.023622 0.444882,
        -1.027559 -1.023622 0.444882,
        -1.273159 -1.023622 0.915311,
        -1.287402 -1.023622 0.909411,
        -1.493500 -1.023622 1.099146,
        -1.299632 -1.023622 0.900026,
        -1.555839 -1.023622 1.036807,
        -1.309017 -1.023622 0.887795,
        -1.602744 -1.023622 0.962159,
        -1.314917 -1.023622 0.873552,
        -1.631861 -1.023622 0.878945,
        -1.316929 -1.023622 0.858268,
        -1.137795 -1.023622 0.444882,
        -1.257874 -1.023622 0.444882,
        -1.273159 -1.023622 0.446894,
        -0.437008 -1.023622 0.440945,
        -0.437008 -1.023622 0.444882,
        -0.350394 -1.023622 0.444882,
        -1.631861 -1.023622 0.483259,
        -1.641732 -1.023622 0.570866,
        -1.641732 -1.023622 0.791339,
        -0.350394 -1.023622 0.440945,
        -0.240157 -1.023622 0.440945,
        -0.547244 -1.023622 0.440945,
        -0.547244 -1.023622 0.444882,
        -0.633858 -1.023622 0.444882,
        -0.043307 -1.023622 0.440945,
        -0.043307 -1.023622 0.444882,
        0.043307 -1.023622 0.444882,
        0.043307 -1.023622 0.440945,
        0.153543 -1.023622 0.440945,
        -0.153543 -1.023622 0.440945,
        -0.153543 -1.023622 0.444882,
        -0.240157 -1.023622 0.444882,
        0.350394 -1.023622 0.440945,
        0.350394 -1.023622 0.444882,
        0.437008 -1.023622 0.444882,
        0.437008 -1.023622 0.440945,
        0.547244 -1.023622 0.440945,
        0.240157 -1.023622 0.440945,
        0.240157 -1.023622 0.444882,
        0.153543 -1.023622 0.444882,
        0.744094 -1.023622 0.440945,
        0.744094 -1.023622 0.444882,
        0.830709 -1.023622 0.444882,
        0.830709 -1.023622 0.440945,
        0.633858 -1.023622 0.440945,
        0.633858 -1.023622 0.444882,
        0.547244 -1.023622 0.444882,
        0.940945 -1.023622 0.444882,
        1.027559 -1.023622 0.444882,
        0.940945 -1.023622 0.440945,
        1.027559 -1.023622 0.440945,
        1.137795 -1.023622 0.917323,
        1.137795 -1.023622 0.921260,
        1.257874 -1.023622 0.917323,
        1.418852 -1.023622 1.146051,
        1.273159 -1.023622 0.915311,
        1.335638 -1.023622 0.187036,
        1.137795 -1.023622 0.440945,
        1.418852 -1.023622 0.216154,
        1.137795 -1.023622 0.444882,
        1.257874 -1.023622 0.444882,
        1.631861 -1.023622 0.878945,
        1.316929 -1.023622 0.858268,
        1.602744 -1.023622 0.962159,
        1.314917 -1.023622 0.873552,
        1.555839 -1.023622 1.036807,
        1.309017 -1.023622 0.887795,
        1.493500 -1.023622 1.099146,
        1.299632 -1.023622 0.900026,
        1.287402 -1.023622 0.909411,
        -0.744094 -1.023622 0.921260,
        -0.744094 -1.023622 0.917323,
        -0.830709 -1.023622 0.917323,
        1.273159 -1.023622 0.446894,
        1.287402 -1.023622 0.452794,
        1.493500 -1.023622 0.263059,
        1.299632 -1.023622 0.462179,
        1.555839 -1.023622 0.325398,
        1.309017 -1.023622 0.474409,
        1.602744 -1.023622 0.400046,
        1.314917 -1.023622 0.488652,
        1.631861 -1.023622 0.483259,
        1.316929 -1.023622 0.503937,
        1.641732 -1.023622 0.570866,
        1.641732 -1.023622 0.791339,
        -0.940945 -1.023622 0.917323,
        -1.027559 -1.023622 0.917323,
        -0.940945 -1.023622 0.921260,
        -1.027559 -1.023622 0.921260,
        1.248031 -1.023622 1.185039,
        0.940945 -1.023622 0.921260,
        0.830709 -1.023622 0.921260,
        1.335638 -1.023622 1.175169,
        0.830709 -1.023622 0.917323,
        0.744094 -1.023622 0.917323,
        0.744094 -1.023622 0.921260,
        0.633858 -1.023622 0.921260,
        0.633858 -1.023622 0.917323,
        0.547244 -1.023622 0.917323,
        0.547244 -1.023622 0.921260,
        0.437008 -1.023622 0.921260,
        0.437008 -1.023622 0.917323,
        0.350394 -1.023622 0.917323,
        0.350394 -1.023622 0.921260,
        0.240157 -1.023622 0.921260,
        0.240157 -1.023622 0.917323,
        0.153543 -1.023622 0.917323,
        0.153543 -1.023622 0.921260,
        0.043307 -1.023622 0.921260,
        0.043307 -1.023622 0.917323,
        -0.043307 -1.023622 0.917323,
        -0.043307 -1.023622 0.921260,
        -0.153543 -1.023622 0.921260,
        -0.153543 -1.023622 0.917323,
        -0.240157 -1.023622 0.917323,
        -0.240157 -1.023622 0.921260,
        -0.350394 -1.023622 0.921260,
        -0.350394 -1.023622 0.917323,
        -0.437008 -1.023622 0.917323,
        -0.437008 -1.023622 0.921260,
        -0.547244 -1.023622 0.921260,
        -0.547244 -1.023622 0.917323,
        -0.633858 -1.023622 0.917323,
        -0.633858 -1.023622 0.921260,
        -0.830709 -1.023622 0.921260,
        -1.335638 -1.023622 1.175169,
        -1.248031 -1.023622 1.185039,
        -1.257874 0.314961 0.917323,
        -1.137795 0.157480 0.917323,
        -1.027559 0.157480 0.917323,
        -0.830709 0.157480 0.917323,
        -0.744094 0.157480 0.917323,
        -0.940945 0.157480 0.917323,
        1.257874 0.314961 0.917323,
        -0.633858 0.157480 0.917323,
        -0.437008 0.157480 0.917323,
        -0.350394 0.157480 0.917323,
        -0.240157 0.157480 0.917323,
        -0.547244 0.157480 0.917323,
        -0.043307 0.157480 0.917323,
        0.043307 0.157480 0.917323,
        0.153543 0.157480 0.917323,
        -0.153543 0.157480 0.917323,
        0.350394 0.157480 0.917323,
        0.437008 0.157480 0.917323,
        0.547244 0.157480 0.917323,
        0.240157 0.157480 0.917323,
        0.744094 0.157480 0.917323,
        0.830709 0.157480 0.917323,
        0.940945 0.157480 0.917323,
        0.633858 0.157480 0.917323,
        1.137795 0.157480 0.917323,
        1.027559 0.157480 0.917323,
        1.257874 0.314961 0.444882,
        1.137795 0.157480 0.444882,
        1.027559 0.157480 0.444882,
        -1.257874 0.314961 0.444882,
        0.830709 0.157480 0.444882,
        0.744094 0.157480 0.444882,
        0.633858 0.157480 0.444882,
        0.940945 0.157480 0.444882,
        0.437008 0.157480 0.444882,
        0.350394 0.157480 0.444882,
        0.240157 0.157480 0.444882,
        0.547244 0.157480 0.444882,
        0.043307 0.157480 0.444882,
        -0.043307 0.157480 0.444882,
        -0.153543 0.157480 0.444882,
        0.153543 0.157480 0.444882,
        -0.350394 0.157480 0.444882,
        -0.437008 0.157480 0.444882,
        -0.547244 0.157480 0.444882,
        -0.240157 0.157480 0.444882,
        -0.744094 0.157480 0.444882,
        -0.830709 0.157480 0.444882,
        -0.940945 0.157480 0.444882,
        -0.633858 0.157480 0.444882,
        -1.137795 0.157480 0.444882,
        -1.027559 0.157480 0.444882,
        1.641732 -1.279528 0.279528,
        -1.641732 -1.279528 0.279528,
        1.316929 0.314961 0.503937,
        1.316929 0.314961 0.858268,
        -1.316929 0.314961 0.503937,
        -1.316929 0.314961 0.858268,
        1.146102 0.708661 0.615709,
        -1.146102 0.708661 0.615709,
        1.146102 0.708661 0.746496,
        -1.146102 0.708661 0.746496,
        1.316862 0.315169 0.501114,
        1.202267 0.667855 0.615709,
        1.202267 0.667855 0.746496,
        1.316862 0.315169 0.861091,
        1.260697 0.315169 0.917256,
        1.146102 0.667855 0.802660,
        -1.146102 0.667855 0.802660,
        -1.260697 0.315169 0.917256,
        -1.260697 0.315169 0.444949,
        -1.146102 0.667855 0.559544,
        1.146102 0.667855 0.559544,
        1.260697 0.315169 0.444949,
        -1.316862 0.315169 0.861091,
        -1.202267 0.667855 0.746496,
        -1.202267 0.667855 0.615709,
        -1.316862 0.315169 0.501114,
        -1.314719 0.316759 0.873518,
        -1.314401 0.316995 0.875363,
        -1.308919 0.318064 0.887752,
        -1.308540 0.318137 0.888607,
        -1.299632 0.318526 0.900026,
        -1.288213 0.318137 0.908934,
        -1.287358 0.318064 0.909312,
        -1.274969 0.316995 0.914794,
        -1.273124 0.316759 0.915113,
        -1.273124 0.316759 0.447092,
        -1.274969 0.316995 0.447410,
        -1.287358 0.318064 0.452893,
        -1.288213 0.318137 0.453271,
        -1.299632 0.318526 0.462179,
        -1.308540 0.318137 0.473598,
        -1.308919 0.318064 0.474453,
        -1.314401 0.316995 0.486842,
        -1.314719 0.316759 0.488687,
        -1.151829 0.669310 0.801409,
        -1.158315 0.670957 0.799992,
        -1.159835 0.671343 0.799660,
        -1.166664 0.672496 0.796381,
        -1.168832 0.672862 0.795340,
        -1.184046 0.674264 0.784440,
        -1.180909 0.674058 0.786944,
        -1.172741 0.673522 0.793462,
        -1.185470 0.674147 0.782656,
        -1.191582 0.673644 0.774997,
        -1.193069 0.673522 0.773135,
        -1.198785 0.671512 0.761232,
        -1.199267 0.671343 0.760228,
        -1.196154 0.680948 0.615709,
        -1.196154 0.680948 0.746496,
        -1.195930 0.681222 0.615709,
        -1.195930 0.681222 0.746496,
        -1.186722 0.692472 0.615709,
        -1.186722 0.692472 0.746496,
        -1.186508 0.692629 0.615709,
        -1.186508 0.692629 0.746496,
        -1.174708 0.701270 0.615709,
        -1.174708 0.701270 0.746496,
        -1.174544 0.701336 0.615709,
        -1.174544 0.701336 0.746496,
        -1.160875 0.706784 0.615709,
        -1.160875 0.706784 0.746496,
        -1.160787 0.706795 0.615709,
        -1.160787 0.706795 0.746496,
        -1.199267 0.671343 0.601976,
        -1.198785 0.671512 0.600973,
        -1.185470 0.674147 0.579548,
        -1.191582 0.673644 0.587207,
        -1.193069 0.673522 0.589070,
        -1.184046 0.674264 0.577765,
        -1.180909 0.674058 0.575261,
        -1.172741 0.673522 0.568743,
        -1.168832 0.672862 0.566865,
        -1.166664 0.672496 0.565824,
        -1.159835 0.671343 0.562544,
        -1.151829 0.669310 0.560796,
        -1.158315 0.670957 0.562213,
        1.273124 0.316759 0.915113,
        1.274969 0.316995 0.914794,
        1.287358 0.318064 0.909312,
        1.288213 0.318137 0.908934,
        1.299632 0.318526 0.900026,
        1.308540 0.318137 0.888607,
        1.308919 0.318064 0.887752,
        1.314401 0.316995 0.875363,
        1.314719 0.316759 0.873518,
        -1.160405 0.704966 0.761269,
        -1.173798 0.699628 0.761269,
        -1.185431 0.691109 0.761269,
        -1.194563 0.679952 0.761269,
        -1.189890 0.677026 0.775102,
        -1.161284 0.677026 0.796548,
        -1.153942 0.679952 0.796548,
        -1.166866 0.687107 0.787116,
        -1.175587 0.680721 0.787116,
        -1.181639 0.687107 0.775102,
        -1.146102 0.680948 0.796548,
        -1.146102 0.681222 0.796324,
        -1.156825 0.691109 0.787116,
        -1.146102 0.692472 0.787116,
        -1.146102 0.692629 0.786902,
        -1.159026 0.699628 0.775102,
        -1.146102 0.701270 0.775102,
        -1.146102 0.701336 0.774937,
        -1.171128 0.694805 0.775102,
        -1.146102 0.706795 0.761181,
        -1.146102 0.706784 0.761269,
        -1.173798 0.699628 0.600937,
        -1.185431 0.691109 0.600937,
        -1.189890 0.677026 0.587103,
        -1.194563 0.679952 0.600937,
        -1.175587 0.680721 0.575089,
        -1.181639 0.687107 0.587103,
        -1.161284 0.677026 0.565657,
        -1.166866 0.687107 0.575089,
        -1.146102 0.706795 0.601024,
        -1.160405 0.704966 0.600937,
        -1.146102 0.706784 0.600937,
        -1.146102 0.701336 0.587267,
        -1.159026 0.699628 0.587103,
        -1.171128 0.694805 0.587103,
        -1.146102 0.701270 0.587103,
        -1.146102 0.692629 0.575303,
        -1.156825 0.691109 0.575089,
        -1.153942 0.679952 0.565657,
        -1.146102 0.680948 0.565657,
        -1.146102 0.681222 0.565881,
        -1.146102 0.692472 0.575089,
        1.314719 0.316759 0.488687,
        1.314401 0.316995 0.486842,
        1.308919 0.318064 0.474453,
        1.308540 0.318137 0.473598,
        1.299632 0.318526 0.462179,
        1.288213 0.318137 0.453271,
        1.287358 0.318064 0.452893,
        1.274969 0.316995 0.447410,
        1.273124 0.316759 0.447092,
        1.198785 0.671512 0.761232,
        1.193069 0.673522 0.773135,
        1.199267 0.671343 0.760228,
        1.191582 0.673644 0.774997,
        1.185470 0.674147 0.782656,
        1.184046 0.674264 0.784440,
        1.180909 0.674058 0.786944,
        1.172741 0.673522 0.793462,
        1.168832 0.672862 0.795340,
        1.166664 0.672496 0.796381,
        1.159835 0.671343 0.799660,
        1.151829 0.669310 0.801409,
        1.158315 0.670957 0.799992,
        1.146102 0.680948 0.796548,
        1.146102 0.681222 0.796324,
        1.146102 0.692472 0.787116,
        1.146102 0.692629 0.786902,
        1.146102 0.701270 0.775102,
        1.146102 0.701336 0.774937,
        1.146102 0.706784 0.761269,
        1.146102 0.706795 0.761181,
        1.146102 0.680948 0.565657,
        1.146102 0.681222 0.565881,
        1.146102 0.692472 0.575089,
        1.146102 0.692629 0.575303,
        1.146102 0.701270 0.587103,
        1.146102 0.701336 0.587267,
        1.146102 0.706784 0.600937,
        1.146102 0.706795 0.601024,
        1.151829 0.669310 0.560796,
        1.158315 0.670957 0.562213,
        1.159835 0.671343 0.562544,
        1.166664 0.672496 0.565824,
        1.168832 0.672862 0.566865,
        1.184046 0.674264 0.577765,
        1.180909 0.674058 0.575261,
        1.172741 0.673522 0.568743,
        1.185470 0.674147 0.579548,
        1.191582 0.673644 0.587207,
        1.193069 0.673522 0.589070,
        1.198785 0.671512 0.600973,
        1.199267 0.671343 0.601976,
        1.186508 0.692629 0.746496,
        1.174708 0.701270 0.746496,
        1.173798 0.699628 0.761269,
        1.189890 0.677026 0.775102,
        1.194563 0.679952 0.761269,
        1.175587 0.680721 0.787116,
        1.181639 0.687107 0.775102,
        1.161284 0.677026 0.796548,
        1.166866 0.687107 0.787116,
        1.153942 0.679952 0.796548,
        1.156825 0.691109 0.787116,
        1.159026 0.699628 0.775102,
        1.160405 0.704966 0.761269,
        1.185431 0.691109 0.761269,
        1.160787 0.706795 0.746496,
        1.160875 0.706784 0.746496,
        1.174544 0.701336 0.746496,
        1.171128 0.694805 0.775102,
        1.186722 0.692472 0.746496,
        1.195930 0.681222 0.746496,
        1.196154 0.680948 0.746496,
        1.195930 0.681222 0.615709,
        1.196154 0.680948 0.615709,
        1.194563 0.679952 0.600937,
        1.186508 0.692629 0.615709,
        1.186722 0.692472 0.615709,
        1.185431 0.691109 0.600937,
        1.174544 0.701336 0.615709,
        1.174708 0.701270 0.615709,
        1.173798 0.699628 0.600937,
        1.189890 0.677026 0.587103,
        1.161284 0.677026 0.565657,
        1.153942 0.679952 0.565657,
        1.166866 0.687107 0.575089,
        1.175587 0.680721 0.575089,
        1.181639 0.687107 0.587103,
        1.160875 0.706784 0.615709,
        1.160405 0.704966 0.600937,
        1.160787 0.706795 0.615709,
        1.159026 0.699628 0.587103,
        1.156825 0.691109 0.575089,
        1.171128 0.694805 0.587103,
        1.638244 -1.279528 0.253034,
        1.628019 -1.279528 0.228346,
        1.565863 -1.279528 0.180653,
        1.590551 -1.279528 0.190879,
        1.611751 -1.279528 0.207146,
        -1.611751 -1.279528 0.207146,
        -1.590551 -1.279528 0.190879,
        -1.565863 -1.279528 0.180653,
        -1.638244 -1.279528 0.253034,
        -1.628019 -1.279528 0.228346,
      ]
    }
    coordIndex [
      16, 17, 18, -1,
      18, 17, 19, -1,
      18, 19, 20, -1,
      21, 22, 23, -1,
      24, 25, 26, -1,
      22, 21, 27, -1,
      27, 21, 28, -1,
      27, 28, 24, -1,
      26, 29, 24, -1,
      24, 29, 30, -1,
      24, 30, 23, -1,
      23, 30, 17, -1,
      23, 17, 21, -1,
      21, 17, 16, -1,
      21, 16, 31, -1,
      24, 28, 25, -1,
      25, 28, 32, -1,
      25, 32, 33, -1,
      33, 32, 34, -1,
      33, 34, 35, -1,
      36, 37, 28, -1,
      28, 37, 38, -1,
      28, 38, 32, -1,
      39, 40, 41, -1,
      40, 39, 42, -1,
      42, 39, 43, -1,
      42, 43, 44, -1,
      45, 46, 41, -1,
      41, 46, 47, -1,
      41, 47, 39, -1,
      45, 48, 49, -1,
      50, 51, 49, -1,
      49, 51, 52, -1,
      48, 45, 53, -1,
      53, 45, 54, -1,
      53, 54, 50, -1,
      50, 54, 55, -1,
      50, 55, 51, -1,
      52, 56, 49, -1,
      49, 56, 57, -1,
      49, 57, 58, -1,
      58, 59, 49, -1,
      49, 59, 44, -1,
      49, 44, 45, -1,
      45, 44, 43, -1,
      45, 43, 46, -1,
      60, 61, 62, -1,
      63, 64, 65, -1,
      65, 64, 66, -1,
      67, 28, 68, -1,
      68, 28, 21, -1,
      68, 21, 69, -1,
      69, 21, 70, -1,
      31, 71, 21, -1,
      21, 71, 72, -1,
      21, 72, 73, -1,
      73, 74, 21, -1,
      21, 74, 75, -1,
      21, 75, 70, -1,
      76, 77, 78, -1,
      78, 77, 35, -1,
      78, 35, 36, -1,
      36, 35, 34, -1,
      36, 34, 37, -1,
      79, 80, 36, -1,
      36, 80, 81, -1,
      36, 81, 78, -1,
      82, 83, 84, -1,
      84, 83, 77, -1,
      84, 77, 79, -1,
      79, 77, 76, -1,
      79, 76, 80, -1,
      85, 86, 79, -1,
      79, 86, 87, -1,
      79, 87, 84, -1,
      88, 89, 90, -1,
      90, 89, 83, -1,
      90, 83, 85, -1,
      85, 83, 82, -1,
      85, 82, 86, -1,
      91, 92, 85, -1,
      85, 92, 93, -1,
      85, 93, 90, -1,
      91, 94, 95, -1,
      94, 91, 96, -1,
      96, 91, 97, -1,
      96, 97, 98, -1,
      98, 97, 99, -1,
      98, 99, 95, -1,
      95, 99, 89, -1,
      95, 89, 91, -1,
      91, 89, 88, -1,
      91, 88, 92, -1,
      100, 101, 97, -1,
      97, 101, 102, -1,
      97, 102, 99, -1,
      99, 102, 103, -1,
      104, 105, 106, -1,
      107, 108, 109, -1,
      97, 107, 100, -1,
      100, 107, 109, -1,
      100, 109, 103, -1,
      103, 109, 104, -1,
      103, 104, 99, -1,
      99, 104, 106, -1,
      110, 111, 112, -1,
      112, 111, 106, -1,
      112, 106, 107, -1,
      107, 106, 105, -1,
      107, 105, 108, -1,
      113, 114, 107, -1,
      107, 114, 115, -1,
      107, 115, 112, -1,
      116, 117, 118, -1,
      118, 117, 111, -1,
      118, 111, 113, -1,
      113, 111, 110, -1,
      113, 110, 114, -1,
      119, 120, 113, -1,
      113, 120, 121, -1,
      113, 121, 118, -1,
      122, 123, 124, -1,
      124, 123, 117, -1,
      124, 117, 119, -1,
      119, 117, 116, -1,
      119, 116, 120, -1,
      125, 126, 119, -1,
      119, 126, 127, -1,
      119, 127, 124, -1,
      128, 129, 130, -1,
      130, 129, 123, -1,
      130, 123, 125, -1,
      125, 123, 122, -1,
      125, 122, 126, -1,
      131, 132, 125, -1,
      125, 132, 133, -1,
      125, 133, 130, -1,
      134, 135, 136, -1,
      136, 135, 129, -1,
      136, 129, 131, -1,
      131, 129, 128, -1,
      131, 128, 132, -1,
      137, 138, 131, -1,
      131, 138, 139, -1,
      131, 139, 136, -1,
      137, 140, 141, -1,
      140, 137, 142, -1,
      142, 137, 41, -1,
      142, 41, 143, -1,
      143, 41, 40, -1,
      143, 40, 141, -1,
      141, 40, 135, -1,
      141, 135, 137, -1,
      137, 135, 134, -1,
      137, 134, 138, -1,
      63, 144, 64, -1,
      64, 144, 145, -1,
      64, 145, 146, -1,
      146, 145, 54, -1,
      146, 54, 62, -1,
      62, 54, 45, -1,
      62, 45, 60, -1,
      60, 45, 41, -1,
      60, 41, 147, -1,
      147, 41, 137, -1,
      147, 137, 148, -1,
      148, 137, 131, -1,
      148, 131, 149, -1,
      149, 131, 125, -1,
      149, 125, 150, -1,
      150, 125, 119, -1,
      150, 119, 151, -1,
      151, 119, 113, -1,
      151, 113, 152, -1,
      152, 113, 107, -1,
      152, 107, 153, -1,
      153, 107, 97, -1,
      153, 97, 154, -1,
      154, 97, 91, -1,
      154, 91, 155, -1,
      155, 91, 85, -1,
      155, 85, 156, -1,
      156, 85, 79, -1,
      156, 79, 157, -1,
      157, 79, 36, -1,
      157, 36, 158, -1,
      158, 36, 28, -1,
      158, 28, 159, -1,
      159, 28, 67, -1,
      159, 67, 160, -1,
      7, 161, 162, -1,
      163, 67, 69, -1,
      146, 62, 164, -1,
      164, 62, 165, -1,
      164, 165, 9, -1,
      9, 165, 163, -1,
      162, 9, 7, -1,
      7, 9, 163, -1,
      7, 163, 166, -1,
      166, 163, 69, -1,
      167, 168, 169, -1,
      170, 162, 161, -1,
      170, 161, 171, -1,
      171, 161, 172, -1,
      171, 172, 173, -1,
      174, 175, 176, -1,
      176, 175, 177, -1,
      178, 179, 180, -1,
      181, 182, 162, -1,
      183, 173, 184, -1,
      184, 173, 185, -1,
      184, 185, 186, -1,
      186, 185, 187, -1,
      186, 187, 188, -1,
      188, 187, 189, -1,
      188, 189, 190, -1,
      180, 181, 178, -1,
      178, 181, 162, -1,
      178, 162, 191, -1,
      191, 162, 170, -1,
      191, 170, 192, -1,
      192, 170, 193, -1,
      177, 194, 176, -1,
      176, 194, 195, -1,
      176, 195, 196, -1,
      196, 195, 197, -1,
      196, 197, 198, -1,
      198, 197, 199, -1,
      198, 199, 200, -1,
      200, 199, 201, -1,
      200, 201, 202, -1,
      202, 201, 203, -1,
      204, 171, 205, -1,
      205, 171, 173, -1,
      205, 173, 206, -1,
      206, 173, 183, -1,
      207, 208, 209, -1,
      189, 210, 190, -1,
      190, 210, 211, -1,
      190, 211, 203, -1,
      203, 211, 212, -1,
      203, 212, 202, -1,
      213, 214, 162, -1,
      209, 213, 207, -1,
      207, 213, 162, -1,
      207, 162, 215, -1,
      215, 162, 182, -1,
      215, 182, 216, -1,
      216, 182, 217, -1,
      218, 219, 220, -1,
      221, 222, 162, -1,
      220, 221, 218, -1,
      218, 221, 162, -1,
      218, 162, 223, -1,
      223, 162, 214, -1,
      223, 214, 224, -1,
      224, 214, 225, -1,
      226, 227, 228, -1,
      229, 230, 162, -1,
      228, 229, 226, -1,
      226, 229, 162, -1,
      226, 162, 231, -1,
      231, 162, 222, -1,
      231, 222, 232, -1,
      232, 222, 233, -1,
      234, 235, 236, -1,
      236, 237, 234, -1,
      234, 237, 162, -1,
      234, 162, 238, -1,
      238, 162, 230, -1,
      238, 230, 239, -1,
      239, 230, 240, -1,
      241, 242, 243, -1,
      243, 242, 244, -1,
      245, 246, 247, -1,
      247, 246, 248, -1,
      247, 248, 249, -1,
      237, 243, 162, -1,
      162, 243, 244, -1,
      162, 244, 250, -1,
      250, 244, 251, -1,
      250, 251, 252, -1,
      252, 251, 253, -1,
      252, 253, 254, -1,
      255, 256, 257, -1,
      257, 256, 258, -1,
      257, 258, 259, -1,
      259, 258, 260, -1,
      259, 260, 261, -1,
      261, 260, 262, -1,
      261, 262, 248, -1,
      248, 262, 263, -1,
      248, 263, 249, -1,
      264, 265, 266, -1,
      254, 267, 252, -1,
      252, 267, 268, -1,
      252, 268, 269, -1,
      269, 268, 270, -1,
      269, 270, 271, -1,
      271, 270, 272, -1,
      271, 272, 273, -1,
      273, 272, 274, -1,
      273, 274, 275, -1,
      275, 274, 276, -1,
      275, 276, 277, -1,
      277, 276, 256, -1,
      277, 256, 278, -1,
      278, 256, 255, -1,
      279, 280, 281, -1,
      281, 280, 282, -1,
      283, 284, 285, -1,
      169, 284, 167, -1,
      167, 284, 283, -1,
      167, 283, 246, -1,
      246, 283, 286, -1,
      246, 286, 248, -1,
      287, 288, 285, -1,
      285, 288, 289, -1,
      285, 289, 283, -1,
      283, 289, 290, -1,
      291, 292, 290, -1,
      290, 292, 293, -1,
      290, 293, 283, -1,
      283, 293, 294, -1,
      295, 296, 294, -1,
      294, 296, 297, -1,
      294, 297, 283, -1,
      283, 297, 298, -1,
      299, 300, 298, -1,
      298, 300, 301, -1,
      298, 301, 283, -1,
      283, 301, 302, -1,
      303, 304, 302, -1,
      302, 304, 305, -1,
      302, 305, 283, -1,
      283, 305, 306, -1,
      307, 308, 306, -1,
      306, 308, 309, -1,
      306, 309, 283, -1,
      283, 309, 310, -1,
      311, 312, 310, -1,
      310, 312, 313, -1,
      310, 313, 283, -1,
      283, 313, 314, -1,
      315, 316, 314, -1,
      314, 316, 317, -1,
      314, 317, 283, -1,
      283, 317, 264, -1,
      283, 264, 318, -1,
      318, 264, 266, -1,
      176, 319, 174, -1,
      174, 319, 320, -1,
      174, 320, 282, -1,
      282, 320, 283, -1,
      282, 283, 281, -1,
      281, 283, 318, -1,
      177, 175, 321, -1,
      321, 175, 322, -1,
      321, 322, 323, -1,
      266, 265, 324, -1,
      324, 265, 325, -1,
      280, 279, 323, -1,
      323, 279, 326, -1,
      323, 326, 321, -1,
      321, 326, 324, -1,
      321, 324, 327, -1,
      327, 324, 325, -1,
      327, 325, 328, -1,
      329, 312, 311, -1,
      330, 331, 327, -1,
      311, 330, 329, -1,
      329, 330, 327, -1,
      329, 327, 332, -1,
      332, 327, 328, -1,
      332, 328, 315, -1,
      315, 328, 316, -1,
      333, 304, 303, -1,
      334, 335, 327, -1,
      303, 334, 333, -1,
      333, 334, 327, -1,
      333, 327, 336, -1,
      336, 327, 331, -1,
      336, 331, 307, -1,
      307, 331, 308, -1,
      337, 296, 295, -1,
      338, 339, 327, -1,
      295, 338, 337, -1,
      337, 338, 327, -1,
      337, 327, 340, -1,
      340, 327, 335, -1,
      340, 335, 299, -1,
      299, 335, 300, -1,
      341, 288, 287, -1,
      342, 343, 327, -1,
      287, 342, 341, -1,
      341, 342, 327, -1,
      341, 327, 344, -1,
      344, 327, 339, -1,
      344, 339, 291, -1,
      291, 339, 292, -1,
      245, 247, 345, -1,
      345, 247, 327, -1,
      345, 327, 346, -1,
      346, 327, 343, -1,
      346, 343, 168, -1,
      168, 343, 169, -1,
      347, 254, 253, -1,
      253, 348, 347, -1,
      347, 348, 349, -1,
      347, 349, 350, -1,
      351, 236, 235, -1,
      352, 353, 350, -1,
      235, 352, 351, -1,
      351, 352, 350, -1,
      351, 350, 354, -1,
      354, 350, 349, -1,
      354, 349, 241, -1,
      241, 349, 242, -1,
      355, 228, 227, -1,
      356, 357, 350, -1,
      227, 356, 355, -1,
      355, 356, 350, -1,
      355, 350, 358, -1,
      358, 350, 353, -1,
      358, 353, 240, -1,
      240, 353, 239, -1,
      359, 220, 219, -1,
      360, 361, 350, -1,
      219, 360, 359, -1,
      359, 360, 350, -1,
      359, 350, 362, -1,
      362, 350, 357, -1,
      362, 357, 233, -1,
      233, 357, 232, -1,
      363, 209, 208, -1,
      364, 365, 350, -1,
      208, 364, 363, -1,
      363, 364, 350, -1,
      363, 350, 366, -1,
      366, 350, 361, -1,
      366, 361, 225, -1,
      225, 361, 224, -1,
      367, 180, 179, -1,
      368, 369, 350, -1,
      179, 368, 367, -1,
      367, 368, 350, -1,
      367, 350, 370, -1,
      370, 350, 365, -1,
      370, 365, 217, -1,
      217, 365, 216, -1,
      204, 205, 371, -1,
      371, 205, 350, -1,
      371, 350, 372, -1,
      372, 350, 369, -1,
      372, 369, 193, -1,
      193, 369, 192, -1,
      277, 278, 8, -1,
      8, 278, 55, -1,
      8, 55, 373, -1,
      373, 55, 145, -1,
      283, 42, 59, -1,
      283, 59, 286, -1,
      286, 59, 58, -1,
      286, 58, 248, -1,
      248, 58, 57, -1,
      248, 57, 261, -1,
      261, 57, 56, -1,
      261, 56, 259, -1,
      259, 56, 52, -1,
      259, 52, 257, -1,
      257, 52, 51, -1,
      257, 51, 255, -1,
      255, 51, 55, -1,
      255, 55, 278, -1,
      320, 33, 283, -1,
      283, 33, 42, -1,
      212, 16, 18, -1,
      212, 18, 202, -1,
      202, 18, 20, -1,
      202, 20, 200, -1,
      200, 20, 19, -1,
      200, 19, 198, -1,
      198, 19, 30, -1,
      198, 30, 196, -1,
      196, 30, 29, -1,
      196, 29, 176, -1,
      176, 29, 26, -1,
      176, 26, 319, -1,
      319, 26, 33, -1,
      319, 33, 320, -1,
      374, 71, 0, -1,
      0, 71, 16, -1,
      0, 16, 211, -1,
      211, 16, 212, -1,
      161, 7, 6, -1,
      161, 6, 172, -1,
      172, 6, 5, -1,
      172, 5, 173, -1,
      173, 5, 4, -1,
      173, 4, 185, -1,
      185, 4, 3, -1,
      185, 3, 187, -1,
      187, 3, 2, -1,
      187, 2, 189, -1,
      189, 2, 1, -1,
      189, 1, 210, -1,
      210, 1, 0, -1,
      210, 0, 211, -1,
      277, 8, 15, -1,
      277, 15, 275, -1,
      275, 15, 14, -1,
      275, 14, 273, -1,
      273, 14, 13, -1,
      273, 13, 271, -1,
      271, 13, 12, -1,
      271, 12, 269, -1,
      269, 12, 11, -1,
      269, 11, 252, -1,
      252, 11, 10, -1,
      252, 10, 250, -1,
      250, 10, 9, -1,
      250, 9, 162, -1,
      375, 376, 276, -1,
      276, 376, 256, -1,
      190, 203, 377, -1,
      377, 203, 378, -1,
      379, 380, 381, -1,
      381, 380, 382, -1,
      375, 383, 384, -1,
      375, 384, 376, -1,
      376, 384, 385, -1,
      376, 385, 386, -1,
      327, 387, 388, -1,
      327, 388, 321, -1,
      321, 388, 389, -1,
      321, 389, 390, -1,
      391, 392, 350, -1,
      350, 392, 393, -1,
      350, 393, 347, -1,
      347, 393, 394, -1,
      378, 395, 396, -1,
      378, 396, 377, -1,
      377, 396, 397, -1,
      377, 397, 398, -1,
      378, 203, 395, -1,
      395, 203, 201, -1,
      395, 201, 399, -1,
      399, 201, 400, -1,
      400, 201, 199, -1,
      400, 199, 401, -1,
      401, 199, 402, -1,
      402, 199, 197, -1,
      402, 197, 403, -1,
      403, 197, 404, -1,
      404, 197, 195, -1,
      404, 195, 405, -1,
      405, 195, 406, -1,
      406, 195, 194, -1,
      406, 194, 407, -1,
      177, 321, 194, -1,
      194, 321, 390, -1,
      194, 390, 407, -1,
      350, 205, 391, -1,
      391, 205, 206, -1,
      391, 206, 408, -1,
      408, 206, 409, -1,
      409, 206, 183, -1,
      409, 183, 410, -1,
      410, 183, 411, -1,
      411, 183, 184, -1,
      411, 184, 412, -1,
      412, 184, 413, -1,
      413, 184, 186, -1,
      413, 186, 414, -1,
      414, 186, 415, -1,
      415, 186, 188, -1,
      415, 188, 416, -1,
      190, 377, 188, -1,
      188, 377, 398, -1,
      188, 398, 416, -1,
      407, 390, 389, -1,
      389, 417, 407, -1,
      407, 417, 418, -1,
      407, 418, 406, -1,
      418, 419, 406, -1,
      406, 419, 420, -1,
      406, 420, 405, -1,
      405, 420, 421, -1,
      405, 421, 404, -1,
      422, 403, 423, -1,
      423, 403, 404, -1,
      423, 404, 424, -1,
      424, 404, 421, -1,
      422, 425, 403, -1,
      403, 425, 426, -1,
      403, 426, 402, -1,
      402, 426, 427, -1,
      402, 427, 401, -1,
      401, 427, 428, -1,
      401, 428, 400, -1,
      400, 428, 429, -1,
      400, 429, 399, -1,
      399, 429, 396, -1,
      399, 396, 395, -1,
      397, 396, 430, -1,
      430, 396, 431, -1,
      430, 431, 432, -1,
      432, 431, 433, -1,
      432, 433, 434, -1,
      434, 433, 435, -1,
      434, 435, 436, -1,
      436, 435, 437, -1,
      436, 437, 438, -1,
      438, 437, 439, -1,
      438, 439, 440, -1,
      440, 439, 441, -1,
      440, 441, 442, -1,
      442, 441, 443, -1,
      442, 443, 444, -1,
      443, 445, 444, -1,
      444, 445, 382, -1,
      444, 382, 380, -1,
      446, 447, 413, -1,
      413, 414, 446, -1,
      446, 414, 415, -1,
      446, 415, 397, -1,
      397, 415, 416, -1,
      397, 416, 398, -1,
      448, 412, 449, -1,
      449, 412, 413, -1,
      449, 413, 450, -1,
      450, 413, 447, -1,
      448, 451, 412, -1,
      412, 451, 452, -1,
      412, 452, 411, -1,
      411, 452, 453, -1,
      411, 453, 410, -1,
      453, 454, 410, -1,
      410, 454, 455, -1,
      410, 455, 409, -1,
      409, 455, 456, -1,
      409, 456, 408, -1,
      457, 392, 391, -1,
      408, 456, 391, -1,
      391, 456, 458, -1,
      391, 458, 457, -1,
      327, 247, 387, -1,
      387, 247, 249, -1,
      387, 249, 459, -1,
      459, 249, 460, -1,
      460, 249, 263, -1,
      460, 263, 461, -1,
      461, 263, 462, -1,
      462, 263, 262, -1,
      462, 262, 463, -1,
      463, 262, 464, -1,
      464, 262, 260, -1,
      464, 260, 465, -1,
      465, 260, 466, -1,
      466, 260, 258, -1,
      466, 258, 467, -1,
      256, 376, 258, -1,
      258, 376, 386, -1,
      258, 386, 467, -1,
      445, 443, 468, -1,
      441, 439, 469, -1,
      437, 435, 470, -1,
      433, 431, 471, -1,
      427, 426, 472, -1,
      419, 418, 473, -1,
      474, 417, 389, -1,
      475, 421, 473, -1,
      473, 421, 420, -1,
      473, 420, 419, -1,
      476, 423, 424, -1,
      423, 476, 422, -1,
      422, 476, 477, -1,
      422, 477, 425, -1,
      427, 472, 428, -1,
      428, 472, 471, -1,
      428, 471, 429, -1,
      429, 471, 431, -1,
      429, 431, 396, -1,
      389, 478, 474, -1,
      474, 478, 479, -1,
      474, 479, 480, -1,
      479, 481, 480, -1,
      480, 481, 482, -1,
      480, 482, 483, -1,
      482, 484, 483, -1,
      483, 484, 485, -1,
      483, 485, 468, -1,
      435, 433, 470, -1,
      470, 433, 471, -1,
      470, 471, 477, -1,
      477, 471, 472, -1,
      477, 472, 425, -1,
      425, 472, 426, -1,
      439, 437, 469, -1,
      469, 437, 470, -1,
      469, 470, 486, -1,
      486, 470, 477, -1,
      486, 477, 475, -1,
      475, 477, 476, -1,
      475, 476, 421, -1,
      421, 476, 424, -1,
      443, 441, 468, -1,
      468, 441, 469, -1,
      468, 469, 483, -1,
      483, 469, 486, -1,
      483, 486, 480, -1,
      480, 486, 475, -1,
      480, 475, 474, -1,
      474, 475, 473, -1,
      474, 473, 417, -1,
      417, 473, 418, -1,
      382, 445, 487, -1,
      487, 445, 468, -1,
      487, 468, 488, -1,
      488, 468, 485, -1,
      436, 438, 489, -1,
      432, 434, 490, -1,
      451, 448, 491, -1,
      397, 430, 446, -1,
      446, 430, 492, -1,
      448, 449, 491, -1,
      491, 449, 450, -1,
      491, 450, 492, -1,
      492, 450, 447, -1,
      492, 447, 446, -1,
      454, 453, 493, -1,
      493, 453, 452, -1,
      493, 452, 494, -1,
      458, 456, 495, -1,
      495, 456, 455, -1,
      495, 455, 496, -1,
      380, 497, 444, -1,
      444, 497, 498, -1,
      444, 498, 442, -1,
      442, 498, 440, -1,
      430, 432, 492, -1,
      492, 432, 490, -1,
      492, 490, 491, -1,
      491, 490, 494, -1,
      491, 494, 451, -1,
      451, 494, 452, -1,
      497, 499, 498, -1,
      498, 499, 500, -1,
      498, 500, 501, -1,
      434, 436, 490, -1,
      490, 436, 489, -1,
      490, 489, 494, -1,
      494, 489, 502, -1,
      494, 502, 493, -1,
      493, 502, 496, -1,
      493, 496, 454, -1,
      454, 496, 455, -1,
      500, 503, 501, -1,
      501, 503, 504, -1,
      501, 504, 505, -1,
      438, 440, 489, -1,
      489, 440, 498, -1,
      489, 498, 502, -1,
      502, 498, 501, -1,
      502, 501, 496, -1,
      496, 501, 505, -1,
      496, 505, 495, -1,
      495, 505, 506, -1,
      495, 506, 458, -1,
      458, 506, 457, -1,
      392, 457, 507, -1,
      507, 457, 506, -1,
      507, 506, 508, -1,
      508, 506, 505, -1,
      508, 505, 509, -1,
      509, 505, 504, -1,
      375, 276, 383, -1,
      383, 276, 274, -1,
      383, 274, 510, -1,
      510, 274, 511, -1,
      511, 274, 272, -1,
      511, 272, 512, -1,
      512, 272, 513, -1,
      513, 272, 270, -1,
      513, 270, 514, -1,
      514, 270, 515, -1,
      515, 270, 268, -1,
      515, 268, 516, -1,
      516, 268, 517, -1,
      517, 268, 267, -1,
      517, 267, 518, -1,
      254, 347, 267, -1,
      267, 347, 394, -1,
      267, 394, 518, -1,
      519, 520, 464, -1,
      519, 464, 521, -1,
      464, 465, 521, -1,
      521, 465, 466, -1,
      521, 466, 385, -1,
      385, 466, 467, -1,
      385, 467, 386, -1,
      520, 522, 464, -1,
      464, 522, 523, -1,
      464, 523, 463, -1,
      523, 524, 463, -1,
      463, 524, 525, -1,
      463, 525, 462, -1,
      462, 525, 526, -1,
      462, 526, 461, -1,
      526, 527, 461, -1,
      461, 527, 528, -1,
      461, 528, 460, -1,
      460, 528, 529, -1,
      460, 529, 459, -1,
      530, 388, 387, -1,
      459, 529, 387, -1,
      387, 529, 531, -1,
      387, 531, 530, -1,
      389, 388, 478, -1,
      478, 388, 532, -1,
      478, 532, 479, -1,
      479, 532, 533, -1,
      479, 533, 481, -1,
      481, 533, 534, -1,
      481, 534, 482, -1,
      482, 534, 535, -1,
      482, 535, 484, -1,
      484, 535, 536, -1,
      484, 536, 485, -1,
      485, 536, 537, -1,
      485, 537, 488, -1,
      488, 537, 538, -1,
      488, 538, 487, -1,
      538, 539, 487, -1,
      487, 539, 381, -1,
      487, 381, 382, -1,
      393, 392, 540, -1,
      540, 392, 507, -1,
      540, 507, 541, -1,
      541, 507, 508, -1,
      541, 508, 542, -1,
      542, 508, 509, -1,
      542, 509, 543, -1,
      543, 509, 504, -1,
      543, 504, 544, -1,
      544, 504, 503, -1,
      544, 503, 545, -1,
      545, 503, 500, -1,
      545, 500, 546, -1,
      546, 500, 499, -1,
      546, 499, 547, -1,
      499, 497, 547, -1,
      547, 497, 380, -1,
      547, 380, 379, -1,
      518, 394, 393, -1,
      393, 548, 518, -1,
      518, 548, 549, -1,
      518, 549, 517, -1,
      517, 549, 550, -1,
      517, 550, 516, -1,
      550, 551, 516, -1,
      516, 551, 552, -1,
      516, 552, 515, -1,
      553, 514, 554, -1,
      554, 514, 515, -1,
      554, 515, 555, -1,
      555, 515, 552, -1,
      553, 556, 514, -1,
      514, 556, 557, -1,
      514, 557, 513, -1,
      513, 557, 558, -1,
      513, 558, 512, -1,
      512, 558, 559, -1,
      512, 559, 511, -1,
      511, 559, 560, -1,
      511, 560, 510, -1,
      510, 560, 384, -1,
      510, 384, 383, -1,
      561, 562, 563, -1,
      524, 523, 564, -1,
      523, 522, 564, -1,
      564, 522, 520, -1,
      564, 520, 565, -1,
      565, 520, 519, -1,
      565, 519, 521, -1,
      527, 526, 566, -1,
      566, 526, 525, -1,
      566, 525, 567, -1,
      531, 529, 568, -1,
      568, 529, 528, -1,
      568, 528, 569, -1,
      388, 530, 532, -1,
      532, 530, 570, -1,
      532, 570, 533, -1,
      533, 570, 571, -1,
      572, 535, 571, -1,
      571, 535, 534, -1,
      571, 534, 533, -1,
      539, 538, 573, -1,
      573, 538, 537, -1,
      573, 537, 572, -1,
      572, 537, 536, -1,
      572, 536, 535, -1,
      525, 524, 567, -1,
      567, 524, 564, -1,
      567, 564, 574, -1,
      574, 564, 565, -1,
      381, 539, 575, -1,
      575, 539, 573, -1,
      575, 573, 576, -1,
      576, 573, 577, -1,
      562, 577, 563, -1,
      563, 577, 573, -1,
      563, 573, 578, -1,
      578, 573, 572, -1,
      578, 572, 569, -1,
      569, 572, 571, -1,
      569, 571, 568, -1,
      568, 571, 570, -1,
      568, 570, 531, -1,
      531, 570, 530, -1,
      579, 561, 574, -1,
      574, 561, 563, -1,
      574, 563, 567, -1,
      567, 563, 578, -1,
      567, 578, 566, -1,
      566, 578, 569, -1,
      566, 569, 527, -1,
      527, 569, 528, -1,
      579, 574, 580, -1,
      580, 574, 565, -1,
      580, 565, 581, -1,
      581, 565, 521, -1,
      581, 521, 385, -1,
      582, 583, 584, -1,
      585, 586, 587, -1,
      588, 589, 590, -1,
      558, 557, 591, -1,
      550, 549, 592, -1,
      593, 548, 393, -1,
      594, 552, 592, -1,
      592, 552, 551, -1,
      592, 551, 550, -1,
      595, 554, 555, -1,
      554, 595, 553, -1,
      553, 595, 596, -1,
      553, 596, 556, -1,
      558, 591, 559, -1,
      559, 591, 584, -1,
      559, 584, 560, -1,
      560, 584, 583, -1,
      560, 583, 384, -1,
      597, 598, 599, -1,
      599, 598, 547, -1,
      599, 547, 379, -1,
      600, 545, 598, -1,
      598, 545, 546, -1,
      598, 546, 547, -1,
      586, 582, 587, -1,
      587, 582, 584, -1,
      587, 584, 596, -1,
      596, 584, 591, -1,
      596, 591, 556, -1,
      556, 591, 557, -1,
      601, 543, 600, -1,
      600, 543, 544, -1,
      600, 544, 545, -1,
      589, 585, 590, -1,
      590, 585, 587, -1,
      590, 587, 602, -1,
      602, 587, 596, -1,
      602, 596, 594, -1,
      594, 596, 595, -1,
      594, 595, 552, -1,
      552, 595, 555, -1,
      393, 540, 593, -1,
      593, 540, 541, -1,
      593, 541, 601, -1,
      601, 541, 542, -1,
      601, 542, 543, -1,
      597, 588, 598, -1,
      598, 588, 590, -1,
      598, 590, 600, -1,
      600, 590, 602, -1,
      600, 602, 601, -1,
      601, 602, 594, -1,
      601, 594, 593, -1,
      593, 594, 592, -1,
      593, 592, 548, -1,
      548, 592, 549, -1,
      385, 384, 581, -1,
      581, 384, 583, -1,
      581, 583, 580, -1,
      580, 583, 582, -1,
      580, 582, 579, -1,
      579, 582, 586, -1,
      579, 586, 561, -1,
      561, 586, 585, -1,
      561, 585, 562, -1,
      562, 585, 589, -1,
      562, 589, 577, -1,
      577, 589, 588, -1,
      577, 588, 576, -1,
      576, 588, 597, -1,
      576, 597, 575, -1,
      597, 599, 575, -1,
      575, 599, 379, -1,
      575, 379, 381, -1,
      15, 8, 373, -1,
      13, 603, 604, -1,
      9, 10, 164, -1,
      164, 10, 11, -1,
      164, 11, 605, -1,
      605, 11, 12, -1,
      605, 12, 606, -1,
      606, 12, 13, -1,
      606, 13, 607, -1,
      607, 13, 604, -1,
      603, 13, 373, -1,
      373, 13, 14, -1,
      373, 14, 15, -1,
      4, 5, 166, -1,
      166, 5, 6, -1,
      166, 6, 7, -1,
      608, 3, 609, -1,
      609, 3, 4, -1,
      609, 4, 610, -1,
      610, 4, 166, -1,
      0, 1, 374, -1,
      374, 1, 2, -1,
      374, 2, 611, -1,
      611, 2, 3, -1,
      611, 3, 612, -1,
      612, 3, 608, -1,
      146, 164, 605, -1,
      146, 605, 64, -1,
      64, 605, 606, -1,
      64, 606, 66, -1,
      66, 606, 607, -1,
      66, 607, 65, -1,
      65, 607, 604, -1,
      65, 604, 63, -1,
      63, 604, 603, -1,
      63, 603, 144, -1,
      144, 603, 373, -1,
      144, 373, 145, -1,
      71, 374, 611, -1,
      71, 611, 72, -1,
      72, 611, 612, -1,
      72, 612, 73, -1,
      73, 612, 608, -1,
      73, 608, 74, -1,
      74, 608, 609, -1,
      74, 609, 75, -1,
      75, 609, 610, -1,
      75, 610, 70, -1,
      70, 610, 166, -1,
      70, 166, 69, -1,
    ]
  }
}

Shape {
  appearance Appearance {
    material Material {
      diffuseColor 0.8314 0.6706 0.1294
      specularColor 0.6667 0.5373 0.1020
      ambientIntensity 0.2
      transparency 0.0000
      shininess 0.5
    }
  }
  geometry IndexedFaceSet {
    ccw TRUE
    solid FALSE
    coord DEF co Coordinate {
      point [
        1.027559 -1.023622 0.921260,
        1.027559 -1.023622 0.917323,
        0.940945 -1.023622 0.917323,
        -1.027559 -1.023622 0.440945,
        -1.137795 -1.023622 0.440945,
        -1.137795 -1.023622 0.921260,
        -1.137795 -1.023622 0.917323,
        -0.830709 -1.023622 0.440945,
        -0.830709 -1.023622 0.444882,
        -0.744094 -1.023622 0.444882,
        -0.744094 -1.023622 0.440945,
        -0.633858 -1.023622 0.440945,
        -0.940945 -1.023622 0.440945,
        -0.940945 -1.023622 0.444882,
        -1.027559 -1.023622 0.444882,
        -1.137795 -1.023622 0.444882,
        -0.437008 -1.023622 0.440945,
        -0.437008 -1.023622 0.444882,
        -0.350394 -1.023622 0.444882,
        -0.350394 -1.023622 0.440945,
        -0.240157 -1.023622 0.440945,
        -0.547244 -1.023622 0.440945,
        -0.547244 -1.023622 0.444882,
        -0.633858 -1.023622 0.444882,
        -0.043307 -1.023622 0.440945,
        -0.043307 -1.023622 0.444882,
        0.043307 -1.023622 0.444882,
        0.043307 -1.023622 0.440945,
        0.153543 -1.023622 0.440945,
        -0.153543 -1.023622 0.440945,
        -0.153543 -1.023622 0.444882,
        -0.240157 -1.023622 0.444882,
        0.350394 -1.023622 0.440945,
        0.350394 -1.023622 0.444882,
        0.437008 -1.023622 0.444882,
        0.437008 -1.023622 0.440945,
        0.547244 -1.023622 0.440945,
        0.240157 -1.023622 0.440945,
        0.240157 -1.023622 0.444882,
        0.153543 -1.023622 0.444882,
        0.744094 -1.023622 0.440945,
        0.744094 -1.023622 0.444882,
        0.830709 -1.023622 0.444882,
        0.830709 -1.023622 0.440945,
        0.633858 -1.023622 0.440945,
        0.633858 -1.023622 0.444882,
        0.547244 -1.023622 0.444882,
        0.940945 -1.023622 0.444882,
        1.027559 -1.023622 0.444882,
        0.940945 -1.023622 0.440945,
        1.027559 -1.023622 0.440945,
        1.137795 -1.023622 0.917323,
        1.137795 -1.023622 0.921260,
        1.137795 -1.023622 0.440945,
        1.137795 -1.023622 0.444882,
        -0.744094 -1.023622 0.921260,
        -0.744094 -1.023622 0.917323,
        -0.830709 -1.023622 0.917323,
        -0.940945 -1.023622 0.917323,
        -1.027559 -1.023622 0.917323,
        -0.940945 -1.023622 0.921260,
        -1.027559 -1.023622 0.921260,
        0.940945 -1.023622 0.921260,
        0.830709 -1.023622 0.921260,
        0.830709 -1.023622 0.917323,
        0.744094 -1.023622 0.917323,
        0.744094 -1.023622 0.921260,
        0.633858 -1.023622 0.921260,
        0.633858 -1.023622 0.917323,
        0.547244 -1.023622 0.917323,
        0.547244 -1.023622 0.921260,
        0.437008 -1.023622 0.921260,
        0.437008 -1.023622 0.917323,
        0.350394 -1.023622 0.917323,
        0.350394 -1.023622 0.921260,
        0.240157 -1.023622 0.921260,
        0.240157 -1.023622 0.917323,
        0.153543 -1.023622 0.917323,
        0.153543 -1.023622 0.921260,
        0.043307 -1.023622 0.921260,
        0.043307 -1.023622 0.917323,
        -0.043307 -1.023622 0.917323,
        -0.043307 -1.023622 0.921260,
        -0.153543 -1.023622 0.921260,
        -0.153543 -1.023622 0.917323,
        -0.240157 -1.023622 0.917323,
        -0.240157 -1.023622 0.921260,
        -0.350394 -1.023622 0.921260,
        -0.350394 -1.023622 0.917323,
        -0.437008 -1.023622 0.917323,
        -0.437008 -1.023622 0.921260,
        -0.547244 -1.023622 0.921260,
        -0.547244 -1.023622 0.917323,
        -0.633858 -1.023622 0.917323,
        -0.633858 -1.023622 0.921260,
        -0.830709 -1.023622 0.921260,
        -1.137795 0.157480 0.917323,
        -1.027559 0.157480 0.917323,
        -0.830709 0.157480 0.917323,
        -0.744094 0.157480 0.917323,
        -0.940945 0.157480 0.917323,
        -0.633858 0.157480 0.917323,
        -0.437008 0.157480 0.917323,
        -0.350394 0.157480 0.917323,
        -0.240157 0.157480 0.917323,
        -0.547244 0.157480 0.917323,
        -0.043307 0.157480 0.917323,
        0.043307 0.157480 0.917323,
        0.153543 0.157480 0.917323,
        -0.153543 0.157480 0.917323,
        0.350394 0.157480 0.917323,
        0.437008 0.157480 0.917323,
        0.547244 0.157480 0.917323,
        0.240157 0.157480 0.917323,
        0.744094 0.157480 0.917323,
        0.830709 0.157480 0.917323,
        0.940945 0.157480 0.917323,
        0.633858 0.157480 0.917323,
        1.137795 0.157480 0.917323,
        1.027559 0.157480 0.917323,
        1.137795 0.157480 0.444882,
        1.027559 0.157480 0.444882,
        0.830709 0.157480 0.444882,
        0.744094 0.157480 0.444882,
        0.633858 0.157480 0.444882,
        0.940945 0.157480 0.444882,
        0.437008 0.157480 0.444882,
        0.350394 0.157480 0.444882,
        0.240157 0.157480 0.444882,
        0.547244 0.157480 0.444882,
        0.043307 0.157480 0.444882,
        -0.043307 0.157480 0.444882,
        -0.153543 0.157480 0.444882,
        0.153543 0.157480 0.444882,
        -0.350394 0.157480 0.444882,
        -0.437008 0.157480 0.444882,
        -0.547244 0.157480 0.444882,
        -0.240157 0.157480 0.444882,
        -0.744094 0.157480 0.444882,
        -0.830709 0.157480 0.444882,
        -0.940945 0.157480 0.444882,
        -0.633858 0.157480 0.444882,
        -1.137795 0.157480 0.444882,
        -1.027559 0.157480 0.444882,
        -1.027559 0.157480 0.440945,
        -1.137795 0.157480 0.440945,
        -0.830709 0.157480 0.440945,
        -0.940945 0.157480 0.440945,
        -0.633858 0.157480 0.440945,
        -0.744094 0.157480 0.440945,
        -0.437008 0.157480 0.440945,
        -0.547244 0.157480 0.440945,
        -0.240157 0.157480 0.440945,
        -0.350394 0.157480 0.440945,
        -0.043307 0.157480 0.440945,
        -0.153543 0.157480 0.440945,
        0.153543 0.157480 0.440945,
        0.043307 0.157480 0.440945,
        0.350394 0.157480 0.440945,
        0.240157 0.157480 0.440945,
        0.547244 0.157480 0.440945,
        0.437008 0.157480 0.440945,
        0.744094 0.157480 0.440945,
        0.633858 0.157480 0.440945,
        0.940945 0.157480 0.440945,
        0.830709 0.157480 0.440945,
        1.137795 0.157480 0.440945,
        1.027559 0.157480 0.440945,
        -0.830709 0.157480 0.921260,
        -0.940945 0.157480 0.921260,
        -0.633858 0.157480 0.921260,
        -0.744094 0.157480 0.921260,
        -0.437008 0.157480 0.921260,
        -0.547244 0.157480 0.921260,
        -0.240157 0.157480 0.921260,
        -0.350394 0.157480 0.921260,
        -0.043307 0.157480 0.921260,
        -0.153543 0.157480 0.921260,
        0.153543 0.157480 0.921260,
        0.043307 0.157480 0.921260,
        0.350394 0.157480 0.921260,
        0.240157 0.157480 0.921260,
        0.547244 0.157480 0.921260,
        0.437008 0.157480 0.921260,
        0.744094 0.157480 0.921260,
        0.633858 0.157480 0.921260,
        0.940945 0.157480 0.921260,
        0.830709 0.157480 0.921260,
        1.137795 0.157480 0.921260,
        1.027559 0.157480 0.921260,
        -1.027559 0.157480 0.921260,
        -1.137795 0.157480 0.921260,
      ]
    }
    coordIndex [
      14, 3, 143, -1,
      143, 3, 144, -1,
      142, 145, 15, -1,
      15, 145, 4, -1,
      144, 145, 143, -1,
      143, 145, 142, -1,
      145, 144, 4, -1,
      4, 144, 3, -1,
      8, 7, 139, -1,
      139, 7, 146, -1,
      140, 147, 13, -1,
      13, 147, 12, -1,
      146, 147, 139, -1,
      139, 147, 140, -1,
      147, 146, 12, -1,
      12, 146, 7, -1,
      23, 11, 141, -1,
      141, 11, 148, -1,
      138, 149, 9, -1,
      9, 149, 10, -1,
      148, 149, 141, -1,
      141, 149, 138, -1,
      149, 148, 10, -1,
      10, 148, 11, -1,
      17, 16, 135, -1,
      135, 16, 150, -1,
      136, 151, 22, -1,
      22, 151, 21, -1,
      150, 151, 135, -1,
      135, 151, 136, -1,
      151, 150, 21, -1,
      21, 150, 16, -1,
      31, 20, 137, -1,
      137, 20, 152, -1,
      134, 153, 18, -1,
      18, 153, 19, -1,
      152, 153, 137, -1,
      137, 153, 134, -1,
      153, 152, 19, -1,
      19, 152, 20, -1,
      25, 24, 131, -1,
      131, 24, 154, -1,
      132, 155, 30, -1,
      30, 155, 29, -1,
      154, 155, 131, -1,
      131, 155, 132, -1,
      155, 154, 29, -1,
      29, 154, 24, -1,
      39, 28, 133, -1,
      133, 28, 156, -1,
      130, 157, 26, -1,
      26, 157, 27, -1,
      156, 157, 133, -1,
      133, 157, 130, -1,
      157, 156, 27, -1,
      27, 156, 28, -1,
      33, 32, 127, -1,
      127, 32, 158, -1,
      128, 159, 38, -1,
      38, 159, 37, -1,
      158, 159, 127, -1,
      127, 159, 128, -1,
      159, 158, 37, -1,
      37, 158, 32, -1,
      46, 36, 129, -1,
      129, 36, 160, -1,
      126, 161, 34, -1,
      34, 161, 35, -1,
      160, 161, 129, -1,
      129, 161, 126, -1,
      161, 160, 35, -1,
      35, 160, 36, -1,
      41, 40, 123, -1,
      123, 40, 162, -1,
      124, 163, 45, -1,
      45, 163, 44, -1,
      162, 163, 123, -1,
      123, 163, 124, -1,
      163, 162, 44, -1,
      44, 162, 40, -1,
      47, 49, 125, -1,
      125, 49, 164, -1,
      122, 165, 42, -1,
      42, 165, 43, -1,
      164, 165, 125, -1,
      125, 165, 122, -1,
      165, 164, 43, -1,
      43, 164, 49, -1,
      54, 53, 120, -1,
      120, 53, 166, -1,
      121, 167, 48, -1,
      48, 167, 50, -1,
      166, 167, 120, -1,
      120, 167, 121, -1,
      167, 166, 50, -1,
      50, 166, 53, -1,
      98, 168, 57, -1,
      57, 168, 95, -1,
      58, 60, 100, -1,
      100, 60, 169, -1,
      169, 168, 100, -1,
      100, 168, 98, -1,
      168, 169, 95, -1,
      95, 169, 60, -1,
      101, 170, 93, -1,
      93, 170, 94, -1,
      56, 55, 99, -1,
      99, 55, 171, -1,
      171, 170, 99, -1,
      99, 170, 101, -1,
      170, 171, 94, -1,
      94, 171, 55, -1,
      102, 172, 89, -1,
      89, 172, 90, -1,
      92, 91, 105, -1,
      105, 91, 173, -1,
      173, 172, 105, -1,
      105, 172, 102, -1,
      172, 173, 90, -1,
      90, 173, 91, -1,
      104, 174, 85, -1,
      85, 174, 86, -1,
      88, 87, 103, -1,
      103, 87, 175, -1,
      175, 174, 103, -1,
      103, 174, 104, -1,
      174, 175, 86, -1,
      86, 175, 87, -1,
      106, 176, 81, -1,
      81, 176, 82, -1,
      84, 83, 109, -1,
      109, 83, 177, -1,
      177, 176, 109, -1,
      109, 176, 106, -1,
      176, 177, 82, -1,
      82, 177, 83, -1,
      108, 178, 77, -1,
      77, 178, 78, -1,
      80, 79, 107, -1,
      107, 79, 179, -1,
      179, 178, 107, -1,
      107, 178, 108, -1,
      178, 179, 78, -1,
      78, 179, 79, -1,
      110, 180, 73, -1,
      73, 180, 74, -1,
      76, 75, 113, -1,
      113, 75, 181, -1,
      181, 180, 113, -1,
      113, 180, 110, -1,
      180, 181, 74, -1,
      74, 181, 75, -1,
      112, 182, 69, -1,
      69, 182, 70, -1,
      72, 71, 111, -1,
      111, 71, 183, -1,
      183, 182, 111, -1,
      111, 182, 112, -1,
      182, 183, 70, -1,
      70, 183, 71, -1,
      114, 184, 65, -1,
      65, 184, 66, -1,
      68, 67, 117, -1,
      117, 67, 185, -1,
      185, 184, 117, -1,
      117, 184, 114, -1,
      184, 185, 66, -1,
      66, 185, 67, -1,
      116, 186, 2, -1,
      2, 186, 62, -1,
      64, 63, 115, -1,
      115, 63, 187, -1,
      187, 186, 115, -1,
      115, 186, 116, -1,
      186, 187, 62, -1,
      62, 187, 63, -1,
      118, 188, 51, -1,
      51, 188, 52, -1,
      1, 0, 119, -1,
      119, 0, 189, -1,
      189, 188, 119, -1,
      119, 188, 118, -1,
      188, 189, 52, -1,
      52, 189, 0, -1,
      97, 190, 59, -1,
      59, 190, 61, -1,
      6, 5, 96, -1,
      96, 5, 191, -1,
      191, 190, 96, -1,
      96, 190, 97, -1,
      190, 191, 61, -1,
      61, 191, 5, -1,
    ]
  }
}

Shape {
  appearance Appearance {
    material Material {
      diffuseColor 0.1765 0.1765 0.1765
      specularColor 0.0118 0.0118 0.0118
      ambientIntensity 0.2
      transparency 0.0000
      shininess 0.5
    }
  }
  geometry IndexedFaceSet {
    ccw TRUE
    solid FALSE
    coord DEF co Coordinate {
      point [
        1.279528 -1.720472 0.059055,
        1.279528 -1.720472 0.177165,
        -1.279528 -1.720472 0.177165,
        -1.279528 -1.720472 0.059055,
        -1.279528 -1.484252 0.177165,
        1.279528 -1.484252 0.177165,
        1.279528 -1.484252 0.059055,
        -1.279528 -1.484252 0.059055,
      ]
    }
    coordIndex [
      0, 6, 1, -1,
      1, 6, 5, -1,
      7, 3, 4, -1,
      4, 3, 2, -1,
      6, 7, 5, -1,
      5, 7, 4, -1,
      3, 7, 0, -1,
      0, 7, 6, -1,
    ]
  }
}

Shape {
  appearance Appearance {
    material Material {
      diffuseColor 0.8314 0.6706 0.1294
      specularColor 0.6667 0.5373 0.1020
      ambientIntensity 0.2
      transparency 0.0000
      shininess 0.5
    }
  }
  geometry IndexedFaceSet {
    ccw TRUE
    solid FALSE
    coord DEF co Coordinate {
      point [
        -1.348425 -1.720472 0.594488,
        -1.348425 -1.720472 0.633858,
        -1.269685 -1.720472 0.633858,
        -1.269685 -1.720472 0.594488,
        -1.250000 -1.720472 0.633858,
        -1.171260 -1.720472 0.633858,
        -1.171260 -1.720472 0.594488,
        -1.250000 -1.720472 0.594488,
        1.171260 -1.720472 0.633858,
        1.250000 -1.720472 0.633858,
        1.250000 -1.720472 0.594488,
        1.171260 -1.720472 0.594488,
        1.269685 -1.720472 0.594488,
        1.269685 -1.720472 0.633858,
        1.348425 -1.720472 0.633858,
        1.348425 -1.720472 0.594488,
        -0.954724 -1.720472 0.633858,
        -1.033465 -1.720472 0.633858,
        -0.954724 -1.720472 0.594488,
        -1.033465 -1.720472 0.594488,
        -0.856299 -1.720472 0.633858,
        -0.935039 -1.720472 0.633858,
        -0.856299 -1.720472 0.594488,
        -0.935039 -1.720472 0.594488,
        -0.649606 -1.720472 0.633858,
        -0.728346 -1.720472 0.633858,
        -0.649606 -1.720472 0.594488,
        -0.728346 -1.720472 0.594488,
        -0.531496 -1.720472 0.594488,
        -0.531496 -1.720472 0.633858,
        -0.452756 -1.720472 0.594488,
        -0.452756 -1.720472 0.633858,
        -0.255906 -1.720472 0.594488,
        -0.334646 -1.720472 0.594488,
        -0.334646 -1.720472 0.633858,
        -0.255906 -1.720472 0.633858,
        -0.137795 -1.720472 0.633858,
        -0.059055 -1.720472 0.633858,
        -0.059055 -1.720472 0.594488,
        -0.137795 -1.720472 0.594488,
        0.137795 -1.720472 0.633858,
        0.059055 -1.720472 0.633858,
        0.137795 -1.720472 0.594488,
        0.059055 -1.720472 0.594488,
        0.334646 -1.720472 0.633858,
        0.255906 -1.720472 0.633858,
        0.334646 -1.720472 0.594488,
        0.255906 -1.720472 0.594488,
        0.531496 -1.720472 0.633858,
        0.452756 -1.720472 0.633858,
        0.531496 -1.720472 0.594488,
        0.452756 -1.720472 0.594488,
        0.728346 -1.720472 0.633858,
        0.649606 -1.720472 0.633858,
        0.728346 -1.720472 0.594488,
        0.649606 -1.720472 0.594488,
        0.935039 -1.720472 0.633858,
        0.856299 -1.720472 0.633858,
        0.935039 -1.720472 0.594488,
        0.856299 -1.720472 0.594488,
        0.954724 -1.720472 0.594488,
        0.954724 -1.720472 0.633858,
        1.033465 -1.720472 0.594488,
        1.033465 -1.720472 0.633858,
        1.269685 -2.007874 0.633858,
        1.269685 -2.007874 0.594488,
        1.348425 -2.007874 0.633858,
        1.348425 -2.007874 0.594488,
        0.954724 -2.007874 0.633858,
        0.954724 -2.007874 0.594488,
        1.033465 -2.007874 0.633858,
        1.033465 -2.007874 0.594488,
        1.171260 -2.007874 0.633858,
        1.171260 -2.007874 0.594488,
        1.250000 -2.007874 0.633858,
        1.250000 -2.007874 0.594488,
        0.856299 -2.007874 0.633858,
        0.856299 -2.007874 0.594488,
        0.935039 -2.007874 0.633858,
        0.935039 -2.007874 0.594488,
        0.649606 -2.007874 0.633858,
        0.649606 -2.007874 0.594488,
        0.728346 -2.007874 0.633858,
        0.728346 -2.007874 0.594488,
        0.452756 -2.007874 0.633858,
        0.452756 -2.007874 0.594488,
        0.531496 -2.007874 0.633858,
        0.531496 -2.007874 0.594488,
        0.059055 -2.007874 0.633858,
        0.059055 -2.007874 0.594488,
        0.137795 -2.007874 0.633858,
        0.137795 -2.007874 0.594488,
        0.255906 -2.007874 0.633858,
        0.255906 -2.007874 0.594488,
        0.334646 -2.007874 0.633858,
        0.334646 -2.007874 0.594488,
        -0.137795 -2.007874 0.633858,
        -0.137795 -2.007874 0.594488,
        -0.059055 -2.007874 0.633858,
        -0.059055 -2.007874 0.594488,
        -0.334646 -2.007874 0.633858,
        -0.334646 -2.007874 0.594488,
        -0.255906 -2.007874 0.633858,
        -0.255906 -2.007874 0.594488,
        -0.531496 -2.007874 0.633858,
        -0.531496 -2.007874 0.594488,
        -0.452756 -2.007874 0.633858,
        -0.452756 -2.007874 0.594488,
        -0.728346 -2.007874 0.633858,
        -0.728346 -2.007874 0.594488,
        -0.649606 -2.007874 0.633858,
        -0.649606 -2.007874 0.594488,
        -1.033465 -2.007874 0.633858,
        -1.033465 -2.007874 0.594488,
        -0.954724 -2.007874 0.633858,
        -0.954724 -2.007874 0.594488,
        -0.935039 -2.007874 0.633858,
        -0.935039 -2.007874 0.594488,
        -0.856299 -2.007874 0.633858,
        -0.856299 -2.007874 0.594488,
        -1.250000 -2.007874 0.633858,
        -1.250000 -2.007874 0.594488,
        -1.171260 -2.007874 0.633858,
        -1.171260 -2.007874 0.594488,
        -1.348425 -2.007874 0.633858,
        -1.348425 -2.007874 0.594488,
        -1.269685 -2.007874 0.633858,
        -1.269685 -2.007874 0.594488,
      ]
    }
    coordIndex [
      64, 65, 66, -1,
      66, 65, 67, -1,
      12, 65, 13, -1,
      13, 65, 64, -1,
      13, 64, 14, -1,
      14, 64, 66, -1,
      14, 66, 15, -1,
      15, 66, 67, -1,
      12, 15, 65, -1,
      65, 15, 67, -1,
      68, 69, 70, -1,
      70, 69, 71, -1,
      60, 69, 61, -1,
      61, 69, 68, -1,
      61, 68, 63, -1,
      63, 68, 70, -1,
      63, 70, 62, -1,
      62, 70, 71, -1,
      60, 62, 69, -1,
      69, 62, 71, -1,
      72, 73, 74, -1,
      74, 73, 75, -1,
      11, 73, 8, -1,
      8, 73, 72, -1,
      8, 72, 9, -1,
      9, 72, 74, -1,
      9, 74, 10, -1,
      10, 74, 75, -1,
      11, 10, 73, -1,
      73, 10, 75, -1,
      76, 77, 78, -1,
      78, 77, 79, -1,
      59, 77, 57, -1,
      57, 77, 76, -1,
      57, 76, 56, -1,
      56, 76, 78, -1,
      56, 78, 58, -1,
      58, 78, 79, -1,
      59, 58, 77, -1,
      77, 58, 79, -1,
      80, 81, 82, -1,
      82, 81, 83, -1,
      55, 81, 53, -1,
      53, 81, 80, -1,
      53, 80, 52, -1,
      52, 80, 82, -1,
      52, 82, 54, -1,
      54, 82, 83, -1,
      55, 54, 81, -1,
      81, 54, 83, -1,
      84, 85, 86, -1,
      86, 85, 87, -1,
      51, 85, 49, -1,
      49, 85, 84, -1,
      49, 84, 48, -1,
      48, 84, 86, -1,
      48, 86, 50, -1,
      50, 86, 87, -1,
      51, 50, 85, -1,
      85, 50, 87, -1,
      88, 89, 90, -1,
      90, 89, 91, -1,
      43, 89, 41, -1,
      41, 89, 88, -1,
      41, 88, 40, -1,
      40, 88, 90, -1,
      40, 90, 42, -1,
      42, 90, 91, -1,
      43, 42, 89, -1,
      89, 42, 91, -1,
      92, 93, 94, -1,
      94, 93, 95, -1,
      47, 93, 45, -1,
      45, 93, 92, -1,
      45, 92, 44, -1,
      44, 92, 94, -1,
      44, 94, 46, -1,
      46, 94, 95, -1,
      47, 46, 93, -1,
      93, 46, 95, -1,
      96, 97, 98, -1,
      98, 97, 99, -1,
      39, 97, 36, -1,
      36, 97, 96, -1,
      36, 96, 37, -1,
      37, 96, 98, -1,
      37, 98, 38, -1,
      38, 98, 99, -1,
      39, 38, 97, -1,
      97, 38, 99, -1,
      100, 101, 102, -1,
      102, 101, 103, -1,
      33, 101, 34, -1,
      34, 101, 100, -1,
      34, 100, 35, -1,
      35, 100, 102, -1,
      35, 102, 32, -1,
      32, 102, 103, -1,
      33, 32, 101, -1,
      101, 32, 103, -1,
      104, 105, 106, -1,
      106, 105, 107, -1,
      28, 105, 29, -1,
      29, 105, 104, -1,
      29, 104, 31, -1,
      31, 104, 106, -1,
      31, 106, 30, -1,
      30, 106, 107, -1,
      28, 30, 105, -1,
      105, 30, 107, -1,
      108, 109, 110, -1,
      110, 109, 111, -1,
      27, 109, 25, -1,
      25, 109, 108, -1,
      25, 108, 24, -1,
      24, 108, 110, -1,
      24, 110, 26, -1,
      26, 110, 111, -1,
      27, 26, 109, -1,
      109, 26, 111, -1,
      112, 113, 114, -1,
      114, 113, 115, -1,
      19, 113, 17, -1,
      17, 113, 112, -1,
      17, 112, 16, -1,
      16, 112, 114, -1,
      16, 114, 18, -1,
      18, 114, 115, -1,
      19, 18, 113, -1,
      113, 18, 115, -1,
      116, 117, 118, -1,
      118, 117, 119, -1,
      23, 117, 21, -1,
      21, 117, 116, -1,
      21, 116, 20, -1,
      20, 116, 118, -1,
      20, 118, 22, -1,
      22, 118, 119, -1,
      23, 22, 117, -1,
      117, 22, 119, -1,
      120, 121, 122, -1,
      122, 121, 123, -1,
      7, 121, 4, -1,
      4, 121, 120, -1,
      4, 120, 5, -1,
      5, 120, 122, -1,
      5, 122, 6, -1,
      6, 122, 123, -1,
      7, 6, 121, -1,
      121, 6, 123, -1,
      124, 125, 126, -1,
      126, 125, 127, -1,
      0, 125, 1, -1,
      1, 125, 124, -1,
      1, 124, 2, -1,
      2, 124, 126, -1,
      2, 126, 3, -1,
      3, 126, 127, -1,
      0, 3, 125, -1,
      125, 3, 127, -1,
    ]
  }
}
